type,angular_direction_error_deg
translation,24.697929859218302
translation,17.27111985698549
translation,7.955319658958624
translation,16.2072270556124
translation,32.45468511870476
translation,29.71015535234431
translation,33.69383610785786
translation,17.01134662401712
translation,27.484511501845695
translation,14.7049867054714
translation,37.65007950696676
translation,13.599303919009557
translation,46.31144193551222
translation,32.31316459115028
translation,37.09074443842521
translation,26.930126320723776
translation,17.936164053493133
translation,21.58179488590882
translation,11.764842432522336
translation,19.604191969577364
translation,31.19535006415972
translation,10.31521215910828
translation,33.04469909620338
translation,2.0699973254271673
translation,11.793692945372877
translation,24.21048746683886
translation,5.073607820233675
translation,9.861343570270082
translation,7.0737315265047345
translation,4.0586132705618
translation,36.87859863489907
translation,19.242332672494715
translation,6.5275790638223
translation,43.12480952367491
translation,27.307234004431844
translation,7.249662380636774
translation,40.994837013481956
translation,5.802884742076883
translation,32.77519879436691
translation,10.417771362135667
translation,20.087949990712183
translation,23.174125146538394
translation,27.107989119040475
translation,18.30226574748195
translation,17.00300027099037
translation,23.639765213355208
translation,21.880810653882317
translation,13.405892671580547
translation,68.2817939849381
translation,31.729270740202324
translation,14.661710985331906
translation,3.118996606048194
translation,90.50835143860738
translation,27.931788620755892
translation,8.532198844855575
translation,14.304129668817634
translation,109.56833013023305
translation,19.819386986339588
translation,31.449903282048354
translation,3.352455391694229
translation,46.550316898505315
translation,12.481049516746118
translation,29.36864937126221
translation,1.4226209285960112
translation,12.92256127929167
translation,25.997545918180293
translation,22.847796683030573
translation,3.0956203091771277
translation,33.02502048128172
translation,48.41602537658955
translation,15.903946162579846
translation,2.3395617602355285
translation,36.91844936026316
translation,53.982750777233534
translation,17.21235102546996
translation,2.6459389085972216
translation,38.46592603296765
translation,50.399065628707035
translation,7.9623351258923485
translation,7.143245309002573
translation,57.94109319838442
translation,43.42105110514901
translation,17.604983504040337
translation,3.680922515868756
translation,63.90706983201633
translation,8.324634772951132
translation,27.951916535980022
translation,1.280557249331201
translation,84.6650458620904
translation,38.590090007526
translation,6.621729242578295
translation,9.299795182308548
translation,72.82491676769273
translation,56.19785644373567
translation,7.8272774973220125
translation,9.293544815652076
translation,41.088167022378755
translation,63.641282709050486
translation,18.11873914302398
translation,7.06006758126431
translation,44.62851607167326
translation,65.19427161194976
translation,26.505142312274245
translation,8.209742941897131
translation,60.42389101469521
translation,64.77939755165481
translation,34.82487567461503
translation,4.855493913766594
translation,69.11439335098015
translation,62.81597300629508
translation,35.16026039793587
translation,5.458557599806718
translation,83.65682321012734
translation,59.137139989605096
translation,23.907884829985292
translation,10.183149808161064
translation,84.39649885162521
translation,58.95520661556646
translation,6.138743078741164
translation,6.106362768163291
translation,74.4799907170866
translation,40.93045293138957
translation,10.142971869908113
translation,5.161829838494189
translation,92.19885227706426
translation,39.41894184001882
translation,34.50184760672867
translation,3.7287257670226173
translation,85.03264208568368
translation,28.346875866769036
translation,47.92224348272191
translation,7.4732208607350215
translation,84.19099484149963
translation,26.77247281084921
translation,54.92248036237935
translation,12.01680796189616
translation,58.35174124345258
translation,27.933765789947874
translation,53.753162188305865
translation,4.053958708673893
translation,26.41377959683814
translation,6.428732467613742
translation,42.15390449341678
translation,9.090821027509362
translation,7.484775771063589
translation,5.8377675995419125
translation,9.283808299829616
translation,2.6580789845007122
translation,42.49476623747577
translation,34.70295954312767
translation,24.377428753511495
translation,13.020741047965576
translation,83.71592457519083
translation,42.728940829193014
translation,28.096077733484947
translation,16.97043560558368
translation,57.207389446139864
translation,36.264858681056246
translation,12.262928655524862
translation,101.18932595284461
translation,40.44285797485137
translation,3.160717556219554
translation,83.18436639132125
translation,39.43900137039195
translation,13.31665600638933
translation,25.695944667723094
translation,72.36966565725685
translation,3.5849198043115202
translation,24.926988854575363
translation,67.74664611839665
translation,91.5436397547272
translation,15.913452051943182
translation,33.52379028671023
translation,96.40664293231889
translation,59.49907642602037
translation,9.435709896690994
translation,19.19679146228885
translation,81.84939402210455
translation,8.937224204564576
translation,4.97290810331552
translation,8.896651970822093
translation,92.45567063685682
translation,19.132668589160104
translation,3.029322268405513
translation,7.377743528463375
translation,49.46815273910926
translation,37.71500354690869
translation,13.200888385596123
translation,2.035890732192753
translation,43.17009530581717
translation,51.39571345945955
translation,23.40906551221687
translation,10.556942544238666
translation,63.32874616173055
translation,65.67425194567556
translation,36.733667595257764
translation,28.24480405955115
translation,51.57559705680106
translation,44.9328276382399
translation,19.066104801745006
translation,33.50090497492757
translation,45.16719374868831
translation,13.575648775732295
translation,7.282680800699192
translation,7.466586596709771
translation,53.0863036992035
translation,4.76963226006804
translation,9.205269584320675
translation,6.588157805748625
translation,66.09032592860835
translation,19.20895037373185
translation,16.62973583861248
translation,17.799540578942008
translation,15.766110939675125
translation,76.54681899481031
translation,28.360843083067753
translation,31.521311733118793
translation,72.44926200603221
translation,101.79694090706353
translation,39.107834002401304
translation,27.397533746574172
translation,74.80922167993799
translation,93.14861679298423
translation,44.961273749568726
translation,20.961142660311225
translation,85.87034496881287
translation,81.45750240618668
translation,43.23490118787186
translation,20.224346348068874
translation,130.262930102587
translation,93.47499233606058
translation,24.704302113776375
translation,23.80492046069643
translation,158.47508792547805
translation,103.55377263800297
translation,30.358741201275937
translation,23.922446750055467
translation,148.0229902345311
translation,60.72859910467276
translation,25.28042447323099
translation,20.11562708772858
translation,4.6523260074911414
translation,16.25185143000068
translation,17.6676085304586
translation,63.660813070372996
translation,12.551629435659628
translation,22.08956321331998
translation,11.346180952231652
translation,40.32284351438396
translation,17.50984005669801
translation,6.834470013422795
translation,13.071119388171628
translation,15.452518643870325
translation,21.40159615330212
translation,17.746727523515666
translation,25.089586843663195
translation,3.4628858702280274
translation,37.55635763298437
translation,23.02341104388736
translation,25.887152511935767
translation,17.37821302764762
translation,55.55109463754209
translation,23.271410839780806
translation,20.47281113468883
translation,39.57901970271927
translation,40.28016075596389
translation,10.765396789827676
translation,11.044347756909994
translation,43.26489123275852
translation,10.070016067332494
translation,12.900423699644712
translation,15.628286451128293
translation,99.95460549743571
translation,24.878014925241906
translation,22.720742195581174
translation,15.613359756026252
translation,154.36552595738232
translation,38.81449851072605
translation,12.602580922186979
translation,10.77604894790804
translation,102.13518626149424
translation,5.548878114937915
translation,21.98596913812329
translation,3.5818236752461377
translation,99.6409507021918
translation,50.53438001466147
translation,37.9372252809779
translation,13.448307931711122
translation,57.18066777979033
translation,28.467181578375346
translation,30.439405378247773
translation,13.591404667972581
translation,44.81345475190645
translation,19.646283483330123
translation,5.071156839123318
translation,13.157827028923823
translation,11.769642397610102
translation,18.456845541725972
translation,5.20483466485275
translation,23.840513316912386
translation,55.699040385284526
translation,16.594599059415245
translation,16.142413638750806
translation,24.176590676900812
translation,64.51534357418008
translation,23.97239140380957
translation,16.7231504967955
translation,23.84120916209715
translation,11.372708355110168
translation,20.445576378646685
translation,29.699302569050154
translation,149.24841448074272
translation,43.992657403023365
translation,14.671150410228245
translation,24.993939456908986
translation,91.31480904613436
translation,28.795251590828563
translation,6.123825492536216
translation,13.05929184913383
translation,75.49344400536505
translation,30.229018196750232
translation,12.496062799937231
translation,13.438354161183844
translation,27.646831987860413
translation,16.724471435495047
translation,16.644862342534275
translation,8.37411413048303
translation,43.245401216496944
translation,10.21175306622238
translation,27.441750468563225
translation,16.45910780959864
translation,60.63872877622852
translation,27.955640759892518
translation,32.506239749072144
translation,23.457213589295364
translation,69.51341160137133
translation,42.65852017464248
translation,36.06395268037026
translation,32.12850926877934
translation,42.689626969282926
translation,39.75155334294883
translation,26.437060701894264
translation,81.78069683044487
translation,49.04668627138159
translation,17.400402775664645
translation,16.903997577429276
translation,91.58765435892815
translation,50.46183602385028
translation,0.7561796424040138
translation,7.117024206213096
translation,87.05872434669931
translation,15.229862143005972
translation,20.463553513422898
translation,16.728823957002778
translation,71.44216850523009
translation,17.998222751334914
translation,11.40623183581531
translation,13.928459757418
translation,59.246602565765684
translation,40.1696469353412
translation,19.426024288734293
translation,9.994975449687727
translation,54.96569797034411
translation,37.50754038763364
translation,24.348892438957137
translation,4.369413392749309
translation,49.680756814019205
translation,28.571491095845772
translation,27.387382738389313
translation,2.227257881816822
translation,32.374055358171326
translation,35.45312845946967
translation,20.11744961916562
translation,13.853540020126333
translation,33.4327279315211
translation,29.71776082955014
translation,22.618125567387995
translation,22.06133568680791
translation,56.013343804310935
translation,28.94463129987205
translation,22.568722412312567
translation,28.329446406648582
translation,102.16781347600624
translation,30.848608143953847
translation,24.161759374351085
translation,13.74996802624143
translation,58.76819359295686
translation,36.86681932779038
translation,35.945452189148035
translation,3.662256109170799
translation,33.319310412726985
translation,27.003853532299097
translation,39.46729766839826
translation,4.534164823034966
translation,41.53385059747807
translation,20.00011707400621
translation,34.03977691056872
translation,11.068518688538662
translation,28.716477607025478
translation,25.93023797672131
translation,13.414938175798712
translation,14.416083555925203
translation,58.23780092647731
translation,14.996464318005327
translation,3.2725103158138644
translation,26.28611569146087
translation,86.17978645183786
translation,14.427460003786631
translation,18.87916936610775
translation,2.7191829176032685
translation,112.92865889825416
translation,21.628432426028816
translation,32.009945384102835
translation,15.608065147683917
translation,38.50496902370869
translation,30.0003018392966
translation,25.896713894126798
translation,21.051271086886715
translation,45.62286725216149
translation,21.84325188923525
translation,25.2027760107482
translation,18.662389465817487
translation,38.17721463525209
translation,58.32271450132799
translation,5.6271348204388305
translation,2.60271568335748
translation,22.18401415752868
translation,48.75833317347613
translation,25.524578909195863
translation,29.229561635896516
translation,111.08787510297124
translation,52.268029059284984
translation,40.75357332938288
translation,48.12265227107604
translation,126.23081308140245
translation,20.223677024091437
translation,8.102817768092295
translation,57.92979646180584
translation,130.06021856971861
translation,35.0391215225738
translation,14.488884230953136
translation,50.00475068140463
translation,110.85288703498556
translation,42.38684403919218
translation,16.782926921756857
translation,9.378734063037184
translation,48.03462884594439
translation,29.867608255933302
translation,12.908227583916094
translation,3.2376828484541487
translation,18.350624847363324
translation,31.25125997764447
translation,3.0808899061203325
translation,8.175550004562394
translation,34.646826281407954
translation,10.74990834603112
translation,7.62167405054701
translation,7.843125982699529
translation,48.18281683077762
translation,12.402875742522145
translation,3.050419383532446
translation,18.858736055838648
translation,72.66484803469284
translation,82.7998239687861
translation,53.07277526554659
translation,32.31601627480711
translation,146.88621708584694
translation,69.45397679785911
translation,17.689983181706115
translation,124.12522660229946
translation,39.86463848888798
translation,46.59709151772445
translation,18.61482564305239
translation,115.78437792300456
translation,20.170576807913783
translation,32.7209935601706
translation,33.05553724742165
translation,123.01357918732629
translation,23.352486004762465
translation,16.846825980539677
translation,28.831990698584683
translation,19.58386129162196
translation,32.098307417635425
translation,15.472513740105821
translation,20.419515623176263
translation,35.01950628568977
translation,88.89471468438525
translation,17.442533732042936
translation,5.146657111379667
translation,33.05047494275721
translation,35.71255590011653
translation,25.071570812785932
translation,7.322775200967615
translation,23.920357116559053
translation,10.386254550370298
translation,4.170026908256949
translation,103.2194650993543
translation,121.91646764224109
translation,7.221631649144881
translation,17.46298227357397
translation,142.5947294423518
translation,92.81440000399868
translation,37.70551697013894
translation,31.632535719961492
translation,149.8806217299099
translation,47.649332163031445
translation,47.77611170666439
translation,30.946655546033206
translation,154.48868173679463
translation,19.717358200068134
translation,37.12230462636928
translation,13.883602165513121
translation,5.679690663578983
translation,8.614440970514364
translation,10.122971615834052
translation,5.912319771750504
translation,12.537158999921202
translation,24.1878420780721
translation,7.503343410802345
translation,11.380686186270006
translation,16.499737084366565
translation,23.845020151554067
translation,7.4046889994961305
translation,4.3892998287121525
translation,7.641954863325009
translation,10.461242258553664
translation,8.272370142933925
translation,7.449299459806483
translation,3.3586215335014704
translation,6.111181257614385
translation,12.904144694493779
translation,21.17216576719318
translation,74.1501150704695
translation,16.700953361494655
translation,12.277587000093524
translation,16.239347471621084
translation,118.60284262343407
translation,51.41577189506235
translation,19.71585760190378
translation,1.152610963949163
translation,49.35772072743073
translation,50.55141136745214
translation,10.91697670947868
translation,8.225775515926141
translation,16.559088430749725
translation,34.77100779807157
translation,10.659438228934997
translation,8.032091787962711
translation,34.08272759936335
translation,22.73301770161136
translation,14.480310856835496
translation,4.083721925952669
translation,56.15553604082814
translation,35.74040981183136
translation,53.89284182930662
translation,9.378691696425918
translation,72.96904632028823
translation,47.14180825960585
translation,86.80491312133226
translation,5.515488621828946
translation,133.016405688163
translation,43.95245066117481
translation,42.45616821097576
translation,7.572685167387122
translation,116.84832304327053
translation,10.966329806707494
translation,10.548481017514373
translation,7.593333103473978
translation,84.29747267309587
translation,65.49124143182976
translation,25.395450342184134
translation,9.054793220782514
translation,39.504501358386015
translation,78.87533120047428
translation,28.57742720999654
translation,1.3588315789692065
translation,15.00995922849374
translation,67.54168631885257
translation,13.314372808217492
translation,3.8439716465118625
translation,26.275175490489037
translation,4.776500518679198
translation,12.000362893700425
translation,29.102475666451664
translation,152.22618596433196
translation,7.9643180329065
translation,35.729379157284846
translation,105.00008905693825
translation,157.41088386289917
translation,9.130044219448076
translation,25.54000370615149
translation,127.89022475162545
translation,2.117079449452826
translation,5.464834021415944
translation,147.8909996551016
translation,24.324734450979047
translation,36.23533246880146
translation,7.521475470531831
translation,168.13100567674132
translation,10.237692106616574
translation,38.809174558345276
translation,19.466932275411985
translation,120.21813661462801
translation,5.11556338055938
translation,28.549959786869064
translation,15.073807585520047
translation,52.28679350483481
translation,8.830470882027925
translation,5.613343644246761
translation,4.2968461616163784
translation,2.1558678537464133
translation,7.5200848346124145
translation,15.076938661994447
translation,6.603853380245006
translation,9.691134339367089
translation,4.67078680985866
translation,8.192419359611675
translation,6.917946815529912
translation,21.866756880906507
translation,9.175535568722632
translation,9.645780943580426
translation,10.12663121013823
translation,24.021783056770108
translation,7.032838909656317
translation,4.323970203138308
translation,17.339726356466727
translation,13.866214261673617
translation,99.59857289097616
translation,30.524001486517736
translation,11.087951493063985
translation,26.478001944284074
translation,121.05416091434944
translation,102.01751240542205
translation,9.897130501160879
translation,117.91635139761625
translation,147.93632527329123
translation,132.48986436973772
translation,37.84614711227015
translation,138.38622752868656
translation,154.1011366563074
translation,99.88471993544114
translation,139.65030599999045
translation,148.69237845498958
translation,65.07422465916547
translation,139.86720191144985
translation,175.13228590323413
translation,31.286056875621806
translation,100.88107010300311
translation,172.4986921974223
translation,9.474585013434456
translation,40.90883553218526
translation,90.70971234420404
translation,11.647982757518633
translation,25.88360669865635
translation,2.1260072590758172
translation,92.42844547429465
translation,31.651242390503914
translation,35.165298504842475
translation,13.95670232415192
translation,75.53792981553734
translation,46.251539250676075
translation,38.685980733612354
translation,16.970308945959026
translation,15.616308078958742
translation,15.528762853074408
translation,17.77453079914815
translation,8.851513139381025
translation,42.1383858111997
translation,14.570430086589461
translation,22.088310779153453
translation,7.221802967735468
translation,47.22836815542126
translation,18.79378251597018
translation,51.30116689323629
translation,14.673904530473255
translation,65.61618321413665
translation,13.738761414838008
translation,57.205713658288474
translation,6.471522047758063
translation,10.92834089340817
translation,37.92911525074032
translation,10.436837675045764
translation,91.17359248359968
translation,42.1548387283599
translation,6.139241223081103
translation,24.201835844725345
translation,79.56267728907038
translation,51.101734027620154
translation,14.272534163527057
translation,14.604674935001546
translation,39.27121423125365
translation,36.92544059060566
translation,10.805392189425206
translation,6.815780031638597
translation,13.33507422780032
translation,20.186794890699154
translation,8.084640277857552
translation,1.3480529786640292
translation,21.32497583004591
translation,64.44061643280492
translation,10.060373653333956
translation,10.004068448136383
translation,48.638323329515174
translation,115.47554151763104
translation,21.220499537143763
translation,18.04334255800692
translation,85.87392570773197
translation,116.63979880120705
translation,29.29505024295944
translation,22.71226047140141
translation,139.03803871888977
translation,114.20059225328937
translation,15.286644346477633
translation,150.65628090307476
translation,65.00569889769129
translation,92.82894970245555
translation,31.713912430412517
translation,140.63339736766065
translation,30.968086643729546
translation,32.55571894922845
translation,31.312816228209044
translation,117.02825639849088
translation,11.080597974153216
translation,17.857347580618665
translation,26.8540401301013
translation,50.31463382290412
translation,6.866631344995464
translation,4.128852703476664
translation,7.306539395039711
translation,31.513022366762605
translation,7.925093199479401
translation,4.874292823955014
translation,9.223669383502003
translation,6.407658021345602
translation,12.459786209728067
translation,5.784506621133241
translation,12.488454176977498
translation,23.665468177733217
translation,28.47369965547192
translation,10.49763587257275
translation,12.46999566182456
translation,35.22197228381423
translation,55.12278505265137
translation,16.211971730822576
translation,11.704208570513687
translation,39.08928143083294
translation,138.18903171312132
translation,9.219734698205505
translation,12.164740135609076
translation,43.32687623654494
translation,34.048819138466
translation,6.974143454052222
translation,168.84382564567176
translation,40.060262275041765
translation,80.99001885900675
translation,6.3445747458700765
translation,156.93968734254992
translation,9.880646200328476
translation,12.0571279671471
translation,4.155417777680507
translation,163.45844967005544
translation,11.308045003136417
translation,16.935665242913306
translation,7.374987006995495
translation,136.03612425161623
translation,10.984431705876798
translation,12.728375974114757
translation,3.8331638996826123
translation,17.362172622118955
translation,20.779283098059675
translation,5.358417665680401
translation,4.530070264807894
translation,2.6496494800660297
translation,11.278721721443544
translation,4.1609562381887075
translation,5.2733952150769525
translation,1.0404949205328737
translation,11.800597136750163
translation,4.623013347692098
translation,1.4122316660539
translation,9.252043251242297
translation,30.070909001737373
translation,17.17615816831984
translation,4.016217402050131
translation,76.47842737126393
translation,130.89220931512205
translation,16.872245797800954
translation,5.530222278316509
translation,156.6218731982727
translation,153.90489374745542
translation,15.703375379804365
translation,4.974746586850939
translation,163.06891895748396
translation,47.288416189675935
translation,2.521398341901075
translation,3.8124018004777365
translation,150.2537943040834
translation,25.874924447916868
translation,2.3999437853197283
translation,6.43985653232859
translation,170.22625239193724
translation,14.753374283416903
translation,6.410144068549323
translation,10.678350159355034
translation,43.361019083683864
translation,7.91635390047703
translation,2.884149136741196
translation,10.649293225824078
translation,29.489361063193215
translation,13.104456593259076
translation,5.386984452760784
translation,9.093069026542413
translation,27.7087090413299
translation,30.225999943378735
translation,8.17038957113048
translation,1.260190110137333
translation,11.778877267525004
translation,21.22403636526473
translation,9.015986318951152
translation,7.73604072692309
translation,15.3586315037746
translation,21.297512971843204
translation,9.467808705992475
translation,10.99016046358717
translation,73.35250586514914
translation,60.51182565756522
translation,25.766167310837748
translation,20.516851458614635
translation,160.48813017628515
translation,58.91326690288954
translation,46.24173715679708
translation,10.596820075176225
translation,166.4509392760146
translation,69.87747874210548
translation,108.71724473555946
translation,9.941802391242469
translation,172.50845466108663
translation,80.11646386567895
translation,124.33322932585915
translation,12.44532771842773
translation,52.4992792698154
translation,12.882819388521066
translation,78.36297397637414
translation,5.563393889176897
translation,29.714097917972317
translation,17.21138137893395
translation,38.03552097603213
translation,14.829466134023285
translation,35.09572213364029
translation,6.772432879863304
translation,19.30810327508823
translation,11.55356799327627
translation,13.350600695523504
translation,1.232927828423851
translation,8.357884383138016
translation,11.25030191979307
translation,7.257649209043121
translation,9.183200246424914
translation,7.510866136503559
translation,7.50550611234694
translation,24.653886282829255
translation,17.713691163865917
translation,17.48410084023709
translation,19.827959982979074
translation,163.67569266591866
translation,19.15049373934393
translation,8.714393330955629
translation,20.531223704411723
translation,153.13912428619724
translation,26.7054964806002
translation,5.114662932797206
translation,12.03890958879297
translation,148.28490063359837
translation,5.451179318432881
translation,7.8895108447541835
translation,156.45061573212354
translation,139.71064327559608
translation,26.03371001717436
translation,14.826412899595796
translation,158.64251083765944
translation,115.12354486380545
translation,92.39116017608197
translation,35.36847633394987
translation,159.59264804039785
translation,39.41924448603545
translation,89.22470353353428
translation,32.836456083191024
translation,157.94477130174738
translation,22.237454170033544
translation,5.205187086376881
translation,5.997771938751335
translation,65.88990813885334
translation,13.603452739549299
translation,17.61655180653556
translation,9.478698922728439
translation,26.947934432341473
translation,16.583420874120556
translation,10.215606748795697
translation,6.318662058292371
translation,15.132377484395585
translation,26.09354315783861
translation,7.213945369950193
translation,4.249543203781335
translation,17.708358818400015
translation,16.042147667150914
translation,9.096834813601031
translation,6.547153251676389
translation,43.13936565674386
translation,14.556269398015786
translation,5.327923536173953
translation,9.506671861488057
translation,70.24105818109791
translation,71.7587914405099
translation,31.269811232763015
translation,7.450270064733198
translation,112.80939230820869
translation,129.32807799789214
translation,2.794135493005332
translation,90.75266272193988
translation,77.14835088002964
translation,9.209554562229377
translation,77.81988241177159
translation,42.828076224054854
translation,32.96395152037554
translation,14.652763908825188
translation,103.24394873244866
translation,27.573018011134533
translation,17.654594702557734
translation,21.199995776789248
translation,103.4753452707915
translation,22.525004126145696
translation,16.77841221587984
translation,38.324279695550715
translation,34.54021286994034
translation,23.274142403051545
translation,3.1635912514785742
translation,30.976784603841747
translation,30.922878396954616
translation,9.391579893551
translation,8.599972991490766
translation,20.588335602911123
translation,15.672342434162438
translation,8.854890274831952
translation,7.978969827466446
translation,17.319175097246028
translation,14.752961709043545
translation,36.49076205558185
translation,12.062462294303096
translation,15.610082886619615
translation,17.69283038902553
translation,6.6242222361198975
translation,14.243718558877749
translation,105.56487658856177
translation,108.66431041280781
translation,27.351459177556798
translation,39.312347774707185
translation,158.57222997136347
translation,92.16245749580648
translation,58.659165553760204
translation,15.718001623870224
translation,169.43305368854385
translation,19.565765026204435
translation,159.27870915838437
translation,20.956835883681592
translation,125.74458558991863
translation,12.415199340391709
translation,8.190113153049863
translation,91.6724108201725
translation,14.467454984403101
translation,31.19581859711377
translation,3.519209639250043
translation,6.79962034502943
translation,7.758989360153623
translation,21.759160045145187
translation,3.954247886914278
translation,8.064195668884295
translation,5.815619896533634
translation,14.285705800819386
translation,5.3551355160199625
translation,7.705445356630562
translation,8.564916625469422
translation,16.588383607144287
translation,4.229809189569072
translation,1.425373773505792
translation,19.041965370550326
translation,34.88013561160449
translation,8.934744876875934
translation,7.191567032774821
translation,47.37032556575572
translation,34.72419527156568
translation,18.26921499573836
translation,14.913630010439043
translation,174.9320457636131
translation,57.73257706085982
translation,43.640685636502965
translation,167.16928675670647
translation,49.186604888377545
translation,133.7582229257788
translation,142.0694754184291
translation,152.28392455753067
translation,47.51673321474155
translation,139.72105777398053
translation,162.2127354409273
translation,143.07270852393899
translation,32.30676509467691
translation,134.19764809762606
translation,166.30146587799794
translation,119.83221798919229
translation,25.65119728561929
translation,45.824694039793
translation,173.14386118641912
translation,147.80838832705112
translation,10.006687921103673
translation,9.612438766090923
translation,152.3281318069119
translation,140.79672593090393
translation,18.024386938050807
translation,6.758612059438565
translation,56.31802908797645
translation,38.890501665115856
translation,15.270580947568327
translation,5.402395611804772
translation,12.02500405724659
translation,18.64205888496608
translation,10.502476457075096
translation,4.850346612487097
translation,4.609219758965171
translation,4.723901322677341
translation,20.09178485612501
translation,3.799769384972047
translation,25.518760847878685
translation,12.805917263344412
translation,47.36505559836947
translation,5.521299087888157
translation,81.55928508412528
translation,17.91390507025646
translation,43.02145563388006
translation,8.009192726127456
translation,120.20517631747143
translation,10.673359497614717
translation,9.343240513141028
translation,13.396930428669807
translation,7.07479024834597
translation,16.469205963288864
translation,10.286442686888646
translation,8.137215258412711
translation,16.131718287565178
translation,19.50878950705499
translation,9.937679133978927
translation,2.2036539696879736
translation,10.892005090365423
translation,4.061459253060573
translation,3.8251774121370103
translation,9.804950330669982
translation,13.089741548819466
translation,79.63564788677164
translation,10.405588667154989
translation,8.938916034078229
translation,37.945265014608026
translation,162.8970942774417
translation,5.359940155607803
translation,6.633023667056193
translation,59.91159219465496
translation,165.04333186077108
translation,10.821670041750144
translation,18.292259150515537
translation,141.46393861491296
translation,89.35166141645267
translation,19.42605140291376
translation,22.986915051398707
translation,166.20581743739206
translation,27.635505521111394
translation,28.33891773642431
translation,156.63208538016863
translation,8.250368108614973
translation,107.42732463590059
translation,45.95672123484672
translation,153.1291875268272
translation,18.52065820934618
translation,58.91318809138003
translation,21.206698910649845
translation,24.445956326187947
translation,8.143845806513179
translation,16.90901322483676
translation,8.295809765793313
translation,15.608485476548909
translation,3.563565248576925
translation,4.530912380485148
translation,7.705189567106068
translation,11.319493182849296
translation,3.3643238749333864
translation,0.2619724779879178
translation,8.608884771398158
translation,3.7011001052005192
translation,10.949706857702528
translation,2.625183081681856
translation,10.317630297342385
translation,2.837021247592693
translation,10.34731955047378
translation,7.947938797839503
translation,6.50905315057939
translation,11.840253955059023
translation,28.18006589927536
translation,17.57577506232358
translation,6.3699010099380216
translation,78.98540049480508
translation,148.03006606507873
translation,81.53355421608913
translation,24.398271145176754
translation,161.86603777761414
translation,150.8540804512375
translation,85.80253640472212
translation,40.714620074860385
translation,169.66594235493446
translation,151.95180608448024
translation,59.60058971253212
translation,15.498781644741292
translation,166.37624981904133
translation,44.84067543762021
translation,28.312528104317597
translation,10.09798902886917
translation,172.3939989733553
translation,7.17525542106508
translation,16.219741729688845
translation,1.587338308576149
translation,127.70432734954412
translation,24.41171414339155
translation,12.344194470812633
translation,6.3334373926890395
translation,40.643514392848815
translation,24.397391282541136
translation,6.1594507956814155
translation,11.795859895317262
translation,18.72358635613685
translation,25.291581683242857
translation,8.968149355339591
translation,0.23433723219605854
translation,7.104707308409332
translation,26.769432644634595
translation,13.394256540392206
translation,12.514436303555504
translation,6.574369255918995
translation,9.1329057254788
translation,3.551455407423736
translation,15.65326693421622
translation,20.76620602183652
translation,22.679662251002988
translation,12.829248866282827
translation,11.250136472475772
translation,170.81528466081093
translation,26.81015255897574
translation,9.26929938892478
translation,17.09000027326262
translation,162.3827732162644
translation,34.40748394678417
translation,4.543391910545009
translation,10.611764461106905
translation,109.91436235190469
translation,39.83944437044025
translation,16.277135465913574
translation,11.455613147275802
translation,30.10215210593285
translation,29.35776408781044
translation,21.256288525698505
translation,8.779969769740967
translation,17.541355568809156
translation,7.619689824471046
translation,10.290925624247759
translation,7.1786932847003975
translation,15.933924362872208
translation,4.885448549750137
translation,7.553769027497749
translation,10.61499892929434
translation,30.994851063348897
translation,12.71644200396866
translation,33.46326008536905
translation,6.553201224977121
translation,67.47688690522195
translation,47.99554748149621
translation,15.317434230908134
translation,8.389113125606459
translation,131.37107733240256
translation,57.98770835077792
translation,55.090603569250064
translation,17.727616770137832
translation,137.71261732671374
translation,77.85282721893755
translation,36.92974113329384
translation,8.50907169044442
translation,116.3633175326992
translation,19.432352995390822
translation,13.378800796980567
translation,7.906665524694003
translation,109.54159965317507
translation,7.786213228800495
translation,1.9860699248783737
translation,9.194087335406454
translation,55.44861138187096
translation,41.12497773204949
translation,13.701191236489095
translation,7.14689982869321
translation,8.437226383676636
translation,12.389208071370385
translation,19.01096015335761
translation,6.9720019931539055
translation,32.838063079200225
translation,68.196022466686
translation,12.0419100443776
translation,10.692930126909657
translation,17.256500383844728
translation,49.82119366238344
translation,3.5721819147857516
translation,10.369972418734816
translation,39.684841888601525
translation,25.273678273347542
translation,8.650492369591717
translation,0.6998669289335129
translation,139.06416820766847
translation,29.25789493562062
translation,22.2101505534726
translation,4.277415836077372
translation,139.6341489444567
translation,57.90292355345157
translation,10.960666612028616
translation,24.535741006738103
translation,132.94027123625145
translation,59.86477897572285
translation,65.93389428141833
translation,49.00768481222056
translation,129.43798803184671
translation,14.576327736574099
translation,26.20079502830982
translation,13.943824501708727
translation,28.094392908124256
translation,27.124151350743777
translation,10.561540785509747
translation,11.959563464625774
translation,29.20701607361989
translation,23.977082665311222
translation,13.273929475355898
translation,14.0144657319499
translation,21.774025248412457
translation,11.406322921101877
translation,14.695774378735582
translation,14.278742385658841
translation,17.038569902788293
translation,2.7465103971124556
translation,7.628172523036596
translation,8.57469274039343
translation,35.02516648918403
translation,24.93106514683465
translation,6.085985109259547
translation,1.2971521616502837
translation,28.41202049649216
translation,18.63140551199792
translation,22.815425248954266
translation,3.733833761706611
translation,70.29846256570472
translation,88.6971834671844
translation,40.58040270074632
translation,25.877191834882332
translation,77.98484168045229
translation,112.8740089888242
translation,45.43877521823497
translation,48.71085637365283
translation,115.03163179624329
translation,44.7406959703897
translation,27.409877805323852
translation,94.7470772939487
translation,22.78012820696759
translation,4.460479629763657
translation,163.70807141826964
translation,83.0196094961479
translation,18.153000515680514
translation,4.5419363586327774
translation,141.15876040442487
translation,45.934622032389505
translation,7.645986004853193
translation,2.764309473028461
translation,123.12044024739383
translation,40.179671279030536
translation,10.855617439350269
translation,11.983862008882431
translation,97.43342557660606
translation,42.31326616488006
translation,21.65036004547541
translation,14.181139008913998
translation,73.62075203373372
translation,40.693091635639846
translation,34.203482903426305
translation,14.116358127670898
translation,28.319179335652162
translation,8.464657414131535
translation,33.69267956002698
translation,11.035273580344144
translation,1.3436103705401192
translation,9.448791416109179
translation,5.755996181694888
translation,1.6909218105356405
translation,16.334839896577325
translation,26.862744534994647
translation,13.059638065063972
translation,10.296958694646706
translation,43.669299850395106
translation,29.00599166839023
translation,13.24684186465025
translation,9.03969439829018
translation,11.443165368419693
translation,4.780674200975097
translation,3.434442459472513
translation,15.367050562758688
translation,7.315777336264673
translation,1.150080707522641
translation,43.25234845350871
translation,11.614222857836246
translation,4.354063435632731
translation,6.313651370367036
translation,22.18417070720833
translation,34.882502850742206
translation,3.9406704855174857
translation,6.259889801264959
translation,11.586921549722156
translation,47.626915544519555
translation,10.391414686448657
translation,9.81680337488206
translation,14.333694293224658
translation,6.212587585884714
translation,2.139717652667213
translation,9.987674306923807
translation,68.1369289099541
translation,9.844648890164862
translation,14.127620354121834
translation,12.492417488464548
translation,106.85795707841666
translation,17.00490508868549
translation,23.640418067459752
translation,15.200165550670942
translation,44.99252257299513
translation,18.75353816266875
translation,10.083930124661402
translation,2.6924564455384035
translation,55.87686431991003
translation,28.010971343802506
translation,7.55376629599014
translation,6.524066193703437
translation,17.713074913175724
translation,36.76663785517084
translation,9.594329362791791
translation,7.3788618376370865
translation,26.532558742937045
translation,54.64695399884224
translation,34.009321427477076
translation,11.611993193301466
translation,23.24558261843762
translation,47.07440906700335
translation,49.40633008937958
translation,15.408227143531093
translation,38.99865713565814
translation,31.4234900349892
translation,40.318480918887154
translation,11.08157756133999
translation,167.18460379321837
translation,109.09374226522918
translation,53.48485184619746
translation,16.179524181139232
translation,164.72322292890294
translation,101.43627730637463
translation,37.983455371382256
translation,18.720916709064408
translation,165.43404170268616
translation,24.405848008961193
translation,7.478010606394674
translation,4.248442119551363
translation,140.76271230284675
translation,20.259268762324865
translation,2.6520174854240812
translation,6.3779380708297575
translation,20.2852935217611
translation,15.66544634780332
translation,8.868167266243313
translation,7.7297295088363125
translation,16.179266677326936
translation,9.93802046992013
translation,5.692664505921034
translation,6.626496621378359
translation,12.894087819210345
translation,78.2412259467221
translation,7.370397142814414
translation,5.704838545041337
translation,12.72894912222136
translation,73.78752935131355
translation,10.187720639156366
translation,9.866325970649392
translation,148.06817752779318
translation,18.36358855438241
translation,6.710996198814426
translation,7.202291696753405
translation,153.81944066526128
translation,18.437531311133984
translation,8.67153524844428
translation,3.3363388641098846
translation,168.69067796070476
translation,11.718649027496918
translation,4.38119603589049
translation,5.186766988827132
translation,159.86096909547305
translation,8.79956431618119
translation,11.439443335571415
translation,5.25964528124507
translation,28.98395179159467
translation,12.96652360404419
translation,9.277810333614363
translation,6.072537603197983
translation,9.826159707747287
translation,6.423226656676605
translation,3.2124772974158957
translation,5.994300724165985
translation,10.257628533095055
translation,5.907395796391587
translation,6.303039261491938
translation,2.974209825975222
translation,3.461762420781214
translation,3.858601930959555
translation,5.781008336063988
translation,2.358742857180129
translation,14.135064425985973
translation,16.744909355312902
translation,9.447439687280058
translation,8.119193810155494
translation,31.16721160326822
translation,36.172787285610426
translation,10.089720482553279
translation,11.122271612716947
translation,48.188355285380865
translation,31.166283599580872
translation,16.270673805009604
translation,9.584904521015737
translation,1.9266928293397652
translation,11.349938117672993
translation,7.414549668566439
translation,14.998784989688748
translation,10.983951912377455
translation,4.839758947670092
translation,20.82530148584226
translation,16.376310432787474
translation,14.322911011369312
translation,7.263740982353706
translation,14.798356745628984
translation,11.768587246227135
translation,6.5580473071259835
translation,2.6543282762148697
translation,17.04385888557689
translation,8.968907645310528
translation,4.975124638638314
translation,4.882885491352296
translation,12.394302884764533
translation,17.784288302669506
translation,9.855558508557262
translation,7.012782267828458
translation,20.04685018057661
translation,52.95680527335404
translation,7.960967615271656
translation,3.560820737267738
translation,9.794471932553137
translation,5.615318313231118
translation,3.7955889619105503
translation,9.372190866390797
translation,6.713216140370075
translation,10.017744877151795
translation,43.506219145059845
translation,61.92970684321681
translation,6.024329087855893
translation,6.888546872782645
translation,125.01160779968511
translation,49.924875659784455
translation,25.920235686703474
translation,12.684003316168866
translation,155.5817763656355
translation,4.003137813074484
translation,15.924765277174684
translation,16.35265836126434
translation,163.77959503179878
translation,4.879356585733599
translation,5.757142453433784
translation,26.65537370774002
translation,16.88144901532112
translation,7.504271435342965
translation,12.484553604996353
translation,23.15964722078891
translation,13.757646344890205
translation,7.085139051340713
translation,5.905284559458671
translation,9.074323844250497
translation,7.88266923891504
translation,6.140920636449266
translation,9.19922314484302
translation,12.623865804985526
translation,1.9362725403248886
translation,4.2446435632624775
translation,9.264239663708231
translation,10.725394709895932
translation,7.686012116960154
translation,3.935422305184739
translation,5.031881627074606
translation,11.278481527728633
translation,26.211683652723263
translation,6.641562428442834
translation,3.267017988644632
translation,6.677758403683831
translation,72.76592703003662
translation,63.907657922665486
translation,7.6089383130147406
translation,31.144278021250326
translation,69.17246561549376
translation,3.3525141690813327
translation,93.57522518957047
translation,54.66898649270581
translation,80.49738960892611
translation,7.325152481315074
translation,145.21809695511084
translation,66.85462532742721
translation,51.395530185388075
translation,4.961049921188852
translation,150.67103555012844
translation,81.98349799826435
translation,13.101257291139902
translation,3.2542689701897864
translation,155.70501005969294
translation,130.35898340771504
translation,19.8957441128317
translation,6.3457926102411
translation,57.13089494761812
translation,6.99210738337538
translation,7.056949468698724
translation,21.650131030871165
translation,26.54316069832033
translation,1.335953869900924
translation,0.6603481103790454
translation,30.72802742714761
translation,59.93062695667364
translation,1.8006110722403497
translation,5.810149473275895
translation,57.22392056888767
translation,67.50275094804711
translation,0.46746926389656906
translation,3.7014805798160313
translation,99.26898446106439
translation,8.874871582259917
translation,11.740122175427972
translation,138.6148211510987
translation,45.53747503659996
translation,10.191188187765421
translation,11.583063882677319
translation,118.36489951768398
translation,33.81389150259095
translation,13.863336612994907
translation,12.12154268072791
translation,93.22299286517195
translation,25.600557424270512
translation,11.24852709842291
translation,5.732876031137697
translation,40.013753283612644
translation,3.4081377218558173
translation,2.785931940605053
translation,2.7454409719214454
translation,44.852022231493635
translation,7.528663422844469
translation,5.060726390354551
translation,5.529840173984333
translation,38.36759478287347
translation,15.078559684701188
translation,11.108232268956083
translation,7.725359327868872
translation,21.72613508916796
translation,16.91913696693319
translation,8.254423782429212
translation,1.4376651774498896
translation,14.33582559621626
translation,19.24520733933193
translation,13.607480893812651
translation,5.199876449678283
translation,16.871627726529095
translation,14.892777985210307
translation,13.986366996547304
translation,8.461264804886344
translation,20.60665358356374
translation,11.057278134382607
translation,10.149174615167782
translation,6.4465199619152544
translation,25.913081089674694
translation,8.228509432363834
translation,8.317852547792114
translation,1.9235817479005508
translation,53.93699371159686
translation,7.390886690056251
translation,8.584202367969228
translation,7.896084717395668
translation,55.360419301598576
translation,11.979901089795941
translation,23.159653335393294
translation,12.061091669922158
translation,36.53179631974625
translation,18.53555602003699
translation,10.590709953392276
translation,7.186652260426029
translation,9.002376089340014
translation,8.168983581270533
translation,17.566215082796788
translation,5.554308411990057
translation,12.10021857622616
translation,14.304614018210186
translation,11.97073080474586
translation,6.542359300577049
translation,29.138792739995925
translation,13.774372304756094
translation,6.030037497031143
translation,4.215985309878903
translation,57.30847743534714
translation,9.323061305058017
translation,3.9481321562129685
translation,11.06698765689762
translation,27.71031126071241
translation,9.23219855887382
translation,4.959167658427377
translation,9.253407399789323
translation,24.557191139805884
translation,24.67745768146029
translation,8.343719595843691
translation,6.695170820432734
translation,23.815734005664286
translation,54.4355570198515
translation,19.76004276685766
translation,5.487934527408513
translation,29.439522938948702
translation,36.00999868393448
translation,27.788174372799602
translation,8.104299088827
translation,19.267990036759095
translation,34.9257661809621
translation,14.978919199295548
translation,8.230695858627515
translation,100.3553515939471
translation,34.359073216852934
translation,25.34047727806401
translation,11.865622351131172
translation,151.59400690203725
translation,30.678960786521344
translation,16.87322834894112
translation,5.679824980553086
translation,103.57841323181556
translation,13.546083276676523
translation,13.813542021765532
translation,2.577599944970314
translation,32.12641795543917
translation,20.31397215425741
translation,18.414338419582446
translation,4.414074193630645
translation,21.05117413317279
translation,29.913914906747415
translation,10.353428133669055
translation,4.88300035083519
translation,8.781621646157792
translation,5.914585516815908
translation,13.80145228435559
translation,6.087192735263713
translation,16.253510631156022
translation,49.4523475731974
translation,6.201147096481223
translation,2.0673595202239046
translation,27.444687125028096
translation,44.295697603926776
translation,17.518070907168617
translation,9.464762577306454
translation,92.76199793290401
translation,30.694298300585505
translation,22.32236624198184
translation,5.799939655388275
translation,149.28494745090435
translation,25.08253318363755
translation,7.763645716000234
translation,3.047158419673897
translation,93.47148380163117
translation,23.76755791419995
translation,7.115903900799386
translation,6.181545075284983
translation,48.30009876683393
translation,19.230226144468702
translation,3.2615489809608382
translation,16.59329078722226
translation,24.15427922621711
translation,20.506284017588488
translation,6.4133626471736
translation,30.063598384054277
translation,10.714952180933942
translation,19.15973658883006
translation,6.422185972423481
translation,13.39763978089278
translation,24.048491249965238
translation,3.5604856154735534
translation,12.550689641837645
translation,6.627215124920188
translation,32.15425584370501
translation,17.274717550781602
translation,5.016394841839919
translation,15.241825884017215
translation,38.437399850528244
translation,25.627101808856093
translation,3.2650874561526955
translation,10.994430268611625
translation,69.97444059882218
translation,7.100670897829071
translation,3.4136315807311055
translation,3.3705177863376963
translation,25.86151249562916
translation,15.716270771536527
translation,19.02245315883606
translation,6.856012888152896
translation,46.09326476001686
translation,16.39158428407347
translation,34.19351907632721
translation,6.360250342093442
translation,52.93540841590687
translation,18.88248583097436
translation,67.73733310409733
translation,13.060277521892065
translation,40.24810214646299
translation,40.181519481034655
translation,18.01308872647348
translation,24.64633761150105
translation,72.0247863346023
translation,20.534970587743683
translation,12.059616069936288
translation,34.10140909607421
translation,15.75441398276814
translation,27.957699421460983
translation,5.283307664793279
translation,44.807728219133736
translation,9.641156235932204
translation,14.791518792142911
translation,6.279301894130822
translation,125.5486199503585
translation,5.356252636100111
translation,2.2221707128504047
translation,7.519659305611828
translation,175.62912314480624
translation,30.99710414752235
translation,9.053865520298736
translation,2.4050218468119198
translation,18.78309423817611
translation,71.07374059026688
translation,7.443779656095846
translation,6.031853178125876
translation,5.073592523972462
translation,128.1885897152568
translation,11.347142510726233
translation,2.9951613114895026
translation,10.337127907168354
translation,125.74357421621019
translation,9.940975846714005
translation,8.691631749488343
translation,17.17147849951156
translation,38.86587057175445
translation,4.482393746563782
translation,8.40307303526744
translation,119.20852575866267
translation,71.5936572420837
translation,6.344038021583863
translation,7.0736048526194875
translation,156.30058625924454
translation,79.59218005709839
translation,7.573574640602459
translation,10.293242367815042
translation,159.4900627067325
translation,22.32792503976668
translation,20.7498993640402
translation,13.845166979279599
translation,109.9769833345264
translation,28.541478206965433
translation,22.490739547715314
translation,20.95142840411766
translation,69.66224119125877
translation,28.839858881650628
translation,20.11200085119723
translation,24.739459840764944
translation,30.384028293361894
translation,28.064782027048654
translation,17.002371501023536
translation,16.05953331269703
translation,16.7831395305788
translation,22.751790629853378
translation,12.932418160335633
translation,9.409539335755161
translation,16.73616089526738
translation,16.666446129701168
translation,11.031159457060772
translation,10.958317667131288
translation,21.489769872591786
translation,34.01044458971781
translation,13.704905124723359
translation,16.226303547115133
translation,31.322009614078087
translation,29.21512884996827
translation,3.691768925722374
translation,9.88213093768419
translation,139.40590350867728
translation,26.15779964503649
translation,18.766786142786902
translation,1.798577325740003
translation,117.87157251859759
translation,20.88379389930547
translation,24.276135359188217
translation,6.518395824209489
translation,109.13995428800584
translation,12.941865411353339
translation,5.752623097365421
translation,7.60175297052202
translation,46.23303460861102
translation,21.017799917009405
translation,14.830212761040976
translation,7.42607634236196
translation,21.3452488283391
translation,37.09196127452455
translation,29.244893105152354
translation,12.136819628315973
translation,2.4744098800742
translation,24.640956078284592
translation,18.888076622425793
translation,12.799793280746185
translation,19.94400378698635
translation,4.835023350690153
translation,2.6248979807014416
translation,9.717856376941635
translation,36.41519994787243
translation,19.731524696757734
translation,6.205014526841822
translation,5.2770914971033385
translation,80.06053071994785
translation,20.164185554019618
translation,14.030617177998419
translation,14.783876644176388
translation,75.36266332812563
translation,30.748546388351176
translation,19.215004462609944
translation,8.668415821530953
translation,32.3684744853381
translation,10.07433348101178
translation,14.349558369508738
translation,8.364820380564689
translation,27.359568124090263
translation,10.351327046023833
translation,13.613416404137306
translation,15.096958446577144
translation,36.98564289595512
translation,24.09818865035187
translation,24.41025056299142
translation,9.69319789803821
translation,63.914224199002604
translation,21.498459660766947
translation,22.809517784797805
translation,8.727528809077313
translation,67.05537532993371
translation,15.561128075100605
translation,4.385041102937313
translation,2.9714678741391296
translation,73.78842429707127
translation,20.319955092512487
translation,20.57493734087655
translation,10.595489706925735
translation,91.21314201448614
translation,35.629850697001814
translation,18.943237324104935
translation,23.25140306927558
translation,77.64059794145506
translation,38.01948751326838
translation,9.530874527367438
translation,21.460330922514654
translation,35.59266779889154
translation,21.17250551594586
translation,14.652582748309607
translation,6.150905983368687
translation,30.90105550946954
translation,35.79707685870554
translation,26.67207979699718
translation,20.92240994104923
translation,45.09113346678615
translation,54.065724705747954
translation,31.170056234843507
translation,6.290611715773722
translation,38.07775994845594
translation,37.13456458502333
translation,16.54342428060208
translation,6.026872251045133
translation,36.08263374843786
translation,13.347561467305102
translation,5.456958409908406
translation,23.003407925621946
translation,9.617869493913398
translation,1.754567558089072
translation,110.57509590720076
translation,6.6486806272040875
translation,24.94924695638021
translation,97.62180911926467
translation,36.65352754224035
translation,25.138209559233648
translation,16.04330837905425
translation,13.957110346522388
translation,64.23583452894636
translation,32.57748746066396
translation,18.972568457320357
translation,29.316957233691177
translation,26.2103052167023
translation,12.909215835556676
translation,20.992728671343727
translation,31.300065038209482
translation,40.045411274976175
translation,18.186288740555124
translation,8.182963150502248
translation,14.230782925923947
translation,20.13060135606498
translation,24.408717675050045
translation,4.1541059900569675
translation,118.23630668481482
translation,5.4453338630406725
translation,5.783636535656852
translation,10.883502787182358
translation,129.59877090561474
translation,34.81725507037291
translation,24.651947985964167
translation,25.52227560666669
translation,17.25525388328329
translation,50.540869847688825
translation,24.133953307303575
translation,9.04783066778226
translation,30.50572741061453
translation,63.24037259648652
translation,18.837142796131847
translation,7.972694813838057
translation,16.630844791175853
translation,12.288229110822252
translation,22.53677132271403
translation,13.198079448388368
translation,13.929703652321667
translation,33.58338376418623
translation,22.503828435630158
translation,16.218464176740643
translation,39.61180303495531
translation,49.61700523920786
translation,35.59717371312012
translation,3.6308124455381714
translation,114.04220362436332
translation,62.85123522475319
translation,36.01480752416111
translation,27.942656969054728
translation,147.95118765063418
translation,50.5835909785293
translation,38.49073390179092
translation,48.406179173585706
translation,123.74146810785804
translation,26.724120280418386
translation,19.762778848772605
translation,20.564788264298077
translation,30.944942061423376
translation,36.729952302164655
translation,21.97317673096896
translation,5.140674655805097
translation,20.765078314861615
translation,17.03728412949183
translation,3.0341234050467585
translation,24.00524938761329
translation,24.87125172943362
translation,19.312337172682934
translation,17.258741106069166
translation,27.450414930945122
translation,47.32496665947824
translation,23.241702387332747
translation,19.264803885117242
translation,47.08563282076197
translation,28.972077794812915
translation,33.19234517319429
translation,30.332795111483936
translation,54.43596448631593
translation,48.629247309435414
translation,30.57408013404259
translation,112.82933254784919
translation,37.556156845016766
translation,34.23033700011804
translation,15.56018458002954
translation,29.613682558233872
translation,13.968605174896231
translation,10.062148710814355
translation,6.093039953619031
translation,52.18802184890299
translation,31.046622155104497
translation,27.139297117624075
translation,23.04872463211525
translation,44.82529579339622
translation,43.83672095856018
translation,40.05303481520294
translation,27.218717001526848
translation,45.86997420801758
translation,48.80963811594082
translation,37.4949190122337
translation,23.451370649200108
translation,33.7483085866298
translation,21.98172835195533
translation,5.356205367130592
translation,41.21520917725408
translation,64.18642575610778
translation,12.185926223324845
translation,18.614454076266135
translation,65.38602744601455
translation,32.96523379116934
translation,8.803030326812868
translation,10.974766217803793
translation,127.8709396715066
translation,36.4112787942055
translation,10.399049277691256
translation,16.009304631584754
translation,138.45752857999838
translation,41.11295611192503
translation,4.531960895188627
translation,13.636363806027118
translation,110.891585497899
translation,34.67318723980543
translation,18.959133325734822
translation,14.25744641207924
translation,46.150676209814165
translation,38.0160583448385
translation,6.705964186299049
translation,8.883722756861479
translation,28.061210973650656
translation,24.421051094875704
translation,1.4070242892640101
translation,6.900067714091493
translation,17.244061408143473
translation,20.589232023042015
translation,3.6387367112529416
translation,2.139246076923237
translation,52.018004806151026
translation,16.556775014954056
translation,5.200556179098044
translation,6.819382848734892
translation,92.4484824494426
translation,19.23754901900111
translation,17.932498346916063
translation,16.205787625818687
translation,100.80822603335257
translation,37.134822283857076
translation,10.010436325138983
translation,15.23847783545819
translation,77.22415201777582
translation,49.65052957200112
translation,6.7296779708183
translation,5.26539462667128
translation,33.16020933828441
translation,5.328900120607873
translation,20.04676158158169
translation,22.77786333967175
translation,37.059204952120965
translation,34.251605901160715
translation,21.244909870357354
translation,24.364285805609164
translation,35.7783665436802
translation,47.82647151542892
translation,26.087601490665236
translation,16.19792035063967
translation,62.67756075368152
translation,31.673801495134605
translation,6.0217703146984745
translation,80.16421127169548
translation,8.466374027430126
translation,9.850122926627623
translation,158.5154452319312
translation,15.637478316541374
translation,21.885194565831593
translation,166.3190586186004
translation,55.79899451175567
translation,9.466484880805513
translation,13.886003832809012
translation,89.02827892355766
translation,28.388336893836517
translation,15.132242255089395
translation,4.43019672183162
translation,72.88486534055768
translation,28.453017133313935
translation,29.579434797654216
translation,16.603023969290856
translation,70.727278644512
translation,19.3918306691581
translation,26.70350666840831
translation,17.99803861924705
translation,35.80216029054038
translation,18.219891060681544
translation,9.804584018251251
translation,14.576441239411173
translation,8.210819889126421
translation,6.676308140429046
translation,8.712336327426728
translation,10.679578131008732
translation,19.00025302196419
translation,16.051568744464756
translation,18.913226947010326
translation,4.436011971821023
translation,18.557585753874122
translation,17.525758768188872
translation,21.387979004641537
translation,6.9423072545347875
translation,38.732084432318594
translation,20.494740992123827
translation,25.556826799012228
translation,19.70484346877271
translation,6.306049169909914
translation,15.797156788747236
translation,17.428559735189364
translation,11.3701246974753
translation,28.682119772753868
translation,6.107068107325513
translation,8.96844388549837
translation,16.591232790449588
translation,30.951361921713374
translation,15.51227181922407
translation,7.885575846254491
translation,25.98272755665848
translation,2.868150789726817
translation,13.60308001081138
translation,10.139443997100212
translation,18.138555924784182
translation,17.41183033386396
translation,13.186416512811574
translation,8.021163817363094
translation,45.460878185393575
translation,29.325227462998786
translation,6.746523648888011
translation,6.794686986481062
translation,51.70696155837462
translation,28.64251959760098
translation,5.079215567134361
translation,9.268938302178414
translation,49.12138798115238
translation,37.59961618848317
translation,18.040599707782732
translation,14.560284539868253
translation,68.26097076081336
translation,43.05448588457601
translation,22.576624493407607
translation,14.84071802114674
translation,80.91796201337117
translation,29.020936291615694
translation,22.207431074931073
translation,17.496556400341582
translation,93.66590928542952
translation,9.791487692691552
translation,15.68922976304594
translation,9.679755208863337
translation,21.59313132859143
translation,21.79153165332025
translation,18.014402923509053
translation,21.663017345291944
translation,42.762921009974946
translation,38.025196275525616
translation,28.7992938780004
translation,18.413942947412085
translation,43.094642649485635
translation,37.83817243420799
translation,10.585351752554729
translation,12.784891915118815
translation,46.38858723190734
translation,36.41826507979677
translation,4.667276014407733
translation,5.821883830506572
translation,38.186317194026344
translation,13.311080016045333
translation,8.346176077682868
translation,22.81241883649973
translation,39.86604432253641
translation,18.555394653551577
translation,1.0979341233100195
translation,33.369440559508675
translation,40.73915666378424
translation,16.04584109500371
translation,21.094840659317764
translation,20.79277143750861
translation,117.71859587026991
translation,35.30169289533961
translation,155.146685905306
translation,109.54709383717531
translation,75.24302274009415
translation,126.2199595856188
translation,129.6872226611494
translation,106.37289546412163
translation,45.00977833287017
translation,90.43356348717971
translation,93.81174108370763
translation,72.33790067225051
translation,21.33779984427214
translation,47.99569785264995
translation,66.9079715976443
translation,27.562520310074127
translation,102.08786988937138
translation,93.49342550996909
translation,13.84036929757002
translation,24.62273447047784
translation,28.607320178950054
translation,9.581658792798748
translation,17.27875554264857
translation,24.34425471250016
translation,84.11009368505376
translation,24.92427484185122
translation,18.358881895863824
translation,5.519540262766229
translation,8.000790441790318
translation,9.69454661913999
translation,23.565321552736894
translation,13.75829583254497
translation,30.520562932286108
translation,15.9842271729076
translation,22.099055614205223
translation,15.074150194642824
translation,17.22948321688235
translation,11.632166366281718
translation,21.085702198406615
translation,3.684053769091233
translation,67.71624109037326
translation,42.24951712042273
translation,10.573927590158577
translation,70.8117165658673
translation,38.388667532614804
translation,13.074197701690128
translation,47.47264524852907
translation,14.798620534171057
translation,4.422517191987228
translation,73.05084455768898
translation,17.69941048485104
translation,10.123489085145218
translation,4.2204282863943785
translation,60.22679807831147
translation,6.502006288107939
translation,12.616430374090955
translation,4.255406742486018
translation,10.89501794071974
translation,7.9359688199039855
translation,3.2476201203655677
translation,3.9559481652599886
translation,49.513456762495466
translation,23.519850549716736
translation,16.730660247180136
translation,3.3187242212915042
translation,59.393663638314386
translation,37.114011079578674
translation,23.777155114272695
translation,11.185735785602192
translation,56.51268937132844
translation,35.20681264984333
translation,20.733582411572016
translation,5.900697759599065
translation,42.546228470080585
translation,33.9631101278972
translation,28.364960433696844
translation,13.15384991151161
translation,27.418144352008284
translation,17.406817543627724
translation,17.13222941684344
translation,12.294434941663171
translation,91.20503193733443
translation,2.8423724442155245
translation,6.087217256092584
translation,10.884002615120542
translation,83.04539165886126
translation,22.389011212578428
translation,10.125358737976631
translation,5.0127655032657445
translation,15.761020496596
translation,15.831794143514744
translation,12.838271770190463
translation,43.81041483602216
translation,15.481666360980805
translation,4.707916082778306
translation,7.171243718040692
translation,36.266416314878114
translation,9.80443420775848
translation,5.39728526326174
translation,4.882179736103023
translation,35.86650642934542
translation,17.504859767435324
translation,4.029183123396201
translation,8.375023925561901
translation,29.264873798090235
translation,30.803004914882024
translation,12.210168121066458
translation,6.7890518407340235
translation,37.386763150905146
translation,21.730483800435753
translation,14.036441480828058
translation,2.470055172075738
translation,69.90087245440012
translation,21.626928172009677
translation,23.65193581515269
translation,6.55920376007387
translation,77.41496381652608
translation,9.054609641448302
translation,21.614564931322736
translation,1.8012291473961726
translation,14.63805500700613
translation,3.6371109567242828
translation,1.9622762860217535
translation,63.88036918254995
translation,17.89122822449556
translation,14.920007710283723
translation,12.856652672231222
translation,47.15091612247243
translation,22.139518562895958
translation,7.778422367939891
translation,7.768908780797271
translation,19.088018840828923
translation,25.52738513510803
translation,5.956946145550602
translation,1.8571549802406215
translation,19.58778005722459
translation,19.36473782020121
translation,11.9244872723306
translation,9.178374115481402
translation,45.06508358098354
translation,5.88341783684688
translation,11.551984063711174
translation,14.780456765885123
translation,70.6788772521892
translation,22.326871959310395
translation,20.512770496086194
translation,16.38813262174926
translation,110.10917174543438
translation,48.25014085759261
translation,8.524807773668323
translation,8.485099946963981
translation,94.1683691386252
translation,18.054615237860066
translation,23.27951910911445
translation,2.4131821501349364
translation,85.18910081362033
translation,9.93120229316786
translation,33.817746461969925
translation,9.09123069252352
translation,73.33837794375789
translation,20.924858437460117
translation,28.808372258785287
translation,12.006006482617277
translation,65.12778556700559
translation,31.673159689482432
translation,19.753477131190763
translation,16.141967308708075
translation,13.049240027457113
translation,5.764836481434343
translation,0.8003309543464946
translation,9.91947586119988
translation,50.08657124623031
translation,18.41759692607614
translation,20.608620924588152
translation,3.037185748600723
translation,82.45706429703756
translation,36.944775204229245
translation,32.344979669069666
translation,9.993437420578335
translation,74.17298626103175
translation,46.955774501401145
translation,32.27886761051786
translation,5.713888036228552
translation,48.53277015961742
translation,31.630387193202992
translation,7.15263345130623
translation,28.641701614804322
translation,40.11150526631453
translation,58.11441572505155
translation,19.411150140009287
translation,29.311009482725314
translation,12.508811704402262
translation,36.98894464897315
translation,10.371247892865433
translation,8.454611186635224
translation,27.004463090500447
translation,13.814128456662903
translation,13.689023573776868
translation,4.599154826428602
translation,54.34896946384423
translation,6.637632098124641
translation,18.159883657525494
translation,4.984290146647206
translation,84.20896716141756
translation,28.59794532209472
translation,15.493787659940406
translation,1.0680677782656702
translation,113.62433971265425
translation,11.339647463938702
translation,30.795453173150495
translation,11.292288246906116
translation,39.18501659080311
translation,18.204580903013962
translation,25.92684874673159
translation,8.284871045509558
translation,59.367434976426615
translation,34.10707932443438
translation,26.215405636084807
translation,2.63746008846485
translation,65.51640381458036
translation,41.78833947208054
translation,3.9471086267315623
translation,10.89153568271319
translation,27.98235010941402
translation,13.199009960947569
translation,9.08425446321424
translation,6.237743625226962
translation,24.820330539992803
translation,12.669143526076232
translation,12.016060447231995
translation,4.498261514540294
translation,28.605428378975702
translation,32.38853701900748
translation,8.383943067897338
translation,11.615032207136933
translation,23.327772327561252
translation,38.178688620835196
translation,7.689715189744705
translation,11.719115271821034
translation,16.802996880792367
translation,44.87178421139144
translation,15.047070632641585
translation,6.173239144353425
translation,29.34224516645135
translation,50.37242803392625
translation,19.302975216958153
translation,4.744966209357169
translation,52.38723780053252
translation,63.23250829771005
translation,22.787216338008655
translation,5.82521690830924
translation,49.803631370091054
translation,43.312530301507024
translation,11.174219400853953
translation,1.5833604535311852
translation,72.46332648327476
translation,16.586084594198528
translation,1.9556830129895983
translation,4.426206584276532
translation,75.49006799305702
translation,44.38642078868773
translation,3.087614869723581
translation,3.3660025969203526
translation,64.56438559993344
translation,32.15201634469671
translation,3.1628762313260532
translation,6.358816065065012
translation,34.053206074942786
translation,10.910297785408664
translation,4.934626767164099
translation,11.787145429237336
translation,56.904155917896475
translation,8.281640190653413
translation,18.229085850922274
translation,4.232805592739237
translation,70.5129199657853
translation,23.032223776957892
translation,30.879073487750368
translation,19.500637723718658
translation,64.76155025455162
translation,49.70821205735241
translation,35.246242211030705
translation,33.536173924291894
translation,32.17354533238387
translation,39.391721634565116
translation,22.57049848949171
translation,20.623406431121058
translation,27.920377658162078
translation,9.974824301325842
translation,10.480454161083584
translation,2.197215621709142
translation,67.15976261537908
translation,31.75530413294533
translation,24.750964624794392
translation,19.8008009454914
translation,89.38278195612487
translation,62.42064491247209
translation,42.35583784884583
translation,32.4662641740786
translation,49.08463652444059
translation,11.679204896603713
translation,36.83749928309117
translation,55.30520140249858
translation,19.593048115817474
translation,4.280903416284179
translation,33.37781623646323
translation,39.51577541389905
translation,16.3212098702812
translation,13.103643371132023
translation,16.536186156252086
translation,22.586468095381054
translation,25.49679707272435
translation,14.546951564503875
translation,5.931995764928434
translation,14.694513577095119
translation,15.76046544639464
translation,4.104125741282173
translation,12.78269732622048
translation,2.2836561033839313
translation,6.758448251779533
translation,12.456320703809173
translation,10.550156334994485
translation,9.481699111279996
translation,29.831981815812966
translation,20.209234030685078
translation,16.35970338767905
translation,11.95712269754057
translation,20.172000598928246
translation,43.765203742584056
translation,6.090486256964842
translation,3.384822119980872
translation,19.548653013668925
translation,41.27846480212418
translation,6.6646910291574235
translation,1.9919469948085056
translation,26.633925287027903
translation,7.799036371001274
translation,3.5091570846455724
translation,2.2964107537628813
translation,72.20530356224532
translation,28.442862414642118
translation,5.6920174156367285
translation,6.670519433170486
translation,104.19828692867875
translation,14.949841989363886
translation,9.105287391104097
translation,7.867722555278125
translation,96.8124223184658
translation,13.480354377545448
translation,20.905908431337203
translation,4.963937044729895
translation,64.45863020823775
translation,15.577907159492716
translation,10.004803539258031
translation,9.91044874419764
translation,46.14531930421861
translation,11.18349777594095
translation,7.191440486359575
translation,10.185909306446874
translation,33.18071822763427
translation,28.389344607433728
translation,15.644431703893746
translation,10.357165792928173
translation,34.147842986473336
translation,27.658391687328272
translation,21.7671736286984
translation,7.215690118759847
translation,28.915685715050326
translation,8.077048904690539
translation,3.213111129891457
translation,7.8599282758469595
translation,78.75474684373938
translation,20.34759637510389
translation,27.300100947130417
translation,22.897774514331054
translation,90.87067584207225
translation,35.66195701076956
translation,25.080551086178215
translation,41.65905890602389
translation,48.147063683129296
translation,5.24702877039327
translation,42.143004209825804
translation,70.61995549240481
translation,12.69897855997448
translation,19.099652910285418
translation,10.289361094043327
translation,42.65715257439849
translation,5.617677587008129
translation,18.49703994438771
translation,13.427266098799434
translation,27.689818383469113
translation,9.240424836075585
translation,6.28805019272204
translation,10.54701602685393
translation,9.576592012276224
translation,13.281041229641684
translation,4.362665584947335
translation,14.996355633005106
translation,35.2378295797228
translation,3.754412097453335
translation,11.583027091596678
translation,10.172762848750931
translation,53.95030296675175
translation,33.26356677966092
translation,21.000014684700563
translation,6.859330522823747
translation,41.01086799186242
translation,12.166947872569756
translation,44.83494844473959
translation,8.222393834666901
translation,70.04486724523743
translation,29.36865795392588
translation,34.602335963861336
translation,19.774549009816326
translation,106.47138707232776
translation,41.95513060333601
translation,57.82757459775532
translation,30.825554817613614
translation,103.26864281155547
translation,41.686723983910184
translation,50.36015546003419
translation,37.1786981420365
translation,42.70672263597843
translation,3.653684117521103
translation,29.951563704312814
translation,9.841126468754375
translation,16.79892003847466
translation,13.502587387195499
translation,38.89953453773181
translation,21.984301872893994
translation,10.970251239871033
translation,19.196924997504528
translation,17.989615768087866
translation,25.343615509164565
translation,5.255946287921668
translation,13.001444724726227
translation,8.504846725098544
translation,24.62926308620795
translation,15.171543043466363
translation,78.20392759592397
translation,14.354684779331999
translation,55.348767166378906
translation,37.78079696698306
translation,118.78972857324669
translation,9.039731522895094
translation,66.7934697075481
translation,76.41069034661504
translation,30.951235896692044
translation,31.995891866482125
translation,30.252806919802797
translation,23.062652347386802
translation,11.783757278647553
translation,5.461467937080241
translation,2.724694087008908
translation,22.175627988799615
translation,7.22751700193558
translation,0.5661292504544463
translation,13.979707673037126
translation,21.777482459403178
translation,17.11711690999681
translation,24.974712690941743
translation,10.983512229675188
translation,12.836261781564868
translation,1.4217330412833318
translation,58.75493235363581
translation,47.273482627830184
translation,58.41233793846916
translation,54.04996029326084
translation,46.16517925612665
translation,16.18961234105747
translation,78.61337026797818
translation,2.789046737393058
translation,17.383516889631053
translation,22.312170266645822
translation,3.4226306069045713
translation,24.4207049119314
translation,20.527657909741336
translation,5.626818074394082
translation,18.77267710844168
translation,15.309781056384267
translation,2.973377612311703
translation,20.44294332557647
translation,31.15886720297661
translation,9.077690709295245
translation,13.115537167974097
translation,3.586236732505634
translation,8.404631006917194
translation,4.016584887208533
translation,27.232273076596137
translation,30.980237062722505
translation,30.78288266543674
translation,10.101562334766298
translation,15.641183882819162
translation,3.484669065682754
translation,27.878032915012817
translation,14.527349911215254
translation,14.185209346210472
translation,21.92828176990548
translation,6.507410979844525
translation,24.90627676274246
translation,30.180726398190238
translation,27.02928379636078
translation,22.3317512423319
translation,35.502620793895055
translation,21.578582009038108
translation,74.78457592996297
translation,7.883954763622246
translation,25.115889167306424
translation,4.3340895478139565
translation,35.324993579277894
translation,9.017747637289283
translation,12.239014273291788
translation,12.996367084812016
translation,28.23337592189162
translation,28.913473186143946
translation,50.0889162560286
translation,24.79468219448738
translation,23.749407129139676
translation,43.38319732466266
translation,40.97677297978675
translation,20.601194103241248
translation,13.928301959136343
translation,37.240079243791705
translation,10.48013273431216
translation,3.006724393827594
translation,7.727001185933961
translation,12.67479974327424
translation,24.5962256767557
translation,19.91417940876931
translation,99.90525962176758
translation,33.51610193283585
translation,25.247921522606056
translation,11.477435032413265
translation,96.63844641209366
translation,37.71833259940374
translation,17.973531926860662
translation,7.926534923604324
translation,93.32677343638647
translation,40.10505443702883
translation,5.0078429355118725
translation,3.685277499390897
translation,25.703221518398678
translation,16.415845437132546
translation,15.13619440738781
translation,3.1113981249056444
translation,63.226396725546984
translation,73.42582176109244
translation,23.455114886754963
translation,9.010787494553892
translation,59.23075557610486
translation,38.47865513170527
translation,7.902635697457532
translation,17.340350562342493
translation,58.77408013773459
translation,29.923151539891396
translation,27.27617582124459
translation,19.04334621496527
translation,63.72988061911052
translation,43.931854030664724
translation,25.31154996965803
translation,6.523196674204901
translation,103.95146839236341
translation,16.552149757734618
translation,17.17107751521243
translation,29.07100600406181
translation,105.07304268878707
translation,37.58724685899042
translation,44.683992014314505
translation,51.48225782886367
translation,105.58148776266097
translation,76.91068248775065
translation,38.85340459246688
translation,48.145218704159
translation,69.6495120952814
translation,58.5527484176194
translation,5.202044578481682
translation,21.219123852180577
translation,66.48963433651063
translation,29.239101878345494
translation,30.612887292457607
translation,9.84187828849075
translation,65.51625389338095
translation,57.76667286229808
translation,38.86636100000919
translation,21.5778208210637
translation,3.8830179931658604
translation,48.06030283081068
translation,17.668077773200533
translation,12.274421008173098
translation,85.41050762473724
translation,15.35839469772813
translation,20.108868313786378
translation,1.0788948433205527
translation,100.3523741503449
translation,40.906002628765414
translation,50.89712694340665
translation,15.51850418066832
translation,103.48023491986305
translation,50.36030740305853
translation,58.57644519388676
translation,6.867905912201017
translation,109.99273338748118
translation,19.37336246230829
translation,45.37424456970249
translation,5.889069030516274
translation,67.6937812703387
translation,15.580847102922776
translation,24.271365327533474
translation,7.238176774212834
translation,62.84747574796097
translation,31.825773398240067
translation,2.5076530898675458
translation,4.854945203543585
translation,56.57350473406329
translation,31.188461472772435
translation,13.794582315221628
translation,10.321052836491106
translation,15.898345866390638
translation,12.027096207827245
translation,7.033182403151466
translation,22.329217599795097
translation,56.46524997354569
translation,38.00754383802274
translation,10.90197915637136
translation,33.57953770190681
translation,64.6859310973261
translation,67.60899937444394
translation,11.167659119106036
translation,24.561303442480337
translation,57.963594180210606
translation,74.89720550077776
translation,10.604685736805436
translation,3.1314739073542093
translation,15.95358679665499
translation,73.85997096173382
translation,10.04618052576442
translation,19.4596551700233
translation,41.590655817626136
translation,62.09736630434364
translation,29.8754276285632
translation,13.503555427800679
translation,123.00328354809686
translation,50.73316601659921
translation,49.80826113076326
translation,10.501930744090119
translation,132.76586731439915
translation,25.359389647292577
translation,54.42331576509925
translation,2.867178461042991
translation,86.31655589931296
translation,5.919268704479841
translation,41.83132568634766
translation,11.645735726243581
translation,60.787331561054465
translation,20.520772907328187
translation,31.247448224519307
translation,18.431240096536293
translation,26.43334523841304
translation,32.85101294985261
translation,5.38008475409583
translation,6.840214543814292
translation,8.023810969097957
translation,49.90539807311138
translation,31.214681704459025
translation,10.896463158726284
translation,47.44971097294787
translation,52.26182799948871
translation,50.33436851023165
translation,25.35475227440841
translation,74.90352554981638
translation,42.80953589916745
translation,49.881848020967965
translation,33.75422624419074
translation,88.24858062104462
translation,45.9255174465013
translation,52.30781283738056
translation,35.77673429488795
translation,96.49866835307024
translation,79.80359254388715
translation,26.585962235490722
translation,18.331429504670965
translation,58.71670515800293
translation,15.533957886436427
translation,3.683151465401278
translation,87.96262490413781
translation,56.01251099637756
translation,34.973663374797404
translation,13.546002477350012
translation,85.82543057933954
translation,48.668170648194526
translation,28.339454175077275
translation,17.766899834301384
translation,82.17482098512518
translation,19.176938290564216
translation,15.75417050645012
translation,30.661444192686048
translation,53.76431273387764
translation,48.074345303756516
translation,10.939691176357886
translation,27.560227619268677
translation,12.879374909951341
translation,54.2797364495155
translation,31.163594604989267
translation,4.877966777996978
translation,69.72388622192555
translation,64.0639087445438
translation,43.723148676191975
translation,20.749486733241156
translation,82.22286601241605
translation,64.29069837030914
translation,46.33713930171828
translation,37.448004388467496
translation,91.54639488263
translation,64.01377788530688
translation,47.265465936729235
translation,41.486028581776985
translation,88.60377332162177
translation,18.542061926146623
translation,29.070945236853103
translation,27.77961904872531
translation,44.59030970355818
translation,9.793600982840218
translation,1.937663083193851
translation,1.8995714120956917
translation,46.66397442512225
translation,13.625883848348822
translation,33.3928037589856
translation,12.380586942159944
translation,59.32272783045229
translation,19.079362463109206
translation,52.90747513389955
translation,22.11803544229948
translation,56.84406033808757
translation,4.341349793873246
translation,41.60177714719829
translation,21.426382539210373
translation,30.97987474862125
translation,10.822749851361463
translation,15.817214073715089
translation,18.87500880781061
translation,24.895686717909236
translation,8.431684520408156
translation,7.850905536279923
translation,7.389163294758261
translation,54.48334073251682
translation,23.75120470633259
translation,27.53629396423432
translation,4.543008110095904
translation,60.79514653409855
translation,36.146478558143166
translation,30.178292659892925
translation,9.145031366798653
translation,65.48394989325098
translation,12.305456568669628
translation,6.492998477345351
translation,16.73554793869381
translation,68.21409430948121
translation,14.824606606360785
translation,18.514201248306218
translation,81.82366138333387
translation,85.37804720261535
translation,28.653751322568876
translation,8.392995809629964
translation,48.95622795572818
translation,71.35815352236243
translation,39.058887009308506
translation,8.837862637980166
translation,49.23319594903313
translation,43.138497211854
translation,49.65915695923643
translation,8.688442647610254
translation,60.33079841486891
translation,7.768216833530671
translation,16.07708599598531
translation,22.234346212259737
translation,83.26307637475858
translation,31.41956459340922
translation,17.82118040636656
translation,21.587171864851477
translation,80.26728367390666
translation,25.659455182591927
translation,31.117871893280427
translation,6.757103817172091
translation,32.496945141485405
translation,3.082451456747882
translation,29.149529669169368
translation,5.826146189764524
translation,72.0737570945208
translation,39.00257917856457
translation,14.365976094370442
translation,10.088955742173999
translation,65.10932053761545
translation,44.23676700979552
translation,38.22411163104501
translation,8.953704017138039
translation,61.23272575886637
translation,48.989120603870795
translation,43.83395178379577
translation,13.982171799845592
translation,24.04942608239975
translation,41.527000314458256
translation,9.899808700148586
translation,37.88188949606858
translation,39.363618157552736
translation,21.608616109455536
translation,15.187362990282015
translation,71.42026812720606
translation,56.60306181585109
translation,9.13744543785289
translation,10.549883754217296
translation,109.82559982938061
translation,70.02809481784197
translation,30.810355785989106
translation,3.4510797328971816
translation,155.26982432863915
translation,65.6194352909971
translation,32.29798381438526
translation,3.3246553634628495
translation,87.70118924399885
translation,28.386978080845765
translation,36.179526155330095
translation,4.703937628042551
translation,37.796865227711976
translation,29.031423849885822
translation,6.17852864051094
translation,4.935400281765546
translation,31.978195255613524
translation,41.770536981762454
translation,11.528905484414475
translation,4.209279004387868
translation,4.3416237097078865
translation,41.7898978352425
translation,18.87072567292587
translation,12.362463625982286
translation,33.62014339003827
translation,39.67482279320497
translation,26.47391339535313
translation,13.103615695252909
translation,69.38467488353689
translation,40.57215399213745
translation,36.29776143725712
translation,22.815498783846007
translation,72.10543855113796
translation,44.72155208435861
translation,31.25940075434582
translation,23.8118075110243
translation,69.7859063811557
translation,37.31505690218789
translation,24.313122125690107
translation,21.930050322605794
translation,53.637989630347676
translation,43.69337074897991
translation,9.082879778887754
translation,10.966140348128361
translation,13.5039777644711
translation,32.34000660151473
translation,12.808998261994686
translation,7.899178572027682
translation,81.34189730866706
translation,36.59448276281353
translation,29.0734220386033
translation,36.45184589797067
translation,96.23587716378879
translation,22.32027298706609
translation,42.009982522162474
translation,54.95686982131998
translation,88.73305992723346
translation,19.94461993408677
translation,42.33346172729028
translation,55.75458553100302
translation,74.24420870728179
translation,31.26522276663194
translation,16.5223254103009
translation,25.629143571806367
translation,22.312251600778474
translation,25.51376362336832
translation,11.8448632613365
translation,5.199016387173707
translation,37.53088648593856
translation,25.699211083253378
translation,18.48870065103881
translation,19.209982026555164
translation,52.99770128066583
translation,29.99169560016296
translation,18.012705965020906
translation,30.1159253191263
translation,57.601603668687574
translation,13.404938077544129
translation,14.915040481377636
translation,22.077584714111595
translation,36.55699705362002
translation,46.86105392445396
translation,55.645157850021256
translation,18.70451367213074
translation,91.56518379752808
translation,136.1229744109522
translation,86.19547377794801
translation,62.1019305424834
translation,88.87577063574376
translation,103.99109732741292
translation,86.77963148664168
translation,74.5543474734374
translation,91.59356448341084
translation,80.223444282892
translation,69.72182512932214
translation,66.2726353356166
translation,136.2502680661347
translation,31.72881400577163
translation,24.896373007964815
translation,32.38617616473211
translation,159.98270084908216
translation,8.66738299203573
translation,15.037372834934269
translation,26.975312459528237
translation,125.29648194298088
translation,10.03808571732788
translation,21.71714928930786
translation,41.10250766126826
translation,65.45896180939538
translation,44.4605315729527
translation,11.682990110088642
translation,35.25577223610882
translation,7.819690702606945
translation,61.71005765783064
translation,41.51005544420429
translation,8.596537587413906
translation,4.0137859289855
translation,61.24436979643064
translation,58.59764439365527
translation,30.24784062831682
translation,23.905451501882997
translation,47.1233468463482
translation,50.66145513202874
translation,66.96160165175897
translation,69.50439243456977
translation,4.502909914788227
translation,19.476294642333436
translation,79.2583773479381
translation,108.51722585860237
translation,13.323047522706496
translation,61.415882219764484
translation,93.94982628761764
translation,135.4929145558395
translation,58.37967449609769
translation,93.582507431652
translation,100.87178233504879
translation,128.66519753056897
translation,52.34395524717091
translation,69.71165818250692
translation,21.337450824311205
translation,44.7131350896251
translation,23.095282417090473
translation,55.7235720202709
translation,45.71173074299063
translation,51.57660174542278
translation,11.366366930532262
translation,48.15235589849709
translation,45.0895930450474
translation,49.50476287916396
translation,56.20200702613627
translation,5.899511920214333
translation,28.842490504386515
translation,51.9067307275667
translation,54.88916827511058
translation,82.6961873431804
translation,30.704632782662518
translation,98.29755030038434
translation,134.7804719545322
translation,113.0796491948405
translation,117.03826643419549
translation,104.53536722351959
translation,145.61709570065625
translation,116.1319406256294
translation,118.80683259094394
translation,98.85710311788186
translation,99.3287579778536
translation,69.38699309046565
translation,18.859087660843468
translation,45.27631300049744
translation,42.696783158286934
translation,29.127966975541415
translation,11.32188252570837
translation,48.92589512738116
translation,99.27050198510248
translation,82.85758739867413
translation,97.12003246632662
translation,88.52362376294066
translation,75.51288262175272
translation,64.07274990885936
translation,21.337950886071205
translation,4.157040205170499
translation,49.232949174857545
translation,33.287588852853666
translation,49.851213761420375
translation,33.80972586547259
translation,43.814620076944124
translation,32.72137744617937
translation,39.077514316764145
translation,39.41246498488047
translation,31.54704028411609
translation,90.71978638104272
translation,40.698508973729574
translation,23.35801200727455
translation,92.55415638471432
translation,97.43020994726291
translation,30.67146239420808
translation,94.08091449658988
translation,71.29932238801223
translation,55.45542908225997
translation,117.10511588899584
translation,8.862153268546814
translation,12.10966748183132
translation,15.607973797527222
translation,86.35081815405472
translation,46.22583562935654
translation,20.19323720450577
translation,11.723964461493598
translation,15.194848718040287
translation,39.507397045651395
translation,28.015971459783007
translation,18.08298987318027
translation,39.095585926504285
translation,53.01035854850863
translation,39.51328180028683
translation,23.391714777077585
translation,54.08581989154098
translation,50.38324931664157
translation,39.09893227082481
translation,15.894803240519277
translation,67.24005919927163
translation,54.00694669723299
translation,38.52529157694209
translation,7.682788135493973
translation,76.3601127151729
translation,32.616727625684334
translation,25.516875049587448
translation,9.794027950432184
translation,103.0095941199688
translation,34.8427681233315
translation,17.594826785017556
translation,25.48980789044568
translation,126.29410820353316
translation,23.158019428947437
translation,27.768036434267575
translation,32.79195306002071
translation,112.82745259979752
translation,14.096617940862101
translation,32.848958194097214
translation,32.794442744595415
translation,93.65669236258486
translation,9.975199807207781
translation,13.399862649458365
translation,19.395903604944202
translation,51.80047288913257
translation,24.991109024273754
translation,10.69022125385494
translation,3.8037313516474023
translation,32.78112157885344
translation,34.93120374187922
translation,2.029887892349725
translation,11.768206115060739
translation,46.19762376749008
translation,34.24809874545065
translation,3.6463153232907186
translation,13.381029073190867
translation,55.18176211989051
translation,41.57233634356445
translation,7.393688729235166
translation,14.291453479739568
translation,61.9660682837174
translation,57.236753638560984
translation,22.07971684144185
translation,8.206247644215697
translation,66.10390044722548
translation,39.87620766009573
translation,17.81231021567185
translation,130.85460398382105
translation,114.48968620098492
translation,60.519098020527245
translation,39.78286707602797
translation,108.86655788973417
translation,74.29210360254001
translation,59.70028373700682
translation,45.6180746669049
translation,110.11434448838165
translation,87.4558372921907
translation,40.16668922018094
translation,50.01151769285505
translation,89.18908043135197
translation,85.3372151551934
translation,24.01272440441729
translation,44.34645199196389
translation,34.29052914138174
translation,59.461917567911485
translation,6.933918746185525
translation,34.315052455666276
translation,53.223635752947544
translation,43.776133636051114
translation,1.831460922026493
translation,13.448680012711044
translation,26.232623429474923
translation,36.44830881284164
translation,3.3904977047575358
translation,4.3951519971889415
translation,60.00337530150994
translation,35.37339108530067
translation,16.121945315589134
translation,4.025994170390102
translation,72.59955368558084
translation,33.83726372933249
translation,27.23028477902338
translation,3.739369476330355
translation,74.03641334466667
translation,43.28165988116294
translation,34.33837427238821
translation,3.1959268719061593
translation,55.70293834767077
translation,7.171592168293832
translation,26.48487966387201
translation,16.12062843450972
translation,21.85293765983153
translation,24.898165949433974
translation,11.079162215117304
translation,17.2492401492869
translation,77.38357034003668
translation,30.539514327589387
translation,5.748723322544665
translation,23.324375257531667
translation,93.60302006601368
translation,42.06406713589573
translation,16.896391357919196
translation,24.061161585592426
translation,81.7861922411108
translation,47.42122788097279
translation,28.540663963372783
translation,6.6227904175389005
translation,39.694149383276184
translation,13.53221566324619
translation,16.057809355782616
translation,28.841632205266475
translation,5.09548720672995
translation,29.11825393194266
translation,13.727467724809218
translation,33.16478298385845
translation,19.339058839286047
translation,48.256936846157224
translation,10.117691828516337
translation,22.81980982159929
translation,39.672621066399934
translation,67.74128957136676
translation,5.3610120126130925
translation,5.501795860995762
translation,74.25912625488853
translation,86.49182422494205
translation,5.649454326250943
translation,17.26348898320442
translation,156.16996777454946
translation,75.18805110074058
translation,39.74234342068947
translation,22.675928377973744
translation,132.21493634660501
translation,22.566452560284603
translation,56.195489286457395
translation,15.813264210472159
translation,135.66505116722072
translation,17.16519137242474
translation,58.68018451443029
translation,17.774669730166522
translation,143.37406342819247
translation,34.104304280991904
translation,56.57710998590966
translation,15.85388376198183
translation,98.41916306947167
translation,52.64797119346863
translation,38.240524916428114
translation,4.8044028184233385
translation,37.4691749151106
translation,37.263685462043426
translation,14.382239343434403
translation,16.89688116529552
translation,13.792767484319791
translation,47.95438786586483
translation,21.762749196079092
translation,17.660757280938004
translation,57.427092929220976
translation,47.71774914567781
translation,42.53201943531619
translation,9.844359033115252
translation,57.38531664847941
translation,56.28037296974945
translation,43.057903644151075
translation,4.562590377550005
translation,67.69807166319549
translation,39.922480742631
translation,6.171962884705107
translation,81.54461483403097
translation,95.10563298019555
translation,37.77338294894621
translation,17.48416014445627
translation,127.01343440214669
translation,85.49928103041685
translation,3.4664681204402217
translation,28.85388550467183
translation,109.0263276241179
translation,83.65327916706146
translation,38.47858179387423
translation,24.50284150069545
translation,114.03210566759195
translation,82.56849238649468
translation,49.90654977776049
translation,31.896026249520684
translation,86.14595731487725
translation,59.77829713539415
translation,58.932515724095595
translation,16.691691538945328
translation,84.08880422826614
translation,33.76069159989696
translation,46.641105402907705
translation,3.2492819735438974
translation,34.055357147321374
translation,32.67864642259707
translation,34.55601799566775
translation,9.732030423008403
translation,7.6458921625660565
translation,34.599763363667506
translation,18.641191216729432
translation,14.093968385839377
translation,61.88465269113873
translation,57.1143098162392
translation,40.05719346535728
translation,28.27868748067071
translation,81.36314438156194
translation,61.452508196366686
translation,48.377329401402164
translation,43.60728095416623
translation,66.9025042422849
translation,26.043798133327055
translation,25.690547056523517
translation,19.942360657371964
translation,58.58182692760594
translation,20.194706478333337
translation,18.371984140268037
translation,5.983919096611404
translation,44.964820281652585
translation,59.168232253889116
translation,5.919667922334102
translation,30.922318805545906
translation,47.353006678541234
translation,71.24683523793021
translation,7.5840369653271384
translation,44.54628014157546
translation,68.15274412661756
translation,82.1626021031455
translation,11.937623545443067
translation,35.07429545803836
translation,63.84955421744108
translation,104.00333166647596
translation,6.7039026005459545
translation,29.327871339664608
translation,73.27897879608649
translation,103.71900813473847
translation,15.370830170649148
translation,26.325786760338133
translation,89.77535052719035
translation,82.08792092342011
translation,18.325373081853318
translation,20.774628516213355
translation,121.00181530054952
translation,43.44547493993901
translation,15.285779911922384
translation,8.736007813458585
translation,166.26505795305297
translation,58.74023339880564
translation,14.297111229923269
translation,8.191781305909123
translation,96.71019295293813
translation,57.11047363496906
translation,8.592889453334537
translation,17.053306434370743
translation,55.455394385888965
translation,49.1579570749561
translation,7.949427046770888
translation,20.74887283929703
translation,49.609388605915925
translation,44.868819843355006
translation,6.415368261485217
translation,28.481940557281074
translation,30.079783915917332
translation,32.190208174118055
translation,4.698982874083455
translation,21.13357908422577
translation,25.823280974637587
translation,21.874211864542133
translation,6.279885708644337
translation,18.479714066926277
translation,37.96864849841304
translation,14.379272263807996
translation,9.682828746912504
translation,20.442372049372842
translation,46.982520672780474
translation,32.96648164749648
translation,18.578710740256764
translation,11.424215048242356
translation,76.53006018211688
translation,28.65915605584358
translation,24.13074589401186
translation,97.81028049269361
translation,79.60948989197244
translation,35.611917548424444
translation,29.207522289844114
translation,97.18293483396639
translation,56.529255419184715
translation,25.42371233970681
translation,26.629624991196415
translation,92.42743691396915
translation,48.16585706938062
translation,4.2226039399791855
translation,11.683224381026651
translation,79.52824560408953
translation,40.16680796761307
translation,6.151697049203232
translation,3.5333460154045415
translation,61.24604207753802
translation,25.883532210113852
translation,15.974798764750103
translation,9.31356610058491
translation,36.89737190605944
translation,25.020072485777305
translation,27.486998966870882
translation,18.687675125346896
translation,21.639364144432808
translation,9.30540693055802
translation,14.00075384182458
translation,43.87205866843564
translation,16.214830576262095
translation,23.528676200113733
translation,20.056539801374164
translation,52.068520105528094
translation,47.98379311573698
translation,44.25427326083064
translation,27.743907093258738
translation,47.23747488592693
translation,121.26980035967576
translation,89.94752659143805
translation,40.73358280467852
translation,44.12596753073654
translation,128.23163662936471
translation,88.68201033552626
translation,37.72327549496007
translation,31.972802376577924
translation,109.13085970679883
translation,87.71906356480457
translation,41.4399201978313
translation,30.527538157125342
translation,83.4903888992561
translation,91.3162109133504
translation,58.578874511835274
translation,33.119275804268185
translation,60.376704462826005
translation,97.23496068453191
translation,69.74720922076898
translation,29.796886906310938
translation,71.23371310002368
translation,118.53002902845914
translation,78.58236710920323
translation,27.309363851736553
translation,85.71905137922816
translation,13.23130839146726
translation,71.16787408538035
translation,19.61575886093492
translation,93.47504079978737
translation,13.317575262667708
translation,50.562126599958994
translation,10.86323400849659
translation,146.80369623190572
translation,27.307218464995305
translation,5.7778990744593965
translation,11.303250477858132
translation,121.42180202742196
translation,26.56452104390627
translation,26.21651541303809
translation,23.466888562497456
translation,80.67105458331052
translation,15.58896905961847
translation,19.83013734240246
translation,30.126998430226337
translation,59.44509291665464
translation,14.31129317485887
translation,21.360708624497185
translation,26.458499485824966
translation,27.7986273036542
translation,42.90890797931876
translation,4.88293155998311
translation,11.418721373603598
translation,11.092360395964125
translation,75.09809024212701
translation,22.30591819078952
translation,7.675928224551495
translation,35.91166760315603
translation,84.79582553169011
translation,24.946056706885376
translation,21.75320337781376
translation,84.86110361650589
translation,76.52060627242639
translation,18.86388667802115
translation,30.32034074977249
translation,115.68040520397984
translation,52.93790524691657
translation,13.892302986066971
translation,35.963207468511214
translation,130.5109364927256
translation,43.74813457540773
translation,32.70406562944432
translation,28.016966784636292
translation,133.04295291573857
translation,40.74306027130677
translation,46.447337666016566
translation,10.691213783376087
translation,62.99788149695539
translation,36.038848196070774
translation,35.31051819111648
translation,15.54854888378946
translation,38.921007562947025
translation,34.461332639946704
translation,33.40209737027204
translation,23.414393536359473
translation,39.44949356908502
translation,29.756150737181546
translation,29.45250325023038
translation,30.523957045621103
translation,49.72471891927786
translation,29.19042485428552
translation,22.7862946203006
translation,32.77675587879262
translation,57.75728937235143
translation,27.747974823281197
translation,10.271096564228404
translation,36.96633431784144
translation,118.7417907546195
translation,24.550151357409785
translation,31.45075770536778
translation,21.722541193254585
translation,88.32634985896048
translation,33.103797059585034
translation,40.1489006741603
translation,4.79842459077335
translation,33.94087766518192
translation,46.843413639649356
translation,18.594862737743163
translation,6.74184107231912
translation,34.609902591064035
translation,9.84731211000823
translation,31.661254599157655
translation,29.658058579462114
translation,34.99197872519981
translation,19.424032464999794
translation,29.077653219756392
translation,60.498168236256014
translation,32.22069612643123
translation,33.69892163319118
translation,14.193713384190657
translation,82.93618367837745
translation,32.08430682549592
translation,37.096539082760835
translation,9.882223136953593
translation,117.37944319853199
translation,66.15538816542767
translation,45.458692081734924
translation,24.368248360325854
translation,147.48889389150446
translation,86.25706303246601
translation,19.93175290156214
translation,23.065984893984528
translation,86.48558438708965
translation,83.59305017907211
translation,39.04884413682387
translation,14.656670948356041
translation,71.39120109157462
translation,64.1660206238264
translation,14.624851727552423
translation,62.053449562690126
translation,22.941497381739097
translation,50.04869396259541
translation,8.30114158706275
translation,63.58928675148509
translation,9.47983556500393
translation,44.940131921523395
translation,11.004812451124195
translation,60.85044270552583
translation,36.04246340620082
translation,55.7091987289593
translation,67.28036144307576
translation,72.18157744349317
translation,48.79398526498504
translation,28.80926363664805
translation,45.519186629005375
translation,51.91282960669778
translation,61.29304996980766
translation,41.39607643242176
translation,14.823457646421064
translation,50.43204301409873
translation,56.39401157041413
translation,42.86042357806728
translation,6.489813072739014
translation,53.67212707334178
translation,47.52653971018784
translation,42.0296868823223
translation,17.06508512373239
translation,54.339521547030564
translation,36.88782415686952
translation,22.216551734537873
translation,70.02894543482029
translation,70.2732734729335
translation,23.797861475067705
translation,26.93141950440272
translation,76.30886278986338
translation,82.67293522842132
translation,100.70947671057722
translation,20.28782083451241
translation,117.84531758678138
translation,109.78901903226853
translation,90.69411011333783
translation,12.343947407516707
translation,96.13795226204681
translation,103.07669268890379
translation,75.66630610747058
translation,87.00802522930904
translation,26.910001155480142
translation,51.59335492806067
translation,2.050508226936537
translation,85.5879191467474
translation,29.051637243745194
translation,19.53608927693762
translation,12.154195047709784
translation,99.48634189744995
translation,44.0562208333331
translation,16.182320777227368
translation,8.16943096525695
translation,79.55136318893355
translation,103.02193019499974
translation,61.08879454820268
translation,15.452074242590538
translation,72.92419939216491
translation,170.36327454903576
translation,55.473243460613936
translation,22.759983689985553
translation,62.82701214325305
translation,32.88452224326452
translation,45.97541314056592
translation,29.473179208799877
translation,52.58976815391086
translation,45.773922037814835
translation,14.303757094123753
translation,112.16690011684561
translation,61.308180975316745
translation,15.433289408110962
translation,23.543362449288576
translation,118.49609634966598
translation,63.84081708611848
translation,41.513779380666996
translation,3.788145471363579
translation,107.58161240197549
translation,44.90231702355066
translation,61.40381150636347
translation,13.027493810151151
translation,62.80087987485042
translation,14.929680270789802
translation,38.78008683092347
translation,5.873287074556261
translation,8.866899286550359
translation,36.12553242796073
translation,22.61546141747947
translation,8.639379250952944
translation,27.9075562535184
translation,42.2588518292259
translation,10.564506961189876
translation,21.21616155205462
translation,48.7881054150571
translation,50.146664034958384
translation,35.53304000001102
translation,30.746621253441667
translation,61.688499472618645
translation,55.319686008958925
translation,54.94767442698591
translation,35.64390206334092
translation,67.11133119672553
translation,58.542538313414425
translation,59.24399209165397
translation,32.45622063824478
translation,65.28965108409507
translation,50.90711182279988
translation,46.134226081858905
translation,22.277788280722664
translation,54.94321389378083
translation,80.02596694075973
translation,9.34851544220769
translation,11.928270781278687
translation,35.38993887804143
translation,72.46589239363004
translation,15.034873684996638
translation,12.309781773256349
translation,6.289368208861915
translation,81.24767335544402
translation,21.466465448338646
translation,4.195547785948064
translation,105.11139213691574
translation,90.88558176974074
translation,28.30996305663392
translation,3.1685702892000793
translation,107.55757741475963
translation,102.95780849864695
translation,54.1219222781101
translation,9.010005133120742
translation,93.6790302228157
translation,74.61766172033562
translation,16.35064391208621
translation,12.3680039662744
translation,79.10236993075686
translation,42.723329538837476
translation,13.151900942514676
translation,3.2444177628498845
translation,57.841814157550814
translation,32.37233130143381
translation,26.53817343773061
translation,19.781894979684548
translation,86.11325638813041
translation,29.619979103540484
translation,39.90190189075095
translation,60.96459104020516
translation,74.59222546516769
translation,50.28448942295033
translation,41.943394877230155
translation,50.367782689857606
translation,42.51265775347328
translation,47.9623650066782
translation,24.988843845844066
translation,14.02703894345718
translation,4.056944989725762
translation,25.159485683888505
translation,10.051148496800735
translation,5.176584567881758
translation,32.78671930165646
translation,19.329103260987626
translation,6.598709700158571
translation,18.23878712208831
translation,41.773959512674665
translation,23.435063946077243
translation,19.894595862275345
translation,24.261318467027248
translation,58.55296986289304
translation,14.295781776692522
translation,25.429140509165908
translation,17.22709334066897
translation,177.0447541404712
translation,18.015589677120442
translation,96.95517443688276
translation,4.6238531259147315
translation,126.15182935398278
translation,58.964198757265535
translation,173.22251399456528
translation,40.044669977509464
translation,75.89188203526176
translation,45.6479073944845
translation,153.7191395094756
translation,31.48324244259636
translation,44.798553226924405
translation,13.72425302221141
translation,76.35084217214295
translation,36.62041184617084
translation,14.668047752834761
translation,6.383535556717155
translation,15.68783513241606
translation,23.57855990567333
translation,20.490959421718074
translation,5.016496679396518
translation,11.641583899009484
translation,10.459174330785393
translation,15.57424243343361
translation,11.714952174099833
translation,19.057829844288946
translation,10.13496995221799
translation,9.110435055235689
translation,41.7849637436562
translation,21.735982365508626
translation,22.51599071231256
translation,7.0306751299549335
translation,146.7044887195199
translation,9.566067147960728
translation,29.489939475641272
translation,23.439608639638287
translation,151.50779729215157
translation,24.193310167834046
translation,54.97538678627713
translation,88.7522521061979
translation,140.80873381473953
translation,53.75566377660943
translation,71.94081113870747
translation,133.27365817187416
translation,141.9915270768995
translation,82.87388848090191
translation,88.28864815174182
translation,163.48279143290435
translation,105.3052218749607
translation,28.73226541770538
translation,11.0690885632656
translation,167.97031584658166
translation,61.16435737698589
translation,38.29270102119378
translation,19.28238168737583
translation,162.46395655475933
translation,52.86892156053933
translation,31.772381038416658
translation,18.65848718788282
translation,148.17177352074202
translation,7.652544915814336
translation,16.635046852378252
translation,6.654227048599689
translation,1.7573717401595044
translation,20.780818226982962
translation,6.700025608954839
translation,6.231993709228873
translation,5.53381359204705
translation,26.20356879824199
translation,9.493524314310822
translation,4.34721389009176
translation,11.589560079792951
translation,45.94982141072802
translation,19.646778810342234
translation,1.2067500997214273
translation,24.73288124523949
translation,49.78110181772197
translation,31.650288352316547
translation,3.7200220616364965
translation,81.56521226985946
translation,58.411610631535616
translation,33.64664160071765
translation,14.015391633970223
translation,134.080654588769
translation,47.02574644543071
translation,25.53375536761656
translation,31.740520146084783
translation,117.81756050441268
translation,21.448610726206642
translation,6.789238337990532
translation,10.583827811815805
translation,90.36323178534175
translation,29.59775510978217
translation,10.734369361979217
translation,9.501374386153241
translation,35.295478509785674
translation,72.35328761034306
translation,25.399769217994564
translation,20.20338583924402
translation,31.982468632928686
translation,101.16079958856625
translation,37.39057526178366
translation,17.42316540722362
translation,43.36401690743342
translation,74.26915085717681
translation,54.35199821734324
translation,20.798889016565433
translation,61.54720149006507
translation,56.637398434739886
translation,75.74491451323802
translation,26.710369819514426
translation,103.42288740705825
translation,50.05335050212699
translation,55.997489604169665
translation,33.586659804939316
translation,166.31933732497885
translation,4.171774312909126
translation,11.360497650291839
translation,8.868852446543324
translation,157.0714077360562
translation,20.02008770188929
translation,19.667313699922282
translation,63.84619723557949
translation,115.53910920184039
translation,15.161475665962312
translation,4.2733247505365535
translation,5.144209958526414
translation,53.74425616058267
translation,9.311114926900766
translation,7.403315065950188
translation,11.371829719398637
translation,10.384107998720285
translation,15.958355239262703
translation,4.824033288595844
translation,6.030373331547919
translation,15.26089880972708
translation,36.07955944430855
translation,5.309988739440729
translation,3.537418254040371
translation,38.387258231363134
translation,93.40690849694315
translation,15.308520321756443
translation,7.087844260293206
translation,39.76279115173155
translation,63.54421018041747
translation,25.77668332291444
translation,7.676677798277643
translation,56.80736534511521
translation,16.015110802023045
translation,10.292183387982767
translation,6.415784664344632
translation,173.1152138867989
translation,19.30488939879275
translation,110.57841631440725
translation,7.021979855689983
translation,146.54246253643197
translation,46.53032417457439
translation,32.48145675356361
translation,124.58322430875833
translation,18.225071511975415
translation,25.303608672585376
translation,60.343146693136
translation,39.208968556844795
translation,25.349816005181463
translation,20.332157633385783
translation,10.95782780515203
translation,9.504385980503644
translation,27.00691413941331
translation,16.02374127819079
translation,4.010583103834959
translation,12.264038276153359
translation,14.670091954403706
translation,14.085236484834365
translation,3.771456224345825
translation,22.169248976477817
translation,9.416775871107529
translation,15.291942495388408
translation,9.102838829028167
translation,12.075932559526091
translation,4.874659702035086
translation,16.873309816453137
translation,83.54239557193469
translation,131.84127379356357
translation,14.36688571813117
translation,26.826803296776887
translation,126.65375174744936
translation,48.04581838462096
translation,44.7011268436862
translation,146.1343938715351
translation,49.29401851260538
translation,92.8338516935761
translation,28.449879377861023
translation,174.82696013659415
translation,18.009693441592432
translation,76.48459514601682
translation,1.3834943250446972
translation,114.40278255468934
translation,3.6352061137116305
translation,20.05553195279601
translation,21.93878375231946
translation,66.3945840878259
translation,13.235624922741343
translation,4.867353729446243
translation,23.84962210963606
translation,23.192445544942103
translation,19.08721131062399
translation,11.72423363615217
translation,23.7049235403207
translation,6.930891816371403
translation,3.7057504102521337
translation,15.175900815373739
translation,15.345516485326653
translation,29.2210889633196
translation,3.863576270380503
translation,30.42669013607844
translation,3.0882392583069547
translation,48.347688304279046
translation,37.71705331851181
translation,44.95064443633572
translation,7.948793851948397
translation,34.414456457233
translation,102.86896947670347
translation,25.929110086798325
translation,10.725339698171913
translation,33.37019095888306
translation,52.12768960989506
translation,9.694769513214053
translation,13.84439554879651
translation,68.46768907076529
translation,82.9357730323001
translation,49.522446676571676
translation,14.42440142813587
translation,104.65423680467477
translation,66.74037772720392
translation,85.8360108136155
translation,7.9036030900631
translation,115.50361209518714
translation,21.61883338335908
translation,82.87411567349125
translation,8.48539645533633
translation,120.80889634893181
translation,51.71452458088732
translation,53.44895568819768
translation,2.053207960064279
translation,69.00446481346141
translation,79.63951475395221
translation,6.473533422464624
translation,10.851560916267696
translation,65.50870144340419
translation,73.77383204996617
translation,28.67291151073781
translation,25.143587580536188
translation,56.18109986897235
translation,50.43241601577517
translation,34.03620890601189
translation,25.536579643030674
translation,53.63287284673317
translation,26.61486302473696
translation,32.27948915291335
translation,21.314352077998652
translation,62.87984094220883
translation,24.36123116287604
translation,30.468219139692977
translation,9.593889652286965
translation,89.59853510016522
translation,105.50574886628966
translation,30.097672197815054
translation,5.426585168143078
translation,60.06546996450265
translation,105.30689399315759
translation,9.541732178091516
translation,28.85504894659186
translation,73.16402323007611
translation,81.25647419025394
translation,20.041841312704303
translation,33.32764278224427
translation,96.70675706687915
translation,59.79897157566307
translation,21.421341465913475
translation,39.23034882819626
translation,92.67904208661182
translation,43.56777216268023
translation,21.04069809944781
translation,49.641424468137046
translation,91.23455979985819
translation,25.22431263473373
translation,12.957442657406563
translation,71.10942450834573
translation,93.9652691282605
translation,42.54767941826276
translation,13.968060210666644
translation,73.14281173885297
translation,8.996236347288328
translation,51.79171984222678
translation,19.524193013714974
translation,47.77387230293114
translation,10.220761895193078
translation,42.50753800785585
translation,13.676227330387658
translation,26.106301408045073
translation,32.50657204049225
translation,31.403380655688185
translation,17.331996450909585
translation,15.822527965084225
translation,58.46079787927129
translation,24.59374418685332
translation,20.89190713273058
translation,53.26607369231844
translation,82.55581187064188
translation,20.233217148223382
translation,24.913642171524366
translation,118.2781856901993
translation,82.27253854251653
translation,17.18144863753907
translation,109.11294498638534
translation,32.436890100384296
translation,5.185272166318853
translation,120.523610675671
translation,76.56840342387102
translation,13.774156189587613
translation,12.370774538125833
translation,102.79924704133597
translation,32.864408608012724
translation,28.051055472303364
translation,30.88587213385265
translation,92.96810775589833
translation,21.754869782818428
translation,49.38581372997765
translation,62.753894203039415
translation,103.07288942558536
translation,48.78734685355504
translation,64.17503650247487
translation,94.44443543656078
translation,130.36048585244092
translation,2.0043326785782662
translation,144.39648989253388
translation,163.17652019954696
translation,38.54677767465733
translation,169.61787087816924
translation,162.7272905603328
translation,172.59788622503808
translation,77.76662157101926
translation,103.43974276944756
translation,118.65481809371282
translation,125.77681811349028
translation,140.352200784897
translation,58.299425227009905
translation,150.2584891118805
translation,41.25403523116391
translation,154.1549104847781
translation,8.50974082921274
translation,17.073115255902902
translation,10.679399026518315
translation,27.35600150808982
translation,8.179503411499848
translation,15.633540935689116
translation,13.775713521493325
translation,18.96471869391057
translation,20.509347000501062
translation,63.527399859386755
translation,26.748339603124165
translation,46.77462653414113
translation,50.35590768034283
translation,13.941370004569796
translation,31.695819215875126
translation,17.35563794532462
translation,12.005281680584345
translation,4.2793030485798536
translation,5.711316461861377
translation,0.32063865201560265
translation,14.565435313502892
translation,3.949169196334918
translation,6.184892885545905
translation,42.54418999008567
translation,27.654276082085307
translation,11.545090062939659
translation,4.3995790484158865
translation,30.436361916061607
translation,58.080581519407005
translation,8.008380158836044
translation,0.5055442509242675
translation,15.299506406985566
translation,109.52812765324431
translation,6.604766207288045
translation,3.587100304152149
translation,63.65814915159033
translation,138.74751032424365
translation,25.95611465316089
translation,42.034543753020216
translation,103.17310663801442
translation,135.3909428760404
translation,46.52755743624659
translation,70.69578584436495
translation,127.12259413993031
translation,141.96453315917196
translation,28.53338680357722
translation,76.7788164632851
translation,171.6400204455672
translation,169.2478411737324
translation,9.085806802037974
translation,44.90739642825785
translation,168.39041718719483
translation,132.78455378511052
translation,17.254647533313335
translation,12.054969615845138
translation,135.67830742813115
translation,66.50702725208029
translation,20.02621361301326
translation,6.573192988758996
translation,101.91304967638366
translation,35.386057672161414
translation,24.466237273254922
translation,5.614411184201009
translation,39.499380380458376
translation,15.672160366039252
translation,18.883944737624436
translation,5.953461930392419
translation,11.098621992198058
translation,3.5580162380241127
translation,4.914552697528274
translation,7.2158411130361815
translation,20.66907681909257
translation,10.226775277460325
translation,14.560067712821178
translation,27.053657143400365
translation,18.497710545218503
translation,10.721493638868106
translation,18.267698825655163
translation,24.15383493069926
translation,7.156476443247029
translation,1.7069732771684953
translation,13.548335002516144
translation,11.556013022931033
translation,2.796469830843946
translation,9.619545795780242
translation,19.24954006206751
translation,1.1308009567843
translation,7.922873222916009
translation,8.860718018899357
translation,22.65633484845136
translation,9.451543226417266
translation,1.4788808074381437
translation,6.262610842252226
translation,24.05013767706737
translation,7.499691796087496
translation,6.200869809867373
translation,14.065803817438331
translation,6.590983739976249
translation,22.28676539736961
translation,167.53157189684762
translation,57.547395775981435
translation,2.796416808986969
translation,136.45302443805903
translation,51.920376014613495
translation,9.484402430747494
translation,166.62501181573754
translation,117.83048312707642
translation,21.413529971226925
translation,7.191187097966328
translation,160.11492720906904
translation,110.2728567282276
translation,4.133400931059876
translation,10.062424185828258
translation,165.1499425857381
translation,53.690290960021635
translation,11.6630707910983
translation,15.030362096724781
translation,151.05871869099937
translation,45.209624970621505
translation,5.3087917860298575
translation,13.642772713680484
translation,96.82403076023945
translation,39.90085425454311
translation,8.33621960740086
translation,6.915768413934498
translation,47.42463289756741
translation,13.403751903753934
translation,2.9929226468345957
translation,2.4996716630530447
translation,24.640152039782937
translation,47.31132525360299
translation,5.94801797220627
translation,0.7574979965947128
translation,12.330279049486771
translation,46.69450925028746
translation,14.62030852449288
translation,6.029309802046746
translation,10.93173563887938
translation,36.14865024511453
translation,22.36447902155154
translation,6.087305855948158
translation,58.469850830562855
translation,15.34589982209408
translation,21.651958446647857
translation,11.681979888503012
translation,91.25058874882077
translation,8.48694703303662
translation,26.95874660434011
translation,27.78931081085639
translation,82.75867011021224
translation,25.21577904951125
translation,29.68407065410622
translation,33.834452452303765
translation,59.62102906850289
translation,32.745339570839775
translation,30.393824997645172
translation,36.12900646169334
translation,10.18799793287734
translation,9.213094711590525
translation,11.471612650788073
translation,16.623402370846875
translation,49.83376824520056
translation,29.062137642690914
translation,48.51517968346562
translation,8.864792677569106
translation,57.071496303146795
translation,27.633116516032235
translation,52.58075089442007
translation,11.336528707185982
translation,78.81575472375052
translation,19.247958856505843
translation,45.60938612348877
translation,9.52261511284751
translation,41.601393957794826
translation,29.866873171531992
translation,4.6472166429448265
translation,66.69263815787872
translation,47.53663146969427
translation,58.27270438085338
translation,13.602732857397957
translation,44.070212489640625
translation,35.031133208457426
translation,42.824346041114005
translation,13.95981935175747
translation,42.924245885321234
translation,29.655204517164336
translation,38.90368977589665
translation,16.95490563218525
translation,45.48927804664759
translation,33.77081605437797
translation,22.53267236152454
translation,23.832313859585696
translation,119.91501902189323
translation,20.532110616264585
translation,20.27783452683098
translation,35.15937299912215
translation,102.0015647264914
translation,13.030994101509835
translation,23.580821217308326
translation,42.476066724262246
translation,96.14775032549723
translation,11.05026653039729
translation,14.863550960430318
translation,122.85328119937815
translation,107.56714855521845
translation,8.508244422843365
translation,5.92183644192944
translation,133.99463297730733
translation,161.78806516075738
translation,14.83980392182191
translation,23.08692816759964
translation,119.96478132741832
translation,11.520120932011817
translation,24.4048854312295
translation,117.68382517329626
translation,49.04307438996276
translation,12.388746393258744
translation,11.792537956760876
translation,50.93074020488619
translation,39.48145498679729
translation,26.168310483321815
translation,6.600321708556761
translation,52.53377625733084
translation,37.48178332259996
translation,34.12548765992263
translation,7.748914596889321
translation,61.2979656700917
translation,41.840844632463686
translation,46.91633029924251
translation,11.561971866111929
translation,54.154163944594515
translation,19.367970807102537
translation,30.763119668090642
translation,1.718230290217931
translation,35.47667726874148
translation,4.399190269335232
translation,7.215623683356104
translation,2.085964729331857
translation,15.02758675949644
translation,11.602383215789763
translation,15.950759315938363
translation,3.6689755834328333
translation,15.766306426472509
translation,18.419417724404234
translation,28.644398809066697
translation,5.206289450647773
translation,32.851522451824906
translation,18.37431404658555
translation,30.065216116619485
translation,10.376988866125002
translation,30.34718053549846
translation,18.280153662829893
translation,35.03267624707601
translation,15.20371479937779
translation,31.14577668226039
translation,23.116733097770265
translation,34.22732220320535
translation,10.860507304498565
translation,26.3523007141219
translation,85.5627927022925
translation,22.355961689493768
translation,20.650499257149743
translation,44.034431021784776
translation,158.62648854100252
translation,16.77126720081195
translation,72.76047098174675
translation,99.88338570480754
translation,166.58579047531802
translation,1.2608111419685293
translation,106.747100278951
translation,127.96642863732606
translation,163.58543219438866
translation,14.713156083599934
translation,111.165799417331
translation,140.51952073066047
translation,165.98878123519816
translation,19.849192373672082
translation,114.40289732099644
translation,154.03848112745584
translation,113.48684567693883
translation,18.639319497466957
translation,125.54253508833636
translation,145.70639047779875
translation,60.94277112835195
translation,24.346459424890774
translation,71.63724869406609
translation,115.56185025839441
translation,38.89855860671936
translation,54.956097638112745
translation,15.21147723441752
translation,62.55428092741667
translation,29.447263877526687
translation,66.96388191161743
translation,3.461859880921255
translation,26.76078326467426
translation,9.337545502666243
translation,45.6917854232453
translation,7.364164009127359
translation,22.132735281686315
translation,4.340902051623128
translation,62.6627582443349
translation,14.51593150088805
translation,21.275149963442992
translation,13.166143303228658
translation,79.38046110724333
translation,15.72047062565153
translation,15.452342313550401
translation,9.272287218530353
translation,118.05255243391241
translation,16.122156079278117
translation,2.3325973644541866
translation,2.454300870040313
translation,60.02901149505706
translation,8.37469559939352
translation,19.988794589971256
translation,57.22422429203113
translation,9.105713784448072
translation,40.20787312487127
translation,152.15426011416886
translation,19.859628423596785
translation,28.34238210490674
translation,41.59594741479887
translation,174.09017228364087
translation,29.592890570510132
translation,157.04063154860498
translation,153.83443470464886
translation,156.1395155166166
translation,38.811363945666265
translation,157.52899075934252
translation,166.46933087701663
translation,140.58944808810915
translation,32.738792950538915
translation,151.53044986554394
translation,169.05501905299093
translation,137.0814109674342
translation,26.89217055259292
translation,147.5953782683394
translation,170.2168485464511
translation,152.78015603045284
translation,19.65022424455333
translation,156.30541488299065
translation,154.95776326995605
translation,161.75438780770426
translation,32.76509673270038
translation,156.62622889739694
translation,124.35778748750236
translation,11.46126318337847
translation,60.65234219209373
translation,139.2111904000668
translation,156.09784081680795
translation,178.61907859375052
translation,148.53281197941362
translation,124.96042283357446
translation,101.6404091679542
translation,121.3809696165266
translation,127.59036887476204
translation,132.9224939278915
translation,147.03132449415523
translation,139.2880520235665
translation,156.5571571902462
translation,141.69952882055722
translation,145.19029719569582
translation,99.51285432490761
translation,138.0322751801441
translation,71.48313042091313
translation,119.74126250321004
translation,39.49165400990912
translation,133.31549467339357
translation,18.68437211305654
translation,131.0847356277638
translation,7.324818942230632
translation,131.4185657654016
translation,6.826107644201795
translation,133.92355770482135
translation,133.92911533612286
translation,6.44638173129823
translation,142.29218994778145
translation,126.92012977349603
translation,9.685363991261832
translation,138.7167668118977
translation,98.78953072325544
translation,13.326611638063854
translation,134.7815189223745
translation,73.07898231427366
translation,18.628980100714895
translation,165.6139481014577
translation,127.36884559058825
translation,33.06563212951895
translation,11.115519905009995
translation,173.0473187990742
translation,149.70540943539655
translation,0.8381792239038104
translation,12.989873633807465
translation,163.70267562586497
translation,146.19292373733177
translation,11.620943913625569
translation,12.722361246090273
translation,119.02137450627421
translation,137.61919907140194
translation,15.295838815798058
translation,6.714663706003
translation,64.18066329262112
translation,132.6595017366718
translation,16.392243167459654
translation,2.6415581541199225
translation,92.37167219169807
translation,73.30686423052738
translation,19.39523648225215
translation,0.5836650539264087
translation,128.29858959300108
translation,13.577071422730926
translation,23.718178171650937
translation,12.737828931271569
translation,152.30193807899045
translation,6.77061319701231
translation,28.220151226302264
translation,24.863641851639976
translation,131.40789135172895
translation,15.05497563985219
translation,29.248880263834064
translation,24.83665274310211
translation,17.62006486688448
translation,18.82716100188394
translation,16.433984482782
translation,17.799531111695277
translation,15.322142141621834
translation,24.492333418868455
translation,18.35606498303743
translation,18.58647173019698
translation,15.796921447076441
translation,23.58172470790856
translation,19.262450880547515
translation,17.654060572077682
translation,13.418813089436465
translation,27.501735747697385
translation,14.075724018752503
translation,17.584776019963137
translation,11.218154405938972
translation,27.975618296297185
translation,11.400621511695135
translation,21.253813140548253
translation,22.039603074786324
translation,36.841125589900315
translation,25.15875648298208
translation,32.55953272989733
translation,42.66262210758481
translation,52.68952185797685
translation,54.53724654039364
translation,44.305113880763486
translation,75.18587569524186
translation,98.85357885176919
translation,82.92831620734802
translation,62.20245123876131
translation,95.09256092423219
translation,166.91160232977654
translation,83.2767329757974
translation,100.03272981891052
translation,143.0919156804277
translation,149.04471590364335
translation,7.41554359035083
translation,133.16528123595043
translation,148.54970177682966
translation,140.05424617882076
translation,8.718686186965398
translation,116.20115171414139
translation,132.45003948495858
translation,129.7652173346928
translation,14.559406530295275
translation,103.53633341275285
translation,123.197919738654
translation,119.89352158330156
translation,13.97021886098024
translation,103.62598247717447
translation,122.27998716419071
translation,115.94123897786027
translation,25.601823336150698
translation,107.14558472694992
translation,111.88862520039115
translation,120.79033525985876
translation,33.457867881332376
translation,105.3134962923865
translation,107.00151923408488
translation,43.50892807364633
translation,28.849772075738983
translation,88.04549943843041
translation,53.1113380788227
translation,22.39620798607365
translation,32.258107581367014
translation,18.46173290839691
translation,50.0403528288451
translation,19.038152127959435
translation,12.741896791630488
translation,16.12130125279318
translation,79.80523573943435
translation,17.8235038207305
translation,57.54333289576424
translation,19.230416583971095
translation,40.43377124316092
translation,20.016174864683272
translation,78.69950331398839
translation,13.92393711282788
translation,20.70265091949241
translation,29.715204152370085
translation,92.8537514859731
translation,12.692049950003659
translation,12.797935833917826
translation,40.57540098138439
translation,103.376565849513
translation,11.516473179895819
translation,7.992304887412511
translation,36.7893825078481
translation,95.38929239527563
translation,5.709602772240903
translation,28.805146184138874
translation,43.46145151868753
translation,106.15240641899354
translation,6.408071261641419
translation,38.0493137605179
translation,114.72679260610245
translation,84.69251339592111
translation,26.445626397383265
translation,96.29454564923674
translation,150.82252096752913
translation,69.0305368042533
translation,111.4195300313079
translation,157.6291668818074
translation,145.55605041974158
translation,32.564746327171584
translation,129.90707437440898
translation,174.01999234029478
translation,135.48654611022275
translation,12.511423292044297
translation,124.88060063772879
translation,150.49203028792746
translation,126.14455575823885
translation,3.685286089838745
translation,110.17176759902202
translation,124.22787679171488
translation,122.74456941443816
translation,3.3272096959250654
translation,109.59379691194398
translation,113.71274588595682
translation,121.4072941059765
translation,11.038222141697721
translation,122.76065441421258
translation,111.44456677416377
translation,124.66252458249076
translation,17.485917403569175
translation,127.96197199298588
translation,112.71007950944951
translation,80.03179137397609
translation,32.599882277239196
translation,106.33865397828741
translation,122.22870177937976
translation,25.203098235720184
translation,43.80326793177845
translation,47.715194076266854
translation,138.4235475888713
translation,33.57634157914761
translation,4.357790588901655
translation,13.101619923750713
translation,88.97974883149503
translation,28.10218831298836
translation,33.427023649893634
translation,5.936493577515105
translation,49.334180551530885
translation,32.61180779093144
translation,37.539780035257344
translation,10.920468057261589
translation,38.457155051749034
translation,28.903684338682073
translation,42.400236398744966
translation,9.870762359428744
translation,29.04568119777399
translation,26.98843457819725
translation,93.01675237683081
translation,10.858347616307508
translation,24.164704418926114
translation,21.596486068125497
translation,120.036072135754
translation,13.407741089615513
translation,28.262717094220744
translation,3.825291807535394
translation,129.49301410821866
translation,19.87716707029032
translation,26.910871047747893
translation,108.34255309894321
translation,115.764599016297
translation,17.842804516001095
translation,17.512765776032452
translation,120.87425769978906
translation,111.6499631198164
translation,10.624988164458658
translation,132.1852529680624
translation,132.0072955771664
translation,116.99855224206019
translation,6.123793953249881
translation,141.3708550691323
translation,139.63091201077722
translation,128.64939327354068
translation,67.22476484166802
translation,141.90421663707107
translation,144.36296090364118
translation,127.47830991546464
translation,57.82022092633846
translation,139.5124720291006
translation,157.58804480904962
translation,115.66892057678912
translation,10.566972012925422
translation,134.50920463051105
translation,162.49716255416308
translation,9.72088222096174
translation,5.422145878735886
translation,137.76535773277715
translation,166.87168963641363
translation,23.385422571625426
translation,21.68452479253123
translation,157.89580774016238
translation,131.64733769271217
translation,25.22985852040222
translation,18.980614392953623
translation,155.75014208530695
translation,35.587777820680806
translation,21.894329030479003
translation,5.698015391603656
translation,141.97606582226473
translation,34.83785151052678
translation,23.48979043529149
translation,8.169559011163086
translation,126.69084709041466
translation,20.45661246426668
translation,20.782046247410804
translation,20.985301132405347
translation,44.86770257864423
translation,3.7003443006357335
translation,18.15018217464084
translation,41.98587123226928
translation,29.946305189801397
translation,2.981130604524001
translation,10.950951304123894
translation,26.843194888874045
translation,37.178639637925585
translation,6.537128403629701
translation,9.232424516711921
translation,13.692599686989544
translation,35.37159302113461
translation,13.73548177763964
translation,8.127684461704977
translation,7.809989148308608
translation,18.982673287257906
translation,21.02085230878707
translation,6.59198759946568
translation,8.321095658426868
translation,24.75645580698073
translation,24.67429005400573
translation,8.648694909430745
translation,18.43288843924451
translation,43.47640880662896
translation,35.2279756210979
translation,48.77671970385755
translation,25.89158974157941
translation,41.32740166903477
translation,34.39436230040592
translation,156.8662396717744
translation,26.235456815140353
translation,36.727326348290134
translation,34.987738907093735
translation,156.13194147358183
translation,20.90152988133967
translation,29.396703662673644
translation,37.03330725718896
translation,151.07863919834648
translation,19.2843053854989
translation,26.61075370255582
translation,41.715420936851
translation,143.16938384535987
translation,18.970890604938013
translation,7.6186166379731475
translation,142.4910197780918
translation,135.94351108667658
translation,15.396043459465673
translation,131.7599596355933
translation,134.74286648218543
translation,132.1424499017174
translation,6.137382133709822
translation,155.89703289783142
translation,143.10585868742368
translation,127.89797331792602
translation,20.71253587088539
translation,152.36613218986787
translation,144.5176528482328
translation,72.51569349428472
translation,76.94366344654384
translation,153.31222193795008
translation,148.38287296490145
translation,10.604166218215637
translation,110.40132782440122
translation,132.13805349366916
translation,148.32660918533614
translation,12.202130886165504
translation,116.35871911767593
translation,131.7279151318837
translation,146.7885971046551
translation,17.780181554345887
translation,119.55553528022683
translation,138.9406907806472
translation,143.9533318954208
translation,16.797163365213347
translation,129.82558488806723
translation,148.70292054482104
translation,124.27480813876323
translation,13.782797434659122
translation,139.99339118285758
translation,168.4051585745645
translation,37.92993053503721
translation,16.931901523806108
translation,87.77468805712302
translation,169.46971610684415
translation,27.25772770187962
translation,13.23216985323268
translation,37.145635105386745
translation,28.227851278367854
translation,21.341405188136836
translation,4.279701305512525
translation,19.84190413607036
translation,22.845763875889002
translation,18.280999031787946
translation,9.882176850869946
translation,12.909648058564809
translation,18.274224984332893
translation,16.87961031526883
translation,26.540837893709263
translation,6.580369218437827
translation,17.37941441184873
translation,19.37140330222584
translation,54.24055832812784
translation,3.8617296777282055
translation,16.571795035499346
translation,20.01465224646741
translation,105.95364202424264
translation,3.1164186141673285
translation,17.02007290543692
translation,18.970540919562023
translation,86.60896738375409
translation,5.2564528994933495
translation,19.976272886148223
translation,13.495811919553873
translation,88.64767207274349
translation,7.464102891678117
translation,27.59459392397573
translation,29.982715348460943
translation,127.68317311098016
translation,8.470881381891731
translation,30.731437154102473
translation,126.14185909214946
translation,137.41959185351726
translation,14.173464965916201
translation,37.88681773045656
translation,139.61150490679827
translation,135.2038788003042
translation,39.85200180126818
translation,136.98122603952535
translation,141.9561035391797
translation,127.44034045165559
translation,91.39785906144382
translation,135.243728351027
translation,144.81173643736727
translation,118.65089814912474
translation,102.50564430114733
translation,139.40567020106405
translation,151.18645922566228
translation,115.06675916508468
translation,105.40324794968276
translation,142.96445221311683
translation,160.95119752083968
translation,109.016093265982
translation,88.79895649806917
translation,146.84686974812496
translation,166.8015099320654
translation,72.67610966454687
translation,20.862813019456116
translation,156.95693170358888
translation,163.7260595265555
translation,5.801471659667628
translation,13.957780121630854
translation,135.90104099199294
translation,61.722339977065495
translation,18.086200665843112
translation,21.67555032810178
translation,89.70787027050388
translation,32.399027698889945
translation,23.34530007226969
translation,25.790738413332736
translation,52.32139045711934
translation,19.902927554912754
translation,21.387593479721303
translation,24.514903726607795
translation,32.85525582950849
translation,9.498462477208989
translation,14.848100107272904
translation,19.474642291024
translation,16.35756814689473
translation,0.9085604647707994
translation,7.830118644510528
translation,13.006279878467023
translation,8.23661469348016
translation,5.531185751883604
translation,1.9777944545492743
translation,5.803547474551019
translation,15.630464130083904
translation,0.9826160518565885
translation,3.432005435958732
translation,1.071986017139487
translation,15.94657441690922
translation,2.2640918349901358
translation,6.510301083156259
translation,7.60945997925358
translation,9.766698721965376
translation,3.2848252980082404
translation,14.226879814560203
translation,6.286508506952886
translation,1.6765136725965
translation,16.835911239281558
translation,24.849380430035776
translation,1.8887641443847263
translation,18.471121402068867
translation,28.576993702430897
translation,33.454151689736484
translation,11.261676188765506
translation,34.38322015917224
translation,35.729027735450636
translation,37.10029978109416
translation,13.171871729677987
translation,46.61682136725363
translation,44.278097507046894
translation,35.78265030844111
translation,11.715438225127281
translation,70.26831133064101
translation,36.76043804875645
translation,28.822138986480866
translation,8.500299556793536
translation,79.5849445045486
translation,28.06486133464319
translation,9.49548596968551
translation,3.3602002873132277
translation,24.645643038655695
translation,17.12436116906134
translation,5.062694948390725
translation,36.12498326611376
translation,32.61422914930808
translation,19.50228752210756
translation,17.42251215647246
translation,14.01068149399929
translation,35.94677402389407
translation,23.225618359024978
translation,23.706900700126727
translation,19.228357617930282
translation,38.40726168334214
translation,22.487644676897435
translation,22.009920313530674
translation,23.348032865351076
translation,39.055008561480136
translation,9.772274065924941
translation,17.293069202802865
translation,34.50370734998104
translation,32.79552174829361
translation,1.8050158919484705
translation,23.349898819400526
translation,48.25603945592583
translation,27.09423652703265
translation,4.766573026705186
translation,34.724700653085335
translation,63.086056204038435
translation,5.9615281832581015
translation,6.6388545173487445
translation,65.34619172371427
translation,48.76064181110503
translation,68.62823081942965
translation,33.617166180165135
translation,82.28267971405613
translation,87.7033016045868
translation,78.77670895663074
translation,88.36552707718268
translation,66.9631786314484
translation,91.79101139896741
translation,102.22210450252288
translation,87.0395793137154
translation,64.57171314068987
translation,79.192971268587
translation,98.87832549514972
translation,77.14965496199775
translation,84.70808107177884
translation,75.39753739070952
translation,102.87709778712801
translation,73.0367566010768
translation,93.56730963167055
translation,55.09460350262219
translation,105.04407955914968
translation,31.531574546562872
translation,106.46107024619708
translation,43.5864092288091
translation,112.0423572905768
translation,7.661782382667832
translation,84.64118574642738
translation,12.428840437882597
translation,125.73290624940127
translation,29.925481575873057
translation,39.11573040208921
translation,34.594193543625025
translation,146.43368125361553
translation,31.575015869258753
translation,15.39797730624534
translation,28.291564435292894
translation,23.32336840383288
translation,12.499318574998322
translation,135.91541447197494
translation,73.58880096948681
translation,15.889107642874269
translation,10.54720484681645
translation,133.3476415786525
translation,75.24990678199269
translation,8.401289362294104
translation,7.843493143131276
translation,147.0308713530257
translation,5.131067554699719
translation,145.47480860988205
translation,153.6875465354648
translation,36.729361627367275
translation,8.254904981581065
translation,172.27113293545042
translation,154.68018837673952
translation,50.93499384766933
translation,146.26610797464883
translation,164.1887944248945
translation,151.79656733451716
translation,42.49919198557287
translation,149.9477231044619
translation,155.25764946699059
translation,152.7661220756904
translation,32.96496271199037
translation,139.33056391919766
translation,153.16209497638457
translation,126.289131578278
translation,26.498744178889446
translation,86.64811467736318
translation,27.059199903913186
translation,17.285812661535555
translation,69.83173326291848
translation,79.59465543544879
translation,29.633449350843208
translation,11.691020315277074
translation,77.25092320883466
translation,67.59151789511941
translation,29.06454814646558
translation,14.367292471732659
translation,99.1311153056375
translation,25.999699253041392
translation,29.79288597513261
translation,12.987248944178166
translation,121.48843019999723
translation,57.30778108914678
translation,34.74526443800447
translation,24.354564366202776
translation,126.66897460119529
translation,35.297837186880415
translation,34.53518649045559
translation,37.98999177740322
translation,127.89805044697822
translation,24.879968447556845
translation,29.10808522261482
translation,42.17387039983108
translation,135.01477662292956
translation,31.351358248230447
translation,22.853831697430337
translation,116.01435547603434
translation,149.49197004482488
translation,35.67295717186328
translation,18.320465879335824
translation,106.6011817119759
translation,117.30942174069857
translation,26.86954713954869
translation,13.87550571844152
translation,96.39462750039758
translation,128.5192711612387
translation,131.39166083445187
translation,154.7928898037839
translation,138.87837854550096
translation,156.4638292649076
translation,139.44192335549067
translation,156.53915177214364
translation,16.45696180920016
translation,160.06540681887515
translation,27.502616730097376
translation,161.21264031645583
translation,29.518122297455328
translation,138.93076800112974
translation,20.36631967432858
translation,130.52900182228308
translation,10.931805143449147
translation,111.95016702728508
translation,8.636932534173873
translation,154.25992878575255
translation,98.55071512641264
translation,6.242867463532895
translation,102.85452015564195
translation,17.091604220140415
translation,5.043818301000182
translation,50.537187983469636
translation,27.34128511344249
translation,19.816750153227776
translation,48.84439843365447
translation,29.54548716599304
translation,97.69926170718341
translation,27.624057135252578
translation,28.056337307603265
translation,142.1677566312728
translation,58.949372247560405
translation,19.450271732469083
translation,22.27158446561274
translation,134.41320439885564
translation,19.724136940199312
translation,21.516660786591302
translation,13.412801633894617
translation,111.8108823929169
translation,12.859613720914023
translation,35.94840695863178
translation,8.824506592116599
translation,78.76619459547476
translation,17.39226964347753
translation,41.46032372140153
translation,7.377038240217449
translation,64.83293213675096
translation,15.49209363994075
translation,10.5060530438935
translation,10.593973277987647
translation,64.31705549194227
translation,68.67352954299078
translation,25.902834591527615
translation,47.35802799789354
translation,62.45725214808383
translation,139.45252908341638
translation,30.375844172074856
translation,112.46242752010023
translation,58.606421411349125
translation,156.82381853945313
translation,33.84652664427704
translation,138.4170288051854
translation,26.554331526235444
translation,34.68017749967063
translation,28.785013530416077
translation,140.1328564076192
translation,10.480741019127219
translation,35.6169704493475
translation,26.423905134116897
translation,131.43949190033408
translation,26.78250123159503
translation,40.81076227318428
translation,28.579494168342322
translation,127.28203215237032
translation,31.463171099427953
translation,41.02945850528391
translation,24.664951824216452
translation,100.12989521373449
translation,29.837395226441537
translation,31.150267415178796
translation,49.64428862941007
translation,117.68838055681071
translation,22.370914182421167
translation,8.910119119054022
translation,124.94769993674866
translation,124.37206889630679
translation,10.682790425524253
translation,117.70587198718638
translation,133.93948163353122
translation,125.53618880324167
translation,16.16259692577997
translation,126.57066570755133
translation,136.34470966969775
translation,122.09688702824681
translation,36.17193544751258
translation,132.72682410789312
translation,138.33245225335173
translation,126.7953869024931
translation,2.6031444529035563
translation,136.8378495313823
translation,141.47864351833633
translation,141.23114229734966
translation,21.86651068391297
translation,138.27248758053173
translation,142.94259635966017
translation,36.621227011541684
translation,20.251654245152622
translation,145.06798911177285
translation,141.69475757323545
translation,30.879291090698633
translation,15.31769238227672
translation,148.39307919139281
translation,136.45266530935544
translation,28.481787485985862
translation,13.520542327354935
translation,157.7309622286739
translation,52.87888955833949
translation,26.119851161266112
translation,15.080470638557653
translation,129.20429740623695
translation,19.64666727637873
translation,26.14116816978819
translation,13.826278923624262
translation,25.93611001020869
translation,20.92674013565883
translation,22.224561963761374
translation,12.984492993322949
translation,13.073982219234127
translation,26.33580253485853
translation,21.657172952562938
translation,19.79873341671368
translation,14.206159287240588
translation,25.961026936876177
translation,18.486259656699186
translation,22.65624014943613
translation,22.35908272282928
translation,25.947282284500986
translation,16.428432731622912
translation,23.426539282318977
translation,25.86070586117977
translation,26.991415254904723
translation,16.106496114809463
translation,23.148898350423842
translation,36.67362963260418
translation,29.507122195594906
translation,17.38132019148972
translation,26.37207896697279
translation,40.921578064114456
translation,31.210177719975107
translation,19.51626516239213
translation,33.06239441627492
translation,37.73592836626999
translation,31.46285157826123
translation,12.475264012617892
translation,120.37316430219003
translation,31.087918211492852
translation,28.065459667910957
translation,42.95466420309329
translation,127.01147138338249
translation,18.294623590563845
translation,17.92622386510586
translation,113.94462533924592
translation,132.15958380592778
translation,18.552138010527482
translation,10.952208689146387
translation,142.99520446067876
translation,135.40636455351142
translation,27.31920902451844
translation,31.529979384739338
translation,144.4376864034306
translation,136.37191915353299
translation,33.781104835091355
translation,79.27110050330714
translation,143.86340386462078
translation,141.27408669312743
translation,19.85557844417156
translation,108.50761614897965
translation,142.44275289106017
translation,140.5068063238371
translation,71.20943637189114
translation,125.51476868980221
translation,142.13220945758664
translation,143.17867848471502
translation,99.47486564441473
translation,130.86551876134737
translation,138.40027053019116
translation,139.44113981600975
translation,115.768878649768
translation,135.81122110547028
translation,137.39427049488822
translation,128.63516535642424
translation,126.1328515982792
translation,147.86125710803023
translation,139.6609920199938
translation,80.6015206420372
translation,135.21444639252886
translation,159.0109912027377
translation,143.68312898104472
translation,14.066854967859333
translation,147.3856396847069
translation,163.70449456380675
translation,148.85699824455824
translation,17.06929369664764
translation,153.6935366628299
translation,165.86336423231367
translation,155.7676545768863
translation,25.21240208476177
translation,170.9857495507348
translation,166.77363772060588
translation,162.80042838339014
translation,28.33165769220205
translation,151.4697999530696
translation,163.82993382215912
translation,163.46190708043486
translation,30.74343468384821
translation,155.09211911490235
translation,153.45144584775926
translation,39.168650481008996
translation,25.828474002105658
translation,164.1546260480885
translation,144.60625901542645
translation,19.088214788715625
translation,19.008336307432355
translation,149.57144093277435
translation,136.82489414880706
translation,8.522216482122856
translation,12.561296158723682
translation,131.28663190536054
translation,134.02393850072187
translation,12.143038197263548
translation,9.8350858571571
translation,125.97796801592736
translation,137.14577622274805
translation,13.937780720423387
translation,9.471286463274907
translation,127.15852657557842
translation,144.37098997039948
translation,15.112182108347536
translation,2.7756761535086656
translation,134.37093464953514
translation,16.938521920196223
translation,4.5442228764892985
translation,140.1395788735363
translation,30.817866832864738
translation,19.581928441937478
translation,6.998855356693056
translation,154.05931038048655
translation,29.23258695070361
translation,20.801690656323444
translation,11.279220479463829
translation,55.51742177227252
translation,24.54832672365818
translation,22.486435871111635
translation,16.492099355962253
translation,46.79583947845472
translation,20.177722618033147
translation,22.17577954345979
translation,14.328509678964712
translation,36.6787735284299
translation,23.858492913385202
translation,21.847370401203495
translation,15.044625600818346
translation,26.85930773272323
translation,22.439725625464952
translation,16.517761174022265
translation,11.988850910293959
translation,15.945595918795405
translation,19.44378390447531
translation,9.194941133904232
translation,8.469273208519827
translation,11.216783433412887
translation,19.144366062440312
translation,4.158404688860675
translation,8.456905308352892
translation,15.936225939289727
translation,17.59694652256266
translation,4.256529625606739
translation,8.925009676066546
translation,21.78137865232888
translation,16.42460708750778
translation,10.647399623963155
translation,9.760969724220134
translation,44.72432857530666
translation,21.758706031679186
translation,31.833896234798395
translation,16.125491987434454
translation,142.58870101779485
translation,142.22607529541042
translation,127.29999241907983
translation,22.992133798053327
translation,161.15994201178773
translation,131.65978904781372
translation,114.11286142226646
translation,21.43245723104534
translation,132.0409592505075
translation,99.45580468323666
translation,91.99193851446151
translation,26.870391889065317
translation,109.63437495860333
translation,84.56800335116883
translation,58.601849263131705
translation,30.84554159289551
translation,70.39799963243999
translation,67.33560016460618
translation,27.965323852665698
translation,26.833090670044353
translation,52.92567184638256
translation,73.03741419304195
translation,13.798389341490882
translation,19.98402319773949
translation,36.16261339418801
translation,66.39660027790705
translation,14.109864404270711
translation,9.582355302327812
translation,57.6793187057669
translation,87.86046830615582
translation,12.162252763416927
translation,16.749286771575047
translation,69.61423547479603
translation,106.43446299932764
translation,1.9615815986761178
translation,20.437031176912857
translation,91.06317794612892
translation,98.9219107913775
translation,8.909465060548863
translation,11.685257107818858
translation,119.53618128301792
translation,72.17287560706342
translation,6.7933803920549805
translation,18.53502703627021
translation,124.38780746618835
translation,37.918478193694426
translation,11.399021731328864
translation,20.799448751763986
translation,156.9444239519769
translation,61.30010588439393
translation,40.2140687375877
translation,12.884112086161274
translation,62.79040832476832
translation,45.81583693071615
translation,44.49535416805939
translation,7.4156015542752565
translation,32.46867404050402
translation,30.667269528415407
translation,35.86222734299258
translation,5.461975072978219
translation,45.7787370015203
translation,33.04843239918496
translation,39.6779072549026
translation,9.870787802394622
translation,45.888502860915196
translation,23.18873531595759
translation,31.877422548408468
translation,7.321663622023066
translation,42.827272217127046
translation,16.44970581504201
translation,13.860611655576646
translation,0.8920608776947855
translation,35.64111681022753
translation,4.33800069807454
translation,24.90666456030034
translation,15.679840229520897
translation,24.755437626425756
translation,8.897064148238844
translation,51.85582760829389
translation,61.491271335676075
translation,6.972821448323026
translation,47.636671167617
translation,58.51854749571899
translation,90.2532457092654
translation,46.3504276910863
translation,106.07882974282096
translation,55.2876610427294
translation,120.59132010613375
translation,95.2545841266196
translation,147.50425287667173
translation,53.02702815399415
translation,136.22664852202888
translation,121.29808582792133
translation,157.71815669825824
translation,69.31518093270498
translation,141.17414089748578
translation,171.1911487017343
translation,171.37766652269545
translation,83.04139915439825
translation,154.79502705845493
translation,149.27233360813153
translation,158.13108888827907
translation,101.54952494846188
translation,161.7882597331406
translation,132.60380581586915
translation,140.8290769665403
translation,127.86906487718603
translation,16.822615681388143
translation,150.1723066168564
translation,113.65660234578885
translation,120.12521458832327
translation,9.34059530368998
translation,85.37453777991871
translation,64.24385410929749
translation,103.3336897184584
translation,1.2159268553820026
translation,87.4624811307254
translation,52.564425924700295
translation,120.28573837633691
translation,5.310503184825539
translation,86.80316640216304
translation,40.975977612513944
translation,128.8631399987788
translation,15.242341757411399
translation,88.02236024683768
translation,36.67981332122947
translation,130.70231431504908
translation,16.64947829932203
translation,68.00705739614033
translation,31.183507602298917
translation,133.20341867489387
translation,10.160707893587931
translation,28.235803612651917
translation,24.157902982928288
translation,44.425126821029636
translation,0.7624327714598946
translation,10.253220209733783
translation,17.534414795223995
translation,22.18278715211107
translation,10.119962764554499
translation,17.384216056711118
translation,113.39164072078906
translation,17.014385048051544
translation,12.71883847376374
translation,22.165559944384206
translation,162.99030220609012
translation,15.590158500350212
translation,18.71901860892353
translation,168.25988202458998
translation,178.69281084370087
translation,21.810354403501904
translation,18.0008856966704
translation,168.97044366129649
translation,173.33345919143045
translation,18.28016409272037
translation,10.953042006671916
translation,166.96704477127287
translation,173.63936786039852
translation,9.223291871230206
translation,7.612712731402422
translation,161.45085554313155
translation,175.98137503198524
translation,7.154337439351063
translation,10.544844539092976
translation,177.36954902562147
translation,116.86784218525938
translation,8.20906305260237
translation,6.380096448812372
translation,176.4167344550781
translation,21.663813379288204
translation,7.421401120403132
translation,10.024843414864812
translation,160.84109015438796
translation,14.60373404908789
translation,10.290320954328973
translation,11.101729467651422
translation,102.25953780520965
translation,12.215568749658106
translation,14.521250440462264
translation,11.278299326105195
translation,34.32491039753025
translation,11.529653612338864
translation,9.213005516662697
translation,1.6724303298938281
translation,14.151456665954152
translation,9.974563920157172
translation,6.648649537581304
translation,4.193445869565461
translation,10.973186198770392
translation,7.8777255776519395
translation,5.171588447678938
translation,9.357743480458751
translation,4.965132071965907
translation,4.468773334168732
translation,7.207853909783721
translation,7.901826887248474
translation,3.6962893826923993
translation,6.463340727872596
translation,26.345209446584082
translation,13.56754769513801
translation,13.621186339877248
translation,6.152393744012579
translation,72.62261504345311
translation,146.96891368333172
translation,62.03846739561789
translation,2.2926401995066565
translation,139.36401855157257
translation,170.46656613641417
translation,112.93926300365528
translation,38.161835230573516
translation,150.27339292689115
translation,176.161389717443
translation,118.1313445117059
translation,26.690547814896647
translation,138.22324678174814
translation,68.76720396234225
translation,15.761556137583828
translation,124.25524598665534
translation,165.1162955413819
translation,43.70380120809386
translation,119.2818248602636
translation,162.7084995846768
translation,50.25324228252486
translation,151.06599607188525
translation,151.9896221861892
translation,159.90162742225047
translation,41.292171455671344
translation,137.9722743311104
translation,174.7965276933934
translation,144.07620046020162
translation,45.455354715038254
translation,149.82631651304646
translation,169.6058482761027
translation,144.63932111505437
translation,135.509865542606
translation,157.08278855775083
translation,172.70570770184622
translation,133.47642104699617
translation,143.19590355796294
translation,147.00271786577153
translation,172.79569349800613
translation,149.1083891544477
translation,141.38112141796512
translation,147.39118807895431
translation,152.99028565533965
translation,151.7637496991021
translation,146.11175458132897
translation,171.00078146359678
translation,154.15519705334452
translation,149.56951971002476
translation,130.6390206710771
translation,168.04868511246983
translation,127.0728552412525
translation,113.00262409669602
translation,144.67861772592397
translation,167.13267012365404
translation,96.39400275011111
translation,152.00993296626473
translation,106.47381175966606
translation,114.9047230479745
translation,152.02288548976452
translation,94.7823704973111
translation,140.79728713790027
translation,146.77981520356798
translation,146.64689790871014
translation,115.44635886770831
translation,147.36716329569757
translation,103.79588966481886
translation,152.68086628279266
translation,93.72224082014996
translation,156.81286785031537
translation,73.9075000341259
translation,140.108846261544
translation,121.85302426962932
translation,31.089445507416965
translation,116.07467543954408
translation,92.64582168162103
translation,111.64288344599981
translation,115.2131232967398
translation,66.25381984603769
translation,121.41356590390718
translation,94.95321472249093
translation,38.14497369433202
translation,122.42221265811862
translation,62.11037114872477
translation,56.993718474186274
translation,30.301061777228103
translation,93.55481972196584
translation,5.044821237338185
translation,35.46003099921882
translation,28.120293569817477
translation,71.36187240924392
translation,7.4667204009232275
translation,6.133093983393479
translation,31.75901433940126
translation,59.51676945151921
translation,11.665173499518986
translation,58.58582440753569
translation,51.66062973368242
translation,108.8375696349786
translation,18.513493391546273
translation,70.27247528724212
translation,109.23492277058268
translation,163.57956950514696
translation,22.512010875320478
translation,75.82641473868387
translation,164.33545290656627
translation,149.84035417163352
translation,20.517178885226322
translation,68.77852811238752
translation,145.3312639247727
translation,99.5785493880909
translation,13.406773157511296
translation,52.11380193777172
translation,133.47731080941486
translation,46.274270429640076
translation,4.576269315431051
translation,117.94816688312171
translation,121.80875663739758
translation,20.13734743682358
translation,2.729404932569407
translation,131.75136354838014
translation,119.56755937973053
translation,10.062378299142884
translation,1.7573173200740626
translation,135.77491741778357
translation,122.80163120296983
translation,2.376553663740334
translation,1.1042550775920126
translation,137.26008365018947
translation,123.72407958379283
translation,2.264878952758323
translation,1.8914917091667849
translation,131.43665070729648
translation,120.68426065176853
translation,14.128441646615686
translation,10.602861657933744
translation,27.521584537013826
translation,11.757946050549352
translation,20.132708579948943
translation,11.102722413096322
translation,32.30024610011169
translation,23.36376161354129
translation,21.549681075566
translation,11.511015169669484
translation,29.00972704723346
translation,24.670969084084778
translation,22.599785909851697
translation,10.64912515010784
translation,35.593263478877574
translation,23.208090784034642
translation,18.427320629530296
translation,7.266092801987825
translation,61.22947693069788
translation,20.61647759852331
translation,15.081743611207832
translation,7.308198852204263
translation,20.961377386223052
translation,17.496903040171507
translation,13.384959115832343
translation,7.187326295851019
translation,23.07976929152996
translation,17.87799684790498
translation,13.754188464853232
translation,9.339475422681991
translation,22.912768703273102
translation,18.912434780985304
translation,12.422948438747127
translation,13.006322858671505
translation,27.91666245875137
translation,23.30980693718024
translation,12.81025161627373
translation,17.13702758061746
translation,27.628566393052093
translation,25.627493745052217
translation,11.661882374806684
translation,18.81623962971324
translation,23.326652976828854
translation,25.029349404412308
translation,5.222042394152892
translation,15.217947552369479
translation,18.386976522537626
translation,17.390696234213237
translation,5.411105050257135
translation,10.825535296517767
translation,18.488241650807616
translation,12.994768492030484
translation,9.213636586658472
translation,14.550091363879366
translation,19.96853465991658
translation,7.5003045950420075
translation,16.07359621808846
translation,55.03511175064471
translation,61.23366660790074
translation,8.311452185599935
translation,28.491175680202318
translation,131.58548035453947
translation,113.9887960728673
translation,60.02669845621059
translation,96.98707920818569
translation,112.91463740537863
translation,36.27962995973111
translation,44.744108091515706
translation,90.32349124905762
translation,80.45316374163178
translation,32.968295069797485
translation,36.039829457786496
translation,94.31666736877554
translation,54.37181277013874
translation,41.84931348514553
translation,37.86320977822359
translation,108.79596090908902
translation,49.15204994564935
translation,46.55527202885829
translation,39.66048012941397
translation,120.64904014842519
translation,45.234171609983996
translation,48.188362456445795
translation,49.62241603225239
translation,134.52918276520822
translation,26.13965770450161
translation,41.99087129259279
translation,52.415278913238225
translation,148.43884418604554
translation,15.689530822278146
translation,46.91909585889093
translation,111.13531388047016
translation,151.6108639684724
translation,32.406522145907715
translation,34.428055327343415
translation,155.60667789829122
translation,166.7993215029173
translation,32.39639630752962
translation,150.61167534096418
translation,166.0634895189616
translation,37.12676561374919
translation,138.31213965011992
translation,152.76142267262932
translation,151.07769332006745
translation,27.041289868620186
translation,146.31713659196896
translation,156.4813650776052
translation,142.12349438889945
translation,22.213899358535368
translation,151.35030639585622
translation,165.21743663385945
translation,139.91025626300342
translation,9.4581717811088
translation,150.82517956524472
translation,174.93631405525767
translation,68.21885303983552
translation,4.405181961873123
translation,160.26282098778987
translation,173.76488789757119
translation,55.16310579392872
translation,3.3350500235738405
translation,165.0978199710455
translation,161.8732889248372
translation,34.82407234834163
translation,5.010448928047436
translation,163.05646255390423
translation,127.46921146773886
translation,21.72646324674963
translation,4.409224955516502
translation,140.12452861216687
translation,71.2353903758031
translation,13.406178796374299
translation,7.236632198687427
translation,146.20355170186608
translation,29.890472521511512
translation,8.63881593726816
translation,14.121615157047435
translation,109.18267306456812
translation,15.245256754476255
translation,9.144905451389663
translation,16.598607038958928
translation,37.67896139209479
translation,6.01937691627759
translation,8.411420456265567
translation,11.902748063490018
translation,6.330876801500279
translation,6.868136851660723
translation,8.070420453530941
translation,4.991775670281154
translation,8.78819257474556
translation,11.547191052573435
translation,6.0314551178013325
translation,8.309775392756944
translation,13.716078901477564
translation,18.512034778296915
translation,6.062916864859262
translation,21.635076300664263
translation,12.95429619459374
translation,17.02791477015779
translation,4.1474796991653715
translation,23.288829271839344
translation,12.681634284497656
translation,13.992411912076513
translation,4.103733518904236
translation,31.85664778066237
translation,34.895564512023775
translation,4.406417059344958
translation,14.705298983248515
translation,56.38042229797624
translation,49.36408241286194
translation,7.064126697021118
translation,27.29491397879036
translation,146.18626839042628
translation,36.745602170332184
translation,8.30851712728936
translation,24.025793573744128
translation,133.6957655272916
translation,17.064388392198286
translation,14.417914608056925
translation,6.142321047270727
translation,168.6070897584183
translation,15.066639791592841
translation,16.505893408532724
translation,52.712303239750916
translation,139.68284512140937
translation,27.18299760552286
translation,22.5116185321959
translation,88.03872036704026
translation,105.35391264683399
translation,31.670939939728104
translation,21.376189032773944
translation,110.07985872460328
translation,110.68278084737825
translation,36.35425022047121
translation,12.752915869176855
translation,135.72077081206513
translation,118.01710488164292
translation,23.40431316501837
translation,72.40919611429143
translation,166.9976892377755
translation,149.53071520053993
translation,29.073604134307242
translation,118.79943561879871
translation,173.4206627952501
translation,161.2374229959475
translation,44.62018979829383
translation,137.619169089661
translation,173.43783858652674
translation,168.54465430804368
translation,114.82719657679577
translation,157.56867213664364
translation,169.32253247728457
translation,169.40021643904353
translation,134.5887978304112
translation,171.36345476082084
translation,176.5869111103624
translation,164.44314996055508
translation,133.62808485383331
translation,168.59960749248756
translation,169.30269200534437
translation,164.92820124033545
translation,151.32694643686133
translation,165.8700415804773
translation,158.94358967993085
translation,167.1967379861135
translation,176.57535401421723
translation,158.0467941326393
translation,145.57043040879154
translation,161.53041512582922
translation,149.16015694065638
translation,159.27773782050107
translation,143.61285819962853
translation,150.38138241467948
translation,128.64736196947436
translation,153.85094528659488
translation,136.52490189448088
translation,109.20636752715265
translation,131.8871551827652
translation,169.32486555845827
translation,144.41099089956066
translation,19.88976452453443
translation,162.4833365868889
translation,176.9444231028919
translation,155.4539657524016
translation,12.140248924548825
translation,168.69062986609038
translation,175.45562701064932
translation,158.02714764471574
translation,15.408679722889948
translation,139.6694443429759
translation,122.32717729366624
translation,166.98243992565872
translation,15.844308433988509
translation,131.29421173790783
translation,84.60011493320629
translation,173.3602428014078
translation,15.583280575653225
translation,119.28573281041879
translation,77.06333017129623
translation,168.82909518071207
translation,10.053581262526974
translation,54.09753660683171
translation,30.214196987597717
translation,2.9559741626693117
translation,48.85302021408768
translation,51.618668624902114
translation,11.377432186448837
translation,3.6143184036613096
translation,56.839355141750374
translation,73.68519809202657
translation,5.041629905606247
translation,2.5094913540796426
translation,60.27294662028563
translation,130.42929475501847
translation,4.494122502590158
translation,6.3595401750181955
translation,53.75526899135629
translation,149.1746788885421
translation,9.437916382479349
translation,8.711620937156306
translation,13.240577839534348
translation,9.210500803722061
translation,19.407689066094697
translation,9.558627756778444
translation,18.659580489834035
translation,4.3618997567575715
translation,10.666837734090944
translation,22.267307601614235
translation,8.443076725569528
translation,18.282120657542
translation,7.178621461510754
translation,9.291153267889019
translation,12.437336187135957
translation,5.830103521663186
translation,13.370687552677904
translation,9.418056282124661
translation,9.164461747306039
translation,9.057505430644643
translation,1.8869652369013337
translation,9.324690396661927
translation,8.789000511363685
translation,9.449505368115606
translation,8.364598925693413
translation,28.36860004876626
translation,14.786706818982923
translation,9.46025874622357
translation,62.12622387081832
translation,54.1467725214777
translation,7.694264526689033
translation,117.62116262523469
translation,156.8482114408039
translation,19.168743713702238
translation,138.35941512461284
translation,152.58215667606828
translation,148.95294274384656
translation,143.17068540668546
translation,145.1428789620516
translation,25.477921832707313
translation,130.2835046280743
translation,148.99085740019976
translation,133.75422508104973
translation,71.5009322656645
translation,126.51810113764725
translation,153.11485501326106
translation,140.8216521032599
translation,162.17396372890005
translation,128.86872554488855
translation,158.66771421370066
translation,161.35262201069708
translation,152.5316775113452
translation,140.69766223238025
translation,166.69130120289967
translation,169.81971988216762
translation,137.62062069764465
translation,146.65226059035072
translation,168.225188612688
translation,160.84144566220996
translation,124.848197234778
translation,142.49240744195677
translation,151.996713479394
translation,98.7730458146076
translation,118.99108175846403
translation,140.03960447934276
translation,143.53267389772245
translation,43.82972205242105
translation,128.040740897846
translation,151.35494036625116
translation,137.26199524362585
translation,20.88685175337073
translation,152.888105841321
translation,169.65174494777818
translation,145.7837740460728
translation,7.624634114183207
translation,122.7520352642659
translation,128.09345755787146
translation,108.5326629741422
translation,3.544146853176001
translation,100.28792581669146
translation,107.33008755920028
translation,77.23623841175139
translation,10.091467291858434
translation,110.81082564551312
translation,97.2795820345311
translation,57.90892873412971
translation,18.691917949159862
translation,110.4504149411628
translation,101.7229739112736
translation,45.268928855888596
translation,20.335687464754464
translation,130.5816899857423
translation,153.65858530447062
translation,23.245538406130983
translation,14.605727521760516
translation,108.51188073140914
translation,150.27964801506104
translation,6.290911158041899
translation,12.817067602483077
translation,96.43665121645698
translation,123.43439460983973
translation,9.464754359172433
translation,5.3582103761439575
translation,88.15210180561299
translation,66.21652970030439
translation,11.507271958101434
translation,9.119033770638918
translation,112.90479615851855
translation,16.701951177204936
translation,9.22951820243618
translation,29.83230285386696
translation,124.41600539767312
translation,16.668447341400388
translation,7.305283038580791
translation,52.542244592925336
translation,85.86909425550743
translation,13.618886471774115
translation,1.9031751065170341
translation,63.48397569801125
translation,55.54308572140772
translation,11.338546217531533
translation,6.303520585924542
translation,70.50194716371101
translation,32.00349975741308
translation,11.640128845216902
translation,8.766475103937236
translation,66.37276853325423
translation,35.64895681643705
translation,6.009219236270314
translation,13.214240542107259
translation,56.38641654006495
translation,46.710055569870065
translation,3.6132782676276514
translation,15.01790697217067
translation,76.01669767259509
translation,46.26983825619709
translation,3.4234506168546113
translation,2.7160100172409773
translation,118.85851993908389
translation,28.417532541437147
translation,7.559951761329338
translation,33.450932753737916
translation,153.5752518063966
translation,20.680652946395096
translation,10.089426100196366
translation,73.96322157901193
translation,95.37632186356817
translation,45.5707910516397
translation,2.3510460876029033
translation,100.51364825557904
translation,102.32009833408195
translation,43.00844443382967
translation,6.619563761761826
translation,120.64183074485233
translation,106.33911862956343
translation,24.20808613335872
translation,9.436744021832888
translation,140.43560735586584
translation,114.4312530304079
translation,7.491884693580171
translation,29.33477463193192
translation,164.07940680644177
translation,147.0910764258439
translation,30.89811158988857
translation,81.13943457158351
translation,175.28040966499805
translation,171.17638593532516
translation,53.89176392529177
translation,168.4660106624796
translation,174.68519247731766
translation,167.34611043733216
translation,91.54124458530647
translation,161.39324490299833
translation,177.7527148328075
translation,170.9425469889748
translation,177.5810537549543
translation,159.89769787137314
translation,170.76624310810266
translation,177.35733588610574
translation,147.8372555239477
translation,151.21907754726533
translation,153.7927832265656
translation,165.53163848302836
translation,136.90802922899363
translation,150.03466567023736
translation,144.40810544348906
translation,153.8046615686857
translation,139.75409837263726
translation,156.1533645595969
translation,144.47014559154266
translation,148.74311581674917
translation,138.34417684799828
translation,163.14870592507918
translation,150.1159913841352
translation,123.8437270059666
translation,146.1180133662228
translation,171.29688107555037
translation,164.8733152941601
translation,12.239720490970686
translation,165.450720152883
translation,172.65569433814585
translation,162.02570971938536
translation,24.60891748913622
translation,166.40618965162395
translation,152.9280077375177
translation,124.21821386362394
translation,30.903299251000288
translation,142.9227869895039
translation,118.26294110738456
translation,86.41608084819282
translation,25.305603792142144
translation,133.4119675043458
translation,82.04000136498797
translation,53.671774171830435
translation,16.30665013525519
translation,111.5040347074731
translation,11.914870623377881
translation,25.653619629295825
translation,8.408244646064949
translation,85.45503325535745
translation,19.845659654387553
translation,12.958836330359592
translation,2.8136015117005604
translation,11.529114117624461
translation,13.714703618637893
translation,5.228228534791149
translation,0.8774234058716895
translation,23.893939955237183
translation,14.909772383667843
translation,1.6952291502995234
translation,1.1025159917663017
translation,43.23999702876277
translation,17.558423163949886
translation,7.527146114670778
translation,1.7758747739337122
translation,48.80990562456875
translation,30.19938319009526
translation,5.763552114891139
translation,2.6757523867777975
translation,44.915903437075805
translation,45.61142969716787
translation,1.0024248533056797
translation,4.792446339733898
translation,98.24876665927437
translation,40.81022062342692
translation,3.569666031625587
translation,10.417370422594097
translation,98.79921142550292
translation,33.23691017249428
translation,10.521665115289842
translation,18.382511650563636
translation,92.75968924615881
translation,26.423510946221118
translation,12.86577820541479
translation,19.90401189642469
translation,73.17339018708323
translation,16.330315606585955
translation,10.737650768075003
translation,12.867750131637102
translation,33.58436701669247
translation,6.2135092431213295
translation,9.358795321504285
translation,3.3225319610136745
translation,9.570239815644063
translation,10.914570849011394
translation,9.078436588319745
translation,10.673065116973508
translation,9.908743798902538
translation,15.773954936293627
translation,8.249639983444947
translation,18.433833638065142
translation,12.849524602474753
translation,15.022179310552245
translation,6.611933711662789
translation,22.027893291679543
translation,23.39275318746813
translation,26.993077869501516
translation,5.624618203482721
translation,21.872320520888433
translation,29.250332336278987
translation,34.322693473444176
translation,3.7042052118406783
translation,15.451692455591171
translation,49.78148086584702
translation,66.4128085672719
translation,5.62551319446099
translation,0.8553154194274232
translation,39.169427414777935
translation,81.90808238497286
translation,12.323201417165826
translation,13.755009314530477
translation,55.03367868083488
translation,132.7980782785588
translation,4.964701139470571
translation,17.61367391885488
translation,86.0394681297311
translation,61.67066904948913
translation,10.829056249870586
translation,3.3028899843177686
translation,148.77743834110507
translation,69.79202603469396
translation,19.40299762036788
translation,13.467743699300303
translation,147.65790415113068
translation,45.32457180812286
translation,25.772558449907578
translation,22.705535612486333
translation,117.62110840353945
translation,39.768168531261644
translation,17.503575674607085
translation,26.507081780074632
translation,73.65501071853765
translation,41.67459301740214
translation,7.282276859693031
translation,23.16024855688199
translation,69.88778864991704
translation,31.700312197631316
translation,11.964913280534454
translation,18.97186211939755
translation,30.42817798467953
translation,5.12314862573156
translation,18.521695677475186
translation,20.30345088777558
translation,9.710270041696607
translation,18.468383992455664
translation,17.325889790066498
translation,24.97537027738617
translation,6.636333605877563
translation,25.48954395223074
translation,1.5624549948170967
translation,21.790741482862487
translation,2.3322051309392458
translation,34.842886958709094
translation,19.203450841939286
translation,27.566840989121676
translation,22.483599962213628
translation,41.35832020344771
translation,30.477227032978327
translation,50.52284983338464
translation,35.737364500726365
translation,39.8215796572949
translation,171.08915990707536
translation,61.54740446198043
translation,26.766298125979585
translation,44.915508836565344
translation,176.44066735675744
translation,58.39713072764034
translation,2.665356967486174
translation,48.51732846604473
translation,148.44561904242465
translation,51.09474263157612
translation,18.185368565781733
translation,55.761696822560914
translation,130.77037956932682
translation,35.642858451837526
translation,28.32085371898049
translation,80.19058810312656
translation,129.8560926620936
translation,7.8854808111316395
translation,13.495890008410308
translation,144.41331480752788
translation,118.08084984011357
translation,35.26755081456859
translation,6.1140226839429195
translation,148.42743377040927
translation,133.4586642184982
translation,53.27434592283751
translation,16.64715332730862
translation,148.03467891101718
translation,117.55378850896277
translation,56.26024513725793
translation,44.72513536678976
translation,158.26178218652447
translation,127.23467806331283
translation,31.262235609562858
translation,91.96321204757315
translation,169.9672377698481
translation,136.13369780675836
translation,53.279202551470654
translation,119.7455546697505
translation,162.04003357492275
translation,155.0481939582307
translation,79.79773208529457
translation,133.91593106093237
translation,137.6361811955428
translation,165.46216034939488
translation,95.20575332323307
translation,138.65252705406752
translation,135.32075702079325
translation,137.53299935602283
translation,163.0858095917474
translation,148.7952456181818
translation,159.2944402749606
translation,174.68793174500513
translation,173.33661664611736
translation,173.3829122523776
translation,172.64721113187233
translation,168.70815084582193
translation,164.09312067822697
translation,162.9814556740588
translation,174.97582935421192
translation,154.82009716149608
translation,159.34988902800546
translation,138.76646307421188
translation,176.6370845653828
translation,154.218158060346
translation,164.47521443205312
translation,120.61554261680557
translation,171.35984391023862
translation,152.823481580795
translation,171.3474572265133
translation,101.30244376057973
translation,169.21781460943896
translation,147.04904354101674
translation,173.018731718035
translation,80.52107336414026
translation,165.39831787200984
translation,149.12273544948087
translation,163.6897006109815
translation,122.56394578635816
translation,177.21981608351922
translation,104.9947889320239
translation,30.290659472366034
translation,118.71602710814143
translation,139.10832359715448
translation,44.92885786338089
translation,77.65208383691245
translation,100.35957767242527
translation,88.76900814965421
translation,25.539479962724855
translation,92.87099420512227
translation,86.15847125016035
translation,65.2339540703322
translation,9.424565717082174
translation,72.10707064060826
translation,12.412045707775217
translation,47.430599783386356
translation,8.060045735481062
translation,66.7496266877888
translation,19.16979665993157
translation,23.175284856623747
translation,33.24459430614717
translation,42.9248329876935
translation,21.431385612071114
translation,0.9702199048865174
translation,39.745831827856286
translation,16.752939474622153
translation,24.446945003704656
translation,28.627912646196567
translation,65.52026240345738
translation,9.238481967178894
translation,53.47449287132452
translation,58.137130677420004
translation,99.74614844864954
translation,12.065641666654374
translation,74.59394353909063
translation,162.83003936887806
translation,117.13396721897567
translation,23.6401992378417
translation,80.3916799786778
translation,150.03702844179523
translation,135.77495250934973
translation,13.89381351003452
translation,156.96522588985772
translation,133.159974332417
translation,161.63816434728167
translation,11.91856800522387
translation,126.09850859292087
translation,118.12988991031266
translation,144.44847777103683
translation,13.250439220508023
translation,118.74531320619514
translation,113.28457190501052
translation,116.16315904102238
translation,4.0442559210460125
translation,106.00844486459049
translation,6.185624815133693
translation,36.340187146364805
translation,15.527929100600971
translation,10.716166742058116
translation,17.66312108005992
translation,23.979781561387377
translation,21.700621616654292
translation,68.1349248914434
translation,32.59807876089101
translation,24.564897225027163
translation,74.30413480602583
translation,37.73086387039269
translation,26.873456886906958
translation,49.514384324729384
translation,32.00700845955277
translation,24.808313216418743
translation,58.455978668861796
translation,15.267403482156698
translation,8.400946946319166
translation,67.24534352648726
translation,56.589906957126374
translation,1.888418555920217
translation,14.234607183811928
translation,73.13458058269416
translation,49.679200170935694
translation,12.138406538189242
translation,17.012947175780756
translation,65.2999216508802
translation,28.74609792119792
translation,11.004453583383718
translation,15.990644108049628
translation,60.926649209369636
translation,6.290415609622289
translation,5.363967279326322
translation,18.11956375964833
translation,53.84134532535539
translation,15.851624315989698
translation,5.541367261111934
translation,19.822352050722674
translation,26.899711536513802
translation,31.449294801009458
translation,17.79459480519801
translation,11.31574597970867
translation,26.829541190562264
translation,40.651268368255884
translation,37.44843063622609
translation,11.520574532312631
translation,31.789856128368665
translation,39.77570982716387
translation,40.04298999907233
translation,21.935946835312535
translation,42.23255149409819
translation,37.23612360706097
translation,45.8843490564311
translation,69.62421940009035
translation,47.154790236304386
translation,27.718077905815147
translation,51.425972726211846
translation,84.94679327356309
translation,56.257996944233945
translation,31.690991882253098
translation,88.74396715813117
translation,124.98124384986278
translation,62.477336229010135
translation,15.356299884115803
translation,128.3539056975822
translation,126.25459005460658
translation,48.66194633334822
translation,70.70073040344504
translation,113.53336891034316
translation,134.94377081953814
translation,79.29945332797843
translation,106.85527200966999
translation,114.82737553576246
translation,165.4482734372097
translation,86.3826401828148
translation,131.83509221547644
translation,121.7610640608669
translation,174.50078696263026
translation,91.33831687314827
translation,138.5338118456144
translation,131.2807922052056
translation,126.56520600587116
translation,134.27081631164927
translation,151.03431415491886
translation,153.0582992596216
translation,91.17673822104229
translation,166.65523453130072
translation,171.42159811265208
translation,172.28596043996458
translation,74.08943049517528
translation,165.1917979895983
translation,173.13874294333718
translation,141.84845118601777
translation,70.15480623139685
translation,167.9045772886067
translation,146.13986163649795
translation,127.24100656950682
translation,72.5186158463605
translation,174.07349797257527
translation,129.22361058336608
translation,128.1095887315907
translation,81.99778155802423
translation,176.04859841407873
translation,121.43730028636092
translation,137.55296080783245
translation,45.9143185339098
translation,132.7559643959009
translation,113.63231404365656
translation,123.44444600717569
translation,15.243472238662791
translation,83.89401712670498
translation,125.92574998537148
translation,31.714555769649056
translation,14.796921373088086
translation,95.44384494768276
translation,149.16577886128857
translation,26.954678072151694
translation,18.189353759674074
translation,100.84337510858393
translation,152.9602621086932
translation,30.32409978975933
translation,11.73170035292353
translation,100.7745554692218
translation,103.12704145371215
translation,35.82588638260004
translation,11.827638234721343
translation,148.47860106527605
translation,101.38206884454654
translation,25.854129717093937
translation,32.15653251258888
translation,153.41841885172653
translation,100.68159933902017
translation,9.23386339518656
translation,56.456551624803694
translation,114.9459219535801
translation,94.0696107193849
translation,21.80387663509225
translation,49.09997406928184
translation,86.20898272780289
translation,79.49708326470089
translation,28.596578629190017
translation,30.307998440357842
translation,77.4761967902729
translation,41.58558958145162
translation,26.52885676626455
translation,13.698306602327362
translation,71.13758396107193
translation,2.1449506491202
translation,13.239415432108453
translation,8.506345721100745
translation,40.922478255645494
translation,31.435857949675107
translation,7.666169199273334
translation,32.76283115319381
translation,78.02424099058113
translation,57.89092671224757
translation,29.44158926774954
translation,51.575980224435575
translation,71.22807545767856
translation,66.6480851579303
translation,46.05961736519665
translation,55.58262026747308
translation,57.39891801921994
translation,59.83045616977464
translation,44.31719014296776
translation,43.944488232531896
translation,48.26850481348928
translation,46.612667738261756
translation,38.35266230696011
translation,22.22963603628299
translation,48.690751993339475
translation,27.691411385705415
translation,30.547924185554006
translation,2.7390980747774116
translation,53.861126233556504
translation,6.334573303350754
translation,28.47370950233284
translation,25.790641131269492
translation,28.069624401226697
translation,52.28650466726098
translation,21.068663497441783
translation,37.469286501270844
translation,88.01212281532838
translation,75.79672221958754
translation,31.58062926035699
translation,41.28562674652466
translation,87.1124865951878
translation,78.68027419733296
translation,20.88277552725842
translation,39.09683719617544
translation,79.72045341871464
translation,81.96334280245524
translation,3.577198521266767
translation,21.910904436350744
translation,76.30339546809756
translation,99.93602130508599
translation,15.296948749666196
translation,4.140133282156742
translation,68.75882885388224
translation,114.40389054006927
translation,32.61326247213281
translation,31.900675868324626
translation,64.35673912621088
translation,121.8434419363128
translation,35.450510387392
translation,39.55553906075079
translation,141.72299179091004
translation,82.32178319107655
translation,37.357165619278376
translation,37.76553023929707
translation,148.45031952717724
translation,68.56494772525379
translation,30.754970067781525
translation,31.4930729483847
translation,149.67690600050418
translation,74.10257051739714
translation,18.866347126337356
translation,23.974722682406952
translation,127.3901725563406
translation,76.78330320534482
translation,10.174386714496034
translation,23.596137612676067
translation,82.55786647150393
translation,65.51759387032376
translation,25.87110233922611
translation,19.678789432411175
translation,50.73410791422089
translation,40.31736028197593
translation,37.86745078342458
translation,13.244040634618987
translation,51.11621585959128
translation,11.110995618663708
translation,43.159812069093384
translation,7.018809958679931
translation,56.295332282257476
translation,31.081426452543628
translation,37.358239795712315
translation,3.409651172827318
translation,19.67243787150237
translation,49.00528154666229
translation,23.95777816515673
translation,5.57175426270526
translation,25.802926015508298
translation,60.837336474052435
translation,8.574701789590216
translation,12.133805371524563
translation,78.48482381503369
translation,62.4825387012409
translation,29.260077417396168
translation,42.39743144268866
translation,74.05039942441466
translation,57.8931049232103
translation,30.988971183566072
translation,52.49984947443447
translation,67.19407614617644
translation,36.86658281098844
translation,24.260364769211385
translation,42.11875098100715
translation,68.3914784046118
translation,32.74683533136428
translation,18.376439460339586
translation,17.412776391988558
translation,42.43113577515991
translation,76.35961423031387
translation,6.812508998629963
translation,47.91970613774685
translation,47.208002602720065
translation,85.87215684925228
translation,39.24801388343408
translation,69.0433394333736
translation,94.30524438600385
translation,93.4194465230801
translation,72.00182636396707
translation,80.99684921171801
translation,91.25610896088915
translation,78.19769105950283
translation,70.60726436465113
translation,70.79675388006628
translation,100.12986556827681
translation,71.87065044071915
translation,76.74026805407064
translation,68.35639792118157
translation,101.3785385487715
translation,52.32143598841058
translation,66.19834588019188
translation,50.44660940719349
translation,92.29593305008987
translation,8.752798093829623
translation,20.605557051460494
translation,14.501704081377135
translation,47.472679557394244
translation,47.021235170743786
translation,68.1396544872047
translation,33.595107699479634
translation,58.023402406726326
translation,52.67534857182623
translation,61.35333579100753
translation,39.21470200408533
translation,46.62151327600471
translation,44.28235789286046
translation,50.3469896918021
translation,31.53496110123964
translation,42.591341455168774
translation,39.15316963156617
translation,9.884777860670267
translation,29.849690948776995
translation,52.50882409940915
translation,92.02113182736485
translation,10.645856228610977
translation,36.5554334263685
translation,44.49729986931957
translation,136.0232859859215
translation,31.644951674793955
translation,31.672747274182846
translation,37.38867897042758
translation,137.68694038040542
translation,25.1598558019711
translation,22.797927894684033
translation,120.93922844814607
translation,165.2065973084822
translation,12.327807908474398
translation,18.960477970493198
translation,157.61848874521303
translation,142.42130684079547
translation,17.69110327936332
translation,15.06538533636915
translation,167.2306259697881
translation,134.7456446292761
translation,11.616092822773448
translation,11.788511087658897
translation,156.49876407226284
translation,121.8779037416552
translation,23.67757538823351
translation,25.782833161810284
translation,162.08027645251354
translation,88.04956288595389
translation,30.773792386181412
translation,50.373237220834575
translation,108.50067403302144
translation,60.05354205472348
translation,21.05382119667702
translation,67.94903209794705
translation,86.20865076357691
translation,42.83462959348288
translation,8.61684032752845
translation,54.817490073120965
translation,81.16821890853191
translation,40.32387113051537
translation,5.661862096914068
translation,30.420940213595678
translation,56.44575657822903
translation,8.598449491284747
translation,12.69789245960145
translation,14.417161285914219
translation,31.380382963712975
translation,23.00654130827937
translation,19.355108283596472
translation,27.673766928431217
translation,27.163464789346133
translation,24.13028257603998
translation,20.632482316615782
translation,16.567934908595404
translation,36.32653887026302
translation,31.214997182278484
translation,18.207029201442314
translation,7.060415541299976
translation,45.78010674564188
translation,40.00567271689048
translation,15.038223012975076
translation,1.7472716028757738
translation,39.92258079373899
translation,38.09646855876669
translation,105.2492450946338
translation,3.378843362150369
translation,32.784264084955346
translation,27.298269215558133
translation,123.58446357900343
translation,13.872201459938703
translation,29.903101972543173
translation,23.098556140585995
translation,6.290775009160915
translation,16.37747608315437
translation,37.31415047974757
translation,19.02939478053423
translation,35.13800667652769
translation,21.493426853617915
translation,21.205517876423286
translation,3.566261988586976
translation,63.786096456820054
translation,17.702774169933363
translation,21.249204002100832
translation,125.54686751057142
translation,53.570945154170694
translation,11.733809809189419
translation,17.295657505704952
translation,135.0127149413663
translation,92.55114577302906
translation,14.850630302098109
translation,86.90046723406111
translation,133.10718711692832
translation,93.66589993520105
translation,21.25894745560387
translation,127.47717764891622
translation,138.21618566508897
translation,88.6126160986036
translation,13.329129829184462
translation,147.25147717799257
translation,151.20776885528025
translation,76.22666364467311
translation,16.729496700630037
translation,146.0246746791382
translation,153.007253345466
translation,49.91534064478612
translation,25.765702844342634
translation,144.99623834847026
translation,168.47307792310292
translation,38.937641143905246
translation,27.242722116396358
translation,149.99248208058535
translation,108.21747193187805
translation,20.761784712062184
translation,9.047530943698172
translation,156.60435950333016
translation,17.394291295090365
translation,7.776977408683959
translation,6.396597362146528
translation,59.992694044057565
translation,11.45272056411752
translation,6.614790372905384
translation,6.618882215463619
translation,48.98781878568994
translation,4.055698189463032
translation,16.070568756831012
translation,11.718017623295465
translation,43.11142261775782
translation,3.110146049996434
translation,18.6514680326125
translation,14.464856103576993
translation,19.638068337415977
translation,14.817666982944406
translation,18.842673634331977
translation,10.422093507085279
translation,11.824364748485669
translation,20.67382301259846
translation,21.989132869699667
translation,2.1875640180758853
translation,59.233061876216794
translation,31.23571056378938
translation,17.31535014703077
translation,24.657322043660706
translation,66.06252140493372
translation,28.99849216017087
translation,10.938606708518433
translation,44.05702833942796
translation,48.65023919453046
translation,10.903210623008551
translation,8.056097458179211
translation,28.081244184347167
translation,25.295541686992355
translation,13.728912608639794
translation,19.54124301583848
translation,1.968982338900139
translation,13.644704574264017
translation,32.04841347763284
translation,39.29092683665075
translation,27.450923876464515
translation,8.155708886317482
translation,44.03445719913578
translation,43.625547349058536
translation,42.706351976066266
translation,26.812446230401473
translation,68.20529883232018
translation,62.08652461643496
translation,55.957495325856435
translation,73.50950632863737
translation,99.28208437012812
translation,122.40140920589778
translation,70.53119386099372
translation,103.06909565151517
translation,118.03746857033698
translation,149.20263959550613
translation,80.54522716251667
translation,120.10588859872439
translation,140.37260146206094
translation,172.11333014941016
translation,91.03837064526891
translation,121.34998008392401
translation,167.24668125003512
translation,165.75703030971405
translation,91.84809652598155
translation,125.270909902733
translation,172.13865920485065
translation,114.62647532644839
translation,77.28255614233038
translation,136.02347248986953
translation,162.33418876303966
translation,69.10838640892501
translation,67.92597147960312
translation,166.0154962007106
translation,137.24995143564723
translation,51.53586600345611
translation,74.96926904632775
translation,132.4475164165408
translation,106.3211265010762
translation,36.632849527886584
translation,70.9175928245181
translation,106.94758155756263
translation,100.51881509283406
translation,23.137874739963937
translation,66.83187738787024
translation,95.24887167627456
translation,97.5918914928602
translation,17.8429117290895
translation,63.937143025312615
translation,46.58191140089491
translation,86.40353822552102
translation,15.80237253986014
translation,53.49654655447066
translation,9.830125809533122
translation,27.873316197481717
translation,20.809233589252926
translation,6.676377667598597
translation,79.94919305440911
translation,25.74535759999409
translation,19.248143320772236
translation,23.05278551099352
translation,96.64139690647217
translation,38.81630758009579
translation,39.376268986285396
translation,27.592837361371288
translation,102.97943907963463
translation,49.90222019991973
translation,57.295266715457025
translation,29.34947886939745
translation,56.07289215880102
translation,53.79088453524005
translation,53.860778866946006
translation,31.313848859651976
translation,56.160877224174
translation,51.945144484227114
translation,40.572751156171144
translation,22.890638072726926
translation,58.912401169451456
translation,49.06516969448139
translation,26.933902548067806
translation,15.67472460391674
translation,57.10331989639703
translation,48.44888957353653
translation,20.16573180965248
translation,5.652839679883699
translation,61.11145232667572
translation,25.496007182139778
translation,42.65407499022563
translation,2.891191539768447
translation,59.188333193510346
translation,65.71891178161798
translation,23.655280692147016
translation,18.52191013150848
translation,29.473670595639003
translation,77.06583480742543
translation,12.400349941672351
translation,25.92304030803369
translation,62.82274938713125
translation,86.1243820485528
translation,7.641209271683071
translation,29.24271383875886
translation,101.74889656916875
translation,91.67835646611718
translation,2.370530964010939
translation,34.5099873489444
translation,94.27632404387764
translation,94.37468693354128
translation,6.891151108263193
translation,27.18011893344405
translation,96.23326001709313
translation,102.56792238274305
translation,11.953396424635361
translation,9.227826609789883
translation,91.94531213849346
translation,96.77989147741161
translation,19.237777037673997
translation,7.638570521651297
translation,87.8778416106262
translation,44.32474240692507
translation,18.500574298754284
translation,21.68352420156977
translation,84.12424341155618
translation,61.34411702076421
translation,15.378225224053187
translation,28.129079519371768
translation,116.29037059268097
translation,73.37377763604765
translation,2.6265372147702606
translation,32.885139658340826
translation,115.40517625259157
translation,65.61665656127472
translation,9.841744649481555
translation,31.776113405950237
translation,82.7182495577919
translation,60.335669963379786
translation,17.45804205843012
translation,33.291799435584004
translation,74.40759618677163
translation,43.03894645240691
translation,27.686507057836543
translation,15.436633780823625
translation,61.49424390772784
translation,28.578233240131013
translation,34.9747003948673
translation,3.5501228738581654
translation,57.28312030451658
translation,11.187477265096192
translation,35.3094094224484
translation,3.0762044742694115
translation,43.73496353406396
translation,9.671659885676698
translation,29.700700367505682
translation,22.877351418547292
translation,13.730118889662958
translation,28.783062007580693
translation,17.038775148417916
translation,33.79278501422221
translation,11.25199668757633
translation,36.797045486762784
translation,4.769748701174825
translation,41.62104002877818
translation,38.3343601894874
translation,45.899954021887986
translation,34.73131472236666
translation,67.45483144796779
translation,52.19703767318134
translation,53.68902131901493
translation,56.72655312671072
translation,86.96247288069578
translation,71.35328564889488
translation,79.95734061761598
translation,88.2514837110923
translation,127.22447228812561
translation,78.64970913047546
translation,151.9300011600678
translation,102.31500729789994
translation,156.53165400548968
translation,78.53031714568002
translation,119.60460992856191
translation,126.03594232645456
translation,133.42345720081255
translation,133.1696040602673
translation,110.16831396531825
translation,159.0318563656733
translation,82.48011754991346
translation,115.58321770519656
translation,106.7079939633997
translation,164.91654135834017
translation,53.11145110748465
translation,112.38173139564513
translation,105.33133476315912
translation,149.54304561726715
translation,46.47512369097001
translation,113.05395623021853
translation,117.11764675276956
translation,158.1712783985553
translation,33.667110530248245
translation,104.42015435756768
translation,131.7013595929429
translation,158.5176576718396
translation,19.888517399263815
translation,95.37026780037804
translation,99.6797066428783
translation,170.9899834879651
translation,7.115137062492089
translation,40.33979657236
translation,88.55537476353135
translation,127.61214436943153
translation,9.115775736362977
translation,76.11217866403679
translation,91.22621125010824
translation,78.38889676747911
translation,15.874136054174004
translation,87.52410376789426
translation,96.37815085008104
translation,57.11329916437631
translation,18.49240353155245
translation,91.85994305955398
translation,95.88732437348895
translation,30.83839103949882
translation,11.532519281273295
translation,95.24582669187993
translation,114.13976066941093
translation,11.391202882713406
translation,105.68154726558511
translation,135.85107397302448
translation,1.8537182060213433
translation,12.953857833455634
translation,114.00217372674108
translation,153.01037241765388
translation,7.636481012219494
translation,19.008087550630396
translation,135.11100257705002
translation,140.94154792132906
translation,14.532922972850185
translation,23.101172185016
translation,127.2537427646809
translation,108.1979886592914
translation,17.088857142118137
translation,27.210999299207064
translation,118.60822305268337
translation,77.38071987638816
translation,17.82805809555194
translation,25.393229327255796
translation,122.11047233844076
translation,46.74275773314887
translation,17.391230154827888
translation,18.525874984513344
translation,128.30633946098257
translation,29.17399256805255
translation,19.68403219293675
translation,11.799048797517832
translation,93.78424842713416
translation,17.080167386872414
translation,2.5434852218079174
translation,37.54146533991161
translation,10.68365593153876
translation,17.323325431497377
translation,4.969177269911505
translation,17.884680714424434
translation,7.670150641035187
translation,14.57938356012682
translation,5.788813616356703
translation,8.025747923541125
translation,3.899138035809247
translation,7.321097972680305
translation,2.546311301603252
translation,5.212056255922214
translation,4.497155267356579
translation,1.495295535825356
translation,2.5727351451217406
translation,1.0599236244692511
translation,7.548887250909168
translation,8.181844210978925
translation,3.932650474498098
translation,3.919063196520504
translation,3.6487433204532262
translation,12.532672674036785
translation,11.895295982472007
translation,8.17820417732192
translation,11.769600783176168
translation,42.172532644954856
translation,19.947660987147962
translation,14.83731013810823
translation,36.94073058893452
translation,84.24386630108577
translation,9.761427369562407
translation,29.103751249143738
translation,65.08840252293535
translation,116.32479509800187
translation,83.84205281087014
translation,69.93709544382627
translation,130.15376548575824
translation,148.79265416316656
translation,142.35251198678702
translation,166.1240596323112
translation,160.13831173099902
translation,141.34804678799367
translation,112.75107244154677
translation,166.6519887989397
translation,126.24262558073342
translation,140.2884925229099
translation,110.06088559022939
translation,174.2915698951558
translation,117.05045499167917
translation,135.62314357399052
translation,136.4267594772141
translation,120.09934568413685
translation,117.03370798641768
translation,115.25498668991007
translation,130.1898522850029
translation,153.56326087426092
translation,170.7299520847598
translation,171.23689338429497
translation,160.2413522018503
translation,124.32511518186062
translation,141.4905609720981
translation,137.48677936832698
translation,35.37170098350233
translation,144.03468317714646
translation,12.191014303318967
translation,147.38855073460377
translation,12.249988169119296
translation,149.7371860231278
translation,24.03324316280351
translation,156.84223063782932
translation,18.985782584051165
translation,165.55751455274097
translation,11.790526463129686
translation,125.65182894067492
translation,171.12842345411443
translation,10.448539737480251
translation,141.58353852222982
translation,35.60443369288549
translation,69.32311316023306
translation,162.52903251005887
translation,21.60595532474456
translation,116.00718891038534
translation,163.83817575158892
translation,14.083096172336738
translation,146.79181409842775
translation,103.66734395836352
translation,151.06931972260435
translation,9.040048849979865
translation,152.16384196709015
translation,86.92131588402125
translation,153.72206000719885
translation,13.318500589899125
translation,152.59618215252664
translation,73.96606304111249
translation,157.11584740217393
translation,19.673768528571966
translation,78.61422521086733
translation,105.51112628382047
translation,138.91767968982742
translation,33.07529745562587
translation,72.53205411308247
translation,157.14666378050183
translation,107.647091809115
translation,61.29930061118156
translation,59.043190614171785
translation,167.1288122255608
translation,38.39381011214456
translation,94.46891684315888
translation,42.779406603425215
translation,168.90972982353009
translation,19.60362487089752
translation,143.87572327782638
translation,30.483939574592547
translation,146.52462212564706
translation,9.16895773931935
translation,162.6802288097646
translation,19.469579284186256
translation,59.545795972558686
translation,1.6797160551016843
translation,10.567774946316511
translation,23.04836549849954
translation,5.3489932082583875
translation,14.307691371114995
translation,4.946326618102315
translation,15.478158719269857
translation,9.616203503816037
translation,7.400871759464022
translation,3.090578116272153
translation,4.835098938155258
translation,13.517760053959769
translation,9.362805524836167
translation,14.7441541805898
translation,6.156270945979015
translation,28.430189033883313
translation,7.7750835292148475
translation,17.646201910093353
translation,13.946807067276882
translation,169.50032075422774
translation,40.518654369999105
translation,29.81278675193368
translation,47.856871547031055
translation,166.40135977850147
translation,77.86672152811116
translation,63.81290790044424
translation,154.19525314703003
translation,165.96494063967307
translation,54.004602984815115
translation,125.06697834138366
translation,158.50464271429064
translation,168.06240615393028
translation,50.50316112856796
translation,159.2011516506946
translation,169.5168901626651
translation,166.65492674879755
translation,21.889373722672342
translation,166.82136244175163
translation,172.98320408364017
translation,163.54934480496243
translation,61.12656166850222
translation,175.86684749515825
translation,157.78579293350205
translation,156.8547155263841
translation,56.9270783012417
translation,169.45338231099217
translation,130.90702199640228
translation,70.92679838563163
translation,36.36447927428091
translation,113.8306093463527
translation,98.77258587624142
translation,6.592508467525661
translation,23.14763441909027
translation,65.97720886223186
translation,32.03418426696452
translation,15.626886602363257
translation,6.136723453970509
translation,28.067827584071928
translation,18.09239621909738
translation,13.31605173089569
translation,7.821656700310357
translation,18.495590062604897
translation,24.450581151730347
translation,7.835271233431718
translation,18.05089642466918
translation,8.014767639839057
translation,29.78871289397426
translation,0.1379949209402507
translation,28.759785883384115
translation,7.36111222080019
translation,29.38279744844818
translation,12.460311907228618
translation,58.749311897827184
translation,20.976485792714758
translation,5.44832674487898
translation,28.90104065328619
translation,120.06813462040267
translation,26.728183107103384
translation,12.261879982191203
translation,31.037345346888646
translation,127.94801948759691
translation,24.205564798286197
translation,27.766002128488132
translation,48.77659761912259
translation,130.63761855739966
translation,10.683518597494253
translation,68.41465640979985
translation,84.85965178689831
translation,127.64083063542076
translation,17.32732010341645
translation,96.01861552475108
translation,150.97864817020343
translation,142.41749688307365
translation,117.91174693342718
translation,173.58565935755044
translation,163.78676892150406
translation,115.57880761288314
translation,161.9903216781167
translation,171.5898200099089
translation,159.97902113470215
translation,100.75156602624418
translation,129.74482682422922
translation,158.6896312470281
translation,126.83612360478116
translation,83.59952324655428
translation,127.59721079071392
translation,157.39506195180059
translation,109.72592176943857
translation,90.54918164839717
translation,142.86090015145538
translation,169.40101725800744
translation,101.96270114817204
translation,111.07433283653518
translation,157.95551632607794
translation,174.72720352245702
translation,84.10133026087074
translation,156.06336650175595
translation,169.08097673608788
translation,153.92738496449525
translation,47.837623330386435
translation,125.12060070831758
translation,171.17456909961686
translation,133.37567795177594
translation,16.31280398267256
translation,107.62844417970422
translation,148.35516182560733
translation,66.61531719669256
translation,7.068197174741965
translation,93.61252108347749
translation,91.87830315090198
translation,4.954119633025374
translation,10.81687070545787
translation,40.17468939101846
translation,53.43573277581754
translation,11.811831187393311
translation,14.741712585858924
translation,16.88408265935595
translation,38.24272887566462
translation,26.995585160061786
translation,11.069214185602247
translation,14.902396818528928
translation,7.860546664622034
translation,29.42617733674194
translation,6.900459877022816
translation,17.3273421546715
translation,31.323271900918016
translation,27.995372102974976
translation,4.2882148550125345
translation,19.440504140141496
translation,50.62021267795294
translation,29.658606805115788
translation,16.920373738743375
translation,29.26113521527402
translation,53.243259276291326
translation,23.50202337057855
translation,62.93755702442093
translation,29.089012308913972
translation,47.121883004359084
translation,9.920370447237381
translation,128.45305471602907
translation,23.669715297275314
translation,23.19698512528502
translation,19.65113721359907
translation,133.27019537318128
translation,9.383473635426979
translation,1.7934028411618876
translation,45.46221816406534
translation,106.7325626335041
translation,4.978125309820629
translation,21.395403968448925
translation,71.49658807051581
translation,120.78626899064453
translation,11.686348335721553
translation,44.827336943938946
translation,92.78043754357469
translation,74.49720951710478
translation,33.856431835869394
translation,65.4351607538327
translation,115.87018925911079
translation,85.19664207293273
translation,53.70180341181582
translation,108.64649471785208
translation,140.71333163919178
translation,147.40726096211108
translation,77.43640571527918
translation,127.79899998047165
translation,155.82276301119276
translation,119.80596451008557
translation,69.78649391195297
translation,136.81170732616192
translation,164.6326874514926
translation,72.58522933549243
translation,17.028876622648827
translation,154.28373242776485
translation,173.3563598411834
translation,45.29711344438751
translation,10.825821153322439
translation,170.02562285359156
translation,151.71900924683777
translation,30.838154978272485
translation,14.456034074990361
translation,174.55731329372173
translation,109.99941636530279
translation,23.346957409280222
translation,18.30836869601834
translation,152.60800033871536
translation,73.20875236323933
translation,9.437308856202554
translation,18.437112999609536
translation,132.0987830294564
translation,50.72666640442445
translation,9.376403548587858
translation,11.841359339865441
translation,75.14995122680186
translation,35.92899240805911
translation,11.40932895581148
translation,4.888759730211009
translation,37.29704716844391
translation,25.498527177099746
translation,7.068563968203753
translation,3.5403828362452145
translation,17.227277769529344
translation,15.624874224292903
translation,3.8616590791714285
translation,10.527955993005106
translation,13.985487013935389
translation,9.482919792338201
translation,3.0521811989939276
translation,13.656990946633973
translation,13.967515014443832
translation,4.830897978022946
translation,4.305030345121891
translation,20.799590196707175
translation,21.348525590575363
translation,17.76493740237496
translation,5.820853837690195
translation,19.87223566512871
translation,22.909202764860126
translation,41.35734700985238
translation,7.384739915793558
translation,19.015822960122236
translation,8.10852759251463
translation,60.71541872585646
translation,3.5594486504531426
translation,13.299949640691374
translation,2.8399105472434645
translation,55.681977128649486
translation,7.929774211663756
translation,9.951099655767177
translation,44.91806645401897
translation,40.23810402238951
translation,17.492627380545425
translation,20.36915517912466
translation,91.91525634456129
translation,26.264793579763175
translation,25.388302142709183
translation,26.662058349290266
translation,86.5738204285669
translation,9.49046197846269
translation,29.879731898640852
translation,22.732731718875222
translation,96.67360238961152
translation,4.1720243396287735
translation,36.95591150076251
translation,20.77528604224462
translation,38.02720236729836
translation,16.98483861902462
translation,20.990209756834794
translation,10.109793572393682
translation,12.229950518501298
translation,25.853110254381072
translation,6.941851768605774
translation,14.941149978764583
translation,27.423137119580716
translation,25.770852853298756
translation,19.962638683624338
translation,20.237456575152166
translation,39.139406014304896
translation,26.562543896098838
translation,41.53173047361923
translation,30.36625892238819
translation,42.95659789754687
translation,9.964846298178239
translation,50.670676465719524
translation,31.833629739222772
translation,41.061736800123896
translation,23.252664482111335
translation,92.52980866470998
translation,16.738325867561198
translation,21.31056729631233
translation,53.7755325291848
translation,138.29713692383987
translation,80.5756867322067
translation,72.91904352064795
translation,73.5993368280054
translation,129.56724511429363
translation,128.12371795774814
translation,84.11739519741812
translation,93.2431254463056
translation,117.17038311425955
translation,136.8203485746906
translation,79.77033848002964
translation,114.26062966591923
translation,91.34871167482856
translation,148.89706676751157
translation,74.54466848087095
translation,136.40725103637217
translation,57.5458400693179
translation,170.5882056857812
translation,72.44087347020722
translation,170.3877296079017
translation,95.84000880388328
translation,162.7070288421511
translation,117.19051616593988
translation,163.06483387710958
translation,136.83897085551862
translation,151.5106849776435
translation,154.4163083502466
translation,153.90111783261597
translation,140.61008230746313
translation,144.6750761121198
translation,144.44161495665205
translation,146.5625818239759
translation,135.09414045893072
translation,135.94002593659997
translation,137.14256522859907
translation,131.1172204268497
translation,126.51137321911638
translation,121.07728990889278
translation,140.92986163803792
translation,106.04329404759766
translation,120.10398878248613
translation,113.97857930963048
translation,122.34453257276083
translation,44.63944980696307
translation,110.60861346229277
translation,32.54408390372502
translation,121.31508125171729
translation,21.492012251637657
translation,117.87454399561773
translation,27.151390938806266
translation,36.48217570677033
translation,15.50798996875959
translation,116.1037917854091
translation,14.763117835486947
translation,44.59261963024375
translation,26.207042903520726
translation,115.89749843885657
translation,14.452669497766303
translation,29.172881174200143
translation,24.027496375310673
translation,103.39455493453694
translation,15.200359090597521
translation,21.27862256185878
translation,10.490543507749898
translation,87.1286475489201
translation,10.333498544394962
translation,15.867322154488997
translation,88.39144703864439
translation,44.53772855519881
translation,2.754371867811441
translation,78.87059902616845
translation,131.3474548882872
translation,83.9129380981732
translation,8.26582859748903
translation,133.9492032613592
translation,156.36310719048686
translation,95.76484916802406
translation,7.755777026932396
translation,150.9221696936354
translation,163.85128130691956
translation,81.3850621537997
translation,8.29154780009157
translation,156.93761683456364
translation,157.53126988404065
translation,44.68785813043823
translation,3.6460446111379756
translation,147.50517647651571
translation,157.06725069588538
translation,21.514696106975922
translation,9.192687836384398
translation,135.96519722512545
translation,146.35918239165832
translation,12.732318675128035
translation,11.700478538076455
translation,132.28547997257144
translation,136.31857331811665
translation,13.682796241537648
translation,15.500015537622708
translation,136.40209147780422
translation,32.20952430357806
translation,12.391583106018647
translation,16.901156943686875
translation,163.24804532675134
translation,61.61955085327602
translation,10.057437452974254
translation,20.21906821295062
translation,161.70030723004717
translation,54.292557063321404
translation,7.058959864885162
translation,22.709021924332824
translation,60.191672415901486
translation,42.53431532405772
translation,8.427364402343485
translation,20.808381090512952
translation,40.96363749585863
translation,33.71965691835715
translation,15.65380119222425
translation,22.892906016725796
translation,45.70416521164921
translation,26.40584156710582
translation,17.482652881980453
translation,21.355972447197804
translation,45.969229114521234
translation,21.28406497208826
translation,20.309626564811097
translation,19.158867338489124
translation,43.874647237707485
translation,19.977602020220328
translation,21.699860891661867
translation,21.253090126095916
translation,28.0784472053887
translation,11.194587740507728
translation,16.751240760846848
translation,130.17575016939801
translation,10.823913248965221
translation,9.973786909626932
translation,5.882333849411124
translation,125.92146885467983
translation,14.541848626234872
translation,16.8010846794746
translation,5.878826394439452
translation,132.58968744559647
translation,22.341417111548452
translation,18.293959408868794
translation,12.35633263186948
translation,145.24270846307803
translation,18.01087705144831
translation,6.370176855617662
translation,11.753251018452382
translation,170.78691718729388
translation,22.529877845982416
translation,3.602559273815421
translation,66.92136246631472
translation,158.57548081166564
translation,24.143773159824196
translation,15.258435584478935
translation,154.23667158025899
translation,137.51199547650268
translation,19.39949511424847
translation,21.788360345194533
translation,161.5701342299357
translation,115.6670507597308
translation,6.3982319225945075
translation,31.203667737955296
translation,165.0546673079697
translation,93.15124548004098
translation,42.95172955479805
translation,63.98424282360066
translation,172.8199130495834
translation,67.86829398470826
translation,94.54379178601981
translation,117.93778033092894
translation,177.17162101965098
translation,111.88994258119016
translation,104.56226474984592
translation,145.55732826299743
translation,176.6782967761013
translation,86.08984196468414
translation,138.74496404506502
translation,175.8638963058983
translation,176.55573473741802
translation,52.8474739421127
translation,158.48306222929799
translation,171.6774469924222
translation,172.16942435893262
translation,24.10510891757854
translation,158.2608535358813
translation,162.313189939646
translation,154.86316596351026
translation,12.10931377662616
translation,156.52856838510652
translation,160.39462435829174
translation,142.68917461813172
translation,7.356256998356203
translation,158.71713524858748
translation,159.90846329948957
translation,128.74946641800688
translation,19.36320608902495
translation,164.15466669091643
translation,162.09635212540655
translation,94.27803097561348
translation,22.71408279800199
translation,160.25254367294787
translation,161.64732373005455
translation,68.49400979982784
translation,21.29608447532049
translation,159.86663574619735
translation,168.00839101139326
translation,44.1451349341263
translation,14.877081029705002
translation,158.1335606139713
translation,175.7263577125029
translation,15.681162509950825
translation,3.868947053134572
translation,156.25579905133804
translation,167.24469855911167
translation,5.467556289544093
translation,25.30349296890196
translation,157.70126162383806
translation,45.653105700422465
translation,14.363587435687696
translation,34.25217233718014
translation,131.22054275599479
translation,10.604837034174087
translation,22.249576654202556
translation,24.55618385259284
translation,68.76612826784493
translation,12.080737390218053
translation,25.78527026445515
translation,6.841295729598744
translation,39.43671005619088
translation,8.774635298800305
translation,27.52662927565938
translation,29.65840771071118
translation,16.959827786948686
translation,10.638408666606383
translation,28.8050140833422
translation,48.947813940160444
translation,5.629434683842581
translation,3.6425233187745305
translation,20.312072527126457
translation,47.01409027867621
translation,8.015342667369055
translation,2.835553891982506
translation,6.176001098417458
translation,47.31502182642259
translation,4.232014753322045
translation,8.587042332099434
translation,8.403966046817873
translation,45.2358702901925
translation,2.5496438361409104
translation,18.255112009693743
translation,32.02618370400968
translation,65.7863994334976
translation,1.7975734069406972
translation,27.05421167065502
translation,121.00705508503776
translation,64.94522775155455
translation,7.3511651726827765
translation,34.3360966874526
translation,161.0774269241894
translation,33.7487705951862
translation,27.656704419534673
translation,40.127742067195534
translation,175.5834682544531
translation,7.7326973662264455
translation,34.330168331129066
translation,43.2768797288451
translation,178.09649270827185
translation,12.295602696649574
translation,46.313658924161835
translation,44.0582995594355
translation,173.91929397394264
translation,26.314007642451188
translation,73.46244790828598
translation,123.80039491173513
translation,161.26613928316158
translation,173.60583496353752
translation,168.42623712788784
translation,165.51907037464233
translation,166.04107607249887
translation,25.514847940861905
translation,168.81829349964175
translation,28.378387320593625
translation,172.37761079597766
translation,26.773355636205885
translation,147.99843809599722
translation,8.68831668830918
translation,3.5203975726221426
translation,18.28544820377309
translation,12.618610145155639
translation,50.40344163093147
translation,16.73865604249632
translation,77.29765042597595
translation,19.944645867782732
translation,14.997100784552135
translation,144.86930789059497
translation,25.55199431438309
translation,21.742639343364797
translation,170.3088519968195
translation,11.261288573391731
translation,28.83477812813693
translation,174.48194524818857
translation,8.55050784281133
translation,45.30528534823916
translation,148.7886882506934
translation,9.418865405712012
translation,126.26894209803815
translation,132.7394924806868
translation,4.730157159786351
translation,79.35359797102168
translation,166.06839888899214
translation,121.90761653772553
translation,11.136000859906122
translation,117.35596609938364
translation,177.05952525347988
translation,105.33947298980935
translation,22.455816998303355
translation,163.54529388529468
translation,175.9131314151766
translation,82.87564285434848
translation,44.7379360598305
translation,169.0657746840834
translation,170.83304300846
translation,56.11034664485949
translation,65.32116130352419
translation,162.91607437536277
translation,164.58819562333144
translation,36.07332903830408
translation,66.57226597381442
translation,160.6721367337952
translation,159.79897921957868
translation,25.14231989480592
translation,47.159551265197
translation,163.60960531094304
translation,165.78967805331212
translation,12.574239826589487
translation,26.35806218493363
translation,163.82453562644264
translation,144.52996096935075
translation,9.948709709641863
translation,11.064701076715798
translation,161.7875545871222
translation,36.42833194642916
translation,4.327488597412281
translation,3.0611602484878677
translation,73.48630021050148
translation,31.508565752695095
translation,2.705344908502477
translation,13.081247959563441
translation,29.422567529465532
translation,29.69605648780062
translation,5.351957659886784
translation,17.24557652087291
translation,28.3880672671871
translation,22.594202258706744
translation,6.261068532508638
translation,20.658381033159863
translation,29.104302815913616
translation,15.892463041614363
translation,6.216399714242744
translation,20.710492599086496
translation,31.27250766611766
translation,10.985484595196555
translation,6.255448167863193
translation,22.814661307035557
translation,29.206697816874378
translation,3.7175261044396763
translation,1.049103371227076
translation,18.668898038280243
translation,15.734837015284535
translation,10.28759289181522
translation,10.29137438744457
translation,9.311011331044591
translation,7.493381980402836
translation,27.268556345139274
translation,29.931062162151118
translation,25.643068867583718
translation,38.065769506063944
translation,49.03120719471257
translation,71.85785274074173
translation,107.31191738596881
translation,64.28528076340142
translation,74.90178052700706
translation,116.53048327017815
translation,126.43638570970877
translation,64.55318313623363
translation,83.4987334001511
translation,154.6326394611736
translation,131.6715090574005
translation,65.03192954257862
translation,100.82406479843958
translation,171.29009978339514
translation,145.28274063707897
translation,78.63452078196687
translation,146.74655403034637
translation,159.18126134680537
translation,148.78373609955545
translation,136.22966928996482
translation,172.04642770276618
translation,155.59810715645818
translation,151.02752794607537
translation,174.71883363499086
translation,160.2749959197351
translation,149.62078031737678
translation,165.37940503635508
translation,154.54166953519504
translation,147.52560833343637
translation,148.68694027279906
translation,171.15671919728095
translation,150.10794736462094
translation,142.9342925518084
translation,153.84448018399448
translation,152.9349122792729
translation,141.24312452311446
translation,136.89262175486553
translation,157.93052327555478
translation,129.91110581465557
translation,137.8507762769606
translation,132.99408553885704
translation,172.7635871309029
translation,91.13479145720225
translation,136.7616931517197
translation,136.1046239900091
translation,174.83666548116815
translation,64.34230867042457
translation,134.9008513791308
translation,135.5184962591088
translation,149.83130444370912
translation,34.35619424256526
translation,131.62058812297232
translation,135.92894689615852
translation,129.3352142878849
translation,41.499666833400084
translation,130.69870616089975
translation,141.42839919980037
translation,119.1427931516822
translation,44.641040306642665
translation,131.58506339308258
translation,153.54196108464933
translation,84.95812854477127
translation,35.154552295168266
translation,133.93118883985403
translation,161.74570461029296
translation,48.258510983743825
translation,22.732483616747164
translation,141.04767573393408
translation,142.13200175631056
translation,33.88979999752624
translation,58.37563270272441
translation,97.80541115459205
translation,104.41143510109698
translation,28.583937265065494
translation,76.11774255641002
translation,86.35841543258942
translation,96.59946881664054
translation,19.539858758777903
translation,83.79324178255675
translation,107.56528251176125
translation,79.49357827386477
translation,16.991835113237283
translation,87.54590432311484
translation,107.9350188919297
translation,74.36141640552522
translation,9.618481673301655
translation,89.40877635329743
translation,102.31829129021651
translation,64.72463963101242
translation,9.914575968639305
translation,94.98027345327833
translation,99.82398442884178
translation,47.69708462966593
translation,14.822326851802135
translation,66.79203576938262
translation,66.60750057240503
translation,18.407034562821394
translation,9.411559893904482
translation,15.053623270722175
translation,47.436320556780764
translation,6.583292850633943
translation,16.832713651699745
translation,11.412787282422302
translation,35.748190287798764
translation,15.504010863385535
translation,21.2980017405857
translation,28.74335089328225
translation,5.331287684090922
translation,24.72671968951029
translation,34.07477136338934
translation,39.13536370493115
translation,37.395390254249705
translation,37.093469371367725
translation,122.02020629688457
translation,50.4892504509023
translation,55.68315241069358
translation,51.79876416501222
translation,130.04226875741816
translation,54.99018276636519
translation,53.34774343580387
translation,54.660418626068186
translation,143.1677105755294
translation,46.28775644657298
translation,45.85677651535381
translation,56.47632119964373
translation,139.88661331178633
translation,27.970975475390755
translation,46.04851886638607
translation,83.52598215893208
translation,39.13259640700601
translation,10.909581860230594
translation,54.23052504636886
translation,160.73910470501534
translation,39.187072753731805
translation,8.58177696098434
translation,55.917182693498965
translation,161.69022078892328
translation,44.99953328392841
translation,9.915916921807648
translation,76.62079700617677
translation,147.46565016528325
translation,55.71619593874828
translation,7.266079678013409
translation,156.08095644948304
translation,143.04743481661933
translation,64.25884406193437
translation,11.99723278654918
translation,160.8075157420873
translation,134.03219085107384
translation,55.88776920432552
translation,13.67829261220636
translation,146.17099868456296
translation,133.08199219531605
translation,24.234921067404834
translation,20.640329603891935
translation,134.88352711534472
translation,125.80742543365461
translation,9.088467469762891
translation,18.58795495818598
translation,124.37347379811627
translation,75.01910029187042
translation,10.59915121519216
translation,7.697689531856743
translation,114.91435664769398
translation,19.864923375678604
translation,3.689581691549515
translation,9.967109537769696
translation,115.2787728397231
translation,33.960633627969784
translation,1.7065762194442395
translation,20.379547618284175
translation,12.930684469337198
translation,46.65080020738588
translation,12.589147216146088
translation,28.73964787294943
translation,39.67389035793507
translation,51.448115750177266
translation,15.800463768657147
translation,30.34343027710763
translation,46.812737977245284
translation,51.78755537848397
translation,21.559261743100983
translation,30.025445669029207
translation,49.48388500713705
translation,43.62926871089418
translation,18.840868080864773
translation,25.486554691029095
translation,54.10957585735707
translation,31.371533693054957
translation,13.564401812688777
translation,20.898031039210274
translation,58.22472645260043
translation,8.809009995642347
translation,8.837600217085292
translation,11.049280389821106
translation,65.17115898020143
translation,17.755187337782367
translation,4.587525219459614
translation,12.202639158701741
translation,20.418484469953437
translation,32.62594022120744
translation,7.1868908594773515
translation,25.766502487205955
translation,58.04899812920597
translation,37.760659594525485
translation,18.102707515657723
translation,39.72039334197526
translation,56.269466067731955
translation,41.09991339030558
translation,26.61691676933803
translation,41.594916867758485
translation,48.48719597714409
translation,38.16771825346643
translation,27.090025287354326
translation,40.85335867765715
translation,42.69101296545487
translation,36.85686835485947
translation,26.515030344072194
translation,37.41053036928772
translation,29.219499637146892
translation,32.982486165289764
translation,25.531961795625413
translation,27.47256076802017
translation,28.49963298300747
translation,43.935799297216896
translation,47.128227181329024
translation,42.66592604738255
translation,44.639805604124376
translation,109.81035274471827
translation,102.89593877131341
translation,60.65875345499119
translation,63.62738572320638
translation,117.60061107285543
translation,103.10970246157794
translation,80.9753982920813
translation,148.61502751908003
translation,113.64573219440092
translation,61.11670021273949
translation,150.37756675537042
translation,113.39062631002288
translation,67.23172495520073
translation,71.24835009440541
translation,138.1690983342832
translation,108.45343814051566
translation,78.93973164906204
translation,61.710580295711175
translation,125.95313507229386
translation,109.2561249450248
translation,80.65728486000162
translation,48.93184531873728
translation,105.35582153073598
translation,83.33049746254164
translation,26.745084944416572
translation,92.2949307595942
translation,60.17679669619281
translation,11.741823464098735
translation,23.491077614252813
translation,64.21309646624405
translation,60.74251556760264
translation,19.03024158960209
translation,40.49678699793748
translation,54.47452787488767
translation,50.501771837629434
translation,36.11153307325844
translation,66.84661867386234
translation,64.155944859186
translation,29.299772451462356
translation,45.79883534197077
translation,85.04275724804033
translation,61.731750594730855
translation,20.81933314882168
translation,41.49440074301401
translation,122.84999625311877
translation,67.45922341992377
translation,40.406373981825915
translation,29.94031470995791
translation,93.95427508428376
translation,65.60866710361977
translation,30.74977539338981
translation,18.385701064402948
translation,62.47464342782857
translation,76.19286719423489
translation,23.653104165253016
translation,6.783154941335057
translation,46.08594648140729
translation,64.4144909443297
translation,12.779355887745064
translation,10.456152278407966
translation,42.53969325351316
translation,62.63191365475814
translation,13.715600632830377
translation,15.61626603164452
translation,46.4987946419609
translation,49.0203854013727
translation,26.784729179854146
translation,17.127283836532808
translation,86.23347713697213
translation,72.4650361876451
translation,36.08017604829044
translation,61.433522368429685
translation,109.5812555774077
translation,84.10837603213155
translation,29.763773224020976
translation,135.90424716093082
translation,106.68326894479804
translation,77.72669343015238
translation,11.811128344985292
translation,143.0246757148385
translation,81.28420283003055
translation,61.54885462043634
translation,2.999623443054437
translation,127.75219755674351
translation,89.46828019537945
translation,41.79706390283285
translation,56.39570005068498
translation,144.92868260435515
translation,83.58899042700126
translation,30.962858601277265
translation,71.10012469158758
translation,140.09641529911985
translation,67.09028759735526
translation,15.716014264425612
translation,36.63234445931356
translation,88.86135163146498
translation,14.72192707664633
translation,46.385207994237334
translation,82.42390843730628
translation,56.271642554482945
translation,35.063914269611416
translation,52.00649386092021
translation,95.56746012582539
translation,32.863823790990104
translation,69.55414759395941
translation,51.738497880994444
translation,107.04302904155938
translation,29.05934870964574
translation,69.53911157897431
translation,45.11442196015586
translation,122.35947633967808
translation,15.889016938960872
translation,69.6612650905752
translation,52.50389100095801
translation,136.89359789536852
translation,3.012651441780133
translation,76.1287797148149
translation,127.6045445227918
translation,146.8502162676471
translation,10.354803181418765
translation,36.06128138275129
translation,127.98524606527818
translation,153.60485676773257
translation,6.978279994394254
translation,28.656272482439253
translation,118.16707032193838
translation,168.98558120841565
translation,6.814765207574973
translation,85.26640832087506
translation,136.24357830626568
translation,131.8368762419139
translation,15.221007906170652
translation,113.44200106836861
translation,151.78138275305844
translation,103.91871348342987
translation,30.796887359738843
translation,151.87706296477054
translation,174.0222075307804
translation,78.96867890573753
translation,125.85564718928626
translation,176.34053279463456
translation,170.26735624372157
translation,32.8125717382776
translation,167.18677425083905
translation,163.99055894321893
translation,154.97808368900817
translation,14.030195672491057
translation,166.85852169538137
translation,140.2118390555077
translation,134.06827916287637
translation,1.4720846627242328
translation,143.5259528403118
translation,125.56193956156463
translation,121.2653413723117
translation,1.79988513642092
translation,133.13528223121088
translation,138.88444226396575
translation,120.41359587903925
translation,6.119561468938721
translation,135.69778301660568
translation,128.33585784926007
translation,44.98402528657079
translation,4.862728033145292
translation,107.35424777941152
translation,119.88484704515042
translation,33.92335475768769
translation,4.924251860055384
translation,69.09793364708074
translation,63.20143192917897
translation,24.408703726941777
translation,7.944688755268619
translation,41.067406719605025
translation,23.54064950062229
translation,21.554826713905026
translation,17.021254393007556
translation,25.92726583437753
translation,32.70515761554443
translation,24.580307279133716
translation,108.56511037588983
translation,3.7271128307267642
translation,43.58411087151678
translation,24.74577592533748
translation,145.43314919882417
translation,10.994622644608311
translation,36.367554985328034
translation,22.634351963627918
translation,171.19539250358775
translation,18.872329951368872
translation,28.86606863991078
translation,17.03163158483082
translation,148.93451775592837
translation,20.74761968161743
translation,21.63821313629659
translation,6.117739642416228
translation,122.46282018001382
translation,21.98300201021388
translation,1.6815329111884194
translation,25.881208592438092
translation,113.73366640230144
translation,25.65606994935811
translation,8.382403107883922
translation,113.96935018626921
translation,116.5472265359248
translation,37.28748557535727
translation,37.43898080888381
translation,162.19219970131377
translation,122.12707747592452
translation,55.030905699389876
translation,58.11178809968527
translation,170.6114915198546
translation,111.04313336984727
translation,74.40345177679824
translation,143.90303178701063
translation,169.6423548304054
translation,98.26075677732769
translation,123.45692533151113
translation,167.36155492478096
translation,172.079226126193
translation,66.68801227559713
translation,150.8103676300038
translation,177.39533593893316
translation,168.51194895519464
translation,49.04180502159132
translation,165.56380027029908
translation,174.58320683828248
translation,166.19291149964803
translation,45.50569582531749
translation,167.59139822162192
translation,175.21429057091623
translation,158.1038208754413
translation,42.55566040117284
translation,178.03673755598902
translation,167.63677736306985
translation,117.31901565565722
translation,40.666076413475174
translation,141.7678287316385
translation,130.7084443622213
translation,49.74786635842728
translation,37.34126115715038
translation,73.5023089886991
translation,57.52818481830628
translation,13.580214861581148
translation,30.705233031841924
translation,36.26660948494867
translation,35.83705905371202
translation,3.6799961043200913
translation,30.134691039525073
translation,8.121335393206783
translation,21.900782868689593
translation,10.654394539440943
translation,27.96307558006088
translation,3.478031752509961
translation,19.499749273998738
translation,14.087371188164669
translation,24.880353931650323
translation,6.999718277516401
translation,8.505886658823856
translation,23.293086543854013
translation,36.078338167064864
translation,4.127368741324438
translation,12.837946839667376
translation,33.62140566691049
translation,55.27387080017879
translation,8.885743424503291
translation,23.02313965259313
translation,43.77605725907802
translation,110.54387663365456
translation,17.588679502957486
translation,35.67181650447653
translation,54.44758829979937
translation,165.40677061232694
translation,19.68683730212798
translation,40.461640624674736
translation,72.25562498800423
translation,176.91248131560724
translation,16.530158105339773
translation,57.75745651020088
translation,110.86439845172302
translation,173.87122769200283
translation,14.20807137259741
translation,76.74285094190002
translation,158.99081134775514
translation,162.90374425960246
translation,8.044725723270405
translation,107.87695576206418
translation,175.66397817065314
translation,153.09783336140427
translation,52.453087896009976
translation,172.60834367439315
translation,163.6702796241808
translation,144.72951392964515
translation,82.62179920916215
translation,157.97467600060259
translation,151.63267226776924
translation,134.264317276646
translation,77.24154090609149
translation,149.58937960030002
translation,142.44859652432336
translation,121.09992382037983
translation,72.23553123418135
translation,146.25469331160411
translation,136.25877177495664
translation,104.0714806069867
translation,59.47166157098622
translation,145.78693568382556
translation,137.06080239491982
translation,81.16870567449001
translation,38.482797655807765
translation,141.85576392395208
translation,136.83048950064224
translation,43.55718352490825
translation,15.630761208819296
translation,128.51627386112577
translation,118.51384548764258
translation,15.169954871542355
translation,8.054969799849246
translation,109.22142853767318
translation,82.9626670006594
translation,6.605613110820313
translation,15.308018622636915
translation,103.76099223485383
translation,47.65310817538925
translation,11.287443089186207
translation,22.524110261689213
translation,97.32597859387366
translation,14.879923320907727
translation,18.085209427301027
translation,28.56170283757289
translation,14.651582988515324
translation,11.878445594296968
translation,24.809533094951977
translation,34.563141916156944
translation,38.3495781277592
translation,20.216706560402535
translation,29.696765755917333
translation,39.34582576574657
translation,20.29367462323307
translation,15.570009467937243
translation,25.84733493287892
translation,37.802054752935405
translation,13.676375394924673
translation,14.046688310894876
translation,23.74828528279998
translation,36.753739094555286
translation,7.73079392526463
translation,19.90507644997883
translation,29.108498850965393
translation,40.741708539588494
translation,10.71848475080508
translation,25.038939985247655
translation,35.80880904032672
translation,41.51394863879971
translation,16.28447474439369
translation,26.416657432112338
translation,37.94250261226785
translation,40.8873395781121
translation,27.12188410457213
translation,26.31979816587735
translation,40.23650798452788
translation,39.727455542136504
translation,31.304122908187914
translation,29.526126506721106
translation,46.02663981438841
translation,37.9473520149839
translation,37.02277847482616
translation,33.44973853541929
translation,61.38403674270863
translation,39.42918798466593
translation,38.104045895531186
translation,35.88192447945263
translation,70.515110090573
translation,33.48241877983544
translation,32.92799135729402
translation,45.76586433709068
translation,76.50939967112824
translation,21.689950968328294
translation,25.95446964692898
translation,56.57648284572733
translation,68.83591332678603
translation,14.85398743018191
translation,57.71833083851929
translation,77.84877697622838
translation,64.90266575985989
translation,19.760327246578278
translation,50.21987883986106
translation,95.5806823161139
translation,56.84667451610064
translation,46.99701426200294
translation,75.79240541415182
translation,119.4337924121876
translation,48.87288255559773
translation,50.50109674456437
translation,90.94275051262653
translation,126.77595932362361
translation,44.63311774537431
translation,57.57288061789247
translation,102.28442464774962
translation,127.35156780493399
translation,46.74360257879144
translation,64.3036154437035
translation,126.12114372113447
translation,123.3135393446571
translation,35.46372975782266
translation,65.44769221012757
translation,145.75978506598526
translation,114.26108630406468
translation,19.737519854722493
translation,70.80895029723347
translation,136.974693928353
translation,87.9281848088962
translation,46.994741426263516
translation,73.85301977679295
translation,155.08232357188467
translation,52.90307400169062
translation,52.380441133107254
translation,85.6454216430633
translation,99.09660652212328
translation,36.639581262172655
translation,51.69560067125561
translation,83.84330877425784
translation,92.25750490975351
translation,21.209438404894872
translation,49.54083185295575
translation,91.60365327649792
translation,62.670356382137655
translation,14.624441920954174
translation,52.56167576834255
translation,100.33622958069246
translation,33.86381765843059
translation,0.572577441149941
translation,56.646222543835044
translation,106.5559271815368
translation,12.611083767072872
translation,22.206466708401567
translation,63.638356516009274
translation,112.30922273446609
translation,12.690167885226025
translation,42.23003834335856
translation,70.1364412022994
translation,120.76886099744219
translation,30.530377933171522
translation,60.21123031858862
translation,124.48424464344187
translation,58.62801183981683
translation,68.83039952499767
translation,91.46490705448424
translation,131.0039970930777
translation,77.92511515389278
translation,75.15164059111554
translation,104.50813883641545
translation,134.64333229066273
translation,87.75250442949506
translation,75.30232164079428
translation,116.157177691215
translation,136.72438074732915
translation,84.73491088693467
translation,76.03434856631061
translation,123.85793470142579
translation,136.36968611494797
translation,78.73218300516955
translation,80.0466312565127
translation,129.90743968874747
translation,136.17122908856686
translation,76.32321652725868
translation,85.4715808015194
translation,134.3111252488911
translation,137.525751918873
translation,74.10716411788188
translation,91.22074464908204
translation,140.95743464170368
translation,141.69187493575706
translation,75.6462591982353
translation,146.97302640567878
translation,147.5815847392499
translation,85.94402882940163
translation,115.94162335045058
translation,151.93068060768502
translation,155.57365639264444
translation,100.43409732557852
translation,136.34986039608108
translation,155.39243917518772
translation,163.60003446419742
translation,114.88661948455
translation,151.60006482423162
translation,154.4013525329413
translation,169.8042291212678
translation,163.25336861142188
translation,156.42515525096803
translation,178.17091647074307
translation,153.67785774507493
translation,168.7283798335983
translation,157.09969745346288
translation,175.05486172418117
translation,169.58975938298968
translation,170.65700794251651
translation,159.47342939492785
translation,168.44405686214776
translation,120.67538893637833
translation,111.3557193549492
translation,101.53727064434554
translation,90.90996481136253
translation,77.84163629397582
translation,64.65924266445892
translation,53.4821311509562
translation,43.2884862936339
translation,44.10852229183951
translation,33.149563339874646
translation,33.40618399208699
translation,22.730866166900316
translation,24.22931571858224
translation,13.735866459504797
translation,16.30181333667776
translation,5.651802090828084
translation,19.15331080906887
translation,6.162804049926111
translation,20.978327211269924
translation,5.182074064921567
translation,19.314372680499154
translation,5.100255637199056
translation,17.26735691321244
translation,5.0846410754333355
translation,24.770443665201725
translation,9.888276413797428
translation,2.1396646690211223
translation,20.33961422694686
translation,2.571571344742577
translation,4.6516699277505325
translation,14.142786206794174
translation,5.475378292884506
translation,9.110429872033452
translation,6.1352228909472935
translation,15.188777895493807
translation,14.861035037215633
translation,8.562702961487851
translation,2.4529373322716626
translation,23.504988545859696
translation,20.400404849458027
translation,5.55692438011578
translation,2.364032783673375
translation,26.539299974437792
translation,23.36709104662274
translation,3.605279648118712
translation,10.911579637011208
translation,25.616833144931537
translation,29.032807332529103
translation,6.303500556835507
translation,22.68205825152438
translation,26.368711783417314
translation,41.81159307734026
translation,15.713430620759178
translation,42.97244753197596
translation,28.99472525997187
translation,54.516231972039634
translation,21.766607994233645
translation,48.07541501582562
translation,30.38838658201277
translation,61.1308339862918
translation,45.839826563810526
translation,48.55129028301558
translation,33.973656817593636
translation,66.2582719699497
translation,64.55684716385328
translation,49.9089502464596
translation,35.95850713418326
translation,72.35305860707092
translation,91.93938981846684
translation,56.254308367868475
translation,49.4958551563614
translation,77.38799361420757
translation,69.11374016412988
translation,59.20104617922634
translation,61.77119991237827
translation,82.27988969116032
translation,63.73328755952351
translation,50.408073832074756
translation,72.10055941134208
translation,85.47091151654558
translation,61.97259571715338
translation,47.82452881721356
translation,85.63372532109848
translation,91.77574574518245
translation,62.668595009683315
translation,45.18994506108777
translation,93.63368737151313
translation,95.04391551473822
translation,63.48555529817405
translation,43.1211499889704
translation,99.74496435289919
translation,92.36742962271701
translation,53.82889270356359
translation,43.146553831097165
translation,105.20839742841575
translation,89.77431672164025
translation,27.55783981925467
translation,36.65363818629294
translation,102.64665029820415
translation,79.72145705510427
translation,12.812840341279646
translation,23.97921509490819
translation,100.05294659852804
translation,75.4763296691542
translation,23.76347760404143
translation,122.10695497991973
translation,100.38425790998093
translation,80.39251199157609
translation,36.83190059341355
translation,172.1369248003221
translation,108.67807967265475
translation,98.55025482833157
translation,106.8213653247753
translation,151.2788746909255
translation,111.21058001368789
translation,119.26324979663369
translation,167.67210013124088
translation,139.41663759346588
translation,110.05317351550539
translation,164.18764561583325
translation,171.3395167889437
translation,138.5648391019144
translation,113.48892166945429
translation,131.73407576895306
translation,175.78900212099003
translation,131.00702015333104
translation,107.07119495202471
translation,114.84726772090374
translation,145.07664017198388
translation,123.4294028890095
translation,105.80646329753651
translation,107.31851622046506
translation,132.06603813881583
translation,120.00978523889468
translation,104.04815976896958
translation,103.87518668317252
translation,127.90829348634124
translation,117.62567908230568
translation,95.5358495138409
translation,96.91464858122089
translation,121.84269472844399
translation,116.68974763670991
translation,66.95222239108743
translation,82.1587822703869
translation,114.8513893538108
translation,107.86217415492641
translation,33.413394155743035
translation,73.9810186967589
translation,110.92737146476237
translation,90.73618382181935
translation,60.556614663248084
translation,73.75944691703042
translation,107.5570591261593
translation,56.17003757459054
translation,66.89279693319443
translation,76.82106270042796
translation,98.09732331713381
translation,8.94825845031199
translation,72.0263346963753
translation,80.33383846110056
translation,66.62227107760826
translation,35.20330713177229
translation,75.48251833042409
translation,80.05525597815685
translation,33.680303150545605
translation,43.63206732354731
translation,72.37598049623476
translation,76.33044492720269
translation,41.70833584958368
translation,46.76822506046755
translation,69.60028182425471
translation,72.20369507017247
translation,36.944532038390825
translation,46.55361934505159
translation,65.21953921996054
translation,67.16855434899868
translation,33.9752939523752
translation,54.459288643935324
translation,65.48856947237661
translation,68.43156340116582
translation,50.072577784641645
translation,64.80212455866906
translation,72.36641665961459
translation,73.66528689326803
translation,67.64108938853722
translation,72.48136112241399
translation,79.81965279459064
translation,79.80574665173562
translation,83.54669982943507
translation,82.87814717310994
translation,90.81112704621576
translation,89.70789776078443
translation,85.51567833701478
translation,89.29026148290399
translation,95.61605039860409
translation,94.19836537476786
translation,88.18838210280319
translation,92.34612685874458
translation,99.30839518053331
translation,97.64880652985578
translation,91.45935367685999
translation,97.51276265326493
translation,105.0107810237113
translation,104.30805904013037
translation,95.5025864824983
translation,101.06766719151862
translation,110.02924792151668
translation,110.96697988521514
translation,105.51459464160298
translation,105.4868802786282
translation,118.30633911387058
translation,107.02534592291896
translation,112.8807832774339
translation,117.39343661908123
translation,131.85321742760533
translation,92.9909366279173
translation,122.87992725886568
translation,131.0752609430062
translation,138.45526000928254
translation,73.96737115688155
translation,143.783616942145
translation,151.23275723604957
translation,135.77790930701096
translation,57.73347835534978
translation,114.65286589047902
translation,129.5724020756626
translation,105.74763153632331
translation,52.35614437780416
translation,109.33323580746536
translation,120.40943948247552
translation,121.27000192326649
translation,59.32134408341443
translation,115.53226041233975
translation,102.40212641778598
translation,159.87169932568452
translation,53.482183234266266
translation,127.62843639503065
translation,97.82719412075295
translation,176.8537159194375
translation,50.31443521203691
translation,130.2795013410936
translation,105.2626655403936
translation,109.00809944367923
translation,58.9332798378539
translation,119.75675220829731
translation,77.81995535741451
translation,35.35793423688287
translation,41.31164214706936
translation,95.75331423186095
translation,78.05071555407211
translation,25.785026282981455
translation,19.50290506447938
translation,83.28093135926706
translation,69.01806648369453
translation,26.318707158442717
translation,11.175911707956761
translation,64.43468466464978
translation,54.06400162548759
translation,37.992086462556486
translation,13.195766461888349
translation,34.31485209529829
translation,57.36775159894789
translation,46.10066654093143
translation,20.017472101701927
translation,36.71618503981824
translation,104.69541096515643
translation,52.62463535997317
translation,30.603244079865906
translation,53.098385887081186
translation,115.33488940145757
translation,59.02836377474533
translation,33.273475176042226
translation,70.93137722498238
translation,79.78632806669802
translation,59.89382312828845
translation,33.36321804233261
translation,109.9895701168056
translation,56.21426554785893
translation,55.5604012950623
translation,37.77688972471356
translation,132.10411936819764
translation,48.150303600241074
translation,41.60237787242557
translation,39.60890982120475
translation,97.14015011987514
translation,49.54884107868568
translation,32.90428171537552
translation,26.15556475692804
translation,93.82861930637527
translation,60.15384285185012
translation,35.60917697400354
translation,28.96550979163147
translation,48.87800185522004
translation,61.67083007724544
translation,33.30653068714269
translation,23.100827823519946
translation,33.13161018135288
translation,51.0135460168433
translation,29.68690714156493
translation,19.664215818691492
translation,32.15205206042672
translation,42.24496021101051
translation,26.088293782876907
translation,18.56943952197467
translation,58.15731804433552
translation,65.72413296615267
translation,32.50215288367811
translation,21.81663011972511
translation,93.29535387883868
translation,82.13780613424203
translation,35.537489708989
translation,13.716121354163029
translation,156.38191863598414
translation,49.480618913176976
translation,16.187258698637024
translation,3.784000453244604
translation,164.07389650344734
translation,48.70100143528957
translation,21.25875623047287
translation,6.170989000081837
translation,131.38855180421083
translation,38.34003784311247
translation,23.42195478553222
translation,14.29470248403476
translation,85.91390155195718
translation,37.30376083723744
translation,23.354284990170907
translation,19.57019919968267
translation,45.27838642487389
translation,32.72778722345572
translation,16.849935788851596
translation,21.10518032618384
translation,29.099528950148315
translation,17.718039343084428
translation,7.840745737818629
translation,22.94082678181429
translation,28.103949694354277
translation,20.08438278948066
translation,13.617113353983841
translation,31.156194323241532
translation,17.557896180623278
translation,25.641989091870443
translation,21.665791617583547
translation,35.23222101837667
translation,33.20804394635648
translation,20.498445464684714
translation,24.193798313731307
translation,36.77026187224036
translation,60.543199864989305
translation,21.42785921284653
translation,27.36782282697587
translation,38.92845653274234
translation,126.68811967103402
translation,22.48466785076595
translation,31.40634528996229
translation,41.63581661868231
translation,145.93037065378536
translation,23.67504396755065
translation,37.28524977863912
translation,43.60836396008622
translation,101.0516593277775
translation,23.564205049751664
translation,43.75235825500473
translation,43.52827163752983
translation,75.93972505128214
translation,18.49087914039996
translation,46.32264041670933
translation,40.21623550525994
translation,39.17743245587816
translation,18.62675267894095
translation,45.55920944525934
translation,37.47333770578426
translation,24.018213226112675
translation,29.966046882874913
translation,47.05022313564664
translation,39.59347626373538
translation,9.071522608727534
translation,32.653966778305744
translation,47.19825871585887
translation,41.94406371615969
translation,3.2460090894516287
translation,35.141918963435955
translation,49.64611417398463
translation,49.40542977997357
translation,1.7601017839431703
translation,38.03552708509516
translation,52.09264965066882
translation,58.24866352564622
translation,36.31311347276631
translation,45.10919682026086
translation,54.917594135768304
translation,62.748628960596314
translation,52.3253667302336
translation,57.185063385243105
translation,57.53455582679477
translation,87.4780037096281
translation,63.29430456779891
translation,70.99451855940126
translation,59.21794270354751
translation,99.66642624553182
translation,58.96853877476269
translation,76.64038487151059
translation,59.993376384692056
translation,106.74306485398067
translation,66.27290457676614
translation,87.06399253981661
translation,61.7551361565616
translation,110.86123077633637
translation,91.8240068977719
translation,124.69799004800653
translation,70.07270044718162
translation,123.41235432760294
translation,143.5841457892383
translation,158.1381789728237
translation,78.38091009090179
translation,143.18370322832527
translation,168.1768680148891
translation,175.2253550658566
translation,91.63257290941506
translation,170.1073330332401
translation,143.9109345467172
translation,156.47270770104075
translation,108.69518525826089
translation,166.6051172315835
translation,134.0556315980744
translation,96.81609183251337
translation,113.91338272036612
translation,165.41871047515312
translation,140.05236719245127
translation,31.556663016423265
translation,117.19425507331776
translation,170.6379091161811
translation,156.05085128679386
translation,25.498499687010924
translation,125.16177947268459
translation,167.66997247845015
translation,67.19610448947968
translation,42.852499392327125
translation,125.39119843451532
translation,160.6438625186942
translation,18.533446489559857
translation,56.12322354735475
translation,131.5521051241905
translation,158.6116761956962
translation,10.83584033615939
translation,62.18338331813714
translation,145.21651281826001
translation,152.28749164912884
translation,25.034417464659832
translation,72.09632971730834
translation,169.5370794651609
translation,155.69102393410896
translation,45.621891876585806
translation,92.71894983367453
translation,167.21874311871258
translation,161.14702922388787
translation,60.979738251532694
translation,106.54343092560471
translation,171.76325340630237
translation,167.2564115327942
translation,74.23567120483803
translation,109.88154427648782
translation,169.75177721135302
translation,175.13875831047997
translation,74.32082060209187
translation,111.7293218506804
translation,166.67910239840987
translation,175.47245886014966
translation,103.93764703987807
translation,111.2552558854382
translation,164.22814536787257
translation,168.56407482076088
translation,98.0942724594679
translation,137.29771869792893
translation,158.9495897631897
translation,161.24141364642148
translation,90.47774248941685
translation,153.2467283754192
translation,152.9184914320542
translation,151.32011971362292
translation,95.04962417948474
translation,153.20820947613524
translation,147.2914291923972
translation,141.44590724676553
translation,83.4047630434066
translation,152.62284351310635
translation,139.11413846741766
translation,132.05195529538472
translation,123.07137111939882
translation,148.70442939469808
translation,131.48152272064547
translation,124.53735841102448
translation,168.77670120311672
translation,142.63811973628196
translation,125.48564979314393
translation,119.63649197088603
translation,167.85008601248157
translation,138.15542848438554
translation,125.28535349647595
translation,119.7754396849408
translation,158.2281637329616
translation,137.40634735415296
translation,127.48400589767222
translation,124.38875270874236
translation,158.75096873622448
translation,134.5271578259254
translation,128.1420210862498
translation,125.98514201277456
translation,174.92777666854158
translation,169.677738652869
translation,168.02498536561356
translation,170.6480682327499
translation,174.5248068387361
translation,175.4033636904334
translation,177.39000246544174
translation,177.17119172373177
translation,169.4722619534194
translation,179.70072053821886
translation,176.19051233216317
translation,177.1685863810544
translation,172.9498336897155
translation,177.2333729704267
translation,173.83619203438494
translation,177.74402653552642
translation,173.0999800245088
translation,177.32952346191013
translation,174.924725926186
translation,178.37538458976482
translation,178.36551415729986
translation,176.45997386576568
translation,177.14938761167141
translation,174.56473039554294
translation,165.64465110717984
translation,178.2385698657473
translation,174.70384014281828
translation,174.81623425849904
translation,176.5723338750365
translation,174.41799851540225
translation,166.56822310242495
translation,175.91247751426042
translation,173.15311294002348
translation,168.3820152191427
translation,177.0300900173251
translation,169.71285557441433
translation,163.7148216420165
translation,174.86177446980628
translation,177.37245668418555
translation,162.5683567904614
translation,171.42115012052918
translation,173.33425137099542
translation,170.1606256321705
translation,146.24632922088395
translation,172.64643774180533
translation,172.55002357584982
translation,168.6432456361747
translation,140.78030176662455
translation,170.54743401973255
translation,175.17881678699032
translation,169.90750834884116
translation,134.20925564859786
translation,175.86391867015826
translation,167.17374751124132
translation,158.2252653447332
translation,84.02129476568848
translation,157.61121397128827
translation,155.30723046382656
translation,138.66454560887456
translation,25.645884806135882
translation,133.92081690777323
translation,136.46161002310785
translation,105.46590295324269
translation,10.26434168258434
translation,124.1587961333158
translation,125.96792674607335
translation,61.50657550565238
translation,4.6267418570620515
translation,121.42066226131405
translation,106.10682812517474
translation,19.842408482772793
translation,7.9476398922606775
translation,115.42642740745129
translation,103.8640037276291
translation,9.307078895876018
translation,10.62675301106688
translation,167.79238336499503
translation,129.2541857157928
translation,5.637679652463237
translation,11.480839773574994
translation,139.46468746128414
translation,135.01575687156003
translation,1.2878867273162842
translation,9.773201978087558
translation,95.30362983718838
translation,2.07684403248271
translation,6.519215349411975
translation,106.24038644875394
translation,48.17047597754808
translation,4.6217737778265295
translation,2.5707239497389693
translation,102.39207415271831
translation,24.719898374552642
translation,5.138449247914459
translation,0.32891018664211563
translation,92.82843319779636
translation,12.597732857285166
translation,4.433736731644435
translation,4.3389091433886
translation,97.01833089080843
translation,4.651551348468764
translation,4.47587206278077
translation,7.543203090197194
translation,27.41560125730519
translation,2.837195200934693
translation,5.717871735493346
translation,6.875985631194562
translation,5.306513401331016
translation,2.6859370154069664
translation,7.780882143717488
translation,4.910736353481902
translation,8.45389952524998
translation,3.268991611323193
translation,8.962133828077068
translation,7.158547359175804
translation,15.136027167046286
translation,11.5113353692028
translation,10.02198702378912
translation,7.7460215059120054
translation,12.397528455344458
translation,17.312596905902534
translation,10.064422833266319
translation,0.9255415313305306
translation,10.197750402821596
translation,19.17583420828333
translation,8.033273540741705
translation,9.75940977776488
translation,15.484113493686102
translation,20.030482538794054
translation,5.71870278782496
translation,20.6324150929788
translation,16.586119991409902
translation,20.799517546832185
translation,6.484580737161728
translation,33.97463991681824
translation,29.057353951371425
translation,23.694524988984995
translation,4.865454838549071
translation,39.30776043448987
translation,30.41901204621723
translation,25.317215784210443
translation,7.365048719175352
translation,42.13611903766186
translation,31.53590901665638
translation,26.791821308434663
translation,12.090120681342258
translation,45.62172851537893
translation,26.779547127862962
translation,19.835492641592523
translation,12.942336970586128
translation,19.37576659793797
translation,7.251107924194102
translation,18.156957249512722
translation,41.54689030618094
translation,17.32183638720793
translation,11.500868404247315
translation,10.137968576689078
translation,44.73698785854148
translation,15.99537547122689
translation,42.03004801049778
translation,28.458687328515712
translation,53.46761872836836
translation,4.330762061956035
translation,68.09271196985733
translation,80.41631355512271
translation,53.48289174681896
translation,44.60422081469849
translation,88.54566158595986
translation,89.04187960999982
translation,68.44230598906061
translation,92.6004900246393
translation,104.21135980142977
translation,91.7355005694968
translation,82.4781501506277
translation,113.20304259639406
translation,112.59839999386368
translation,93.00200518532063
translation,93.2171741777689
translation,125.77524043403362
translation,111.8441471451344
translation,85.78868589937213
translation,82.80577286124557
translation,120.65037422311218
translation,107.04607280680601
translation,78.36307635350849
translation,65.4781862189012
translation,116.50405514937268
translation,90.64751450763978
translation,72.97512389836479
translation,47.11843782157314
translation,101.69555327701906
translation,78.41436748325012
translation,67.68568625411817
translation,21.33574018945309
translation,60.86420023077
translation,74.77825833080067
translation,54.65457874627809
translation,6.381285344211218
translation,55.55746665606709
translation,68.18248330508713
translation,55.562235330858954
translation,4.546262558327117
translation,60.67653271963764
translation,60.89465055344938
translation,53.030412125155095
translation,11.186225854883796
translation,63.18267120455378
translation,55.782824211226625
translation,53.06072985595124
translation,13.773159238335339
translation,61.0338794737974
translation,47.59349164700219
translation,45.740598278399055
translation,16.1104582981764
translation,49.79452500613964
translation,42.957783641708794
translation,32.781281907830554
translation,22.66063007472684
translation,38.449285866323805
translation,31.300510275299875
translation,6.987867496586362
translation,34.094525448105564
translation,12.376334285303129
translation,41.04926324332314
translation,46.89370071750047
translation,57.52038863637256
translation,61.71691657358144
translation,71.58910827833023
translation,61.708756263713866
translation,66.75566254120865
translation,88.23076537756829
translation,74.43639135548473
translation,64.09713508580184
translation,114.24549565118862
translation,99.81231882374018
translation,71.39077257312779
translation,61.769219315193915
translation,120.90952711146241
translation,73.43139278303919
translation,61.259697592919316
translation,56.0474902084053
translation,154.2186836282304
translation,30.398579925701206
translation,42.41541038340948
translation,44.83162326244618
translation,75.35185240008396
translation,22.066379518993234
translation,32.08372975539816
translation,34.64690648807716
translation,40.910037505105414
translation,35.56293936306328
translation,27.210561146855994
translation,28.438676650738365
translation,65.35700916063195
translation,35.30768926444631
translation,22.436490059159574
translation,20.050103169379565
translation,44.713890771422136
translation,25.949795995110957
translation,15.687713321889248
translation,13.034091786164455
translation,36.095747860687474
translation,17.828076481939625
translation,9.00333297625004
translation,7.862317310062592
translation,18.73787431851223
translation,6.202418056628158
translation,2.6032325818474265
translation,6.2293202826971115
translation,11.067258214989144
translation,8.698636911047114
translation,9.34618167575034
translation,5.916111386015846
translation,15.015940170098961
translation,17.37142171656783
translation,14.36791724331753
translation,8.159138603864525
translation,15.04111767907645
translation,26.886444465788884
translation,22.09845698765582
translation,12.337264817991121
translation,30.982281328612643
translation,38.96243893343036
translation,36.94889609364297
translation,22.141105359139775
translation,48.84019281335548
translation,45.68550594488337
translation,48.39716362467487
translation,30.213285958171515
translation,61.33362594660705
translation,51.43181015550537
translation,55.987250762330326
translation,31.07289730633928
translation,68.96547079289816
translation,56.91217109690363
translation,63.018568494934016
translation,32.71885922638853
translation,61.385249562503525
translation,53.94946210551739
translation,52.95668514049974
translation,22.34415510565828
translation,35.36916390484582
translation,42.960765926569074
translation,30.474897782841673
translation,14.146729286102694
translation,13.41873127493804
translation,5.011943847511642
translation,17.993273284568243
translation,31.106863398701922
translation,81.75216849406355
translation,96.9416019715682
translation,53.48008194075894
translation,54.83289871157011
translation,95.37085004916966
translation,116.18128975921246
translation,59.74053775727199
translation,54.776125194861024
translation,115.34781694658635
translation,128.5547249075299
translation,56.67047944742996
translation,47.54961208102304
translation,165.377990050788
translation,107.56787487821529
translation,55.77477911723679
translation,37.16855134540408
translation,137.43684946249562
translation,96.01979355899606
translation,52.99970885485368
translation,31.544582198437215
translation,107.37769289183196
translation,64.03882373610584
translation,52.249622588290315
translation,37.63763305313562
translation,81.17361037356565
translation,40.597729939912135
translation,46.021717848722766
translation,37.71262027563442
translation,61.0805567962496
translation,30.323013086896516
translation,37.415820451640236
translation,31.222979422062426
translation,50.681407845585944
translation,28.53090352869919
translation,37.848950846644655
translation,29.14676679203901
translation,8.626435793658437
translation,45.76022902466213
translation,42.75449284931242
translation,31.677831016463653
translation,53.31998695584821
translation,57.728200965230286
translation,48.798684828525595
translation,37.69696103090509
translation,61.86536629045037
translation,64.03353892418274
translation,44.68860803273304
translation,39.31442053589642
translation,54.004296574808144
translation,67.48518533078696
translation,43.17365943037649
translation,46.02063535486316
translation,60.757329186953115
translation,68.42940081899171
translation,46.27932489657309
translation,50.80556200816655
translation,62.82438443257385
translation,62.144626799080406
translation,44.3100579141184
translation,71.11751716769444
translation,68.9175447157503
translation,50.470621740446774
translation,38.69535974105423
translation,82.33450353983459
translation,89.9730426066905
translation,60.76814489142381
translation,38.75353760802823
translation,109.89466900582431
translation,84.8513772123014
translation,56.49730956259005
translation,36.188196093931
translation,125.746249283947
translation,66.72970960241136
translation,58.99388286854805
translation,43.905796437438866
translation,157.5107569492406
translation,63.55762761242399
translation,49.453594334602776
translation,45.526656004100374
translation,159.26511001240053
translation,58.60513294734207
translation,42.601132375536984
translation,46.98453152938045
translation,152.38057846925207
translation,52.92185066161022
translation,45.633585657066256
translation,55.551327029781824
translation,164.0665750793658
translation,43.63161221848563
translation,41.45060284304221
translation,82.15096821058933
translation,132.82736876353277
translation,42.88142625717689
translation,37.19594025296639
translation,118.54699881631824
translation,125.78411363735147
translation,34.27738999590426
translation,31.10463358658006
translation,144.44382826509337
translation,123.94843034240809
translation,39.28416851781072
translation,21.38538904356338
translation,143.03499123842238
translation,129.61896788154303
translation,41.8852050704153
translation,24.981511326405677
translation,134.65174807075022
translation,116.61171166017282
translation,38.65077880461571
translation,49.49966105682851
translation,127.31687459306742
translation,106.69017560635123
translation,21.608706334557937
translation,140.95059402047886
translation,128.3453428783987
translation,100.46882867184674
translation,27.235339188899943
translation,147.18313493874425
translation,127.55011833570838
translation,87.66695735087707
translation,68.45806493162335
translation,149.45683616235345
translation,128.9157660603523
translation,88.69911134611601
translation,135.81381068508526
translation,152.61736408197189
translation,131.8310340650544
translation,90.57479737204453
translation,155.96314246822305
translation,151.01027664757896
translation,133.62048357983386
translation,93.90821335403753
translation,163.30073216153548
translation,148.42778514232373
translation,137.047765643043
translation,96.03063984981527
translation,160.79939908129003
translation,134.45077150163723
translation,126.63654976696724
translation,103.3573581609007
translation,155.6157202387155
translation,130.17545057579838
translation,112.02955388519692
translation,105.75754258201044
translation,139.55991817945886
translation,125.65117889960696
translation,98.94091336942367
translation,109.8163988473452
translation,127.38969774697854
translation,120.50391575861674
translation,80.7737792542638
translation,112.27772210306347
translation,108.17157333240972
translation,113.02243304225236
translation,70.96834790224176
translation,110.97436350385911
translation,97.67932546192337
translation,104.48696271059744
translation,68.60236641300729
translation,104.93424057590762
translation,87.31244384623768
translation,91.36044836311537
translation,66.83428436519642
translation,113.74376257017546
translation,80.59100472418335
translation,102.69592010040081
translation,66.52634875046681
translation,117.98252476214267
translation,79.82666351539264
translation,77.89456301537484
translation,64.26472851218715
translation,117.79904918696772
translation,96.40487256954326
translation,66.77279378721448
translation,66.23775108798729
translation,152.1895427117082
translation,139.90419237852402
translation,57.16088618249209
translation,54.174758121717325
translation,155.01245278575792
translation,83.96056284340979
translation,59.57787206592761
translation,53.49079430116999
translation,114.90620357969195
translation,67.71016115072179
translation,63.96978369095634
translation,81.66669575171052
translation,95.01574329922468
translation,67.45382053363176
translation,65.1312986499599
translation,109.65654306209933
translation,84.06169276814501
translation,64.09652505228036
translation,66.44700281808048
translation,138.32908826396493
translation,76.81579492735594
translation,59.421669762952845
translation,61.18432658788972
translation,168.30314772055183
translation,66.03884229644011
translation,66.34728996626272
translation,65.09305004214943
translation,154.24351953176276
translation,63.58570866994755
translation,76.85246911179107
translation,79.93252016759355
translation,144.49503478110455
translation,82.18261923924695
translation,85.88601567151537
translation,100.78946654352339
translation,138.08364657992232
translation,103.45360111060059
translation,125.23551045355693
translation,93.56781179019728
translation,131.9438740584538
translation,114.36740221476786
translation,106.7296394957699
translation,98.00124496906427
translation,129.29198206761944
translation,107.17478753676349
translation,103.92318053623482
translation,102.01640596556983
translation,113.27474652497988
translation,105.02233871153626
translation,99.69845217409927
translation,113.35707522391218
translation,114.86787098781612
translation,101.24426715264147
translation,97.98297470360838
translation,120.07735997557286
translation,99.24445813878316
translation,81.67082282676196
translation,101.68016785650248
translation,128.76151630679354
translation,91.09735196614632
translation,64.33511120888645
translation,107.0523497599405
translation,137.3398461223152
translation,71.471843819955
translation,46.46014963194588
translation,148.53178372689896
translation,141.40200953248862
translation,73.91747857177258
translation,85.74230106671821
translation,152.5124612021364
translation,106.9303393302232
translation,76.28379818947951
translation,82.16936066065036
translation,119.64284128568659
translation,87.42443263663954
translation,70.89780261475182
translation,91.86832955606575
translation,113.20373081410334
translation,74.6196240982504
translation,65.00070328138608
translation,92.28951657965032
translation,91.21217925437647
translation,61.14051207884302
translation,51.34488461312574
translation,84.10223550098995
translation,79.50088388800772
translation,52.29719566944191
translation,46.33463696001959
translation,83.23954516070614
translation,69.85584794183468
translation,52.17723448644989
translation,33.05847498506081
translation,77.33036710725179
translation,53.14724245350326
translation,45.47713800495859
translation,30.77351038417644
translation,33.5045520895445
translation,36.34645152489972
translation,38.69564301668033
translation,49.423157402954274
translation,15.25713581257166
translation,36.20969750899331
translation,41.03123659930638
translation,82.63298849702396
translation,8.728117101520565
translation,36.71799919351292
translation,45.998437870719094
translation,108.04854114140586
translation,13.416823682314075
translation,60.850562257033324
translation,52.22554051269531
translation,135.0998252339217
translation,23.69376915139905
translation,67.13497724457727
translation,17.442100036894963
translation,139.0731445348655
translation,15.579789535992825
translation,111.05989581908467
translation,69.58794212485154
translation,140.54295435902358
translation,17.347238224043757
translation,88.54330089408589
translation,48.45498417367372
translation,122.40898521990833
translation,24.475425273164173
translation,43.71433263986595
translation,61.566001853389615
translation,66.53481859394492
translation,22.80281623817711
translation,68.66091032593818
translation,103.591646926824
translation,72.55548655014502
translation,3.6746009248182516
translation,61.431761349572234
translation,122.18425857944513
translation,64.37255791115587
translation,23.606797391028056
translation,57.53326767905402
translation,130.6418318009222
translation,42.53381329079156
translation,73.80195700066089
translation,68.77194108829156
translation,138.82491758460122
translation,22.606142899334984
translation,78.93706911587448
translation,132.80560103799465
translation,144.89903962086737
translation,22.374725046867457
translation,87.65673830982735
translation,132.96855243782502
translation,150.88580443397697
translation,32.72250688689603
translation,91.36702847305524
translation,134.63711900039226
translation,148.192153820528
translation,30.532525072030637
translation,98.01137697348676
translation,136.17333985569007
translation,117.69876644268086
translation,29.56744325118247
translation,97.65337609254601
translation,140.09622109486435
translation,63.349899944160974
translation,29.457577783076054
translation,82.812435028143
translation,93.35509082533144
translation,54.60682733392511
translation,17.861402462874423
translation,9.084614885507987
translation,57.577780610910146
translation,46.48541787399285
translation,22.053118974477897
translation,35.53192927750997
translation,50.18413727533241
translation,37.647918358426665
translation,38.67702348613005
translation,43.24744288216437
translation,52.13152818912094
translation,34.31225612721933
translation,53.32500753318866
translation,82.5989950992807
translation,42.31008061346228
translation,33.43622480470235
translation,60.240117575954585
translation,91.68469618312406
translation,27.743523251816793
translation,23.361383154832534
translation,82.25202598003467
translation,129.0460516644912
translation,5.5909133328358624
translation,15.818895362241506
translation,95.47294928092339
translation,139.29927438422004
translation,24.254728574790132
translation,49.40811443297799
translation,97.37935533894917
translation,109.29988579078137
translation,30.84239909302011
translation,74.780002467942
translation,108.15400728719762
translation,97.42256361385525
translation,27.258991253353315
translation,95.08989053400865
translation,145.4616199145441
translation,103.20915335691119
translation,30.596801759851232
translation,100.39234232560494
translation,176.09759344708738
translation,102.89951415641517
translation,94.47869108308022
translation,110.07188444510696
translation,174.69348477129304
translation,104.43988449416297
translation,118.99066636943063
translation,122.59330775930133
translation,174.0930698256228
translation,112.65679625991464
translation,118.81811745527396
translation,129.03659210570137
translation,177.18163860096647
translation,110.41472504931843
translation,115.79797826541324
translation,134.19754265649917
translation,171.57085956036326
translation,108.22604833948618
translation,114.63800042800536
translation,147.16880433204122
translation,154.62040029264608
translation,98.46528562358998
translation,121.11615145352997
translation,125.38095943273038
translation,125.56939769054244
translation,58.617469541381176
translation,164.87332987926786
translation,108.26065330806348
translation,110.49526409780837
translation,71.01298671989188
translation,126.16388346377393
translation,109.13281484439608
translation,91.82223337765417
translation,73.31291680902966
translation,102.11291051717747
translation,110.08819600057913
translation,69.88760002448554
translation,65.61809286587165
translation,90.61545629419837
translation,110.30741570618115
translation,55.0784250187899
translation,44.12034549841436
translation,100.50365266855198
translation,107.56977071696414
translation,46.03145868770301
translation,25.441793416931585
translation,109.65262906757187
translation,108.44056725425244
translation,41.50665778143549
translation,18.81145452159951
translation,117.30378609554836
translation,120.50700140714622
translation,31.80048257509523
translation,4.407196553072421
translation,128.20933785990456
translation,79.40484620917069
translation,34.72932533983758
translation,24.852588044139107
translation,133.43688329561633
translation,68.71377157023436
translation,28.860136784742146
translation,21.5289447620724
translation,95.7550008720668
translation,56.824739872192694
translation,19.985043646711308
translation,17.195133594619765
translation,62.115443865358
translation,44.704262309728755
translation,26.87528375636676
translation,12.767870013187741
translation,54.46144428132416
translation,37.1101827759339
translation,31.625962762776854
translation,8.270265549812027
translation,51.14510231351352
translation,25.626164321275734
translation,30.821147041063757
translation,8.294590852287735
translation,40.15748143465998
translation,13.274565604931643
translation,25.179100706675985
translation,11.540664579974033
translation,30.78107482331467
translation,27.11049031992267
translation,15.964148786595196
translation,20.397536986044532
translation,42.326565456471485
translation,51.34253506943221
translation,31.630141829800216
translation,28.170215228557975
translation,40.77886629019528
translation,58.743407610726784
translation,50.88546918843261
translation,14.990706982857523
translation,54.12561746497273
translation,62.50489020410665
translation,70.28839103689192
translation,31.912033817277784
translation,73.17040120672938
translation,60.50031221081158
translation,94.2369745564547
translation,44.97363458023585
translation,78.8748093633237
translation,46.25357322539271
translation,107.7753997901231
translation,29.96772280873027
translation,108.78353023797102
translation,54.85116375545499
translation,126.2950528345917
translation,36.046349766080134
translation,98.22702599028231
translation,72.92016914598511
translation,135.62910753431763
translation,28.947512634845378
translation,78.79008357373303
translation,79.3679151450935
translation,110.30617844269425
translation,28.369227138124174
translation,70.13166714587702
translation,86.56475280454977
translation,81.85071074451155
translation,30.517219685904053
translation,59.11861490822276
translation,87.16269241129156
translation,84.65243655539244
translation,31.590934566370848
translation,73.54701512146603
translation,117.14580890368428
translation,79.18198696598658
translation,39.537056743617256
translation,86.43744225284307
translation,122.77434113542846
translation,56.100667932994455
translation,46.70106297148487
translation,124.6324862108446
translation,121.36197544497256
translation,27.827532346622945
translation,102.57075936145334
translation,124.1443513480345
translation,125.87236630441735
translation,36.163803242435094
translation,94.84131773737725
translation,114.13494801611193
translation,120.10944695182548
translation,23.68132645278774
translation,74.74524119449369
translation,118.7356539670143
translation,116.24960653834846
translation,11.288248976503292
translation,72.3769202717218
translation,121.97255587009005
translation,94.56182903360337
translation,12.751801862793362
translation,68.41578436487318
translation,82.15936159060293
translation,22.42547544980592
translation,62.53821673406889
translation,68.12920099938441
translation,34.392298482714885
translation,61.618839044950384
translation,51.86945583470326
translation,47.96079611765552
translation,50.66154672170906
translation,46.56276026028472
translation,41.0047901608209
translation,34.46035001786402
translation,39.419030609090356
translation,22.27608375510727
translation,20.888203932039225
translation,49.14253550427804
translation,28.240292582951213
translation,41.95492622822234
translation,15.571124087243305
translation,53.7210781101354
translation,18.475616581098542
translation,63.13813168015397
translation,23.828347226147752
translation,32.76932622227674
translation,8.901751787084125
translation,68.76311791795237
translation,33.09127316269385
translation,3.8376548385550526
translation,6.620625452060858
translation,66.37374294999172
translation,25.95026179499748
translation,25.281060623107134
translation,27.17526470967407
translation,69.29091161868092
translation,34.193972739659095
translation,28.31182316294045
translation,98.1897956095617
translation,71.7335850211664
translation,31.780926322107685
translation,11.54942642690277
translation,119.77265273211019
translation,69.33046396824142
translation,10.548584561438888
translation,91.59277501421973
translation,104.40650289089758
translation,65.22632983447146
translation,13.317085416921353
translation,146.72218799353993
translation,97.03280304533263
translation,72.56679204960976
translation,21.379620557556983
translation,162.33632485947962
translation,93.68829440518304
translation,102.36708597004217
translation,17.84733871275747
translation,147.2388023859061
translation,90.39611363205779
translation,140.0091328117411
translation,46.05703641476065
translation,116.32540825827824
translation,79.53395142212035
translation,87.03038925490041
translation,55.06238736891795
translation,82.6554849136331
translation,70.02944813504699
translation,47.77580164660921
translation,55.651706168578166
translation,61.31672168684634
translation,58.28241975682636
translation,27.464068138736355
translation,49.09993002177965
translation,53.540054576792976
translation,44.38460101539319
translation,29.656852207910596
translation,24.041415962233934
translation,54.370190647313734
translation,15.799242447946744
translation,48.08857307752999
translation,24.98856422229868
translation,60.756377608161316
translation,72.76793769725002
translation,60.971672294600154
translation,63.097081359531295
translation,51.46627401037998
translation,94.33886845862013
translation,68.98891879903384
translation,75.04513936606375
translation,82.23975004251517
translation,98.35004059791416
translation,83.33791716974906
translation,77.174194660715
translation,100.72440314051737
translation,99.8463235186767
translation,103.02994252365235
translation,78.70766494740741
translation,100.49130925878994
translation,94.2456753377865
translation,108.86121598091876
translation,75.98525876692743
translation,101.82720666699846
translation,90.05418759253264
translation,108.64091090629213
translation,73.72621443939393
translation,102.01910424876257
translation,88.08869897593071
translation,105.4271073017631
translation,66.9209840231366
translation,98.92016882523407
translation,78.36708329407205
translation,89.18045072418263
translation,18.358287373953086
translation,31.82819740057027
translation,45.85049995224227
translation,22.06671065409762
translation,71.87172647499571
translation,36.22989641158667
translation,94.11961258590344
translation,49.95299045486924
translation,105.51049051845212
translation,61.62866632402498
translation,119.07477803105385
translation,71.07601046235894
translation,108.9494485159219
translation,74.19342871821662
translation,83.00086656970356
translation,88.51018788351011
translation,58.77946032525843
translation,107.61597366911431
translation,52.404522294982385
translation,66.78497495483052
translation,118.15922304629512
translation,38.79719702403781
translation,39.68203701834368
translation,170.00214640026104
translation,13.902712101959985
translation,23.071045140243193
translation,153.0503290929002
translation,2.5907248546790367
translation,20.987266736834975
translation,68.41223682881093
translation,7.734544081195058
translation,30.367589103932843
translation,13.124875641462694
translation,15.345993616949839
translation,5.842569659802929
translation,28.28253268458269
translation,24.543418459533594
translation,23.390782314080127
translation,1.5567470891515378
translation,5.128658296886896
translation,64.1447411889318
translation,31.129521465645126
translation,1.477579471027977
translation,38.722341284211694
translation,106.9750226041317
translation,33.626095284830726
translation,5.796461472804627
translation,86.06896481354133
translation,149.08550811730504
translation,27.148429119256445
translation,49.79624732018413
translation,112.0974049024524
translation,162.81814817748116
translation,23.563297734856
translation,178.0389051188837
translation,135.97610812323975
translation,171.4460389940807
translation,13.137845964193097
translation,167.8937682103548
translation,153.76961986528724
translation,170.90752948392193
translation,8.213861627413818
translation,152.35005252633604
translation,175.83173166096475
translation,139.06873982224775
translation,17.816291446425943
translation,143.59574505232635
translation,158.38771054094087
translation,29.499954673873876
translation,32.018675018337724
translation,120.3420848418295
translation,158.28578065231204
translation,25.58965869500727
translation,39.25367611008205
translation,35.43471239781766
translation,141.7817864361142
translation,22.873222261419507
translation,39.55581722583349
translation,6.783395848601587
translation,25.401959868093105
translation,13.92955544496782
translation,29.3126788329908
translation,7.350192314230116
translation,26.383505283379485
translation,9.538366292271485
translation,18.919627974283955
translation,10.051303937811033
translation,20.23823104081796
translation,6.8229286120853665
translation,27.96441177216681
translation,14.198800914088826
translation,10.19818997858396
translation,3.292163786549008
translation,68.35255476966883
translation,11.40850462637885
translation,2.4273149657536086
translation,17.766029962324374
translation,107.61912010351882
translation,6.571356499220321
translation,31.114540830005335
translation,75.62210560956383
translation,108.08318449591877
translation,0.7104261624246921
translation,58.01653320143007
translation,117.0161960408091
translation,83.5528957441067
translation,44.2996871343043
translation,79.12072628580447
translation,138.273366508041
translation,66.60317510421412
translation,84.59545419514608
translation,141.51240768384773
translation,156.30497073192225
translation,61.61096380959509
translation,126.8233561632152
translation,165.54375401070192
translation,170.92328750259477
translation,20.992549542085925
translation,151.59294018819892
translation,165.02240608330195
translation,172.36421014916925
translation,56.88099607517973
translation,140.0355071127116
translation,165.8656260051664
translation,174.79946597420934
translation,68.12534125301976
translation,131.06440101918076
translation,157.96765090444967
translation,173.85982044118825
translation,52.15645656433573
translation,108.8735716896654
translation,169.16428947231648
translation,170.66779204966952
translation,44.948351588529185
translation,104.86158008787568
translation,173.1659245534345
translation,28.440180456875762
translation,39.79195193870493
translation,91.57136812329655
translation,169.60650139767628
translation,23.437811129447578
translation,30.596681247101007
translation,55.06057409546681
translation,123.735435492237
translation,21.5927979379343
translation,20.646318718993736
translation,39.76618650202647
translation,18.2016517493427
translation,19.33100792325615
translation,7.239940143588623
translation,27.520708224618435
translation,23.39125778727241
translation,28.780994913840274
translation,6.604634313194267
translation,29.054126629794993
translation,22.61469908962643
translation,29.76089736471342
translation,15.637559660089515
translation,23.86007931631573
translation,15.383027957567684
translation,29.544543747457485
translation,28.313103203025047
translation,15.902747202807307
translation,12.701980273192072
translation,32.07478190482684
translation,49.316804120126044
translation,12.677346325304233
translation,48.87400959709393
translation,68.38493057833321
translation,142.99971806278594
translation,150.78161920138376
translation,88.7208616770595
translation,149.4633422629679
translation,148.0071473864336
translation,150.2695245966206
translation,112.1829051232617
translation,158.52272730249751
translation,169.47250153661687
translation,148.15117574554634
translation,128.46933937501115
translation,153.35525246154612
translation,170.2828073213918
translation,140.04290981343757
translation,134.5794264961359
translation,131.2721380980069
translation,134.72406930931402
translation,126.00581057249224
translation,129.804835213111
translation,121.8827900967973
translation,97.6084925014849
translation,118.0052151436888
translation,122.28799307284092
translation,112.9450179071755
translation,74.62241904170448
translation,111.38001123324298
translation,126.22340185302382
translation,120.84235566531
translation,98.70875679730288
translation,106.09698499295625
translation,117.14431275113887
translation,133.9690887654174
translation,130.8565256502602
translation,99.16892649734027
translation,111.1645165847318
translation,151.02818886328515
translation,135.13437129316497
translation,77.04671939998583
translation,114.30057344839706
translation,120.90629240390489
translation,127.39613011503894
translation,52.150331638248566
translation,130.69670064547566
translation,48.24699778151571
translation,44.19486295247276
translation,30.055027662538368
translation,95.93758143675049
translation,51.21341550341115
translation,40.03061700979298
translation,17.950567539143474
translation,99.26331412476556
translation,57.46617960361533
translation,70.92155675170882
translation,8.930207821759048
translation,97.11153924291972
translation,58.264898937225844
translation,2.686169278964532
translation,75.50131929393791
translation,55.395167977185785
translation,59.68234308280666
translation,10.587606878186502
translation,44.783749842621056
translation,56.76291111845566
translation,39.961789088815934
translation,15.16923263328797
translation,17.75760480070718
translation,88.10286762697508
translation,54.45431924180227
translation,39.54196205113136
translation,13.829552258057127
translation,98.4211277120604
translation,50.11900422018565
translation,50.13874805109826
translation,118.19921257440508
translation,94.08873643043762
translation,48.64168935349556
translation,58.35071377287062
translation,136.43284021181447
translation,113.97640889601432
translation,61.09376133907648
translation,66.96694312270805
translation,143.33062982121342
translation,119.14845517716401
translation,67.81237524571917
translation,62.79638032706356
translation,141.14899123106113
translation,115.12298964055611
translation,67.14360465456767
translation,55.17557293420111
translation,118.72408809453934
translation,97.55094354690576
translation,50.05919338679828
translation,40.44235336607127
translation,60.15458176321216
translation,52.190465145495864
translation,30.954156826221123
translation,23.16954330798948
translation,57.556478320793985
translation,40.439440852138226
translation,23.853315223827163
translation,14.27547523335863
translation,62.10467641906163
translation,27.44239590932026
translation,21.382757380652105
translation,6.259272260190153
translation,76.03407979884096
translation,25.681812668623024
translation,30.778625788195928
translation,4.730184874240389
translation,46.99740995540397
translation,24.25409311186629
translation,21.567388039870856
translation,7.138727983273592
translation,46.55926748119829
translation,20.595898295332837
translation,11.265612417774395
translation,24.416208019564795
translation,20.870873812450146
translation,3.83955822959299
translation,2.6363723163443287
translation,25.1876116786019
translation,15.80130851546259
translation,13.364134333071304
translation,12.616971697234247
translation,28.293416854691035
translation,15.405987537655943
translation,20.752569036362058
translation,22.102286523364363
translation,26.725042259826964
translation,25.791841936307645
translation,64.71905666855199
translation,35.22523985651099
translation,32.986953310487344
translation,61.15055425423704
translation,121.47468821074212
translation,46.65666113525931
translation,29.962136845253116
translation,92.33843390369725
translation,150.22334061332256
translation,73.77891342330282
translation,31.089034200903505
translation,100.73448528587335
translation,130.82270251375255
translation,87.64288707659604
translation,7.4724103991188615
translation,135.0492474414296
translation,70.43103638770411
translation,88.2332957557892
translation,26.974263373006078
translation,150.4285343243805
translation,20.350600413542313
translation,81.25958465548841
translation,58.30047544271676
translation,132.93816898714488
translation,15.174109503319224
translation,67.82033908447652
translation,74.90487947305117
translation,106.547605013719
translation,27.160494204183763
translation,40.934371204924545
translation,77.67940504512875
translation,21.195523556642836
translation,19.262563802486
translation,18.352810621719176
translation,76.06496223575199
translation,29.08649631937815
translation,23.609537962834928
translation,17.615119144926027
translation,70.37968046698701
translation,39.558777916617835
translation,38.44386475317155
translation,21.086150728059142
translation,70.0540536690328
translation,46.67577650676087
translation,63.518346385095015
translation,21.552940978908325
translation,69.23777227947771
translation,37.92464132727768
translation,97.82963274610151
translation,31.401466880681866
translation,65.64782287044706
translation,66.72902403538721
translation,108.75388008565318
translation,83.6222255956348
translation,48.36410847487784
translation,100.73375601561061
translation,101.27557188030217
translation,96.8752956764518
translation,17.671490907139976
translation,118.25717150570134
translation,91.22692155943308
translation,97.91415043805715
translation,45.321860658483196
translation,129.4192344018716
translation,37.30450919869018
translation,101.16612693892588
translation,50.52356790423333
translation,134.37517170252113
translation,68.30463468961536
translation,89.78983413675222
translation,36.42474962804075
translation,88.73363884146352
translation,66.59032231886349
translation,81.52152163203836
translation,21.47745266354613
translation,50.59449703686919
translation,57.79088063642805
translation,71.65089640328704
translation,17.603183448916415
translation,50.42452725831767
translation,54.958797733693
translation,54.34008595958214
translation,24.114434994464673
translation,53.87208997177144
translation,58.689395432904725
translation,21.280785675894975
translation,40.2438646426143
translation,67.71986913051019
translation,89.52163860557708
translation,23.17025333193727
translation,56.40296371438058
translation,81.71662588634263
translation,100.32324554518567
translation,49.10899104111987
translation,69.60192806868473
translation,112.21384274754406
translation,104.11370513270005
translation,51.28149390792844
translation,71.3817162249564
translation,110.36800722561054
translation,94.0332531386709
translation,28.332392346444333
translation,55.60689772445686
translation,101.19091399305316
translation,89.31361018907722
translation,6.903598984989625
translation,46.230641928576965
translation,101.08966241291571
translation,87.33651485745673
translation,38.95324609924194
translation,38.56454129568541
translation,100.31320477660815
translation,80.75595948114565
translation,51.56110741582004
translation,25.823664322280308
translation,90.2130100271648
translation,49.063985099277254
translation,59.17433869961795
translation,18.69854688430478
translation,82.82860872938052
translation,34.41867218559831
translation,56.536937339685686
translation,6.45645951656979
translation,69.81544041372464
translation,56.92972269244796
translation,34.50547927342267
translation,14.3779946574663
translation,1.3942970569078033
translation,60.226045600708176
translation,35.29755675486291
translation,27.21668744544683
translation,61.78414111104358
translation,61.67967337989062
translation,44.23597606283066
translation,42.93635403701387
translation,72.61994366001889
translation,61.02965385892961
translation,46.34607683611866
translation,65.17745367878884
translation,74.92150201241465
translation,58.942506299673575
translation,40.83556604988677
translation,78.89385160776699
translation,75.3045312035202
translation,48.95622216386425
translation,33.04380182587532
translation,95.71775009080456
translation,66.66259977434449
translation,72.66854864310636
translation,11.905296034903538
translation,122.53071401519306
translation,23.409308179933717
translation,95.86691539972254
translation,24.296545725598943
translation,145.9829148000634
translation,83.54589753285147
translation,104.28053109258741
translation,53.198553579169996
translation,163.2420335844762
translation,95.22777167686262
translation,104.80809048564389
translation,64.48967498517298
translation,158.00668779333054
translation,102.09210635186301
translation,98.79085688714957
translation,87.88677687359011
translation,163.14439867145754
translation,114.28289794268241
translation,89.01397453176091
translation,143.23134619467763
translation,140.4564961652673
translation,132.9366589148063
translation,40.74371933866038
translation,145.57162061406544
translation,112.53481004733972
translation,162.8495984494677
translation,24.948721495010748
translation,128.7403194055249
translation,102.53828806957496
translation,56.426525751459046
translation,34.54571895440985
translation,115.92712562517018
translation,96.03481729069573
translation,31.578736177783927
translation,36.0107862756204
translation,104.09691564304055
translation,86.60366067198301
translation,22.211347871854297
translation,28.83905872976108
translation,90.78112123971978
translation,58.74406710213686
translation,16.915353066588175
translation,29.553085991668862
translation,87.68050685757666
translation,29.042792077792992
translation,27.525993029236215
translation,62.25117893900266
translation,97.37741860550261
translation,23.092528798254676
translation,47.38248583543365
translation,116.77607674405718
translation,109.25623976427966
translation,71.55559707096916
translation,84.86900548413625
translation,142.94755184628966
translation,121.53182208373377
translation,89.3011021724856
translation,142.09466598887593
translation,156.0923397194821
translation,137.33722751069644
translation,87.0388470766242
translation,154.17680014543538
translation,151.56234093726925
translation,147.66106006108348
translation,83.7289152527547
translation,158.46160238975372
translation,90.79343918338297
translation,99.70082796498293
translation,122.32058455020656
translation,161.86551262132352
translation,146.4815384785098
translation,52.17204492672472
translation,94.74305986176596
translation,44.06960841824311
translation,73.88039164580113
translation,42.70362957023811
translation,28.521942561563332
translation,46.99164480274666
translation,14.767513457704732
translation,53.68456088094268
translation,10.424315270637516
translation,64.10884316640458
translation,21.68556384348733
translation,78.98693846848239
translation,27.448454760681198
translation,100.91257082340898
translation,27.532997965273054
translation,59.70517659209188
translation,144.4803562398134
translation,25.640020561328352
translation,54.18772557258517
translation,15.292869043049125
translation,16.91003851696759
translation,48.23765269896291
translation,51.004752057155336
translation,2.651539949357089
translation,48.07495067625182
translation,22.20076487613822
translation,11.239266205260803
translation,47.341625675901135
translation,52.99494334784523
translation,21.32740834792638
translation,26.758869605049604
translation,53.454118832796155
translation,102.84213490410741
translation,26.90415950947935
translation,51.9916254391833
translation,61.758316331298595
translation,143.4482157275652
translation,36.03244852855567
translation,70.43722119508001
translation,72.60498675616147
translation,133.09515138222687
translation,51.72069713347401
translation,80.25712037792695
translation,136.1663268380292
translation,128.60422461844547
translation,70.81114656212738
translation,85.97849782283832
translation,142.33226731026312
translation,123.45847765008412
translation,79.85699220180635
translation,87.57773857353607
translation,136.97501528523844
translation,114.49180450932312
translation,77.67028495626786
translation,80.7636996855261
translation,129.5838301441751
translation,97.43511940966494
translation,68.71943176210532
translation,67.44231146536082
translation,124.06758300351068
translation,72.66838905754905
translation,62.40621149403051
translation,53.334526531812045
translation,104.85784974971415
translation,34.71814488586331
translation,52.071317943335394
translation,25.312188664393148
translation,63.05816115322997
translation,11.571437796994399
translation,35.405523154342546
translation,11.114178424732348
translation,15.528747098524757
translation,18.552859658320177
translation,18.381984002836358
translation,10.994381314861249
translation,25.39669299515616
translation,22.147566629284857
translation,15.057830963682452
translation,13.08936490684668
translation,28.97759485783531
translation,18.60573595494019
translation,15.171699651534933
translation,14.711383799920402
translation,27.881707840345314
translation,9.34943929196205
translation,15.972080373059727
translation,19.453650946097625
translation,19.848056074950374
translation,11.598930640467975
translation,19.69251140894097
translation,27.05568354632469
translation,16.880030770057346
translation,40.27074524148541
translation,27.988060289778208
translation,41.59381330779853
translation,62.83056127332526
translation,93.03634027197074
translation,74.10972127874858
translation,68.3014716096699
translation,92.26659217588451
translation,109.16316168459132
translation,148.26271820140204
translation,88.74665048302558
translation,100.49719983445378
translation,121.89770345027199
translation,139.25262481488016
translation,102.33018226042206
translation,105.57834070615864
translation,127.52850466588751
translation,127.81231479897227
translation,108.6195342121492
translation,117.16896248781285
translation,135.44848726996753
translation,123.35153871798599
translation,106.38589874050628
translation,125.93956274056468
translation,147.92223897578066
translation,120.59317136325805
translation,87.3529649252734
translation,132.09118901756756
translation,111.3952956158213
translation,111.67739904455564
translation,58.1364225468643
translation,127.938087056147
translation,93.40100058416402
translation,56.1220161715452
translation,26.37239241352077
translation,107.82917669150534
translation,85.50676329346828
translation,12.135629958145374
translation,35.42282630905707
translation,78.22897908496647
translation,94.57521167798326
translation,30.378150701681136
translation,39.7378767492095
translation,64.22869406061866
translation,95.74828151968944
translation,31.182774251133598
translation,35.3219425181195
translation,69.35825797214763
translation,97.48126015208933
translation,48.18952821495194
translation,30.05709117928658
translation,97.43394421724712
translation,107.34142098069196
translation,55.28153177122716
translation,21.362016356996264
translation,137.68061958758392
translation,100.5737800885838
translation,61.32002813576857
translation,14.400974890001462
translation,145.68992193340188
translation,97.35005093910463
translation,55.390372031041075
translation,9.976539263283252
translation,111.55471410197737
translation,75.2759680806919
translation,45.48948433493456
translation,18.26760542240349
translation,102.97952368504487
translation,72.7058009547544
translation,37.48637114693263
translation,27.773715974390907
translation,85.67110000905846
translation,56.94786503405879
translation,10.466821914245811
translation,16.911682557155906
translation,58.34334772279053
translation,42.9363530831793
translation,14.61156657648643
translation,9.653891804085388
translation,27.01095808311688
translation,35.985493657921424
translation,30.89520105774708
translation,6.40952022481186
translation,36.43780358546253
translation,47.59926257362581
translation,36.55096187813481
translation,7.050738281620537
translation,46.51300240840837
translation,46.43438037570166
translation,36.72571433209285
translation,8.9346913292407
translation,57.727322934003666
translation,45.981727255499614
translation,33.93783115612295
translation,17.56164016101905
translation,151.69744108419604
translation,45.44194610690725
translation,20.50133994375388
translation,30.473034384299577
translation,161.65570918375832
translation,52.147229031583855
translation,13.995345435103504
translation,64.19489870296762
translation,47.344299456653985
translation,5.324392161770848
translation,67.79700761638787
translation,42.6562101268382
translation,43.80225452769542
translation,3.760092248859481
translation,68.96466234190387
translation,38.865066232561524
translation,35.812365101200285
translation,1.8886709658319796
translation,63.345001132709925
translation,42.00332290481725
translation,34.53095657166738
translation,5.622392988983486
translation,62.46716623038097
translation,44.16991864308341
translation,33.93209719720627
translation,8.161068545637752
translation,70.91549494428688
translation,47.117977155889335
translation,29.177836670486965
translation,11.172749254376496
translation,82.83438747720515
translation,34.93502445112686
translation,10.032703005457659
translation,28.942034930996428
translation,89.8927761962474
translation,27.64695583590328
translation,16.62944366019985
translation,87.49597652442085
translation,86.0613434303974
translation,17.36378324578712
translation,24.643441671406848
translation,96.09232534555915
translation,77.18143996901331
translation,26.40831313336125
translation,36.74476729188336
translation,113.69735195873655
translation,75.41461016756085
translation,62.71022383956511
translation,53.01980251935404
translation,127.79175489350644
translation,91.5883811584468
translation,57.633051710948514
translation,59.766548934024215
translation,114.03391522867422
translation,86.21198336992073
translation,60.080270456536695
translation,75.75415415789536
translation,117.26240639849432
translation,55.026771171688594
translation,57.82296695507872
translation,97.37999818662243
translation,116.70356523721225
translation,29.129755647763062
translation,52.58373117929792
translation,153.574997464994
translation,119.34813327106573
translation,18.730996114070066
translation,52.02401159389941
translation,142.58740473256796
translation,114.035297735988
translation,20.94493094824422
translation,101.23785669147239
translation,138.3047299501207
translation,114.74962205482213
translation,25.50688985432657
translation,165.58036798982621
translation,134.59410111408798
translation,113.81093544677856
translation,37.848024273186894
translation,143.99486335100175
translation,129.04714123129094
translation,115.76369792454356
translation,31.781753860781706
translation,133.8003347445866
translation,119.28357693913581
translation,113.08281016686415
translation,39.61468588064544
translation,125.99394652851224
translation,111.88890634768329
translation,90.40492708276028
translation,75.59669028413781
translation,123.54682357468796
translation,108.84061786025188
translation,50.13117106438498
translation,99.13134167642573
translation,110.8952615734989
translation,102.54875352936145
translation,13.17682143911037
translation,123.32269335745063
translation,73.54251513680933
translation,73.14123536942176
translation,6.4197806553286885
translation,143.90933454213894
translation,75.60123311406315
translation,54.96313225783648
translation,18.305891997410747
translation,148.0422498662976
translation,98.49274846524943
translation,38.501301867790396
translation,26.785475348759185
translation,148.1519341279684
translation,92.70097205408464
translation,33.14795808030352
translation,32.33363411418731
translation,143.92772712273654
translation,74.83650652215317
translation,25.005534494955256
translation,43.97644661389747
translation,157.085532982029
translation,17.72100240823417
translation,30.729017270233683
translation,53.25801848332875
translation,166.77355522445444
translation,41.37040703930775
translation,35.25194801138574
translation,65.38682856058148
translation,46.4525087958152
translation,39.467073705838686
translation,30.986235595595623
translation,79.74247779104921
translation,31.153536150175935
translation,41.007940150312166
translation,33.75481738195118
translation,127.58725268156545
translation,31.938489565509474
translation,34.83407748302367
translation,38.91162168391963
translation,175.90712524297555
translation,30.233133155743257
translation,35.09320181753741
translation,43.13395861339946
translation,48.50510346841809
translation,53.065816395920855
translation,59.105617783283165
translation,54.821292910183764
translation,34.76415312397873
translation,15.495143513845147
translation,33.643674531997135
translation,44.588349262433724
translation,32.6629215206764
translation,85.02565196280987
translation,25.760461360397123
translation,102.51981915669278
translation,29.254445318849207
translation,113.59495884005086
translation,30.642738834973784
translation,122.0796026831292
translation,28.388431649036885
translation,113.29505168768667
translation,26.440646766116966
translation,52.631442841121135
translation,32.88254809860776
translation,33.92351749650241
translation,36.97926618038692
translation,45.3964983210288
translation,46.120145764861384
translation,46.13994492819795
translation,52.01046967586468
translation,47.34706224540043
translation,63.655754862778444
translation,38.70619472839847
translation,48.43324843744237
translation,114.58575690485554
translation,10.446314941896457
translation,49.485003790674455
translation,149.6580000676648
translation,12.935986655185348
translation,56.117379145246005
translation,44.11217506673036
translation,148.23706428640838
translation,22.885409938653712
translation,63.57609058591993
translation,47.298541425127716
translation,142.44160790840016
translation,27.14749539160985
translation,77.0821329470856
translation,107.89841571865634
translation,134.1504062061957
translation,33.376802842322576
translation,78.47377538209663
translation,119.63291404000526
translation,125.75401328759617
translation,40.72594009551739
translation,88.02503188596971
translation,122.75145376612417
translation,119.79948065414571
translation,56.759695443579666
translation,98.53733123466002
translation,126.86211611460986
translation,117.16207865353749
translation,146.86218269451987
translation,104.25309883296653
translation,128.7226685005399
translation,108.72397455731523
translation,163.09758826774188
translation,118.53945399532704
translation,130.90593205545056
translation,96.42902789297496
translation,164.91472273149316
translation,129.5457994670311
translation,134.7416028054572
translation,76.14701840034915
translation,164.7461000559354
translation,135.35834694945942
translation,136.97454963457
translation,41.59329768711291
translation,167.21923070522465
translation,142.20535584564988
translation,138.67774895877764
translation,16.95822400235555
translation,155.93379931806632
translation,146.17764288253218
translation,134.6294871717025
translation,18.05441305610835
translation,127.88637222514932
translation,151.7746008118987
translation,111.49760513891205
translation,43.71594274001515
translation,87.46421221761764
translation,110.17687178903277
translation,69.77634290341405
translation,51.969046750572545
translation,56.9653926498796
translation,74.42925497507343
translation,35.10225126194006
translation,53.88762580218721
translation,52.818359148433906
translation,68.90167303006207
translation,16.117753812031417
translation,53.56350544172493
translation,53.978744408913656
translation,59.649876409215274
translation,9.09874017718078
translation,56.112028020023665
translation,41.76020325760066
translation,47.38606604942452
translation,5.115224748263667
translation,53.77766126894938
translation,14.875615328720624
translation,2.4703556812044494
translation,11.45725490048538
translation,45.47107663675266
translation,42.26367514007238
translation,12.727120298997132
translation,25.92412254383996
translation,37.102728084605545
translation,62.6122670781104
translation,12.055950797030864
translation,43.50042511255307
translation,47.41569387115669
translation,66.71096293369256
translation,9.707972018472455
translation,57.10296890962348
translation,62.270636161573236
translation,55.341399155201024
translation,23.22524892940267
translation,74.79820622094444
translation,82.5754733326551
translation,50.7834932855454
translation,49.61593221575316
translation,96.74515757569908
translation,104.24299660250867
translation,44.77530916632881
translation,95.10390557535393
translation,127.76690835239017
translation,123.44614260936956
translation,27.99977008560339
translation,128.26048351256748
translation,155.25075012297498
translation,161.06789190913798
translation,26.471980949647953
translation,141.57251636965293
translation,178.3145124130194
translation,178.34083650827998
translation,63.371458898673644
translation,159.03745113857482
translation,149.0859972825479
translation,160.00342385140715
translation,59.688714797085574
translation,157.47190093161964
translation,121.50489231510048
translation,145.1407102666718
translation,57.8040569743722
translation,133.16532095923915
translation,104.25366196867353
translation,52.36873177557527
translation,57.31547764064433
translation,109.7534767332497
translation,95.13878577810256
translation,16.388972651174406
translation,54.11255248216819
translation,104.58525519473756
translation,91.40732985362455
translation,19.52118040840374
translation,51.5623084354138
translation,98.75398187033684
translation,84.48856795082601
translation,28.045747035729438
translation,43.169476819813774
translation,91.10866100238788
translation,83.39356517996659
translation,32.14884715037951
translation,31.472031336629538
translation,88.29299781698711
translation,33.908689069439
translation,13.99799223589193
translation,72.00806022281571
translation,74.39291262873503
translation,31.798654470603
translation,42.88170593844753
translation,52.784253703133075
translation,72.27684636523972
translation,25.776131891600926
translation,64.18608414404599
translation,62.1337842188001
translation,63.66491382788042
translation,12.406398268266253
translation,77.80619309838418
translation,83.20114608506474
translation,56.08832770877473
translation,1.5569197474755467
translation,82.24684498754488
translation,86.301481103432
translation,50.52366474806995
translation,12.45354824419704
translation,85.85812100882725
translation,85.56081828517172
translation,34.8094016350276
translation,14.634979048488185
translation,86.47481712866042
translation,65.305892690286
translation,6.653029025654343
translation,8.62607238132956
translation,83.52770912985005
translation,30.335103102066185
translation,34.76800275492966
translation,15.127814723422107
translation,72.20258847252398
translation,11.726563262571412
translation,50.313061466428884
translation,19.66203522702925
translation,84.28504103872993
translation,41.215638151192636
translation,55.37934353033638
translation,27.48442440995502
translation,88.29925700313716
translation,58.852757633480515
translation,61.390502211976624
translation,159.54128126385677
translation,101.00763481882623
translation,70.50047112547009
translation,68.89029042950617
translation,150.90938931167557
translation,111.42322603378189
translation,74.94819922719493
translation,71.86931115637503
translation,147.6252622633925
translation,122.20377624944886
translation,69.82190998513015
translation,59.22198032810663
translation,145.0300523985174
translation,134.2908044306938
translation,64.85536588205689
translation,89.99058238494287
translation,144.57699865404962
translation,142.88105391865562
translation,54.740709186377025
translation,111.15468921439692
translation,147.21065441895485
translation,169.93480220550182
translation,92.71245176120888
translation,118.28024901633378
translation,147.36523746617135
translation,161.0509550596351
translation,104.14711486999524
translation,124.82595249655587
translation,152.5232543353481
translation,148.4766462781814
translation,137.86963884446612
translation,122.86458249527767
translation,111.70427353310143
translation,94.13411493329423
translation,85.0215299473908
translation,48.45403358183127
translation,8.989492542140134
translation,18.411944975785556
translation,69.93006548936232
translation,28.82920020941408
translation,57.321085185874004
translation,35.861992565907755
translation,43.18245887149139
translation,39.53067357969498
translation,13.863785054764854
translation,36.4752973303049
translation,13.38306554223929
translation,36.158780934126206
translation,18.33187864963161
translation,32.40984734664329
translation,19.01324812312625
translation,29.327320584230378
translation,20.474926706776625
translation,27.27724913826555
translation,44.55253536483282
translation,17.048659376557456
translation,25.209092628295
translation,52.73102276929633
translation,19.327563554033
translation,30.840480534329743
translation,51.705572736654375
translation,21.507733810398253
translation,26.09986963573788
translation,53.4059227889627
translation,25.67622311534595
translation,15.373873364501264
translation,63.6527057743243
translation,57.2710419818497
translation,25.298697222946622
translation,4.077147523723382
translation,55.196180566239285
translation,49.700098542857745
translation,8.507659454565102
translation,8.266681045466061
translation,49.56671855082255
translation,37.506187634491276
translation,12.086973654918625
translation,19.380643769810103
translation,48.887876519542395
translation,24.761688206165072
translation,30.353243043114613
translation,25.685039859337493
translation,51.63662977245272
translation,13.906052319882868
translation,48.79956231033061
translation,73.12592840654614
translation,44.759444983786835
translation,7.818025612925805
translation,60.620678022458485
translation,89.29047953755692
translation,24.55161641002128
translation,28.36598511280272
translation,71.57715758065729
translation,32.83323870105435
translation,25.654286183750667
translation,62.00774723891392
translation,81.45166275807706
translation,14.590032777625936
translation,55.586065356146364
translation,82.89314769616526
translation,96.12443918531544
translation,18.678177637392118
translation,67.5117201118237
translation,89.5884103255992
translation,101.08225860005439
translation,24.586839433965775
translation,80.26648447633569
translation,90.3664175110356
translation,117.8284635678788
translation,25.225274322828447
translation,106.28880683086086
translation,95.27493364278163
translation,152.22634115906348
translation,63.25659162904292
translation,124.20574791145637
translation,99.88048644916637
translation,176.04166580076347
translation,90.12557793869891
translation,116.08691558557635
translation,99.88637793161752
translation,158.3645210891858
translation,99.9642454606209
translation,100.02401826650507
translation,102.81013968317971
translation,84.6276928464646
translation,100.33749050925842
translation,90.46856294709738
translation,120.05789177338957
translation,54.061795221947925
translation,99.42488180776405
translation,84.16985383955672
translation,121.0737907649281
translation,47.58523966658902
translation,100.42921703043659
translation,82.88991857281995
translation,160.68896256467528
translation,50.36919496098579
translation,116.41719200914898
translation,108.01863569923982
translation,163.92225119844218
translation,59.33838626549887
translation,143.5129414775453
translation,162.66677892537803
translation,139.79040714685596
translation,67.90619012343534
translation,171.1853657022327
translation,145.83170759312264
translation,123.2387142064871
translation,75.89390717630391
translation,161.22994400948443
translation,151.9185220786804
translation,106.08698400530784
translation,83.44056555000166
translation,151.2868383420708
translation,147.9356601891566
translation,82.04591938134145
translation,78.40699225077263
translation,147.00887209650082
translation,86.73127314785643
translation,49.96700027376842
translation,53.250312239806746
translation,99.16785063718847
translation,55.23036844243572
translation,38.00779606389602
translation,48.01601475732732
translation,35.28573029186178
translation,45.106005670764944
translation,17.939165491874885
translation,52.70441140650521
translation,37.67417074124887
translation,34.350271548903805
translation,8.41296149331403
translation,60.73676129843164
translation,38.44133917337741
translation,20.400549078891817
translation,22.75203274953561
translation,73.98864852237467
translation,45.313519722366934
translation,9.414037283415563
translation,59.99636035573954
translation,96.31978472993279
translation,55.42373474856756
translation,72.0279444167511
translation,99.90686399355562
translation,118.86917894772265
translation,74.27179182010866
translation,111.634533297981
translation,116.8872992148484
translation,129.33208831775926
translation,84.8024162499399
translation,121.11340117735321
translation,123.00379146156875
translation,131.10444340196798
translation,74.8539461091279
translation,126.24868719527532
translation,129.53683223971066
translation,132.31074564863644
translation,52.53475333779475
translation,124.53021915813119
translation,132.7937943073876
translation,129.02103349234426
translation,32.551925770717176
translation,125.60425436402387
translation,136.00309553143495
translation,116.22479985057377
translation,1.2593246417035666
translation,129.12250572930017
translation,142.29318372795132
translation,93.07455349358266
translation,21.854261893458176
translation,136.9846682675098
translation,148.4612417554491
translation,45.34878224089383
translation,31.51110035969577
translation,155.22151754144164
translation,157.03937123262793
translation,10.040179700269169
translation,41.91573149806632
translation,173.13070385511574
translation,150.02933781829512
translation,8.196456414089281
translation,52.92516423745004
translation,152.50882442654805
translation,133.45484823087313
translation,16.455714776511265
translation,58.09448822356632
translation,125.91771188203177
translation,58.016124803048605
translation,17.93694881728164
translation,62.010156895487604
translation,120.23752237017726
translation,10.195813671929246
translation,18.795023613200723
translation,68.79014170983076
translation,121.94380907438897
translation,1.2019028949148165
translation,21.79337381021199
translation,76.37149042913546
translation,51.64706993591925
translation,8.84770807252357
translation,24.002117034615047
translation,81.64232347472263
translation,31.849773699484356
translation,14.049822017239338
translation,29.20467115532349
translation,33.45951083997667
translation,18.171432900775997
translation,14.019588238222656
translation,34.183898582997955
translation,37.77070897211481
translation,17.97128194312898
translation,9.597663619721843
translation,38.217879961624995
translation,44.62671132219773
translation,13.504312822052915
translation,7.915227750588959
translation,48.52627179573308
translation,41.505749105868865
translation,8.438490233738571
translation,13.295314422621448
translation,60.555421275737004
translation,35.2967197487248
translation,5.503171812271892
translation,20.65557658728553
translation,76.83431026453955
translation,29.110295233840983
translation,8.011127963963029
translation,31.483830246935337
translation,99.7179676455828
translation,15.07566112734612
translation,25.481403319053136
translation,42.79583877716017
translation,122.73292134496869
translation,7.498183727463621
translation,36.66210675691305
translation,56.99036731810278
translation,147.112547720107
translation,26.963797143986202
translation,49.231972193819274
translation,72.58355395096972
translation,133.3238459158014
translation,48.918849117017764
translation,57.534350311734414
translation,87.4221576911596
translation,102.5604780493242
translation,64.97176709322775
translation,66.41327576096064
translation,106.82197921625578
translation,98.26702547464846
translation,83.5121045587235
translation,83.01696261937701
translation,124.57841555371107
translation,90.06839912144525
translation,96.49225647204676
translation,101.8539264131039
translation,142.7966033240387
translation,84.07732591669743
translation,110.4154244377691
translation,124.68819386804776
translation,164.17953063548333
translation,75.74604287521399
translation,129.58213124906413
translation,149.8584964797565
translation,172.2992044691562
translation,69.1520825981502
translation,147.71132486194963
translation,164.67036696880245
translation,141.5586338686813
translation,62.16764794395557
translation,165.3748624656789
translation,173.51797831508895
translation,113.89099285567231
translation,46.32711240875873
translation,161.13209142861112
translation,170.95670003212726
translation,98.57340480638912
translation,21.592959236590428
translation,137.16633756656805
translation,151.2060038480308
translation,88.35287403059685
translation,5.33999252611233
translation,117.94407703886966
translation,111.73641995246474
translation,76.9452418477176
translation,18.65521767786803
translation,104.96522087823487
translation,90.92749396267467
translation,67.71675226378264
translation,25.792006968079136
translation,97.53496750583928
translation,78.03686931737089
translation,51.955455256734034
translation,22.993520997299303
translation,90.37026859830534
translation,60.347190402672034
translation,32.77802554443192
translation,30.754662200958833
translation,78.36461433635776
translation,45.82622050688175
translation,1.5672779670932364
translation,66.68979699296496
translation,73.49566698225821
translation,6.503850518314145
translation,38.432306932995075
translation,81.77369404695081
translation,53.44805362395547
translation,24.955366536635783
translation,62.7158712536342
translation,95.73668933202025
translation,18.31618900114882
translation,48.580359433274374
translation,77.4967142862529
translation,114.61110623241055
translation,60.23827401612175
translation,69.15097131110247
translation,90.7872337242372
translation,140.0282008857944
translation,115.10161940112826
translation,85.03768386096603
translation,103.61085944683293
translation,168.39113306152728
translation,138.41168765076077
translation,98.0470855273629
translation,117.9186066706793
translation,164.1893274226908
translation,141.81288868355816
translation,108.16138777061785
translation,131.55130178260822
translation,142.49547443059834
translation,135.38822340168244
translation,115.10094822486097
translation,146.81088675700508
translation,126.73056054873616
translation,129.60513371280229
translation,126.16085635084818
translation,171.75477271302518
translation,113.28480124440524
translation,121.63068978326255
translation,147.69828385952997
translation,156.8629597213846
translation,103.84454582997458
translation,113.72681663312737
translation,175.31791504208758
translation,131.6738821953463
translation,95.64372454487382
translation,97.35259299735672
translation,157.97161217824046
translation,117.0683324450206
translation,89.10717394609249
translation,87.70762841657107
translation,122.73558711230206
translation,104.75189507632798
translation,84.59529572658732
translation,80.32567253947398
translation,111.20342798880944
translation,104.44272514214414
translation,80.69425813001136
translation,72.96374947042855
translation,105.84190982436854
translation,96.99026373350532
translation,78.50918911866457
translation,64.3718630548158
translation,102.6039579822317
translation,89.9567801849814
translation,73.186456438009
translation,54.52999561949858
translation,103.1847754651006
translation,84.83760593523546
translation,65.5114571390791
translation,29.95434106239115
translation,104.47152476920054
translation,78.68025817574257
translation,55.50816139141092
translation,8.429833576370502
translation,89.10650371301212
translation,67.58613983559349
translation,31.32945924886247
translation,32.21081188763406
translation,70.30244750689656
translation,55.64500301686542
translation,19.955182457321193
translation,44.35155526799872
translation,44.49370957088404
translation,36.64242049050561
translation,39.697686677143246
translation,50.60803778162705
translation,29.33407911987647
translation,11.226407291854478
translation,48.925986153798384
translation,52.821915200342865
translation,27.976798584251412
translation,19.592691178834876
translation,59.03802801013129
translation,56.01271385572999
translation,30.921082796044043
translation,51.827650842109165
translation,66.68533627602477
translation,58.49456231279954
translation,17.59507736956104
translation,71.2473251305435
translation,74.4507891920486
translation,59.15176464315649
translation,42.634390030385084
translation,81.18629354762436
translation,79.60990946465951
translation,58.804663368552994
translation,77.27500258390225
translation,79.76364260866391
translation,82.28146879264015
translation,57.47315996726661
translation,89.02392560704054
translation,82.87685420100154
translation,86.03194024879885
translation,60.27892292469373
translation,88.83413657945056
translation,85.08888449009795
translation,84.57430492819131
translation,56.07048123179384
translation,94.73929384308448
translation,87.84028098673599
translation,83.74022347590173
translation,45.881502498468784
translation,83.8837252828502
translation,85.89914868276027
translation,80.24450576673529
translation,30.333855822220603
translation,73.52859222517948
translation,85.39317231173456
translation,70.42001123974805
translation,17.65960669054584
translation,78.78461914808018
translation,86.00944203808064
translation,57.154194426201386
translation,13.963061467520877
translation,80.22121597926096
translation,83.01534708252447
translation,43.11646072428224
translation,22.847654633475024
translation,93.19167997659481
translation,87.34362272786824
translation,42.91126767485818
translation,24.601576592755492
translation,103.28014251019371
translation,87.54486757796073
translation,23.89114685185776
translation,27.27467844417634
translation,99.22837569229266
translation,79.01136349694926
translation,30.740078273086045
translation,27.114578064400668
translation,89.09371341221822
translation,57.86136242779886
translation,25.953712986084934
translation,29.864937253815242
translation,81.29975241598534
translation,30.578804854699765
translation,21.14423427534776
translation,33.58897710393848
translation,61.20564165096074
translation,54.634455406665666
translation,22.342755157394933
translation,28.117231131026234
translation,42.982155163929825
translation,61.656112576329846
translation,20.921837276517337
translation,21.561505305084914
translation,76.24872556197597
translation,58.90372219719481
translation,15.102535838353841
translation,15.373183665422355
translation,75.27237316179708
translation,59.66376932350634
translation,5.262833364169062
translation,15.859942558229621
translation,75.36869797231243
translation,58.556737823786236
translation,4.707851185643133
translation,20.684016040904677
translation,73.4884736429131
translation,53.513830944826125
translation,12.113993433878063
translation,18.483573393297803
translation,49.68147986085003
translation,31.803810530343302
translation,29.380580332927934
translation,24.177659311619788
translation,45.56040243805143
translation,18.068557439876823
translation,42.96268630179017
translation,25.343672611193504
translation,33.94447711010631
translation,9.738629089657033
translation,47.676010274275
translation,44.73957529037892
translation,20.91178208731282
translation,17.5714024090234
translation,49.82801298794895
translation,128.36130378672286
translation,13.613894425696376
translation,22.227475966673982
translation,53.75641984104142
translation,146.65208260109623
translation,11.614996205026888
translation,39.42785854104409
translation,64.45500019486207
translation,125.00873884562766
translation,18.47660541128198
translation,51.63426800300398
translation,75.69845341292209
translation,108.37112378548234
translation,37.87596477525357
translation,64.4238536274075
translation,86.65200291605068
translation,102.74600059262545
translation,59.752391016399464
translation,79.89084494184513
translation,111.27646146434141
translation,113.36439703885111
translation,74.86717574143762
translation,96.3896003301276
translation,147.39115334974744
translation,113.61738422053195
translation,90.25367896424345
translation,102.56903104335711
translation,170.21331675388916
translation,111.57368029693866
translation,102.79766543508879
translation,104.74089549003621
translation,169.5141455500651
translation,105.74046719955156
translation,111.50542806114626
translation,110.36098898195442
translation,148.26104036494846
translation,115.29972748278496
translation,119.98991489398907
translation,134.75233768002212
translation,131.62751116430104
translation,126.85748801861804
translation,125.8586742303857
translation,156.97680622259247
translation,119.61056849283885
translation,134.40256926963144
translation,119.5415287141148
translation,168.24227785117577
translation,109.41899884710949
translation,144.38481685375857
translation,156.20624202352656
translation,142.5789022966701
translation,105.78056530183856
translation,148.19364158454337
translation,142.79543524692758
translation,126.85193700719283
translation,99.20255826657883
translation,151.5189093166793
translation,148.90467854480198
translation,127.6947837887451
translation,97.39562268327319
translation,160.5560506520277
translation,147.08580092284947
translation,127.9456702115002
translation,95.83023562877224
translation,172.01364595370353
translation,142.4635781987078
translation,122.7199193766301
translation,103.99143017561295
translation,179.24331635432947
translation,130.74842040534392
translation,113.12346942903511
translation,113.47025161060954
translation,172.40620785802443
translation,122.99984279872392
translation,103.83915348917589
translation,122.62469804864578
translation,170.13601937992976
translation,120.98691998148952
translation,98.55161927854813
translation,149.83485083553947
translation,158.09001035773417
translation,110.7704567304826
translation,91.06095671121152
translation,165.5187209200431
translation,123.28861014676964
translation,100.07555739043865
translation,82.95142033868834
translation,169.96243243481112
translation,73.21879613868546
translation,84.76397368763168
translation,71.64644581862649
translation,145.56910098355172
translation,50.941278832688724
translation,75.63047644451818
translation,129.4196281165549
translation,41.7495703696577
translation,108.53432503040918
translation,119.71263543540239
translation,37.19699618573358
translation,64.66251773499577
translation,160.383493249483
translation,114.30854917183716
translation,26.755029825221452
translation,55.04222638899874
translation,166.3170577531622
translation,107.99676825350161
translation,32.90220024594536
translation,176.15939744886572
translation,153.46764453483797
translation,101.1638951975072
translation,24.739376777201663
translation,163.77674899846224
translation,143.63086225080397
translation,95.93550618277176
translation,29.217790086642378
translation,154.87611683862656
translation,135.92099816742834
translation,90.24088546868106
translation,31.645862950972404
translation,153.71560212482606
translation,131.02122787205235
translation,81.8347158648793
translation,32.581289677782024
translation,146.99319105217793
translation,122.51270481427667
translation,60.5030907321431
translation,30.588950531239117
translation,136.03077667250034
translation,109.8203697221883
translation,39.98263087897987
translation,28.332167460587797
translation,120.43475591868891
translation,96.38140652797024
translation,26.64943865514544
translation,24.658492193643397
translation,100.50497190628334
translation,72.7008547753592
translation,18.346352646194806
translation,21.618066130348776
translation,86.71133754394786
translation,48.384757507447276
translation,8.097997412859247
translation,15.980669116594136
translation,72.70980465098107
translation,28.779414480894776
translation,3.862787056999509
translation,11.158130605699155
translation,51.94100353756451
translation,9.716091848457392
translation,1.699507096129051
translation,2.9747100134293345
translation,17.324000775986022
translation,4.286657062272832
translation,4.823833128629207
translation,2.6259470750464
translation,6.704705753880685
translation,10.718749626162964
translation,5.260743976815607
translation,5.698149458545788
translation,15.523042946309987
translation,12.65513636152755
translation,2.1428922964171653
translation,4.828163146698039
translation,12.60019823660775
translation,11.160630667595541
translation,2.4587001387938154
translation,3.3022295069028034
translation,8.952292219742027
translation,10.665387053708756
translation,2.561085552762445
translation,1.40966753140326
translation,5.190365412908215
translation,9.939064634136512
translation,6.356200644329307
translation,3.013165459241232
translation,3.5166857118205423
translation,4.377361558880341
translation,9.540404276155675
translation,7.612479346429298
translation,5.498788346327981
translation,4.0357323780543695
translation,11.687302386084715
translation,13.826673820898618
translation,5.436990102823775
translation,8.605302983116271
translation,13.005130634589202
translation,18.60661840025504
translation,8.464234521733982
translation,16.320492827632556
translation,16.364525037325965
translation,24.70277049022438
translation,1.775854077669783
translation,27.72977297192279
translation,23.02320654899607
translation,32.33124720566753
translation,14.939480612779123
translation,36.166549070158226
translation,31.259908946167602
translation,37.23006510841269
translation,34.06549190559495
translation,43.14426930520371
translation,41.390467024540214
translation,45.19452254835408
translation,55.198827193887
translation,55.34690003307547
translation,53.72811503489812
translation,55.5398818896547
translation,70.91005090491394
translation,58.9310767188227
translation,61.376842776276355
translation,63.926528510917336
translation,75.46476638654153
translation,59.995033768689765
translation,76.0536646886365
translation,73.75390367739747
translation,81.16845607975465
translation,78.18744348630908
translation,106.03641217978159
translation,90.15483199305352
translation,63.47380250049568
translation,146.03609299972226
translation,139.0384742612219
translation,91.70304708559098
translation,11.325270801172145
translation,74.64248797162162
translation,165.99028807557687
translation,29.266074550040333
translation,73.95988701155142
translation,102.91702452436657
translation,156.37202968325477
translation,60.82522524228133
translation,86.74749647339176
translation,127.2842227435989
translation,161.65763566452384
translation,47.78197787782508
translation,134.59763185414238
translation,124.79451435269723
translation,135.75399120628174
translation,62.747783023737675
translation,141.6583395674908
translation,142.75391035544038
translation,147.08403500484016
translation,33.73264679690352
translation,147.510289456157
translation,138.5366204091224
translation,135.12852338264614
translation,39.612868230692094
translation,149.51932176665858
translation,124.18832884800429
translation,99.2559892766231
translation,34.47165499900116
translation,74.47477817138046
translation,143.42039323464007
translation,73.02445493428084
translation,25.132657792759
translation,88.53493928224074
translation,147.07968018987967
translation,30.864337102812943
translation,25.366822285443426
translation,111.91338635473862
translation,168.90572074286044
translation,41.64523273778108
translation,13.817813579863893
translation,135.8617235210336
translation,172.69986609512117
translation,24.505225512285836
translation,14.574972080286065
translation,150.43397874629198
translation,123.72434009605482
translation,32.82328641309985
translation,19.760415377936432
translation,162.1446245337785
translation,111.60944436510495
translation,33.24941333792589
translation,2.518525740673612
translation,151.35677735080282
translation,86.90527472550082
translation,14.059983691155255
translation,23.426384122109162
translation,91.82725828644615
translation,39.54819978063472
translation,9.299063577448747
translation,30.001002113479203
translation,53.50967684813304
translation,26.08171057563647
translation,3.5528206884046356
translation,22.295057345148855
translation,18.146099233156608
translation,17.89957569929074
translation,7.410217365507917
translation,14.591869855998436
translation,33.03737793743067
translation,22.452190312395093
translation,4.907372303271533
translation,20.32116323022394
translation,48.112425743532924
translation,21.25066727209412
translation,6.5594002159438975
translation,39.660665766662056
translation,72.57911960726695
translation,13.330993207430948
translation,10.561903894330166
translation,51.15049275288954
translation,27.767636771198003
translation,20.32637258274799
translation,14.649688280659046
translation,27.85047476384159
translation,56.98233277054833
translation,21.8527574702807
translation,28.779559001435373
translation,11.556200473747907
translation,61.62882360237668
translation,22.05788987485629
translation,50.58911710129982
translation,30.854240892978627
translation,51.8435949385192
translation,13.413140310643458
translation,64.45715845201644
translation,37.268546129256166
translation,27.411430640790588
translation,14.492676608567578
translation,129.8205518615943
translation,38.1369949197148
translation,55.3688319846218
translation,47.525736499820624
translation,95.88393579716056
translation,40.34279939217009
translation,59.39811538512062
translation,48.61658712390792
translation,97.85693960536318
translation,49.141033696666256
translation,43.14481073072167
translation,36.96587194717326
translation,59.10482126784033
translation,89.33453896985135
translation,13.651871772278566
translation,87.15815863011406
translation,25.54607324803928
translation,110.84454309851623
translation,99.32146177573253
translation,134.56125173047033
translation,67.80644118686988
translation,121.31283426748053
translation,104.03292647682548
translation,144.67914863464472
translation,72.18968084984613
translation,107.40285455788556
translation,124.83814577510961
translation,156.66414595515425
translation,68.44936761034612
translation,86.96136268114212
translation,141.94831281221948
translation,169.96740369840578
translation,67.97892305016741
translation,76.65627115797312
translation,130.93229970726276
translation,151.57545492493173
translation,68.60977745159309
translation,67.94818946064461
translation,168.45180108481378
translation,146.5344968416546
translation,90.53577749667889
translation,60.7273649227341
translation,163.89501377248504
translation,120.31343908342986
translation,125.78125786573398
translation,63.77027636354898
translation,147.0718996404375
translation,31.959250061646518
translation,103.7777785337384
translation,65.2963911941028
translation,113.84851319188243
translation,12.320471558431162
translation,103.1299456521239
translation,62.40230365434704
translation,32.02564922070135
translation,21.844848087443268
translation,77.06841452739383
translation,57.54815314483709
translation,8.8480846875593
translation,31.62169697108478
translation,57.4397784502573
translation,57.75514140740345
translation,21.374313627975443
translation,39.0783768603467
translation,59.667024037521095
translation,53.2952166244381
translation,42.19363993634359
translation,58.231048079786056
translation,68.20441567090487
translation,58.202889958825935
translation,48.08672647780398
translation,76.26867729915048
translation,70.09761727186516
translation,70.3113156114976
translation,60.17677262821253
translation,109.84895565993448
translation,75.91884582827369
translation,83.31499229343983
translation,76.02591020428314
translation,127.14664097249752
translation,82.28216209410313
translation,97.82359364799976
translation,107.27676250734703
translation,143.82646945791564
translation,83.81593405142749
translation,112.89156304556708
translation,164.37631294651192
translation,140.03098178057968
translation,88.59948183115762
translation,123.15658258835819
translation,164.65963060055978
translation,118.09968933051003
translation,102.97100860083107
translation,127.26914547551773
translation,167.82202059301343
translation,87.84044103213007
translation,89.53133981485897
translation,74.34623279027493
translation,134.21059219598015
translation,79.26424470527255
translation,56.358461230972495
translation,41.591392693511686
translation,124.12078665685995
translation,74.33690723831188
translation,64.32290234835068
translation,34.063058610120656
translation,84.3446309806094
translation,80.68012763833312
translation,74.91773019977877
translation,46.196803841985975
translation,74.93113214539515
translation,83.9874315362804
translation,63.64801665647776
translation,36.069915864433625
translation,74.49863833843283
translation,83.49233426946564
translation,58.85303707155102
translation,38.19120406093969
translation,73.74721175095199
translation,79.7538824192454
translation,60.61015517095686
translation,28.89682639599119
translation,104.78222009640731
translation,94.8233376950726
translation,59.37503509387608
translation,29.07296203767959
translation,110.62687352121804
translation,58.37700511594993
translation,47.57688208310652
translation,30.204235116868446
translation,116.36215936678167
translation,64.59867135075893
translation,52.53105852385058
translation,29.30653080730905
translation,135.67653902879186
translation,75.81601049117194
translation,55.067391823846
translation,42.7954696230116
translation,84.8301053698557
translation,75.36363175287521
translation,50.7267278394822
translation,41.978221612593146
translation,62.34923156196524
translation,72.45336937374594
translation,43.81285994915626
translation,39.71827499629024
translation,62.16135218198179
translation,79.52343947771743
translation,48.55190052058786
translation,41.40574347095747
translation,73.61634914494542
translation,90.56205612004625
translation,50.420683191738874
translation,37.70124078132913
translation,78.55727839867106
translation,73.23139451004414
translation,35.29579840156799
translation,13.23837576186309
translation,132.05085304302162
translation,17.73722976487403
translation,54.510886528472085
translation,35.29957908650674
translation,164.26837595823466
translation,54.602099193583136
translation,83.9309439749682
translation,77.63816256583875
translation,148.64598471936517
translation,24.148999837878957
translation,66.98925388501041
translation,68.1836378659065
translation,113.30340648958132
translation,18.65070675364427
translation,51.89270470486501
translation,55.292707293563375
translation,40.73088790596
translation,20.29436372437898
translation,35.80087588955047
translation,51.561134056116884
translation,8.325402533951165
translation,19.994188349359373
translation,34.571205877127205
translation,50.36326002255023
translation,13.43662965965611
translation,15.403097091878633
translation,30.239566865567923
translation,50.18601534294805
translation,14.733902559686994
translation,27.978601297621864
translation,31.949769710909102
translation,60.240727095004154
translation,22.592290966397908
translation,71.17414931792811
translation,65.29022189457648
translation,66.92255366205676
translation,85.18759716601372
translation,94.38011194482122
translation,86.61103437617093
translation,68.66629278306995
translation,123.26987035358691
translation,106.91329123143055
translation,99.33102761569882
translation,76.97431534666362
translation,124.07889829895348
translation,108.84837570071561
translation,94.65363340396686
translation,56.98605108944158
translation,127.03658487832067
translation,112.7440020223888
translation,88.82128326624718
translation,18.759016444427207
translation,98.32353418370532
translation,94.26709141423163
translation,79.24725860602686
translation,6.849163044812712
translation,76.1061249569297
translation,89.72025383347524
translation,75.34598024818555
translation,23.725578448801038
translation,63.79968846943742
translation,78.66401958390213
translation,68.8125975401805
translation,19.19995270008044
translation,52.506222360287964
translation,85.90550314122125
translation,55.875370453655776
translation,21.229502923171538
translation,77.25941676166148
translation,73.31723067129424
translation,47.79090504540878
translation,21.22519341698199
translation,118.63553088853811
translation,68.2456861605151
translation,25.967402024280396
translation,10.433204749466809
translation,117.98870343491753
translation,78.17069041419066
translation,6.353770110680539
translation,19.397273604045356
translation,166.17346621384505
translation,83.84887979899402
translation,14.69362295963755
translation,13.723593679632431
translation,80.21993152245219
translation,77.20385879833418
translation,31.956739532465047
translation,20.91724199351591
translation,62.44497458348854
translation,76.16809990126278
translation,23.505872051841674
translation,20.18169494365283
translation,71.09599315833898
translation,69.16872475965246
translation,22.54225252339557
translation,19.733469219485954
translation,69.87032415803613
translation,56.689916367141485
translation,19.985197621059015
translation,17.820791811087425
translation,73.10946761011016
translation,53.57139363800348
translation,22.98435278426567
translation,27.990239462815467
translation,72.58558154424054
translation,12.907002972164456
translation,22.22048249539125
translation,32.25905164496155
translation,64.28155943908403
translation,29.573861487858476
translation,37.14856482159339
translation,36.47086617811164
translation,42.30867840412224
translation,53.443096489067095
translation,47.300814790727806
translation,42.645670879574794
translation,13.945213041313869
translation,63.786485901058086
translation,52.55384100622199
translation,47.884903706446124
translation,64.7752653175768
translation,64.70782134549624
translation,57.9980439403813
translation,54.848650380080876
translation,75.80077695862647
translation,71.36645174512155
translation,65.45751882235007
translation,62.005321867095525
translation,79.75964500555256
translation,73.10101731817086
translation,67.99886232651502
translation,62.53856522547756
translation,77.86432946948949
translation,60.71772624544613
translation,60.6909787723458
translation,60.155403510218996
translation,74.71861855190429
translation,54.32054491355155
translation,52.97778472505313
translation,62.36133937874081
translation,76.8030035241185
translation,54.479530734456446
translation,47.05777068152534
translation,70.00286738357788
translation,40.704717304411936
translation,38.57411065358923
translation,30.23725823781609
translation,39.791431850624384
translation,69.12443109942318
translation,13.879386631963627
translation,12.662715217803296
translation,9.626605926839458
translation,52.12757719352221
translation,33.100051558653085
translation,24.60184741439524
translation,9.019874774507882
translation,52.18678292040076
translation,22.981850613806674
translation,29.21841127925385
translation,14.71292908690637
translation,35.77121748751779
translation,50.49266108714277
translation,35.8421974573309
translation,21.969642799682074
translation,74.05018924305001
translation,61.30144873880258
translation,60.305312701979894
translation,29.055302688720477
translation,68.8750027961664
translation,50.801483759128644
translation,71.19461691982168
translation,34.04777387415584
translation,69.33704301055208
translation,36.983885009517806
translation,114.76125754663806
translation,22.92334566129471
translation,114.07893850225685
translation,24.172124445474118
translation,133.8292626396748
translation,7.626791450270943
translation,40.977814652665806
translation,16.743512186641333
translation,6.676186410778788
translation,60.717479044100216
translation,47.32372612814168
translation,74.32611901685988
translation,33.171346702564534
translation,20.426291125094554
translation,45.756120258710126
translation,20.60292098184163
translation,19.317568157295387
translation,40.2044625379311
translation,53.33659092051092
translation,31.046196583545818
translation,10.079168135294317
translation,50.79780372969817
translation,65.5193113177497
translation,25.53255852017218
translation,15.778043749446486
translation,84.53841606040022
translation,151.00282795719247
translation,23.086440021333825
translation,24.409797865513482
translation,101.257328408741
translation,175.6771982072442
translation,10.426766220825288
translation,18.90367734782411
translation,134.20698718716403
translation,168.19363838493317
translation,8.127509791773603
translation,13.661161299282513
translation,159.3441608912677
translation,155.4339154031727
translation,11.529104397429874
translation,6.459224614295588
translation,141.36003723572657
translation,98.79411893760884
translation,32.64908454610354
translation,9.01883516477011
translation,142.91463231579056
translation,19.64266858165721
translation,40.850614614097324
translation,16.75871615296157
translation,149.69287956220109
translation,6.749702864767499
translation,32.98330957869324
translation,25.48414998813842
translation,139.80015279000634
translation,3.183474351101637
translation,14.652155430895007
translation,28.907314426633636
translation,14.088621096068593
translation,1.2073659063929203
translation,6.684082266326973
translation,17.666021430652265
translation,9.614323178842394
translation,4.801927168791289
translation,9.332441623875884
translation,10.53048558414461
translation,7.326121168944621
translation,5.856995408377217
translation,10.884586364201883
translation,3.853417662333523
translation,6.735636365911611
translation,9.566144686711302
translation,8.37309826136871
translation,5.246058026724787
translation,8.364279183583314
translation,18.0985152660417
translation,3.2896783554010938
translation,4.788306071780526
translation,4.698384000462985
translation,56.78504506118947
translation,19.628260176157056
translation,8.522909318193259
translation,34.978305906128234
translation,73.1734592377814
translation,47.42456711221976
translation,3.5510342765304617
translation,97.49290141342475
translation,74.44843972313265
translation,87.15950926402608
translation,7.946848827689294
translation,102.70824975838254
translation,40.79694204027859
translation,114.06980523458199
translation,17.586543188674987
translation,110.49143621510143
translation,36.608685923614104
translation,142.690359144554
translation,16.564468249529938
translation,105.6092385156312
translation,31.110069208015226
translation,6.3199728497930066
translation,2.5948774403158237
translation,16.19079894474245
translation,10.41319162912795
translation,27.01731070150673
translation,64.63404294738895
translation,18.456962445473142
translation,11.890377370526348
translation,27.0916954186491
translation,45.67087047779218
translation,16.737490319924962
translation,19.37790178063293
translation,31.493153185298567
translation,38.28766295777306
translation,14.552851677823163
translation,19.107181943760825
translation,25.180556921381548
translation,18.97164854112474
translation,100.89673429181859
translation,16.150620485420113
translation,45.27630212129271
translation,32.212832616341586
translation,124.50043447352587
translation,11.34252203014553
translation,49.960508578925435
translation,104.85610192822732
translation,151.3963018371785
translation,24.051166305755082
translation,80.17524489634147
translation,133.51054084403933
translation,132.83247529604816
translation,99.29455092416748
translation,73.10944741506229
translation,145.0593873205666
translation,105.56414751880322
translation,132.87060361488366
translation,34.50251197690399
translation,167.89358795852613
translation,155.47896046182586
translation,52.87638164148403
translation,152.0054091253132
translation,27.318381576546955
translation,157.15652392364362
translation,50.388088189470494
translation,62.719928801485075
translation,27.113257975034383
translation,84.75806310681455
translation,36.02936513594965
translation,17.15418376273268
translation,28.793615467792335
translation,18.357332720236748
translation,19.27978130560121
translation,46.233673231191666
translation,38.47610148080778
translation,161.56918282374056
translation,173.74777899967876
translation,133.4972572138805
translation,83.54189690657597
translation,93.9328243106009
translation,36.5134474777344
translation,19.365234178637927
translation,16.205622215156083
translation,4.37236576484324
translation,13.0847892860702
translation,17.495100200487105
translation,10.920414552722937
translation,12.204780877153416
translation,12.036180452822965
translation,62.83240803317721
translation,34.39920002519844
translation,33.79888118798333
translation,40.85734148473344
translation,35.29481360565604
translation,45.208765447098216
translation,38.32121022983964
translation,31.583854155814635
translation,34.98660415120879
translation,8.316202240593134
translation,0.8932479967554013
translation,3.434158861041559
translation,73.44316024011661
translation,23.5195502850013
translation,18.64835112860115
translation,2.9544420057222878
translation,49.169116347162735
translation,45.3913997597645
translation,38.343772137726404
translation,18.593444486093333
translation,56.02471269767042
translation,51.06267167581273
translation,47.04381544078418
translation,49.035922278582454
translation,27.91430446766461
translation,49.574629294872175
translation,56.016359362211276
translation,36.085638660404086
translation,55.192485901153276
translation,55.77122988083131
translation,7.941954432904517
translation,118.3586319818029
translation,113.86862428724288
translation,98.92277139451485
translation,159.28619457413942
translation,111.38810723023148
translation,88.42356502698748
translation,42.24357475716368
translation,113.34636916218088
translation,102.52195942797526
translation,108.06957371703085
translation,74.43320107837208
translation,123.3104095577276
translation,141.83372152702222
translation,143.89272561772424
translation,148.21532275273776
translation,113.49375954101028
translation,83.59465342027339
translation,97.79788705200046
translation,25.099736674980747
translation,34.779776976130194
translation,10.28211737043224
translation,13.997627102561427
translation,76.72874005221036
translation,25.77244371294356
translation,85.55783987707002
translation,40.834415085771305
translation,76.70122826221314
translation,84.49122614468745
translation,63.433834577155444
translation,86.92145167633063
translation,76.38513183743923
translation,125.12050533738267
translation,96.85577958312008
translation,46.78119599440633
translation,148.89695528615803
translation,60.91001716150451
translation,34.161729672988
translation,4.530478845082328
translation,124.47223187561228
translation,57.639718304043896
translation,67.3556425446344
translation,8.943497783929145
translation,20.106778733131723
translation,63.89309434874216
translation,69.92829233154393
translation,13.003373405089908
translation,16.009960346065206
translation,48.74738770574227
translation,78.15514518952583
translation,35.22116738141874
translation,3.2857791938981675
translation,111.03571911561666
translation,93.749845920581
translation,86.95609122824946
translation,25.520380535953933
translation,68.93389963530714
translation,73.61786973781935
translation,58.15899820162204
translation,10.173967608966588
translation,21.588826003055594
translation,22.166538419548925
translation,31.145015338894588
translation,15.258151510854383
translation,22.379445399758154
translation,137.77792418608811
translation,40.034680694292085
translation,148.42831646070033
translation,73.51380198819442
translation,154.11486546679356
translation,84.27758143317824
translation,76.90286843828379
translation,77.52039897591646
translation,26.214326813928658
translation,67.24815418057467
translation,17.20585907098636
translation,50.4841105478799
translation,13.033162861893425
translation,0.8114157318282058
translation,115.80908907616585
translation,15.572956066123465
translation,8.148484437924889
translation,60.18328503908853
translation,34.01910882983471
translation,12.662083070556054
translation,55.85595852082182
translation,49.859551964849054
translation,10.438079782883182
translation,47.47373925579428
translation,47.65026262716193
translation,88.80147290586747
translation,22.002147225374213
translation,74.90638550917976
translation,69.84333553862668
translation,96.65792285197696
translation,153.6645935950224
translation,102.20045052230799
translation,129.0223402044354
translation,115.27412390197686
translation,161.2941922015857
translation,117.70169504854611
translation,147.3010685437823
translation,122.48993368763303
translation,162.25915918806638
translation,120.30476358432578
translation,145.77768000381047
translation,56.539282763467455
translation,178.90533445044557
translation,94.06675607946886
translation,26.20175620181134
translation,55.749996156139254
translation,155.48614553406708
translation,66.73679536274824
translation,10.975274279259201
translation,56.24157743179888
translation,125.34527667661831
translation,54.851648870126674
rotation,53.96729201037253
rotation,40.86778675791949
rotation,30.89181171000355
rotation,25.014700862638676
rotation,15.190259479643533
rotation,7.133407681615022
rotation,8.47134556342251
rotation,10.394906909058747
rotation,22.819905005205673
rotation,26.6248392791602
rotation,36.69359730915314
rotation,26.006056993502945
rotation,24.655679382108758
rotation,29.81667261814701
rotation,52.765519148702424
rotation,21.903544089566672
rotation,33.686874525490644
rotation,28.09919018991602
rotation,33.62480914444431
rotation,14.875983679337171
rotation,27.02943903774221
rotation,1.6920375747106515
rotation,15.287890987212807
rotation,1.3970794578128187
rotation,7.641649982434081
rotation,35.424216651063375
rotation,2.3235928386254336
rotation,13.016919115826814
rotation,18.08955813928351
rotation,2.600293659324862
rotation,6.577609078505564
rotation,11.01064995755726
rotation,1.9183469839753167
rotation,5.10380905076173
rotation,2.52152698746051
rotation,4.803111572209736
rotation,1.7072882004011338
rotation,7.5914695551879845
rotation,5.6346702711587815
rotation,14.834894382308484
rotation,10.547055995449583
rotation,6.881184263065662
rotation,10.131205425385433
rotation,5.49555892909704
rotation,5.009387914477865
rotation,10.13288018190361
rotation,3.126279948994004
rotation,6.574905837084888
rotation,55.21907073928227
rotation,10.630081982814957
rotation,4.804634159218895
rotation,4.4417622678905
rotation,23.764133950300685
rotation,9.423747518759868
rotation,2.795950063274959
rotation,3.799512813593174
rotation,17.31397420968784
rotation,6.42996315068662
rotation,3.7157305040756667
rotation,8.981572760961665
rotation,15.529886430923808
rotation,1.0018230249953604
rotation,3.163430568946195
rotation,4.511160691761993
rotation,8.015056481890095
rotation,5.887173370763832
rotation,7.217533976017513
rotation,10.787886755929112
rotation,5.823340288552557
rotation,8.934494614786397
rotation,10.212475921924748
rotation,9.933671820649291
rotation,7.668664278873729
rotation,23.84568347132276
rotation,12.555924604801076
rotation,17.31641915659377
rotation,8.407194096985087
rotation,27.092736887506334
rotation,11.114061124059448
rotation,17.54804129033458
rotation,7.426847995079533
rotation,24.057645813818628
rotation,7.5813077165664335
rotation,15.884557950798145
rotation,5.633766630131064
rotation,10.886505691984018
rotation,8.854914279586605
rotation,18.551917984340495
rotation,5.0130528686973586
rotation,6.064583528542293
rotation,6.227411708580913
rotation,11.547665065163294
rotation,7.041200605809254
rotation,5.275552471781031
rotation,3.6947263700495756
rotation,8.49439650515648
rotation,3.836905186636921
rotation,12.216570954210006
rotation,5.816799027563133
rotation,9.310407345418698
rotation,0.8967396606641551
rotation,4.258247444450734
rotation,3.7526475278553058
rotation,5.085393163081942
rotation,3.8452922141547776
rotation,7.762872659219901
rotation,17.854597374550472
rotation,4.613510928407703
rotation,148.51556458859213
rotation,4.939642786536431
rotation,11.010098159869754
rotation,4.316785867007201
rotation,3.668258392230088
rotation,0.1795772797595836
rotation,125.93097322595521
rotation,11.324871871898635
rotation,3.886715912040821
rotation,9.239123415854317
rotation,86.56940802407895
rotation,9.401645503190192
rotation,15.106250108606428
rotation,11.41873971256001
rotation,32.64405792998708
rotation,3.599175021087203
rotation,16.093111520498045
rotation,13.12462286085764
rotation,12.113507015781678
rotation,4.237162563099733
rotation,11.258486666555296
rotation,13.919669241518452
rotation,20.161330041792382
rotation,5.58341292493528
rotation,43.71607039663018
rotation,6.504953085850998
rotation,34.44905081779341
rotation,15.627784474994588
rotation,9.586184497411102
rotation,6.740855919434358
rotation,6.213872511711271
rotation,11.997897666188814
rotation,1.4593239482193938
rotation,10.447615063449163
rotation,152.28810943694123
rotation,9.16962216768714
rotation,20.030321117876184
rotation,4.421986788806389
rotation,5.897659384681576
rotation,4.547280563285408
rotation,2.662451149101131
rotation,3.132091586077459
rotation,4.559987163466613
rotation,3.8787570777716622
rotation,5.176445787238003
rotation,6.007336722310291
rotation,6.536015514404534
rotation,4.191686195974248
rotation,8.05898589660816
rotation,3.6885652470855534
rotation,5.160346644455221
rotation,1.8277280058465564
rotation,28.643174046714964
rotation,8.059824367436493
rotation,13.000131197882316
rotation,8.609426677305384
rotation,7.554705615349505
rotation,8.082263030361533
rotation,0.39931799379929234
rotation,1.0250193369453793
rotation,1.330168250682783
rotation,15.514020044167438
rotation,5.307970079540914
rotation,5.237165746376715
rotation,2.4803047573126933
rotation,5.589788590785654
rotation,7.499532034101648
rotation,4.058429644705479
rotation,2.444120588793261
rotation,2.7110441452943435
rotation,5.0203968046386205
rotation,0.8041419610004377
rotation,1.8990793381393547
rotation,3.886648049646125
rotation,9.456625022155068
rotation,1.8244269627521594
rotation,1.1043426753180476
rotation,2.664702490671898
rotation,6.441258288636053
rotation,3.2446170172693507
rotation,2.6024809538417926
rotation,15.099219949211129
rotation,7.679469478784963
rotation,6.142394641789863
rotation,2.9010660044242003
rotation,20.95067727911289
rotation,8.959233599318893
rotation,6.978941013506859
rotation,166.44532655826066
rotation,4.25803042844395
rotation,4.527354156146971
rotation,143.4180376642428
rotation,30.843501923036406
rotation,0.8006664202580839
rotation,5.630933935421164
rotation,34.324244319449406
rotation,0.9827446721911229
rotation,6.1263334427051035
rotation,2.571070081953928
rotation,2.5806697358524815
rotation,2.004386263852076
rotation,6.371668788243646
rotation,5.525759703866909
rotation,6.296372803593178
rotation,9.682344452449835
rotation,4.2384447668103045
rotation,6.18053251924471
rotation,5.978210245923605
rotation,2.279351558811663
rotation,4.3586884143260916
rotation,1.8562304461637515
rotation,10.443911576059818
rotation,3.9593004307235513
rotation,1.6738500301117445
rotation,10.00206951324604
rotation,3.5005361738550085
rotation,2.7313192364471113
rotation,0.898188492013169
rotation,3.203284931103967
rotation,4.5479227003269544
rotation,4.506094844311319
rotation,4.216473085562797
rotation,4.593137505521266
rotation,6.357083901186241
rotation,4.743388281873074
rotation,6.341621005916983
rotation,4.408524969706689
rotation,5.300545724773232
rotation,8.299537003093356
rotation,5.398362042746457
rotation,1.9678653300578168
rotation,1.3230111746247624
rotation,5.212830731099446
rotation,4.395372735716934
rotation,2.621131893150892
rotation,1.2003120760954356
rotation,4.8173676234349205
rotation,5.00957654997144
rotation,1.917472038530924
rotation,1.4376618593078831
rotation,23.34394957059918
rotation,10.330799407605117
rotation,5.483112089915382
rotation,2.9635309906726888
rotation,59.897953579824595
rotation,25.458849123129163
rotation,9.673421147228012
rotation,5.67067483241501
rotation,18.98168303520344
rotation,22.886026871659332
rotation,9.268774644428277
rotation,4.202935503897644
rotation,12.457419832015903
rotation,17.31874207337452
rotation,10.088158591709643
rotation,2.870196708258332
rotation,2.3671118122078445
rotation,5.215672374938282
rotation,4.3738268056345095
rotation,1.2489466007631982
rotation,23.190329037157944
rotation,3.6693653154269077
rotation,5.127964507780807
rotation,1.9060535690549312
rotation,8.514169707520391
rotation,4.265340011798742
rotation,0.3071840897067617
rotation,4.4975718135588485
rotation,1.4999250919722906
rotation,1.3313581277542865
rotation,12.366408854258461
rotation,3.9500133152108594
rotation,1.9666585698439463
rotation,1.1167995025085489
rotation,4.0167279935594795
rotation,2.9020850504790685
rotation,3.427622640611822
rotation,2.2446670696329067
rotation,11.069670028437223
rotation,9.43820739691814
rotation,2.5670669616843855
rotation,4.329766689379215
rotation,13.16646497698031
rotation,14.052040336173926
rotation,4.394676797349812
rotation,4.503897126664704
rotation,22.894015222341828
rotation,13.326222127913717
rotation,4.934188396830721
rotation,3.203878930216541
rotation,16.957284342360655
rotation,8.749813362823167
rotation,0.35406129724128016
rotation,1.8934212338417864
rotation,36.677506302588256
rotation,15.720453454490816
rotation,4.969705213114032
rotation,1.186300061282447
rotation,27.410170525023567
rotation,1.3545845631095048
rotation,2.553142323338471
rotation,0.47691997453011303
rotation,32.83742512108611
rotation,6.846880641084994
rotation,3.5842026961164555
rotation,1.547309860249096
rotation,26.384612913027926
rotation,7.352351305129955
rotation,2.690178757744146
rotation,1.3742984073129116
rotation,23.589637745976866
rotation,7.173755092717659
rotation,0.9538517036968315
rotation,2.738822091249341
rotation,18.1356879086532
rotation,8.466278617505452
rotation,1.9549303665000741
rotation,1.6022749960119915
rotation,8.449091849176403
rotation,5.179996335388188
rotation,0.20734144018649175
rotation,2.2953467633888325
rotation,6.094280667968061
rotation,2.4092566380203895
rotation,2.7510409154773297
rotation,3.775788827619873
rotation,13.867653072795193
rotation,4.726053040440747
rotation,0.9777843581096816
rotation,4.288455998811141
rotation,8.165804186136217
rotation,3.6525127131608
rotation,0.5842025345246961
rotation,2.17798320994206
rotation,13.032987978463208
rotation,6.872520131680588
rotation,4.68380462940017
rotation,1.7463915800481358
rotation,5.961423065732285
rotation,8.385130809938527
rotation,6.979074385642353
rotation,3.5762673773071585
rotation,2.344891923722353
rotation,6.8197033455584934
rotation,3.765573186507677
rotation,4.543776087271286
rotation,2.6639887314295967
rotation,4.162614810504659
rotation,5.396689879354551
rotation,4.612367154772416
rotation,6.396855304828577
rotation,7.693827637082719
rotation,4.954766414692851
rotation,5.591068070372946
rotation,12.983934023787421
rotation,4.087057798848738
rotation,4.068245215899461
rotation,2.5855162181966547
rotation,16.68942190167028
rotation,4.931248790032208
rotation,2.298085910798553
rotation,3.038104127881258
rotation,8.831087288920672
rotation,4.351298607873641
rotation,2.170384617303874
rotation,5.465877161517815
rotation,17.522130177550604
rotation,10.121718624278097
rotation,6.926670608190142
rotation,8.268204790155401
rotation,27.923279142011555
rotation,11.680843225107795
rotation,8.039247971178755
rotation,5.542938926963565
rotation,23.114317654702223
rotation,2.5971742018606228
rotation,7.210150968126029
rotation,7.651609919287678
rotation,23.110295540327865
rotation,7.054579300599456
rotation,3.8564767631279637
rotation,5.0050406805288645
rotation,3.3845015721023914
rotation,2.369838968734342
rotation,4.2680474479726405
rotation,10.096958382143333
rotation,10.245041041570506
rotation,3.2145558003082755
rotation,4.994985939004675
rotation,24.82155165054773
rotation,9.735530238540406
rotation,4.339027929823678
rotation,6.12919780592581
rotation,22.76793630261282
rotation,3.412755172051849
rotation,4.471405945018825
rotation,5.694709459857514
rotation,15.883321460779142
rotation,8.637071929913807
rotation,10.239686532814105
rotation,13.947413959856226
rotation,21.805940411402755
rotation,21.006943201503457
rotation,12.862195807359472
rotation,18.757817590105432
rotation,16.760750737367335
rotation,12.96585366165132
rotation,10.833443516240536
rotation,85.12812775439873
rotation,2.087404019422698
rotation,1.2428851984852443
rotation,6.852999459196256
rotation,10.118679153029257
rotation,10.826742469107131
rotation,17.607412901789345
rotation,3.4591190848883335
rotation,25.531463371533775
rotation,24.891852316942586
rotation,23.614313038329012
rotation,23.391422956180417
rotation,15.808162936522914
rotation,17.302489251066337
rotation,20.727854975736197
rotation,12.827616796280653
rotation,4.796831055382867
rotation,4.057740182029496
rotation,16.857736302365524
rotation,3.6520419303471896
rotation,6.112737540003186
rotation,5.852889540720113
rotation,5.805061494403008
rotation,16.174029959292895
rotation,25.06933769169918
rotation,23.838153036841828
rotation,7.0589110751757245
rotation,25.272044153616086
rotation,27.977546998880722
rotation,24.917378104965728
rotation,17.649209890311273
rotation,26.97024031829925
rotation,32.064852235954596
rotation,22.924723028549806
rotation,30.926752417972523
rotation,19.957480877955312
rotation,31.272424935216314
rotation,5.473379638716393
rotation,33.95141930099954
rotation,23.610373557653766
rotation,72.51732467345754
rotation,34.31414362359571
rotation,15.513537275835885
rotation,4.094806047226339
rotation,1.0400414516927072
rotation,53.91468628182496
rotation,40.57186436482429
rotation,22.842772881247836
rotation,28.192498430840477
rotation,30.031934039797036
rotation,20.729236972476095
rotation,29.879329400491176
rotation,7.941890639844872
rotation,31.54308081585802
rotation,54.30351413367789
rotation,33.68248163099975
rotation,70.26819558579065
rotation,50.62193694706209
rotation,28.38475364128136
rotation,16.26436861585509
rotation,28.04552921213064
rotation,24.79248861978755
rotation,16.875220944372952
rotation,50.66333976142539
rotation,21.211636341261563
rotation,21.060865643189633
rotation,37.2010155357665
rotation,39.000724429945784
rotation,25.437541210385415
rotation,21.525618304812706
rotation,24.353233855766597
rotation,47.90578518383752
rotation,25.78844240894231
rotation,41.88849497128027
rotation,7.197041667532247
rotation,23.450213643498035
rotation,32.643381075940425
rotation,25.119059758456608
rotation,66.32766317872762
rotation,73.94773488630568
rotation,55.558525401639855
rotation,80.91958890221274
rotation,69.09212064107857
rotation,72.54348045305353
rotation,81.39473806945057
rotation,78.11372634374716
rotation,66.41907761638431
rotation,84.09134276648295
rotation,67.59396111594094
rotation,73.1585673138471
rotation,82.55957521302757
rotation,87.00037983539208
rotation,33.857742084357376
rotation,55.630787212063716
rotation,14.989413324370616
rotation,86.52158971872045
rotation,26.817146247689617
rotation,92.01531402775262
rotation,29.819786747892824
rotation,75.12257439367275
rotation,46.17536044244152
rotation,118.11792133819891
rotation,27.291478429191425
rotation,73.47504541897602
rotation,32.0752839321606
rotation,9.449562526806753
rotation,17.285337959823835
rotation,17.498780557338083
rotation,25.12124399164038
rotation,19.95717457846493
rotation,46.25111314109641
rotation,17.31074714792171
rotation,38.062008699193036
rotation,16.503338116937563
rotation,19.63314810021563
rotation,39.25263465727293
rotation,37.39787067953658
rotation,13.957826057539002
rotation,27.542146739058776
rotation,10.537687492222778
rotation,14.070469722348792
rotation,41.81558542124315
rotation,2.0790285929394945
rotation,44.31317228984579
rotation,15.779761509107626
rotation,64.39798459213111
rotation,50.42427228540999
rotation,49.50828010861061
rotation,43.57807558069057
rotation,23.67219464259365
rotation,35.15074080153134
rotation,51.04643552820582
rotation,75.06214347767781
rotation,58.101979880439785
rotation,50.817509424428366
rotation,27.381183675042582
rotation,39.29814943785439
rotation,45.52296250915793
rotation,45.75838533424272
rotation,31.724781795611616
rotation,8.343338196499497
rotation,26.80165979628854
rotation,23.68246317926261
rotation,17.22025422159051
rotation,34.831853727150396
rotation,6.511496362938011
rotation,7.195199823790682
rotation,8.606081176192843
rotation,29.77287548893166
rotation,33.3155640708592
rotation,20.694081523103893
rotation,38.44604055310975
rotation,5.614192792880613
rotation,29.313764819773645
rotation,19.908775198269318
rotation,8.269780998818987
rotation,21.84658194819459
rotation,15.354816668276301
rotation,7.827329718174809
rotation,15.538469017004504
rotation,20.639889544054906
rotation,14.100127569418282
rotation,34.02330532349277
rotation,33.706366951298534
rotation,45.93444911102913
rotation,34.087008020804724
rotation,33.146937842888505
rotation,28.150194890590857
rotation,35.20072680726691
rotation,40.30314149845498
rotation,13.610791979421254
rotation,11.857136480476585
rotation,26.94377369184789
rotation,33.94844890908952
rotation,31.43702848277662
rotation,16.828168422835954
rotation,28.833504641554132
rotation,12.186248720167374
rotation,36.37519381489703
rotation,13.724315390429643
rotation,45.04142517241889
rotation,53.814498026221436
rotation,56.48107145455338
rotation,5.357453423489944
rotation,71.30733416925648
rotation,63.920598462346014
rotation,38.06201464219919
rotation,44.1646983639675
rotation,84.76152652851596
rotation,59.677696845743014
rotation,75.39061149476538
rotation,77.09563772178278
rotation,72.45124253404508
rotation,57.330462265009395
rotation,24.561354112812978
rotation,17.00026796391812
rotation,26.208595376920776
rotation,32.78660895947984
rotation,21.463775723087267
rotation,54.70311071395244
rotation,19.8644651623157
rotation,65.87003419290498
rotation,87.19995445873363
rotation,91.5824827295706
rotation,83.1352323634576
rotation,95.4719207182553
rotation,93.56605891261633
rotation,78.86297675215863
rotation,14.510580986093217
rotation,10.870466327577784
rotation,55.49008363803227
rotation,35.421936106397084
rotation,26.130934510761765
rotation,68.40549666959171
rotation,40.76024842029112
rotation,45.21158209163562
rotation,52.021052087813
rotation,65.7914241293027
rotation,28.14081919836629
rotation,50.26464485921161
rotation,28.837221556148233
rotation,51.202349778822715
rotation,49.798781020045126
rotation,60.62121593094753
rotation,19.07104635686524
rotation,89.98272756042917
rotation,13.50470981744855
rotation,3.970678536280253
rotation,16.739394469964484
rotation,13.045084805740826
rotation,4.526547820676124
rotation,66.27144520822291
rotation,41.3602386756106
rotation,75.86497402492006
rotation,59.52331693055443
rotation,68.83932320801
rotation,25.588199668627652
rotation,30.999701163110302
rotation,5.491636014841746
rotation,19.4001273969538
rotation,21.59286807272591
rotation,29.685546727550783
rotation,82.9884198026262
rotation,8.285699212697272
rotation,60.139774248216185
rotation,4.993254617790956
rotation,14.717282203862027
rotation,36.20853507573269
rotation,19.1927939009765
rotation,11.545545448197654
rotation,35.358337502067194
rotation,71.21594344118495
rotation,63.29430594886301
rotation,11.910575536046597
rotation,32.11481894187334
rotation,5.158197893384771
rotation,14.671300128893249
rotation,1.1890980370852329
rotation,6.033593853947425
rotation,7.461110193961099
rotation,4.829715521085836
rotation,6.771942993037748
rotation,13.856987699915102
rotation,24.34961965723966
rotation,43.03514592276973
rotation,31.553972214024743
rotation,39.96166477448869
rotation,4.785457983522703
rotation,3.3809403493317527
rotation,9.126795876024499
rotation,15.733260244467083
rotation,18.108328236951763
rotation,13.092083476815391
rotation,13.253376184602214
rotation,20.68783765283505
rotation,15.14024198508983
rotation,8.079751879788397
rotation,11.494773868552853
rotation,10.859310964148804
rotation,17.556605661515604
rotation,14.13727131469581
rotation,4.101229425599304
rotation,8.614589692174698
rotation,11.841805648289037
rotation,20.72379964060629
rotation,11.944416089154462
rotation,13.058167647929523
rotation,32.26877986040525
rotation,10.4641041244547
rotation,27.50000614388001
rotation,31.1864090288362
rotation,18.68832570157216
rotation,68.11884742786467
rotation,131.20755532250968
rotation,67.14402548728913
rotation,21.004551484938702
rotation,28.820619858540095
rotation,28.77033087191001
rotation,41.11965583545596
rotation,62.15805818401845
rotation,21.456182313703135
rotation,57.39276429828155
rotation,8.07624774983013
rotation,33.617381394686255
rotation,13.432906048695372
rotation,10.766339213964898
rotation,27.20514598494461
rotation,24.892973711893227
rotation,31.8093108698929
rotation,50.16916101962186
rotation,43.912091804854526
rotation,87.17256638703195
rotation,106.42607995083394
rotation,81.74183205147445
rotation,48.36368854083276
rotation,40.21968335086992
rotation,10.42701762732636
rotation,14.958630102091801
rotation,14.717623236018438
rotation,9.143490616071798
rotation,21.30534801144075
rotation,1.3122228313696922
rotation,87.4700737741344
rotation,56.74462159726583
rotation,33.78933180188355
rotation,42.73613303515832
rotation,35.81096687010461
rotation,33.44488716802207
rotation,41.66521563143888
rotation,34.08870872254138
rotation,39.806806408666056
rotation,42.12005931648259
rotation,30.184305521629923
rotation,57.74744309297188
rotation,16.58403191257406
rotation,44.94319159251289
rotation,15.69303708263571
rotation,46.36711625473151
rotation,13.821498712712598
rotation,35.06286864851557
rotation,14.221970848709724
rotation,37.18103256509734
rotation,17.30961237209747
rotation,40.94982343507997
rotation,22.67488571468131
rotation,43.565323574946675
rotation,27.47951053347641
rotation,28.025742306899918
rotation,14.918974597747008
rotation,50.295171677379415
rotation,23.704407648906383
rotation,50.401317572415
rotation,27.11896345732595
rotation,33.2189977745062
rotation,21.11835909934205
rotation,22.848803787520733
rotation,15.995216789325859
rotation,19.767414666794785
rotation,12.921574798963793
rotation,28.698824832458193
rotation,9.378586951938383
rotation,25.93691560199729
rotation,4.689631848848016
rotation,20.592078051981126
rotation,9.742583767768414
rotation,5.648446832875977
rotation,8.447351301908784
rotation,23.668141079544682
rotation,9.642010315903452
rotation,23.86809778137223
rotation,3.7229157622110933
rotation,21.060145304094256
rotation,10.614090868084764
rotation,39.63535893327782
rotation,22.456093381673124
rotation,54.99509440426013
rotation,42.68721356336072
rotation,41.03209756955292
rotation,36.34604814575583
rotation,31.266323416747824
rotation,13.85564452490892
rotation,36.8040895537641
rotation,17.201873914924814
rotation,26.123248134126158
rotation,13.893911131310686
rotation,25.05939359871271
rotation,20.590561914014895
rotation,15.904582777915284
rotation,20.250511911615696
rotation,10.735827301284731
rotation,15.77578120996651
rotation,22.441850040305738
rotation,24.633580236074128
rotation,28.86356294304387
rotation,27.26889145677009
rotation,17.498088808584598
rotation,15.127127614964367
rotation,18.135974356116346
rotation,5.4577224358526895
rotation,30.736226768504608
rotation,29.583730343038855
rotation,6.758375215441302
rotation,15.832347788916355
rotation,29.687621309299928
rotation,24.41987393532576
rotation,24.06684135025641
rotation,14.478884223733429
rotation,9.749623674308177
rotation,2.352289006017215
rotation,21.902907024502674
rotation,10.1372115165239
rotation,10.628223245599521
rotation,11.882557476695904
rotation,5.630896242098083
rotation,9.89938431934195
rotation,7.217870169074906
rotation,2.428648557423445
rotation,5.745936377206469
rotation,2.205826947650534
rotation,6.384795320183884
rotation,2.1443103765070384
rotation,7.92161518904775
rotation,5.388769838581542
rotation,6.86197312780587
rotation,8.011647361600263
rotation,7.278696000532823
rotation,4.8688336722037535
rotation,3.9925300986466223
rotation,10.938067417821493
rotation,7.225954573302148
rotation,1.658740261257165
rotation,6.430978191351273
rotation,7.952449642679755
rotation,5.11055154103337
rotation,8.548805292742438
rotation,6.635171590718889
rotation,1.9075734702463796
rotation,9.957199210140713
rotation,6.024975682538106
rotation,2.0057885877350454
rotation,6.126902951110008
rotation,7.7950975287806825
rotation,4.84698850930894
rotation,4.124130178881013
rotation,3.4709308486479706
rotation,12.004498171599693
rotation,6.736001545599772
rotation,4.897077044254743
rotation,1.4522429487390573
rotation,10.350947686262373
rotation,9.76565493000793
rotation,3.2477524770418356
rotation,7.854195977829921
rotation,4.169542329136246
rotation,4.125132693428119
rotation,2.315114110563027
rotation,7.869341580230228
rotation,11.90160611120063
rotation,23.330720332989543
rotation,10.137434817802413
rotation,10.765858788625918
rotation,26.95828026428332
rotation,25.867976229144308
rotation,7.936591205462878
rotation,8.21198590211287
rotation,26.241707262706324
rotation,3.1708822401479386
rotation,2.503006569584005
rotation,18.627960237209763
rotation,7.721710998129139
rotation,28.908822216192284
rotation,13.489495998022262
rotation,8.303489925150679
rotation,13.708339454594837
rotation,0.8386609997760112
rotation,5.131166322997206
rotation,6.785402715351327
rotation,16.559948678834726
rotation,5.062703269430908
rotation,15.046499042540114
rotation,22.295393240791643
rotation,21.152165245435153
rotation,19.006561045869734
rotation,5.8131605337507795
rotation,21.44497885616803
rotation,14.344317499756084
rotation,3.2170202050317127
rotation,35.03148420882193
rotation,10.279178508393574
rotation,21.838423027817367
rotation,4.464352416085601
rotation,7.176477180506681
rotation,6.8122343614915515
rotation,19.389647459276855
rotation,18.109338153162657
rotation,22.48236502095765
rotation,16.065325406122195
rotation,22.154547768572634
rotation,34.7403951570996
rotation,26.575337485153966
rotation,2.119181827164208
rotation,31.488446709823283
rotation,43.012051238888596
rotation,15.256711725008364
rotation,21.239628501208298
rotation,7.78150554853046
rotation,5.649448733436638
rotation,17.157295354726614
rotation,22.31094045532359
rotation,12.987017534856301
rotation,18.875635057426965
rotation,16.701782574553697
rotation,9.526777924737065
rotation,4.200115102335708
rotation,12.53194317245693
rotation,17.282041822092403
rotation,7.725504925533788
rotation,35.327314251972474
rotation,7.136979597695707
rotation,21.67106297301323
rotation,2.3179027162307912
rotation,6.929981302267653
rotation,17.964827741560452
rotation,18.85660940364559
rotation,31.75407496498868
rotation,27.24485082846185
rotation,25.018932603206842
rotation,27.524477691207473
rotation,27.249923697850548
rotation,23.871356033418984
rotation,5.111799964410091
rotation,43.4898425167996
rotation,3.497852964020577
rotation,18.485068168378408
rotation,26.88722882610366
rotation,13.18728708793737
rotation,25.98983845920219
rotation,27.779911099634266
rotation,5.204589977432596
rotation,9.002296167855604
rotation,13.391513047670347
rotation,11.899505277873432
rotation,9.668356214378488
rotation,10.011158013060777
rotation,11.850404035707674
rotation,8.481449966501858
rotation,19.298690500354077
rotation,8.397086704489919
rotation,14.824456846473312
rotation,2.246214836891131
rotation,16.59396066983728
rotation,6.005383676647716
rotation,13.2625358015049
rotation,25.379381634148437
rotation,12.877485541123828
rotation,13.547884414819316
rotation,17.62847120837428
rotation,15.27005309855209
rotation,7.435837105818864
rotation,2.959795937179804
rotation,7.001554602478334
rotation,12.965697308021591
rotation,2.162412561676505
rotation,6.561814483715089
rotation,6.940526754398808
rotation,6.481779955634468
rotation,7.187222509874825
rotation,6.938718291230509
rotation,12.287453334847251
rotation,15.764831663171968
rotation,9.371274797165814
rotation,4.996177868065808
rotation,12.121589455006061
rotation,8.780505498272094
rotation,7.292720345591179
rotation,7.901578349057213
rotation,14.096800374717278
rotation,23.35274889164292
rotation,7.8652035510159335
rotation,10.952558530222488
rotation,15.452621818031117
rotation,12.5080178430257
rotation,25.886858677709682
rotation,21.37889986725879
rotation,13.086208901530602
rotation,15.729070088282505
rotation,9.89529595831646
rotation,13.396533195700288
rotation,15.880543103994254
rotation,2.3768419972145853
rotation,7.680894631939664
rotation,7.492017469674209
rotation,9.384501567369803
rotation,5.857138049419692
rotation,10.720075583171015
rotation,13.30279434114253
rotation,16.030817427871096
rotation,7.128228562973198
rotation,15.932780505841054
rotation,11.77143611620629
rotation,13.963505084717458
rotation,7.934139220367482
rotation,6.147048094365192
rotation,23.92926077228786
rotation,18.289348448868672
rotation,4.7562906416564275
rotation,8.556507702884856
rotation,32.65759883075858
rotation,20.05123947393716
rotation,17.570043456466628
rotation,21.303348053154632
rotation,45.10895777553009
rotation,22.01662875146304
rotation,45.689935978306316
rotation,37.954447016860314
rotation,35.14291085909162
rotation,31.458667224690856
rotation,68.87035637589757
rotation,66.57432551529962
rotation,39.73983419164279
rotation,16.824729030372303
rotation,48.350523634927214
rotation,22.680035259622
rotation,50.443076138165054
rotation,22.870980494446332
rotation,11.311899604721152
rotation,58.09837300114701
rotation,15.699091601509354
rotation,65.70544707631696
rotation,13.81654608126399
rotation,30.82300252721527
rotation,14.084835509414951
rotation,20.760796936292458
rotation,16.084713424649433
rotation,13.043793864132594
rotation,18.43909924304653
rotation,1.9026145536134418
rotation,40.27218083413167
rotation,24.441903439231396
rotation,67.07214887236427
rotation,22.472348635986258
rotation,11.732184249710365
rotation,4.649104046156221
rotation,22.38967370635432
rotation,7.187058517099001
rotation,18.248783112809814
rotation,7.71887307150265
rotation,7.9664623722916375
rotation,3.69674738002491
rotation,15.532388266355838
rotation,2.109208549626803
rotation,24.470885628364712
rotation,2.771508315337062
rotation,22.89630592819869
rotation,1.2523791418016632
rotation,4.274190316858039
rotation,2.5856560960601844
rotation,7.214418377877985
rotation,4.740381068516013
rotation,10.413245098330126
rotation,5.729061230923645
rotation,1.312911713900733
rotation,6.128145360779806
rotation,4.35034679256545
rotation,42.1414546784102
rotation,13.086932256112599
rotation,0.7399788489051359
rotation,0.24227287369021416
rotation,5.14569979460247
rotation,11.138004786232003
rotation,2.1959647177951043
rotation,1.9534437583828654
rotation,12.248556062071161
rotation,5.651397852361163
rotation,0.9313648681995447
rotation,2.2603703504571064
rotation,8.995229863532455
rotation,6.922358467669244
rotation,3.4764869764808863
rotation,1.2811649639934846
rotation,5.251506874555726
rotation,3.189766860828823
rotation,4.9848587096009656
rotation,1.334463411512249
rotation,3.972119267114687
rotation,1.3348452549619838
rotation,1.4128066215992174
rotation,103.28348283415943
rotation,4.0455116130311515
rotation,2.8343881289652053
rotation,3.347540872405126
rotation,17.413596809222682
rotation,3.474542911747297
rotation,0.9276652222860735
rotation,1.1956221609847
rotation,2.444771220557878
rotation,2.889270173833074
rotation,2.6481057564027566
rotation,1.6239956247669465
rotation,8.154655091473257
rotation,0.7093742313626511
rotation,3.1646267689590175
rotation,2.9323009642483697
rotation,7.677135909233433
rotation,0.06832847604262783
rotation,2.4635944919935415
rotation,2.502832796246133
rotation,10.024430010381845
rotation,5.940422576403469
rotation,2.6717448816106963
rotation,1.6335403055334878
rotation,3.1002480640771752
rotation,5.608103291378074
rotation,0.8326896612622362
rotation,2.846118652758015
rotation,7.551000054861369
rotation,2.5851676906638095
rotation,2.0550094125133924
rotation,2.6812151283550714
rotation,0.8919209657362138
rotation,5.202239985755008
rotation,3.483354474080829
rotation,0.4256051680972249
rotation,1.76487402243907
rotation,4.2220205774141695
rotation,2.6224357724367247
rotation,1.0703550470077483
rotation,2.1520608888566413
rotation,0.6220147259584288
rotation,2.254636802183889
rotation,6.318544611747814
rotation,9.67465482052697
rotation,5.906702818732669
rotation,1.7765570831249804
rotation,8.015419053221862
rotation,7.9080160543130456
rotation,5.716319638833515
rotation,1.1320918702700136
rotation,18.283126689866574
rotation,5.496184005292395
rotation,7.995365066316362
rotation,5.8606694596669024
rotation,50.84384766546195
rotation,8.367885745647436
rotation,14.62063447481023
rotation,7.176339395139601
rotation,3.7664329729833232
rotation,6.1599476824889114
rotation,6.044707454864162
rotation,2.688109365488603
rotation,3.89062701609547
rotation,0.9371616448411197
rotation,2.5743837183338085
rotation,0.7431593695566804
rotation,7.517735665144817
rotation,3.4355963660070175
rotation,3.2624614996406938
rotation,3.223394735649254
rotation,6.615883007722769
rotation,8.245555498449724
rotation,7.09586002773636
rotation,5.281570032913775
rotation,3.084610294852563
rotation,17.326036390760013
rotation,5.643611207934378
rotation,2.468869804125082
rotation,8.427311987059323
rotation,100.36708656300907
rotation,5.475968219909504
rotation,3.9543121731555493
rotation,65.96697260669386
rotation,153.68000423351594
rotation,3.7362465261085145
rotation,1.3728497649267355
rotation,131.7385153722043
rotation,6.823800720785014
rotation,9.624998942843783
rotation,56.80150263295576
rotation,5.325891359604077
rotation,9.9438099298741
rotation,10.508648951528567
rotation,1.5076100762940128
rotation,5.104818739388025
rotation,15.509431310786804
rotation,9.691483777850607
rotation,4.296616125671327
rotation,18.17899512605234
rotation,9.908375722895517
rotation,9.818816606231142
rotation,24.464666802634454
rotation,2.8294607142126775
rotation,3.5310107652505
rotation,1.4092959171340935
rotation,15.860602812126881
rotation,5.641638955144101
rotation,6.881440976050779
rotation,11.618616123513059
rotation,4.600319089272557
rotation,1.108498754768887
rotation,3.936275712338939
rotation,12.447025171039048
rotation,20.253773504096056
rotation,2.7194885948639422
rotation,3.7535651597919166
rotation,3.638853423200731
rotation,57.79031992276412
rotation,6.624481577620164
rotation,5.047001286033017
rotation,20.27908618843798
rotation,52.72222348219131
rotation,9.600396117441502
rotation,1.676682637958372
rotation,3.5482118237110774
rotation,20.318028567897688
rotation,12.587151307465076
rotation,42.36788107766714
rotation,15.79438944080415
rotation,31.95338013274178
rotation,13.48376662124887
rotation,56.29784051146193
rotation,13.866488467183578
rotation,20.46506022886493
rotation,21.543909843185748
rotation,15.543282561288821
rotation,7.332134925230329
rotation,12.162143131329282
rotation,7.853274723151063
rotation,11.654687769260121
rotation,2.046353368842243
rotation,7.128768937874637
rotation,10.020467085190061
rotation,27.44784820338968
rotation,23.900843968586106
rotation,30.39573605458573
rotation,24.42551209290195
rotation,6.888013118480504
rotation,18.734675308968235
rotation,9.0228264289857
rotation,23.42053851283193
rotation,12.882746255560287
rotation,10.03339361851714
rotation,7.544519852334716
rotation,3.7619636217087633
rotation,3.548456426270019
rotation,22.342894095488553
rotation,6.50024575107611
rotation,37.754444070348676
rotation,26.265128224994825
rotation,41.100626815178195
rotation,25.747711199794992
rotation,21.616404632350765
rotation,12.981442608034364
rotation,6.646646016346665
rotation,14.967116254091529
rotation,5.161696781575665
rotation,15.979549306071286
rotation,10.870297485696618
rotation,17.294985047525806
rotation,15.443080365633268
rotation,9.708583869275978
rotation,12.661706567678694
rotation,20.60315525091802
rotation,16.928518769367663
rotation,18.289088765056306
rotation,8.985461230493557
rotation,11.705099729157855
rotation,15.31694445829184
rotation,10.14913815905752
rotation,16.366248515516954
rotation,2.571969408216554
rotation,9.883820915918864
rotation,17.975379534763178
rotation,22.059584064735585
rotation,24.411972597965878
rotation,30.536499962541594
rotation,7.79012054373307
rotation,12.040176647646996
rotation,0.6460080466408319
rotation,1.189559864107229
rotation,1.4778901458520222
rotation,2.2494434828880583
rotation,2.3683961449695308
rotation,12.127115014781422
rotation,1.83680328308463
rotation,1.2674882866872732
rotation,5.181898383267537
rotation,10.54780781483134
rotation,7.060612579064872
rotation,3.0432167118092845
rotation,6.212416089104259
rotation,5.587181398400177
rotation,3.311435008495216
rotation,1.126591560559734
rotation,1.541076427171413
rotation,4.384923137539115
rotation,1.4834103766265085
rotation,4.9019312404206365
rotation,3.1601694454680764
rotation,0.2354249062283598
rotation,0.8931608392882537
rotation,9.71214763788858
rotation,2.5737953815369967
rotation,4.131070611613335
rotation,5.19432436440594
rotation,5.079992012348948
rotation,7.180230810090385
rotation,1.8709222763728564
rotation,3.3234284166737047
rotation,9.537313297346339
rotation,3.099934115010476
rotation,6.128501861870954
rotation,12.039268544584319
rotation,3.1063119619502513
rotation,3.1172172598434416
rotation,1.9024109293181863
rotation,1.9624207349301497
rotation,3.1904479140471795
rotation,3.009052000622735
rotation,3.1985852535278205
rotation,0.3742577641030744
rotation,5.124178825019862
rotation,2.7216945475390326
rotation,2.7422059011932776
rotation,2.0989608623623504
rotation,2.689549482271696
rotation,4.055513297717764
rotation,4.863832583741511
rotation,4.183117222584759
rotation,13.584618789887635
rotation,8.544960716687111
rotation,7.511732074444121
rotation,7.919346974626854
rotation,5.3838854808780425
rotation,11.857650681240203
rotation,163.370191682388
rotation,3.6497129905238967
rotation,3.1602018716334013
rotation,1.117329994639652
rotation,10.579376613865223
rotation,8.146026748962719
rotation,1.6656075652765654
rotation,7.863356641574615
rotation,15.015238078664323
rotation,4.81023040874313
rotation,3.964251397428111
rotation,3.8563993975501143
rotation,10.314088388929841
rotation,1.1558597882119435
rotation,6.250235694869446
rotation,6.704751433724164
rotation,29.76067057800683
rotation,4.160615197994452
rotation,45.26123727002067
rotation,4.801482612828768
rotation,28.458145065442118
rotation,13.623411252084967
rotation,11.570267703934697
rotation,2.540576605477012
rotation,5.945371654721627
rotation,13.838384320284103
rotation,12.015544209259234
rotation,18.496640111811963
rotation,2.9285606031322935
rotation,8.771523818731877
rotation,16.280538552997076
rotation,8.909226351425295
rotation,17.75340102511672
rotation,25.665676333419928
rotation,2.596038683814218
rotation,9.952191499474772
rotation,7.741122774224265
rotation,9.612824456799457
rotation,3.4406363746382858
rotation,9.118075873811941
rotation,12.254112550670389
rotation,5.794464152344079
rotation,12.680619790341055
rotation,11.460945150406321
rotation,6.79603425527212
rotation,6.051991192978772
rotation,28.00954323397262
rotation,17.987920381433188
rotation,8.047867675877978
rotation,1.0678679749239852
rotation,8.818091969632858
rotation,8.579808314607893
rotation,16.615675700147786
rotation,8.129589434037147
rotation,6.937100226730135
rotation,6.168085891834444
rotation,5.696246308422988
rotation,8.272247903242825
rotation,2.500871968197199
rotation,1.9648735593611062
rotation,11.294636398729146
rotation,6.505147533263457
rotation,18.31179227715969
rotation,5.6573339235129065
rotation,2.65870662983875
rotation,5.382792099288141
rotation,1.7355555336115942
rotation,13.858794121231428
rotation,1.5333428668948323
rotation,2.074643855570836
rotation,1.8506427361769309
rotation,2.932741647923436
rotation,1.9832831798538813
rotation,2.430018046486915
rotation,2.8540495698796486
rotation,4.765825387367812
rotation,15.5426897845323
rotation,8.039372317830829
rotation,7.380323185356763
rotation,1.4735849032360762
rotation,1.8402717213656585
rotation,6.936082189708451
rotation,2.3460792275313684
rotation,4.750491100709665
rotation,3.995049097670674
rotation,5.023945538085229
rotation,2.3166337629175633
rotation,5.949563575176576
rotation,2.623430381736214
rotation,5.032056735894446
rotation,1.9489970999088155
rotation,8.214373485480891
rotation,7.617336117928273
rotation,0.21113335488414878
rotation,5.328523489257887
rotation,8.31520747641317
rotation,5.150393853201809
rotation,6.853600667254844
rotation,1.5360908642660616
rotation,2.7311848869210884
rotation,3.6350168233303717
rotation,3.470364686759451
rotation,3.516071537819143
rotation,4.23690000220447
rotation,4.9368061742420535
rotation,3.1404803502995415
rotation,7.260616571200646
rotation,6.047097083679752
rotation,1.4106065786877027
rotation,1.6582697476951134
rotation,2.734952390191131
rotation,2.5358728146300114
rotation,2.5110410242993115
rotation,8.668007642357905
rotation,10.610968468623712
rotation,7.225444869772344
rotation,3.3193796266102304
rotation,0.939185475606902
rotation,5.2241255518002765
rotation,6.481494338191843
rotation,9.38019699818723
rotation,7.390851874528699
rotation,0.7846040623993787
rotation,24.393923089813125
rotation,19.777181352846288
rotation,10.30264284216046
rotation,8.342080769108893
rotation,6.241768571509463
rotation,6.9867877632889135
rotation,6.5742108337685785
rotation,13.590888882114966
rotation,19.15983576296701
rotation,9.50460236042753
rotation,5.98799170575085
rotation,16.94897771442841
rotation,30.792306773873165
rotation,15.800223586418657
rotation,19.258564885336508
rotation,14.134346360712227
rotation,7.653952944853606
rotation,31.73175707952472
rotation,11.82914554743573
rotation,12.343125284496688
rotation,10.664298624977251
rotation,10.347162725117498
rotation,5.761638964214198
rotation,16.773638923192788
rotation,11.135054133900113
rotation,19.332912788298152
rotation,21.907338185835833
rotation,8.256492897476548
rotation,7.568623070634393
rotation,8.72181748955608
rotation,12.61822706427306
rotation,16.89207929757871
rotation,24.138517200079118
rotation,34.48873686642297
rotation,11.626080219863171
rotation,10.080851438558415
rotation,6.678029382569379
rotation,9.275997635745187
rotation,14.281368296243516
rotation,17.585591459653546
rotation,24.180959253101133
rotation,38.568823442396024
rotation,5.552470205758707
rotation,26.798634111559192
rotation,18.62415632875946
rotation,24.06560477007385
rotation,19.21926223339829
rotation,30.045505527052942
rotation,22.31289047376037
rotation,6.253681359400791
rotation,16.056703662204818
rotation,20.120729770767646
rotation,15.931059243743675
rotation,17.96755107435749
rotation,26.18118781024092
rotation,30.158568623288016
rotation,31.792205122319665
rotation,158.65598281365342
rotation,16.719970184640346
rotation,141.70207374282006
rotation,60.423990526289394
rotation,41.06897644920543
rotation,13.112852565660239
rotation,33.57452759277833
rotation,23.761566308524813
rotation,18.502464396653235
rotation,13.08005405493823
rotation,18.572894565790943
rotation,10.709068551778426
rotation,8.845691338469047
rotation,12.806642409819961
rotation,36.265366460498335
rotation,12.64147657088901
rotation,37.9236605284177
rotation,1.9029355703393775
rotation,8.1831162693543
rotation,11.979864506759643
rotation,31.386400316043968
rotation,19.715904447916717
rotation,15.09912387223908
rotation,13.102673269010541
rotation,12.182890850803451
rotation,9.23218791318263
rotation,7.022394991530348
rotation,3.9733242098294514
rotation,4.988367524721299
rotation,3.7731771485407712
rotation,5.988787798374272
rotation,12.761741545684476
rotation,9.399921063044115
rotation,6.859436974810973
rotation,19.664463423112203
rotation,37.08356683409598
rotation,31.732851318802954
rotation,14.997482694403772
rotation,22.159481922793276
rotation,39.02261272909069
rotation,25.890841564263237
rotation,37.162486381481806
rotation,5.105269371158146
rotation,12.799476901567848
rotation,14.178558437329858
rotation,0.879471756922608
rotation,3.080302701950845
rotation,14.830944306604083
rotation,26.60407534756888
rotation,7.977974110638249
rotation,23.136144286353336
rotation,4.801480705073962
rotation,9.517196433533424
rotation,8.608297078580032
rotation,5.0675260288429165
rotation,9.185165837203929
rotation,13.731222010072498
rotation,11.632152205792435
rotation,11.095519255009584
rotation,10.72535881312646
rotation,5.238369295238191
rotation,2.2767356724793673
rotation,10.15869837718029
rotation,6.490253397479891
rotation,23.902620032328294
rotation,18.19228266934609
rotation,9.49556731110326
rotation,9.482293792872248
rotation,34.38784037356829
rotation,15.474012841426548
rotation,4.846416136948961
rotation,26.090136181678517
rotation,6.824605740165112
rotation,14.328651405514481
rotation,8.115203220661922
rotation,18.57322586426235
rotation,35.95536970214912
rotation,15.774074400490612
rotation,35.01123671811634
rotation,26.263489318440215
rotation,11.884708865561661
rotation,9.600071125507172
rotation,5.5486908191576685
rotation,30.17772555180569
rotation,3.888564297403954
rotation,7.518722327227694
rotation,10.993481523028263
rotation,13.03506236532053
rotation,13.146914181059316
rotation,9.31761805957454
rotation,8.847579760117558
rotation,7.305873757642392
rotation,9.739547781708533
rotation,1.3817953394980744
rotation,2.608242212659061
rotation,27.752721720709335
rotation,11.027087918249775
rotation,24.390178746188308
rotation,14.2194904067431
rotation,58.24850343413164
rotation,81.48679214416401
rotation,72.04069470197287
rotation,31.009530015774256
rotation,119.02365333060048
rotation,27.15976916412309
rotation,167.45075698095474
rotation,45.11585793741053
rotation,47.11343886834185
rotation,18.21846743749485
rotation,15.848371597633323
rotation,15.472518481760694
rotation,15.339864675401696
rotation,23.7315688064214
rotation,26.351940357233673
rotation,16.444985479343803
rotation,30.631391516365046
rotation,89.22523014163981
rotation,17.611810408109143
rotation,45.03172322463117
rotation,19.816398394192802
rotation,24.292764323395723
rotation,25.411716760969604
rotation,26.330999371778713
rotation,22.970131381053285
rotation,29.40860139144506
rotation,136.94552036726245
rotation,11.507316297299099
rotation,142.86311345029588
rotation,23.318349640679823
rotation,17.285218679111644
rotation,53.89518512688091
rotation,10.001528406361132
rotation,9.627517304641499
rotation,32.75236575256422
rotation,13.417126721110137
rotation,26.673741005477194
rotation,8.195297339630718
rotation,13.845600639205873
rotation,10.23570718338063
rotation,4.51427604212605
rotation,22.01889607345845
rotation,11.321143172810288
rotation,7.221504578512145
rotation,11.28257552721853
rotation,19.033722327336655
rotation,4.18626512657606
rotation,23.465002364118927
rotation,8.736034388984985
rotation,29.73638409749562
rotation,6.676290020805328
rotation,19.454294090231723
rotation,1.688435445328844
rotation,14.781565397008045
rotation,4.979912706248212
rotation,7.377816826221941
rotation,10.591136498886057
rotation,10.07475382210983
rotation,12.979334417376586
rotation,8.910561899134585
rotation,10.682070431370429
rotation,4.7526305005814296
rotation,11.426696512767723
rotation,17.717561258515246
rotation,8.892365888341748
rotation,4.028901144626586
rotation,17.69138537199097
rotation,14.041546879026331
rotation,5.185488581733015
rotation,21.304397037755045
rotation,15.033968527355043
rotation,13.287420368788087
rotation,5.205113802460194
rotation,21.181739735433737
rotation,14.079503018936926
rotation,10.158048120684702
rotation,5.202420679323937
rotation,27.471869140829376
rotation,8.595569483492437
rotation,5.11923123105682
rotation,6.391322851974098
rotation,26.226623591646817
rotation,11.44426174231883
rotation,14.293665863846824
rotation,18.078326178156164
rotation,35.33992338665936
rotation,16.250613558567853
rotation,19.927815992670464
rotation,13.432805047714496
rotation,24.906638427037457
rotation,36.485389000192676
rotation,17.297527534322686
rotation,10.918608621323399
rotation,8.239059911676387
rotation,5.479868711870623
rotation,14.828960348283237
rotation,39.050849887174174
rotation,34.18297515171389
rotation,29.092760556369164
rotation,5.230792657426252
rotation,15.288403180855047
rotation,37.01325190896747
rotation,32.38107403422792
rotation,19.50390951512194
rotation,26.581683767425567
rotation,20.977846222952177
rotation,25.95354969063599
rotation,50.7406577185699
rotation,39.39166462762378
rotation,35.81450819800161
rotation,14.425469264306587
rotation,13.66901995313915
rotation,1.6124128869653618
rotation,59.296433764923165
rotation,52.73860692526348
rotation,42.41019362151301
rotation,32.045575147034434
rotation,24.467279458181377
rotation,18.183651958054128
rotation,13.021540669841855
rotation,3.986635335633198
rotation,25.821816814034257
rotation,35.12670198181753
rotation,20.233072717885946
rotation,9.555188612544619
rotation,27.639181240955246
rotation,35.52749889565848
rotation,33.384619528577375
rotation,55.72327478629044
rotation,38.097186869811324
rotation,28.47844046603543
rotation,10.501504862852421
rotation,21.967918569584892
rotation,24.869129140311987
rotation,30.454679693399545
rotation,46.993563585936975
rotation,53.52735019919136
rotation,36.69908682216814
rotation,7.72507360921349
rotation,5.452053766100275
rotation,21.632814366387926
rotation,22.514858003932602
rotation,44.050129780426154
rotation,3.1348536495711383
rotation,6.578919554664727
rotation,10.598692740659214
rotation,4.106670571866936
rotation,2.5413335893852707
rotation,5.67204252262544
rotation,6.649309805100449
rotation,16.4898041533225
rotation,1.930642389323097
rotation,2.316077671069238
rotation,8.39041742995303
rotation,8.36190400478496
rotation,1.195319533966761
rotation,9.439551518475925
rotation,1.5495090751656884
rotation,1.3337255936108277
rotation,5.594323398150512
rotation,6.583787984175999
rotation,7.833270223640074
rotation,9.345243784742301
rotation,4.124462709711044
rotation,11.452910324186425
rotation,3.8877882382201148
rotation,15.837452412939415
rotation,10.128656145161392
rotation,2.607224529319841
rotation,3.168636560043203
rotation,4.1615575045010855
rotation,2.2709986899782404
rotation,15.788126357586311
rotation,5.726466696486429
rotation,3.5430193363365676
rotation,26.32469720141715
rotation,7.117379381421021
rotation,8.428665984408177
rotation,6.276121936016937
rotation,24.206195915626918
rotation,0.6878204731858734
rotation,8.429655635203845
rotation,12.57355959953441
rotation,9.549808996721847
rotation,2.9917942905649673
rotation,4.500795366837393
rotation,10.749578592747158
rotation,25.35002447836744
rotation,16.105994539074114
rotation,13.57431939184236
rotation,135.99927363454657
rotation,56.01366967972949
rotation,36.452498515933115
rotation,140.77530590048616
rotation,171.68522507013475
rotation,5.8044277948222245
rotation,6.897159183889189
rotation,13.090495901072488
rotation,9.792299776014149
rotation,9.614139707155646
rotation,4.058346712370887
rotation,2.638634416958658
rotation,1.4698218093307118
rotation,3.792448140766363
rotation,9.345207272956374
rotation,6.741102711663731
rotation,18.842578531924612
rotation,13.633246426198456
rotation,5.021039915657251
rotation,6.078718379490376
rotation,7.718134787181898
rotation,11.056582281922037
rotation,12.131040575410385
rotation,6.670712227539077
rotation,18.10399169044372
rotation,14.003095860389292
rotation,4.202069533150785
rotation,9.749490416717443
rotation,6.922102499656636
rotation,4.3740723158135
rotation,5.218940671859773
rotation,4.311715186013386
rotation,2.733746454128334
rotation,0.4992110923431566
rotation,1.9908199117496088
rotation,5.056130147246836
rotation,11.658578310236415
rotation,3.254094889871432
rotation,7.28827090000872
rotation,3.339593808254674
rotation,11.394373276662021
rotation,6.751846614190435
rotation,3.2719637640734067
rotation,4.223724971956918
rotation,2.9677005475418317
rotation,2.6489757687227407
rotation,4.002279276092997
rotation,15.846693747343432
rotation,14.480380577576597
rotation,10.439760488960575
rotation,3.6201206014603518
rotation,11.8557254042019
rotation,6.887476044167639
rotation,10.304910109299227
rotation,32.407804883404914
rotation,25.426696040508407
rotation,12.05194575763414
rotation,9.741355752780816
rotation,16.952591965361705
rotation,15.918290576826767
rotation,19.015145792755085
rotation,16.37577093268356
rotation,28.57234420801382
rotation,21.014803708110268
rotation,12.403182767346584
rotation,25.780317413314762
rotation,16.220803212624382
rotation,10.333973120233532
rotation,6.308430217953893
rotation,11.635153634718488
rotation,14.313126216455398
rotation,9.119635063604042
rotation,11.120585610888432
rotation,14.70164843956664
rotation,9.97637636621955
rotation,4.520339022432059
rotation,46.8231292191626
rotation,19.205728311272235
rotation,4.621392979987144
rotation,54.68429738937363
rotation,9.969669063299438
rotation,3.7488838918913068
rotation,4.323504792677938
rotation,8.335584146509639
rotation,1.7949987364690865
rotation,5.747270472964011
rotation,22.849604475082884
rotation,10.041706639792826
rotation,3.018043068871635
rotation,9.087802488952255
rotation,7.5568411757084455
rotation,12.967199885080705
rotation,4.576762119629971
rotation,4.763213629912406
rotation,7.989587611254037
rotation,5.665252000265741
rotation,14.09539927355248
rotation,20.238846508490184
rotation,5.574893434798058
rotation,6.788213142426209
rotation,13.99013181329539
rotation,25.820520209808546
rotation,7.550120423961344
rotation,15.014405227957935
rotation,19.279213772058327
rotation,24.798422072800783
rotation,3.2414439087741127
rotation,15.759853709167768
rotation,17.886455031890918
rotation,6.154235900065569
rotation,1.564484523437889
rotation,6.847132602930978
rotation,58.74821656212326
rotation,8.933439441815018
rotation,17.313300937367522
rotation,23.374235975355347
rotation,20.14782221007987
rotation,19.26585334165707
rotation,21.950673986514385
rotation,12.983910327427854
rotation,9.670182971698665
rotation,3.7749257377376364
rotation,33.78336320727062
rotation,2.7197674072264806
rotation,17.12048911422367
rotation,5.459937769876159
rotation,16.847726667300915
rotation,2.35214026071624
rotation,8.771713127247498
rotation,4.640648110576566
rotation,15.077945695680475
rotation,9.301644733190948
rotation,14.66711777785004
rotation,9.134809402228894
rotation,7.638590730508088
rotation,7.601679760532223
rotation,10.110574764839523
rotation,23.867274603298895
rotation,10.759211551371974
rotation,26.721244714566435
rotation,19.183171065221888
rotation,2.66544734215867
rotation,5.422491582447708
rotation,12.620667289578755
rotation,8.263968351434235
rotation,16.65857824690261
rotation,2.541387864263465
rotation,16.815446195009038
rotation,35.50543987564356
rotation,34.928460080076796
rotation,39.5718454621343
rotation,2.0964304394475177
rotation,12.72981854674581
rotation,17.415059950308116
rotation,69.39167870806222
rotation,17.263272341287507
rotation,36.640355590164596
rotation,15.454840187343674
rotation,11.83866764370199
rotation,14.997595589437225
rotation,11.127176081661984
rotation,9.113238325467002
rotation,13.262336273941841
rotation,3.0537042917546584
rotation,8.844601125148206
rotation,0.8504458732827579
rotation,5.723777940569666
rotation,12.422742820925453
rotation,8.653311612105274
rotation,15.17647890452006
rotation,3.587679264328433
rotation,8.956575258082038
rotation,13.054182806648605
rotation,4.770205472488242
rotation,23.829419280866652
rotation,17.321440689948044
rotation,4.335018357124524
rotation,11.692951954618323
rotation,14.574599083279168
rotation,5.115431934209443
rotation,5.520438449511341
rotation,9.689535284983606
rotation,5.4049688424613125
rotation,10.989297326853533
rotation,9.237957857763547
rotation,16.11961178661745
rotation,2.352510110524421
rotation,24.795691439530053
rotation,21.012512443462114
rotation,10.443054208641575
rotation,23.205327835518904
rotation,7.787853866083442
rotation,24.26998285493109
rotation,3.4364147937254663
rotation,23.63215768529362
rotation,2.777761858051351
rotation,16.071399917781584
rotation,5.633393344389273
rotation,6.263682681631765
rotation,9.5297812127531
rotation,14.409418363789321
rotation,23.4036492066268
rotation,13.22051559234729
rotation,43.59282168013326
rotation,7.09211063790077
rotation,32.14664736322696
rotation,12.485718427286047
rotation,13.422942582736871
rotation,33.21691876414596
rotation,27.449367474116535
rotation,22.05411985740193
rotation,23.502146143252908
rotation,37.659795141046416
rotation,26.118172360520326
rotation,47.83176822221835
rotation,17.919760213230504
rotation,6.918381524438098
rotation,22.174334916495766
rotation,75.04327352627226
rotation,31.130337415733177
rotation,61.46766791885126
rotation,14.674459245963615
rotation,18.240319333527736
rotation,30.31363465934068
rotation,10.353635939602238
rotation,10.369345793632107
rotation,19.786411972068677
rotation,8.767841218122912
rotation,17.96204038611013
rotation,29.424481582609246
rotation,16.563889367046663
rotation,6.437326972664379
rotation,7.2556444909277555
rotation,10.725536394063301
rotation,12.569777437637022
rotation,8.27378441831689
rotation,8.092933324363937
rotation,7.392573392947015
rotation,5.57075245281033
rotation,8.607363905100739
rotation,5.731937223753462
rotation,14.583007300522159
rotation,9.261918017470201
rotation,10.490127328856914
rotation,11.329235194229327
rotation,4.196053692221888
rotation,11.225006079240373
rotation,16.10609032275893
rotation,9.861943274051335
rotation,20.176609808725157
rotation,9.721338207649346
rotation,8.576402952140025
rotation,10.23002308995791
rotation,10.709195680425587
rotation,4.12012639742983
rotation,16.58109823194713
rotation,12.188718886567422
rotation,0.6083856141861139
rotation,15.331427075366348
rotation,7.700438835450688
rotation,8.408931380111003
rotation,10.28424548099317
rotation,9.431149824897803
rotation,4.449795361089045
rotation,5.329109400712424
rotation,8.05960695043732
rotation,2.965983147031791
rotation,5.314379351804893
rotation,1.2462214768797375
rotation,4.001901921125286
rotation,6.815622520640584
rotation,5.951991478318089
rotation,6.547723347103178
rotation,6.41606925380629
rotation,10.969652227825556
rotation,14.12678378855196
rotation,6.978980374227431
rotation,6.571113209986005
rotation,20.20000783449538
rotation,3.6762413834874743
rotation,15.150320363294547
rotation,37.5054573380942
rotation,18.10243099774824
rotation,13.373761685871422
rotation,6.2511133677254795
rotation,7.370085083427249
rotation,28.178265631866402
rotation,1.2378971559865821
rotation,4.816817234913539
rotation,11.389516412611332
rotation,7.417597152284467
rotation,6.0556931783440175
rotation,4.047819151945634
rotation,2.331994294310235
rotation,12.41412206717805
rotation,6.162004659448683
rotation,5.254218574434191
rotation,1.5034583618424378
rotation,5.058437340296888
rotation,0.7378242724671324
rotation,5.8538515280790175
rotation,12.055456893442363
rotation,9.140597795695685
rotation,4.804485078344972
rotation,7.41438720810926
rotation,1.6523296423137583
rotation,11.029653884845525
rotation,2.561889950790148
rotation,13.586239915213708
rotation,6.380471948021073
rotation,13.59854848424685
rotation,4.343830176957593
rotation,7.255309749184598
rotation,6.818429123373144
rotation,8.76557640687044
rotation,6.71879924558074
rotation,8.298080899078705
rotation,5.2041538285619735
rotation,4.51420365954281
rotation,6.61691505922548
rotation,2.498897762266507
rotation,5.822385731537277
rotation,8.067784190439772
rotation,5.907885884644135
rotation,4.249043019242715
rotation,4.144727819094603
rotation,9.439373327153758
rotation,4.428481372364034
rotation,8.157458228313535
rotation,4.348775259556809
rotation,2.7234215501273695
rotation,13.168943136103115
rotation,7.571826169403559
rotation,7.744992849267835
rotation,21.80067402443476
rotation,9.500636171994362
rotation,5.634543866242089
rotation,18.903684638451022
rotation,4.758344481555528
rotation,2.303415368080941
rotation,8.309949592726964
rotation,6.378344940564039
rotation,6.275042959425901
rotation,9.089016890215262
rotation,8.125232028680895
rotation,13.548777273403832
rotation,8.168071956813428
rotation,13.403336718402661
rotation,22.65095784303487
rotation,16.86579391164482
rotation,6.317829401168145
rotation,4.89391663912564
rotation,5.662548970000536
rotation,8.67613275863657
rotation,13.789737899169891
rotation,10.176391278693714
rotation,10.427196826205467
rotation,30.182005604899707
rotation,22.146110411363956
rotation,15.858633324045288
rotation,3.374604494307896
rotation,28.735274456060896
rotation,26.670978962058133
rotation,9.6692029613382
rotation,15.6748640736974
rotation,26.564751727714775
rotation,2.955031153170903
rotation,9.409391966930132
rotation,5.480291760296693
rotation,4.664390107072758
rotation,9.923686296229203
rotation,4.000052936964621
rotation,19.055645134359178
rotation,9.718113003673603
rotation,18.558277404221165
rotation,9.585550942120888
rotation,11.871680329898197
rotation,23.536449583652992
rotation,11.711000638309686
rotation,11.711267334777727
rotation,10.482318680378167
rotation,23.569706708192616
rotation,4.754630360791956
rotation,22.3817149514715
rotation,17.743987986227204
rotation,13.798579348993112
rotation,22.11687364803685
rotation,10.627462931843889
rotation,33.95469637539037
rotation,28.925007451870012
rotation,30.834364057510097
rotation,176.3080315209186
rotation,34.860089928592586
rotation,165.48249110997443
rotation,17.043978665009764
rotation,139.94518098614432
rotation,21.500174382944074
rotation,23.071525320702733
rotation,60.92487065257266
rotation,24.81431921420363
rotation,10.948024142206545
rotation,6.308799308158726
rotation,11.631968033618564
rotation,29.456911682005448
rotation,27.538779750641524
rotation,8.580925832404956
rotation,8.66520629352301
rotation,10.444221156778903
rotation,16.15425552443627
rotation,22.012334169639733
rotation,21.488878754897694
rotation,17.248089214944528
rotation,7.954085165075577
rotation,40.685546229490114
rotation,12.232026082151629
rotation,32.060368125116604
rotation,25.308460251455696
rotation,12.960395027515233
rotation,38.370242043324204
rotation,4.692995394649527
rotation,11.30283191833868
rotation,18.70831956158963
rotation,47.442206651269224
rotation,13.941256548519624
rotation,20.788396784339053
rotation,10.24748246483095
rotation,24.958337217233996
rotation,8.372114201946646
rotation,5.544280925650904
rotation,21.123053898471657
rotation,33.14766401502869
rotation,2.535645134337531
rotation,6.844109626475659
rotation,18.176856037594646
rotation,14.605290753093941
rotation,9.891441163520287
rotation,2.1081656993713325
rotation,14.728911113918112
rotation,11.010314428898543
rotation,8.18934657877467
rotation,11.244719719679825
rotation,3.6901417436581174
rotation,20.420380861571058
rotation,2.7644838748994314
rotation,24.210618325388364
rotation,5.825465119303101
rotation,38.56005215495617
rotation,8.80311026908792
rotation,50.44298258178237
rotation,26.9689207629274
rotation,25.641937301417915
rotation,6.279706841825859
rotation,6.270368162101328
rotation,10.390047091617705
rotation,15.12146216539586
rotation,10.982146999014828
rotation,4.029836895653048
rotation,20.893717462733324
rotation,60.10727792214847
rotation,21.855298820684066
rotation,21.905480134193407
rotation,7.934611247957914
rotation,6.94662857362802
rotation,10.592270665833636
rotation,2.5014464861555967
rotation,8.420488614580371
rotation,3.5995569216487238
rotation,10.34645520827353
rotation,4.618109358851021
rotation,2.264516256936431
rotation,6.652866872004772
rotation,41.177935336052016
rotation,10.179723576514414
rotation,18.862507586198404
rotation,16.089376634563862
rotation,3.9491437032943257
rotation,3.698293765766488
rotation,5.020042134910112
rotation,11.07499280816375
rotation,3.310860321556078
rotation,11.589473460834911
rotation,0.6612418301696055
rotation,7.839047585480683
rotation,7.532295155363518
rotation,14.143736604724166
rotation,108.96731552193309
rotation,11.112454948273115
rotation,5.448891510608786
rotation,27.666858837608626
rotation,11.47397839770931
rotation,7.496971938656336
rotation,12.343862193877541
rotation,10.966961056414721
rotation,9.964279349608054
rotation,4.408413465808819
rotation,4.908882636624247
rotation,2.7739341154821244
rotation,36.55734206363343
rotation,0.8391258610514444
rotation,4.837858823854811
rotation,5.289806245658728
rotation,17.449017818456593
rotation,1.0982455942503324
rotation,3.799097750084253
rotation,5.330056767740358
rotation,4.496827063789066
rotation,2.624969550126765
rotation,0.1944210531344615
rotation,5.828565693777282
rotation,3.3768264578102065
rotation,1.2717469891981483
rotation,7.122678899492499
rotation,5.164131049561274
rotation,7.379054056769664
rotation,4.0880930841154575
rotation,14.04791001796901
rotation,2.2341597211523303
rotation,12.928568250799378
rotation,7.0847228591568525
rotation,42.02480943192447
rotation,7.441138023865618
rotation,24.18335923119269
rotation,115.28024539764618
rotation,94.88313060096263
rotation,2.7996935758159966
rotation,8.170868166564434
rotation,17.001475600500946
rotation,18.37745721732422
rotation,14.105806698595806
rotation,18.083426279107226
rotation,25.044460357657865
rotation,24.699010856357706
rotation,60.19899360620839
rotation,30.396127398797915
rotation,39.74885321960778
rotation,5.408326091214513
rotation,7.941221056357014
rotation,143.10888253045732
rotation,21.1536981523187
rotation,161.65161702764988
rotation,15.95908120990162
rotation,149.12334362766302
rotation,12.013317657505588
rotation,135.94894463298235
rotation,3.8981294120757
rotation,82.8762740704847
rotation,23.4111791611503
rotation,42.82062228824992
rotation,39.82298454785028
rotation,13.664647618863636
rotation,24.824266331569195
rotation,10.878006024258442
rotation,45.94311720094111
rotation,14.120567587740148
rotation,18.563289029408512
rotation,19.002431083100497
rotation,13.845158409605853
rotation,11.04290591682659
rotation,15.4667821793758
rotation,24.27777108991712
rotation,8.682823314672827
rotation,22.660795016366343
rotation,9.651135199300011
rotation,12.571237455881906
rotation,12.85046041848193
rotation,15.886347126150394
rotation,28.038017908252677
rotation,5.595116179373677
rotation,6.734969349522214
rotation,14.87071065322018
rotation,10.390984310896126
rotation,4.1875466056606685
rotation,4.878642362964343
rotation,8.160957355466374
rotation,37.39027309895906
rotation,11.503713495638348
rotation,26.271434949947057
rotation,43.472878365099625
rotation,155.19630428178075
rotation,141.0659809314658
rotation,134.5563986751684
rotation,43.799352747235595
rotation,18.549468725562193
rotation,8.526556775095443
rotation,31.02056387069819
rotation,11.20275506576732
rotation,5.142263650343587
rotation,4.6923533137708215
rotation,3.196654577468734
rotation,2.28127439596416
rotation,3.7140945295253385
rotation,1.6961549203241808
rotation,3.551794492604249
rotation,5.563346010861073
rotation,2.843420039788138
rotation,3.0121729840914675
rotation,8.672221860510918
rotation,4.65678215088272
rotation,2.403452660780156
rotation,2.565630289491712
rotation,7.706100645817534
rotation,0.6492764605043603
rotation,6.742180633804371
rotation,3.320973101721086
rotation,11.976871127180134
rotation,8.457256853996673
rotation,8.049828407901666
rotation,6.339875222146347
rotation,31.00588646864648
rotation,24.58828255674344
rotation,9.80566849144616
rotation,13.187417408514282
rotation,5.811649362757252
rotation,6.463780123600273
rotation,1.5360332961049217
rotation,10.288227380961061
rotation,17.936724851099868
rotation,11.496616119107028
rotation,8.425670874232221
rotation,6.488087815044188
rotation,3.9962179108146327
rotation,11.055274645523355
rotation,11.44195067963507
rotation,9.562888380235453
rotation,5.508682189534664
rotation,3.4571900374258666
rotation,3.2246722885415804
rotation,3.3950855294064253
rotation,4.257960206876302
rotation,1.2600965037766008
rotation,9.866101652521769
rotation,3.730454394775915
rotation,8.933244907284216
rotation,3.539659231445624
rotation,6.0376779788222965
rotation,3.7138584384375517
rotation,4.535256315203525
rotation,7.383558608962763
rotation,2.3317302504113595
rotation,9.748683220597824
rotation,2.052991265692289
rotation,9.834138837167021
rotation,1.1472120268784844
rotation,8.095035131302662
rotation,11.91909482775706
rotation,1.7212812971065021
rotation,8.246270394535395
rotation,13.156535388868948
rotation,3.4985376493852156
rotation,8.674729273820702
rotation,10.415108548623616
rotation,2.150243162493497
rotation,5.49614576983006
rotation,14.264031933380938
rotation,7.520476119127392
rotation,4.1010038465233105
rotation,1.7444348972565038
rotation,21.64190135787918
rotation,6.977310895109924
rotation,7.8448252570402905
rotation,12.569325234285461
rotation,8.04245778863022
rotation,3.8593635830361697
rotation,9.641650631156535
rotation,12.57118707373076
rotation,4.170091323231321
rotation,0.18682816391763574
rotation,7.396616263234446
rotation,2.2125858789036066
rotation,4.461047251319711
rotation,4.716139441413767
rotation,9.416673351572225
rotation,10.57377225259169
rotation,3.507804714381413
rotation,3.412347710638286
rotation,15.486575272234328
rotation,8.588923900608036
rotation,0.6840452047076147
rotation,2.6166358108621495
rotation,19.01434513297347
rotation,4.670330321835981
rotation,6.329321900667793
rotation,5.8219743585265205
rotation,51.576796670990625
rotation,14.498919321563625
rotation,11.62150937763323
rotation,5.179077292600354
rotation,151.53647228245745
rotation,19.83569759069058
rotation,35.51952890599469
rotation,175.09726787227137
rotation,132.43990393750718
rotation,15.25272161039538
rotation,14.013595425290797
rotation,22.405871201967614
rotation,31.324049827702414
rotation,158.6135107114406
rotation,175.71226711529172
rotation,168.03713507811824
rotation,123.34469471147415
rotation,167.89922486575645
rotation,133.60648607999664
rotation,168.39362894530043
rotation,141.37168110472496
rotation,171.16817646197126
rotation,167.45596610413844
rotation,60.43874115116207
rotation,155.32244887412847
rotation,32.74696699922285
rotation,143.5926793053046
rotation,6.874507736495138
rotation,95.94504116911297
rotation,22.343858029868915
rotation,19.186530795766604
rotation,4.797082491426257
rotation,14.817055759493972
rotation,21.04540074465712
rotation,15.061264321472335
rotation,6.243455110434306
rotation,4.3468409460920725
rotation,3.383313655055512
rotation,1.7358366694363974
rotation,160.61641905310356
rotation,167.42023428676038
rotation,170.4080090781463
rotation,54.67782395350969
rotation,20.863522203343447
rotation,173.00605768189433
rotation,10.60442174067298
rotation,9.190646925780662
rotation,5.26688379371771
rotation,11.93940502781401
rotation,3.496216635507255
rotation,37.47584964690314
rotation,9.323362242231104
rotation,10.734263448078005
rotation,38.25119454301189
rotation,18.213422542475243
rotation,13.892659730988772
rotation,43.65183338589053
rotation,14.049191873556197
rotation,6.081620847209838
rotation,30.246396975880472
rotation,9.051327065148818
rotation,168.77718660211724
rotation,154.33709297572292
rotation,153.5402396858239
rotation,172.1484453915599
rotation,163.15581408764248
rotation,152.58298980340368
rotation,161.52124590091864
rotation,99.65163545082004
rotation,114.99209663779385
rotation,60.418918513422064
rotation,65.64285288783819
rotation,31.0857314001361
rotation,22.24696252414471
rotation,14.38112185137354
rotation,5.624627800256107
rotation,3.43136587108603
rotation,2.922931242068843
rotation,12.571709584821274
rotation,13.81589985808659
rotation,19.36985828432298
rotation,24.851206391258568
rotation,20.554430477466052
rotation,27.57683184929426
rotation,27.046806364864498
rotation,26.10484100880429
rotation,2.40461086916635
rotation,10.026810691874035
rotation,12.879829161004634
rotation,15.087213495263224
rotation,16.966331606479503
rotation,18.93890329894586
rotation,8.284372268021466
rotation,12.3121271394388
rotation,23.070683922937494
rotation,19.36759543814293
rotation,21.947092980513286
rotation,7.630971241654933
rotation,7.5801353287510205
rotation,18.837534897079834
rotation,15.10992760320455
rotation,13.015704411475284
rotation,5.900804563128101
rotation,7.448242986158605
rotation,15.93622699253197
rotation,14.925277375407356
rotation,10.302065226475507
rotation,8.99775397713068
rotation,7.27028121240561
rotation,1.7847363119547093
rotation,7.297702998616933
rotation,3.377795645110469
rotation,11.49780720786726
rotation,6.453658994128199
rotation,9.326023506768765
rotation,0.2984872046948379
rotation,4.351592641830993
rotation,11.730548184165047
rotation,16.233621179717517
rotation,20.04951997640167
rotation,15.184038484215701
rotation,14.96542019088759
rotation,5.436590810116579
rotation,5.91751691218
rotation,5.930366308498396
rotation,8.711558252655216
rotation,16.45929309969223
rotation,59.59699663050196
rotation,113.30546825891489
rotation,152.42986184723742
rotation,174.60576306629238
rotation,164.86065744783087
rotation,39.33294262349702
rotation,42.00696041123785
rotation,37.09839864388192
rotation,20.035225518874004
rotation,6.840267005351263
rotation,35.41907972532944
rotation,12.852188979522683
rotation,31.678244654608953
rotation,14.018827305367454
rotation,33.81892308160866
rotation,16.044891917460294
rotation,32.277819278528305
rotation,9.796746359025502
rotation,4.487083562850983
rotation,25.650454423688014
rotation,11.421666214201196
rotation,9.678450979811727
rotation,5.361157130677363
rotation,6.845112590792327
rotation,7.7788110342157175
rotation,6.002771751095808
rotation,2.0549553495886315
rotation,5.596771041356559
rotation,7.885156173740096
rotation,8.541700252508758
rotation,12.202618466350549
rotation,12.342480607726692
rotation,38.078932074694066
rotation,14.079031720146094
rotation,10.086187477685032
rotation,78.56651112805685
rotation,7.427305594519708
rotation,83.43954796791287
rotation,16.40198962779498
rotation,11.971247637861111
rotation,9.13863189647557
rotation,31.67442334639618
rotation,6.683788745981009
rotation,33.705816801822216
rotation,9.332044869563134
rotation,4.431231124852787
rotation,45.973941830779445
rotation,5.4753096804596195
rotation,32.07084836684241
rotation,10.538710829983946
rotation,12.73224367722932
rotation,3.839942384532497
rotation,4.385255277783154
rotation,7.908643668848265
rotation,1.9094439689612759
rotation,28.487799400906827
rotation,7.303477240514242
rotation,3.3377027823245946
rotation,43.485172734146516
rotation,7.098692114340145
rotation,8.1788675695956
rotation,27.662814671824385
rotation,38.7043828856254
rotation,8.39986987151247
rotation,5.771903921868657
rotation,15.410898123268398
rotation,31.530715196516773
rotation,9.220737462502637
rotation,6.344128316527967
rotation,12.836330187240371
rotation,13.360879036762013
rotation,9.383068400195949
rotation,5.780860083848803
rotation,23.568502732403434
rotation,2.960491827143861
rotation,9.130255339668482
rotation,3.998670228667283
rotation,66.50702489568266
rotation,12.176814721508237
rotation,4.048271429423574
rotation,4.108260541751342
rotation,11.779189977932928
rotation,172.72262638571513
rotation,176.32731498288706
rotation,177.8002371844221
rotation,160.1429959840393
rotation,174.66182479146943
rotation,130.02680581457025
rotation,170.16526601199348
rotation,76.29048584190862
rotation,171.33607185431117
rotation,62.848887863977865
rotation,153.42643360523653
rotation,51.20361254576918
rotation,35.37493098694392
rotation,29.73691649925196
rotation,14.754275268431023
rotation,24.58280349421242
rotation,15.444095094854804
rotation,19.120400125665718
rotation,12.678298894366804
rotation,3.3463360919577214
rotation,18.30624867750189
rotation,6.582689522330526
rotation,13.490638473614164
rotation,8.715047915822842
rotation,10.123730625650833
rotation,4.131432093027832
rotation,11.947800713294932
rotation,5.346838196163466
rotation,13.785657604577821
rotation,10.109856953603964
rotation,11.747123217010465
rotation,10.012459736113014
rotation,5.9046560179416385
rotation,8.21401366094279
rotation,3.658203906508216
rotation,4.383095793540007
rotation,8.267235221191234
rotation,5.592111914752646
rotation,9.89108259159384
rotation,8.052612283454044
rotation,9.915009645286771
rotation,12.34752549771153
rotation,25.092676401417865
rotation,111.78918894230775
rotation,46.173709609247155
rotation,130.399203035479
rotation,45.85937246670793
rotation,154.04641934835942
rotation,35.5138182537333
rotation,159.90475510640726
rotation,17.658033291075164
rotation,161.5962637713434
rotation,28.37772913567871
rotation,168.6937655516245
rotation,44.86561963904652
rotation,159.3239071706407
rotation,42.12373835061625
rotation,157.10222462390624
rotation,39.458420123157396
rotation,18.077386505222176
rotation,6.317645374303995
rotation,40.7876397941457
rotation,11.086310399116678
rotation,8.83409262353081
rotation,6.261742757391802
rotation,10.44238318508592
rotation,8.69385571109643
rotation,17.99575040152046
rotation,13.431010048195896
rotation,21.703846529897216
rotation,17.880845846630145
rotation,12.948523646168818
rotation,12.172350832329897
rotation,5.088142610504135
rotation,1.9789891977504372
rotation,2.4107619564344214
rotation,4.234891968918863
rotation,3.057560938252171
rotation,7.362720768287201
rotation,3.3272570753907047
rotation,2.9629997424502355
rotation,7.917527029015549
rotation,3.402298817099206
rotation,10.72711507349803
rotation,5.957011437740304
rotation,14.255025817055254
rotation,8.243035679757192
rotation,8.645221678195462
rotation,5.480530646335759
rotation,2.3604026434465153
rotation,7.401300512797755
rotation,4.064863386765248
rotation,5.885802774262304
rotation,4.2716625006988655
rotation,6.178957816526051
rotation,4.203463022016308
rotation,5.327626594171881
rotation,2.450106151389516
rotation,2.1072276174371742
rotation,10.657251696713699
rotation,9.210571047153378
rotation,10.7923287212428
rotation,8.51159734843608
rotation,7.030694857324591
rotation,6.172125934335791
rotation,4.703489489909224
rotation,0.5693583041814639
rotation,8.134437085680572
rotation,4.624290530660927
rotation,6.1319528928759
rotation,8.424218070877766
rotation,0.9342855336052014
rotation,5.05718203141443
rotation,4.191651100967127
rotation,2.551699401054382
rotation,4.535531588792762
rotation,4.44507710805762
rotation,7.3453811826706
rotation,5.685317127142691
rotation,8.236580169116563
rotation,5.937466510544256
rotation,5.018560444813332
rotation,5.985591438098556
rotation,1.725661293640993
rotation,4.078185678231658
rotation,4.253750932735182
rotation,4.792097790813598
rotation,5.043020796891367
rotation,11.916755566963964
rotation,1.79544385304127
rotation,2.962404317351695
rotation,5.809672316296005
rotation,25.465816783722072
rotation,4.301464089418147
rotation,0.9912160840166973
rotation,9.9743158710731
rotation,25.902405226374444
rotation,10.561722572616196
rotation,6.454814898072799
rotation,13.596156882222244
rotation,16.451101286640483
rotation,25.86358677877276
rotation,169.9021645706126
rotation,171.216648037879
rotation,173.97928634006658
rotation,164.3380455329362
rotation,179.0701869983127
rotation,173.5105273252842
rotation,158.51979385259273
rotation,175.79676228400743
rotation,172.49686452741065
rotation,172.47977875596325
rotation,168.79383551760634
rotation,169.68009037064186
rotation,166.69742601797637
rotation,164.39771799869422
rotation,165.14929982481993
rotation,145.20722656174766
rotation,40.606822980261306
rotation,135.2956300391058
rotation,17.63569430039453
rotation,19.68749337145313
rotation,6.48135050702187
rotation,5.012352037117933
rotation,9.005792934906559
rotation,5.841077926480414
rotation,4.849728301047106
rotation,1.2028637712083747
rotation,2.327938181897267
rotation,6.283295929616671
rotation,6.43299313764025
rotation,0.2312018601532661
rotation,1.270147335074168
rotation,4.699209778177671
rotation,15.945439704235753
rotation,3.5439329844466
rotation,177.5592600156114
rotation,178.32489934040592
rotation,171.62179321548172
rotation,165.80810602515544
rotation,160.81697428670748
rotation,171.97074307263992
rotation,156.32039759646182
rotation,121.0810741205649
rotation,171.2399181636296
rotation,165.73346093421026
rotation,167.00744208310527
rotation,163.95591376744005
rotation,151.55405802881543
rotation,3.3218717719493442
rotation,1.9780443623186275
rotation,0.6151200030388154
rotation,12.404485228001061
rotation,21.00022795615575
rotation,27.84792538639456
rotation,14.525164903878979
rotation,7.049204469953186
rotation,4.306684067642156
rotation,8.619860631618067
rotation,15.349281398030007
rotation,5.229889305043639
rotation,2.1310908255365186
rotation,5.925364023033461
rotation,22.765298934882743
rotation,13.260295533989249
rotation,14.92986564881522
rotation,18.373097823250554
rotation,16.406147609031336
rotation,23.03927669428208
rotation,18.9391862098583
rotation,11.918123506784557
rotation,29.12404444253998
rotation,12.105332660331358
rotation,170.70792449113526
rotation,174.49735744552666
rotation,166.22880788312568
rotation,170.55814350504963
rotation,170.826726560203
rotation,175.00866803481384
rotation,172.06888528619046
rotation,172.06319223626207
rotation,174.23556509295594
rotation,175.7193025693661
rotation,153.8604988306615
rotation,175.53364867201634
rotation,172.6526044963588
rotation,172.22092918817233
rotation,150.33777464126715
rotation,174.25991778545384
rotation,152.87879880430026
rotation,166.49630145436458
rotation,162.78271567062433
rotation,167.34574144902018
rotation,135.16575376448583
rotation,161.9805519194303
rotation,171.27444740942363
rotation,171.5132526975544
rotation,126.02104488021384
rotation,170.14373843229322
rotation,169.7318518299517
rotation,175.44123777560188
rotation,40.04728874895279
rotation,33.14081500024864
rotation,33.543518710101175
rotation,40.92674809994495
rotation,105.76914088791298
rotation,158.01793032655453
rotation,142.81273233660838
rotation,147.59504384084488
rotation,157.57802138752186
rotation,107.61410298672557
rotation,141.43434825188064
rotation,109.5270201710337
rotation,127.16875819253424
rotation,132.0215195541941
rotation,93.1973280307093
rotation,93.42676322569396
rotation,154.43310219735596
rotation,171.6969669623983
rotation,167.44207905691343
rotation,158.7612864176821
rotation,152.93872002892
rotation,21.228650360614512
rotation,150.3921559476073
rotation,35.67916348851776
rotation,148.8279850997656
rotation,8.782093449066707
rotation,137.33515308117717
rotation,30.28429673932537
rotation,37.18899352832987
rotation,21.863838615118382
rotation,12.701152041908852
rotation,10.149458347281328
rotation,12.779580473110313
rotation,4.351964909533516
rotation,66.56508376423282
rotation,20.31901969950024
rotation,40.00422756410146
rotation,43.67673370577399
rotation,34.37846636128423
rotation,21.81906944379749
rotation,20.77384724359033
rotation,12.294411191984308
rotation,17.328195259764655
rotation,4.997091333549697
rotation,38.99344244556925
rotation,124.87537208584334
rotation,53.83681201287321
rotation,9.031087763193444
rotation,16.024106699784102
rotation,14.387678115527612
rotation,18.804994347701903
rotation,30.29887415374762
rotation,28.962014342005673
rotation,22.780583899844963
rotation,12.867173086208114
rotation,4.759719470006322
rotation,3.631129570621608
rotation,11.575861628968488
rotation,15.572766750189619
rotation,3.9471479639358167
rotation,20.125093805896462
rotation,16.407331601804035
rotation,3.007710297853468
rotation,47.18106788691546
rotation,51.51552328820652
rotation,57.6939436604325
rotation,49.14638451233767
rotation,40.14726748607502
rotation,31.54364526388789
rotation,17.027479183519976
rotation,23.185318348322856
rotation,8.018288597783492
rotation,3.8997621790135932
rotation,1.5178484471050573
rotation,2.2987872842584114
rotation,11.432237852817524
rotation,11.861215970044086
rotation,18.589753285747943
rotation,29.236760388972584
rotation,31.94788798795875
rotation,44.81291442991104
rotation,21.774204038502077
rotation,53.2064338748612
rotation,10.841537356297486
rotation,36.58771560966099
rotation,16.857449195482687
rotation,8.639308177250653
rotation,18.792362772137125
rotation,10.627719111693693
rotation,28.722083844710994
rotation,37.80940940797224
rotation,23.082140776539138
rotation,8.956935825513012
rotation,25.13979395556949
rotation,25.058627895683056
rotation,5.358489774386132
rotation,25.531323036201886
rotation,11.980857915432667
rotation,21.782352068653296
rotation,13.603466673783654
rotation,9.39828753077824
rotation,12.069187160179403
rotation,4.758890182690843
rotation,11.224365066826156
rotation,17.655269356368816
rotation,13.198217318392624
rotation,10.691690265600338
rotation,12.963932902485691
rotation,7.534827665250364
rotation,16.861079868108483
rotation,3.5699760409680232
rotation,49.095456017461515
rotation,5.914287034604474
rotation,83.40327616307745
rotation,12.1395782705759
rotation,76.15560887356122
rotation,19.8973090403192
rotation,13.175074876155719
rotation,7.64227792607757
rotation,9.893754229756277
rotation,26.356065830430534
rotation,9.967350990095579
rotation,30.774469597352788
rotation,25.255770609300548
rotation,20.440074225686732
rotation,43.856959284526816
rotation,9.573329331177696
rotation,29.801492815557037
rotation,24.34028654883257
rotation,65.15952925576714
rotation,8.246930717245986
rotation,50.62212938274758
rotation,3.997798190776393
rotation,25.837277395296212
rotation,9.426661431393885
rotation,23.054965246166372
rotation,22.08750096803308
rotation,42.577348134183175
rotation,15.448008355058475
rotation,43.60373616184091
rotation,29.52923531308003
rotation,33.05198843717453
rotation,35.927342003819774
rotation,15.895168672123864
rotation,13.89144688569942
rotation,52.02352697730301
rotation,33.10757098687651
rotation,28.13037391818757
rotation,29.31323995986847
rotation,162.36427409433463
rotation,137.014151337537
rotation,140.56970081389005
rotation,126.23397643968444
rotation,86.28882761564968
rotation,97.63788781712961
rotation,27.10256216545824
rotation,17.691963899305392
rotation,59.034908108808466
rotation,5.613778966066628
rotation,13.611242083306147
rotation,9.535733877143045
rotation,7.587720058757699
rotation,10.505327946703854
rotation,25.22232474083669
rotation,11.371143090730966
rotation,29.29711871677673
rotation,11.452663265578348
rotation,27.36265912260912
rotation,28.214999568184304
rotation,19.952055762700137
rotation,43.662938961264004
rotation,20.073690663154743
rotation,42.72472379790105
rotation,10.610612171840563
rotation,24.454629468267512
rotation,6.226559612838381
rotation,9.05549625958975
rotation,24.10918883151844
rotation,5.31198028245134
rotation,19.625418801831923
rotation,4.145432283028516
rotation,11.94185154246276
rotation,27.51332751725887
rotation,6.609826302975191
rotation,6.227764268121081
rotation,19.477040058746756
rotation,8.012936202857727
rotation,4.747581370960037
rotation,6.344547438876733
rotation,5.393042872003806
rotation,44.67918856565457
rotation,10.955629843851078
rotation,25.134105394252593
rotation,16.026820404404035
rotation,42.44441158502788
rotation,14.560180591751362
rotation,29.940551178761975
rotation,23.702529419381403
rotation,28.404970574845397
rotation,2.3829910076131253
rotation,13.113628389354067
rotation,11.552315106923524
rotation,6.505740392581701
rotation,10.42335136302074
rotation,12.348147989362381
rotation,4.725032767561085
rotation,26.160906067948833
rotation,20.577157890282415
rotation,50.74760960063526
rotation,12.719481434435718
rotation,31.072663864830968
rotation,30.759004103333734
rotation,28.171597395612494
rotation,42.99653154573928
rotation,66.3827754439106
rotation,51.37631393619823
rotation,133.07997810819413
rotation,43.922139899516566
rotation,128.87928317369386
rotation,41.46910959631507
rotation,7.551037537399496
rotation,10.89825717960942
rotation,16.095882375307788
rotation,15.805466425671048
rotation,17.44833113243244
rotation,17.1867536218313
rotation,25.013358163765815
rotation,15.855363766351795
rotation,14.03135453211456
rotation,14.052169229855641
rotation,4.532604747575012
rotation,16.466355360622764
rotation,10.849598754883578
rotation,6.18105965781262
rotation,11.263683703955389
rotation,13.264826089526325
rotation,13.115208644343506
rotation,11.591366158288901
rotation,9.129792161836553
rotation,10.394921349887552
rotation,7.446763549322553
rotation,8.388070947640198
rotation,16.877106194015504
rotation,7.98833008898884
rotation,13.176627283500004
rotation,12.544119147114417
rotation,11.006805987165349
rotation,19.4791036055149
rotation,13.397073770910957
rotation,9.093038192187562
rotation,9.626466546073104
rotation,11.519869077954686
rotation,8.8364322830085
rotation,165.73117938360218
rotation,163.811642077328
rotation,164.74619712744027
rotation,39.321464086691165
rotation,66.12132351273291
rotation,102.15301088955701
rotation,133.86732533543463
rotation,121.8334112078419
rotation,140.52740403792916
rotation,136.19478967514428
rotation,157.28054916002242
rotation,170.83399811122268
rotation,165.259791957584
rotation,162.92606916905146
rotation,43.64373174328948
rotation,11.429145558699336
rotation,12.695550805425688
rotation,7.38791618858881
rotation,5.5052268601215895
rotation,7.700494045276624
rotation,3.585895462382922
rotation,6.290206852728555
rotation,6.764224844125335
rotation,17.94545192453844
rotation,8.414087391644808
rotation,10.696814989511392
rotation,1.3312393523291097
rotation,4.291877084527127
rotation,1.1253296724679132
rotation,1.9935768161504432
rotation,2.1783660569643826
rotation,4.45307008185492
rotation,7.176943471136623
rotation,3.9228829666274145
rotation,4.237660131830548
rotation,50.46664910118291
rotation,3.30743394557587
rotation,23.528998476976987
rotation,14.846217896382159
rotation,5.84440741743442
rotation,15.226081248163705
rotation,2.4827481103422127
rotation,7.018679832936268
rotation,13.30584603145068
rotation,7.576134055454423
rotation,2.384840655271384
rotation,5.308684219376682
rotation,26.79451456194895
rotation,4.456612864700873
rotation,3.3247839780337256
rotation,4.228925001702634
rotation,9.569204179514086
rotation,1.2067076834227597
rotation,6.59023080837416
rotation,5.1942593454532835
rotation,6.872123922660104
rotation,4.975549537826259
rotation,11.2949275694545
rotation,6.965326719931477
rotation,8.504140919532784
rotation,4.937001845528766
rotation,9.189015424252062
rotation,5.617998774713946
rotation,20.16743469757554
rotation,5.9368489115404595
rotation,10.688786346047467
rotation,8.525851220513248
rotation,20.413637069746887
rotation,3.4435658214584515
rotation,21.64528639200565
rotation,15.771460736127036
rotation,11.59620441287733
rotation,11.635327544166143
rotation,9.267031644653175
rotation,43.4961760039955
rotation,11.079384179270342
rotation,6.508837557839411
rotation,5.778186428515739
rotation,7.782073253296269
rotation,22.273127632486805
rotation,15.319916039895972
rotation,21.319159837310135
rotation,22.806478815650244
rotation,24.92806803394601
rotation,18.244349157913007
rotation,13.521124740083154
rotation,25.616235214629945
rotation,4.736456976065345
rotation,17.30780771665012
rotation,6.7528644228917285
rotation,17.10615545634793
rotation,9.624870884003261
rotation,16.126171040145675
rotation,7.365689595985346
rotation,2.6122214641509083
rotation,7.833192263265036
rotation,9.644754758196106
rotation,9.734197128579146
rotation,15.496576708573714
rotation,9.625618879697978
rotation,18.408235489843705
rotation,8.994554282680667
rotation,13.712856635019428
rotation,20.99718715446854
rotation,9.129303802890655
rotation,11.31357583734251
rotation,16.465407897570017
rotation,36.4835707771956
rotation,9.293463267937808
rotation,49.69858699571857
rotation,9.57220277819589
rotation,79.87278805707807
rotation,14.789129645062502
rotation,11.311032823170667
rotation,17.486812120592685
rotation,33.533181796818944
rotation,35.86201826185436
rotation,30.817078960413017
rotation,52.425597498980686
rotation,61.9585139463236
rotation,125.48830977526215
rotation,57.03801427423286
rotation,123.96735142390719
rotation,34.73210526341201
rotation,18.108199967086197
rotation,32.7583884171938
rotation,24.462811004545614
rotation,29.36707724152199
rotation,16.30158839381978
rotation,40.02129012854251
rotation,66.24442213771266
rotation,18.037595414585358
rotation,47.03093891801606
rotation,15.68481824396705
rotation,15.133035618369163
rotation,14.806886453782042
rotation,17.795603764130515
rotation,7.664647807404988
rotation,7.522339125971511
rotation,3.4677913118631163
rotation,11.210192877781106
rotation,11.652493394989774
rotation,6.580990672820155
rotation,15.446020741679803
rotation,6.736093300914815
rotation,10.429638381761514
rotation,10.500499728713448
rotation,9.356668366182468
rotation,14.453587525091026
rotation,14.03073198992062
rotation,17.41394172208997
rotation,19.215134170369847
rotation,3.565840502845472
rotation,10.226777876226144
rotation,8.510602550549951
rotation,6.3075576648707
rotation,2.07820276585581
rotation,4.625431639444259
rotation,8.102030230107225
rotation,13.380689361437504
rotation,18.580381276339576
rotation,24.525213863022536
rotation,12.148803929872233
rotation,22.161095941478358
rotation,31.236257146201154
rotation,9.553355291581028
rotation,13.908157675170138
rotation,19.469978836332782
rotation,20.582547670488058
rotation,7.691052691117203
rotation,6.596130525005588
rotation,11.505674780032274
rotation,8.83457677288932
rotation,1.8054148149371785
rotation,5.856777571449169
rotation,5.760657111692168
rotation,13.466471039594815
rotation,4.821767842432772
rotation,16.534612114517284
rotation,19.186176943345096
rotation,22.811018384472735
rotation,15.872666848425368
rotation,15.180447735131056
rotation,31.676908754685567
rotation,4.3668454271880055
rotation,10.398351190163778
rotation,6.001621388137354
rotation,10.948209577679457
rotation,7.770419389812265
rotation,5.135157535264519
rotation,21.2665993744184
rotation,33.512627208061474
rotation,13.62334103048118
rotation,9.63064615581901
rotation,27.222219491727827
rotation,45.944930133861455
rotation,50.01410090757731
rotation,64.68867058004471
rotation,53.15612897927206
rotation,124.50962849664829
rotation,45.93530338250504
rotation,18.930075951889517
rotation,170.8255859750011
rotation,7.374448295096466
rotation,176.76865843967929
rotation,11.17300127012165
rotation,10.44601286146227
rotation,9.319771556471329
rotation,11.436315116438344
rotation,13.634043962018376
rotation,41.38444839190294
rotation,13.949879763586022
rotation,14.141017336862658
rotation,7.157536859835238
rotation,10.337426683883525
rotation,6.176113464942576
rotation,14.418081310678634
rotation,4.558585798691183
rotation,5.975558664647493
rotation,6.12532641534305
rotation,5.953988563886743
rotation,5.8061443806649935
rotation,2.240513575217261
rotation,10.970882682581815
rotation,1.7599592858883106
rotation,7.3714491809060565
rotation,1.1239590545372808
rotation,13.715896265512677
rotation,7.474483108512962
rotation,24.912207467861663
rotation,11.78500471304153
rotation,34.83100626166953
rotation,6.128268371576726
rotation,48.21626600395239
rotation,69.02215080710029
rotation,14.763499823773918
rotation,30.429678796859186
rotation,82.8837718702888
rotation,85.02806980922458
rotation,114.5300115598392
rotation,152.1243001316969
rotation,22.136015569485554
rotation,13.186087259908538
rotation,4.491957621553942
rotation,2.3189088943858964
rotation,3.1328071901424313
rotation,8.412308168655036
rotation,9.44677982550987
rotation,3.0471911163753713
rotation,9.451257686804881
rotation,10.43477590727045
rotation,7.767016555800488
rotation,2.893061241558373
rotation,1.3147166305746487
rotation,7.134237004936085
rotation,7.239771607816219
rotation,13.95430378245369
rotation,8.983716644777209
rotation,11.331054182152787
rotation,9.158997484704065
rotation,3.8066646374023354
rotation,17.797608061457233
rotation,168.40352497609473
rotation,8.847531282123684
rotation,10.958468851701335
rotation,5.138028007046512
rotation,6.907501304800095
rotation,6.298364115138948
rotation,2.516330431418724
rotation,9.687230219876557
rotation,3.932908179871629
rotation,5.312461948001165
rotation,1.1459667453423572
rotation,8.79616457165091
rotation,3.5961804429882545
rotation,3.0766034930746917
rotation,7.851785651327964
rotation,6.715102305356212
rotation,4.126794971593558
rotation,4.159704913985707
rotation,0.15838403436311893
rotation,9.320149843298248
rotation,5.119884230967983
rotation,13.486118582335754
rotation,4.4161960564356315
rotation,2.0665930134341783
rotation,9.33565478770096
rotation,9.86470522636519
rotation,5.451484950935773
rotation,6.3161028819955645
rotation,7.533108346831562
rotation,12.710293222743323
rotation,2.400205343520175
rotation,14.87831692798164
rotation,0.8196240490678228
rotation,4.606163729098393
rotation,0.7560557851501823
rotation,3.536672693626374
rotation,7.251072892717749
rotation,31.778989273605614
rotation,3.4749382737201033
rotation,24.46259298449616
rotation,6.544238152432164
rotation,9.897977118945622
rotation,57.54258342202305
rotation,20.50125384630823
rotation,6.661205780532374
rotation,6.603736915934287
rotation,5.202416530321661
rotation,3.2923807593216043
rotation,4.1076947615222945
rotation,21.509277002453327
rotation,8.77823446161575
rotation,18.527391209289146
rotation,9.340486898928017
rotation,10.64200979805338
rotation,7.485680575459538
rotation,6.6149389700635695
rotation,8.387568612091798
rotation,8.5073212874226
rotation,10.47272454338561
rotation,23.972129310079968
rotation,8.390249258671766
rotation,33.168379377064454
rotation,3.300722692431645
rotation,26.59208387987246
rotation,5.2065548341863925
rotation,14.819962291975514
rotation,26.73390778511699
rotation,9.182438032782688
rotation,4.912790750277642
rotation,6.8380356603859305
rotation,10.303415255398237
rotation,0.7729264239399135
rotation,9.505342908852292
rotation,9.19589096753863
rotation,4.906472487469715
rotation,7.295537405088465
rotation,9.789548250542381
rotation,4.27869080254835
rotation,0.5471700634245303
rotation,7.073653779354522
rotation,3.21551069106837
rotation,1.8636618464577523
rotation,2.3064556132270857
rotation,16.88219657153352
rotation,1.2057723025605527
rotation,2.7680418790951182
rotation,1.8010205642991788
rotation,20.307804348829865
rotation,6.064870071163736
rotation,7.230766423209372
rotation,4.888041860537624
rotation,13.56595078184653
rotation,2.8086049892783294
rotation,5.928282648352949
rotation,4.984995590470896
rotation,17.974936217990923
rotation,8.163975184478804
rotation,3.2189177586461186
rotation,12.59973239953528
rotation,58.7780581373725
rotation,18.254305634823663
rotation,110.31946227343107
rotation,21.85394460114478
rotation,19.099510810621382
rotation,17.326298918184182
rotation,28.721834156673392
rotation,26.723174591972548
rotation,33.2134968940143
rotation,45.82286536026097
rotation,49.55815288596254
rotation,5.518834529746722
rotation,33.10980299552577
rotation,9.262191424577363
rotation,10.37463348929737
rotation,19.275074384026407
rotation,20.702824425531677
rotation,32.16360475922485
rotation,29.077148551600576
rotation,13.27917957928914
rotation,20.90403811491075
rotation,21.93624511636533
rotation,10.813315473984323
rotation,2.549427048298235
rotation,8.565668380059245
rotation,7.2409097753412945
rotation,162.47048125751562
rotation,12.534454823485367
rotation,22.508191754031923
rotation,159.56845219158674
rotation,15.07900644363206
rotation,150.20237442418014
rotation,19.294927482069436
rotation,111.9250175813395
rotation,118.38595751062145
rotation,13.30276512424515
rotation,173.79330092993658
rotation,7.508453526913291
rotation,160.03842020099222
rotation,8.296511141621004
rotation,177.4341616566838
rotation,35.63156652673599
rotation,8.755751377448563
rotation,176.0490127848589
rotation,8.55449277838147
rotation,2.6231200552030085
rotation,177.3115934135546
rotation,2.8733282180718365
rotation,4.570684348474504
rotation,162.72417611956678
rotation,12.210563636647041
rotation,12.171483396998932
rotation,153.82819193063904
rotation,20.716680822089472
rotation,12.276719516487049
rotation,17.639419161867842
rotation,5.141694031534553
rotation,8.184481979721625
rotation,16.824423674114065
rotation,154.37028429101076
rotation,22.308439140719674
rotation,34.06658544198888
rotation,162.0081089905141
rotation,18.025480094950385
rotation,40.14567388243046
rotation,175.77720715715716
rotation,1.0410017222139407
rotation,55.24008156580552
rotation,9.975022808786086
rotation,68.05891033249408
rotation,148.49437134047102
rotation,14.606828163536132
rotation,7.467295299859231
rotation,77.35162295379156
rotation,136.99094115344346
rotation,6.239953710675502
rotation,5.456644075614276
rotation,78.8376297098755
rotation,9.906662850067038
rotation,8.946101131484491
rotation,5.244444610704135
rotation,14.691317031800581
rotation,0.41845441926922056
rotation,12.533449009316866
rotation,91.07061193113041
rotation,20.478372057258934
rotation,5.212554711298545
rotation,21.436341796619303
rotation,84.12225562755575
rotation,14.481436515775185
rotation,4.127549510685054
rotation,9.729902839463769
rotation,87.20218075224888
rotation,82.35075558563234
rotation,36.47735963047193
rotation,48.99305212421843
rotation,30.387054948847343
rotation,11.607619258826752
rotation,43.242316790212406
rotation,14.740979840838222
rotation,40.8515735345855
rotation,20.68959158879589
rotation,56.96819393186673
rotation,19.48397831655109
rotation,74.43869086468044
rotation,10.625064861354376
rotation,82.1073760122139
rotation,12.738153178851306
rotation,80.42625853392168
rotation,20.162534676229455
rotation,77.15633860148687
rotation,28.02233613204696
rotation,58.27925253367637
rotation,25.256104347446477
rotation,51.76700506508748
rotation,23.320463269848222
rotation,65.13712740925348
rotation,24.963815128624738
rotation,63.87188800443935
rotation,46.87070709174254
rotation,57.255594130246735
rotation,70.67561773020005
rotation,58.74191822464269
rotation,86.39850107503713
rotation,70.12870707543792
rotation,148.03924811413248
rotation,79.41627033026187
rotation,161.43838062133568
rotation,107.33410352471502
rotation,154.29478467840576
rotation,137.08487576083155
rotation,154.25421453928342
rotation,144.6250743191646
rotation,135.46040846672554
rotation,110.1170137595737
rotation,128.0750903452993
rotation,23.793022958049526
rotation,5.120641979824576
rotation,12.039332997348149
rotation,83.76355424497326
rotation,25.39190321932409
rotation,64.64519091465682
rotation,44.498190191628986
rotation,68.82533034448893
rotation,69.64382732873042
rotation,68.26158169116246
rotation,83.48564673469966
rotation,62.72014010090039
rotation,87.15051051715712
rotation,56.79863063197661
rotation,58.74519185552214
rotation,74.66976827471046
rotation,62.7135374821749
rotation,59.80670957379758
rotation,56.34414321562322
rotation,67.85719463460332
rotation,35.24837703934387
rotation,41.62086332440427
rotation,31.533238402541652
rotation,17.287955944381963
rotation,14.753429937966107
rotation,23.182977167206644
rotation,12.250016018576481
rotation,49.09124206276808
rotation,39.28136920586591
rotation,51.03320927220007
rotation,42.24629031194298
rotation,54.533406732605876
rotation,40.86334418835547
rotation,18.254431660110388
rotation,12.349867691926462
rotation,24.34094703392064
rotation,30.821164089685276
rotation,18.899569637418935
rotation,8.173933764055347
rotation,55.96866948666399
rotation,26.393764340220706
rotation,10.388566080556444
rotation,71.979930839077
rotation,10.837575785861548
rotation,5.922084741788204
rotation,19.103862188270362
rotation,6.136030519755059
rotation,30.214420072607698
rotation,3.4826169372975375
rotation,10.796114439209404
rotation,22.016790923632286
rotation,2.155946022052024
rotation,7.076943303518733
rotation,13.155495146254312
rotation,6.190500697782546
rotation,6.8321348651113345
rotation,8.838144230953299
rotation,4.635453080387842
rotation,38.11216147586684
rotation,5.0122350902345945
rotation,5.020449323280996
rotation,15.921580347377946
rotation,3.287834606622032
rotation,8.998218268727353
rotation,3.7432700622336212
rotation,14.227874910028738
rotation,7.3534249068767
rotation,7.208750753827138
rotation,4.111734346267751
rotation,16.776030420939303
rotation,33.00362982839839
rotation,3.381791621747654
rotation,6.178123040183241
rotation,23.192924106563655
rotation,40.08708069201138
rotation,3.5573690052735643
rotation,10.276481480911105
rotation,165.883002956723
rotation,166.1737804326713
rotation,164.31995086417604
rotation,167.7665132104306
rotation,167.98341310239255
rotation,140.04621209538018
rotation,130.4782189138109
rotation,114.15997782799205
rotation,20.24915472731019
rotation,99.99723236228242
rotation,7.128578392319125
rotation,71.04743812379603
rotation,21.94393773492472
rotation,38.918900933933784
rotation,34.79238399481694
rotation,67.67964185281143
rotation,152.92559660675352
rotation,104.11077576955324
rotation,137.36288513301372
rotation,144.64159516085385
rotation,143.8951257999743
rotation,124.76015719073298
rotation,130.0496853571337
rotation,4.137847135102085
rotation,124.23071030351605
rotation,43.27784215175073
rotation,154.9323835611102
rotation,67.71251098837692
rotation,120.50141017186314
rotation,6.678066025159953
rotation,140.47361884663633
rotation,107.59962011890616
rotation,19.38122710935445
rotation,172.9254522881386
rotation,136.86229187407523
rotation,20.340712601259455
rotation,165.23250053191245
rotation,177.03630857472254
rotation,0.8032588562710903
rotation,170.79376496482664
rotation,19.489145294459217
rotation,156.28526798236217
rotation,25.27544364597266
rotation,142.90837220612073
rotation,20.263005664231557
rotation,20.061025519546178
rotation,148.1244632252433
rotation,21.719274641101254
rotation,25.52177139039985
rotation,22.611242362315526
rotation,34.10263258118624
rotation,92.91069167141703
rotation,18.075648064599978
rotation,41.07156890521138
rotation,3.05168716475227
rotation,41.91591918452508
rotation,38.40926027608097
rotation,42.68605349003521
rotation,62.77417745691115
rotation,36.000029086062575
rotation,109.29435325940125
rotation,70.27452372990426
rotation,37.96215099233582
rotation,77.82699954930717
rotation,76.01263639905847
rotation,37.52141914456322
rotation,3.0969763897053353
rotation,59.93072542648477
rotation,10.321770499030581
rotation,32.1039291561509
rotation,38.49243044807609
rotation,22.276297250814395
rotation,49.07681171649394
rotation,43.47163015947483
rotation,22.6859681723353
rotation,25.9023691985255
rotation,42.62227011179395
rotation,19.644210693468313
rotation,19.924188909561668
rotation,7.116331819805933
rotation,21.759376473072205
rotation,27.40680622433049
rotation,19.941728887761478
rotation,41.53720541863421
rotation,11.932543265277273
rotation,53.3496992600567
rotation,25.199612878456392
rotation,69.03208163436658
rotation,32.39610221445016
rotation,60.66982329373335
rotation,15.104345661316229
rotation,37.957135294678395
rotation,25.366687258006134
rotation,20.60069687303601
rotation,17.34783069199911
rotation,12.504953332877992
rotation,20.76581744432023
rotation,177.34064433309186
rotation,167.82489738604696
rotation,170.19632703719623
rotation,168.50365293849202
rotation,158.20912228022644
rotation,145.3845684184714
rotation,116.4358059712575
rotation,46.698693001465095
rotation,11.320234069758438
rotation,11.252832992611749
rotation,7.7861329210205215
rotation,8.596883406196504
rotation,5.982803448214772
rotation,8.020237760611167
rotation,7.868195908704656
rotation,0.7576290260062578
rotation,1.9633426493610433
rotation,5.01489678074774
rotation,4.9394689996654435
rotation,3.5103798905352086
rotation,3.6364074757554268
rotation,3.8840787836353563
rotation,3.421085499256511
rotation,5.233136282599983
rotation,6.288480544840542
rotation,3.5140066712401623
rotation,3.792943593710138
rotation,3.2706317895157713
rotation,2.9565440614475578
rotation,1.5885442514949146
rotation,2.1759493792559472
rotation,5.960704721122415
rotation,6.486317855896384
rotation,10.040262634458044
rotation,8.462548800834622
rotation,10.818416869450001
rotation,11.923754172618066
rotation,9.746115638499704
rotation,6.2533701057169795
rotation,5.937935557415059
rotation,6.1576896082551915
rotation,5.55054358313675
rotation,4.931189598735796
rotation,2.3742069774776704
rotation,10.322570163721595
rotation,5.16455570804434
rotation,11.299496825489744
rotation,6.276652867185646
rotation,8.284774748069909
rotation,6.487395103831671
rotation,4.966381156534187
rotation,8.230811939768111
rotation,5.515614741323612
rotation,8.83388319188628
rotation,9.440722643760969
rotation,9.627569996872772
rotation,16.400557399156995
rotation,10.508783524007113
rotation,32.569676000918896
rotation,21.586628959658473
rotation,11.306132323881885
rotation,51.88769270069017
rotation,18.99873264749978
rotation,1.023999338244741
rotation,74.13025962210247
rotation,32.81613060022819
rotation,13.81011738256249
rotation,86.40918840206565
rotation,86.48879046048734
rotation,36.24424178215775
rotation,20.4451404797193
rotation,96.79326593671716
rotation,103.70927899687845
rotation,29.467460240996488
rotation,30.33898985845845
rotation,96.79317491522254
rotation,91.7783919754267
rotation,17.076156809542606
rotation,43.38457902525181
rotation,92.58318893751314
rotation,71.47022550768683
rotation,7.624728093833051
rotation,48.36684266234419
rotation,89.36515449196312
rotation,56.46237547922461
rotation,12.694550492207831
rotation,52.89885905784702
rotation,106.28181897609367
rotation,28.86247232542643
rotation,20.07418546931691
rotation,32.02812846136549
rotation,16.49339182499636
rotation,25.96344633318132
rotation,51.18535851091229
rotation,1.8382643568758519
rotation,4.7747721539229735
rotation,2.5842875396631384
rotation,7.090391044106418
rotation,12.144619630929807
rotation,10.204154724505047
rotation,13.907119770737596
rotation,6.790940984967897
rotation,99.22799707199864
rotation,2.158476509080632
rotation,136.85916255752682
rotation,4.334320569916814
rotation,166.9871664790884
rotation,6.181952941578417
rotation,169.56028011608353
rotation,21.87541760520848
rotation,41.91247526022907
rotation,103.51766638047185
rotation,152.8000834326121
rotation,28.16244268831151
rotation,163.12743296999562
rotation,41.51981241839718
rotation,158.25523084672332
rotation,101.68815649162644
rotation,168.1125201149091
rotation,169.31724304542996
rotation,178.66608428382344
rotation,163.93860535043015
rotation,166.88975334891316
rotation,170.51502299211478
rotation,167.46088407230005
rotation,167.8577411271299
rotation,166.0625767697145
rotation,162.5478165907095
rotation,167.1125038767144
rotation,161.95046238353962
rotation,170.4825925282144
rotation,167.79884258594902
rotation,164.40780169199513
rotation,154.39727152934984
rotation,170.0319548504911
rotation,159.49243317870912
rotation,5.774940917933083
rotation,7.213346838858649
rotation,8.53535876249025
rotation,174.2407355198709
rotation,3.616023622912758
rotation,2.9452958231275335
rotation,7.205784054834473
rotation,10.358664644837983
rotation,13.372985282080739
rotation,5.957023569567658
rotation,30.307449166304657
rotation,12.605454853660945
rotation,19.255838023474865
rotation,13.417769703827629
rotation,24.6050665619729
rotation,13.752101528857462
rotation,23.989588073648157
rotation,16.28651912809626
rotation,8.48186929034602
rotation,7.188221643440702
rotation,20.30699885044886
rotation,17.079878535042592
rotation,24.64098604834445
rotation,2.2135761157744485
rotation,36.984600033923925
rotation,27.501760745502338
rotation,38.796249550366774
rotation,10.858026404776659
rotation,41.351047718492396
rotation,57.46728325044341
rotation,108.76247555289898
rotation,92.40118454873134
rotation,91.78541465675508
rotation,47.79656340866271
rotation,79.72368135147559
rotation,49.302830414718336
rotation,66.28350675919482
rotation,33.742402983774625
rotation,52.36505955506052
rotation,62.42429455138509
rotation,59.551610528278765
rotation,73.71268971470893
rotation,78.7775715493465
rotation,81.2239101651248
rotation,78.36260212297522
rotation,80.82735982408323
rotation,69.01629080558484
rotation,66.36119919670317
rotation,56.22395660677256
rotation,43.44477188653073
rotation,42.700586018160145
rotation,24.54995571162909
rotation,9.812720222710322
rotation,40.19754583088885
rotation,50.26698723085523
rotation,43.467628470854855
rotation,45.84072644046395
rotation,48.71960235154872
rotation,50.93183870144465
rotation,35.6558431430546
rotation,64.19589676313323
rotation,25.153544461313814
rotation,65.5115265451534
rotation,6.88202724150138
rotation,62.473759401119025
rotation,12.967331732115866
rotation,40.35759743881858
rotation,16.85743549470671
rotation,13.270374164450967
rotation,23.624199834718148
rotation,16.22398800318944
rotation,25.895367673465906
rotation,43.710909565653935
rotation,48.87213708462429
rotation,53.99504676124245
rotation,64.8598150064335
rotation,99.79275360766039
rotation,51.99634775275686
rotation,98.29337598647633
rotation,47.81844941998093
rotation,102.08796826221585
rotation,33.84628662726566
rotation,54.95982031800759
rotation,100.00017353908129
rotation,42.633277270749495
rotation,51.31128549464285
rotation,93.05874101998792
rotation,47.98935067430079
rotation,46.61791435033352
rotation,86.52811109939555
rotation,51.7051041151908
rotation,37.393549369161946
rotation,87.82688640528802
rotation,48.57535816836749
rotation,41.28790369072234
rotation,87.49962944811811
rotation,51.512519215062355
rotation,64.52837632167083
rotation,84.25561106273514
rotation,58.267415425813766
rotation,95.42124860170432
rotation,92.73408542258403
rotation,64.7198438355179
rotation,110.02067596076377
rotation,120.30926178696653
rotation,76.87536130119551
rotation,110.89869264679238
rotation,135.95990356649568
rotation,83.48054314004916
rotation,106.9961832213135
rotation,128.32256484010054
rotation,123.26548012980943
rotation,107.00287366177518
rotation,127.5915656377769
rotation,105.29463066277289
rotation,108.56872097790061
rotation,123.90262281205023
rotation,109.793208670704
rotation,125.17285124342828
rotation,111.22224635879981
rotation,128.433912380324
rotation,114.85040044849796
rotation,127.19426621362798
rotation,122.19173251803954
rotation,125.82789967780701
rotation,108.98662616904059
rotation,123.30948033111133
rotation,119.2137162832517
rotation,125.29982887133269
rotation,118.58558777408338
rotation,127.63406763221359
rotation,114.59641970992982
rotation,129.90977240420185
rotation,113.52867514295964
rotation,139.5027248194633
rotation,100.17929968115573
rotation,147.23254325059384
rotation,70.73094923148304
rotation,125.99897290475329
rotation,85.54544329035421
rotation,75.03230894595224
rotation,83.9438435236365
rotation,122.55418717724191
rotation,90.49113234945185
rotation,161.99550718585638
rotation,138.8805029716525
rotation,156.84177709902244
rotation,120.64071995150715
rotation,160.73637571714758
rotation,106.57197275170412
rotation,101.31887714138553
rotation,128.23962973744494
rotation,57.17989384715153
rotation,97.01131879692852
rotation,101.0569211407984
rotation,52.7794509069555
rotation,97.35801991066779
rotation,98.94763705549308
rotation,26.926873619453488
rotation,26.296909500538792
rotation,96.41127228994324
rotation,90.59411488963863
rotation,96.4593313339373
rotation,82.83674845350464
rotation,101.7200504539644
rotation,101.336404470904
rotation,102.84195686681683
rotation,97.15736084355059
rotation,103.05386753516223
rotation,101.5466638080853
rotation,102.51705819384364
rotation,103.07473427065672
rotation,98.79223581135491
rotation,109.97343495281298
rotation,97.02598929642265
rotation,120.19054701461732
rotation,85.75272578296502
rotation,133.34855932357175
rotation,26.767208532188967
rotation,103.22958687150343
rotation,12.874370154301124
rotation,83.0030868498466
rotation,13.781135723315074
rotation,69.68163341777482
rotation,28.61154800683522
rotation,100.58010767953749
rotation,54.57651164822788
rotation,37.64136057589101
rotation,102.54280159777097
rotation,50.256469042638294
rotation,59.05699337350106
rotation,109.70202422962402
rotation,20.662325488198988
rotation,68.13858184038659
rotation,121.11398735452403
rotation,110.35137676814954
rotation,29.841448212439097
rotation,82.75440358469672
rotation,101.03488922956157
rotation,116.80507935422499
rotation,37.35522654382557
rotation,83.50394127659725
rotation,94.1861247032076
rotation,76.76897429151707
rotation,25.941736959345885
rotation,76.89560026960473
rotation,73.66009574927209
rotation,40.1804003294473
rotation,24.17073951292229
rotation,65.79169229037285
rotation,62.865255784155224
rotation,54.66406540234645
rotation,37.636659888182066
rotation,65.62033651114952
rotation,85.91708097502917
rotation,66.28539191831368
rotation,70.54879480294264
rotation,69.55277221947208
rotation,25.300679733460374
rotation,47.21841294786263
rotation,41.153404200876416
rotation,60.59521255883709
rotation,45.10390841078696
rotation,61.36132402653961
rotation,34.843537131904235
rotation,57.14871778811684
rotation,44.59131123591056
rotation,23.789794212357275
rotation,54.312197666756795
rotation,39.39850147780874
rotation,27.73675959652134
rotation,55.629833540076085
rotation,66.283522009234
rotation,71.58572851484134
rotation,62.797000801335656
rotation,79.5944080864071
rotation,88.3948240698262
rotation,60.57774579069573
rotation,96.11802575452018
rotation,54.46281069778035
rotation,118.8661219402248
rotation,30.812553826697517
rotation,131.71910760178594
rotation,125.26475101695691
rotation,39.057938717588726
rotation,121.91873139570384
rotation,53.98380152548747
rotation,117.23080915090632
rotation,57.14284507511422
rotation,115.80323751411753
rotation,66.31652870942254
rotation,72.58840433347461
rotation,62.65082175752152
rotation,67.51062552941433
rotation,72.46486173553745
rotation,69.16152285760187
rotation,51.45337275719594
rotation,51.372376012793474
rotation,11.483281660695866
rotation,35.157214347155296
rotation,28.279695143199007
rotation,18.65593581554036
rotation,57.228203983979604
rotation,11.171128411636008
rotation,75.20159682528877
rotation,39.17378348889196
rotation,77.59334352190879
rotation,47.871958709631265
rotation,57.31369734081492
rotation,57.01836789241499
rotation,55.19382282156304
rotation,55.16083032672172
rotation,73.22365644084088
rotation,51.99014052904955
rotation,29.63813821977429
rotation,21.709022156516713
rotation,15.401731589031622
rotation,25.389983212351453
rotation,49.346456343949434
rotation,38.843518948653966
rotation,27.50557934909358
rotation,69.49619620429092
rotation,29.423541842264964
rotation,75.02742752489803
rotation,23.097579576322072
rotation,96.79789473965192
rotation,16.213471006915558
rotation,6.652196723667902
rotation,0.37785145452475244
rotation,8.146164789034612
rotation,1.1698230378136956
rotation,5.519100632025619
rotation,7.403356044007073
rotation,8.397584623924368
rotation,10.20269845591137
rotation,132.0114889529626
rotation,4.934465094994394
rotation,14.012258098808129
rotation,9.824191587225764
rotation,16.0660522986758
rotation,13.667014674423816
rotation,9.02595041534468
rotation,15.757612956727572
rotation,1.918885126586166
rotation,24.654333715531532
rotation,17.647123649121546
rotation,2.001378166254875
rotation,19.459700893998374
rotation,18.443612221836677
rotation,3.66349325071672
rotation,18.13070372220515
rotation,20.468312732494155
rotation,5.438279400287534
rotation,25.19539606128194
rotation,13.608890231831893
rotation,18.390446972048014
rotation,7.443617565676453
rotation,24.0776998887662
rotation,12.5792503761812
rotation,18.355285026717024
rotation,7.700258681004729
rotation,5.521592602866201
rotation,8.180609049530648
rotation,12.098967903583189
rotation,7.132729068401446
rotation,6.722154699072954
rotation,3.8232700989352555
rotation,8.998041056407724
rotation,10.570907147057845
rotation,7.128892898176656
rotation,11.193459680502285
rotation,10.689610877538696
rotation,7.279115295113608
rotation,9.277851427967676
rotation,14.75448417276164
rotation,18.058850347623274
rotation,18.649844652146367
rotation,29.65361617987728
rotation,26.906341734522808
rotation,21.75743023540501
rotation,58.68107861902295
rotation,64.11788725505963
rotation,81.32769208213037
rotation,38.82455057724461
rotation,131.58411959734798
rotation,100.8487942196986
rotation,89.21214020353082
rotation,33.04172732225739
rotation,8.361327496633686
rotation,3.4486837990103667
rotation,16.28102755392752
rotation,27.947618234970637
rotation,16.00471738185262
rotation,12.406264478241766
rotation,10.123276215287646
rotation,24.872889894010992
rotation,15.579614635072659
rotation,16.382145812594466
rotation,36.49968222920215
rotation,11.779301056034702
rotation,44.560833609235885
rotation,10.408385145938716
rotation,72.05288727610103
rotation,29.630816702345438
rotation,43.628163601728595
rotation,140.99318203616423
rotation,68.14234432541663
rotation,129.0791311818572
rotation,109.05979305185188
rotation,64.86825378524478
rotation,80.60301404550445
rotation,4.860607288983983
rotation,59.26759542416268
rotation,16.953100780954646
rotation,1.3010576360069703
rotation,81.70990342385092
rotation,5.188731361150452
rotation,8.709435322463326
rotation,90.8320208127149
rotation,5.115274117275783
rotation,8.296957653701204
rotation,103.22569899475207
rotation,14.405800168526246
rotation,4.91548230144244
rotation,6.558816656482443
rotation,27.469766555256243
rotation,41.109275562215
rotation,2.8502268685922982
rotation,28.23870379815149
rotation,47.27135189804423
rotation,5.812430299278438
rotation,72.45017653555692
rotation,57.77032458588259
rotation,15.274476658279633
rotation,138.2873277819187
rotation,33.45931176461666
rotation,158.54468953432465
rotation,119.89871961390718
rotation,165.32145452207897
rotation,81.32101179819469
rotation,118.13630377563314
rotation,161.41535117454083
rotation,21.8564559427853
rotation,120.1932091889772
rotation,167.69912387358613
rotation,5.039384066123115
rotation,95.89065341342095
rotation,136.45377788814142
rotation,7.145562703863106
rotation,75.69357445343391
rotation,94.83652455461143
rotation,8.964858253579544
rotation,31.91177008636125
rotation,80.80745447716858
rotation,37.548989344478755
rotation,26.511864691859138
rotation,48.14277737114148
rotation,36.926600614136184
rotation,22.26173462109255
rotation,24.135434844796585
rotation,39.85150458967074
rotation,23.202673450693908
rotation,14.971299606461084
rotation,20.02053563501392
rotation,11.948054281499227
rotation,6.883659617583173
rotation,7.084820252372262
rotation,8.452802784770064
rotation,5.271160534462533
rotation,27.594821543027905
rotation,1.1747278536828158
rotation,6.45475088368435
rotation,29.46887565242354
rotation,12.01950820149834
rotation,10.068118669937835
rotation,20.65460284098431
rotation,10.004181875232742
rotation,4.225830864538907
rotation,16.686895207341085
rotation,4.784914064063095
rotation,28.386747168988528
rotation,17.189636131819185
rotation,3.724076764315072
rotation,97.97930189405021
rotation,27.111060969470216
rotation,11.125719517462887
rotation,153.33554690421693
rotation,47.36154874668219
rotation,16.911135025436305
rotation,159.4618682938073
rotation,33.1493711661643
rotation,153.60194808881516
rotation,127.19833978750536
rotation,68.63867248244574
rotation,156.99270149412868
rotation,149.2478445855122
rotation,159.61188834720016
rotation,24.684210334976374
rotation,21.755394353490026
rotation,5.836667740097012
rotation,17.02356298167872
rotation,8.418434804067664
rotation,5.863982495814969
rotation,16.2445989568012
rotation,51.41942292927954
rotation,22.6883160568095
rotation,26.702318606668182
rotation,37.6634475192997
rotation,11.95117245988747
rotation,17.057187696570583
rotation,21.250753926367278
rotation,2.626729319571016
rotation,13.010174991724242
rotation,28.653947150957784
rotation,23.19190133061134
rotation,17.434123526831677
rotation,35.21459110793443
rotation,25.829950417032464
rotation,17.860552000066015
rotation,22.644796022572386
rotation,21.147147386385438
rotation,15.093905679863113
rotation,11.58390809898421
rotation,28.78653128375233
rotation,12.715952996350778
rotation,11.682777297816028
rotation,24.471536244287567
rotation,4.094657353994288
rotation,28.85587240553941
rotation,4.179485106505085
rotation,5.226677070808443
rotation,37.79322634108815
rotation,12.286319741067011
rotation,15.29641150935072
rotation,41.66285162926863
rotation,12.110740185973713
rotation,32.941417713849866
rotation,20.541798532409214
rotation,5.536802474068976
rotation,14.070959889006755
rotation,5.840788369914583
rotation,4.492688953174566
rotation,88.18876385858574
rotation,26.17233251658087
rotation,110.91288534845644
rotation,85.94667928535088
rotation,83.72580463581694
rotation,87.78342502598981
rotation,67.73679962416082
rotation,88.52419895720472
rotation,29.981600898282686
rotation,81.21457653866838
rotation,25.138817965648606
rotation,56.76332316305547
rotation,7.617243360145681
rotation,26.841142478044254
rotation,42.20676738443024
rotation,19.63518131308712
rotation,57.799838619672265
rotation,31.97115421272155
rotation,42.067291045290425
rotation,49.168415347537724
rotation,51.00483104175269
rotation,32.726648442402094
rotation,45.285998866837176
rotation,128.03508418245747
rotation,4.1524973880105325
rotation,27.797690724237157
rotation,5.532879634447918
rotation,13.61399292886115
rotation,5.422846215780441
rotation,13.253462118533987
rotation,8.299767480186842
rotation,6.9276358163903655
rotation,18.046727577323928
rotation,10.583290569925325
rotation,10.5824877710872
rotation,2.9663845648368405
rotation,27.334126090999227
rotation,26.72628337087956
rotation,16.100946369641612
rotation,13.255482406295906
rotation,28.825045668511102
rotation,33.20911612906879
rotation,26.753252844104296
rotation,14.116090992434989
rotation,32.02672888153
rotation,44.39579913666002
rotation,40.68993618009157
rotation,32.12360403727107
rotation,33.168879265340266
rotation,49.381753843129715
rotation,42.58013891691548
rotation,62.24032887105974
rotation,15.489550015368671
rotation,41.94144946127353
rotation,45.40535818883286
rotation,112.47774629383616
rotation,57.052384811649205
rotation,60.609863865292105
rotation,59.758393276593154
rotation,89.67836356420837
rotation,84.07875001306829
rotation,81.25206997008607
rotation,97.4689412751566
rotation,97.94640062172027
rotation,76.88479895885217
rotation,78.8703683810943
rotation,62.34275088982453
rotation,72.83754075342863
rotation,38.64024047544636
rotation,94.31307946073409
rotation,26.75385069623188
rotation,85.73345753348474
rotation,18.561998188628596
rotation,80.64489861848597
rotation,3.6533865934306955
rotation,74.48219917308562
rotation,12.105239179855747
rotation,23.21480103803745
rotation,69.03745723240885
rotation,45.91944327848859
rotation,68.72297101579149
rotation,84.53312198811756
rotation,110.91550710285911
rotation,67.08099456020138
rotation,96.18648404985588
rotation,155.76793776572836
rotation,60.96218446173431
rotation,124.97906169962047
rotation,171.74214901212707
rotation,67.91709342560938
rotation,132.75334717996938
rotation,56.91128593850695
rotation,127.68495543733889
rotation,64.64375446776732
rotation,127.84872171569035
rotation,86.22367017044736
rotation,49.779378064778776
rotation,121.17370056501925
rotation,89.24564838607496
rotation,36.83209715023897
rotation,90.32666961265528
rotation,17.832784725676618
rotation,25.689652704081986
rotation,60.64697999069012
rotation,10.539188365756605
rotation,33.15605364926192
rotation,15.325685292714875
rotation,15.515856545530198
rotation,41.93733641143903
rotation,20.496342315958533
rotation,18.721473906509175
rotation,48.109068160204764
rotation,37.50649434590432
rotation,26.667700498734387
rotation,38.717973482717376
rotation,24.315773288904317
rotation,21.14615917620187
rotation,23.071823759461946
rotation,2.8119958476584377
rotation,16.515938604348996
rotation,17.445177798534463
rotation,37.491724388678506
rotation,17.971342144145467
rotation,23.77807548938375
rotation,12.613800002014516
rotation,16.34060672243594
rotation,16.438347924862967
rotation,10.500330863748564
rotation,0.7463222174425981
rotation,8.652675949175455
rotation,67.71879236583008
rotation,15.378715400892489
rotation,52.02629900648768
rotation,20.012749210350353
rotation,33.97341699843372
rotation,22.07369721005393
rotation,6.684713191050783
rotation,18.23861873340958
rotation,10.286022980583613
rotation,12.015695341095368
rotation,9.456530683143018
rotation,10.979349856360333
rotation,17.591493740277798
rotation,16.29766408124382
rotation,16.493816898758812
rotation,20.16131731411418
rotation,22.637677671229685
rotation,15.80391071927212
rotation,14.263320627064074
rotation,12.716544148677706
rotation,15.347494768205738
rotation,9.735531514361448
rotation,13.666428673765857
rotation,9.910819988424528
rotation,25.831242344723336
rotation,11.893748119597381
rotation,4.77092007931356
rotation,23.580081133325322
rotation,24.47580085903965
rotation,9.77873465639621
rotation,3.681847691581171
rotation,17.054026794446187
rotation,19.505636850535783
rotation,1.940327049394994
rotation,3.8067778367761465
rotation,10.229040649930345
rotation,20.812199703598246
rotation,5.682188803796378
rotation,9.175045834579542
rotation,5.260201432164848
rotation,8.087399498612754
rotation,11.18358574935983
rotation,12.049747098853931
rotation,8.607618802361568
rotation,9.519319575376018
rotation,21.929378789393702
rotation,18.056003195728607
rotation,25.728804283272854
rotation,35.476002466708984
rotation,39.03244088557911
rotation,104.87717699751845
rotation,45.63655946786272
rotation,51.42155185058093
rotation,47.33141595369126
rotation,117.43055867135953
rotation,59.81987649972412
rotation,48.712251992180626
rotation,23.291864517374606
rotation,51.30201732405278
rotation,30.855892430845937
rotation,31.437742544821084
rotation,17.770070139031652
rotation,31.466971958505372
rotation,58.113473363293316
rotation,27.13296986583031
rotation,67.45214478936923
rotation,26.381814802580518
rotation,84.9593333029401
rotation,26.786824823953754
rotation,62.45996987906798
rotation,23.963185106250545
rotation,55.64458690646266
rotation,26.411438438514807
rotation,33.29578634115852
rotation,32.65743878886696
rotation,118.53607076731201
rotation,35.60246849167873
rotation,20.43545804846759
rotation,127.53820873318031
rotation,88.35675720836927
rotation,42.76625504882634
rotation,139.12958969067003
rotation,113.1272034788667
rotation,77.43876691514053
rotation,150.97377202857015
rotation,115.31074575277067
rotation,85.27937533646242
rotation,162.82966011901954
rotation,89.39114631560845
rotation,58.98487576223532
rotation,170.61718313902801
rotation,17.748215697853926
rotation,20.490210419283066
rotation,5.082784768308564
rotation,30.79901407268127
rotation,31.68793459382014
rotation,14.9076178945483
rotation,36.61491462722983
rotation,30.928103078169176
rotation,22.546816483336432
rotation,41.936934091396566
rotation,23.591089496688994
rotation,29.025022462426943
rotation,22.96104278045015
rotation,20.75102189270157
rotation,31.39929124995078
rotation,15.275668952654117
rotation,16.158606301773567
rotation,15.428965088961709
rotation,9.496051111172319
rotation,13.234933578248691
rotation,4.191513303171742
rotation,3.648948488219855
rotation,6.736018402673741
rotation,4.176671332554192
rotation,18.15631808949031
rotation,10.268617752525719
rotation,10.296024702615934
rotation,38.26049178825181
rotation,3.1634926504583336
rotation,12.482684777576882
rotation,22.29054854890378
rotation,16.207722001856872
rotation,31.645762540877644
rotation,37.68308075026364
rotation,5.633403909225318
rotation,40.031306241261355
rotation,41.07063116135666
rotation,21.63507295918028
rotation,34.590445398013216
rotation,27.892515862033363
rotation,8.323261205785991
rotation,24.944566827866463
rotation,14.61889795566442
rotation,12.021571659073429
rotation,12.073666660203399
rotation,6.710529644164862
rotation,24.76917877138647
rotation,9.26257832069514
rotation,10.324036487896885
rotation,29.913361535792816
rotation,31.349833111676816
rotation,17.653970295825108
rotation,31.38283959390068
rotation,43.069236912587435
rotation,28.090744930190535
rotation,28.00830264657536
rotation,50.61855334431001
rotation,33.00724233296112
rotation,13.963439926896017
rotation,64.5812252158396
rotation,42.57183733071421
rotation,51.89222370502716
rotation,68.84490125782645
rotation,59.14483673080637
rotation,55.8346156381692
rotation,57.326970023634395
rotation,46.12136287996616
rotation,23.589066174094395
rotation,40.31897046183712
rotation,27.773779653784445
rotation,12.13702267874774
rotation,49.252763810772066
rotation,9.500990208069924
rotation,22.547273216916373
rotation,36.48783448817213
rotation,13.988262874757782
rotation,48.773264974836025
rotation,31.29844810016229
rotation,15.82483923226959
rotation,73.24578065147365
rotation,35.86201464119221
rotation,19.14731175443647
rotation,91.55014200686172
rotation,51.87149336655387
rotation,15.664146805230322
rotation,34.76831116261356
rotation,7.364852596309502
rotation,83.63543703594945
rotation,35.868685298230204
rotation,7.640136265645394
rotation,85.10229933735555
rotation,40.0847627153837
rotation,15.808585419810626
rotation,100.82319906899293
rotation,32.96656543900058
rotation,34.26400322337791
rotation,28.240941331207658
rotation,98.54769976349728
rotation,30.3181815498353
rotation,11.51410313225864
rotation,70.3463254345605
rotation,7.124784008038601
rotation,4.419373661912029
rotation,58.67225307231038
rotation,10.946362543122566
rotation,11.282536678580483
rotation,54.84549033014517
rotation,13.781241570130842
rotation,13.52571669918795
rotation,59.81798062124315
rotation,2.7673966770926257
rotation,12.007871953603056
rotation,68.29312769532017
rotation,9.807570340004629
rotation,18.68321624275729
rotation,55.94527245730309
rotation,14.95578904989813
rotation,24.871516111439874
rotation,20.301671067571053
rotation,14.538359719771208
rotation,23.469936192476137
rotation,6.083601387002991
rotation,12.298089858236459
rotation,7.190585145418911
rotation,13.759108226482201
rotation,13.488207657271099
rotation,27.456244771883828
rotation,10.056015859326516
rotation,16.13016715813129
rotation,47.28148659610286
rotation,5.781676552720546
rotation,13.28232742862582
rotation,57.13024334477637
rotation,19.568020977040916
rotation,15.71060839780722
rotation,60.58557520273135
rotation,27.561090934224325
rotation,14.568611565526588
rotation,49.24878297198715
rotation,19.36001421513537
rotation,103.30570158878791
rotation,26.174378020223987
rotation,55.07078006710323
rotation,52.69889897106363
rotation,20.193009183816166
rotation,15.854261149646272
rotation,12.831075775115384
rotation,127.00781025789472
rotation,9.937334462799349
rotation,15.480278372575684
rotation,134.06750685491036
rotation,13.9701789000324
rotation,142.5160055355741
rotation,12.988335280472846
rotation,150.00699662976433
rotation,5.584472240245221
rotation,26.23298302400285
rotation,2.541219231724627
rotation,55.407429810974996
rotation,2.9939128502608643
rotation,41.127771231344745
rotation,5.623192525066519
rotation,15.842388079657487
rotation,2.440125475855676
rotation,9.740845343931936
rotation,3.428231619799183
rotation,12.169775288151504
rotation,4.899094744956257
rotation,10.66906694579989
rotation,6.105642381065367
rotation,21.322865123079666
rotation,9.985659133574357
rotation,4.315573889448555
rotation,19.038108013493193
rotation,10.456347266036573
rotation,2.2199151858068342
rotation,21.64856477907077
rotation,8.342247884540946
rotation,2.0954919504454534
rotation,8.337797575040582
rotation,4.020936201503514
rotation,6.022966365009501
rotation,12.251682198695153
rotation,7.1474211532537675
rotation,5.4538742243358564
rotation,78.54235414740809
rotation,6.092915210900044
rotation,11.467922964711514
rotation,6.2765641117580335
rotation,77.81375600454007
rotation,1.716545444030352
rotation,12.490786441098617
rotation,2.8609475592463722
rotation,53.857888453340074
rotation,1.3042419334859499
rotation,12.964105141366604
rotation,7.4964049221721885
rotation,13.606696761628092
rotation,6.33250241138857
rotation,6.328594232406772
rotation,9.735976736856255
rotation,15.53571653981929
rotation,13.303875611752789
rotation,2.6866950999347363
rotation,9.064046571690366
rotation,21.85531494348299
rotation,12.068682298711055
rotation,9.168042255668318
rotation,8.51276953661652
rotation,18.72141541645321
rotation,6.673249665601667
rotation,10.958107750230319
rotation,11.062109835297717
rotation,13.089463148443102
rotation,9.777582292436081
rotation,11.963931674243389
rotation,6.455753105115928
rotation,12.55436455377113
rotation,14.43188572715462
rotation,4.0754247816147355
rotation,11.324237891918626
rotation,16.88466753858373
rotation,22.682025134767215
rotation,13.91126002483086
rotation,18.028895088311234
rotation,37.55787011913648
rotation,34.5734412200934
rotation,49.992769402104095
rotation,31.46454074508607
rotation,55.75017061696462
rotation,19.113825064573764
rotation,70.99879698482236
rotation,6.674766240619724
rotation,87.53168394321051
rotation,7.103155559998391
rotation,111.7663765273706
rotation,11.495557648386097
rotation,122.43984166162598
rotation,12.339233805955963
rotation,133.2508727885212
rotation,120.80886906752697
rotation,22.283085885003064
rotation,161.96928640988912
rotation,120.55281240112393
rotation,31.01365445122023
rotation,134.30412723729216
rotation,113.38542479355833
rotation,12.928609505160754
rotation,130.21632885942208
rotation,87.61941259579416
rotation,24.461596402764485
rotation,138.25967216115376
rotation,125.92406360795427
rotation,17.223450328841437
rotation,39.14963966079054
rotation,108.53311846327833
rotation,131.52606336236207
rotation,25.250243666822414
rotation,73.50448375007169
rotation,93.42717589589485
rotation,139.66949928670317
rotation,31.921495285420306
rotation,89.32626614302157
rotation,147.410482443212
rotation,21.837496346965636
rotation,155.83909214229524
rotation,135.28995425873163
rotation,109.5008752183432
rotation,5.451753341122957
rotation,152.27235500400727
rotation,127.70520844729242
rotation,102.30532936208756
rotation,19.99284211121546
rotation,72.51873318543782
rotation,68.20606278317338
rotation,110.13375304160762
rotation,120.0244100823837
rotation,116.6661648672972
rotation,96.40995320811547
rotation,80.63662973238407
rotation,55.090500546727576
rotation,46.735710720159446
rotation,53.54073087749361
rotation,62.83498514466427
rotation,76.71290611905263
rotation,70.71500684646614
rotation,67.53373793846531
rotation,82.68636925728364
rotation,126.25067855865422
rotation,134.42183700787413
rotation,141.47843447644058
rotation,145.89672482106798
rotation,158.57853953125075
rotation,130.96837379956423
rotation,92.98392603639498
rotation,29.226725386137577
rotation,19.053193465024023
rotation,87.30849211021915
rotation,135.0743728327047
rotation,140.35686022966107
rotation,167.03390294475875
rotation,172.02179896699306
rotation,170.58095127665644
rotation,160.5494730218029
rotation,165.39294298597986
rotation,161.92297707871322
rotation,155.19664703437098
rotation,168.55349199161486
rotation,142.25347662013226
rotation,162.98304866449814
rotation,109.72842124558248
rotation,163.7200088997435
rotation,101.4358059177929
rotation,170.06836710478274
rotation,110.46541355297781
rotation,162.62049886870312
rotation,114.30115741365194
rotation,162.1800419792281
rotation,110.90083222292539
rotation,174.0325196404818
rotation,164.7230399511666
rotation,102.27167225398851
rotation,152.56344874427973
rotation,165.06531794804604
rotation,152.1348425964317
rotation,168.22739812150016
rotation,159.59553768839663
rotation,163.9622505262448
rotation,163.77721137586403
rotation,138.89982244512365
rotation,6.407533559895714
rotation,167.16313416316237
rotation,96.09892486440549
rotation,15.941059178503401
rotation,164.10865313237275
rotation,70.91579025178444
rotation,14.284800873225068
rotation,140.2275436995064
rotation,58.679813074961714
rotation,12.29994046665635
rotation,38.48255746150779
rotation,1.7284590747727442
rotation,56.321280048131584
rotation,48.5155843794176
rotation,50.13765566298296
rotation,34.70861925202966
rotation,120.69597921453139
rotation,36.141209087481734
rotation,16.14075125784062
rotation,17.467355015236254
rotation,14.270601775802238
rotation,14.059808486230025
rotation,34.28875052037441
rotation,17.334119358016416
rotation,7.957023985932986
rotation,16.204636083617064
rotation,5.874352669705651
rotation,145.2916756926783
rotation,22.099721587880794
rotation,1.4706220151731082
rotation,146.30623469921005
rotation,24.61392148004163
rotation,3.382156130413674
rotation,39.78881030226649
rotation,2.611020729211017
rotation,12.556362958975443
rotation,11.785952725125679
rotation,23.329459854709203
rotation,15.111921056345233
rotation,24.434319594381993
rotation,22.179773722309587
rotation,28.78900356598389
rotation,23.699560868635302
rotation,29.118920299529748
rotation,20.443174330014735
rotation,18.721007136298148
rotation,29.30200307918144
rotation,21.37958087465068
rotation,11.718169801128747
rotation,13.624642040106243
rotation,5.240241074926369
rotation,1.38931402704517
rotation,1.6080078936846813
rotation,5.07240634225937
rotation,7.054701562536973
rotation,11.95426238305746
rotation,7.562937102707741
rotation,12.135966919687919
rotation,19.69838836008738
rotation,13.660141911513062
rotation,1.688615838727842
rotation,15.117486171645815
rotation,10.909277651363247
rotation,12.557681708530035
rotation,3.1109866075216575
rotation,14.502978517400914
rotation,7.364513428105327
rotation,9.612539134712664
rotation,7.849452178319238
rotation,11.222424386678348
rotation,10.814272096213275
rotation,7.073429283450546
rotation,10.71922325844967
rotation,10.741134275353412
rotation,10.830218156229945
rotation,6.684172698884515
rotation,2.24405903990416
rotation,5.210201808352429
rotation,15.417636688120792
rotation,5.268288315183252
rotation,7.707769380826635
rotation,6.3043819361507625
rotation,16.49270488272076
rotation,6.456447749150116
rotation,11.477968536076936
rotation,12.185987762493024
rotation,8.356164211256813
rotation,13.20855341056211
rotation,37.53327388022246
rotation,15.348171088268389
rotation,21.04495792871949
rotation,76.9980210489122
rotation,27.28259900483642
rotation,26.936889944394377
rotation,104.19491998427382
rotation,35.252866077248385
rotation,105.50376358392195
rotation,36.59156414471117
rotation,160.68333031929762
rotation,77.08921945692418
rotation,22.53726810437654
rotation,168.3671285326434
rotation,69.57210768098913
rotation,26.745349018807232
rotation,159.6298616270485
rotation,77.55991710774674
rotation,164.58531239588507
rotation,25.574244041470234
rotation,112.11548738036386
rotation,165.90267502598857
rotation,19.20100588649024
rotation,127.51761498961586
rotation,172.49686891728635
rotation,20.323688362615215
rotation,133.58769607834353
rotation,169.69477268855596
rotation,34.760135943070345
rotation,144.11715338283395
rotation,162.95604964360626
rotation,55.24109901873782
rotation,149.88874269078926
rotation,155.39257363480743
rotation,80.40615518353314
rotation,169.58346896180177
rotation,175.075214138297
rotation,107.04580256996631
rotation,163.65333711942978
rotation,137.80601678389908
rotation,176.85676171655493
rotation,150.5557306490257
rotation,46.89731070216113
rotation,155.6242161479636
rotation,144.4575765032153
rotation,19.164131852869424
rotation,149.5430808691089
rotation,132.93281862346257
rotation,10.747320263808671
rotation,124.15048096242262
rotation,117.09395563166035
rotation,4.044556779688909
rotation,87.62552444550705
rotation,8.623653626936008
rotation,51.13013024841012
rotation,16.78947596360399
rotation,36.068443014403954
rotation,15.03173271311434
rotation,35.70552226951444
rotation,5.709569222882989
rotation,25.37934285491702
rotation,23.959028489202424
rotation,56.012898970299844
rotation,17.240318879258034
rotation,47.85085958122382
rotation,6.937845800567696
rotation,41.572422863019725
rotation,10.024948230529551
rotation,49.13154594708202
rotation,13.766531179863664
rotation,53.0405481594934
rotation,19.183911061129372
rotation,20.654768102865386
rotation,114.4456082949351
rotation,149.01187961628943
rotation,29.773668453111302
rotation,150.82342131144088
rotation,149.08852347221264
rotation,174.09701116510874
rotation,155.3500039613386
rotation,172.55331353945047
rotation,166.68390773710695
rotation,175.90776593438824
rotation,158.38080078270875
rotation,174.56703397867523
rotation,139.10797853143097
rotation,177.76360384369056
rotation,126.07335375269231
rotation,156.83374108029165
rotation,125.14600052252163
rotation,135.4644168059508
rotation,134.8609794840514
rotation,149.2264478046669
rotation,122.89704890937007
rotation,140.25145864471753
rotation,157.59599937962562
rotation,118.94694575303521
rotation,156.5768560893227
rotation,152.11308309464462
rotation,121.19361845685569
rotation,109.80078130714625
rotation,79.62916124309446
rotation,18.1707433562607
rotation,41.23799525919614
rotation,61.60252938349814
rotation,41.1504539754744
rotation,41.45151826077964
rotation,62.684085895805914
rotation,44.23020418821857
rotation,40.31800629391507
rotation,63.27640290082441
rotation,55.582791201658715
rotation,8.652754285788006
rotation,146.53634548550522
rotation,145.77055509012285
rotation,60.1475465488828
rotation,35.39788120364663
rotation,58.315004311786446
rotation,84.32096793814421
rotation,145.3275031820206
rotation,135.15578450074304
rotation,92.5149864260721
rotation,132.26587267537195
rotation,76.2453469868141
rotation,127.15128398811291
rotation,68.12526953334961
rotation,118.4017162919948
rotation,88.57409789849315
rotation,122.55443814359853
rotation,99.72139835925017
rotation,120.31090507361714
rotation,119.22271218256522
rotation,126.41193134145055
rotation,164.08938308503306
rotation,151.28026064129043
rotation,156.1316183050642
rotation,130.7676811360571
rotation,79.59879558535921
rotation,145.8235536517183
rotation,110.42815988688666
rotation,148.99001042782422
rotation,97.27282586976929
rotation,29.482640899196806
rotation,154.30375729156196
rotation,97.4061514312516
rotation,167.75998481531784
rotation,88.86414278375793
rotation,102.22185988862655
rotation,152.0260139821127
rotation,42.43978187782006
rotation,110.87665566795619
rotation,121.0860159253718
rotation,29.594164209143994
rotation,139.85767304914668
rotation,119.9111643070641
rotation,20.815508472072523
rotation,131.88793825591858
rotation,159.4829796040016
rotation,154.8077607674306
rotation,131.71086969861815
rotation,98.9096134938644
rotation,56.29928540792711
rotation,33.056623510276026
rotation,22.572393387727306
rotation,173.21537235450955
rotation,24.199545009442982
rotation,153.67875179675445
rotation,59.464827565078686
rotation,41.21771920182088
rotation,147.38401358749226
rotation,43.9304309697205
rotation,161.66373520067268
rotation,130.03804251454585
rotation,22.95599491143417
rotation,148.78150825681575
rotation,131.76857645080779
rotation,2.6217197333613917
rotation,117.0203970278876
rotation,136.66732797410367
rotation,21.396278990466726
rotation,104.51349279153054
rotation,144.83547367720237
rotation,38.64649894604691
rotation,119.5039845658094
rotation,96.53179436534619
rotation,44.13143851979259
rotation,35.71661407136762
rotation,92.18909492620531
rotation,82.25895720777007
rotation,10.967296590856185
rotation,26.498182620125302
rotation,68.59312926706184
rotation,72.43891381079716
rotation,9.689635227285486
rotation,12.290606052052905
rotation,67.0851282940111
rotation,2.4804786900825273
rotation,4.185452115549426
rotation,2.919681728498635
rotation,7.796403243600702
rotation,20.580264078706428
rotation,6.462571720989476
rotation,29.02684727385245
rotation,4.573999082842788
rotation,58.48383897648938
rotation,50.615499094272714
rotation,7.591425438825127
rotation,42.22973852052685
rotation,45.70587056665309
rotation,15.247816081197632
rotation,38.503806418493696
rotation,36.90035090156194
rotation,15.964343397460878
rotation,69.7648681137947
rotation,38.972470866596936
rotation,22.131219462851437
rotation,1.7550370756805445
rotation,68.4464728287115
rotation,28.557343689245656
rotation,8.954569569402604
rotation,8.796912797781015
rotation,43.249091860150266
rotation,29.38503103209695
rotation,2.6591062646216526
rotation,13.435774558527688
rotation,33.637036511399344
rotation,27.588315329273666
rotation,4.564324728220738
rotation,12.080733257193696
rotation,24.38331087488158
rotation,19.587720126766826
rotation,6.152357262237483
rotation,2.9754428740593446
rotation,1.0976103868664129
rotation,46.903600860825456
rotation,3.4455697937255056
rotation,8.913047549703451
rotation,99.80737632624037
rotation,52.56076084878696
rotation,143.75183727024694
rotation,138.3709495747675
rotation,176.2631817202917
rotation,152.23846515837823
rotation,171.17707728464015
rotation,172.21264979811852
rotation,170.1380297034611
rotation,171.91817633880734
rotation,177.79577158706113
rotation,163.40848228610395
rotation,154.96223397826628
rotation,128.00884305603688
rotation,148.24067191675974
rotation,129.37050127228238
rotation,148.37470105301324
rotation,145.50017395456237
rotation,140.1059403926088
rotation,157.54501520954776
rotation,174.96960357271624
rotation,121.83781432713364
rotation,131.36031838285808
rotation,105.92551195711178
rotation,108.38997351925008
rotation,99.21133766084665
rotation,57.10275220795966
rotation,88.23556957772338
rotation,73.5852149355614
rotation,80.06143132575627
rotation,76.78251560757136
rotation,11.70408045209383
rotation,83.76315010795534
rotation,51.68631381186152
rotation,98.40279442445592
rotation,48.591656461815866
rotation,79.43006632220083
rotation,35.62429054296336
rotation,81.6608818411055
rotation,37.30924320727412
rotation,15.42442879021878
rotation,77.49313366870024
rotation,16.618705129644184
rotation,19.56168779566977
rotation,72.32913086236184
rotation,20.187449120768495
rotation,74.08815809549405
rotation,3.4546057993550843
rotation,66.25274569882464
rotation,48.68366658484835
rotation,29.967938443431173
rotation,26.68571735236217
rotation,65.34492200135954
rotation,68.20090598225268
rotation,79.42420375780581
rotation,59.57736797868034
rotation,68.96578547612414
rotation,87.6291912708941
rotation,68.040189445541
rotation,75.00625771753005
rotation,91.03481291854582
rotation,104.30621198245703
rotation,82.0530566400187
rotation,97.37914703331276
rotation,70.0446231288959
rotation,20.148728327029257
rotation,62.73983965668241
rotation,67.66897681898487
rotation,55.60857585140164
rotation,66.2386967314119
rotation,75.08705331516423
rotation,32.69152919916434
rotation,70.54777955799538
rotation,30.542044127738816
rotation,71.62481918409004
rotation,69.33362816100203
rotation,62.900362731125895
rotation,88.75002644116523
rotation,76.8895757974625
rotation,58.44073543806157
rotation,80.91097946787693
rotation,53.07346040374505
rotation,46.53038144787725
rotation,34.4520006980753
rotation,45.753881446923195
rotation,3.1907736707087495
rotation,96.46851658337532
rotation,5.145180231625463
rotation,99.60333159416574
rotation,13.436062328056728
rotation,83.66382971900178
rotation,20.50495642049713
rotation,66.7029760628179
rotation,32.60903081632603
rotation,71.45175453144769
rotation,30.917215340141034
rotation,33.559008282661544
rotation,60.509387760480074
rotation,46.57410595848559
rotation,62.5154141636323
rotation,107.27785494500456
rotation,51.130234261041494
rotation,82.14259064053626
rotation,109.4406996070467
rotation,78.54895667043183
rotation,57.73527374748248
rotation,82.12576435870659
rotation,109.39221044667732
rotation,66.04515950887337
rotation,47.304487476611705
rotation,64.30305862423484
rotation,117.15479996538497
rotation,61.017161450282074
rotation,34.332058806531684
rotation,50.69243004985706
rotation,151.28279977205665
rotation,56.084362476407264
rotation,31.91974438294727
rotation,37.855112087186704
rotation,28.063580028179242
rotation,12.52720768142133
rotation,50.04069043510401
rotation,7.65563398403467
rotation,7.84230027091492
rotation,4.195784231886292
rotation,6.041660746207071
rotation,18.529882195897365
rotation,3.169258829445973
rotation,10.98197622816445
rotation,3.6636736701801613
rotation,6.918014642332636
rotation,11.236235939892442
rotation,14.523820667329696
rotation,6.632999503745589
rotation,9.731383803633685
rotation,4.141140101144034
rotation,4.13307297840191
rotation,14.245032379931978
rotation,4.766263590782
rotation,20.806311444914524
rotation,8.295626783490071
rotation,20.101148113032078
rotation,5.694810668479628
rotation,4.52380971262732
rotation,11.44883801512568
rotation,10.455175103384592
rotation,18.086637073663443
rotation,19.475750932738766
rotation,17.537044358176338
rotation,21.445631273197684
rotation,5.022573972520289
rotation,9.996404102949695
rotation,11.74835770602504
rotation,4.812822792597362
rotation,5.026552161024187
rotation,16.676771102244334
rotation,11.885838264869335
rotation,9.588853353752258
rotation,9.27596779555659
rotation,33.36698365750773
rotation,33.459980414749666
rotation,28.21212042234257
rotation,44.95798094794742
rotation,37.32205434384185
rotation,15.45071760407725
rotation,36.8820710786944
rotation,13.158496221902885
rotation,59.88266882716095
rotation,86.30649545316669
rotation,68.44821759672494
rotation,80.13072206045925
rotation,87.5940479869663
rotation,79.72767371686102
rotation,77.44866135109
rotation,77.47673481771427
rotation,78.35860141505111
rotation,44.295602319679716
rotation,70.90000833187551
rotation,74.84451078572174
rotation,85.2479470899319
rotation,95.41489114986426
rotation,126.89103823411178
rotation,81.21311882797707
rotation,69.06832945734504
rotation,88.0685079977891
rotation,47.32420416745399
rotation,82.0277806817457
rotation,22.338135873757246
rotation,77.90425784245382
rotation,30.09895474418251
rotation,77.79829668246877
rotation,40.558278361774725
rotation,93.3238668583689
rotation,94.41312149275052
rotation,104.91870167058582
rotation,109.75361123101678
rotation,86.01322720043049
rotation,88.24075757139268
rotation,8.774103319528335
rotation,33.87961002870061
rotation,7.8879982455946855
rotation,9.486031295820258
rotation,56.59168421111587
rotation,5.576703028204517
rotation,6.757530078141287
rotation,67.28468042344142
rotation,16.34834029302921
rotation,16.097946695820948
rotation,78.13583194166407
rotation,12.494578585221035
rotation,4.222441359371951
rotation,98.03650260869763
rotation,32.58397745643248
rotation,103.05800552404526
rotation,107.03848402316011
rotation,100.3782588116557
rotation,77.6446858253188
rotation,74.9049528888529
rotation,40.914128975329085
rotation,67.7559524477591
rotation,54.46266515321663
rotation,63.097112588656955
rotation,60.84905158972773
rotation,56.755259745797694
rotation,86.53479923195381
rotation,51.35811339049799
rotation,80.96716922966132
rotation,60.58268700676844
rotation,24.455949132416634
rotation,24.995036131585174
rotation,8.61198767798805
rotation,5.109681014018853
rotation,105.96419589579007
rotation,12.025523800486225
rotation,5.536962530515916
rotation,9.885746412921895
rotation,2.235211824831773
rotation,17.118459579125318
rotation,14.785288034614402
rotation,6.255856672000349
rotation,10.372230183675121
rotation,115.32304097750833
rotation,11.917896421023604
rotation,30.954695571365484
rotation,4.054847004904803
rotation,38.976049990294975
rotation,7.443088198933276
rotation,16.502515031716992
rotation,13.677174112823113
rotation,5.201675962638693
rotation,9.884051972802371
rotation,13.331613449774855
rotation,73.2816673044176
rotation,7.70694426842685
rotation,6.1667865380261215
rotation,17.63123720371317
rotation,12.00516727137081
rotation,5.706999200712305
rotation,14.331079590136813
rotation,13.163032005420988
rotation,6.823256980117154
rotation,5.63083874614968
rotation,11.505010800280957
rotation,5.271473096950652
rotation,13.310764740097262
rotation,6.7368829509796795
rotation,5.389096759758832
rotation,19.74951358344651
rotation,15.641738148289221
rotation,24.523320680471105
rotation,5.725919112796825
rotation,4.793878816334967
rotation,9.934107650635646
rotation,26.33510364472519
rotation,3.1127536799187605
rotation,11.344377784588831
rotation,20.88381125889029
rotation,9.266845442748526
rotation,5.376898992941388
rotation,6.119504020494316
rotation,11.204829946794423
rotation,69.44116720859127
rotation,5.763141237403657
rotation,18.806890666218564
rotation,79.8970512078721
rotation,30.23007955828412
rotation,66.5549135921043
rotation,66.68569772962107
rotation,34.47797189718896
rotation,64.71371650032609
rotation,167.8180180566857
rotation,169.7172472979339
rotation,46.16383209698899
rotation,127.28859954248816
rotation,157.6456065018011
rotation,105.97221326469545
rotation,10.385032989256226
rotation,8.081662214392406
rotation,14.08357229724059
rotation,8.928685067995888
rotation,4.835915362402712
rotation,10.398113535515963
rotation,30.196020496165264
rotation,1.46826915650451
rotation,4.022399049850267
rotation,2.136780258945757
rotation,2.570307150512201
rotation,7.739897462233156
rotation,1.330351705782003
rotation,1.5131592788958372
rotation,1.266769990547102
rotation,0.5236431386395333
rotation,3.5449928727841926
rotation,38.05170033871387
rotation,2.1292156217297946
rotation,2.19014895125674
rotation,46.601783106888924
rotation,3.5962941856975976
rotation,15.580863754412816
rotation,3.4015736445915254
rotation,3.1642847102329563
rotation,8.711038985805626
rotation,2.4942458254175115
rotation,2.8867483536472647
rotation,40.57756206334361
rotation,7.4756339105418075
rotation,1.7700410178969324
rotation,6.655337139735346
rotation,2.19526687263135
rotation,2.4036364028987975
rotation,2.1450294676509905
rotation,2.3142247342066855
rotation,1.7125251698307122
rotation,18.163284728243443
rotation,3.0830427688619264
rotation,5.806886040230419
rotation,5.387711602417917
rotation,1.7772394986535962
rotation,2.2928628455029094
rotation,2.743740127153782
rotation,3.1364150292538695
rotation,1.593207445869775
rotation,1.2535523073726096
rotation,3.7005423537382054
rotation,6.981084702406646
rotation,6.7337002918859685
rotation,3.7800680328634435
rotation,2.5441679339114827
rotation,8.01586655956626
rotation,7.094795190450741
rotation,6.007526376541747
rotation,19.038499708622567
rotation,4.909753737051532
rotation,156.64709161253202
rotation,8.446452483653049
rotation,46.52575146649611
rotation,97.7812354707287
rotation,14.598247992273151
rotation,13.877804418304326
rotation,10.180605114328847
rotation,2.7318999127778296
rotation,27.346772078914565
rotation,9.41500297253054
rotation,37.8192094604243
rotation,25.401635622066213
rotation,69.10760347906593
rotation,47.520843843106626
rotation,104.12969209840864
rotation,79.11242064844446
rotation,30.89578048806089
rotation,40.76280765129645
rotation,7.05435068373796
rotation,15.072101948013056
rotation,29.396253727882193
rotation,9.855561842954243
rotation,13.016501297178511
rotation,26.819645934622898
rotation,11.676882937930046
rotation,8.114875038095475
rotation,9.510401702263218
rotation,6.640378820213112
rotation,3.6087404060534785
rotation,10.444691206719899
rotation,9.745117545475146
rotation,33.054417214170016
rotation,10.121242126962008
rotation,18.67542914132508
rotation,13.114134183751366
rotation,49.87909653758561
rotation,12.233417869395248
rotation,22.718685157083975
rotation,18.244481570719973
rotation,48.111979732264935
rotation,3.259471055430845
rotation,7.488995767202215
rotation,17.790028172904638
rotation,52.42788998402313
rotation,18.56430899432851
rotation,6.431660437469798
rotation,12.027987852689645
rotation,41.597854081730084
rotation,26.316378754299407
rotation,25.22105429681551
rotation,7.78302077118701
rotation,39.37921594985992
rotation,40.292339709556366
rotation,23.946856106954534
rotation,10.018436287750633
rotation,19.087369171077363
rotation,17.975619922245635
rotation,7.331573061901891
rotation,27.83722024595558
rotation,15.247892668254389
rotation,24.508388928646486
rotation,17.767776839905924
rotation,65.5980142324051
rotation,10.05042700587626
rotation,29.622355681031724
rotation,26.441643234390362
rotation,1.2814976450032372
rotation,17.359630506218178
rotation,13.837143491558994
rotation,7.131442741718195
rotation,8.182996730478528
rotation,24.715318087321176
rotation,11.995405375276905
rotation,5.824225013004926
