type,angular_direction_error_deg
translation,24.697929859218302
translation,17.27111985698549
translation,7.955319658958533
translation,16.2072270556124
translation,32.454685118704774
translation,29.71015535234432
translation,33.69383610785786
translation,17.01134662401712
translation,27.48451150184571
translation,14.704986705471427
translation,37.65007950696676
translation,13.599303919009584
translation,46.311441935512214
translation,32.313164591150276
translation,37.09074443842521
translation,26.930126320723772
translation,17.936164053493133
translation,21.581794885908824
translation,11.764842432522336
translation,19.604191969577368
translation,31.19535006415972
translation,10.315212159108281
translation,33.04469909620338
translation,2.0699973254271673
translation,11.793692945372877
translation,24.21048746683886
translation,5.073607820233746
translation,9.861343570270082
translation,7.0737315265047345
translation,4.0586132705618
translation,36.87859863489908
translation,19.242332672494715
translation,6.5275790638223
translation,43.12480952367491
translation,27.307234004431844
translation,7.249662380636774
translation,40.994837013481956
translation,5.802884742076883
translation,32.77519879436691
translation,10.417771362135667
translation,20.087949990712183
translation,23.17412514653841
translation,27.107989119040475
translation,18.30226574748195
translation,17.00300027099037
translation,23.639765213355222
translation,21.880810653882317
translation,13.405892671580574
translation,68.28179398493812
translation,31.72927074020231
translation,14.661710985331906
translation,3.118996606048194
translation,90.50835143860738
translation,27.931788620755892
translation,8.532198844855575
translation,14.304129668817634
translation,109.56833013023305
translation,19.81938698633957
translation,31.449903282048364
translation,3.3524553916942295
translation,46.55031689850532
translation,12.481049516746118
translation,29.36864937126221
translation,1.4226209285960112
translation,12.92256127929167
translation,25.997545918180293
translation,22.847796683030577
translation,3.0956203091772454
translation,33.02502048128172
translation,48.41602537658954
translation,15.903946162579869
translation,2.3395617602355285
translation,36.91844936026316
translation,53.98275077723353
translation,17.21235102546996
translation,2.6459389085973597
translation,38.46592603296765
translation,50.39906562870703
translation,7.962335125892302
translation,7.143245309002522
translation,57.94109319838442
translation,43.42105110514901
translation,17.604983504040337
translation,3.680922515868756
translation,63.90706983201633
translation,8.324634772951132
translation,27.951916535980022
translation,1.2805572493309163
translation,84.66504586209038
translation,38.59009000752601
translation,6.62172924257835
translation,9.29979518230859
translation,72.82491676769273
translation,56.19785644373568
translation,7.827277497322058
translation,9.293544815652115
translation,41.088167022378755
translation,63.641282709050486
translation,18.11873914302398
translation,7.06006758126431
translation,44.62851607167326
translation,65.19427161194976
translation,26.50514231227426
translation,8.209742941897131
translation,60.42389101469521
translation,64.77939755165481
translation,34.82487567461503
translation,4.855493913766744
translation,69.11439335098015
translation,62.81597300629508
translation,35.160260397935886
translation,5.458557599806785
translation,83.65682321012736
translation,59.137139989605096
translation,23.907884829985306
translation,10.183149808161064
translation,84.39649885162521
translation,58.95520661556646
translation,6.138743078741164
translation,6.106362768163291
translation,74.4799907170866
translation,40.93045293138957
translation,10.142971869908113
translation,5.16182983849426
translation,92.19885227706426
translation,39.41894184001882
translation,34.50184760672867
translation,3.7287257670226173
translation,85.03264208568366
translation,28.346875866769036
translation,47.92224348272191
translation,7.473220860735071
translation,84.19099484149963
translation,26.77247281084921
translation,54.922480362379346
translation,12.016807961896191
translation,58.351741243452565
translation,27.933765789947874
translation,53.753162188305865
translation,4.053958708673983
translation,26.41377959683814
translation,6.428732467613742
translation,42.15390449341678
translation,9.090821027509403
translation,7.484775771063589
translation,5.8377675995419125
translation,9.283808299829618
translation,2.6580789845007122
translation,42.49476623747577
translation,34.70295954312767
translation,24.377428753511495
translation,13.020741047965604
translation,83.71592457519084
translation,42.728940829193014
translation,28.096077733484943
translation,16.970435605583706
translation,57.20738944613987
translation,36.26485868105625
translation,12.262928655524862
translation,101.18932595284461
translation,40.44285797485138
translation,3.160717556219554
translation,83.18436639132125
translation,39.43900137039195
translation,13.31665600638933
translation,25.695944667723094
translation,72.36966565725683
translation,3.5849198043115202
translation,24.926988854575363
translation,67.74664611839665
translation,91.5436397547272
translation,15.913452051943182
translation,33.52379028671023
translation,96.40664293231889
translation,59.49907642602037
translation,9.435709896690994
translation,19.19679146228885
translation,81.84939402210455
translation,8.937224204564577
translation,4.97290810331552
translation,8.896651970822134
translation,92.45567063685682
translation,19.132668589160126
translation,3.0293222684053926
translation,7.377743528463375
translation,49.468152739109264
translation,37.715003546908726
translation,13.200888385596151
translation,2.0358907321929323
translation,43.17009530581717
translation,51.39571345945956
translation,23.409065512216902
translation,10.556942544238666
translation,63.328746161730564
translation,65.67425194567556
translation,36.73366759525775
translation,28.244804059551175
translation,51.575597056801065
translation,44.93282763823991
translation,19.066104801745006
translation,33.500904974927586
translation,45.16719374868835
translation,13.575648775732349
translation,7.282680800699192
translation,7.466586596709771
translation,53.08630369920351
translation,4.76963226006804
translation,9.205269584320634
translation,6.588157805748625
translation,66.09032592860837
translation,19.20895037373185
translation,16.62973583861248
translation,17.799540578942008
translation,15.766110939675125
translation,76.54681899481031
translation,28.360843083067753
translation,31.521311733118793
translation,72.44926200603221
translation,101.79694090706353
translation,39.107834002401304
translation,27.397533746574172
translation,74.809221679938
translation,93.14861679298423
translation,44.96127374956872
translation,20.961142660311225
translation,85.87034496881287
translation,81.45750240618668
translation,43.23490118787186
translation,20.224346348068877
translation,130.262930102587
translation,93.47499233606058
translation,24.704302113776375
translation,23.80492046069643
translation,158.47508792547805
translation,103.55377263800297
translation,30.358741201275937
translation,23.922446750055467
translation,148.0229902345311
translation,60.72859910467276
translation,25.28042447323099
translation,20.115627087728583
translation,4.6523260074911414
translation,16.25185143000068
translation,17.6676085304586
translation,63.660813070372996
translation,12.551629435659628
translation,22.08956321331998
translation,11.346180952231684
translation,40.322843514383955
translation,17.50984005669803
translation,6.834470013422796
translation,13.071119388171656
translation,15.452518643870325
translation,21.401596153302137
translation,17.746727523515705
translation,25.08958684366321
translation,3.4628858702280274
translation,37.55635763298438
translation,23.02341104388738
translation,25.887152511935785
translation,17.37821302764762
translation,55.55109463754211
translation,23.27141083978079
translation,20.472811134688868
translation,39.579019702719286
translation,40.2801607559639
translation,10.76539678982764
translation,11.04434775691006
translation,43.26489123275851
translation,10.070016067332494
translation,12.90042369964474
translation,15.628286451128337
translation,99.95460549743572
translation,24.878014925241906
translation,22.72074219558119
translation,15.613359756026252
translation,154.3655259573823
translation,38.81449851072605
translation,12.602580922186979
translation,10.77604894790804
translation,102.13518626149423
translation,5.548878114937981
translation,21.98596913812331
translation,3.5818236752461377
translation,99.6409507021918
translation,50.53438001466148
translation,37.937225280977884
translation,13.448307931711122
translation,57.18066777979033
translation,28.467181578375346
translation,30.439405378247773
translation,13.591404667972608
translation,44.81345475190644
translation,19.646283483330123
translation,5.071156839123318
translation,13.157827028923823
translation,11.769642397610102
translation,18.456845541725972
translation,5.20483466485275
translation,23.840513316912386
translation,55.69904038528453
translation,16.594599059415245
translation,16.14241363875081
translation,24.176590676900812
translation,64.51534357418008
translation,23.972391403809603
translation,16.7231504967955
translation,23.84120916209715
translation,11.3727083551102
translation,20.44557637864672
translation,29.699302569050168
translation,149.24841448074272
translation,43.992657403023365
translation,14.67115041022827
translation,24.993939456908986
translation,91.31480904613436
translation,28.79525159082855
translation,6.123825492536157
translation,13.059291849133803
translation,75.49344400536503
translation,30.229018196750232
translation,12.496062799937231
translation,13.438354161183899
translation,27.646831987860413
translation,16.724471435495047
translation,16.644862342534296
translation,8.37411413048303
translation,43.24540121649693
translation,10.21175306622231
translation,27.441750468563253
translation,16.45910780959866
translation,60.63872877622853
translation,27.955640759892518
translation,32.50623974907215
translation,23.45721358929538
translation,69.51341160137133
translation,42.65852017464248
translation,36.06395268037026
translation,32.128509268779354
translation,42.68962696928293
translation,39.751553342948846
translation,26.43706070189428
translation,81.78069683044487
translation,49.046686271381574
translation,17.400402775664624
translation,16.903997577429276
translation,91.58765435892815
translation,50.461836023850275
translation,0.7561796424040138
translation,7.1170242062132
translation,87.05872434669931
translation,15.229862143005972
translation,20.463553513422898
translation,16.7288239570028
translation,71.44216850523007
translation,17.99822275133494
translation,11.406231835815342
translation,13.928459757418025
translation,59.2466025657657
translation,40.169646935341206
translation,19.426024288734315
translation,9.994975449687763
translation,54.96569797034412
translation,37.507540387633654
translation,24.348892438957154
translation,4.369413392749309
translation,49.68075681401922
translation,28.57149109584579
translation,27.387382738389327
translation,2.2272578818171493
translation,32.37405535817131
translation,35.45312845946967
translation,20.117449619165637
translation,13.853540020126387
translation,33.43272793152112
translation,29.71776082955014
translation,22.618125567387995
translation,22.06133568680793
translation,56.01334380431094
translation,28.94463129987205
translation,22.56872241231258
translation,28.329446406648596
translation,102.16781347600623
translation,30.848608143953857
translation,24.16175937435107
translation,13.749968026241456
translation,58.76819359295686
translation,36.86681932779038
translation,35.945452189148035
translation,3.6622561091708983
translation,33.31931041272697
translation,27.003853532299097
translation,39.467297668398245
translation,4.534164823035127
translation,41.53385059747808
translation,20.000117074006212
translation,34.03977691056872
translation,11.068518688538596
translation,28.716477607025464
translation,25.93023797672131
translation,13.414938175798712
translation,14.41608355592523
translation,58.23780092647731
translation,14.996464318005327
translation,3.272510315813976
translation,26.28611569146087
translation,86.17978645183786
translation,14.427460003786631
translation,18.879169366107767
translation,2.719182917603402
translation,112.92865889825414
translation,21.628432426028816
translation,32.00994538410285
translation,15.608065147683917
translation,38.5049690237087
translation,30.000301839296625
translation,25.89671389412684
translation,21.051271086886715
translation,45.62286725216149
translation,21.843251889235273
translation,25.202776010748213
translation,18.662389465817547
translation,38.177214635252106
translation,58.32271450132799
translation,5.627134820438701
translation,2.6027156833576197
translation,22.18401415752868
translation,48.75833317347613
translation,25.524578909195863
translation,29.229561635896516
translation,111.08787510297124
translation,52.268029059284984
translation,40.75357332938288
translation,48.12265227107604
translation,126.23081308140245
translation,20.223677024091437
translation,8.102817768092295
translation,57.92979646180584
translation,130.06021856971861
translation,35.03912152257383
translation,14.488884230953161
translation,50.00475068140463
translation,110.85288703498556
translation,42.38684403919217
translation,16.78292692175688
translation,9.378734063037184
translation,48.03462884594439
translation,29.867608255933302
translation,12.908227583916123
translation,3.2376828484542615
translation,18.350624847363324
translation,31.251259977644484
translation,3.0808899061203325
translation,8.175550004562439
translation,34.64682628140797
translation,10.749908346031155
translation,7.62167405054701
translation,7.843125982699622
translation,48.18281683077762
translation,12.402875742522145
translation,3.0504193835325655
translation,18.858736055838666
translation,72.66484803469284
translation,82.7998239687861
translation,53.0727752655466
translation,32.316016274807126
translation,146.8862170858469
translation,69.45397679785911
translation,17.689983181706115
translation,124.12522660229945
translation,39.86463848888798
translation,46.59709151772445
translation,18.61482564305239
translation,115.78437792300456
translation,20.170576807913786
translation,32.7209935601706
translation,33.05553724742165
translation,123.01357918732626
translation,23.352486004762465
translation,16.846825980539677
translation,28.831990698584683
translation,19.58386129162198
translation,32.09830741763544
translation,15.472513740105821
translation,20.419515623176263
translation,35.01950628568977
translation,88.89471468438525
translation,17.442533732042975
translation,5.146657111379738
translation,33.05047494275721
translation,35.71255590011653
translation,25.071570812785946
translation,7.322775200967666
translation,23.920357116559085
translation,10.386254550370298
translation,4.170026908256949
translation,103.2194650993543
translation,121.91646764224106
translation,7.221631649144932
translation,17.462982273573992
translation,142.5947294423518
translation,92.81440000399868
translation,37.70551697013894
translation,31.632535719961492
translation,149.88062172990993
translation,47.649332163031445
translation,47.77611170666439
translation,30.946655546033206
translation,154.4886817367946
translation,19.717358200068134
translation,37.12230462636928
translation,13.883602165513121
translation,5.679690663578983
translation,8.614440970514364
translation,10.122971615834052
translation,5.912319771750504
translation,12.537158999921202
translation,24.1878420780721
translation,7.503343410802345
translation,11.380686186270006
translation,16.499737084366565
translation,23.845020151554067
translation,7.404688999496179
translation,4.389299828712236
translation,7.64195486332501
translation,10.461242258553664
translation,8.272370142933925
translation,7.449299459806483
translation,3.358621533501471
translation,6.111181257614504
translation,12.904144694493779
translation,21.17216576719318
translation,74.1501150704695
translation,16.700953361494655
translation,12.277587000093554
translation,16.239347471621084
translation,118.60284262343407
translation,51.41577189506235
translation,19.71585760190376
translation,1.1526109639494795
translation,49.35772072743073
translation,50.55141136745214
translation,10.916976709478613
translation,8.225775515926143
translation,16.559088430749725
translation,34.77100779807157
translation,10.65943822893503
translation,8.032091787962711
translation,34.08272759936335
translation,22.733017701611363
translation,14.480310856835523
translation,4.0837219259524895
translation,56.15553604082814
translation,35.74040981183136
translation,53.89284182930662
translation,9.378691696425918
translation,72.96904632028821
translation,47.14180825960585
translation,86.80491312133226
translation,5.515488621828946
translation,133.016405688163
translation,43.95245066117481
translation,42.45616821097576
translation,7.572685167387122
translation,116.84832304327053
translation,10.966329806707593
translation,10.548481017514408
translation,7.59333310347398
translation,84.29747267309587
translation,65.49124143182978
translation,25.395450342184134
translation,9.054793220782514
translation,39.50450135838602
translation,78.87533120047428
translation,28.577427209996554
translation,1.3588315789700112
translation,15.00995922849374
translation,67.54168631885257
translation,13.314372808217492
translation,3.843971646511957
translation,26.275175490489023
translation,4.776500518679198
translation,12.000362893700425
translation,29.102475666451653
translation,152.226185964332
translation,7.964318032906593
translation,35.72937915728486
translation,105.00008905693825
translation,157.41088386289917
translation,9.130044219448076
translation,25.540003706151506
translation,127.89022475162545
translation,2.117079449452826
translation,5.464834021415944
translation,147.8909996551016
translation,24.324734450979033
translation,36.23533246880146
translation,7.521475470531831
translation,168.1310056767413
translation,10.237692106616645
translation,38.809174558345276
translation,19.466932275412002
translation,120.21813661462798
translation,5.11556338055938
translation,28.549959786869064
translation,15.073807585520047
translation,52.286793504834804
translation,8.830470882027925
translation,5.6133436442466955
translation,4.2968461616163784
translation,2.1558678537464133
translation,7.5200848346124145
translation,15.076938661994447
translation,6.603853380245006
translation,9.69113433936705
translation,4.670786809858738
translation,8.192419359611721
translation,6.917946815529964
translation,21.866756880906507
translation,9.175535568722632
translation,9.645780943580426
translation,10.126631210138195
translation,24.021783056770108
translation,7.032838909656317
translation,4.323970203138224
translation,17.33972635646673
translation,13.866214261673617
translation,99.59857289097616
translation,30.524001486517736
translation,11.087951493063986
translation,26.47800194428406
translation,121.05416091434944
translation,102.01751240542204
translation,9.897130501160879
translation,117.91635139761622
translation,147.9363252732912
translation,132.48986436973772
translation,37.84614711227015
translation,138.38622752868653
translation,154.1011366563074
translation,99.88471993544114
translation,139.65030599999045
translation,148.69237845498958
translation,65.07422465916547
translation,139.86720191144985
translation,175.13228590323413
translation,31.28605687562182
translation,100.88107010300311
translation,172.4986921974223
translation,9.474585013434458
translation,40.908835532185265
translation,90.70971234420404
translation,11.647982757518665
translation,25.883606698656365
translation,2.1260072590758172
translation,92.42844547429463
translation,31.651242390503914
translation,35.165298504842475
translation,13.956702324151893
translation,75.53792981553735
translation,46.25153925067609
translation,38.68598073361237
translation,16.970308945959026
translation,15.616308078958742
translation,15.528762853074408
translation,17.77453079914815
translation,8.851513139381025
translation,42.13838581119968
translation,14.570430086589461
translation,22.088310779153453
translation,7.221802967735468
translation,47.22836815542126
translation,18.79378251597018
translation,51.301166893236285
translation,14.673904530473255
translation,65.61618321413664
translation,13.738761414838008
translation,57.20571365828847
translation,6.4715220477581195
translation,10.928340893408201
translation,37.92911525074032
translation,10.436837675045764
translation,91.17359248359968
translation,42.1548387283599
translation,6.139241223081103
translation,24.201835844725345
translation,79.56267728907038
translation,51.101734027620154
translation,14.272534163527082
translation,14.604674935001572
translation,39.27121423125365
translation,36.925440590605675
translation,10.805392189425241
translation,6.815780031638597
translation,13.335074227800346
translation,20.186794890699154
translation,8.084640277857508
translation,1.3480529786642994
translation,21.32497583004591
translation,64.44061643280492
translation,10.060373653333956
translation,10.004068448136383
translation,48.638323329515174
translation,115.47554151763104
translation,21.220499537143763
translation,18.04334255800692
translation,85.87392570773197
translation,116.63979880120705
translation,29.29505024295944
translation,22.71226047140141
translation,139.03803871888977
translation,114.20059225328937
translation,15.286644346477633
translation,150.65628090307473
translation,65.00569889769129
translation,92.82894970245555
translation,31.713912430412517
translation,140.63339736766062
translation,30.968086643729546
translation,32.555718949228435
translation,31.312816228209044
translation,117.02825639849088
translation,11.080597974153182
translation,17.857347580618665
translation,26.854040130101286
translation,50.31463382290412
translation,6.866631344995518
translation,4.128852703476664
translation,7.306539395039711
translation,31.513022366762605
translation,7.925093199479401
translation,4.874292823955089
translation,9.223669383502042
translation,6.407658021345603
translation,12.459786209728067
translation,5.784506621133241
translation,12.488454176977498
translation,23.665468177733217
translation,28.473699655471933
translation,10.49763587257275
translation,12.46999566182456
translation,35.22197228381424
translation,55.12278505265137
translation,16.211971730822576
translation,11.704208570513687
translation,39.08928143083294
translation,138.18903171312132
translation,9.219734698205585
translation,12.164740135609106
translation,43.32687623654493
translation,34.04881913846601
translation,6.974143454052275
translation,168.84382564567176
translation,40.060262275041765
translation,80.99001885900675
translation,6.3445747458700765
translation,156.93968734254992
translation,9.880646200328476
translation,12.0571279671471
translation,4.155417777680507
translation,163.45844967005544
translation,11.308045003136385
translation,16.935665242913306
translation,7.374987006995495
translation,136.03612425161623
translation,10.984431705876798
translation,12.728375974114757
translation,3.833163899682707
translation,17.362172622118955
translation,20.779283098059675
translation,5.358417665680401
translation,4.530070264807894
translation,2.6496494800664427
translation,11.278721721443544
translation,4.1609562381887075
translation,5.2733952150769525
translation,1.0404949205321732
translation,11.800597136750163
translation,4.623013347692177
translation,1.4122316660541583
translation,9.252043251242299
translation,30.070909001737373
translation,17.17615816831984
translation,4.016217402050131
translation,76.47842737126393
translation,130.89220931512205
translation,16.872245797801
translation,5.530222278316509
translation,156.6218731982727
translation,153.90489374745542
translation,15.703375379804388
translation,4.974746586850866
translation,163.06891895748393
translation,47.28841618967594
translation,2.5213983419010755
translation,3.8124018004777365
translation,150.2537943040834
translation,25.874924447916857
translation,2.3999437853197283
translation,6.43985653232859
translation,170.22625239193724
translation,14.753374283416903
translation,6.410144068549323
translation,10.678350159355
translation,43.36101908368388
translation,7.91635390047703
translation,2.884149136741322
translation,10.64929322582408
translation,29.489361063193215
translation,13.104456593259076
translation,5.386984452760717
translation,9.093069026542413
translation,27.7087090413299
translation,30.22599994337876
translation,8.170389571130482
translation,1.260190110137333
translation,11.778877267525004
translation,21.224036365264734
translation,9.015986318951153
translation,7.7360407269230915
translation,15.3586315037746
translation,21.297512971843254
translation,9.467808705992438
translation,10.990160463587136
translation,73.35250586514914
translation,60.51182565756522
translation,25.766167310837762
translation,20.516851458614653
translation,160.48813017628515
translation,58.91326690288954
translation,46.24173715679707
translation,10.59682007517626
translation,166.4509392760146
translation,69.87747874210548
translation,108.71724473555945
translation,9.941802391242431
translation,172.50845466108663
translation,80.11646386567895
translation,124.33322932585912
translation,12.44532771842773
translation,52.4992792698154
translation,12.882819388521066
translation,78.36297397637414
translation,5.563393889176897
translation,29.714097917972317
translation,17.211381378933996
translation,38.035520976032124
translation,14.82946613402326
translation,35.09572213364029
translation,6.772432879863304
translation,19.30810327508823
translation,11.55356799327627
translation,13.350600695523475
translation,1.232927828423851
translation,8.357884383137973
translation,11.25030191979307
translation,7.257649209043173
translation,9.183200246424873
translation,7.510866136503559
translation,7.50550611234694
translation,24.653886282829255
translation,17.71369116386594
translation,17.484100840237073
translation,19.827959982979074
translation,163.67569266591866
translation,19.15049373934389
translation,8.714393330955629
translation,20.53122370441174
translation,153.13912428619724
translation,26.705496480600186
translation,5.114662932797206
translation,12.03890958879297
translation,148.28490063359837
translation,5.451179318432881
translation,7.8895108447541835
translation,156.45061573212357
translation,139.71064327559606
translation,26.03371001717436
translation,14.826412899595823
translation,158.64251083765944
translation,115.12354486380545
translation,92.39116017608197
translation,35.36847633394988
translation,159.59264804039785
translation,39.41924448603545
translation,89.22470353353428
translation,32.836456083191024
translation,157.94477130174738
translation,22.237454170033562
translation,5.205187086376881
translation,5.9977719387513355
translation,65.88990813885334
translation,13.603452739549326
translation,17.61655180653556
translation,9.478698922728476
translation,26.947934432341473
translation,16.583420874120623
translation,10.215606748795697
translation,6.318662058292371
translation,15.132377484395585
translation,26.09354315783864
translation,7.213945369950142
translation,4.249543203781335
translation,17.70835881839997
translation,16.042147667150914
translation,9.096834813601031
translation,6.547153251676389
translation,43.13936565674387
translation,14.556269398015786
translation,5.327923536173954
translation,9.506671861488094
translation,70.24105818109791
translation,71.75879144050991
translation,31.269811232763022
translation,7.4502700647332
translation,112.80939230820869
translation,129.32807799789214
translation,2.794135493005463
translation,90.75266272193988
translation,77.14835088002962
translation,9.209554562229377
translation,77.81988241177159
translation,42.828076224054854
translation,32.963951520375524
translation,14.652763908825188
translation,103.24394873244866
translation,27.57301801113452
translation,17.654594702557734
translation,21.199995776789248
translation,103.47534527079148
translation,22.5250041261457
translation,16.77841221587984
translation,38.324279695550715
translation,34.54021286994037
translation,23.274142403051545
translation,3.1635912514785742
translation,30.976784603841747
translation,30.922878396954616
translation,9.391579893551002
translation,8.599972991490766
translation,20.588335602911123
translation,15.67234243416246
translation,8.854890274831952
translation,7.978969827466492
translation,17.319175097246028
translation,14.752961709043545
translation,36.49076205558186
translation,12.062462294303096
translation,15.610082886619615
translation,17.69283038902553
translation,6.624222236119898
translation,14.243718558877749
translation,105.56487658856177
translation,108.66431041280781
translation,27.351459177556798
translation,39.31234777470719
translation,158.57222997136347
translation,92.16245749580646
translation,58.659165553760204
translation,15.718001623870224
translation,169.43305368854382
translation,19.565765026204435
translation,159.27870915838434
translation,20.956835883681592
translation,125.74458558991863
translation,12.41519934039174
translation,8.190113153049863
translation,91.6724108201725
translation,14.467454984403075
translation,31.19581859711378
translation,3.519209639250043
translation,6.79962034502943
translation,7.758989360153623
translation,21.759160045145208
translation,3.9542478869141857
translation,8.064195668884295
translation,5.815619896533634
translation,14.285705800819413
translation,5.3551355160199625
translation,7.70544535663061
translation,8.564916625469422
translation,16.588383607144245
translation,4.229809189569072
translation,1.425373773505792
translation,19.041965370550326
translation,34.88013561160449
translation,8.934744876875977
translation,7.191567032774821
translation,47.37032556575572
translation,34.72419527156568
translation,18.269214995738363
translation,14.913630010439043
translation,174.9320457636131
translation,57.73257706085982
translation,43.64068563650296
translation,167.1692867567064
translation,49.186604888377545
translation,133.7582229257788
translation,142.06947541842908
translation,152.28392455753067
translation,47.516733214741556
translation,139.7210577739805
translation,162.2127354409273
translation,143.07270852393899
translation,32.306765094676905
translation,134.19764809762606
translation,166.30146587799797
translation,119.83221798919229
translation,25.65119728561929
translation,45.82469403979301
translation,173.14386118641906
translation,147.80838832705112
translation,10.00668792110371
translation,9.612438766090886
translation,152.32813180691187
translation,140.7967259309039
translation,18.024386938050828
translation,6.75861205943862
translation,56.31802908797645
translation,38.890501665115856
translation,15.270580947568352
translation,5.402395611804772
translation,12.02500405724653
translation,18.64205888496608
translation,10.502476457075096
translation,4.850346612487097
translation,4.609219758965171
translation,4.723901322677341
translation,20.09178485612501
translation,3.799769384972047
translation,25.518760847878696
translation,12.805917263344412
translation,47.36505559836948
translation,5.521299087888224
translation,81.55928508412529
translation,17.91390507025646
translation,43.021455633880066
translation,8.009192726127456
translation,120.20517631747143
translation,10.673359497614717
translation,9.343240513141028
translation,13.396930428669833
translation,7.074790248345971
translation,16.469205963288864
translation,10.286442686888646
translation,8.137215258412667
translation,16.131718287565178
translation,19.508789507055006
translation,9.937679133978962
translation,2.2036539696879736
translation,10.892005090365425
translation,4.061459253060573
translation,3.8251774121370103
translation,9.804950330669982
translation,13.089741548819466
translation,79.63564788677164
translation,10.405588667154989
translation,8.938916034078229
translation,37.94526501460805
translation,162.8970942774417
translation,5.359940155607803
translation,6.633023667056193
translation,59.91159219465496
translation,165.0433318607711
translation,10.821670041750144
translation,18.292259150515537
translation,141.46393861491296
translation,89.35166141645267
translation,19.42605140291376
translation,22.986915051398707
translation,166.205817437392
translation,27.635505521111394
translation,28.33891773642431
translation,156.63208538016863
translation,8.250368108614973
translation,107.42732463590059
translation,45.95672123484672
translation,153.1291875268272
translation,18.520658209346184
translation,58.913188091380015
translation,21.206698910649845
translation,24.445956326187947
translation,8.143845806513179
translation,16.90901322483676
translation,8.295809765793313
translation,15.60848547654893
translation,3.5635652485768228
translation,4.530912380485148
translation,7.705189567106068
translation,11.31949318284933
translation,3.364323874933278
translation,0.2619724779879178
translation,8.6088847713982
translation,3.7011001052004207
translation,10.949706857702528
translation,2.625183081681856
translation,10.31763029734242
translation,2.8370212475928214
translation,10.347319550473813
translation,7.947938797839503
translation,6.50905315057939
translation,11.840253955059023
translation,28.18006589927536
translation,17.57577506232358
translation,6.3699010099380216
translation,78.98540049480508
translation,148.03006606507876
translation,81.53355421608913
translation,24.39827114517674
translation,161.86603777761414
translation,150.8540804512375
translation,85.8025364047221
translation,40.714620074860385
translation,169.66594235493446
translation,151.95180608448024
translation,59.60058971253212
translation,15.49878164474134
translation,166.37624981904133
translation,44.84067543762021
translation,28.31252810431761
translation,10.097989028869172
translation,172.3939989733553
translation,7.17525542106508
translation,16.219741729688845
translation,1.587338308576149
translation,127.70432734954409
translation,24.41171414339155
translation,12.344194470812663
translation,6.3334373926890395
translation,40.643514392848815
translation,24.397391282541136
translation,6.159450795681475
translation,11.7958598953172
translation,18.72358635613685
translation,25.291581683242875
translation,8.968149355339671
translation,0.23433723219294794
translation,7.104707308409332
translation,26.769432644634595
translation,13.394256540392206
translation,12.514436303555504
translation,6.574369255918995
translation,9.1329057254788
translation,3.551455407423736
translation,15.65326693421615
translation,20.766206021836542
translation,22.679662251002988
translation,12.829248866282827
translation,11.250136472475706
translation,170.81528466081093
translation,26.810152558975755
translation,9.26929938892478
translation,17.09000027326262
translation,162.3827732162644
translation,34.40748394678417
translation,4.543391910545009
translation,10.611764461106974
translation,109.91436235190469
translation,39.83944437044025
translation,16.277135465913574
translation,11.455613147275802
translation,30.10215210593285
translation,29.35776408781044
translation,21.256288525698523
translation,8.77996976974105
translation,17.541355568809156
translation,7.619689824471046
translation,10.29092562424783
translation,7.178693284700346
translation,15.933924362872208
translation,4.885448549750137
translation,7.553769027497749
translation,10.614998929294375
translation,30.99485106334891
translation,12.71644200396866
translation,33.46326008536905
translation,6.553201224977121
translation,67.47688690522193
translation,47.99554748149622
translation,15.317434230908157
translation,8.389113125606416
translation,131.37107733240256
translation,57.98770835077792
translation,55.09060356925007
translation,17.727616770137836
translation,137.71261732671374
translation,77.85282721893755
translation,36.92974113329384
translation,8.509071690444463
translation,116.3633175326992
translation,19.432352995390843
translation,13.378800796980594
translation,7.906665524694003
translation,109.54159965317507
translation,7.786213228800495
translation,1.9860699248783737
translation,9.194087335406493
translation,55.44861138187095
translation,41.12497773204947
translation,13.701191236489148
translation,7.146899828693211
translation,8.43722638367668
translation,12.389208071370385
translation,19.01096015335763
translation,6.972001993153906
translation,32.838063079200225
translation,68.196022466686
translation,12.041910044377632
translation,10.692930126909657
translation,17.256500383844728
translation,49.82119366238345
translation,3.5721819147857516
translation,10.369972418734852
translation,39.684841888601525
translation,25.273678273347542
translation,8.650492369591717
translation,0.6998669289329922
translation,139.06416820766847
translation,29.257894935620634
translation,22.2101505534726
translation,4.277415836077372
translation,139.6341489444567
translation,57.90292355345157
translation,10.960666612028616
translation,24.53574100673809
translation,132.94027123625145
translation,59.86477897572285
translation,65.93389428141833
translation,49.00768481222056
translation,129.4379880318467
translation,14.576327736574099
translation,26.20079502830982
translation,13.94382450170878
translation,28.094392908124256
translation,27.12415135074379
translation,10.561540785509711
translation,11.959563464625774
translation,29.20701607361989
translation,23.977082665311222
translation,13.273929475355928
translation,14.014465731949926
translation,21.774025248412475
translation,11.406322921101877
translation,14.695774378735582
translation,14.278742385658841
translation,17.038569902788296
translation,2.7465103971124556
translation,7.628172523036596
translation,8.57469274039343
translation,35.025166489184045
translation,24.93106514683465
translation,6.085985109259547
translation,1.2971521616502837
translation,28.41202049649216
translation,18.63140551199792
translation,22.815425248954252
translation,3.733833761706416
translation,70.29846256570472
translation,88.6971834671844
translation,40.58040270074632
translation,25.877191834882332
translation,77.98484168045229
translation,112.87400898882419
translation,45.43877521823497
translation,48.710856373652824
translation,115.03163179624329
translation,44.74069597038969
translation,27.40987780532384
translation,94.7470772939487
translation,22.78012820696759
translation,4.460479629763657
translation,163.7080714182696
translation,83.01960949614788
translation,18.153000515680496
translation,4.541936358632778
translation,141.15876040442487
translation,45.93462203238951
translation,7.645986004853146
translation,2.764309473028461
translation,123.1204402473938
translation,40.179671279030536
translation,10.855617439350269
translation,11.983862008882431
translation,97.43342557660606
translation,42.31326616488009
translation,21.65036004547541
translation,14.181139008913998
translation,73.62075203373371
translation,40.693091635639846
translation,34.20348290342631
translation,14.116358127670898
translation,28.319179335652162
translation,8.464657414131535
translation,33.69267956002698
translation,11.035273580344144
translation,1.3436103705401192
translation,9.44879141610914
translation,5.755996181694888
translation,1.6909218105356405
translation,16.334839896577304
translation,26.862744534994647
translation,13.059638065063972
translation,10.296958694646708
translation,43.66929985039511
translation,29.005991668390216
translation,13.246841864650223
translation,9.03969439829018
translation,11.443165368419695
translation,4.780674200975097
translation,3.434442459472513
translation,15.367050562758688
translation,7.315777336264673
translation,1.150080707522324
translation,43.25234845350871
translation,11.614222857836246
translation,4.354063435632731
translation,6.313651370367036
translation,22.18417070720835
translation,34.882502850742206
translation,3.9406704855174857
translation,6.2598898012649595
translation,11.586921549722188
translation,47.626915544519555
translation,10.391414686448657
translation,9.81680337488206
translation,14.333694293224658
translation,6.212587585884714
translation,2.139717652667213
translation,9.987674306923772
translation,68.13692890995411
translation,9.844648890164901
translation,14.127620354121834
translation,12.492417488464548
translation,106.85795707841666
translation,17.00490508868549
translation,23.640418067459752
translation,15.200165550670942
translation,44.99252257299512
translation,18.753538162668754
translation,10.083930124661439
translation,2.6924564455384035
translation,55.87686431991002
translation,28.010971343802506
translation,7.55376629599014
translation,6.524066193703493
translation,17.713074913175724
translation,36.766637855170856
translation,9.594329362791829
translation,7.378861837637088
translation,26.532558742937045
translation,54.64695399884224
translation,34.00932142747707
translation,11.611993193301528
translation,23.245582618437606
translation,47.074409067003344
translation,49.40633008937958
translation,15.40822714353112
translation,38.998657135658156
translation,31.4234900349892
translation,40.318480918887154
translation,11.081577561340024
translation,167.18460379321834
translation,109.09374226522918
translation,53.48485184619747
translation,16.179524181139232
translation,164.72322292890294
translation,101.43627730637463
translation,37.983455371382256
translation,18.720916709064447
translation,165.43404170268616
translation,24.405848008961193
translation,7.4780106063946254
translation,4.248442119551363
translation,140.76271230284675
translation,20.25926876232487
translation,2.652017485424219
translation,6.377938070829758
translation,20.2852935217611
translation,15.66544634780332
translation,8.868167266243358
translation,7.7297295088363605
translation,16.179266677326936
translation,9.93802046992013
translation,5.692664505921034
translation,6.62649662137836
translation,12.894087819210345
translation,78.2412259467221
translation,7.370397142814464
translation,5.704838545041337
translation,12.72894912222136
translation,73.78752935131355
translation,10.187720639156366
translation,9.866325970649394
translation,148.06817752779318
translation,18.36358855438241
translation,6.710996198814426
translation,7.202291696753405
translation,153.81944066526128
translation,18.437531311133984
translation,8.671535248444323
translation,3.3363388641098846
translation,168.6906779607047
translation,11.71864902749695
translation,4.381196035890406
translation,5.186766988827132
translation,159.86096909547305
translation,8.79956431618119
translation,11.439443335571383
translation,5.25964528124507
translation,28.98395179159467
translation,12.96652360404419
translation,9.277810333614365
translation,6.072537603197922
translation,9.826159707747326
translation,6.423226656676605
translation,3.2124772974158957
translation,5.994300724166107
translation,10.257628533095055
translation,5.907395796391525
translation,6.303039261491938
translation,2.974209825975222
translation,3.461762420781214
translation,3.858601930959744
translation,5.781008336063924
translation,2.358742857180283
translation,14.13506442598592
translation,16.744909355312902
translation,9.447439687280058
translation,8.119193810155494
translation,31.16721160326822
translation,36.17278728561044
translation,10.089720482553279
translation,11.122271612716947
translation,48.18835528538088
translation,31.166283599580872
translation,16.270673805009604
translation,9.5849045210157
translation,1.9266928293397652
translation,11.349938117672993
translation,7.41454966856644
translation,14.998784989688748
translation,10.983951912377421
translation,4.839758947670092
translation,20.825301485842278
translation,16.376310432787427
translation,14.322911011369312
translation,7.263740982353706
translation,14.798356745628984
translation,11.768587246227135
translation,6.5580473071259835
translation,2.6543282762148697
translation,17.04385888557689
translation,8.96890764531057
translation,4.975124638638314
translation,4.882885491352296
translation,12.394302884764533
translation,17.784288302669506
translation,9.855558508557298
translation,7.012782267828509
translation,20.046850180576612
translation,52.95680527335405
translation,7.960967615271656
translation,3.560820737267738
translation,9.794471932553211
translation,5.615318313231118
translation,3.7955889619106458
translation,9.372190866390838
translation,6.71321614037013
translation,10.017744877151795
translation,43.506219145059845
translation,61.92970684321681
translation,6.024329087855893
translation,6.888546872782645
translation,125.01160779968511
translation,49.924875659784455
translation,25.920235686703478
translation,12.684003316168866
translation,155.5817763656355
translation,4.003137813074484
translation,15.924765277174709
translation,16.35265836126434
translation,163.7795950317988
translation,4.879356585733599
translation,5.75714245343372
translation,26.65537370774002
translation,16.88144901532112
translation,7.504271435342965
translation,12.484553604996353
translation,23.15964722078891
translation,13.757646344890205
translation,7.085139051340713
translation,5.905284559458671
translation,9.074323844250497
translation,7.882669238915087
translation,6.140920636449266
translation,9.19922314484306
translation,12.623865804985556
translation,1.9362725403248886
translation,4.244643563262391
translation,9.264239663708192
translation,10.725394709895932
translation,7.686012116960154
translation,3.935422305184831
translation,5.031881627074606
translation,11.278481527728633
translation,26.211683652723273
translation,6.641562428442834
translation,3.2670179886446324
translation,6.677758403683886
translation,72.76592703003662
translation,63.907657922665486
translation,7.608938313014788
translation,31.144278021250333
translation,69.17246561549376
translation,3.3525141690813327
translation,93.57522518957047
translation,54.66898649270582
translation,80.49738960892611
translation,7.325152481315074
translation,145.21809695511084
translation,66.85462532742721
translation,51.39553018538808
translation,4.961049921188852
translation,150.67103555012838
translation,81.98349799826435
translation,13.101257291139902
translation,3.254268970189898
translation,155.70501005969294
translation,130.35898340771504
translation,19.8957441128317
translation,6.3457926102411575
translation,57.13089494761812
translation,6.99210738337538
translation,7.056949468698724
translation,21.6501310308712
translation,26.54316069832033
translation,1.335953869900924
translation,0.6603481103790454
translation,30.728027427147623
translation,59.93062695667364
translation,1.8006110722403497
translation,5.810149473275895
translation,57.22392056888767
translation,67.5027509480471
translation,0.4674692638973487
translation,3.70148057981613
translation,99.26898446106439
translation,8.874871582259917
translation,11.740122175428004
translation,138.6148211510987
translation,45.53747503659996
translation,10.191188187765421
translation,11.58306388267735
translation,118.36489951768398
translation,33.81389150259095
translation,13.863336612994907
translation,12.12154268072794
translation,93.22299286517195
translation,25.600557424270512
translation,11.248527098422944
translation,5.732876031137697
translation,40.01375328361265
translation,3.4081377218557103
translation,2.785931940605053
translation,2.7454409719214454
translation,44.852022231493635
translation,7.528663422844469
translation,5.060726390354551
translation,5.5298401739843985
translation,38.36759478287348
translation,15.078559684701213
translation,11.108232268956085
translation,7.7253593278688255
translation,21.726135089167965
translation,16.91913696693319
translation,8.254423782429301
translation,1.4376651774503966
translation,14.33582559621626
translation,19.24520733933193
translation,13.607480893812651
translation,5.199876449678284
translation,16.871627726529077
translation,14.892777985210307
translation,13.986366996547304
translation,8.461264804886344
translation,20.606653583563762
translation,11.057278134382607
translation,10.149174615167782
translation,6.4465199619152544
translation,25.913081089674712
translation,8.228509432363834
translation,8.317852547792114
translation,1.9235817479005508
translation,53.93699371159686
translation,7.3908866900563
translation,8.584202367969185
translation,7.89608471739567
translation,55.36041930159857
translation,11.979901089795941
translation,23.159653335393294
translation,12.061091669922158
translation,36.53179631974625
translation,18.53555602003699
translation,10.59070995339231
translation,7.186652260426029
translation,9.002376089340014
translation,8.168983581270535
translation,17.566215082796788
translation,5.554308411990057
translation,12.10021857622613
translation,14.304614018210186
translation,11.97073080474586
translation,6.54235930057705
translation,29.138792739995925
translation,13.774372304756094
translation,6.030037497031143
translation,4.215985309878903
translation,57.30847743534716
translation,9.323061305058056
translation,3.948132156212876
translation,11.06698765689762
translation,27.71031126071241
translation,9.23219855887382
translation,4.959167658427378
translation,9.253407399789323
translation,24.557191139805866
translation,24.677457681460304
translation,8.343719595843691
translation,6.69517082043268
translation,23.815734005664286
translation,54.435557019851494
translation,19.760042766857676
translation,5.487934527408513
translation,29.439522938948702
translation,36.00999868393449
translation,27.788174372799617
translation,8.104299088827
translation,19.267990036759073
translation,34.92576618096211
translation,14.978919199295548
translation,8.230695858627515
translation,100.3553515939471
translation,34.35907321685295
translation,25.34047727806401
translation,11.865622351131172
translation,151.59400690203725
translation,30.67896078652133
translation,16.87322834894114
translation,5.679824980553087
translation,103.57841323181556
translation,13.546083276676496
translation,13.813542021765532
translation,2.577599944970597
translation,32.12641795543919
translation,20.31397215425741
translation,18.414338419582446
translation,4.414074193630645
translation,21.05117413317279
translation,29.913914906747415
translation,10.353428133669055
translation,4.883000350835266
translation,8.781621646157792
translation,5.914585516815908
translation,13.80145228435556
translation,6.087192735263713
translation,16.253510631156022
translation,49.45234757319741
translation,6.201147096481223
translation,2.0673595202239046
translation,27.444687125028082
translation,44.295697603926776
translation,17.518070907168617
translation,9.464762577306454
translation,92.76199793290401
translation,30.694298300585505
translation,22.32236624198184
translation,5.799939655388338
translation,149.28494745090435
translation,25.08253318363755
translation,7.763645716000234
translation,3.047158419674017
translation,93.47148380163117
translation,23.76755791419995
translation,7.115903900799386
translation,6.181545075285043
translation,48.30009876683394
translation,19.230226144468702
translation,3.26154898096095
translation,16.59329078722226
translation,24.154279226217156
translation,20.506284017588488
translation,6.4133626471736
translation,30.063598384054277
translation,10.714952180933908
translation,19.15973658883006
translation,6.422185972423481
translation,13.39763978089278
translation,24.048491249965238
translation,3.5604856154735534
translation,12.550689641837645
translation,6.6272151249201885
translation,32.15425584370501
translation,17.274717550781602
translation,5.01639484183992
translation,15.241825884017238
translation,38.43739985052826
translation,25.627101808856093
translation,3.2650874561526955
translation,10.994430268611625
translation,69.97444059882218
translation,7.100670897829123
translation,3.4136315807311055
translation,3.3705177863376967
translation,25.86151249562916
translation,15.716270771536552
translation,19.0224531588361
translation,6.85601288815295
translation,46.09326476001685
translation,16.39158428407347
translation,34.19351907632722
translation,6.360250342093442
translation,52.93540841590687
translation,18.88248583097436
translation,67.73733310409735
translation,13.060277521892093
translation,40.248102146462976
translation,40.181519481034634
translation,18.013088726473498
translation,24.646337611501067
translation,72.02478633460228
translation,20.534970587743683
translation,12.059616069936256
translation,34.10140909607421
translation,15.75441398276814
translation,27.957699421460983
translation,5.283307664793348
translation,44.80772821913374
translation,9.641156235932243
translation,14.791518792142938
translation,6.279301894130822
translation,125.5486199503585
translation,5.356252636100111
translation,2.2221707128505686
translation,7.519659305611829
translation,175.62912314480624
translation,30.99710414752235
translation,9.053865520298736
translation,2.4050218468120717
translation,18.783094238176126
translation,71.0737405902669
translation,7.443779656095799
translation,6.031853178125876
translation,5.073592523972462
translation,128.1885897152568
translation,11.347142510726233
translation,2.9951613114895026
translation,10.33712790716839
translation,125.74357421621019
translation,9.940975846714005
translation,8.691631749488343
translation,17.171478499511583
translation,38.86587057175445
translation,4.482393746563782
translation,8.403073035267397
translation,119.20852575866267
translation,71.5936572420837
translation,6.344038021583864
translation,7.07360485261954
translation,156.30058625924454
translation,79.59218005709839
translation,7.573574640602508
translation,10.293242367815006
translation,159.4900627067325
translation,22.32792503976668
translation,20.7498993640402
translation,13.845166979279652
translation,109.97698333452638
translation,28.541478206965433
translation,22.490739547715336
translation,20.951428404117664
translation,69.66224119125877
translation,28.839858881650628
translation,20.11200085119723
translation,24.73945984076493
translation,30.384028293361908
translation,28.064782027048654
translation,17.002371501023536
translation,16.05953331269703
translation,16.783139530578804
translation,22.751790629853346
translation,12.93241816033569
translation,9.409539335755198
translation,16.73616089526738
translation,16.666446129701168
translation,11.031159457060774
translation,10.958317667131356
translation,21.489769872591786
translation,34.01044458971781
translation,13.704905124723386
translation,16.226303547115158
translation,31.322009614078098
translation,29.21512884996827
translation,3.6917689257224726
translation,9.882130937684227
translation,139.40590350867728
translation,26.15779964503649
translation,18.766786142786902
translation,1.798577325740003
translation,117.87157251859759
translation,20.88379389930547
translation,24.27613535918825
translation,6.518395824209489
translation,109.13995428800585
translation,12.941865411353367
translation,5.752623097365421
translation,7.601752970522068
translation,46.23303460861102
translation,21.01779991700942
translation,14.830212761040976
translation,7.42607634236196
translation,21.3452488283391
translation,37.09196127452455
translation,29.244893105152354
translation,12.136819628315973
translation,2.4744098800742
translation,24.640956078284592
translation,18.888076622425796
translation,12.799793280746185
translation,19.94400378698635
translation,4.835023350690153
translation,2.6248979807014416
translation,9.717856376941674
translation,36.41519994787242
translation,19.731524696757734
translation,6.205014526841881
translation,5.277091497103408
translation,80.06053071994785
translation,20.164185554019618
translation,14.030617177998419
translation,14.783876644176388
translation,75.36266332812563
translation,30.748546388351176
translation,19.215004462609944
translation,8.668415821530955
translation,32.36847448533811
translation,10.07433348101178
translation,14.349558369508763
translation,8.364820380564646
translation,27.359568124090263
translation,10.351327046023833
translation,13.613416404137334
translation,15.096958446577169
translation,36.98564289595512
translation,24.09818865035187
translation,24.410250562991436
translation,9.69319789803825
translation,63.914224199002604
translation,21.498459660766915
translation,22.809517784797805
translation,8.727528809077313
translation,67.05537532993371
translation,15.561128075100605
translation,4.385041102937313
translation,2.9714678741391296
translation,73.78842429707127
translation,20.319955092512473
translation,20.57493734087657
translation,10.595489706925735
translation,91.21314201448614
translation,35.62985069700183
translation,18.943237324104935
translation,23.25140306927558
translation,77.64059794145506
translation,38.01948751326838
translation,9.530874527367361
translation,21.46033092251469
translation,35.59266779889155
translation,21.17250551594586
translation,14.65258274830958
translation,6.150905983368687
translation,30.90105550946954
translation,35.79707685870554
translation,26.672079796997192
translation,20.92240994104923
translation,45.09113346678613
translation,54.065724705747954
translation,31.170056234843507
translation,6.290611715773722
translation,38.07775994845594
translation,37.13456458502332
translation,16.5434242806021
translation,6.026872251045194
translation,36.08263374843786
translation,13.347561467305102
translation,5.456958409908406
translation,23.003407925621946
translation,9.617869493913398
translation,1.754567558089072
translation,110.57509590720076
translation,6.6486806272041425
translation,24.94924695638023
translation,97.62180911926468
translation,36.65352754224035
translation,25.138209559233648
translation,16.0433083790543
translation,13.957110346522414
translation,64.23583452894637
translation,32.57748746066396
translation,18.972568457320378
translation,29.316957233691177
translation,26.2103052167023
translation,12.909215835556648
translation,20.99272867134369
translation,31.300065038209482
translation,40.045411274976175
translation,18.186288740555124
translation,8.182963150502337
translation,14.230782925923947
translation,20.130601356064982
translation,24.408717675050045
translation,4.154105990057056
translation,118.23630668481482
translation,5.4453338630406725
translation,5.783636535656852
translation,10.883502787182392
translation,129.59877090561474
translation,34.81725507037292
translation,24.65194798596418
translation,25.52227560666672
translation,17.25525388328329
translation,50.54086984768884
translation,24.133953307303592
translation,9.047830667782303
translation,30.50572741061453
translation,63.24037259648654
translation,18.837142796131868
translation,7.972694813838103
translation,16.630844791175875
translation,12.288229110822252
translation,22.53677132271405
translation,13.198079448388397
translation,13.929703652321667
translation,33.58338376418623
translation,22.50382843563019
translation,16.218464176740664
translation,39.61180303495533
translation,49.61700523920787
translation,35.59717371312015
translation,3.6308124455383726
translation,114.04220362436334
translation,62.85123522475319
translation,36.01480752416111
translation,27.942656969054784
translation,147.95118765063418
translation,50.58359097852932
translation,38.490733901790925
translation,48.40617917358571
translation,123.74146810785804
translation,26.724120280418386
translation,19.762778848772626
translation,20.564788264298112
translation,30.9449420614234
translation,36.72995230216467
translation,21.97317673096896
translation,5.140674655805097
translation,20.765078314861615
translation,17.03728412949183
translation,3.0341234050468784
translation,24.005249387613294
translation,24.871251729433634
translation,19.312337172682934
translation,17.258741106069166
translation,27.450414930945122
translation,47.32496665947824
translation,23.241702387332747
translation,19.26480388511726
translation,47.085632820761965
translation,28.972077794812915
translation,33.19234517319429
translation,30.332795111483936
translation,54.435964486315925
translation,48.62924730943541
translation,30.574080134042575
translation,112.8293325478492
translation,37.556156845016766
translation,34.23033700011804
translation,15.56018458002954
translation,29.613682558233887
translation,13.968605174896231
translation,10.062148710814322
translation,6.093039953619032
translation,52.18802184890301
translation,31.046622155104505
translation,27.139297117624075
translation,23.04872463211525
translation,44.82529579339621
translation,43.836720958560186
translation,40.05303481520294
translation,27.218717001526848
translation,45.869974208017574
translation,48.80963811594082
translation,37.4949190122337
translation,23.451370649200108
translation,33.7483085866298
translation,21.981728351955333
translation,5.356205367130592
translation,41.21520917725409
translation,64.18642575610778
translation,12.185926223324845
translation,18.61445407626616
translation,65.38602744601455
translation,32.96523379116937
translation,8.803030326812827
translation,10.974766217803825
translation,127.8709396715066
translation,36.41127879420551
translation,10.399049277691256
translation,16.009304631584754
translation,138.45752857999838
translation,41.11295611192503
translation,4.531960895188465
translation,13.636363806027171
translation,110.891585497899
translation,34.67318723980543
translation,18.959133325734825
translation,14.25744641207924
translation,46.15067620981417
translation,38.0160583448385
translation,6.705964186299049
translation,8.88372275686148
translation,28.061210973650656
translation,24.421051094875704
translation,1.4070242892640101
translation,6.900067714091547
translation,17.244061408143473
translation,20.589232023041976
translation,3.6387367112529416
translation,2.139246076923237
translation,52.018004806151026
translation,16.556775014954077
translation,5.200556179098044
translation,6.819382848734892
translation,92.44848244944258
translation,19.23754901900111
translation,17.93249834691604
translation,16.20578762581869
translation,100.80822603335255
translation,37.13482228385708
translation,10.010436325139018
translation,15.23847783545819
translation,77.22415201777582
translation,49.65052957200111
translation,6.7296779708183
translation,5.26539462667128
translation,33.16020933828441
translation,5.328900120607805
translation,20.04676158158169
translation,22.77786333967175
translation,37.05920495212098
translation,34.251605901160715
translation,21.244909870357375
translation,24.364285805609164
translation,35.7783665436802
translation,47.82647151542893
translation,26.087601490665236
translation,16.19792035063969
translation,62.67756075368152
translation,31.67380149513461
translation,6.021770314698536
translation,80.16421127169548
translation,8.466374027430126
translation,9.850122926627659
translation,158.5154452319312
translation,15.637478316541374
translation,21.885194565831593
translation,166.31905861860034
translation,55.798994511755694
translation,9.466484880805513
translation,13.886003832809012
translation,89.02827892355766
translation,28.388336893836517
translation,15.132242255089395
translation,4.43019672183162
translation,72.88486534055768
translation,28.45301713331395
translation,29.5794347976542
translation,16.603023969290902
translation,70.72727864451201
translation,19.3918306691581
translation,26.703506668408327
translation,17.99803861924705
translation,35.80216029054038
translation,18.219891060681544
translation,9.804584018251251
translation,14.576441239411173
translation,8.210819889126377
translation,6.676308140429047
translation,8.712336327426728
translation,10.679578131008734
translation,19.00025302196419
translation,16.051568744464756
translation,18.913226947010347
translation,4.436011971821023
translation,18.557585753874122
translation,17.525758768188872
translation,21.38797900464154
translation,6.9423072545347875
translation,38.732084432318594
translation,20.494740992123827
translation,25.556826799012228
translation,19.70484346877271
translation,6.306049169909973
translation,15.797156788747236
translation,17.428559735189364
translation,11.370124697475331
translation,28.682119772753868
translation,6.107068107325513
translation,8.96844388549837
translation,16.591232790449588
translation,30.951361921713374
translation,15.512271819224095
translation,7.885575846254491
translation,25.98272755665848
translation,2.868150789726817
translation,13.60308001081138
translation,10.139443997100214
translation,18.138555924784185
translation,17.41183033386396
translation,13.186416512811574
translation,8.021163817363094
translation,45.46087818539358
translation,29.325227462998786
translation,6.746523648888011
translation,6.794686986481116
translation,51.70696155837464
translation,28.64251959760098
translation,5.079215567134361
translation,9.268938302178414
translation,49.12138798115238
translation,37.59961618848317
translation,18.040599707782732
translation,14.560284539868253
translation,68.26097076081336
translation,43.05448588457601
translation,22.576624493407607
translation,14.84071802114674
translation,80.91796201337117
translation,29.020936291615683
translation,22.207431074931073
translation,17.496556400341582
translation,93.66590928542952
translation,9.791487692691552
translation,15.68922976304594
translation,9.679755208863337
translation,21.59313132859143
translation,21.791531653320266
translation,18.014402923509028
translation,21.663017345291962
translation,42.762921009974946
translation,38.02519627552562
translation,28.7992938780004
translation,18.413942947412085
translation,43.09464264948565
translation,37.83817243420799
translation,10.585351752554764
translation,12.784891915118815
translation,46.388587231907344
translation,36.41826507979677
translation,4.667276014407733
translation,5.821883830506635
translation,38.18631719402636
translation,13.311080016045333
translation,8.346176077682868
translation,22.812418836499717
translation,39.86604432253642
translation,18.555394653551577
translation,1.0979341233103515
translation,33.36944055950869
translation,40.73915666378424
translation,16.04584109500371
translation,21.094840659317764
translation,20.79277143750861
translation,117.71859587026994
translation,35.3016928953396
translation,155.14668590530601
translation,109.5470938371753
translation,75.24302274009415
translation,126.2199595856188
translation,129.68722266114938
translation,106.37289546412163
translation,45.00977833287017
translation,90.43356348717971
translation,93.81174108370763
translation,72.33790067225051
translation,21.33779984427214
translation,47.99569785264995
translation,66.90797159764432
translation,27.562520310074127
translation,102.08786988937138
translation,93.49342550996909
translation,13.840369297569966
translation,24.62273447047784
translation,28.607320178950054
translation,9.581658792798748
translation,17.27875554264857
translation,24.344254712500174
translation,84.11009368505376
translation,24.924274841851204
translation,18.358881895863842
translation,5.519540262766229
translation,8.000790441790318
translation,9.69454661913999
translation,23.565321552736894
translation,13.75829583254497
translation,30.520562932286108
translation,15.9842271729076
translation,22.099055614205223
translation,15.074150194642824
translation,17.22948321688235
translation,11.632166366281718
translation,21.085702198406633
translation,3.684053769091233
translation,67.71624109037325
translation,42.249517120422745
translation,10.573927590158647
translation,70.8117165658673
translation,38.388667532614804
translation,13.074197701690128
translation,47.472645248529076
translation,14.798620534171057
translation,4.422517191987228
translation,73.05084455768898
translation,17.69941048485104
translation,10.123489085145218
translation,4.220428286394551
translation,60.22679807831148
translation,6.502006288107939
translation,12.616430374090955
translation,4.255406742486019
translation,10.895017940719773
translation,7.9359688199039855
translation,3.2476201203655677
translation,3.9559481652599886
translation,49.513456762495466
translation,23.519850549716736
translation,16.730660247180136
translation,3.3187242212915042
translation,59.393663638314386
translation,37.114011079578674
translation,23.777155114272695
translation,11.185735785602192
translation,56.512689371328435
translation,35.20681264984333
translation,20.73358241157203
translation,5.900697759599065
translation,42.54622847008058
translation,33.96311012789721
translation,28.364960433696844
translation,13.153849911511639
translation,27.418144352008284
translation,17.406817543627724
translation,17.13222941684346
translation,12.294434941663171
translation,91.20503193733443
translation,2.8423724442155245
translation,6.087217256092584
translation,10.884002615120542
translation,83.04539165886128
translation,22.389011212578428
translation,10.125358737976633
translation,5.012765503265817
translation,15.761020496596
translation,15.831794143514744
translation,12.838271770190463
translation,43.81041483602216
translation,15.481666360980805
translation,4.707916082778307
translation,7.171243718040692
translation,36.266416314878114
translation,9.80443420775848
translation,5.397285263261807
translation,4.882179736103097
translation,35.86650642934542
translation,17.504859767435345
translation,4.029183123396293
translation,8.375023925561901
translation,29.264873798090235
translation,30.803004914882024
translation,12.210168121066397
translation,6.789051840734078
translation,37.386763150905146
translation,21.73048380043573
translation,14.036441480828058
translation,2.470055172075738
translation,69.90087245440012
translation,21.62692817200968
translation,23.65193581515269
translation,6.559203760073926
translation,77.41496381652608
translation,9.054609641448302
translation,21.614564931322736
translation,1.8012291473963753
translation,14.638055007006157
translation,3.6371109567242828
translation,1.9622762860221252
translation,63.88036918254995
translation,17.891228224495585
translation,14.920007710283723
translation,12.856652672231222
translation,47.15091612247243
translation,22.139518562895958
translation,7.778422367939939
translation,7.768908780797271
translation,19.088018840828923
translation,25.52738513510803
translation,5.956946145550664
translation,1.8571549802406215
translation,19.58778005722459
translation,19.36473782020121
translation,11.92448727233063
translation,9.178374115481402
translation,45.06508358098355
translation,5.88341783684688
translation,11.551984063711174
translation,14.78045676588515
translation,70.67887725218921
translation,22.3268719593104
translation,20.512770496086198
translation,16.388132621749282
translation,110.10917174543438
translation,48.25014085759261
translation,8.524807773668323
translation,8.485099946963981
translation,94.1683691386252
translation,18.054615237860084
translation,23.27951910911445
translation,2.4131821501349364
translation,85.18910081362033
translation,9.93120229316786
translation,33.817746461969925
translation,9.09123069252352
translation,73.33837794375789
translation,20.924858437460117
translation,28.808372258785287
translation,12.006006482617277
translation,65.12778556700559
translation,31.673159689482432
translation,19.753477131190763
translation,16.141967308708075
translation,13.049240027457113
translation,5.764836481434344
translation,0.8003309543464946
translation,9.919475861199917
translation,50.08657124623031
translation,18.41759692607614
translation,20.60862092458813
translation,3.037185748600723
translation,82.45706429703756
translation,36.94477520422926
translation,32.34497966906968
translation,9.993437420578335
translation,74.17298626103175
translation,46.95577450140114
translation,32.27886761051787
translation,5.713888036228552
translation,48.53277015961742
translation,31.630387193202992
translation,7.15263345130623
translation,28.641701614804322
translation,40.11150526631453
translation,58.11441572505155
translation,19.411150140009287
translation,29.311009482725314
translation,12.508811704402262
translation,36.98894464897315
translation,10.371247892865433
translation,8.454611186635267
translation,27.004463090500447
translation,13.814128456662903
translation,13.689023573776895
translation,4.599154826428602
translation,54.34896946384423
translation,6.637632098124641
translation,18.159883657525494
translation,4.98429014664728
translation,84.20896716141756
translation,28.597945322094734
translation,15.493787659940406
translation,1.0680677782660115
translation,113.62433971265425
translation,11.339647463938704
translation,30.795453173150495
translation,11.292288246906084
translation,39.18501659080311
translation,18.204580903013984
translation,25.92684874673159
translation,8.284871045509558
translation,59.367434976426615
translation,34.10707932443438
translation,26.215405636084807
translation,2.637460088464988
translation,65.51640381458036
translation,41.78833947208055
translation,3.9471086267315623
translation,10.89153568271319
translation,27.98235010941402
translation,13.199009960947569
translation,9.084254463214162
translation,6.237743625226963
translation,24.820330539992803
translation,12.669143526076232
translation,12.016060447231995
translation,4.498261514540376
translation,28.605428378975702
translation,32.38853701900748
translation,8.38394306789738
translation,11.615032207136933
translation,23.327772327561252
translation,38.17868862083518
translation,7.689715189744705
translation,11.719115271821034
translation,16.802996880792367
translation,44.87178421139144
translation,15.047070632641585
translation,6.173239144353425
translation,29.34224516645135
translation,50.37242803392624
translation,19.302975216958153
translation,4.744966209357169
translation,52.38723780053252
translation,63.232508297710034
translation,22.787216338008655
translation,5.82521690830924
translation,49.80363137009105
translation,43.31253030150703
translation,11.174219400853953
translation,1.5833604535314152
translation,72.46332648327476
translation,16.58608459419855
translation,1.9556830129895983
translation,4.426206584276449
translation,75.49006799305702
translation,44.38642078868774
translation,3.087614869723581
translation,3.3660025969203526
translation,64.56438559993344
translation,32.15201634469671
translation,3.1628762313260532
translation,6.358816065065069
translation,34.0532060749428
translation,10.910297785408664
translation,4.934626767164099
translation,11.787145429237336
translation,56.904155917896475
translation,8.281640190653413
translation,18.229085850922257
translation,4.232805592739064
translation,70.51291996578531
translation,23.032223776957895
translation,30.879073487750368
translation,19.50063772371866
translation,64.76155025455162
translation,49.708212057352426
translation,35.246242211030726
translation,33.536173924291894
translation,32.173545332383895
translation,39.39172163456513
translation,22.57049848949171
translation,20.623406431121058
translation,27.920377658162078
translation,9.974824301325842
translation,10.480454161083584
translation,2.197215621709142
translation,67.15976261537908
translation,31.75530413294533
translation,24.750964624794392
translation,19.8008009454914
translation,89.38278195612487
translation,62.42064491247208
translation,42.35583784884583
translation,32.46626417407861
translation,49.08463652444058
translation,11.679204896603713
translation,36.83749928309118
translation,55.3052014024986
translation,19.593048115817478
translation,4.280903416284179
translation,33.37781623646323
translation,39.51577541389905
translation,16.321209870281223
translation,13.103643371132023
translation,16.536186156252086
translation,22.586468095381054
translation,25.496797072724334
translation,14.5469515645039
translation,5.931995764928434
translation,14.694513577095144
translation,15.76046544639464
translation,4.104125741282351
translation,12.78269732622051
translation,2.2836561033839313
translation,6.758448251779534
translation,12.456320703809114
translation,10.550156334994487
translation,9.481699111279996
translation,29.83198181581298
translation,20.20923403068508
translation,16.359703387679076
translation,11.95712269754054
translation,20.172000598928246
translation,43.765203742584056
translation,6.090486256964842
translation,3.38482211998098
translation,19.54865301366891
translation,41.27846480212418
translation,6.6646910291574235
translation,1.9919469948085056
translation,26.633925287027903
translation,7.799036371001274
translation,3.5091570846455724
translation,2.2964107537628817
translation,72.2053035622453
translation,28.442862414642143
translation,5.6920174156367285
translation,6.670519433170486
translation,104.19828692867875
translation,14.949841989363886
translation,9.105287391104097
translation,7.8677225552781715
translation,96.8124223184658
translation,13.480354377545448
translation,20.90590843133718
translation,4.963937044729969
translation,64.45863020823776
translation,15.577907159492716
translation,10.004803539258031
translation,9.910448744197604
translation,46.14531930421861
translation,11.18349777594095
translation,7.191440486359575
translation,10.185909306446911
translation,33.18071822763429
translation,28.389344607433742
translation,15.644431703893746
translation,10.357165792928209
translation,34.147842986473336
translation,27.65839168732829
translation,21.76717362869842
translation,7.215690118759897
translation,28.915685715050326
translation,8.077048904690539
translation,3.213111129891457
translation,7.8599282758469595
translation,78.75474684373938
translation,20.34759637510387
translation,27.300100947130417
translation,22.897774514331054
translation,90.87067584207225
translation,35.66195701076955
translation,25.080551086178215
translation,41.65905890602389
translation,48.147063683129296
translation,5.2470287703933405
translation,42.143004209825804
translation,70.61995549240481
translation,12.69897855997448
translation,19.099652910285435
translation,10.289361094043327
translation,42.6571525743985
translation,5.617677587008194
translation,18.49703994438773
translation,13.42726609879946
translation,27.68981838346914
translation,9.240424836075624
translation,6.28805019272204
translation,10.547016026853965
translation,9.576592012276224
translation,13.28104122964171
translation,4.362665584947335
translation,14.996355633005109
translation,35.2378295797228
translation,3.754412097453335
translation,11.583027091596678
translation,10.172762848750931
translation,53.95030296675175
translation,33.26356677966092
translation,21.000014684700563
translation,6.859330522823747
translation,41.01086799186243
translation,12.166947872569756
translation,44.834948444739595
translation,8.222393834666901
translation,70.04486724523743
translation,29.36865795392588
translation,34.60233596386132
translation,19.774549009816365
translation,106.47138707232774
translation,41.95513060333601
translation,57.82757459775533
translation,30.82555481761363
translation,103.26864281155547
translation,41.6867239839102
translation,50.36015546003421
translation,37.17869814203652
translation,42.70672263597843
translation,3.6536841175212027
translation,29.951563704312814
translation,9.841126468754375
translation,16.79892003847468
translation,13.502587387195526
translation,38.89953453773181
translation,21.98430187289403
translation,10.970251239871033
translation,19.196924997504528
translation,17.98961576808787
translation,25.343615509164565
translation,5.255946287921668
translation,13.001444724726255
translation,8.504846725098588
translation,24.62926308620795
translation,15.171543043466363
translation,78.20392759592397
translation,14.354684779331999
translation,55.348767166378906
translation,37.78079696698306
translation,118.78972857324669
translation,9.039731522895094
translation,66.7934697075481
translation,76.41069034661504
translation,30.95123589669204
translation,31.995891866482136
translation,30.252806919802797
translation,23.062652347386802
translation,11.783757278647553
translation,5.461467937080241
translation,2.724694087008908
translation,22.175627988799615
translation,7.22751700193558
translation,0.5661292504544463
translation,13.979707673037126
translation,21.777482459403178
translation,17.117116909996813
translation,24.974712690941743
translation,10.983512229675188
translation,12.836261781564868
translation,1.4217330412833318
translation,58.75493235363581
translation,47.27348262783018
translation,58.41233793846916
translation,54.04996029326085
translation,46.16517925612665
translation,16.18961234105747
translation,78.61337026797818
translation,2.789046737393058
translation,17.38351688963108
translation,22.312170266645822
translation,3.422630606904678
translation,24.420704911931413
translation,20.527657909741336
translation,5.626818074394082
translation,18.77267710844168
translation,15.309781056384267
translation,2.973377612311826
translation,20.44294332557647
translation,31.15886720297661
translation,9.077690709295245
translation,13.115537167974125
translation,3.586236732505634
translation,8.404631006917194
translation,4.016584887208534
translation,27.23227307659615
translation,30.980237062722495
translation,30.782882665436755
translation,10.101562334766298
translation,15.641183882819162
translation,3.484669065682754
translation,27.87803291501279
translation,14.527349911215278
translation,14.185209346210499
translation,21.928281769905514
translation,6.507410979844526
translation,24.90627676274246
translation,30.180726398190224
translation,27.02928379636078
translation,22.3317512423319
translation,35.502620793895076
translation,21.578582009038126
translation,74.78457592996297
translation,7.883954763622292
translation,25.115889167306424
translation,4.3340895478139565
translation,35.3249935792779
translation,9.017747637289283
translation,12.239014273291788
translation,12.996367084812016
translation,28.233375921891636
translation,28.91347318614396
translation,50.0889162560286
translation,24.79468219448738
translation,23.749407129139694
translation,43.38319732466266
translation,40.97677297978676
translation,20.601194103241248
translation,13.928301959136343
translation,37.240079243791705
translation,10.480132734312196
translation,3.006724393827594
translation,7.727001185933961
translation,12.67479974327424
translation,24.596225676755687
translation,19.91417940876931
translation,99.90525962176758
translation,33.51610193283586
translation,25.247921522606056
translation,11.477435032413265
translation,96.63844641209366
translation,37.718332599403745
translation,17.973531926860662
translation,7.92653492360437
translation,93.32677343638646
translation,40.10505443702883
translation,5.007842935511873
translation,3.685277499390897
translation,25.703221518398678
translation,16.415845437132546
translation,15.13619440738781
translation,3.1113981249056444
translation,63.226396725546984
translation,73.42582176109245
translation,23.455114886754963
translation,9.010787494553933
translation,59.230755576104876
translation,38.47865513170527
translation,7.902635697457532
translation,17.340350562342493
translation,58.77408013773459
translation,29.92315153989141
translation,27.2761758212446
translation,19.04334621496527
translation,63.7298806191105
translation,43.93185403066473
translation,25.31154996965805
translation,6.523196674204901
translation,103.95146839236341
translation,16.552149757734618
translation,17.17107751521243
translation,29.07100600406182
translation,105.07304268878707
translation,37.58724685899042
translation,44.6839920143145
translation,51.48225782886367
translation,105.58148776266096
translation,76.91068248775065
translation,38.85340459246688
translation,48.14521870415901
translation,69.64951209528141
translation,58.5527484176194
translation,5.202044578481682
translation,21.219123852180577
translation,66.48963433651063
translation,29.23910187834548
translation,30.612887292457597
translation,9.841878288490788
translation,65.51625389338095
translation,57.76667286229811
translation,38.86636100000919
translation,21.577820821063682
translation,3.8830179931660487
translation,48.06030283081069
translation,17.668077773200555
translation,12.274421008173098
translation,85.41050762473724
translation,15.358394697728157
translation,20.108868313786378
translation,1.0788948433205527
translation,100.3523741503449
translation,40.906002628765414
translation,50.89712694340665
translation,15.518504180668323
translation,103.48023491986305
translation,50.36030740305853
translation,58.57644519388676
translation,6.867905912201017
translation,109.99273338748117
translation,19.373362462308293
translation,45.37424456970249
translation,5.889069030516274
translation,67.69378127033869
translation,15.580847102922801
translation,24.271365327533474
translation,7.238176774212783
translation,62.84747574796097
translation,31.825773398240067
translation,2.5076530898675458
translation,4.854945203543585
translation,56.573504734063285
translation,31.188461472772445
translation,13.794582315221684
translation,10.321052836491106
translation,15.898345866390663
translation,12.027096207827245
translation,7.033182403151467
translation,22.329217599795097
translation,56.46524997354568
translation,38.00754383802274
translation,10.90197915637136
translation,33.57953770190681
translation,64.6859310973261
translation,67.60899937444393
translation,11.167659119106101
translation,24.561303442480348
translation,57.96359418021059
translation,74.89720550077776
translation,10.60468573680547
translation,3.1314739073542093
translation,15.95358679665499
translation,73.85997096173382
translation,10.04618052576442
translation,19.45965517002332
translation,41.590655817626136
translation,62.09736630434364
translation,29.8754276285632
translation,13.503555427800707
translation,123.00328354809686
translation,50.7331660165992
translation,49.808261130763256
translation,10.501930744090119
translation,132.76586731439912
translation,25.35938964729256
translation,54.42331576509925
translation,2.867178461042991
translation,86.31655589931296
translation,5.919268704479718
translation,41.83132568634767
translation,11.645735726243581
translation,60.787331561054465
translation,20.52077290732819
translation,31.247448224519307
translation,18.431240096536293
translation,26.43334523841304
translation,32.85101294985261
translation,5.38008475409583
translation,6.840214543814292
translation,8.023810969097957
translation,49.90539807311138
translation,31.214681704459025
translation,10.896463158726284
translation,47.44971097294787
translation,52.26182799948871
translation,50.334368510231656
translation,25.35475227440844
translation,74.90352554981638
translation,42.80953589916745
translation,49.88184802096796
translation,33.75422624419078
translation,88.24858062104462
translation,45.9255174465013
translation,52.30781283738056
translation,35.77673429488795
translation,96.49866835307024
translation,79.80359254388715
translation,26.585962235490722
translation,18.331429504670982
translation,58.71670515800293
translation,15.533957886436427
translation,3.683151465401278
translation,87.96262490413781
translation,56.01251099637756
translation,34.973663374797404
translation,13.546002477349985
translation,85.82543057933954
translation,48.66817064819452
translation,28.339454175077275
translation,17.76689983430141
translation,82.17482098512518
translation,19.176938290564237
translation,15.75417050645012
translation,30.661444192686048
translation,53.76431273387764
translation,48.07434530375652
translation,10.939691176357819
translation,27.560227619268677
translation,12.879374909951341
translation,54.2797364495155
translation,31.163594604989267
translation,4.877966777996978
translation,69.72388622192555
translation,64.06390874454378
translation,43.72314867619199
translation,20.749486733241174
translation,82.22286601241605
translation,64.29069837030914
translation,46.33713930171829
translation,37.44800438846751
translation,91.54639488263
translation,64.01377788530688
translation,47.26546593672926
translation,41.486028581777
translation,88.60377332162177
translation,18.542061926146623
translation,29.070945236853103
translation,27.779619048725323
translation,44.59030970355818
translation,9.793600982840182
translation,1.9376630831940396
translation,1.8995714120956917
translation,46.66397442512225
translation,13.625883848348847
translation,33.3928037589856
translation,12.380586942159974
translation,59.32272783045229
translation,19.079362463109206
translation,52.907475133899545
translation,22.118035442299497
translation,56.84406033808757
translation,4.341349793873246
translation,41.60177714719829
translation,21.426382539210373
translation,30.97987474862124
translation,10.822749851361497
translation,15.817214073715089
translation,18.87500880781063
translation,24.895686717909236
translation,8.431684520408199
translation,7.850905536280063
translation,7.38916329475831
translation,54.48334073251683
translation,23.751204706332608
translation,27.536293964234336
translation,4.543008110095824
translation,60.79514653409855
translation,36.146478558143166
translation,30.17829265989295
translation,9.145031366798655
translation,65.48394989325098
translation,12.305456568669628
translation,6.492998477345295
translation,16.73554793869381
translation,68.21409430948121
translation,14.824606606360788
translation,18.514201248306218
translation,81.82366138333387
translation,85.37804720261533
translation,28.653751322568876
translation,8.392995809629964
translation,48.9562279557282
translation,71.35815352236243
translation,39.058887009308485
translation,8.837862637980166
translation,49.23319594903313
translation,43.138497211854
translation,49.65915695923643
translation,8.688442647610255
translation,60.330798414868894
translation,7.768216833530671
translation,16.07708599598531
translation,22.234346212259705
translation,83.26307637475857
translation,31.419564593409245
translation,17.82118040636656
translation,21.587171864851477
translation,80.26728367390665
translation,25.65945518259194
translation,31.117871893280412
translation,6.757103817172091
translation,32.496945141485405
translation,3.082451456747882
translation,29.149529669169368
translation,5.826146189764525
translation,72.0737570945208
translation,39.0025791785646
translation,14.365976094370442
translation,10.088955742173926
translation,65.10932053761545
translation,44.23676700979552
translation,38.224111631045005
translation,8.953704017138039
translation,61.23272575886637
translation,48.989120603870795
translation,43.83395178379577
translation,13.982171799845592
translation,24.04942608239975
translation,41.52700031445826
translation,9.899808700148586
translation,37.88188949606858
translation,39.363618157552715
translation,21.608616109455536
translation,15.187362990282015
translation,71.42026812720606
translation,56.603061815851085
translation,9.13744543785289
translation,10.549883754217296
translation,109.82559982938061
translation,70.02809481784197
translation,30.810355785989106
translation,3.4510797328971816
translation,155.26982432863915
translation,65.6194352909971
translation,32.29798381438526
translation,3.32465536346285
translation,87.70118924399885
translation,28.386978080845765
translation,36.179526155330095
translation,4.703937628042551
translation,37.796865227711976
translation,29.031423849885822
translation,6.178528640510941
translation,4.9354002817655465
translation,31.978195255613524
translation,41.770536981762454
translation,11.528905484414475
translation,4.209279004387868
translation,4.3416237097078865
translation,41.7898978352425
translation,18.87072567292589
translation,12.362463625982286
translation,33.62014339003827
translation,39.674822793204946
translation,26.473913395353144
translation,13.10361569525294
translation,69.3846748835369
translation,40.57215399213745
translation,36.29776143725712
translation,22.815498783846007
translation,72.10543855113796
translation,44.721552084358606
translation,31.25940075434582
translation,23.811807511024316
translation,69.7859063811557
translation,37.31505690218789
translation,24.31312212569012
translation,21.930050322605812
translation,53.63798963034768
translation,43.693370748979916
translation,9.082879778887714
translation,10.966140348128361
translation,13.5039777644711
translation,32.34000660151473
translation,12.808998261994686
translation,7.899178572027682
translation,81.34189730866704
translation,36.59448276281353
translation,29.0734220386033
translation,36.45184589797065
translation,96.23587716378877
translation,22.320272987066094
translation,42.00998252216249
translation,54.95686982131996
translation,88.73305992723346
translation,19.944619934086788
translation,42.33346172729028
translation,55.75458553100301
translation,74.24420870728177
translation,31.26522276663194
translation,16.522325410300883
translation,25.629143571806367
translation,22.312251600778474
translation,25.51376362336832
translation,11.844863261336531
translation,5.199016387173707
translation,37.53088648593856
translation,25.69921108325339
translation,18.488700651038812
translation,19.209982026555146
translation,52.99770128066583
translation,29.99169560016295
translation,18.012705965020906
translation,30.115925319126312
translation,57.60160366868758
translation,13.404938077544129
translation,14.915040481377636
translation,22.077584714111612
translation,36.55699705362004
translation,46.86105392445397
translation,55.645157850021256
translation,18.70451367213074
translation,91.56518379752808
translation,136.12297441095217
translation,86.19547377794801
translation,62.1019305424834
translation,88.87577063574376
translation,103.99109732741292
translation,86.77963148664168
translation,74.5543474734374
translation,91.59356448341084
translation,80.223444282892
translation,69.72182512932214
translation,66.2726353356166
translation,136.25026806613474
translation,31.72881400577163
translation,24.8963730079648
translation,32.38617616473211
translation,159.98270084908216
translation,8.66738299203573
translation,15.037372834934269
translation,26.975312459528265
translation,125.29648194298088
translation,10.03808571732788
translation,21.717149289307862
translation,41.10250766126826
translation,65.45896180939538
translation,44.460531572952696
translation,11.682990110088642
translation,35.25577223610882
translation,7.819690702606945
translation,61.71005765783064
translation,41.510055444204276
translation,8.596537587413906
translation,4.01378592898559
translation,61.244369796430654
translation,58.59764439365527
translation,30.24784062831682
translation,23.905451501883
translation,47.1233468463482
translation,50.66145513202874
translation,66.96160165175897
translation,69.50439243456977
translation,4.502909914788146
translation,19.476294642333436
translation,79.2583773479381
translation,108.51722585860237
translation,13.323047522706467
translation,61.4158822197645
translation,93.94982628761764
translation,135.49291455583946
translation,58.37967449609769
translation,93.58250743165202
translation,100.87178233504878
translation,128.66519753056897
translation,52.343955247170925
translation,69.71165818250692
translation,21.337450824311205
translation,44.713135089625105
translation,23.095282417090473
translation,55.7235720202709
translation,45.711730742990625
translation,51.57660174542278
translation,11.366366930532262
translation,48.1523558984971
translation,45.0895930450474
translation,49.50476287916397
translation,56.202007026136265
translation,5.899511920214457
translation,28.8424905043865
translation,51.90673072756671
translation,54.88916827511057
translation,82.6961873431804
translation,30.704632782662518
translation,98.29755030038434
translation,134.7804719545322
translation,113.0796491948405
translation,117.03826643419549
translation,104.53536722351959
translation,145.61709570065625
translation,116.1319406256294
translation,118.80683259094394
translation,98.85710311788186
translation,99.32875797785358
translation,69.38699309046565
translation,18.859087660843468
translation,45.276313000497446
translation,42.69678315828695
translation,29.127966975541415
translation,11.32188252570837
translation,48.92589512738116
translation,99.27050198510247
translation,82.85758739867413
translation,97.12003246632662
translation,88.52362376294064
translation,75.51288262175271
translation,64.07274990885935
translation,21.337950886071173
translation,4.157040205170499
translation,49.23294917485756
translation,33.28758885285369
translation,49.85121376142038
translation,33.809725865472636
translation,43.81462007694413
translation,32.72137744617937
translation,39.077514316764145
translation,39.41246498488047
translation,31.54704028411609
translation,90.71978638104272
translation,40.698508973729574
translation,23.35801200727455
translation,92.55415638471432
translation,97.43020994726291
translation,30.67146239420808
translation,94.08091449658988
translation,71.29932238801223
translation,55.45542908225997
translation,117.10511588899584
translation,8.862153268546814
translation,12.10966748183135
translation,15.607973797527222
translation,86.35081815405472
translation,46.225835629356546
translation,20.19323720450577
translation,11.72396446149363
translation,15.194848718040287
translation,39.50739704565139
translation,28.015971459782993
translation,18.08298987318027
translation,39.095585926504285
translation,53.01035854850863
translation,39.51328180028683
translation,23.3917147770776
translation,54.08581989154099
translation,50.383249316641574
translation,39.09893227082482
translation,15.894803240519277
translation,67.24005919927164
translation,54.006946697232976
translation,38.52529157694209
translation,7.682788135493973
translation,76.36011271517292
translation,32.616727625684334
translation,25.516875049587448
translation,9.794027950432184
translation,103.00959411996881
translation,34.8427681233315
translation,17.594826785017556
translation,25.48980789044568
translation,126.29410820353316
translation,23.158019428947437
translation,27.768036434267575
translation,32.79195306002071
translation,112.82745259979752
translation,14.096617940862101
translation,32.848958194097214
translation,32.794442744595415
translation,93.65669236258486
translation,9.975199807207781
translation,13.399862649458365
translation,19.395903604944202
translation,51.80047288913257
translation,24.99110902427374
translation,10.69022125385494
translation,3.803731351647498
translation,32.78112157885344
translation,34.93120374187922
translation,2.029887892349725
translation,11.768206115060739
translation,46.197623767490086
translation,34.24809874545065
translation,3.6463153232907186
translation,13.38102907319084
translation,55.18176211989051
translation,41.57233634356445
translation,7.393688729235166
translation,14.291453479739593
translation,61.9660682837174
translation,57.236753638560984
translation,22.07971684144185
translation,8.206247644215697
translation,66.10390044722548
translation,39.87620766009573
translation,17.81231021567187
translation,130.85460398382105
translation,114.48968620098492
translation,60.519098020527245
translation,39.78286707602797
translation,108.86655788973417
translation,74.29210360254001
translation,59.70028373700681
translation,45.6180746669049
translation,110.11434448838163
translation,87.4558372921907
translation,40.16668922018094
translation,50.01151769285505
translation,89.18908043135197
translation,85.33721515519342
translation,24.01272440441729
translation,44.34645199196388
translation,34.290529141381754
translation,59.461917567911485
translation,6.933918746185526
translation,34.315052455666276
translation,53.223635752947544
translation,43.776133636051114
translation,1.831460922026692
translation,13.448680012711044
translation,26.232623429474934
translation,36.44830881284164
translation,3.3904977047575358
translation,4.395151997189024
translation,60.00337530150994
translation,35.37339108530067
translation,16.12194531558916
translation,4.025994170390011
translation,72.59955368558084
translation,33.83726372933248
translation,27.23028477902338
translation,3.739369476330355
translation,74.03641334466667
translation,43.28165988116294
translation,34.33837427238821
translation,3.195926871906274
translation,55.70293834767077
translation,7.171592168293832
translation,26.48487966387201
translation,16.12062843450972
translation,21.852937659831532
translation,24.898165949433974
translation,11.079162215117304
translation,17.249240149286923
translation,77.38357034003668
translation,30.539514327589398
translation,5.748723322544665
translation,23.32437525753168
translation,93.6030200660137
translation,42.06406713589574
translation,16.896391357919196
translation,24.061161585592476
translation,81.7861922411108
translation,47.42122788097281
translation,28.54066396337281
translation,6.622790417538901
translation,39.694149383276184
translation,13.532215663246218
translation,16.057809355782616
translation,28.841632205266475
translation,5.09548720672995
translation,29.11825393194266
translation,13.727467724809218
translation,33.16478298385845
translation,19.339058839286047
translation,48.256936846157224
translation,10.117691828516337
translation,22.81980982159929
translation,39.672621066399934
translation,67.74128957136676
translation,5.361012012613161
translation,5.501795860995762
translation,74.25912625488853
translation,86.49182422494205
translation,5.649454326251008
translation,17.263488983204443
translation,156.16996777454946
translation,75.18805110074058
translation,39.74234342068947
translation,22.675928377973776
translation,132.21493634660501
translation,22.566452560284603
translation,56.19548928645739
translation,15.813264210472088
translation,135.66505116722072
translation,17.16519137242474
translation,58.68018451443029
translation,17.774669730166522
translation,143.37406342819247
translation,34.10430428099191
translation,56.577109985909644
translation,15.85388376198183
translation,98.41916306947167
translation,52.64797119346863
translation,38.24052491642811
translation,4.8044028184233385
translation,37.4691749151106
translation,37.26368546204344
translation,14.382239343434378
translation,16.89688116529552
translation,13.79276748431982
translation,47.95438786586483
translation,21.762749196079092
translation,17.660757280938004
translation,57.42709292922099
translation,47.7177491456778
translation,42.532019435316194
translation,9.844359033115252
translation,57.385316648479424
translation,56.280372969749465
translation,43.057903644151075
translation,4.562590377549845
translation,67.6980716631955
translation,39.922480742631016
translation,6.171962884705107
translation,81.54461483403097
translation,95.10563298019555
translation,37.77338294894621
translation,17.48416014445627
translation,127.01343440214669
translation,85.49928103041684
translation,3.4664681204402217
translation,28.853885504671815
translation,109.02632762411788
translation,83.65327916706144
translation,38.47858179387423
translation,24.50284150069545
translation,114.03210566759195
translation,82.56849238649468
translation,49.906549777760475
translation,31.896026249520684
translation,86.14595731487725
translation,59.77829713539413
translation,58.932515724095595
translation,16.69169153894533
translation,84.08880422826614
translation,33.76069159989697
translation,46.641105402907705
translation,3.2492819735438974
translation,34.05535714732136
translation,32.67864642259707
translation,34.55601799566775
translation,9.73203042300844
translation,7.645892162566104
translation,34.59976336366752
translation,18.64119121672945
translation,14.093968385839377
translation,61.88465269113873
translation,57.114309816239206
translation,40.057193465357294
translation,28.27868748067071
translation,81.36314438156194
translation,61.452508196366686
translation,48.37732940140217
translation,43.60728095416623
translation,66.9025042422849
translation,26.04379813332707
translation,25.690547056523528
translation,19.942360657372003
translation,58.58182692760594
translation,20.19470647833334
translation,18.371984140268037
translation,5.983919096611404
translation,44.9648202816526
translation,59.168232253889116
translation,5.919667922334102
translation,30.922318805545913
translation,47.353006678541234
translation,71.24683523793021
translation,7.584036965327188
translation,44.54628014157546
translation,68.15274412661756
translation,82.1626021031455
translation,11.937623545443069
translation,35.07429545803836
translation,63.84955421744108
translation,104.00333166647596
translation,6.7039026005459545
translation,29.327871339664608
translation,73.27897879608649
translation,103.71900813473847
translation,15.370830170649148
translation,26.325786760338133
translation,89.77535052719034
translation,82.08792092342013
translation,18.325373081853318
translation,20.774628516213358
translation,121.00181530054952
translation,43.445474939939025
translation,15.285779911922384
translation,8.736007813458585
translation,166.26505795305297
translation,58.74023339880566
translation,14.297111229923269
translation,8.191781305909167
translation,96.71019295293813
translation,57.110473634969075
translation,8.592889453334537
translation,17.053306434370743
translation,55.45539438588897
translation,49.1579570749561
translation,7.949427046770934
translation,20.748872839297015
translation,49.60938860591593
translation,44.86881984335501
translation,6.415368261485217
translation,28.48194055728109
translation,30.079783915917346
translation,32.19020817411807
translation,4.698982874083533
translation,21.133579084225786
translation,25.823280974637587
translation,21.874211864542154
translation,6.279885708644337
translation,18.4797140669263
translation,37.968648498413046
translation,14.379272263807996
translation,9.682828746912504
translation,20.442372049372825
translation,46.98252067278048
translation,32.96648164749648
translation,18.578710740256767
translation,11.424215048242356
translation,76.53006018211686
translation,28.65915605584358
translation,24.13074589401186
translation,97.81028049269361
translation,79.60948989197243
translation,35.611917548424444
translation,29.207522289844114
translation,97.18293483396639
translation,56.529255419184715
translation,25.42371233970681
translation,26.629624991196433
translation,92.42743691396915
translation,48.16585706938062
translation,4.2226039399791855
translation,11.683224381026651
translation,79.52824560408952
translation,40.16680796761307
translation,6.151697049203232
translation,3.533346015404542
translation,61.24604207753802
translation,25.883532210113852
translation,15.974798764750126
translation,9.31356610058491
translation,36.897371906059426
translation,25.020072485777305
translation,27.486998966870896
translation,18.687675125346914
translation,21.639364144432808
translation,9.305406930558059
translation,14.000753841824633
translation,43.87205866843564
translation,16.214830576262095
translation,23.528676200113747
translation,20.056539801374164
translation,52.06852010552809
translation,47.98379311573699
translation,44.25427326083065
translation,27.743907093258752
translation,47.23747488592693
translation,121.26980035967576
translation,89.94752659143805
translation,40.73358280467853
translation,44.12596753073655
translation,128.23163662936474
translation,88.68201033552626
translation,37.723275494960085
translation,31.97280237657791
translation,109.13085970679883
translation,87.71906356480457
translation,41.439920197831306
translation,30.52753815712533
translation,83.4903888992561
translation,91.3162109133504
translation,58.578874511835274
translation,33.11927580426819
translation,60.37670446282601
translation,97.23496068453191
translation,69.74720922076898
translation,29.796886906310963
translation,71.23371310002368
translation,118.53002902845914
translation,78.58236710920325
translation,27.309363851736553
translation,85.71905137922816
translation,13.23130839146726
translation,71.16787408538035
translation,19.61575886093492
translation,93.47504079978738
translation,13.317575262667708
translation,50.562126599959
translation,10.863234008496624
translation,146.80369623190572
translation,27.307218464995305
translation,5.77789907445946
translation,11.303250477858132
translation,121.42180202742196
translation,26.56452104390627
translation,26.21651541303809
translation,23.466888562497456
translation,80.67105458331054
translation,15.58896905961847
translation,19.83013734240246
translation,30.126998430226337
translation,59.44509291665464
translation,14.31129317485887
translation,21.360708624497185
translation,26.458499485824966
translation,27.7986273036542
translation,42.90890797931876
translation,4.88293155998311
translation,11.418721373603598
translation,11.092360395964059
translation,75.09809024212703
translation,22.305918190789537
translation,7.675928224551495
translation,35.91166760315603
translation,84.79582553169013
translation,24.94605670688539
translation,21.75320337781378
translation,84.8611036165059
translation,76.52060627242639
translation,18.86388667802117
translation,30.32034074977249
translation,115.68040520397986
translation,52.93790524691658
translation,13.892302986066971
translation,35.963207468511214
translation,130.51093649272556
translation,43.74813457540774
translation,32.70406562944432
translation,28.016966784636317
translation,133.0429529157386
translation,40.74306027130677
translation,46.44733766601657
translation,10.691213783376089
translation,62.99788149695539
translation,36.038848196070774
translation,35.31051819111648
translation,15.548548883789463
translation,38.921007562947025
translation,34.461332639946704
translation,33.402097370272024
translation,23.414393536359473
translation,39.44949356908502
translation,29.756150737181546
translation,29.45250325023038
translation,30.52395704562109
translation,49.72471891927786
translation,29.19042485428552
translation,22.7862946203006
translation,32.77675587879262
translation,57.75728937235143
translation,27.747974823281197
translation,10.271096564228406
translation,36.96633431784144
translation,118.7417907546195
translation,24.550151357409785
translation,31.450757705367796
translation,21.722541193254585
translation,88.32634985896048
translation,33.103797059585034
translation,40.148900674160295
translation,4.798424590773426
translation,33.940877665181915
translation,46.843413639649356
translation,18.594862737743163
translation,6.741841072319121
translation,34.609902591064035
translation,9.84731211000823
translation,31.661254599157655
translation,29.658058579462114
translation,34.99197872519981
translation,19.424032464999794
translation,29.077653219756392
translation,60.49816823625603
translation,32.22069612643123
translation,33.69892163319118
translation,14.193713384190657
translation,82.93618367837745
translation,32.08430682549591
translation,37.096539082760835
translation,9.882223136953666
translation,117.37944319853199
translation,66.15538816542767
translation,45.458692081734924
translation,24.368248360325854
translation,147.48889389150446
translation,86.25706303246601
translation,19.931752901562145
translation,23.065984893984528
translation,86.48558438708965
translation,83.59305017907211
translation,39.04884413682388
translation,14.656670948356041
translation,71.39120109157462
translation,64.16602062382641
translation,14.624851727552423
translation,62.053449562690126
translation,22.941497381739126
translation,50.04869396259541
translation,8.30114158706275
translation,63.589286751485105
translation,9.47983556500393
translation,44.940131921523395
translation,11.004812451124163
translation,60.85044270552583
translation,36.042463406200824
translation,55.7091987289593
translation,67.28036144307576
translation,72.18157744349317
translation,48.79398526498504
translation,28.80926363664805
translation,45.51918662900539
translation,51.91282960669778
translation,61.29304996980766
translation,41.39607643242176
translation,14.823457646421064
translation,50.432043014098724
translation,56.39401157041414
translation,42.86042357806728
translation,6.489813072739014
translation,53.672127073341784
translation,47.52653971018784
translation,42.0296868823223
translation,17.065085123732395
translation,54.33952154703056
translation,36.88782415686952
translation,22.216551734537877
translation,70.02894543482029
translation,70.2732734729335
translation,23.797861475067737
translation,26.93141950440272
translation,76.30886278986338
translation,82.67293522842132
translation,100.70947671057722
translation,20.28782083451241
translation,117.84531758678138
translation,109.78901903226853
translation,90.69411011333783
translation,12.343947407516737
translation,96.13795226204681
translation,103.07669268890378
translation,75.66630610747058
translation,87.00802522930906
translation,26.910001155480142
translation,51.593354928060684
translation,2.050508226936537
translation,85.58791914674741
translation,29.051637243745194
translation,19.53608927693762
translation,12.154195047709784
translation,99.48634189744995
translation,44.0562208333331
translation,16.182320777227368
translation,8.16943096525695
translation,79.55136318893355
translation,103.02193019499973
translation,61.088794548202664
translation,15.452074242590562
translation,72.92419939216491
translation,170.3632745490357
translation,55.473243460613936
translation,22.759983689985553
translation,62.827012143253036
translation,32.884522243264534
translation,45.97541314056592
translation,29.473179208799877
translation,52.58976815391086
translation,45.773922037814835
translation,14.30375709412378
translation,112.16690011684561
translation,61.308180975316745
translation,15.433289408110985
translation,23.543362449288562
translation,118.49609634966598
translation,63.84081708611848
translation,41.513779380667
translation,3.788145471363579
translation,107.5816124019755
translation,44.90231702355068
translation,61.40381150636348
translation,13.02749381015118
translation,62.80087987485042
translation,14.929680270789802
translation,38.78008683092349
translation,5.873287074556261
translation,8.866899286550359
translation,36.12553242796073
translation,22.61546141747947
translation,8.639379250952986
translation,27.907556253518383
translation,42.2588518292259
translation,10.564506961189911
translation,21.21616155205462
translation,48.7881054150571
translation,50.146664034958384
translation,35.53304000001103
translation,30.746621253441667
translation,61.688499472618645
translation,55.319686008958925
translation,54.94767442698591
translation,35.64390206334091
translation,67.11133119672552
translation,58.542538313414425
translation,59.24399209165397
translation,32.45622063824478
translation,65.28965108409507
translation,50.90711182279987
translation,46.13422608185892
translation,22.277788280722696
translation,54.94321389378083
translation,80.02596694075973
translation,9.348515442207768
translation,11.928270781278687
translation,35.389938878041434
translation,72.46589239363004
translation,15.034873684996663
translation,12.309781773256379
translation,6.289368208861857
translation,81.24767335544402
translation,21.466465448338646
translation,4.195547785948064
translation,105.11139213691574
translation,90.88558176974074
translation,28.30996305663392
translation,3.1685702892000793
translation,107.55757741475963
translation,102.95780849864695
translation,54.121922278110105
translation,9.010005133120744
translation,93.67903022281571
translation,74.6176617203356
translation,16.35064391208621
translation,12.3680039662744
translation,79.10236993075686
translation,42.723329538837476
translation,13.151900942514676
translation,3.2444177628498845
translation,57.841814157550814
translation,32.37233130143381
translation,26.53817343773061
translation,19.781894979684548
translation,86.11325638813041
translation,29.619979103540484
translation,39.90190189075095
translation,60.96459104020515
translation,74.59222546516769
translation,50.28448942295033
translation,41.943394877230155
translation,50.36778268985762
translation,42.512657753473285
translation,47.9623650066782
translation,24.98884384584405
translation,14.02703894345718
translation,4.056944989725673
translation,25.159485683888505
translation,10.051148496800735
translation,5.176584567881758
translation,32.78671930165646
translation,19.329103260987647
translation,6.5987097001585715
translation,18.238787122088315
translation,41.77395951267467
translation,23.435063946077243
translation,19.894595862275345
translation,24.261318467027248
translation,58.55296986289304
translation,14.295781776692548
translation,25.42914050916589
translation,17.227093340668944
translation,177.0447541404712
translation,18.015589677120442
translation,96.95517443688274
translation,4.623853125914732
translation,126.15182935398278
translation,58.964198757265535
translation,173.22251399456528
translation,40.044669977509464
translation,75.89188203526176
translation,45.64790739448449
translation,153.7191395094756
translation,31.48324244259636
translation,44.79855322692442
translation,13.72425302221141
translation,76.35084217214296
translation,36.62041184617084
translation,14.668047752834761
translation,6.383535556717155
translation,15.687835132416087
translation,23.57855990567333
translation,20.490959421718074
translation,5.016496679396518
translation,11.641583899009484
translation,10.459174330785393
translation,15.57424243343361
translation,11.714952174099833
translation,19.05782984428893
translation,10.13496995221799
translation,9.110435055235689
translation,41.78496374365621
translation,21.735982365508626
translation,22.51599071231258
translation,7.0306751299549335
translation,146.70448871951987
translation,9.56606714796069
translation,29.489939475641282
translation,23.439608639638305
translation,151.50779729215157
translation,24.193310167834063
translation,54.975386786277134
translation,88.7522521061979
translation,140.80873381473953
translation,53.755663776609424
translation,71.94081113870747
translation,133.27365817187416
translation,141.9915270768995
translation,82.87388848090191
translation,88.28864815174182
translation,163.48279143290435
translation,105.30522187496071
translation,28.73226541770538
translation,11.069088563265602
translation,167.9703158465816
translation,61.16435737698589
translation,38.29270102119378
translation,19.28238168737583
translation,162.46395655475933
translation,52.868921560539334
translation,31.772381038416643
translation,18.65848718788282
translation,148.17177352074202
translation,7.652544915814336
translation,16.635046852378252
translation,6.654227048599689
translation,1.757371740159712
translation,20.780818226982962
translation,6.700025608954893
translation,6.23199370922899
translation,5.53381359204705
translation,26.203568798242003
translation,9.493524314310783
translation,4.34721389009176
translation,11.589560079792921
translation,45.94982141072802
translation,19.646778810342237
translation,1.2067500997217293
translation,24.73288124523949
translation,49.78110181772195
translation,31.650288352316554
translation,3.7200220616364965
translation,81.56521226985946
translation,58.411610631535616
translation,33.64664160071765
translation,14.015391633970248
translation,134.080654588769
translation,47.02574644543071
translation,25.53375536761656
translation,31.74052014608479
translation,117.81756050441268
translation,21.44861072620666
translation,6.789238337990533
translation,10.583827811815807
translation,90.36323178534175
translation,29.597755109782156
translation,10.734369361979251
translation,9.501374386153241
translation,35.295478509785674
translation,72.35328761034306
translation,25.399769217994546
translation,20.20338583924404
translation,31.982468632928686
translation,101.16079958856625
translation,37.39057526178366
translation,17.42316540722364
translation,43.36401690743344
translation,74.26915085717681
translation,54.351998217343244
translation,20.798889016565433
translation,61.54720149006507
translation,56.63739843473989
translation,75.74491451323802
translation,26.710369819514426
translation,103.42288740705827
translation,50.053350502126996
translation,55.997489604169665
translation,33.586659804939316
translation,166.31933732497885
translation,4.171774312909213
translation,11.360497650291872
translation,8.868852446543324
translation,157.0714077360562
translation,20.02008770188931
translation,19.667313699922282
translation,63.846197235579474
translation,115.53910920184038
translation,15.161475665962339
translation,4.2733247505365535
translation,5.144209958526414
translation,53.744256160582665
translation,9.311114926900842
translation,7.403315065950139
translation,11.37182971939867
translation,10.384107998720287
translation,15.958355239262724
translation,4.824033288595844
translation,6.0303733315478585
translation,15.26089880972708
translation,36.07955944430855
translation,5.309988739440729
translation,3.537418254040474
translation,38.38725823136315
translation,93.40690849694316
translation,15.308520321756419
translation,7.087844260293206
translation,39.76279115173157
translation,63.54421018041747
translation,25.77668332291444
translation,7.676677798277643
translation,56.80736534511521
translation,16.015110802023045
translation,10.292183387982803
translation,6.41578466434469
translation,173.11521388679884
translation,19.30488939879275
translation,110.57841631440725
translation,7.021979855689984
translation,146.542462536432
translation,46.530324174574375
translation,32.4814567535636
translation,124.58322430875833
translation,18.225071511975415
translation,25.303608672585376
translation,60.343146693136
translation,39.208968556844795
translation,25.349816005181463
translation,20.332157633385783
translation,10.957827805152064
translation,9.504385980503644
translation,27.00691413941331
translation,16.02374127819079
translation,4.010583103834959
translation,12.264038276153329
translation,14.670091954403732
translation,14.085236484834365
translation,3.7714562243459224
translation,22.169248976477817
translation,9.416775871107529
translation,15.291942495388408
translation,9.102838829028208
translation,12.075932559526121
translation,4.874659702035086
translation,16.873309816453137
translation,83.54239557193469
translation,131.84127379356357
translation,14.36688571813117
translation,26.826803296776887
translation,126.65375174744936
translation,48.04581838462096
translation,44.701126843686204
translation,146.1343938715351
translation,49.29401851260538
translation,92.8338516935761
translation,28.44987937786101
translation,174.82696013659415
translation,18.009693441592432
translation,76.48459514601682
translation,1.3834943250444336
translation,114.40278255468932
translation,3.6352061137116305
translation,20.055531952796013
translation,21.93878375231946
translation,66.39458408782589
translation,13.235624922741343
translation,4.867353729446243
translation,23.84962210963609
translation,23.19244554494212
translation,19.087211310623992
translation,11.72423363615217
translation,23.7049235403207
translation,6.930891816371403
translation,3.7057504102521337
translation,15.175900815373739
translation,15.345516485326653
translation,29.2210889633196
translation,3.863576270380692
translation,30.42669013607844
translation,3.088239258307073
translation,48.34768830427904
translation,37.71705331851182
translation,44.95064443633572
translation,7.948793851948397
translation,34.414456457233
translation,102.86896947670347
translation,25.929110086798353
translation,10.725339698171913
translation,33.37019095888306
translation,52.12768960989506
translation,9.694769513214053
translation,13.84439554879651
translation,68.4676890707653
translation,82.9357730323001
translation,49.52244667657169
translation,14.42440142813587
translation,104.65423680467477
translation,66.74037772720393
translation,85.8360108136155
translation,7.9036030900631
translation,115.50361209518714
translation,21.6188333833591
translation,82.87411567349125
translation,8.48539645533633
translation,120.80889634893184
translation,51.714524580887314
translation,53.44895568819769
translation,2.053207960064102
translation,69.00446481346141
translation,79.6395147539522
translation,6.473533422464624
translation,10.851560916267696
translation,65.5087014434042
translation,73.77383204996617
translation,28.67291151073781
translation,25.143587580536188
translation,56.18109986897235
translation,50.432416015775175
translation,34.03620890601189
translation,25.536579643030674
translation,53.63287284673317
translation,26.61486302473696
translation,32.27948915291335
translation,21.314352077998652
translation,62.87984094220883
translation,24.36123116287606
translation,30.468219139692977
translation,9.593889652286965
translation,89.59853510016522
translation,105.50574886628966
translation,30.097672197815054
translation,5.426585168143078
translation,60.06546996450266
translation,105.3068939931576
translation,9.541732178091516
translation,28.85504894659187
translation,73.16402323007611
translation,81.25647419025394
translation,20.04184131270432
translation,33.327642782244254
translation,96.70675706687915
translation,59.79897157566305
translation,21.421341465913475
translation,39.230348828196256
translation,92.67904208661183
translation,43.567772162680235
translation,21.04069809944783
translation,49.64142446813706
translation,91.23455979985819
translation,25.22431263473375
translation,12.95744265740662
translation,71.10942450834573
translation,93.96526912826049
translation,42.54767941826276
translation,13.968060210666644
translation,73.14281173885297
translation,8.996236347288287
translation,51.79171984222678
translation,19.524193013714974
translation,47.773872302931146
translation,10.220761895193078
translation,42.50753800785586
translation,13.676227330387658
translation,26.10630140804506
translation,32.50657204049225
translation,31.40338065568817
translation,17.331996450909585
translation,15.822527965084225
translation,58.46079787927129
translation,24.59374418685332
translation,20.89190713273058
translation,53.26607369231844
translation,82.55581187064188
translation,20.233217148223382
translation,24.913642171524366
translation,118.2781856901993
translation,82.27253854251654
translation,17.18144863753907
translation,109.11294498638534
translation,32.436890100384296
translation,5.185272166318853
translation,120.52361067567101
translation,76.56840342387102
translation,13.774156189587613
translation,12.370774538125863
translation,102.79924704133599
translation,32.86440860801274
translation,28.051055472303375
translation,30.88587213385264
translation,92.96810775589833
translation,21.754869782818446
translation,49.38581372997766
translation,62.753894203039415
translation,103.07288942558537
translation,48.78734685355504
translation,64.17503650247487
translation,94.44443543656077
translation,130.36048585244092
translation,2.0043326785784483
translation,144.39648989253388
translation,163.17652019954696
translation,38.546777674657314
translation,169.6178708781693
translation,162.72729056033285
translation,172.59788622503808
translation,77.76662157101926
translation,103.43974276944756
translation,118.65481809371282
translation,125.77681811349031
translation,140.352200784897
translation,58.299425227009905
translation,150.2584891118805
translation,41.25403523116391
translation,154.1549104847781
translation,8.50974082921274
translation,17.073115255902923
translation,10.679399026518315
translation,27.35600150808983
translation,8.179503411499848
translation,15.633540935689116
translation,13.775713521493325
translation,18.96471869391057
translation,20.509347000501062
translation,63.527399859386755
translation,26.74833960312418
translation,46.77462653414113
translation,50.35590768034283
translation,13.941370004569796
translation,31.69581921587511
translation,17.355637945324624
translation,12.005281680584345
translation,4.2793030485798536
translation,5.711316461861377
translation,0.32063865201560265
translation,14.565435313502917
translation,3.949169196334919
translation,6.184892885545905
translation,42.54418999008568
translation,27.654276082085325
translation,11.545090062939659
translation,4.3995790484158865
translation,30.436361916061614
translation,58.08058151940702
translation,8.008380158836044
translation,0.5055442509242675
translation,15.29950640698559
translation,109.52812765324431
translation,6.60476620728799
translation,3.587100304152149
translation,63.65814915159033
translation,138.74751032424365
translation,25.95611465316089
translation,42.034543753020216
translation,103.17310663801443
translation,135.39094287604038
translation,46.52755743624659
translation,70.69578584436495
translation,127.12259413993031
translation,141.96453315917196
translation,28.533386803577223
translation,76.7788164632851
translation,171.64002044556716
translation,169.2478411737324
translation,9.085806802037974
translation,44.907396428257854
translation,168.39041718719483
translation,132.78455378511052
translation,17.254647533313335
translation,12.05496961584517
translation,135.67830742813115
translation,66.50702725208029
translation,20.02621361301326
translation,6.573192988759051
translation,101.91304967638366
translation,35.386057672161414
translation,24.466237273254922
translation,5.614411184201009
translation,39.499380380458376
translation,15.672160366039252
translation,18.883944737624436
translation,5.95346193039248
translation,11.098621992198092
translation,3.5580162380241127
translation,4.914552697528274
translation,7.215841113036183
translation,20.66907681909257
translation,10.226775277460362
translation,14.560067712821178
translation,27.053657143400365
translation,18.497710545218524
translation,10.721493638868106
translation,18.26769882565518
translation,24.15383493069926
translation,7.156476443247029
translation,1.7069732771684953
translation,13.548335002516117
translation,11.556013022931063
translation,2.796469830843946
translation,9.619545795780281
translation,19.24954006206751
translation,1.1308009567843
translation,7.922873222916009
translation,8.860718018899398
translation,22.656334848451372
translation,9.451543226417268
translation,1.4788808074383901
translation,6.262610842252226
translation,24.050137677067372
translation,7.499691796087448
translation,6.200869809867373
translation,14.065803817438331
translation,6.59098373997625
translation,22.28676539736961
translation,167.5315718968476
translation,57.547395775981435
translation,2.796416808986969
translation,136.45302443805903
translation,51.920376014613495
translation,9.484402430747494
translation,166.62501181573754
translation,117.83048312707642
translation,21.413529971226925
translation,7.191187097966276
translation,160.11492720906904
translation,110.2728567282276
translation,4.133400931059876
translation,10.062424185828258
translation,165.1499425857381
translation,53.69029096002164
translation,11.6630707910983
translation,15.030362096724755
translation,151.05871869099937
translation,45.209624970621505
translation,5.308791786029927
translation,13.642772713680484
translation,96.82403076023945
translation,39.90085425454313
translation,8.336219607400862
translation,6.915768413934498
translation,47.42463289756742
translation,13.403751903753879
translation,2.9929226468347174
translation,2.4996716630530447
translation,24.640152039782937
translation,47.31132525360298
translation,5.94801797220627
translation,0.7574979965947128
translation,12.330279049486743
translation,46.69450925028746
translation,14.62030852449288
translation,6.029309802046746
translation,10.93173563887938
translation,36.14865024511453
translation,22.36447902155154
translation,6.087305855948159
translation,58.469850830562855
translation,15.34589982209408
translation,21.651958446647857
translation,11.681979888503012
translation,91.25058874882077
translation,8.48694703303662
translation,26.95874660434011
translation,27.78931081085639
translation,82.75867011021224
translation,25.21577904951125
translation,29.68407065410622
translation,33.834452452303765
translation,59.62102906850289
translation,32.745339570839775
translation,30.393824997645172
translation,36.12900646169334
translation,10.187997932877268
translation,9.213094711590525
translation,11.471612650788105
translation,16.62340237084688
translation,49.83376824520056
translation,29.062137642690914
translation,48.51517968346562
translation,8.864792677569106
translation,57.071496303146795
translation,27.633116516032217
translation,52.58075089442006
translation,11.336528707186014
translation,78.81575472375052
translation,19.247958856505843
translation,45.60938612348878
translation,9.52261511284751
translation,41.60139395779483
translation,29.866873171531992
translation,4.6472166429448265
translation,66.69263815787872
translation,47.53663146969427
translation,58.27270438085338
translation,13.602732857397957
translation,44.07021248964063
translation,35.031133208457426
translation,42.824346041114005
translation,13.95981935175747
translation,42.924245885321234
translation,29.655204517164336
translation,38.90368977589665
translation,16.95490563218525
translation,45.4892780466476
translation,33.77081605437797
translation,22.53267236152454
translation,23.8323138595857
translation,119.91501902189323
translation,20.532110616264585
translation,20.27783452683098
translation,35.15937299912216
translation,102.0015647264914
translation,13.030994101509835
translation,23.580821217308326
translation,42.47606672426225
translation,96.14775032549723
translation,11.05026653039729
translation,14.863550960430318
translation,122.85328119937815
translation,107.56714855521845
translation,8.508244422843365
translation,5.921836441929501
translation,133.99463297730733
translation,161.78806516075738
translation,14.83980392182191
translation,23.086928167599673
translation,119.96478132741832
translation,11.520120932011785
translation,24.4048854312295
translation,117.68382517329626
translation,49.04307438996276
translation,12.388746393258744
translation,11.792537956760876
translation,50.9307402048862
translation,39.48145498679728
translation,26.168310483321815
translation,6.600321708556761
translation,52.53377625733084
translation,37.48178332259995
translation,34.12548765992263
translation,7.748914596889274
translation,61.297965670091685
translation,41.840844632463686
translation,46.91633029924251
translation,11.561971866111929
translation,54.154163944594515
translation,19.367970807102537
translation,30.763119668090642
translation,1.718230290218143
translation,35.47667726874149
translation,4.399190269335232
translation,7.215623683356104
translation,2.085964729331857
translation,15.02758675949644
translation,11.602383215789763
translation,15.950759315938388
translation,3.6689755834329323
translation,15.766306426472509
translation,18.419417724404255
translation,28.644398809066697
translation,5.206289450647773
translation,32.851522451824934
translation,18.374314046585567
translation,30.0652161166195
translation,10.376988866124966
translation,30.347180535498474
translation,18.280153662829893
translation,35.03267624707601
translation,15.203714799377815
translation,31.14577668226039
translation,23.116733097770265
translation,34.227322203205354
translation,10.860507304498565
translation,26.352300714121913
translation,85.56279270229248
translation,22.355961689493785
translation,20.65049925714976
translation,44.03443102178479
translation,158.62648854100252
translation,16.771267200811952
translation,72.76047098174675
translation,99.88338570480754
translation,166.58579047531802
translation,1.2608111419685293
translation,106.747100278951
translation,127.96642863732609
translation,163.58543219438872
translation,14.713156083599934
translation,111.165799417331
translation,140.51952073066047
translation,165.98878123519816
translation,19.849192373672082
translation,114.40289732099644
translation,154.03848112745584
translation,113.48684567693883
translation,18.639319497466957
translation,125.5425350883364
translation,145.70639047779875
translation,60.94277112835195
translation,24.34645942489079
translation,71.6372486940661
translation,115.56185025839441
translation,38.89855860671938
translation,54.95609763811275
translation,15.21147723441752
translation,62.55428092741666
translation,29.447263877526687
translation,66.96388191161743
translation,3.4618598809212555
translation,26.76078326467426
translation,9.337545502666243
translation,45.691785423245314
translation,7.364164009127359
translation,22.13273528168632
translation,4.340902051623128
translation,62.66275824433492
translation,14.51593150088805
translation,21.275149963442995
translation,13.166143303228658
translation,79.38046110724335
translation,15.72047062565153
translation,15.452342313550426
translation,9.272287218530353
translation,118.05255243391241
translation,16.122156079278117
translation,2.3325973644541866
translation,2.454300870040313
translation,60.02901149505706
translation,8.374695599393522
translation,19.988794589971256
translation,57.22422429203113
translation,9.105713784448072
translation,40.20787312487126
translation,152.15426011416886
translation,19.859628423596767
translation,28.342382104906754
translation,41.595947414798864
translation,174.09017228364087
translation,29.592890570510132
translation,157.04063154860498
translation,153.83443470464883
translation,156.1395155166166
translation,38.811363945666265
translation,157.52899075934252
translation,166.4693308770166
translation,140.58944808810915
translation,32.738792950538915
translation,151.53044986554394
translation,169.05501905299093
translation,137.08141096743418
translation,26.89217055259292
translation,147.59537826833943
translation,170.21684854645105
translation,152.78015603045284
translation,19.65022424455333
translation,156.30541488299065
translation,154.95776326995605
translation,161.7543878077043
translation,32.76509673270038
translation,156.62622889739694
translation,124.35778748750239
translation,11.46126318337847
translation,60.65234219209374
translation,139.2111904000668
translation,156.09784081680792
translation,178.61907859375052
translation,148.53281197941362
translation,124.96042283357446
translation,101.6404091679542
translation,121.3809696165266
translation,127.59036887476204
translation,132.9224939278915
translation,147.03132449415523
translation,139.2880520235665
translation,156.5571571902462
translation,141.69952882055722
translation,145.19029719569582
translation,99.51285432490761
translation,138.0322751801441
translation,71.48313042091313
translation,119.74126250321004
translation,39.49165400990912
translation,133.31549467339357
translation,18.68437211305656
translation,131.08473562776376
translation,7.324818942230634
translation,131.4185657654016
translation,6.826107644201795
translation,133.92355770482135
translation,133.92911533612286
translation,6.44638173129823
translation,142.29218994778145
translation,126.92012977349603
translation,9.685363991261832
translation,138.7167668118977
translation,98.78953072325544
translation,13.326611638063884
translation,134.7815189223745
translation,73.07898231427366
translation,18.628980100714895
translation,165.61394810145768
translation,127.36884559058826
translation,33.06563212951897
translation,11.115519905010029
translation,173.0473187990742
translation,149.70540943539655
translation,0.8381792239042453
translation,12.989873633807436
translation,163.70267562586497
translation,146.19292373733177
translation,11.620943913625537
translation,12.722361246090273
translation,119.02137450627421
translation,137.61919907140194
translation,15.295838815798058
translation,6.714663706003
translation,64.18066329262112
translation,132.65950173667179
translation,16.392243167459633
translation,2.6415581541199225
translation,92.37167219169808
translation,73.30686423052738
translation,19.39523648225215
translation,0.5836650539264087
translation,128.2985895930011
translation,13.577071422730953
translation,23.718178171650937
translation,12.73782893127154
translation,152.30193807899045
translation,6.7706131970123105
translation,28.220151226302264
translation,24.863641851639976
translation,131.40789135172895
translation,15.05497563985219
translation,29.248880263834064
translation,24.83665274310211
translation,17.62006486688448
translation,18.82716100188394
translation,16.433984482782
translation,17.799531111695302
translation,15.322142141621857
translation,24.49233341886844
translation,18.35606498303745
translation,18.58647173019698
translation,15.796921447076441
translation,23.58172470790856
translation,19.262450880547515
translation,17.654060572077682
translation,13.418813089436465
translation,27.501735747697385
translation,14.075724018752503
translation,17.58477601996314
translation,11.218154405938972
translation,27.975618296297185
translation,11.400621511695137
translation,21.253813140548253
translation,22.039603074786324
translation,36.84112558990032
translation,25.15875648298208
translation,32.55953272989733
translation,42.66262210758481
translation,52.68952185797686
translation,54.53724654039364
translation,44.30511388076348
translation,75.18587569524186
translation,98.85357885176917
translation,82.92831620734802
translation,62.2024512387613
translation,95.09256092423219
translation,166.91160232977654
translation,83.2767329757974
translation,100.03272981891052
translation,143.09191568042772
translation,149.04471590364335
translation,7.41554359035083
translation,133.16528123595043
translation,148.54970177682966
translation,140.0542461788208
translation,8.718686186965398
translation,116.20115171414139
translation,132.45003948495858
translation,129.7652173346928
translation,14.559406530295249
translation,103.53633341275285
translation,123.197919738654
translation,119.89352158330156
translation,13.97021886098024
translation,103.62598247717449
translation,122.27998716419071
translation,115.94123897786027
translation,25.601823336150698
translation,107.14558472694992
translation,111.88862520039116
translation,120.79033525985876
translation,33.457867881332376
translation,105.3134962923865
translation,107.0015192340849
translation,43.508928073646345
translation,28.849772075738983
translation,88.04549943843043
translation,53.1113380788227
translation,22.39620798607365
translation,32.258107581367
translation,18.46173290839691
translation,50.0403528288451
translation,19.038152127959435
translation,12.741896791630488
translation,16.12130125279318
translation,79.80523573943435
translation,17.8235038207305
translation,57.54333289576425
translation,19.2304165839711
translation,40.43377124316092
translation,20.01617486468329
translation,78.6995033139884
translation,13.92393711282788
translation,20.70265091949241
translation,29.715204152370085
translation,92.85375148597312
translation,12.692049950003659
translation,12.797935833917826
translation,40.57540098138439
translation,103.376565849513
translation,11.516473179895819
translation,7.992304887412511
translation,36.789382507848096
translation,95.38929239527565
translation,5.709602772240903
translation,28.805146184138874
translation,43.46145151868753
translation,106.15240641899354
translation,6.408071261641419
translation,38.0493137605179
translation,114.72679260610245
translation,84.69251339592111
translation,26.445626397383265
translation,96.29454564923674
translation,150.82252096752916
translation,69.0305368042533
translation,111.4195300313079
translation,157.62916688180738
translation,145.55605041974158
translation,32.56474632717158
translation,129.907074374409
translation,174.01999234029478
translation,135.48654611022275
translation,12.511423292044297
translation,124.88060063772879
translation,150.49203028792746
translation,126.14455575823885
translation,3.685286089838745
translation,110.17176759902202
translation,124.22787679171488
translation,122.74456941443816
translation,3.3272096959250654
translation,109.593796911944
translation,113.71274588595683
translation,121.40729410597653
translation,11.03822214169782
translation,122.76065441421261
translation,111.44456677416377
translation,124.66252458249076
translation,17.485917403569175
translation,127.96197199298588
translation,112.71007950944953
translation,80.03179137397609
translation,32.5998822772392
translation,106.33865397828741
translation,122.22870177937976
translation,25.203098235720184
translation,43.80326793177845
translation,47.71519407626687
translation,138.4235475888713
translation,33.57634157914761
translation,4.357790588901823
translation,13.101619923750713
translation,88.97974883149502
translation,28.10218831298836
translation,33.42702364989364
translation,5.936493577515228
translation,49.334180551530885
translation,32.61180779093144
translation,37.53978003525734
translation,10.92046805726159
translation,38.457155051749034
translation,28.903684338682073
translation,42.40023639874496
translation,9.870762359428708
translation,29.045681197773977
translation,26.988434578197264
translation,93.0167523768308
translation,10.858347616307508
translation,24.164704418926114
translation,21.596486068125497
translation,120.036072135754
translation,13.407741089615541
translation,28.262717094220744
translation,3.825291807535394
translation,129.49301410821866
translation,19.877167070290337
translation,26.910871047747893
translation,108.34255309894321
translation,115.764599016297
translation,17.842804516001095
translation,17.512765776032452
translation,120.87425769978906
translation,111.64996311981642
translation,10.624988164458658
translation,132.1852529680624
translation,132.0072955771664
translation,116.99855224206019
translation,6.123793953249881
translation,141.37085506913232
translation,139.63091201077722
translation,128.64939327354068
translation,67.22476484166802
translation,141.9042166370711
translation,144.36296090364118
translation,127.47830991546464
translation,57.820220926338465
translation,139.51247202910062
translation,157.58804480904962
translation,115.66892057678912
translation,10.566972012925493
translation,134.50920463051105
translation,162.49716255416308
translation,9.720882220961776
translation,5.422145878735887
translation,137.76535773277715
translation,166.87168963641358
translation,23.385422571625426
translation,21.68452479253123
translation,157.89580774016238
translation,131.64733769271217
translation,25.22985852040222
translation,18.980614392953623
translation,155.75014208530695
translation,35.58777782068081
translation,21.894329030479003
translation,5.698015391603656
translation,141.97606582226473
translation,34.8378515105268
translation,23.48979043529149
translation,8.169559011163086
translation,126.69084709041466
translation,20.456612464266684
translation,20.782046247410804
translation,20.985301132405365
translation,44.867702578644206
translation,3.7003443006357335
translation,18.15018217464084
translation,41.98587123226931
translation,29.946305189801397
translation,2.981130604523879
translation,10.950951304123926
translation,26.843194888874045
translation,37.178639637925585
translation,6.537128403629702
translation,9.232424516711921
translation,13.69259968698957
translation,35.3715930211346
translation,13.73548177763964
translation,8.127684461704977
translation,7.809989148308608
translation,18.982673287257906
translation,21.02085230878707
translation,6.59198759946568
translation,8.321095658426868
translation,24.75645580698073
translation,24.67429005400573
translation,8.648694909430745
translation,18.43288843924451
translation,43.47640880662896
translation,35.22797562109788
translation,48.776719703857566
translation,25.89158974157941
translation,41.32740166903478
translation,34.39436230040592
translation,156.86623967177437
translation,26.235456815140353
translation,36.72732634829013
translation,34.98773890709373
translation,156.13194147358183
translation,20.901529881339673
translation,29.396703662673644
translation,37.03330725718896
translation,151.07863919834648
translation,19.28430538549892
translation,26.61075370255582
translation,41.715420936851
translation,143.16938384535987
translation,18.970890604938017
translation,7.618616637973195
translation,142.4910197780918
translation,135.94351108667658
translation,15.396043459465673
translation,131.7599596355933
translation,134.7428664821854
translation,132.1424499017174
translation,6.137382133709822
translation,155.89703289783142
translation,143.10585868742365
translation,127.89797331792602
translation,20.71253587088539
translation,152.36613218986787
translation,144.5176528482328
translation,72.51569349428473
translation,76.94366344654384
translation,153.31222193795008
translation,148.38287296490145
translation,10.60416621821567
translation,110.40132782440122
translation,132.13805349366916
translation,148.3266091853361
translation,12.202130886165504
translation,116.35871911767593
translation,131.72791513188372
translation,146.78859710465508
translation,17.780181554345887
translation,119.55553528022683
translation,138.9406907806472
translation,143.9533318954208
translation,16.797163365213347
translation,129.82558488806723
translation,148.70292054482104
translation,124.27480813876323
translation,13.782797434659122
translation,139.99339118285758
translation,168.4051585745645
translation,37.92993053503721
translation,16.931901523806108
translation,87.77468805712302
translation,169.46971610684415
translation,27.25772770187962
translation,13.23216985323268
translation,37.145635105386745
translation,28.227851278367854
translation,21.341405188136836
translation,4.27970130551261
translation,19.841904136070326
translation,22.845763875889002
translation,18.280999031787946
translation,9.882176850869982
translation,12.909648058564809
translation,18.274224984332875
translation,16.87961031526883
translation,26.540837893709273
translation,6.580369218437827
translation,17.37941441184873
translation,19.37140330222584
translation,54.24055832812784
translation,3.8617296777282055
translation,16.57179503549935
translation,20.01465224646741
translation,105.95364202424264
translation,3.1164186141674453
translation,17.02007290543692
translation,18.970540919562023
translation,86.60896738375409
translation,5.256452899493419
translation,19.976272886148223
translation,13.495811919553873
translation,88.64767207274349
translation,7.464102891678068
translation,27.59459392397573
translation,29.982715348460932
translation,127.68317311098016
translation,8.470881381891818
translation,30.731437154102473
translation,126.14185909214946
translation,137.41959185351726
translation,14.173464965916226
translation,37.88681773045656
translation,139.6115049067983
translation,135.2038788003042
translation,39.852001801268194
translation,136.98122603952535
translation,141.95610353917974
translation,127.44034045165559
translation,91.39785906144382
translation,135.243728351027
translation,144.81173643736727
translation,118.65089814912477
translation,102.50564430114733
translation,139.40567020106405
translation,151.18645922566228
translation,115.06675916508468
translation,105.40324794968275
translation,142.96445221311683
translation,160.95119752083966
translation,109.016093265982
translation,88.79895649806917
translation,146.84686974812496
translation,166.8015099320654
translation,72.67610966454687
translation,20.862813019456116
translation,156.95693170358888
translation,163.72605952655547
translation,5.801471659667628
translation,13.957780121630854
translation,135.90104099199294
translation,61.722339977065495
translation,18.086200665843112
translation,21.675550328101764
translation,89.70787027050386
translation,32.399027698889945
translation,23.34530007226969
translation,25.790738413332736
translation,52.32139045711934
translation,19.902927554912758
translation,21.387593479721303
translation,24.514903726607795
translation,32.85525582950849
translation,9.498462477209028
translation,14.848100107272904
translation,19.474642291024004
translation,16.35756814689473
translation,0.9085604647716017
translation,7.830118644510528
translation,13.006279878467023
translation,8.23661469348016
translation,5.531185751883604
translation,1.9777944545494588
translation,5.803547474551019
translation,15.630464130083928
translation,0.9826160518565885
translation,3.432005435958732
translation,1.0719860171394873
translation,15.946574416909193
translation,2.2640918349901358
translation,6.510301083156202
translation,7.6094599792536295
translation,9.766698721965414
translation,3.2848252980082404
translation,14.226879814560203
translation,6.286508506953003
translation,1.6765136725965
translation,16.83591123928156
translation,24.849380430035776
translation,1.888764144384919
translation,18.471121402068867
translation,28.576993702430897
translation,33.454151689736484
translation,11.261676188765506
translation,34.38322015917224
translation,35.729027735450636
translation,37.10029978109416
translation,13.171871729677987
translation,46.61682136725362
translation,44.278097507046894
translation,35.78265030844111
translation,11.715438225127281
translation,70.26831133064101
translation,36.76043804875645
translation,28.822138986480866
translation,8.500299556793536
translation,79.5849445045486
translation,28.06486133464319
translation,9.49548596968551
translation,3.3602002873132277
translation,24.645643038655695
translation,17.124361169061316
translation,5.062694948390725
translation,36.12498326611376
translation,32.614229149308095
translation,19.50228752210756
translation,17.422512156472482
translation,14.010681493999314
translation,35.94677402389407
translation,23.225618359024995
translation,23.706900700126745
translation,19.228357617930282
translation,38.40726168334215
translation,22.487644676897435
translation,22.009920313530692
translation,23.348032865351076
translation,39.055008561480136
translation,9.772274065924941
translation,17.293069202802844
translation,34.50370734998104
translation,32.79552174829361
translation,1.8050158919486723
translation,23.349898819400526
translation,48.25603945592583
translation,27.09423652703265
translation,4.766573026705186
translation,34.72470065308535
translation,63.086056204038435
translation,5.961528183258102
translation,6.6388545173487445
translation,65.34619172371427
translation,48.76064181110504
translation,68.62823081942966
translation,33.617166180165135
translation,82.28267971405614
translation,87.70330160458681
translation,78.77670895663076
translation,88.36552707718268
translation,66.9631786314484
translation,91.79101139896741
translation,102.22210450252288
translation,87.0395793137154
translation,64.57171314068988
translation,79.19297126858702
translation,98.87832549514972
translation,77.14965496199775
translation,84.70808107177884
translation,75.39753739070953
translation,102.87709778712801
translation,73.03675660107682
translation,93.56730963167055
translation,55.09460350262219
translation,105.04407955914968
translation,31.531574546562883
translation,106.46107024619708
translation,43.5864092288091
translation,112.0423572905768
translation,7.66178238266788
translation,84.64118574642738
translation,12.428840437882597
translation,125.73290624940127
translation,29.925481575873057
translation,39.11573040208921
translation,34.594193543625025
translation,146.43368125361553
translation,31.57501586925876
translation,15.39797730624534
translation,28.291564435292894
translation,23.323368403832866
translation,12.499318574998352
translation,135.91541447197494
translation,73.58880096948681
translation,15.889107642874269
translation,10.54720484681645
translation,133.3476415786525
translation,75.24990678199269
translation,8.401289362294104
translation,7.843493143131276
translation,147.03087135302573
translation,5.131067554699719
translation,145.47480860988205
translation,153.6875465354648
translation,36.729361627367275
translation,8.25490498158111
translation,172.27113293545042
translation,154.68018837673952
translation,50.934993847669325
translation,146.26610797464883
translation,164.18879442489447
translation,151.79656733451716
translation,42.49919198557287
translation,149.9477231044619
translation,155.25764946699056
translation,152.7661220756904
translation,32.96496271199037
translation,139.33056391919766
translation,153.1620949763846
translation,126.289131578278
translation,26.498744178889446
translation,86.64811467736318
translation,27.0591999039132
translation,17.285812661535555
translation,69.83173326291848
translation,79.59465543544879
translation,29.633449350843208
translation,11.691020315277042
translation,77.25092320883466
translation,67.59151789511941
translation,29.06454814646558
translation,14.367292471732684
translation,99.1311153056375
translation,25.999699253041406
translation,29.79288597513261
translation,12.98724894417814
translation,121.48843019999725
translation,57.30778108914678
translation,34.74526443800447
translation,24.354564366202776
translation,126.66897460119529
translation,35.297837186880415
translation,34.53518649045559
translation,37.989991777403205
translation,127.89805044697822
translation,24.87996844755683
translation,29.10808522261482
translation,42.17387039983108
translation,135.01477662292956
translation,31.351358248230433
translation,22.853831697430337
translation,116.01435547603434
translation,149.49197004482488
translation,35.67295717186328
translation,18.320465879335824
translation,106.6011817119759
translation,117.30942174069857
translation,26.869547139548672
translation,13.87550571844152
translation,96.39462750039758
translation,128.5192711612387
translation,131.3916608344519
translation,154.7928898037839
translation,138.878378545501
translation,156.46382926490756
translation,139.44192335549067
translation,156.53915177214364
translation,16.45696180920016
translation,160.06540681887515
translation,27.502616730097376
translation,161.21264031645583
translation,29.518122297455328
translation,138.93076800112974
translation,20.36631967432858
translation,130.5290018222831
translation,10.931805143449147
translation,111.95016702728508
translation,8.636932534173873
translation,154.25992878575255
translation,98.55071512641264
translation,6.242867463532954
translation,102.85452015564194
translation,17.09160422014044
translation,5.043818301000182
translation,50.537187983469636
translation,27.34128511344249
translation,19.81675015322776
translation,48.84439843365447
translation,29.54548716599304
translation,97.69926170718341
translation,27.624057135252578
translation,28.056337307603275
translation,142.1677566312728
translation,58.949372247560405
translation,19.450271732469123
translation,22.27158446561274
translation,134.41320439885564
translation,19.724136940199312
translation,21.516660786591284
translation,13.412801633894645
translation,111.81088239291691
translation,12.859613720914078
translation,35.94840695863179
translation,8.824506592116599
translation,78.76619459547476
translation,17.39226964347753
translation,41.46032372140153
translation,7.377038240217449
translation,64.83293213675097
translation,15.492093639940773
translation,10.5060530438935
translation,10.593973277987681
translation,64.31705549194227
translation,68.67352954299078
translation,25.902834591527615
translation,47.35802799789355
translation,62.45725214808383
translation,139.45252908341638
translation,30.375844172074856
translation,112.46242752010025
translation,58.60642141134914
translation,156.82381853945313
translation,33.84652664427703
translation,138.41702880518537
translation,26.554331526235455
translation,34.68017749967062
translation,28.785013530416077
translation,140.1328564076192
translation,10.480741019127255
translation,35.6169704493475
translation,26.423905134116897
translation,131.43949190033408
translation,26.78250123159503
translation,40.81076227318428
translation,28.579494168342322
translation,127.28203215237032
translation,31.463171099427953
translation,41.02945850528391
translation,24.664951824216466
translation,100.12989521373449
translation,29.837395226441537
translation,31.150267415178785
translation,49.644288629410056
translation,117.68838055681071
translation,22.370914182421185
translation,8.910119119053979
translation,124.94769993674866
translation,124.37206889630679
translation,10.682790425524287
translation,117.70587198718638
translation,133.93948163353122
translation,125.53618880324167
translation,16.162596925779994
translation,126.57066570755133
translation,136.34470966969775
translation,122.09688702824678
translation,36.17193544751258
translation,132.72682410789312
translation,138.33245225335173
translation,126.7953869024931
translation,2.6031444529035563
translation,136.8378495313823
translation,141.47864351833633
translation,141.2311422973497
translation,21.86651068391297
translation,138.27248758053173
translation,142.94259635966017
translation,36.621227011541684
translation,20.251654245152622
translation,145.06798911177287
translation,141.69475757323548
translation,30.879291090698633
translation,15.31769238227672
translation,148.39307919139281
translation,136.4526653093554
translation,28.48178748598585
translation,13.520542327354935
translation,157.7309622286739
translation,52.878889558339495
translation,26.119851161266098
translation,15.080470638557653
translation,129.20429740623692
translation,19.64666727637875
translation,26.14116816978819
translation,13.826278923624262
translation,25.93611001020869
translation,20.92674013565883
translation,22.224561963761374
translation,12.984492993322949
translation,13.073982219234127
translation,26.33580253485853
translation,21.65717295256297
translation,19.79873341671368
translation,14.206159287240588
translation,25.961026936876163
translation,18.48625965669917
translation,22.65624014943613
translation,22.35908272282928
translation,25.947282284500986
translation,16.428432731622912
translation,23.426539282318977
translation,25.86070586117977
translation,26.991415254904723
translation,16.106496114809488
translation,23.148898350423828
translation,36.67362963260418
translation,29.507122195594892
translation,17.381320191489703
translation,26.37207896697279
translation,40.921578064114456
translation,31.2101777199751
translation,19.51626516239213
translation,33.06239441627492
translation,37.73592836626999
translation,31.46285157826123
translation,12.475264012617892
translation,120.37316430219003
translation,31.087918211492852
translation,28.065459667910957
translation,42.95466420309329
translation,127.01147138338249
translation,18.294623590563845
translation,17.926223865105865
translation,113.94462533924592
translation,132.15958380592778
translation,18.552138010527482
translation,10.952208689146387
translation,142.99520446067876
translation,135.40636455351142
translation,27.31920902451844
translation,31.529979384739338
translation,144.4376864034306
translation,136.37191915353299
translation,33.78110483509136
translation,79.27110050330714
translation,143.86340386462078
translation,141.27408669312746
translation,19.85557844417156
translation,108.50761614897965
translation,142.44275289106017
translation,140.50680632383714
translation,71.20943637189114
translation,125.51476868980221
translation,142.13220945758664
translation,143.17867848471502
translation,99.47486564441473
translation,130.86551876134735
translation,138.40027053019116
translation,139.44113981600975
translation,115.768878649768
translation,135.81122110547028
translation,137.39427049488822
translation,128.63516535642427
translation,126.1328515982792
translation,147.86125710803023
translation,139.6609920199938
translation,80.60152064203722
translation,135.21444639252883
translation,159.0109912027377
translation,143.68312898104472
translation,14.066854967859333
translation,147.3856396847069
translation,163.70449456380675
translation,148.85699824455824
translation,17.06929369664764
translation,153.6935366628299
translation,165.86336423231367
translation,155.7676545768863
translation,25.21240208476177
translation,170.98574955073474
translation,166.77363772060585
translation,162.8004283833902
translation,28.33165769220205
translation,151.46979995306958
translation,163.82993382215915
translation,163.46190708043483
translation,30.743434683848207
translation,155.09211911490237
translation,153.4514458477593
translation,39.168650481008996
translation,25.828474002105672
translation,164.1546260480885
translation,144.60625901542647
translation,19.088214788715625
translation,19.008336307432355
translation,149.57144093277438
translation,136.82489414880706
translation,8.522216482122856
translation,12.561296158723652
translation,131.28663190536054
translation,134.02393850072187
translation,12.143038197263518
translation,9.8350858571571
translation,125.97796801592736
translation,137.14577622274805
translation,13.937780720423415
translation,9.471286463274907
translation,127.15852657557845
translation,144.37098997039948
translation,15.112182108347536
translation,2.7756761535085337
translation,134.37093464953512
translation,16.938521920196244
translation,4.5442228764892985
translation,140.1395788735363
translation,30.817866832864738
translation,19.581928441937478
translation,6.998855356693057
translation,154.05931038048655
translation,29.23258695070361
translation,20.801690656323444
translation,11.279220479463829
translation,55.51742177227252
translation,24.54832672365818
translation,22.486435871111635
translation,16.492099355962253
translation,46.79583947845472
translation,20.177722618033147
translation,22.17577954345979
translation,14.328509678964712
translation,36.6787735284299
translation,23.858492913385206
translation,21.84737040120351
translation,15.044625600818346
translation,26.85930773272323
translation,22.439725625464956
translation,16.517761174022265
translation,11.988850910293959
translation,15.945595918795405
translation,19.44378390447533
translation,9.194941133904232
translation,8.469273208519827
translation,11.216783433412887
translation,19.144366062440312
translation,4.158404688860587
translation,8.456905308352892
translation,15.936225939289727
translation,17.59694652256266
translation,4.256529625606739
translation,8.925009676066669
translation,21.78137865232886
translation,16.424607087507784
translation,10.647399623963155
translation,9.760969724220134
translation,44.724328575306636
translation,21.758706031679186
translation,31.83389623479841
translation,16.125491987434454
translation,142.58870101779485
translation,142.22607529541042
translation,127.29999241907983
translation,22.992133798053345
translation,161.15994201178773
translation,131.65978904781375
translation,114.11286142226645
translation,21.43245723104536
translation,132.0409592505075
translation,99.45580468323666
translation,91.99193851446151
translation,26.870391889065317
translation,109.63437495860333
translation,84.56800335116883
translation,58.601849263131705
translation,30.845541592895522
translation,70.39799963243999
translation,67.33560016460618
translation,27.965323852665712
translation,26.833090670044353
translation,52.92567184638256
translation,73.03741419304197
translation,13.798389341490937
translation,19.984023197739525
translation,36.16261339418801
translation,66.39660027790705
translation,14.109864404270711
translation,9.582355302327812
translation,57.67931870576692
translation,87.86046830615584
translation,12.162252763416927
translation,16.749286771575047
translation,69.61423547479603
translation,106.43446299932764
translation,1.9615815986761178
translation,20.43703117691286
translation,91.06317794612893
translation,98.9219107913775
translation,8.909465060548863
translation,11.685257107818888
translation,119.53618128301792
translation,72.17287560706342
translation,6.793380392055034
translation,18.535027036270236
translation,124.38780746618838
translation,37.918478193694426
translation,11.399021731328864
translation,20.79944875176399
translation,156.94442395197686
translation,61.30010588439393
translation,40.2140687375877
translation,12.884112086161274
translation,62.79040832476833
translation,45.81583693071615
translation,44.49535416805939
translation,7.4156015542752565
translation,32.468674040504
translation,30.66726952841543
translation,35.86222734299258
translation,5.46197507297822
translation,45.7787370015203
translation,33.04843239918496
translation,39.6779072549026
translation,9.870787802394622
translation,45.888502860915196
translation,23.18873531595759
translation,31.877422548408457
translation,7.321663622023066
translation,42.827272217127046
translation,16.44970581504201
translation,13.860611655576646
translation,0.8920608776947855
translation,35.64111681022753
translation,4.338000698074708
translation,24.90666456030037
translation,15.679840229520897
translation,24.755437626425742
translation,8.897064148238844
translation,51.85582760829391
translation,61.491271335676075
translation,6.972821448323026
translation,47.63667116761701
translation,58.51854749571899
translation,90.2532457092654
translation,46.3504276910863
translation,106.07882974282096
translation,55.2876610427294
translation,120.59132010613376
translation,95.2545841266196
translation,147.50425287667173
translation,53.027028153994145
translation,136.22664852202888
translation,121.29808582792133
translation,157.71815669825824
translation,69.31518093270498
translation,141.17414089748578
translation,171.19114870173428
translation,171.37766652269545
translation,83.04139915439825
translation,154.79502705845493
translation,149.2723336081315
translation,158.13108888827907
translation,101.5495249484619
translation,161.78825973314056
translation,132.60380581586915
translation,140.82907696654027
translation,127.86906487718606
translation,16.822615681388122
translation,150.1723066168564
translation,113.65660234578885
translation,120.12521458832327
translation,9.34059530368998
translation,85.37453777991871
translation,64.24385410929749
translation,103.3336897184584
translation,1.2159268553820026
translation,87.4624811307254
translation,52.564425924700295
translation,120.28573837633694
translation,5.310503184825539
translation,86.80316640216304
translation,40.975977612513944
translation,128.86313999877882
translation,15.242341757411399
translation,88.02236024683768
translation,36.67981332122947
translation,130.70231431504908
translation,16.64947829932203
translation,68.00705739614033
translation,31.18350760229893
translation,133.20341867489387
translation,10.160707893588004
translation,28.235803612651946
translation,24.157902982928256
translation,44.42512682102965
translation,0.7624327714598946
translation,10.253220209733783
translation,17.534414795223995
translation,22.18278715211107
translation,10.1199627645545
translation,17.384216056711118
translation,113.39164072078906
translation,17.014385048051544
translation,12.71883847376374
translation,22.16555994438421
translation,162.9903022060901
translation,15.590158500350212
translation,18.719018608923534
translation,168.25988202458998
translation,178.69281084370058
translation,21.810354403501904
translation,18.0008856966704
translation,168.97044366129654
translation,173.3334591914305
translation,18.28016409272039
translation,10.95304200667195
translation,166.96704477127287
translation,173.63936786039852
translation,9.223291871230206
translation,7.612712731402422
translation,161.45085554313158
translation,175.98137503198524
translation,7.154337439351063
translation,10.544844539092976
translation,177.36954902562147
translation,116.86784218525938
translation,8.20906305260237
translation,6.380096448812372
translation,176.4167344550781
translation,21.663813379288204
translation,7.421401120403132
translation,10.024843414864812
translation,160.84109015438796
translation,14.603734049087839
translation,10.290320954328973
translation,11.101729467651456
translation,102.25953780520965
translation,12.215568749658075
translation,14.521250440462289
translation,11.278299326105195
translation,34.32491039753026
translation,11.529653612338864
translation,9.213005516662697
translation,1.6724303298940462
translation,14.151456665954152
translation,9.974563920157173
translation,6.648649537581305
translation,4.193445869565462
translation,10.973186198770426
translation,7.8777255776519395
translation,5.171588447678938
translation,9.35774348045879
translation,4.96513207196598
translation,4.468773334168814
translation,7.207853909783721
translation,7.90182688724852
translation,3.6962893826925964
translation,6.4633407278726525
translation,26.34520944658411
translation,13.56754769513801
translation,13.621186339877221
translation,6.152393744012579
translation,72.62261504345311
translation,146.96891368333172
translation,62.03846739561789
translation,2.2926401995066565
translation,139.36401855157257
translation,170.46656613641417
translation,112.9392630036553
translation,38.161835230573516
translation,150.27339292689115
translation,176.161389717443
translation,118.1313445117059
translation,26.69054781489666
translation,138.22324678174817
translation,68.76720396234225
translation,15.761556137583828
translation,124.25524598665534
translation,165.1162955413819
translation,43.703801208093864
translation,119.28182486026363
translation,162.7084995846768
translation,50.25324228252485
translation,151.06599607188525
translation,151.9896221861892
translation,159.90162742225047
translation,41.29217145567136
translation,137.9722743311104
translation,174.7965276933934
translation,144.0762004602016
translation,45.455354715038254
translation,149.82631651304646
translation,169.60584827610273
translation,144.63932111505434
translation,135.50986554260598
translation,157.08278855775083
translation,172.70570770184622
translation,133.47642104699617
translation,143.19590355796294
translation,147.00271786577153
translation,172.79569349800613
translation,149.1083891544477
translation,141.38112141796512
translation,147.39118807895434
translation,152.99028565533962
translation,151.7637496991021
translation,146.11175458132897
translation,171.00078146359678
translation,154.15519705334452
translation,149.56951971002476
translation,130.6390206710771
translation,168.04868511246983
translation,127.0728552412525
translation,113.00262409669602
translation,144.67861772592397
translation,167.13267012365404
translation,96.39400275011111
translation,152.00993296626473
translation,106.47381175966606
translation,114.90472304797453
translation,152.02288548976452
translation,94.78237049731112
translation,140.79728713790027
translation,146.77981520356798
translation,146.64689790871014
translation,115.44635886770831
translation,147.36716329569757
translation,103.79588966481886
translation,152.68086628279266
translation,93.72224082014996
translation,156.81286785031537
translation,73.9075000341259
translation,140.10884626154402
translation,121.85302426962933
translation,31.089445507416965
translation,116.0746754395441
translation,92.64582168162103
translation,111.64288344599983
translation,115.21312329673977
translation,66.2538198460377
translation,121.41356590390718
translation,94.95321472249093
translation,38.14497369433202
translation,122.42221265811862
translation,62.11037114872477
translation,56.993718474186274
translation,30.301061777228117
translation,93.55481972196584
translation,5.044821237338185
translation,35.46003099921884
translation,28.120293569817477
translation,71.36187240924392
translation,7.4667204009232275
translation,6.13309398339342
translation,31.75901433940126
translation,59.51676945151921
translation,11.665173499518986
translation,58.58582440753569
translation,51.66062973368242
translation,108.8375696349786
translation,18.513493391546273
translation,70.27247528724212
translation,109.23492277058267
translation,163.57956950514694
translation,22.512010875320478
translation,75.82641473868387
translation,164.33545290656627
translation,149.8403541716335
translation,20.51717888522634
translation,68.77852811238753
translation,145.3312639247727
translation,99.5785493880909
translation,13.406773157511296
translation,52.113801937771726
translation,133.47731080941486
translation,46.27427042964009
translation,4.57626931543121
translation,117.94816688312171
translation,121.80875663739755
translation,20.13734743682358
translation,2.729404932569674
translation,131.75136354838014
translation,119.56755937973053
translation,10.062378299142884
translation,1.75731732007427
translation,135.77491741778357
translation,122.80163120296983
translation,2.376553663740181
translation,1.1042550775926727
translation,137.26008365018947
translation,123.72407958379283
translation,2.264878952758323
translation,1.8914917091667849
translation,131.43665070729645
translation,120.68426065176853
translation,14.128441646615686
translation,10.60286165793378
translation,27.52158453701381
translation,11.757946050549352
translation,20.132708579948943
translation,11.102722413096322
translation,32.30024610011169
translation,23.36376161354129
translation,21.549681075566
translation,11.511015169669484
translation,29.00972704723346
translation,24.67096908408476
translation,22.599785909851697
translation,10.649125150107807
translation,35.593263478877574
translation,23.20809078403466
translation,18.427320629530275
translation,7.266092801987825
translation,61.22947693069788
translation,20.61647759852331
translation,15.081743611207832
translation,7.308198852204263
translation,20.961377386223052
translation,17.496903040171507
translation,13.38495911583237
translation,7.187326295851019
translation,23.07976929152996
translation,17.87799684790498
translation,13.754188464853257
translation,9.339475422681991
translation,22.912768703273116
translation,18.912434780985304
translation,12.422948438747127
translation,13.006322858671505
translation,27.91666245875137
translation,23.309806937180227
translation,12.81025161627373
translation,17.137027580617502
translation,27.628566393052107
translation,25.627493745052217
translation,11.661882374806684
translation,18.816239629713245
translation,23.326652976828854
translation,25.029349404412308
translation,5.222042394152961
translation,15.217947552369479
translation,18.38697652253763
translation,17.390696234213213
translation,5.411105050257135
translation,10.825535296517803
translation,18.488241650807616
translation,12.994768492030484
translation,9.213636586658472
translation,14.550091363879366
translation,19.968534659916596
translation,7.500304595042056
translation,16.07359621808846
translation,55.03511175064471
translation,61.23366660790075
translation,8.31145218559989
translation,28.491175680202318
translation,131.58548035453947
translation,113.9887960728673
translation,60.02669845621059
translation,96.98707920818569
translation,112.91463740537863
translation,36.27962995973111
translation,44.7441080915157
translation,90.32349124905762
translation,80.45316374163178
translation,32.968295069797485
translation,36.0398294577865
translation,94.31666736877554
translation,54.371812770138746
translation,41.849313485145544
translation,37.8632097782236
translation,108.79596090908902
translation,49.15204994564936
translation,46.55527202885828
translation,39.660480129413955
translation,120.64904014842519
translation,45.234171609983996
translation,48.188362456445795
translation,49.622416032252396
translation,134.52918276520822
translation,26.139657704501627
translation,41.99087129259281
translation,52.41527891323822
translation,148.43884418604557
translation,15.689530822278146
translation,46.91909585889092
translation,111.13531388047016
translation,151.61086396847242
translation,32.406522145907715
translation,34.42805532734343
translation,155.60667789829122
translation,166.7993215029173
translation,32.39639630752962
translation,150.61167534096418
translation,166.0634895189616
translation,37.12676561374919
translation,138.31213965011995
translation,152.76142267262935
translation,151.07769332006745
translation,27.041289868620186
translation,146.31713659196896
translation,156.4813650776052
translation,142.12349438889947
translation,22.213899358535386
translation,151.35030639585622
translation,165.21743663385945
translation,139.9102562630034
translation,9.4581717811088
translation,150.82517956524472
translation,174.93631405525767
translation,68.21885303983552
translation,4.405181961873206
translation,160.2628209877899
translation,173.76488789757119
translation,55.16310579392872
translation,3.3350500235738405
translation,165.0978199710455
translation,161.87328892483717
translation,34.82407234834163
translation,5.010448928047436
translation,163.05646255390423
translation,127.46921146773886
translation,21.726463246749663
translation,4.409224955516336
translation,140.12452861216687
translation,71.23539037580312
translation,13.406178796374299
translation,7.236632198687376
translation,146.20355170186608
translation,29.890472521511512
translation,8.63881593726816
translation,14.121615157047435
translation,109.18267306456812
translation,15.245256754476255
translation,9.144905451389663
translation,16.598607038958953
translation,37.67896139209479
translation,6.019376916277529
translation,8.411420456265613
translation,11.90274806349005
translation,6.330876801500338
translation,6.868136851660723
translation,8.070420453530986
translation,4.991775670281227
translation,8.788192574745562
translation,11.547191052573435
translation,6.031455117801272
translation,8.309775392756944
translation,13.716078901477564
translation,18.51203477829692
translation,6.062916864859323
translation,21.63507630066428
translation,12.95429619459374
translation,17.027914770157764
translation,4.147479699165372
translation,23.288829271839344
translation,12.681634284497656
translation,13.992411912076538
translation,4.103733518904147
translation,31.856647780662385
translation,34.895564512023775
translation,4.406417059344958
translation,14.705298983248515
translation,56.38042229797623
translation,49.36408241286194
translation,7.064126697021119
translation,27.29491397879036
translation,146.18626839042628
translation,36.745602170332184
translation,8.308517127289404
translation,24.025793573744128
translation,133.69576552729163
translation,17.064388392198286
translation,14.417914608056925
translation,6.142321047270667
translation,168.6070897584183
translation,15.066639791592866
translation,16.505893408532724
translation,52.71230323975092
translation,139.6828451214094
translation,27.18299760552286
translation,22.5116185321959
translation,88.03872036704026
translation,105.35391264683399
translation,31.670939939728118
translation,21.37618903277396
translation,110.07985872460328
translation,110.68278084737827
translation,36.35425022047121
translation,12.752915869176883
translation,135.72077081206513
translation,118.01710488164295
translation,23.40431316501839
translation,72.40919611429142
translation,166.99768923777546
translation,149.53071520053993
translation,29.073604134307242
translation,118.79943561879868
translation,173.4206627952501
translation,161.2374229959475
translation,44.62018979829383
translation,137.619169089661
translation,173.43783858652668
translation,168.54465430804368
translation,114.82719657679574
translation,157.5686721366436
translation,169.3225324772846
translation,169.40021643904348
translation,134.5887978304112
translation,171.36345476082084
translation,176.58691111036262
translation,164.44314996055505
translation,133.6280848538333
translation,168.5996074924876
translation,169.30269200534437
translation,164.92820124033545
translation,151.3269464368613
translation,165.87004158047733
translation,158.94358967993085
translation,167.1967379861135
translation,176.5753540142171
translation,158.04679413263926
translation,145.57043040879157
translation,161.53041512582922
translation,149.16015694065638
translation,159.27773782050107
translation,143.61285819962853
translation,150.38138241467948
translation,128.64736196947433
translation,153.85094528659488
translation,136.52490189448088
translation,109.20636752715265
translation,131.8871551827652
translation,169.32486555845827
translation,144.41099089956066
translation,19.88976452453443
translation,162.4833365868889
translation,176.9444231028919
translation,155.4539657524016
translation,12.140248924548795
translation,168.69062986609035
translation,175.45562701064932
translation,158.0271476447157
translation,15.408679722889948
translation,139.66944434297594
translation,122.32717729366627
translation,166.98243992565872
translation,15.844308433988509
translation,131.29421173790783
translation,84.60011493320629
translation,173.3602428014078
translation,15.583280575653225
translation,119.28573281041879
translation,77.06333017129623
translation,168.82909518071207
translation,10.053581262526974
translation,54.09753660683171
translation,30.21419698759774
translation,2.9559741626693117
translation,48.85302021408769
translation,51.61866862490212
translation,11.377432186448837
translation,3.614318403661411
translation,56.839355141750374
translation,73.68519809202657
translation,5.041629905606247
translation,2.5094913540796426
translation,60.27294662028563
translation,130.42929475501847
translation,4.4941225025903195
translation,6.3595401750181955
translation,53.75526899135629
translation,149.1746788885421
translation,9.437916382479349
translation,8.711620937156308
translation,13.240577839534348
translation,9.210500803722061
translation,19.407689066094697
translation,9.558627756778483
translation,18.659580489834035
translation,4.3618997567575715
translation,10.666837734090944
translation,22.267307601614252
translation,8.443076725569528
translation,18.282120657542002
translation,7.178621461510754
translation,9.291153267889019
translation,12.437336187135957
translation,5.830103521663247
translation,13.370687552677877
translation,9.4180562821247
translation,9.164461747306078
translation,9.05750543064456
translation,1.8869652369013337
translation,9.324690396661927
translation,8.789000511363687
translation,9.449505368115608
translation,8.364598925693368
translation,28.368600048766275
translation,14.786706818982923
translation,9.46025874622361
translation,62.12622387081832
translation,54.14677252147769
translation,7.694264526689033
translation,117.62116262523472
translation,156.84821144080394
translation,19.168743713702238
translation,138.35941512461284
translation,152.58215667606828
translation,148.95294274384656
translation,143.17068540668546
translation,145.1428789620516
translation,25.477921832707313
translation,130.2835046280743
translation,148.99085740019976
translation,133.75422508104973
translation,71.5009322656645
translation,126.51810113764725
translation,153.11485501326106
translation,140.82165210325994
translation,162.17396372890002
translation,128.86872554488855
translation,158.66771421370066
translation,161.35262201069708
translation,152.5316775113452
translation,140.69766223238025
translation,166.69130120289967
translation,169.8197198821676
translation,137.62062069764463
translation,146.6522605903507
translation,168.225188612688
translation,160.84144566221
translation,124.84819723477797
translation,142.49240744195677
translation,151.99671347939403
translation,98.7730458146076
translation,118.99108175846403
translation,140.03960447934276
translation,143.53267389772242
translation,43.82972205242104
translation,128.04074089784604
translation,151.35494036625116
translation,137.26199524362585
translation,20.886851753370735
translation,152.888105841321
translation,169.65174494777818
translation,145.7837740460728
translation,7.624634114183159
translation,122.75203526426588
translation,128.09345755787146
translation,108.5326629741422
translation,3.544146853176104
translation,100.28792581669146
translation,107.33008755920028
translation,77.23623841175137
translation,10.091467291858434
translation,110.81082564551312
translation,97.2795820345311
translation,57.9089287341297
translation,18.691917949159865
translation,110.4504149411628
translation,101.7229739112736
translation,45.2689288558886
translation,20.335687464754464
translation,130.5816899857423
translation,153.65858530447062
translation,23.245538406130983
translation,14.605727521760516
translation,108.51188073140914
translation,150.27964801506104
translation,6.290911158041899
translation,12.817067602483077
translation,96.43665121645698
translation,123.43439460983973
translation,9.464754359172433
translation,5.358210376144026
translation,88.15210180561299
translation,66.21652970030439
translation,11.507271958101434
translation,9.119033770638918
translation,112.90479615851855
translation,16.701951177204936
translation,9.22951820243618
translation,29.83230285386696
translation,124.41600539767312
translation,16.668447341400388
translation,7.305283038580791
translation,52.542244592925336
translation,85.86909425550743
translation,13.618886471774115
translation,1.9031751065170341
translation,63.48397569801125
translation,55.54308572140773
translation,11.338546217531501
translation,6.303520585924542
translation,70.50194716371102
translation,32.00349975741309
translation,11.640128845216902
translation,8.766475103937236
translation,66.37276853325423
translation,35.64895681643705
translation,6.009219236270314
translation,13.214240542107259
translation,56.38641654006495
translation,46.710055569870065
translation,3.6132782676276523
translation,15.017906972170621
translation,76.01669767259509
translation,46.26983825619708
translation,3.4234506168546113
translation,2.7160100172411115
translation,118.85851993908389
translation,28.417532541437147
translation,7.559951761329338
translation,33.450932753737916
translation,153.5752518063966
translation,20.68065294639511
translation,10.089426100196366
translation,73.96322157901191
translation,95.37632186356818
translation,45.570791051639716
translation,2.3510460876029033
translation,100.51364825557904
translation,102.32009833408195
translation,43.00844443382968
translation,6.619563761761881
translation,120.64183074485233
translation,106.33911862956343
translation,24.20808613335872
translation,9.436744021832888
translation,140.43560735586587
translation,114.4312530304079
translation,7.491884693580122
translation,29.33477463193192
translation,164.07940680644174
translation,147.0910764258439
translation,30.89811158988857
translation,81.13943457158352
translation,175.28040966499813
translation,171.17638593532516
translation,53.89176392529177
translation,168.4660106624796
translation,174.6851924773176
translation,167.34611043733216
translation,91.54124458530646
translation,161.39324490299833
translation,177.75271483280736
translation,170.94254698897478
translation,177.5810537549543
translation,159.89769787137314
translation,170.76624310810269
translation,177.35733588610603
translation,147.83725552394773
translation,151.21907754726533
translation,153.7927832265656
translation,165.53163848302836
translation,136.90802922899363
translation,150.03466567023736
translation,144.40810544348906
translation,153.8046615686857
translation,139.75409837263726
translation,156.1533645595969
translation,144.47014559154266
translation,148.74311581674917
translation,138.34417684799828
translation,163.14870592507913
translation,150.11599138413524
translation,123.84372700596658
translation,146.1180133662228
translation,171.29688107555037
translation,164.8733152941601
translation,12.239720490970686
translation,165.450720152883
translation,172.65569433814585
translation,162.0257097193854
translation,24.60891748913622
translation,166.40618965162395
translation,152.92800773751767
translation,124.21821386362397
translation,30.903299251000288
translation,142.92278698950386
translation,118.26294110738456
translation,86.41608084819282
translation,25.305603792142115
translation,133.4119675043458
translation,82.04000136498797
translation,53.671774171830435
translation,16.30665013525519
translation,111.5040347074731
translation,11.914870623377913
translation,25.653619629295825
translation,8.408244646064949
translation,85.45503325535743
translation,19.845659654387553
translation,12.95883633035962
translation,2.81360151170069
translation,11.529114117624461
translation,13.714703618637893
translation,5.228228534791288
translation,0.8774234058716895
translation,23.893939955237165
translation,14.90977238366787
translation,1.6952291502993084
translation,1.1025159917663017
translation,43.23999702876279
translation,17.558423163949886
translation,7.527146114670825
translation,1.7758747739337122
translation,48.80990562456875
translation,30.199383190095265
translation,5.763552114891139
translation,2.675752386777661
translation,44.91590343707581
translation,45.61142969716787
translation,1.0024248533056797
translation,4.792446339733898
translation,98.24876665927437
translation,40.81022062342692
translation,3.569666031625587
translation,10.417370422594097
translation,98.79921142550292
translation,33.23691017249428
translation,10.521665115289842
translation,18.382511650563636
translation,92.75968924615881
translation,26.423510946221118
translation,12.86577820541479
translation,19.90401189642469
translation,73.17339018708323
translation,16.330315606585977
translation,10.737650768075003
translation,12.867750131637102
translation,33.584367016692475
translation,6.2135092431213295
translation,9.358795321504285
translation,3.3225319610137842
translation,9.5702398156441
translation,10.914570849011428
translation,9.078436588319745
translation,10.673065116973508
translation,9.908743798902576
translation,15.773954936293627
translation,8.249639983444947
translation,18.433833638065142
translation,12.849524602474784
translation,15.02217931055227
translation,6.611933711662789
translation,22.027893291679543
translation,23.39275318746813
translation,26.993077869501516
translation,5.624618203482721
translation,21.87232052088845
translation,29.250332336279012
translation,34.322693473444176
translation,3.7042052118406783
translation,15.451692455591171
translation,49.78148086584703
translation,66.41280856727191
translation,5.625513194460991
translation,0.8553154194274232
translation,39.16942741477794
translation,81.90808238497286
translation,12.323201417165826
translation,13.755009314530477
translation,55.03367868083487
translation,132.7980782785588
translation,4.964701139470571
translation,17.6136739188549
translation,86.03946812973112
translation,61.67066904948913
translation,10.829056249870586
translation,3.3028899843177686
translation,148.7774383411051
translation,69.79202603469396
translation,19.402997620367902
translation,13.467743699300277
translation,147.6579041511307
translation,45.32457180812286
translation,25.77255844990759
translation,22.705535612486315
translation,117.62110840353945
translation,39.768168531261644
translation,17.503575674607085
translation,26.507081780074632
translation,73.65501071853765
translation,41.67459301740214
translation,7.282276859693082
translation,23.160248556882003
translation,69.88778864991704
translation,31.700312197631284
translation,11.964913280534454
translation,18.971862119397567
translation,30.42817798467953
translation,5.123148625731631
translation,18.521695677475186
translation,20.30345088777558
translation,9.710270041696607
translation,18.468383992455685
translation,17.325889790066498
translation,24.975370277386183
translation,6.636333605877508
translation,25.489543952230754
translation,1.5624549948170967
translation,21.790741482862487
translation,2.3322051309395584
translation,34.842886958709116
translation,19.203450841939286
translation,27.566840989121687
translation,22.48359996221366
translation,41.358320203447704
translation,30.477227032978327
translation,50.52284983338465
translation,35.73736450072637
translation,39.8215796572949
translation,171.08915990707536
translation,61.54740446198043
translation,26.766298125979585
translation,44.915508836565344
translation,176.44066735675744
translation,58.39713072764034
translation,2.665356967486174
translation,48.51732846604473
translation,148.44561904242462
translation,51.09474263157613
translation,18.185368565781733
translation,55.76169682256092
translation,130.7703795693268
translation,35.64285845183752
translation,28.32085371898049
translation,80.19058810312656
translation,129.8560926620936
translation,7.885480811131686
translation,13.495890008410253
translation,144.41331480752785
translation,118.08084984011357
translation,35.26755081456859
translation,6.11402268394292
translation,148.42743377040924
translation,133.4586642184982
translation,53.27434592283752
translation,16.64715332730862
translation,148.03467891101718
translation,117.55378850896277
translation,56.26024513725794
translation,44.72513536678976
translation,158.26178218652447
translation,127.23467806331283
translation,31.262235609562858
translation,91.96321204757315
translation,169.9672377698481
translation,136.13369780675836
translation,53.27920255147066
translation,119.7455546697505
translation,162.04003357492275
translation,155.0481939582307
translation,79.79773208529458
translation,133.91593106093237
translation,137.6361811955428
translation,165.46216034939488
translation,95.20575332323307
translation,138.65252705406755
translation,135.32075702079325
translation,137.53299935602283
translation,163.0858095917474
translation,148.7952456181818
translation,159.2944402749606
translation,174.68793174500513
translation,173.3366166461174
translation,173.3829122523776
translation,172.64721113187227
translation,168.70815084582188
translation,164.09312067822694
translation,162.98145567405876
translation,174.97582935421184
translation,154.82009716149605
translation,159.34988902800546
translation,138.76646307421186
translation,176.6370845653828
translation,154.218158060346
translation,164.4752144320531
translation,120.61554261680557
translation,171.35984391023862
translation,152.823481580795
translation,171.34745722651334
translation,101.30244376057973
translation,169.21781460943896
translation,147.04904354101674
translation,173.01873171803499
translation,80.52107336414026
translation,165.3983178720098
translation,149.12273544948087
translation,163.68970061098148
translation,122.56394578635816
translation,177.21981608351922
translation,104.9947889320239
translation,30.290659472366034
translation,118.71602710814143
translation,139.10832359715448
translation,44.92885786338089
translation,77.65208383691245
translation,100.35957767242527
translation,88.76900814965421
translation,25.539479962724855
translation,92.87099420512229
translation,86.15847125016035
translation,65.23395407033222
translation,9.424565717082176
translation,72.10707064060826
translation,12.412045707775217
translation,47.43059978338636
translation,8.060045735481062
translation,66.7496266877888
translation,19.169796659931553
translation,23.17528485662373
translation,33.244594306147164
translation,42.924832987693506
translation,21.431385612071097
translation,0.9702199048865174
translation,39.745831827856286
translation,16.75293947462211
translation,24.446945003704656
translation,28.627912646196567
translation,65.52026240345737
translation,9.238481967178894
translation,53.47449287132452
translation,58.137130677420004
translation,99.74614844864954
translation,12.065641666654374
translation,74.59394353909062
translation,162.83003936887803
translation,117.13396721897564
translation,23.640199237841713
translation,80.39167997867779
translation,150.03702844179523
translation,135.77495250934973
translation,13.89381351003452
translation,156.96522588985772
translation,133.159974332417
translation,161.63816434728162
translation,11.91856800522387
translation,126.09850859292087
translation,118.12988991031266
translation,144.4484777710368
translation,13.250439220508023
translation,118.74531320619514
translation,113.28457190501052
translation,116.16315904102238
translation,4.0442559210460125
translation,106.00844486459049
translation,6.185624815133751
translation,36.34018714636482
translation,15.527929100600971
translation,10.716166742058116
translation,17.66312108005992
translation,23.979781561387377
translation,21.700621616654278
translation,68.1349248914434
translation,32.59807876089101
translation,24.564897225027146
translation,74.30413480602583
translation,37.73086387039269
translation,26.873456886906958
translation,49.514384324729384
translation,32.007008459552786
translation,24.808313216418743
translation,58.455978668861796
translation,15.267403482156702
translation,8.400946946319166
translation,67.24534352648726
translation,56.58990695712638
translation,1.888418555920024
translation,14.234607183811928
translation,73.13458058269416
translation,49.6792001709357
translation,12.138406538189242
translation,17.012947175780777
translation,65.2999216508802
translation,28.74609792119792
translation,11.004453583383718
translation,15.990644108049674
translation,60.92664920936965
translation,6.290415609622347
translation,5.363967279326322
translation,18.11956375964837
translation,53.84134532535539
translation,15.85162431598972
translation,5.541367261112
translation,19.822352050722696
translation,26.899711536513802
translation,31.449294801009458
translation,17.794594805198013
translation,11.315745979708703
translation,26.829541190562264
translation,40.6512683682559
translation,37.44843063622609
translation,11.520574532312631
translation,31.789856128368662
translation,39.77570982716387
translation,40.04298999907233
translation,21.935946835312553
translation,42.23255149409819
translation,37.23612360706097
translation,45.8843490564311
translation,69.62421940009035
translation,47.154790236304386
translation,27.718077905815132
translation,51.42597272621185
translation,84.94679327356309
translation,56.257996944233945
translation,31.690991882253098
translation,88.74396715813117
translation,124.98124384986278
translation,62.477336229010135
translation,15.356299884115803
translation,128.3539056975822
translation,126.25459005460655
translation,48.66194633334822
translation,70.70073040344505
translation,113.53336891034314
translation,134.94377081953814
translation,79.29945332797843
translation,106.85527200966999
translation,114.82737553576246
translation,165.44827343720968
translation,86.3826401828148
translation,131.83509221547644
translation,121.7610640608669
translation,174.5007869626302
translation,91.33831687314827
translation,138.5338118456144
translation,131.2807922052056
translation,126.56520600587116
translation,134.27081631164927
translation,151.03431415491886
translation,153.0582992596216
translation,91.17673822104229
translation,166.65523453130075
translation,171.42159811265208
translation,172.28596043996458
translation,74.08943049517528
translation,165.1917979895983
translation,173.13874294333718
translation,141.84845118601777
translation,70.15480623139686
translation,167.90457728860667
translation,146.13986163649793
translation,127.2410065695068
translation,72.5186158463605
translation,174.07349797257527
translation,129.22361058336608
translation,128.1095887315907
translation,81.99778155802423
translation,176.04859841407855
translation,121.43730028636092
translation,137.55296080783242
translation,45.91431853390981
translation,132.7559643959009
translation,113.63231404365655
translation,123.44444600717569
translation,15.24347223866274
translation,83.89401712670498
translation,125.92574998537148
translation,31.714555769649063
translation,14.796921373088185
translation,95.44384494768276
translation,149.16577886128857
translation,26.954678072151708
translation,18.189353759674077
translation,100.84337510858393
translation,152.9602621086932
translation,30.32409978975933
translation,11.73170035292353
translation,100.7745554692218
translation,103.12704145371215
translation,35.82588638260006
translation,11.827638234721405
translation,148.47860106527605
translation,101.38206884454654
translation,25.85412971709397
translation,32.156532512588896
translation,153.41841885172653
translation,100.68159933902015
translation,9.23386339518664
translation,56.456551624803694
translation,114.9459219535801
translation,94.0696107193849
translation,21.80387663509225
translation,49.09997406928184
translation,86.20898272780289
translation,79.49708326470089
translation,28.596578629190017
translation,30.307998440357842
translation,77.47619679027288
translation,41.585589581451615
translation,26.52885676626455
translation,13.698306602327362
translation,71.1375839610719
translation,2.1449506491202
translation,13.23941543210848
translation,8.506345721100745
translation,40.922478255645494
translation,31.435857949675107
translation,7.666169199273382
translation,32.76283115319382
translation,78.02424099058115
translation,57.890926712247584
translation,29.44158926774954
translation,51.57598022443559
translation,71.22807545767856
translation,66.6480851579303
translation,46.05961736519665
translation,55.58262026747309
translation,57.39891801921994
translation,59.83045616977464
translation,44.31719014296777
translation,43.944488232531896
translation,48.26850481348929
translation,46.612667738261756
translation,38.35266230696011
translation,22.22963603628301
translation,48.69075199333948
translation,27.691411385705415
translation,30.547924185554006
translation,2.7390980747774116
translation,53.861126233556504
translation,6.334573303350812
translation,28.47370950233284
translation,25.790641131269496
translation,28.069624401226697
translation,52.286504667260985
translation,21.068663497441786
translation,37.469286501270844
translation,88.01212281532838
translation,75.79672221958754
translation,31.580629260356975
translation,41.28562674652467
translation,87.1124865951878
translation,78.68027419733295
translation,20.8827755272584
translation,39.096837196175436
translation,79.72045341871464
translation,81.96334280245524
translation,3.577198521266971
translation,21.910904436350744
translation,76.30339546809756
translation,99.93602130508599
translation,15.296948749666171
translation,4.140133282156742
translation,68.75882885388222
translation,114.40389054006926
translation,32.613262472132796
translation,31.900675868324626
translation,64.3567391262109
translation,121.8434419363128
translation,35.45051038739199
translation,39.55553906075081
translation,141.72299179091004
translation,82.32178319107655
translation,37.357165619278376
translation,37.76553023929707
translation,148.45031952717727
translation,68.5649477252538
translation,30.75497006778151
translation,31.493072948384714
translation,149.67690600050418
translation,74.10257051739714
translation,18.866347126337317
translation,23.97472268240697
translation,127.3901725563406
translation,76.78330320534484
translation,10.174386714496036
translation,23.596137612676067
translation,82.55786647150394
translation,65.51759387032378
translation,25.871102339226123
translation,19.67878943241114
translation,50.7341079142209
translation,40.31736028197595
translation,37.867450783424594
translation,13.24404063461896
translation,51.11621585959128
translation,11.110995618663708
translation,43.1598120690934
translation,7.018809958679983
translation,56.295332282257476
translation,31.081426452543617
translation,37.358239795712315
translation,3.409651172827318
translation,19.67243787150237
translation,49.005281546662296
translation,23.957778165156743
translation,5.57175426270526
translation,25.802926015508298
translation,60.83733647405242
translation,8.574701789590303
translation,12.133805371524533
translation,78.48482381503369
translation,62.48253870124091
translation,29.260077417396168
translation,42.39743144268866
translation,74.05039942441466
translation,57.8931049232103
translation,30.988971183566072
translation,52.49984947443447
translation,67.19407614617644
translation,36.866582810988426
translation,24.260364769211385
translation,42.11875098100715
translation,68.3914784046118
translation,32.74683533136428
translation,18.37643946033959
translation,17.412776391988558
translation,42.43113577515991
translation,76.35961423031388
translation,6.812508998629963
translation,47.91970613774685
translation,47.20800260272007
translation,85.87215684925228
translation,39.24801388343408
translation,69.0433394333736
translation,94.30524438600385
translation,93.41944652308011
translation,72.00182636396706
translation,80.99684921171801
translation,91.25610896088915
translation,78.19769105950283
translation,70.60726436465114
translation,70.79675388006628
translation,100.12986556827681
translation,71.87065044071915
translation,76.74026805407065
translation,68.35639792118158
translation,101.3785385487715
translation,52.32143598841058
translation,66.1983458801919
translation,50.4466094071935
translation,92.29593305008986
translation,8.752798093829623
translation,20.605557051460497
translation,14.501704081377135
translation,47.472679557394244
translation,47.02123517074377
translation,68.1396544872047
translation,33.595107699479634
translation,58.023402406726326
translation,52.67534857182622
translation,61.35333579100753
translation,39.21470200408533
translation,46.62151327600471
translation,44.28235789286046
translation,50.3469896918021
translation,31.53496110123964
translation,42.59134145516877
translation,39.153169631566186
translation,9.884777860670267
translation,29.849690948776995
translation,52.50882409940915
translation,92.02113182736485
translation,10.645856228611045
translation,36.5554334263685
translation,44.49729986931957
translation,136.0232859859215
translation,31.64495167479397
translation,31.672747274182846
translation,37.38867897042758
translation,137.6869403804054
translation,25.1598558019711
translation,22.797927894684033
translation,120.93922844814607
translation,165.20659730848217
translation,12.327807908474398
translation,18.960477970493216
translation,157.618488745213
translation,142.4213068407955
translation,17.691103279363322
translation,15.065385336369172
translation,167.2306259697881
translation,134.74564462927611
translation,11.616092822773448
translation,11.788511087658897
translation,156.49876407226284
translation,121.8779037416552
translation,23.677575388233546
translation,25.782833161810284
translation,162.08027645251354
translation,88.0495628859539
translation,30.773792386181412
translation,50.37323722083458
translation,108.50067403302144
translation,60.05354205472348
translation,21.05382119667702
translation,67.94903209794705
translation,86.20865076357691
translation,42.83462959348289
translation,8.61684032752845
translation,54.81749007312098
translation,81.16821890853191
translation,40.32387113051537
translation,5.661862096914068
translation,30.42094021359567
translation,56.44575657822903
translation,8.598449491284747
translation,12.69789245960145
translation,14.417161285914219
translation,31.380382963712982
translation,23.006541308279356
translation,19.355108283596476
translation,27.673766928431217
translation,27.163464789346133
translation,24.13028257603998
translation,20.632482316615786
translation,16.56793490859538
translation,36.32653887026302
translation,31.214997182278484
translation,18.207029201442317
translation,7.060415541299976
translation,45.78010674564188
translation,40.00567271689048
translation,15.038223012975076
translation,1.747271602875565
translation,39.92258079373899
translation,38.09646855876668
translation,105.24924509463382
translation,3.378843362150369
translation,32.784264084955346
translation,27.298269215558133
translation,123.58446357900343
translation,13.872201459938703
translation,29.903101972543173
translation,23.098556140585995
translation,6.290775009160915
translation,16.37747608315437
translation,37.31415047974757
translation,19.02939478053423
translation,35.13800667652769
translation,21.4934268536179
translation,21.205517876423286
translation,3.566261988586976
translation,63.78609645682006
translation,17.702774169933363
translation,21.249204002100832
translation,125.54686751057142
translation,53.5709451541707
translation,11.733809809189419
translation,17.295657505704952
translation,135.0127149413663
translation,92.55114577302905
translation,14.850630302098136
translation,86.90046723406111
translation,133.10718711692834
translation,93.66589993520107
translation,21.258947455603874
translation,127.47717764891622
translation,138.21618566508897
translation,88.6126160986036
translation,13.32912982918449
translation,147.25147717799257
translation,151.20776885528028
translation,76.22666364467311
translation,16.729496700630037
translation,146.0246746791382
translation,153.007253345466
translation,49.91534064478612
translation,25.765702844342634
translation,144.99623834847026
translation,168.47307792310292
translation,38.937641143905246
translation,27.242722116396358
translation,149.99248208058535
translation,108.21747193187804
translation,20.761784712062184
translation,9.047530943698172
translation,156.60435950333013
translation,17.394291295090365
translation,7.776977408683959
translation,6.396597362146528
translation,59.992694044057565
translation,11.45272056411752
translation,6.614790372905439
translation,6.618882215463619
translation,48.98781878568994
translation,4.055698189463032
translation,16.070568756831012
translation,11.718017623295465
translation,43.11142261775782
translation,3.110146049996434
translation,18.65146803261252
translation,14.464856103577018
translation,19.638068337416012
translation,14.817666982944406
translation,18.842673634331998
translation,10.422093507085279
translation,11.824364748485607
translation,20.6738230125985
translation,21.989132869699684
translation,2.1875640180757183
translation,59.23306187621681
translation,31.23571056378939
translation,17.31535014703077
translation,24.657322043660724
translation,66.06252140493372
translation,28.99849216017089
translation,10.938606708518433
translation,44.05702833942796
translation,48.65023919453046
translation,10.903210623008619
translation,8.056097458179211
translation,28.08124418434718
translation,25.295541686992372
translation,13.728912608639794
translation,19.54124301583848
translation,1.968982338900139
translation,13.644704574264045
translation,32.048413477632856
translation,39.29092683665075
translation,27.450923876464515
translation,8.155708886317482
translation,44.03445719913578
translation,43.62554734905853
translation,42.706351976066266
translation,26.812446230401473
translation,68.20529883232018
translation,62.08652461643496
translation,55.957495325856435
translation,73.50950632863737
translation,99.28208437012812
translation,122.4014092058978
translation,70.53119386099372
translation,103.06909565151516
translation,118.03746857033698
translation,149.2026395955061
translation,80.54522716251667
translation,120.10588859872439
translation,140.37260146206094
translation,172.11333014941022
translation,91.0383706452689
translation,121.34998008392398
translation,167.24668125003507
translation,165.7570303097141
translation,91.84809652598155
translation,125.270909902733
translation,172.13865920485068
translation,114.62647532644839
translation,77.28255614233038
translation,136.02347248986953
translation,162.33418876303966
translation,69.10838640892503
translation,67.92597147960312
translation,166.0154962007106
translation,137.24995143564723
translation,51.5358660034561
translation,74.96926904632777
translation,132.44751641654076
translation,106.3211265010762
translation,36.632849527886584
translation,70.9175928245181
translation,106.94758155756263
translation,100.51881509283405
translation,23.137874739963937
translation,66.83187738787024
translation,95.24887167627458
translation,97.5918914928602
translation,17.842911729089504
translation,63.937143025312615
translation,46.58191140089492
translation,86.40353822552102
translation,15.80237253986014
translation,53.49654655447066
translation,9.830125809533122
translation,27.873316197481703
translation,20.809233589252926
translation,6.6763776675987065
translation,79.94919305440911
translation,25.74535759999409
translation,19.248143320772257
translation,23.05278551099352
translation,96.64139690647217
translation,38.81630758009578
translation,39.37626898628542
translation,27.592837361371288
translation,102.97943907963463
translation,49.90222019991973
translation,57.29526671545704
translation,29.34947886939745
translation,56.07289215880102
translation,53.790884535240046
translation,53.860778866946006
translation,31.313848859651976
translation,56.160877224174
translation,51.945144484227114
translation,40.57275115617116
translation,22.890638072726926
translation,58.912401169451456
translation,49.06516969448138
translation,26.93390254806782
translation,15.67472460391674
translation,57.10331989639703
translation,48.44888957353653
translation,20.1657318096525
translation,5.6528396798837
translation,61.11145232667572
translation,25.496007182139778
translation,42.65407499022563
translation,2.891191539768573
translation,59.188333193510346
translation,65.71891178161798
translation,23.655280692147
translation,18.521910131508506
translation,29.473670595639003
translation,77.06583480742543
translation,12.40034994167238
translation,25.923040308033706
translation,62.82274938713127
translation,86.1243820485528
translation,7.641209271683214
translation,29.242713838758913
translation,101.74889656916875
translation,91.6783564661172
translation,2.370530964010939
translation,34.5099873489444
translation,94.27632404387764
translation,94.37468693354128
translation,6.891151108263193
translation,27.18011893344406
translation,96.23326001709313
translation,102.56792238274305
translation,11.953396424635361
translation,9.227826609789844
translation,91.94531213849346
translation,96.77989147741161
translation,19.237777037673958
translation,7.638570521651344
translation,87.8778416106262
translation,44.32474240692507
translation,18.500574298754284
translation,21.683524201569735
translation,84.12424341155618
translation,61.34411702076421
translation,15.378225224053187
translation,28.129079519371768
translation,116.29037059268097
translation,73.37377763604765
translation,2.6265372147702606
translation,32.885139658340826
translation,115.40517625259157
translation,65.61665656127471
translation,9.84174464948159
translation,31.776113405950237
translation,82.71824955779189
translation,60.33566996337977
translation,17.45804205843012
translation,33.291799435584004
translation,74.40759618677164
translation,43.03894645240692
translation,27.686507057836543
translation,15.436633780823598
translation,61.49424390772784
translation,28.578233240131013
translation,34.974700394867284
translation,3.5501228738581654
translation,57.283120304516586
translation,11.187477265096193
translation,35.30940942244841
translation,3.076204474269412
translation,43.73496353406396
translation,9.671659885676661
translation,29.700700367505682
translation,22.877351418547278
translation,13.730118889662958
translation,28.783062007580703
translation,17.038775148417916
translation,33.792785014222225
translation,11.25199668757633
translation,36.797045486762784
translation,4.769748701174901
translation,41.621040028778175
translation,38.3343601894874
translation,45.89995402188799
translation,34.73131472236666
translation,67.45483144796779
translation,52.19703767318134
translation,53.68902131901493
translation,56.726553126710726
translation,86.96247288069578
translation,71.3532856488949
translation,79.95734061761598
translation,88.2514837110923
translation,127.22447228812561
translation,78.64970913047546
translation,151.93000116006777
translation,102.31500729789994
translation,156.53165400548968
translation,78.53031714568002
translation,119.60460992856191
translation,126.03594232645456
translation,133.42345720081252
translation,133.1696040602673
translation,110.16831396531825
translation,159.03185636567332
translation,82.48011754991346
translation,115.58321770519656
translation,106.70799396339972
translation,164.9165413583402
translation,53.11145110748465
translation,112.38173139564513
translation,105.33133476315912
translation,149.54304561726715
translation,46.47512369097002
translation,113.05395623021853
translation,117.11764675276956
translation,158.1712783985553
translation,33.667110530248245
translation,104.42015435756768
translation,131.7013595929429
translation,158.51765767183957
translation,19.888517399263815
translation,95.37026780037804
translation,99.6797066428783
translation,170.9899834879651
translation,7.115137062492089
translation,40.33979657236
translation,88.55537476353135
translation,127.6121443694315
translation,9.115775736362977
translation,76.11217866403679
translation,91.22621125010824
translation,78.38889676747911
translation,15.874136054174004
translation,87.52410376789427
translation,96.37815085008106
translation,57.11329916437632
translation,18.492403531552473
translation,91.85994305955398
translation,95.88732437348895
translation,30.83839103949882
translation,11.532519281273231
translation,95.24582669187993
translation,114.13976066941095
translation,11.391202882713374
translation,105.68154726558511
translation,135.85107397302448
translation,1.8537182060215398
translation,12.953857833455634
translation,114.00217372674108
translation,153.0103724176539
translation,7.636481012219541
translation,19.008087550630396
translation,135.11100257705002
translation,140.94154792132906
translation,14.532922972850185
translation,23.101172185016015
translation,127.25374276468088
translation,108.1979886592914
translation,17.088857142118137
translation,27.210999299207064
translation,118.60822305268337
translation,77.38071987638816
translation,17.82805809555196
translation,25.393229327255796
translation,122.11047233844076
translation,46.74275773314887
translation,17.391230154827888
translation,18.525874984513344
translation,128.30633946098257
translation,29.17399256805255
translation,19.68403219293675
translation,11.799048797517864
translation,93.78424842713416
translation,17.080167386872414
translation,2.5434852218079174
translation,37.54146533991161
translation,10.68365593153876
translation,17.323325431497377
translation,4.969177269911506
translation,17.884680714424434
translation,7.670150641035187
translation,14.57938356012682
translation,5.788813616356704
translation,8.02574792354108
translation,3.8991380358091536
translation,7.321097972680256
translation,2.546311301603109
translation,5.212056255922074
translation,4.49715526735666
translation,1.495295535825356
translation,2.5727351451217406
translation,1.0599236244692511
translation,7.5488872509092175
translation,8.18184421097888
translation,3.9326504744981907
translation,3.9190631965203178
translation,3.648743320453126
translation,12.532672674036785
translation,11.895295982472007
translation,8.178204177321831
translation,11.769600783176168
translation,42.17253264495486
translation,19.94766098714798
translation,14.83731013810823
translation,36.940730588934514
translation,84.24386630108577
translation,9.76142736956237
translation,29.103751249143752
translation,65.08840252293535
translation,116.32479509800187
translation,83.84205281087014
translation,69.93709544382625
translation,130.15376548575824
translation,148.79265416316656
translation,142.35251198678702
translation,166.12405963231117
translation,160.13831173099902
translation,141.34804678799367
translation,112.75107244154677
translation,166.65198879893973
translation,126.24262558073342
translation,140.2884925229099
translation,110.06088559022939
translation,174.2915698951558
translation,117.05045499167917
translation,135.62314357399052
translation,136.4267594772141
translation,120.09934568413685
translation,117.03370798641768
translation,115.25498668991007
translation,130.18985228500287
translation,153.56326087426095
translation,170.72995208475973
translation,171.23689338429497
translation,160.24135220185025
translation,124.32511518186062
translation,141.49056097209808
translation,137.48677936832695
translation,35.37170098350233
translation,144.03468317714646
translation,12.191014303318967
translation,147.38855073460374
translation,12.249988169119296
translation,149.7371860231278
translation,24.03324316280351
translation,156.84223063782932
translation,18.985782584051204
translation,165.55751455274097
translation,11.790526463129686
translation,125.65182894067492
translation,171.12842345411437
translation,10.448539737480251
translation,141.58353852222982
translation,35.60443369288549
translation,69.32311316023306
translation,162.52903251005887
translation,21.60595532474456
translation,116.00718891038534
translation,163.8381757515889
translation,14.083096172336738
translation,146.79181409842775
translation,103.66734395836352
translation,151.06931972260435
translation,9.040048849979906
translation,152.16384196709015
translation,86.92131588402125
translation,153.72206000719885
translation,13.318500589899125
translation,152.59618215252664
translation,73.96606304111248
translation,157.11584740217393
translation,19.673768528571966
translation,78.61422521086733
translation,105.51112628382047
translation,138.9176796898274
translation,33.07529745562587
translation,72.53205411308245
translation,157.1466637805018
translation,107.647091809115
translation,61.29930061118154
translation,59.043190614171785
translation,167.1288122255609
translation,38.39381011214456
translation,94.46891684315887
translation,42.779406603425215
translation,168.90972982353009
translation,19.60362487089752
translation,143.87572327782638
translation,30.483939574592547
translation,146.52462212564706
translation,9.16895773931935
translation,162.68022880976457
translation,19.469579284186256
translation,59.545795972558686
translation,1.6797160551021182
translation,10.567774946316511
translation,23.04836549849954
translation,5.34899320825832
translation,14.307691371114995
translation,4.946326618102315
translation,15.478158719269832
translation,9.616203503816037
translation,7.4008717594640725
translation,3.090578116272153
translation,4.835098938155182
translation,13.517760053959769
translation,9.362805524836128
translation,14.744154180589828
translation,6.156270945979015
translation,28.430189033883313
translation,7.7750835292148475
translation,17.646201910093396
translation,13.946807067276882
translation,169.50032075422774
translation,40.518654369999105
translation,29.81278675193368
translation,47.85687154703106
translation,166.40135977850147
translation,77.86672152811116
translation,63.81290790044424
translation,154.19525314703
translation,165.96494063967307
translation,54.0046029848151
translation,125.06697834138363
translation,158.50464271429064
translation,168.06240615393028
translation,50.50316112856796
translation,159.2011516506946
translation,169.51689016266513
translation,166.65492674879758
translation,21.889373722672342
translation,166.82136244175163
translation,172.98320408364023
translation,163.54934480496243
translation,61.12656166850222
translation,175.86684749515817
translation,157.78579293350205
translation,156.8547155263841
translation,56.92707830124172
translation,169.45338231099217
translation,130.90702199640228
translation,70.92679838563163
translation,36.364479274280924
translation,113.8306093463527
translation,98.77258587624142
translation,6.592508467525717
translation,23.147634419090288
translation,65.97720886223188
translation,32.03418426696452
translation,15.626886602363257
translation,6.136723453970569
translation,28.067827584071914
translation,18.09239621909738
translation,13.31605173089569
translation,7.821656700310357
translation,18.495590062604897
translation,24.450581151730347
translation,7.835271233431765
translation,18.05089642466918
translation,8.014767639839057
translation,29.78871289397425
translation,0.13799492094289184
translation,28.759785883384115
translation,7.36111222080019
translation,29.38279744844818
translation,12.460311907228677
translation,58.749311897827184
translation,20.976485792714758
translation,5.44832674487898
translation,28.90104065328619
translation,120.06813462040267
translation,26.728183107103384
translation,12.261879982191203
translation,31.037345346888646
translation,127.94801948759691
translation,24.205564798286197
translation,27.766002128488118
translation,48.77659761912259
translation,130.63761855739966
translation,10.683518597494253
translation,68.41465640979983
translation,84.85965178689833
translation,127.64083063542073
translation,17.32732010341647
translation,96.01861552475108
translation,150.97864817020343
translation,142.41749688307365
translation,117.91174693342718
translation,173.58565935755038
translation,163.7867689215041
translation,115.57880761288314
translation,161.99032167811666
translation,171.58982000990886
translation,159.97902113470215
translation,100.75156602624418
translation,129.7448268242292
translation,158.6896312470281
translation,126.83612360478116
translation,83.59952324655428
translation,127.59721079071392
translation,157.39506195180059
translation,109.72592176943857
translation,90.54918164839715
translation,142.86090015145538
translation,169.40101725800744
translation,101.96270114817204
translation,111.07433283653518
translation,157.95551632607794
translation,174.72720352245702
translation,84.10133026087074
translation,156.06336650175595
translation,169.08097673608788
translation,153.92738496449525
translation,47.837623330386435
translation,125.1206007083176
translation,171.1745690996169
translation,133.37567795177594
translation,16.312803982672538
translation,107.62844417970423
translation,148.35516182560733
translation,66.61531719669256
translation,7.068197174741966
translation,93.6125210834775
translation,91.87830315090198
translation,4.954119633025301
translation,10.816870705457905
translation,40.17468939101846
translation,53.43573277581755
translation,11.811831187393311
translation,14.741712585858924
translation,16.884082659355954
translation,38.24272887566464
translation,26.995585160061786
translation,11.069214185602315
translation,14.902396818528928
translation,7.860546664622082
translation,29.42617733674194
translation,6.900459877022869
translation,17.3273421546715
translation,31.323271900918016
translation,27.995372102974976
translation,4.2882148550125345
translation,19.440504140141496
translation,50.620212677952935
translation,29.658606805115788
translation,16.920373738743375
translation,29.26113521527402
translation,53.24325927629132
translation,23.50202337057855
translation,62.93755702442093
translation,29.089012308913983
translation,47.121883004359084
translation,9.920370447237381
translation,128.45305471602904
translation,23.669715297275317
translation,23.196985125285025
translation,19.65113721359907
translation,133.27019537318128
translation,9.383473635427018
translation,1.7934028411618876
translation,45.462218164065355
translation,106.73256263350412
translation,4.978125309820703
translation,21.395403968448928
translation,71.49658807051581
translation,120.78626899064453
translation,11.686348335721553
translation,44.82733694393896
translation,92.78043754357469
translation,74.49720951710478
translation,33.8564318358694
translation,65.4351607538327
translation,115.87018925911079
translation,85.19664207293273
translation,53.70180341181582
translation,108.64649471785208
translation,140.71333163919178
translation,147.40726096211108
translation,77.43640571527918
translation,127.79899998047165
translation,155.82276301119276
translation,119.80596451008557
translation,69.78649391195297
translation,136.81170732616192
translation,164.6326874514926
translation,72.58522933549243
translation,17.028876622648827
translation,154.28373242776485
translation,173.3563598411834
translation,45.29711344438751
translation,10.825821153322439
translation,170.02562285359156
translation,151.71900924683777
translation,30.838154978272485
translation,14.456034074990361
translation,174.55731329372173
translation,109.99941636530279
translation,23.346957409280222
translation,18.30836869601834
translation,152.60800033871536
translation,73.20875236323931
translation,9.437308856202554
translation,18.437112999609536
translation,132.09878302945637
translation,50.72666640442444
translation,9.376403548587898
translation,11.841359339865441
translation,75.14995122680187
translation,35.92899240805911
translation,11.409328955811448
translation,4.888759730211009
translation,37.29704716844391
translation,25.49852717709976
translation,7.068563968203857
translation,3.540382836245318
translation,17.227277769529344
translation,15.624874224292903
translation,3.8616590791714285
translation,10.527955993005142
translation,13.985487013935389
translation,9.482919792338201
translation,3.0521811989939276
translation,13.656990946633973
translation,13.967515014443832
translation,4.830897978023022
translation,4.305030345121891
translation,20.799590196707175
translation,21.348525590575363
translation,17.764937402374983
translation,5.820853837690195
translation,19.872235665128727
translation,22.909202764860126
translation,41.35734700985238
translation,7.384739915793558
translation,19.015822960122236
translation,8.10852759251463
translation,60.71541872585646
translation,3.5594486504531426
translation,13.299949640691374
translation,2.839910547243208
translation,55.68197712864949
translation,7.929774211663756
translation,9.95109965576725
translation,44.91806645401898
translation,40.23810402238952
translation,17.492627380545425
translation,20.369155179124643
translation,91.91525634456127
translation,26.264793579763193
translation,25.388302142709215
translation,26.662058349290252
translation,86.5738204285669
translation,9.490461978462692
translation,29.879731898640863
translation,22.732731718875222
translation,96.67360238961153
translation,4.1720243396287735
translation,36.95591150076252
translation,20.775286042244588
translation,38.027202367298365
translation,16.98483861902462
translation,20.990209756834794
translation,10.109793572393716
translation,12.229950518501298
translation,25.853110254381072
translation,6.941851768605722
translation,14.941149978764583
translation,27.42313711958073
translation,25.770852853298756
translation,19.962638683624338
translation,20.237456575152166
translation,39.139406014304896
translation,26.562543896098838
translation,41.53173047361923
translation,30.36625892238819
translation,42.95659789754687
translation,9.964846298178202
translation,50.670676465719524
translation,31.833629739222772
translation,41.061736800123896
translation,23.252664482111335
translation,92.52980866470998
translation,16.738325867561198
translation,21.310567296312346
translation,53.7755325291848
translation,138.2971369238399
translation,80.5756867322067
translation,72.91904352064795
translation,73.5993368280054
translation,129.56724511429363
translation,128.12371795774814
translation,84.11739519741812
translation,93.2431254463056
translation,117.17038311425955
translation,136.82034857469057
translation,79.77033848002964
translation,114.26062966591923
translation,91.34871167482855
translation,148.89706676751157
translation,74.54466848087097
translation,136.40725103637214
translation,57.54584006931791
translation,170.5882056857812
translation,72.44087347020722
translation,170.3877296079017
translation,95.84000880388328
translation,162.70702884215112
translation,117.19051616593988
translation,163.06483387710958
translation,136.83897085551862
translation,151.5106849776435
translation,154.4163083502466
translation,153.90111783261594
translation,140.61008230746313
translation,144.67507611211977
translation,144.44161495665202
translation,146.56258182397588
translation,135.09414045893072
translation,135.94002593659997
translation,137.14256522859907
translation,131.11722042684968
translation,126.51137321911635
translation,121.07728990889278
translation,140.92986163803792
translation,106.04329404759766
translation,120.10398878248613
translation,113.97857930963048
translation,122.34453257276083
translation,44.63944980696307
translation,110.60861346229277
translation,32.54408390372503
translation,121.31508125171729
translation,21.492012251637657
translation,117.87454399561773
translation,27.15139093880631
translation,36.48217570677033
translation,15.50798996875959
translation,116.1037917854091
translation,14.763117835486947
translation,44.59261963024375
translation,26.207042903520726
translation,115.89749843885657
translation,14.452669497766303
translation,29.172881174200143
translation,24.027496375310673
translation,103.39455493453694
translation,15.2003590905975
translation,21.27862256185878
translation,10.490543507749898
translation,87.1286475489201
translation,10.333498544394962
translation,15.867322154488976
translation,88.39144703864439
translation,44.53772855519881
translation,2.7543718678111757
translation,78.87059902616845
translation,131.3474548882872
translation,83.9129380981732
translation,8.265828597489074
translation,133.9492032613592
translation,156.36310719048686
translation,95.76484916802406
translation,7.755777026932443
translation,150.9221696936354
translation,163.85128130691953
translation,81.3850621537997
translation,8.29154780009157
translation,156.93761683456364
translation,157.53126988404065
translation,44.68785813043824
translation,3.6460446111379756
translation,147.5051764765157
translation,157.06725069588538
translation,21.514696106975958
translation,9.192687836384358
translation,135.96519722512545
translation,146.3591823916583
translation,12.732318675128035
translation,11.700478538076455
translation,132.28547997257147
translation,136.31857331811665
translation,13.682796241537675
translation,15.500015537622684
translation,136.40209147780422
translation,32.209524303578064
translation,12.391583106018736
translation,16.901156943686853
translation,163.24804532675128
translation,61.619550853276024
translation,10.057437452974291
translation,20.21906821295064
translation,161.70030723004714
translation,54.29255706332142
translation,7.058959864885111
translation,22.709021924332827
translation,60.191672415901486
translation,42.53431532405772
translation,8.42736440234353
translation,20.808381090512956
translation,40.96363749585864
translation,33.71965691835717
translation,15.65380119222425
translation,22.892906016725814
translation,45.70416521164921
translation,26.405841567105803
translation,17.48265288198047
translation,21.35597244719782
translation,45.96922911452124
translation,21.284064972088238
translation,20.309626564811097
translation,19.158867338489124
translation,43.87464723770749
translation,19.977602020220328
translation,21.69986089166188
translation,21.253090126095916
translation,28.0784472053887
translation,11.194587740507728
translation,16.751240760846848
translation,130.17575016939801
translation,10.823913248965358
translation,9.973786909626932
translation,5.882333849411125
translation,125.92146885467983
translation,14.541848626234872
translation,16.8010846794746
translation,5.878826394439453
translation,132.58968744559647
translation,22.341417111548452
translation,18.293959408868794
translation,12.35633263186948
translation,145.242708463078
translation,18.010877051448293
translation,6.370176855617662
translation,11.753251018452412
translation,170.78691718729388
translation,22.529877845982416
translation,3.602559273815421
translation,66.92136246631472
translation,158.57548081166567
translation,24.143773159824196
translation,15.25843558447896
translation,154.23667158025896
translation,137.51199547650268
translation,19.39949511424847
translation,21.788360345194537
translation,161.57013422993566
translation,115.66705075973077
translation,6.398231922594564
translation,31.203667737955307
translation,165.05466730796968
translation,93.15124548004098
translation,42.95172955479805
translation,63.98424282360066
translation,172.81991304958333
translation,67.86829398470826
translation,94.54379178601981
translation,117.93778033092894
translation,177.17162101965098
translation,111.88994258119016
translation,104.56226474984592
translation,145.55732826299743
translation,176.67829677610152
translation,86.08984196468414
translation,138.74496404506502
translation,175.8638963058983
translation,176.55573473741794
translation,52.8474739421127
translation,158.48306222929799
translation,171.67744699242215
translation,172.16942435893256
translation,24.10510891757854
translation,158.2608535358813
translation,162.313189939646
translation,154.86316596351026
translation,12.10931377662619
translation,156.52856838510652
translation,160.39462435829174
translation,142.68917461813174
translation,7.356256998356153
translation,158.71713524858748
translation,159.90846329948954
translation,128.74946641800688
translation,19.36320608902493
translation,164.15466669091643
translation,162.09635212540653
translation,94.27803097561348
translation,22.714082798002003
translation,160.25254367294787
translation,161.64732373005455
translation,68.49400979982782
translation,21.29608447532051
translation,159.86663574619735
translation,168.00839101139326
translation,44.1451349341263
translation,14.877081029705002
translation,158.1335606139713
translation,175.7263577125029
translation,15.681162509950825
translation,3.868947053134667
translation,156.25579905133804
translation,167.24469855911167
translation,5.467556289544093
translation,25.30349296890196
translation,157.7012616238381
translation,45.65310570042247
translation,14.363587435687721
translation,34.25217233718014
translation,131.2205427559948
translation,10.604837034174087
translation,22.249576654202574
translation,24.55618385259284
translation,68.76612826784493
translation,12.080737390218053
translation,25.78527026445515
translation,6.841295729598797
translation,39.43671005619089
translation,8.774635298800305
translation,27.526629275659392
translation,29.658407710711195
translation,16.95982778694866
translation,10.63840866660635
translation,28.8050140833422
translation,48.947813940160444
translation,5.6294346838426454
translation,3.6425233187745305
translation,20.312072527126457
translation,47.014090278676214
translation,8.015342667369055
translation,2.835553891982506
translation,6.17600109841734
translation,47.3150218264226
translation,4.232014753322045
translation,8.587042332099434
translation,8.403966046817873
translation,45.2358702901925
translation,2.5496438361409104
translation,18.255112009693725
translation,32.02618370400968
translation,65.7863994334976
translation,1.7975734069406972
translation,27.05421167065502
translation,121.00705508503773
translation,64.94522775155455
translation,7.3511651726827765
translation,34.336096687452596
translation,161.0774269241894
translation,33.74877059518619
translation,27.656704419534663
translation,40.127742067195534
translation,175.5834682544531
translation,7.7326973662264455
translation,34.33016833112908
translation,43.2768797288451
translation,178.09649270827185
translation,12.295602696649574
translation,46.31365892416184
translation,44.05829955943549
translation,173.91929397394264
translation,26.31400764245117
translation,73.462447908286
translation,123.80039491173515
translation,161.26613928316158
translation,173.60583496353752
translation,168.42623712788776
translation,165.5190703746423
translation,166.0410760724988
translation,25.514847940861905
translation,168.8182934996417
translation,28.378387320593653
translation,172.37761079597766
translation,26.7733556362059
translation,147.99843809599722
translation,8.688316688309264
translation,3.5203975726222465
translation,18.28544820377311
translation,12.618610145155639
translation,50.40344163093147
translation,16.73865604249632
translation,77.29765042597595
translation,19.944645867782732
translation,14.997100784552183
translation,144.86930789059494
translation,25.55199431438309
translation,21.742639343364797
translation,170.3088519968195
translation,11.261288573391731
translation,28.83477812813694
translation,174.48194524818857
translation,8.550507842811372
translation,45.30528534823916
translation,148.7886882506934
translation,9.418865405712012
translation,126.26894209803815
translation,132.7394924806868
translation,4.730157159786351
translation,79.35359797102168
translation,166.06839888899214
translation,121.90761653772553
translation,11.136000859906122
translation,117.35596609938366
translation,177.05952525347988
translation,105.33947298980937
translation,22.455816998303355
translation,163.54529388529468
translation,175.9131314151766
translation,82.87564285434848
translation,44.7379360598305
translation,169.06577468408338
translation,170.83304300846
translation,56.11034664485949
translation,65.32116130352418
translation,162.91607437536277
translation,164.58819562333144
translation,36.07332903830408
translation,66.57226597381442
translation,160.67213673379518
translation,159.79897921957868
translation,25.14231989480592
translation,47.159551265197
translation,163.60960531094304
translation,165.78967805331206
translation,12.574239826589517
translation,26.35806218493363
translation,163.82453562644264
translation,144.52996096935075
translation,9.948709709641863
translation,11.064701076715831
translation,161.78755458712217
translation,36.42833194642918
translation,4.327488597412281
translation,3.0611602484878677
translation,73.48630021050148
translation,31.508565752695095
translation,2.705344908502477
translation,13.081247959563468
translation,29.422567529465546
translation,29.69605648780062
translation,5.351957659886852
translation,17.245576520872934
translation,28.388067267187115
translation,22.594202258706776
translation,6.261068532508638
translation,20.658381033159902
translation,29.10430281591363
translation,15.892463041614363
translation,6.216399714242744
translation,20.710492599086496
translation,31.272507666117672
translation,10.985484595196587
translation,6.255448167863252
translation,22.814661307035575
translation,29.206697816874392
translation,3.7175261044396763
translation,1.0491033712267286
translation,18.668898038280243
translation,15.734837015284535
translation,10.28759289181522
translation,10.29137438744457
translation,9.311011331044554
translation,7.493381980402837
translation,27.268556345139274
translation,29.931062162151104
translation,25.643068867583718
translation,38.065769506063944
translation,49.03120719471257
translation,71.85785274074172
translation,107.31191738596881
translation,64.2852807634014
translation,74.90178052700706
translation,116.53048327017815
translation,126.43638570970877
translation,64.55318313623364
translation,83.4987334001511
translation,154.6326394611736
translation,131.6715090574005
translation,65.03192954257862
translation,100.82406479843958
translation,171.29009978339514
translation,145.28274063707897
translation,78.63452078196687
translation,146.7465540303464
translation,159.18126134680537
translation,148.78373609955543
translation,136.22966928996482
translation,172.04642770276618
translation,155.59810715645818
translation,151.02752794607537
translation,174.7188336349908
translation,160.2749959197351
translation,149.62078031737678
translation,165.37940503635508
translation,154.54166953519504
translation,147.52560833343637
translation,148.68694027279903
translation,171.15671919728095
translation,150.10794736462097
translation,142.9342925518084
translation,153.84448018399448
translation,152.9349122792729
translation,141.24312452311446
translation,136.89262175486553
translation,157.93052327555478
translation,129.91110581465557
translation,137.85077627696063
translation,132.99408553885704
translation,172.7635871309029
translation,91.13479145720225
translation,136.7616931517197
translation,136.1046239900091
translation,174.83666548116815
translation,64.34230867042459
translation,134.9008513791308
translation,135.5184962591088
translation,149.83130444370912
translation,34.35619424256526
translation,131.62058812297232
translation,135.92894689615855
translation,129.3352142878849
translation,41.49966683340009
translation,130.69870616089977
translation,141.42839919980037
translation,119.1427931516822
translation,44.641040306642665
translation,131.58506339308258
translation,153.54196108464936
translation,84.95812854477126
translation,35.154552295168266
translation,133.93118883985403
translation,161.74570461029296
translation,48.25851098374385
translation,22.732483616747178
translation,141.04767573393408
translation,142.13200175631056
translation,33.88979999752624
translation,58.375632702724396
translation,97.80541115459205
translation,104.41143510109698
translation,28.583937265065508
translation,76.11774255641001
translation,86.35841543258941
translation,96.59946881664054
translation,19.539858758777903
translation,83.79324178255675
translation,107.56528251176125
translation,79.49357827386476
translation,16.99183511323726
translation,87.54590432311484
translation,107.9350188919297
translation,74.36141640552522
translation,9.618481673301655
translation,89.40877635329743
translation,102.31829129021651
translation,64.72463963101242
translation,9.914575968639305
translation,94.98027345327833
translation,99.82398442884178
translation,47.69708462966594
translation,14.82232685180216
translation,66.79203576938261
translation,66.60750057240503
translation,18.407034562821377
translation,9.41155989390452
translation,15.053623270722198
translation,47.436320556780764
translation,6.583292850633999
translation,16.832713651699745
translation,11.412787282422268
translation,35.748190287798764
translation,15.504010863385535
translation,21.2980017405857
translation,28.74335089328225
translation,5.331287684090922
translation,24.72671968951029
translation,34.074771363389345
translation,39.13536370493117
translation,37.39539025424972
translation,37.09346937136774
translation,122.02020629688457
translation,50.489250450902304
translation,55.68315241069358
translation,51.798764165012244
translation,130.04226875741816
translation,54.99018276636519
translation,53.34774343580388
translation,54.660418626068186
translation,143.16771057552938
translation,46.28775644657299
translation,45.85677651535382
translation,56.47632119964373
translation,139.88661331178633
translation,27.97097547539076
translation,46.04851886638606
translation,83.52598215893208
translation,39.132596407006
translation,10.909581860230594
translation,54.23052504636886
translation,160.73910470501534
translation,39.187072753731805
translation,8.58177696098434
translation,55.917182693498965
translation,161.69022078892328
translation,44.999533283928415
translation,9.915916921807648
translation,76.62079700617679
translation,147.46565016528325
translation,55.71619593874827
translation,7.266079678013409
translation,156.080956449483
translation,143.04743481661933
translation,64.25884406193437
translation,11.99723278654918
translation,160.8075157420873
translation,134.03219085107384
translation,55.88776920432553
translation,13.67829261220636
translation,146.17099868456296
translation,133.08199219531602
translation,24.234921067404834
translation,20.640329603891974
translation,134.88352711534472
translation,125.80742543365461
translation,9.088467469762891
translation,18.58795495818596
translation,124.37347379811625
translation,75.0191002918704
translation,10.59915121519216
translation,7.69768953185679
translation,114.91435664769398
translation,19.864923375678604
translation,3.6895816915496145
translation,9.967109537769659
translation,115.2787728397231
translation,33.960633627969806
translation,1.7065762194442395
translation,20.379547618284175
translation,12.930684469337198
translation,46.65080020738587
translation,12.589147216146088
translation,28.739647872949444
translation,39.67389035793508
translation,51.448115750177266
translation,15.800463768657174
translation,30.34343027710763
translation,46.812737977245284
translation,51.78755537848398
translation,21.559261743100983
translation,30.02544566902922
translation,49.48388500713706
translation,43.62926871089419
translation,18.84086808086479
translation,25.48655469102911
translation,54.10957585735707
translation,31.371533693054957
translation,13.564401812688777
translation,20.898031039210274
translation,58.22472645260043
translation,8.809009995642349
translation,8.837600217085253
translation,11.04928038982114
translation,65.17115898020143
translation,17.755187337782367
translation,4.587525219459693
translation,12.202639158701741
translation,20.418484469953405
translation,32.62594022120744
translation,7.1868908594773515
translation,25.766502487205955
translation,58.04899812920597
translation,37.76065959452548
translation,18.102707515657723
translation,39.72039334197526
translation,56.269466067731955
translation,41.09991339030558
translation,26.61691676933803
translation,41.594916867758485
translation,48.48719597714409
translation,38.16771825346643
translation,27.090025287354326
translation,40.85335867765715
translation,42.69101296545487
translation,36.85686835485947
translation,26.515030344072194
translation,37.41053036928772
translation,29.219499637146892
translation,32.98248616528978
translation,25.53196179562538
translation,27.47256076802017
translation,28.49963298300747
translation,43.935799297216896
translation,47.128227181329024
translation,42.66592604738254
translation,44.6398056041244
translation,109.81035274471827
translation,102.89593877131341
translation,60.658753454991206
translation,63.62738572320638
translation,117.60061107285543
translation,103.10970246157792
translation,80.9753982920813
translation,148.61502751908003
translation,113.64573219440092
translation,61.116700212739495
translation,150.37756675537042
translation,113.39062631002288
translation,67.23172495520073
translation,71.2483500944054
translation,138.1690983342832
translation,108.45343814051566
translation,78.93973164906204
translation,61.710580295711175
translation,125.95313507229383
translation,109.25612494502481
translation,80.65728486000162
translation,48.93184531873729
translation,105.35582153073598
translation,83.33049746254164
translation,26.745084944416583
translation,92.2949307595942
translation,60.17679669619281
translation,11.741823464098735
translation,23.491077614252813
translation,64.21309646624405
translation,60.742515567602624
translation,19.030241589602092
translation,40.49678699793748
translation,54.47452787488766
translation,50.501771837629434
translation,36.11153307325844
translation,66.84661867386234
translation,64.155944859186
translation,29.29977245146237
translation,45.79883534197077
translation,85.04275724804033
translation,61.731750594730855
translation,20.8193331488217
translation,41.494400743014026
translation,122.84999625311877
translation,67.45922341992377
translation,40.406373981825915
translation,29.940314709957885
translation,93.95427508428375
translation,65.60866710361977
translation,30.749775393389797
translation,18.385701064402948
translation,62.47464342782857
translation,76.19286719423489
translation,23.653104165253016
translation,6.783154941335164
translation,46.08594648140729
translation,64.41449094432969
translation,12.779355887745092
translation,10.456152278407897
translation,42.53969325351316
translation,62.63191365475814
translation,13.715600632830377
translation,15.61626603164452
translation,46.4987946419609
translation,49.02038540137271
translation,26.784729179854146
translation,17.127283836532808
translation,86.23347713697213
translation,72.46503618764511
translation,36.08017604829043
translation,61.433522368429685
translation,109.5812555774077
translation,84.10837603213155
translation,29.763773224020976
translation,135.90424716093082
translation,106.68326894479806
translation,77.72669343015238
translation,11.811128344985292
translation,143.0246757148385
translation,81.28420283003055
translation,61.548854620436344
translation,2.999623443054437
translation,127.75219755674352
translation,89.46828019537945
translation,41.79706390283285
translation,56.39570005068498
translation,144.92868260435515
translation,83.58899042700126
translation,30.962858601277276
translation,71.1001246915876
translation,140.09641529911983
translation,67.09028759735526
translation,15.716014264425588
translation,36.63234445931358
translation,88.86135163146498
translation,14.72192707664633
translation,46.385207994237334
translation,82.42390843730627
translation,56.27164255448294
translation,35.063914269611416
translation,52.00649386092021
translation,95.56746012582539
translation,32.8638237909901
translation,69.55414759395941
translation,51.73849788099444
translation,107.04302904155938
translation,29.05934870964574
translation,69.53911157897431
translation,45.114421960155866
translation,122.35947633967808
translation,15.889016938960824
translation,69.66126509057518
translation,52.50389100095801
translation,136.89359789536852
translation,3.012651441780133
translation,76.1287797148149
translation,127.60454452279183
translation,146.8502162676471
translation,10.3548031814188
translation,36.0612813827513
translation,127.98524606527818
translation,153.60485676773257
translation,6.978279994394306
translation,28.656272482439253
translation,118.16707032193838
translation,168.98558120841565
translation,6.814765207574973
translation,85.26640832087506
translation,136.24357830626568
translation,131.8368762419139
translation,15.221007906170652
translation,113.44200106836861
translation,151.78138275305844
translation,103.91871348342987
translation,30.796887359738843
translation,151.87706296477054
translation,174.02220753078035
translation,78.96867890573753
translation,125.85564718928626
translation,176.34053279463456
translation,170.26735624372157
translation,32.81257173827761
translation,167.18677425083902
translation,163.99055894321893
translation,154.97808368900817
translation,14.030195672491057
translation,166.85852169538134
translation,140.21183905550768
translation,134.06827916287637
translation,1.4720846627242328
translation,143.5259528403118
translation,125.56193956156463
translation,121.2653413723117
translation,1.79988513642092
translation,133.13528223121088
translation,138.88444226396575
translation,120.41359587903926
translation,6.119561468938722
translation,135.69778301660568
translation,128.33585784926007
translation,44.9840252865708
translation,4.862728033145292
translation,107.35424777941152
translation,119.88484704515042
translation,33.923354757687704
translation,4.924251860055384
translation,69.09793364708074
translation,63.20143192917897
translation,24.408703726941777
translation,7.944688755268619
translation,41.067406719605025
translation,23.540649500622308
translation,21.554826713905026
translation,17.021254393007514
translation,25.92726583437753
translation,32.705157615544444
translation,24.580307279133716
translation,108.56511037588983
translation,3.7271128307266665
translation,43.584110871516785
translation,24.74577592533748
translation,145.43314919882417
translation,10.994622644608278
translation,36.367554985328034
translation,22.634351963627932
translation,171.19539250358775
translation,18.872329951368872
translation,28.866068639910793
translation,17.031631584830798
translation,148.93451775592837
translation,20.747619681617447
translation,21.638213136296574
translation,6.117739642416288
translation,122.4628201800138
translation,21.983002010213898
translation,1.6815329111884194
translation,25.881208592438092
translation,113.73366640230144
translation,25.656069949358127
translation,8.382403107883965
translation,113.96935018626921
translation,116.5472265359248
translation,37.28748557535729
translation,37.43898080888381
translation,162.19219970131377
translation,122.12707747592452
translation,55.030905699389876
translation,58.111788099685285
translation,170.61149151985458
translation,111.04313336984727
translation,74.40345177679824
translation,143.9030317870106
translation,169.64235483040537
translation,98.26075677732769
translation,123.45692533151116
translation,167.36155492478096
translation,172.079226126193
translation,66.68801227559713
translation,150.8103676300038
translation,177.39533593893287
translation,168.51194895519464
translation,49.04180502159132
translation,165.56380027029908
translation,174.58320683828248
translation,166.192911499648
translation,45.50569582531749
translation,167.59139822162192
translation,175.21429057091632
translation,158.1038208754413
translation,42.55566040117284
translation,178.03673755598902
translation,167.6367773630698
translation,117.31901565565722
translation,40.666076413475174
translation,141.7678287316385
translation,130.70844436222126
translation,49.74786635842728
translation,37.34126115715038
translation,73.5023089886991
translation,57.52818481830628
translation,13.580214861581148
translation,30.705233031841924
translation,36.26660948494867
translation,35.83705905371202
translation,3.6799961043202902
translation,30.134691039525073
translation,8.121335393206829
translation,21.900782868689596
translation,10.654394539440945
translation,27.96307558006089
translation,3.478031752509961
translation,19.49974927399874
translation,14.087371188164616
translation,24.880353931650294
translation,6.999718277516401
translation,8.505886658823856
translation,23.293086543854
translation,36.07833816706486
translation,4.127368741324438
translation,12.837946839667376
translation,33.6214056669105
translation,55.27387080017879
translation,8.885743424503334
translation,23.023139652593116
translation,43.77605725907803
translation,110.54387663365456
translation,17.58867950295751
translation,35.671816504476524
translation,54.44758829979938
translation,165.40677061232694
translation,19.686837302127945
translation,40.461640624674736
translation,72.25562498800423
translation,176.91248131560724
translation,16.530158105339794
translation,57.75745651020088
translation,110.86439845172302
translation,173.87122769200283
translation,14.208071372597383
translation,76.74285094190002
translation,158.9908113477551
translation,162.90374425960246
translation,8.044725723270405
translation,107.8769557620642
translation,175.66397817065314
translation,153.09783336140424
translation,52.45308789600998
translation,172.60834367439315
translation,163.67027962418078
translation,144.72951392964515
translation,82.62179920916215
translation,157.97467600060259
translation,151.6326722677692
translation,134.264317276646
translation,77.24154090609149
translation,149.5893796003
translation,142.44859652432336
translation,121.09992382037983
translation,72.23553123418135
translation,146.25469331160411
translation,136.25877177495664
translation,104.0714806069867
translation,59.47166157098622
translation,145.78693568382553
translation,137.0608023949198
translation,81.16870567449001
translation,38.48279765580776
translation,141.85576392395208
translation,136.83048950064224
translation,43.55718352490825
translation,15.630761208819296
translation,128.51627386112574
translation,118.51384548764256
translation,15.169954871542355
translation,8.054969799849246
translation,109.22142853767316
translation,82.9626670006594
translation,6.605613110820313
translation,15.308018622636894
translation,103.76099223485383
translation,47.65310817538925
translation,11.287443089186306
translation,22.524110261689213
translation,97.32597859387366
translation,14.879923320907727
translation,18.085209427301027
translation,28.56170283757292
translation,14.651582988515374
translation,11.878445594296998
translation,24.809533094951995
translation,34.56314191615695
translation,38.349578127759216
translation,20.216706560402553
translation,29.696765755917333
translation,39.34582576574656
translation,20.29367462323307
translation,15.570009467937243
translation,25.84733493287892
translation,37.80205475293543
translation,13.676375394924701
translation,14.046688310894876
translation,23.748285282799966
translation,36.753739094555286
translation,7.730793925264678
translation,19.90507644997883
translation,29.108498850965393
translation,40.741708539588494
translation,10.71848475080508
translation,25.038939985247683
translation,35.80880904032672
translation,41.513948638799725
translation,16.28447474439369
translation,26.416657432112324
translation,37.94250261226784
translation,40.887339578112105
translation,27.12188410457214
translation,26.31979816587735
translation,40.2365079845279
translation,39.72745554213651
translation,31.304122908187924
translation,29.526126506721113
translation,46.0266398143884
translation,37.9473520149839
translation,37.02277847482616
translation,33.449738535419286
translation,61.38403674270863
translation,39.42918798466593
translation,38.10404589553121
translation,35.88192447945264
translation,70.51511009057302
translation,33.48241877983545
translation,32.92799135729401
translation,45.76586433709068
translation,76.50939967112825
translation,21.689950968328294
translation,25.954469646928995
translation,56.576482845727334
translation,68.83591332678601
translation,14.85398743018191
translation,57.71833083851929
translation,77.8487769762284
translation,64.90266575985989
translation,19.760327246578317
translation,50.21987883986107
translation,95.5806823161139
translation,56.846674516100634
translation,46.99701426200294
translation,75.79240541415183
translation,119.4337924121876
translation,48.87288255559773
translation,50.50109674456437
translation,90.94275051262653
translation,126.77595932362361
translation,44.63311774537433
translation,57.57288061789249
translation,102.28442464774962
translation,127.35156780493399
translation,46.743602578791425
translation,64.30361544370349
translation,126.12114372113447
translation,123.3135393446571
translation,35.46372975782266
translation,65.44769221012757
translation,145.75978506598523
translation,114.26108630406468
translation,19.737519854722475
translation,70.80895029723345
translation,136.974693928353
translation,87.92818480889622
translation,46.99474142626351
translation,73.85301977679295
translation,155.08232357188467
translation,52.9030740016906
translation,52.38044113310726
translation,85.64542164306329
translation,99.09660652212328
translation,36.639581262172655
translation,51.695600671255626
translation,83.84330877425784
translation,92.25750490975351
translation,21.209438404894893
translation,49.54083185295575
translation,91.60365327649792
translation,62.67035638213767
translation,14.624441920954226
translation,52.56167576834255
translation,100.33622958069246
translation,33.86381765843059
translation,0.572577441149941
translation,56.64622254383503
translation,106.5559271815368
translation,12.611083767072872
translation,22.206466708401567
translation,63.63835651600926
translation,112.30922273446608
translation,12.690167885226053
translation,42.23003834335856
translation,70.1364412022994
translation,120.76886099744219
translation,30.530377933171522
translation,60.21123031858862
translation,124.48424464344184
translation,58.62801183981684
translation,68.83039952499766
translation,91.46490705448424
translation,131.0039970930777
translation,77.92511515389278
translation,75.15164059111552
translation,104.50813883641545
translation,134.64333229066273
translation,87.75250442949505
translation,75.30232164079428
translation,116.157177691215
translation,136.72438074732915
translation,84.73491088693468
translation,76.03434856631061
translation,123.85793470142576
translation,136.36968611494797
translation,78.73218300516955
translation,80.04663125651268
translation,129.90743968874744
translation,136.17122908856683
translation,76.32321652725867
translation,85.4715808015194
translation,134.3111252488911
translation,137.52575191887297
translation,74.10716411788188
translation,91.22074464908204
translation,140.95743464170368
translation,141.69187493575706
translation,75.64625919823528
translation,146.97302640567878
translation,147.58158473924988
translation,85.94402882940165
translation,115.94162335045058
translation,151.93068060768505
translation,155.5736563926444
translation,100.43409732557852
translation,136.34986039608108
translation,155.39243917518772
translation,163.60003446419742
translation,114.88661948455
translation,151.60006482423162
translation,154.4013525329413
translation,169.8042291212678
translation,163.2533686114218
translation,156.42515525096803
translation,178.17091647074307
translation,153.67785774507493
translation,168.7283798335983
translation,157.09969745346288
translation,175.05486172418117
translation,169.58975938298963
translation,170.65700794251651
translation,159.47342939492785
translation,168.44405686214776
translation,120.67538893637833
translation,111.35571935494922
translation,101.53727064434554
translation,90.90996481136253
translation,77.84163629397582
translation,64.65924266445892
translation,53.4821311509562
translation,43.288486293633916
translation,44.10852229183951
translation,33.149563339874646
translation,33.406183992087
translation,22.73086616690033
translation,24.22931571858224
translation,13.735866459504772
translation,16.301813336677803
translation,5.651802090828084
translation,19.15331080906887
translation,6.16280404992623
translation,20.978327211269946
translation,5.182074064921707
translation,19.314372680499172
translation,5.100255637199056
translation,17.26735691321246
translation,5.0846410754334075
translation,24.770443665201707
translation,9.88827641379743
translation,2.1396646690211223
translation,20.339614226946882
translation,2.571571344742577
translation,4.6516699277505325
translation,14.1427862067942
translation,5.475378292884506
translation,9.11042987203349
translation,6.1352228909472935
translation,15.188777895493807
translation,14.861035037215633
translation,8.562702961487853
translation,2.452937332271811
translation,23.504988545859668
translation,20.400404849458013
translation,5.55692438011578
translation,2.364032783673375
translation,26.53929997443782
translation,23.36709104662274
translation,3.605279648118813
translation,10.911579637011208
translation,25.616833144931537
translation,29.032807332529117
translation,6.303500556835507
translation,22.68205825152438
translation,26.368711783417314
translation,41.81159307734026
translation,15.713430620759178
translation,42.97244753197596
translation,28.99472525997187
translation,54.516231972039634
translation,21.766607994233645
translation,48.07541501582561
translation,30.388386582012778
translation,61.13083398629181
translation,45.83982656381052
translation,48.55129028301558
translation,33.97365681759362
translation,66.2582719699497
translation,64.55684716385328
translation,49.9089502464596
translation,35.95850713418326
translation,72.35305860707092
translation,91.93938981846684
translation,56.254308367868454
translation,49.49585515636141
translation,77.38799361420757
translation,69.11374016412988
translation,59.20104617922634
translation,61.77119991237827
translation,82.2798896911603
translation,63.733287559523525
translation,50.408073832074756
translation,72.10055941134208
translation,85.47091151654558
translation,61.97259571715338
translation,47.824528817213576
translation,85.63372532109848
translation,91.77574574518245
translation,62.668595009683315
translation,45.189945061087755
translation,93.63368737151312
translation,95.04391551473822
translation,63.48555529817404
translation,43.1211499889704
translation,99.74496435289917
translation,92.36742962271701
translation,53.82889270356359
translation,43.146553831097165
translation,105.20839742841575
translation,89.77431672164025
translation,27.55783981925467
translation,36.65363818629294
translation,102.64665029820415
translation,79.72145705510425
translation,12.812840341279674
translation,23.97921509490819
translation,100.05294659852804
translation,75.4763296691542
translation,23.763477604041448
translation,122.10695497991973
translation,100.38425790998093
translation,80.39251199157609
translation,36.831900593413565
translation,172.1369248003221
translation,108.67807967265475
translation,98.55025482833157
translation,106.8213653247753
translation,151.2788746909255
translation,111.21058001368787
translation,119.26324979663369
translation,167.67210013124088
translation,139.41663759346588
translation,110.05317351550539
translation,164.18764561583322
translation,171.3395167889437
translation,138.56483910191437
translation,113.48892166945429
translation,131.73407576895306
translation,175.78900212099003
translation,131.00702015333107
translation,107.0711949520247
translation,114.84726772090374
translation,145.07664017198388
translation,123.4294028890095
translation,105.80646329753651
translation,107.31851622046506
translation,132.06603813881583
translation,120.00978523889468
translation,104.04815976896958
translation,103.87518668317252
translation,127.90829348634124
translation,117.62567908230565
translation,95.5358495138409
translation,96.91464858122089
translation,121.84269472844399
translation,116.68974763670991
translation,66.95222239108742
translation,82.1587822703869
translation,114.8513893538108
translation,107.86217415492641
translation,33.413394155743035
translation,73.9810186967589
translation,110.92737146476236
translation,90.73618382181935
translation,60.556614663248084
translation,73.75944691703042
translation,107.5570591261593
translation,56.17003757459054
translation,66.89279693319443
translation,76.82106270042796
translation,98.09732331713381
translation,8.948258450311991
translation,72.0263346963753
translation,80.33383846110056
translation,66.62227107760826
translation,35.203307131772306
translation,75.48251833042409
translation,80.05525597815685
translation,33.68030315054561
translation,43.63206732354731
translation,72.37598049623477
translation,76.3304449272027
translation,41.70833584958368
translation,46.76822506046756
translation,69.6002818242547
translation,72.20369507017247
translation,36.944532038390825
translation,46.55361934505159
translation,65.21953921996054
translation,67.1685543489987
translation,33.9752939523752
translation,54.459288643935324
translation,65.48856947237661
translation,68.43156340116582
translation,50.07257778464163
translation,64.80212455866906
translation,72.36641665961459
translation,73.66528689326803
translation,67.64108938853722
translation,72.48136112241399
translation,79.81965279459065
translation,79.80574665173563
translation,83.54669982943507
translation,82.87814717310994
translation,90.81112704621576
translation,89.70789776078443
translation,85.51567833701478
translation,89.29026148290399
translation,95.61605039860409
translation,94.19836537476786
translation,88.18838210280319
translation,92.3461268587446
translation,99.30839518053331
translation,97.64880652985578
translation,91.45935367685999
translation,97.51276265326493
translation,105.0107810237113
translation,104.30805904013037
translation,95.50258648249832
translation,101.06766719151862
translation,110.02924792151668
translation,110.96697988521514
translation,105.51459464160298
translation,105.4868802786282
translation,118.30633911387058
translation,107.02534592291897
translation,112.8807832774339
translation,117.39343661908123
translation,131.85321742760533
translation,92.9909366279173
translation,122.87992725886568
translation,131.0752609430062
translation,138.45526000928254
translation,73.96737115688155
translation,143.78361694214502
translation,151.23275723604954
translation,135.77790930701093
translation,57.73347835534978
translation,114.65286589047905
translation,129.5724020756626
translation,105.74763153632331
translation,52.35614437780417
translation,109.33323580746536
translation,120.40943948247552
translation,121.27000192326646
translation,59.32134408341443
translation,115.53226041233975
translation,102.40212641778598
translation,159.87169932568446
translation,53.482183234266266
translation,127.62843639503065
translation,97.82719412075295
translation,176.8537159194375
translation,50.31443521203692
translation,130.2795013410936
translation,105.2626655403936
translation,109.00809944367924
translation,58.93327983785392
translation,119.75675220829731
translation,77.81995535741451
translation,35.35793423688287
translation,41.31164214706936
translation,95.75331423186095
translation,78.05071555407211
translation,25.785026282981473
translation,19.50290506447936
translation,83.28093135926706
translation,69.01806648369453
translation,26.318707158442734
translation,11.175911707956761
translation,64.43468466464977
translation,54.06400162548759
translation,37.99208646255649
translation,13.195766461888377
translation,34.31485209529829
translation,57.367751598947905
translation,46.10066654093143
translation,20.017472101701948
translation,36.71618503981824
translation,104.69541096515644
translation,52.62463535997318
translation,30.603244079865906
translation,53.09838588708119
translation,115.33488940145757
translation,59.028363774745344
translation,33.273475176042226
translation,70.93137722498238
translation,79.78632806669802
translation,59.89382312828845
translation,33.36321804233261
translation,109.9895701168056
translation,56.21426554785892
translation,55.5604012950623
translation,37.77688972471356
translation,132.10411936819764
translation,48.15030360024109
translation,41.602377872425585
translation,39.60890982120473
translation,97.14015011987514
translation,49.54884107868568
translation,32.90428171537553
translation,26.155564756928054
translation,93.82861930637527
translation,60.15384285185012
translation,35.60917697400354
translation,28.96550979163147
translation,48.878001855220056
translation,61.67083007724544
translation,33.30653068714269
translation,23.100827823519946
translation,33.1316101813529
translation,51.01354601684331
translation,29.686907141564955
translation,19.66421581869153
translation,32.15205206042672
translation,42.2449602110105
translation,26.088293782876892
translation,18.56943952197467
translation,58.15731804433552
translation,65.72413296615267
translation,32.50215288367811
translation,21.81663011972513
translation,93.29535387883868
translation,82.13780613424204
translation,35.537489708988986
translation,13.716121354163057
translation,156.38191863598414
translation,49.480618913176976
translation,16.18725869863705
translation,3.784000453244604
translation,164.07389650344734
translation,48.701001435289584
translation,21.25875623047287
translation,6.170989000081778
translation,131.3885518042108
translation,38.34003784311247
translation,23.42195478553222
translation,14.29470248403476
translation,85.91390155195718
translation,37.30376083723743
translation,23.354284990170907
translation,19.57019919968267
translation,45.27838642487389
translation,32.72778722345572
translation,16.849935788851596
translation,21.10518032618384
translation,29.099528950148315
translation,17.71803934308445
translation,7.840745737818629
translation,22.94082678181429
translation,28.103949694354277
translation,20.08438278948066
translation,13.617113353983841
translation,31.156194323241532
translation,17.557896180623278
translation,25.641989091870443
translation,21.665791617583547
translation,35.23222101837668
translation,33.208043946356504
translation,20.498445464684714
translation,24.193798313731307
translation,36.77026187224036
translation,60.54319986498932
translation,21.42785921284653
translation,27.367822826975882
translation,38.92845653274233
translation,126.68811967103402
translation,22.48466785076595
translation,31.40634528996229
translation,41.63581661868231
translation,145.93037065378536
translation,23.675043967550653
translation,37.28524977863912
translation,43.60836396008622
translation,101.0516593277775
translation,23.564205049751664
translation,43.75235825500473
translation,43.52827163752983
translation,75.93972505128214
translation,18.490879140399965
translation,46.322640416709326
translation,40.21623550525995
translation,39.17743245587817
translation,18.62675267894095
translation,45.55920944525935
translation,37.47333770578425
translation,24.018213226112675
translation,29.966046882874913
translation,47.05022313564663
translation,39.59347626373538
translation,9.071522608727575
translation,32.653966778305744
translation,47.19825871585887
translation,41.94406371615969
translation,3.246009089451517
translation,35.141918963435955
translation,49.646114173984635
translation,49.40542977997357
translation,1.7601017839433775
translation,38.03552708509516
translation,52.09264965066882
translation,58.24866352564622
translation,36.31311347276632
translation,45.10919682026086
translation,54.9175941357683
translation,62.7486289605963
translation,52.325366730233604
translation,57.185063385243105
translation,57.53455582679477
translation,87.4780037096281
translation,63.29430456779891
translation,70.99451855940126
translation,59.21794270354751
translation,99.66642624553182
translation,58.96853877476268
translation,76.6403848715106
translation,59.99337638469204
translation,106.74306485398066
translation,66.27290457676614
translation,87.06399253981661
translation,61.75513615656161
translation,110.86123077633637
translation,91.8240068977719
translation,124.69799004800653
translation,70.07270044718162
translation,123.41235432760296
translation,143.5841457892383
translation,158.1381789728237
translation,78.38091009090179
translation,143.18370322832527
translation,168.1768680148891
translation,175.22535506585655
translation,91.63257290941506
translation,170.10733303324008
translation,143.9109345467172
translation,156.47270770104072
translation,108.69518525826089
translation,166.60511723158348
translation,134.0556315980744
translation,96.81609183251337
translation,113.91338272036612
translation,165.4187104751531
translation,140.05236719245124
translation,31.556663016423265
translation,117.19425507331776
translation,170.6379091161811
translation,156.05085128679386
translation,25.498499687010924
translation,125.16177947268459
translation,167.66997247845015
translation,67.1961044894797
translation,42.852499392327125
translation,125.39119843451532
translation,160.64386251869416
translation,18.53344648955986
translation,56.12322354735475
translation,131.5521051241905
translation,158.6116761956962
translation,10.83584033615939
translation,62.18338331813714
translation,145.21651281826
translation,152.28749164912884
translation,25.034417464659832
translation,72.09632971730834
translation,169.5370794651609
translation,155.69102393410896
translation,45.621891876585806
translation,92.71894983367453
translation,167.21874311871255
translation,161.14702922388787
translation,60.979738251532694
translation,106.54343092560471
translation,171.76325340630237
translation,167.2564115327942
translation,74.23567120483803
translation,109.88154427648782
translation,169.751777211353
translation,175.13875831047997
translation,74.32082060209186
translation,111.7293218506804
translation,166.67910239840987
translation,175.47245886014966
translation,103.93764703987806
translation,111.2552558854382
translation,164.22814536787257
translation,168.56407482076088
translation,98.09427245946789
translation,137.2977186979289
translation,158.9495897631897
translation,161.24141364642145
translation,90.47774248941685
translation,153.2467283754192
translation,152.9184914320542
translation,151.32011971362292
translation,95.04962417948475
translation,153.20820947613524
translation,147.2914291923972
translation,141.44590724676553
translation,83.4047630434066
translation,152.62284351310632
translation,139.11413846741766
translation,132.05195529538472
translation,123.07137111939879
translation,148.70442939469808
translation,131.48152272064544
translation,124.53735841102446
translation,168.77670120311666
translation,142.63811973628194
translation,125.48564979314393
translation,119.63649197088603
translation,167.85008601248157
translation,138.15542848438554
translation,125.28535349647595
translation,119.7754396849408
translation,158.22816373296158
translation,137.40634735415296
translation,127.48400589767222
translation,124.38875270874236
translation,158.75096873622445
translation,134.5271578259254
translation,128.14202108624977
translation,125.98514201277456
translation,174.92777666854158
translation,169.67773865286904
translation,168.02498536561365
translation,170.64806823274986
translation,174.52480683873603
translation,175.4033636904334
translation,177.3900024654416
translation,177.17119172373162
translation,169.4722619534194
translation,179.7007205382213
translation,176.19051233216317
translation,177.1685863810544
translation,172.94983368971558
translation,177.23337297042653
translation,173.83619203438494
translation,177.7440265355266
translation,173.09998002450885
translation,177.32952346191001
translation,174.924725926186
translation,178.37538458976482
translation,178.36551415729963
translation,176.45997386576568
translation,177.14938761167141
translation,174.56473039554294
translation,165.64465110717984
translation,178.2385698657475
translation,174.7038401428182
translation,174.81623425849895
translation,176.5723338750365
translation,174.41799851540225
translation,166.568223102425
translation,175.91247751426042
translation,173.15311294002348
translation,168.38201521914266
translation,177.0300900173251
translation,169.71285557441433
translation,163.7148216420165
translation,174.8617744698062
translation,177.37245668418583
translation,162.56835679046142
translation,171.42115012052918
translation,173.33425137099542
translation,170.16062563217045
translation,146.24632922088395
translation,172.64643774180527
translation,172.55002357584982
translation,168.64324563617478
translation,140.78030176662455
translation,170.54743401973255
translation,175.17881678699032
translation,169.90750834884113
translation,134.20925564859786
translation,175.86391867015826
translation,167.17374751124132
translation,158.2252653447332
translation,84.02129476568848
translation,157.61121397128827
translation,155.30723046382656
translation,138.66454560887456
translation,25.645884806135893
translation,133.92081690777323
translation,136.46161002310785
translation,105.46590295324269
translation,10.264341682584377
translation,124.1587961333158
translation,125.96792674607335
translation,61.50657550565239
translation,4.6267418570620515
translation,121.42066226131405
translation,106.10682812517474
translation,19.84240848277281
translation,7.9476398922606775
translation,115.42642740745129
translation,103.8640037276291
translation,9.30707889587602
translation,10.62675301106688
translation,167.79238336499503
translation,129.2541857157928
translation,5.637679652463237
translation,11.480839773574994
translation,139.46468746128414
translation,135.01575687156003
translation,1.2878867273162842
translation,9.77320197808756
translation,95.30362983718838
translation,2.07684403248271
translation,6.519215349411975
translation,106.24038644875394
translation,48.17047597754808
translation,4.62177377782653
translation,2.5707239497391114
translation,102.39207415271831
translation,24.71989837455266
translation,5.138449247914459
translation,0.32891018664211563
translation,92.82843319779636
translation,12.597732857285166
translation,4.433736731644518
translation,4.3389091433886
translation,97.01833089080843
translation,4.651551348468764
translation,4.475872062780771
translation,7.5432030901972436
translation,27.415601257305177
translation,2.837195200934821
translation,5.717871735493346
translation,6.875985631194616
translation,5.306513401331017
translation,2.6859370154066946
translation,7.780882143717488
translation,4.910736353481902
translation,8.45389952524998
translation,3.268991611323193
translation,8.962133828077068
translation,7.158547359175754
translation,15.136027167046313
translation,11.5113353692028
translation,10.02198702378912
translation,7.7460215059120054
translation,12.397528455344489
translation,17.312596905902534
translation,10.064422833266391
translation,0.9255415313305306
translation,10.197750402821596
translation,19.175834208283348
translation,8.033273540741705
translation,9.759409777764882
translation,15.484113493686081
translation,20.030482538794054
translation,5.71870278782496
translation,20.6324150929788
translation,16.586119991409948
translation,20.79951754683219
translation,6.484580737161729
translation,33.97463991681824
translation,29.057353951371425
translation,23.694524988984995
translation,4.865454838548845
translation,39.30776043448987
translation,30.41901204621724
translation,25.317215784210443
translation,7.365048719175352
translation,42.13611903766186
translation,31.535909016656383
translation,26.791821308434663
translation,12.090120681342258
translation,45.62172851537893
translation,26.779547127862962
translation,19.835492641592523
translation,12.942336970586128
translation,19.375766597937975
translation,7.251107924194102
translation,18.156957249512722
translation,41.54689030618094
translation,17.32183638720793
translation,11.500868404247347
translation,10.13796857668904
translation,44.73698785854149
translation,15.99537547122689
translation,42.03004801049777
translation,28.458687328515712
translation,53.46761872836836
translation,4.33076206195612
translation,68.09271196985732
translation,80.41631355512271
translation,53.48289174681896
translation,44.60422081469851
translation,88.54566158595986
translation,89.04187960999981
translation,68.44230598906061
translation,92.6004900246393
translation,104.21135980142977
translation,91.73550056949679
translation,82.4781501506277
translation,113.20304259639406
translation,112.5983999938637
translation,93.00200518532061
translation,93.21717417776888
translation,125.77524043403362
translation,111.84414714513441
translation,85.78868589937213
translation,82.80577286124557
translation,120.6503742231122
translation,107.04607280680601
translation,78.36307635350848
translation,65.4781862189012
translation,116.50405514937268
translation,90.64751450763977
translation,72.97512389836479
translation,47.118437821573146
translation,101.69555327701906
translation,78.41436748325012
translation,67.68568625411815
translation,21.33574018945309
translation,60.86420023077
translation,74.77825833080067
translation,54.65457874627809
translation,6.381285344211218
translation,55.5574666560671
translation,68.18248330508713
translation,55.562235330858954
translation,4.546262558327117
translation,60.67653271963763
translation,60.89465055344938
translation,53.0304121251551
translation,11.186225854883796
translation,63.18267120455378
translation,55.782824211226625
translation,53.06072985595123
translation,13.773159238335392
translation,61.033879473797384
translation,47.59349164700219
translation,45.740598278399055
translation,16.1104582981764
translation,49.79452500613964
translation,42.957783641708794
translation,32.78128190783057
translation,22.66063007472687
translation,38.44928586632381
translation,31.300510275299875
translation,6.987867496586362
translation,34.09452544810557
translation,12.376334285303159
translation,41.04926324332315
translation,46.89370071750048
translation,57.52038863637256
translation,61.71691657358144
translation,71.58910827833023
translation,61.708756263713866
translation,66.75566254120865
translation,88.23076537756829
translation,74.43639135548473
translation,64.09713508580184
translation,114.24549565118862
translation,99.81231882374017
translation,71.39077257312779
translation,61.7692193151939
translation,120.90952711146241
translation,73.43139278303919
translation,61.259697592919316
translation,56.0474902084053
translation,154.2186836282304
translation,30.398579925701206
translation,42.4154103834095
translation,44.83162326244618
translation,75.35185240008396
translation,22.06637951899325
translation,32.08372975539816
translation,34.64690648807716
translation,40.910037505105414
translation,35.562939363063286
translation,27.210561146855994
translation,28.438676650738376
translation,65.35700916063195
translation,35.30768926444633
translation,22.436490059159592
translation,20.050103169379565
translation,44.713890771422136
translation,25.949795995110986
translation,15.687713321889271
translation,13.034091786164511
translation,36.09574786068749
translation,17.828076481939625
translation,9.003332976250041
translation,7.86231731006264
translation,18.73787431851225
translation,6.2024180566282165
translation,2.6032325818474265
translation,6.22932028269723
translation,11.067258214989145
translation,8.698636911047114
translation,9.34618167575034
translation,5.916111386015908
translation,15.015940170098961
translation,17.37142171656783
translation,14.367917243317478
translation,8.15913860386457
translation,15.04111767907645
translation,26.886444465788884
translation,22.09845698765582
translation,12.337264817991121
translation,30.98228132861264
translation,38.96243893343036
translation,36.948896093642965
translation,22.141105359139775
translation,48.84019281335548
translation,45.68550594488336
translation,48.39716362467487
translation,30.213285958171515
translation,61.333625946607064
translation,51.43181015550538
translation,55.98725076233032
translation,31.072897306339296
translation,68.96547079289816
translation,56.91217109690363
translation,63.018568494934016
translation,32.71885922638854
translation,61.385249562503525
translation,53.94946210551739
translation,52.956685140499744
translation,22.34415510565828
translation,35.36916390484583
translation,42.960765926569074
translation,30.474897782841673
translation,14.146729286102667
translation,13.41873127493804
translation,5.011943847511642
translation,17.993273284568243
translation,31.106863398701936
translation,81.75216849406357
translation,96.9416019715682
translation,53.48008194075895
translation,54.83289871157012
translation,95.37085004916966
translation,116.18128975921246
translation,59.74053775727199
translation,54.77612519486103
translation,115.34781694658635
translation,128.5547249075299
translation,56.67047944742997
translation,47.54961208102304
translation,165.377990050788
translation,107.56787487821529
translation,55.7747791172368
translation,37.16855134540409
translation,137.43684946249562
translation,96.01979355899606
translation,52.999708854853665
translation,31.544582198437215
translation,107.37769289183196
translation,64.03882373610584
translation,52.249622588290315
translation,37.63763305313562
translation,81.17361037356565
translation,40.597729939912135
translation,46.021717848722766
translation,37.71262027563442
translation,61.0805567962496
translation,30.323013086896527
translation,37.415820451640236
translation,31.222979422062426
translation,50.681407845585944
translation,28.530903528699216
translation,37.84895084664467
translation,29.14676679203901
translation,8.626435793658397
translation,45.76022902466213
translation,42.75449284931242
translation,31.677831016463664
translation,53.319986955848215
translation,57.7282009652303
translation,48.798684828525595
translation,37.69696103090512
translation,61.86536629045037
translation,64.03353892418274
translation,44.68860803273306
translation,39.31442053589642
translation,54.004296574808144
translation,67.48518533078696
translation,43.17365943037648
translation,46.02063535486318
translation,60.757329186953115
translation,68.42940081899172
translation,46.279324896573094
translation,50.80556200816655
translation,62.82438443257385
translation,62.144626799080406
translation,44.31005791411841
translation,71.11751716769446
translation,68.9175447157503
translation,50.470621740446774
translation,38.69535974105424
translation,82.33450353983459
translation,89.9730426066905
translation,60.76814489142381
translation,38.75353760802822
translation,109.89466900582431
translation,84.8513772123014
translation,56.49730956259005
translation,36.188196093931005
translation,125.746249283947
translation,66.72970960241136
translation,58.99388286854806
translation,43.90579643743887
translation,157.5107569492406
translation,63.55762761242399
translation,49.453594334602776
translation,45.526656004100374
translation,159.2651100124005
translation,58.60513294734207
translation,42.60113237553698
translation,46.98453152938045
translation,152.38057846925204
translation,52.92185066161023
translation,45.63358565706627
translation,55.55132702978182
translation,164.0665750793658
translation,43.631612218485635
translation,41.45060284304221
translation,82.15096821058934
translation,132.8273687635328
translation,42.88142625717689
translation,37.19594025296639
translation,118.54699881631824
translation,125.78411363735145
translation,34.27738999590426
translation,31.10463358658005
translation,144.4438282650934
translation,123.94843034240809
translation,39.284168517810734
translation,21.385389043563382
translation,143.03499123842238
translation,129.61896788154303
translation,41.88520507041532
translation,24.98151132640568
translation,134.65174807075022
translation,116.61171166017282
translation,38.650778804615726
translation,49.49966105682851
translation,127.3168745930674
translation,106.69017560635123
translation,21.608706334557937
translation,140.95059402047886
translation,128.3453428783987
translation,100.46882867184674
translation,27.235339188899943
translation,147.18313493874425
translation,127.55011833570835
translation,87.66695735087707
translation,68.45806493162335
translation,149.45683616235345
translation,128.91576606035227
translation,88.699111346116
translation,135.81381068508526
translation,152.61736408197189
translation,131.8310340650544
translation,90.57479737204451
translation,155.96314246822305
translation,151.01027664757896
translation,133.62048357983386
translation,93.90821335403753
translation,163.30073216153548
translation,148.42778514232373
translation,137.047765643043
translation,96.03063984981527
translation,160.79939908129
translation,134.45077150163723
translation,126.63654976696724
translation,103.3573581609007
translation,155.6157202387155
translation,130.17545057579838
translation,112.02955388519692
translation,105.75754258201044
translation,139.55991817945886
translation,125.65117889960696
translation,98.94091336942367
translation,109.81639884734518
translation,127.38969774697854
translation,120.50391575861674
translation,80.7737792542638
translation,112.27772210306347
translation,108.17157333240972
translation,113.02243304225236
translation,70.96834790224176
translation,110.97436350385911
translation,97.67932546192337
translation,104.48696271059742
translation,68.60236641300727
translation,104.93424057590762
translation,87.31244384623768
translation,91.36044836311537
translation,66.83428436519641
translation,113.74376257017546
translation,80.59100472418335
translation,102.69592010040081
translation,66.52634875046681
translation,117.98252476214267
translation,79.82666351539264
translation,77.89456301537484
translation,64.26472851218715
translation,117.79904918696772
translation,96.40487256954326
translation,66.77279378721448
translation,66.23775108798728
translation,152.1895427117082
translation,139.90419237852402
translation,57.16088618249209
translation,54.174758121717325
translation,155.0124527857579
translation,83.96056284340979
translation,59.57787206592761
translation,53.49079430117
translation,114.90620357969195
translation,67.71016115072179
translation,63.96978369095634
translation,81.66669575171053
translation,95.01574329922468
translation,67.45382053363174
translation,65.1312986499599
translation,109.65654306209932
translation,84.06169276814501
translation,64.09652505228036
translation,66.44700281808048
translation,138.32908826396493
translation,76.81579492735594
translation,59.421669762952845
translation,61.184326587889714
translation,168.30314772055183
translation,66.03884229644012
translation,66.34728996626272
translation,65.09305004214943
translation,154.24351953176276
translation,63.58570866994755
translation,76.85246911179105
translation,79.93252016759355
translation,144.49503478110458
translation,82.18261923924696
translation,85.88601567151537
translation,100.7894665435234
translation,138.08364657992232
translation,103.45360111060057
translation,125.23551045355693
translation,93.56781179019728
translation,131.9438740584538
translation,114.36740221476786
translation,106.72963949576989
translation,98.00124496906429
translation,129.29198206761944
translation,107.17478753676347
translation,103.92318053623482
translation,102.01640596556983
translation,113.27474652497988
translation,105.02233871153626
translation,99.69845217409927
translation,113.35707522391219
translation,114.86787098781612
translation,101.24426715264147
translation,97.98297470360839
translation,120.07735997557286
translation,99.24445813878316
translation,81.67082282676196
translation,101.68016785650248
translation,128.76151630679354
translation,91.09735196614632
translation,64.33511120888645
translation,107.0523497599405
translation,137.3398461223152
translation,71.471843819955
translation,46.46014963194588
translation,148.53178372689896
translation,141.40200953248862
translation,73.91747857177258
translation,85.7423010667182
translation,152.5124612021364
translation,106.9303393302232
translation,76.28379818947951
translation,82.16936066065036
translation,119.64284128568656
translation,87.42443263663954
translation,70.89780261475181
translation,91.86832955606575
translation,113.20373081410332
translation,74.61962409825038
translation,65.0007032813861
translation,92.28951657965032
translation,91.21217925437645
translation,61.14051207884302
translation,51.34488461312576
translation,84.10223550098993
translation,79.50088388800772
translation,52.29719566944192
translation,46.33463696001958
translation,83.23954516070613
translation,69.85584794183468
translation,52.1772344864499
translation,33.05847498506082
translation,77.33036710725179
translation,53.14724245350325
translation,45.47713800495858
translation,30.77351038417644
translation,33.504552089544475
translation,36.346451524899706
translation,38.69564301668033
translation,49.423157402954274
translation,15.257135812571637
translation,36.20969750899331
translation,41.03123659930638
translation,82.63298849702396
translation,8.728117101520608
translation,36.71799919351292
translation,45.998437870719094
translation,108.04854114140586
translation,13.416823682314101
translation,60.850562257033324
translation,52.225540512695325
translation,135.0998252339217
translation,23.69376915139905
translation,67.13497724457727
translation,17.442100036894963
translation,139.0731445348655
translation,15.579789535992848
translation,111.05989581908467
translation,69.58794212485154
translation,140.54295435902358
translation,17.347238224043757
translation,88.54330089408587
translation,48.45498417367372
translation,122.4089852199083
translation,24.475425273164205
translation,43.714332639865965
translation,61.566001853389615
translation,66.53481859394492
translation,22.80281623817713
translation,68.66091032593818
translation,103.591646926824
translation,72.55548655014503
translation,3.6746009248182516
translation,61.431761349572234
translation,122.1842585794451
translation,64.37255791115587
translation,23.606797391028056
translation,57.53326767905402
translation,130.6418318009222
translation,42.533813290791564
translation,73.80195700066089
translation,68.77194108829156
translation,138.82491758460122
translation,22.606142899334984
translation,78.93706911587448
translation,132.80560103799465
translation,144.89903962086734
translation,22.37472504686746
translation,87.65673830982735
translation,132.968552437825
translation,150.88580443397697
translation,32.72250688689604
translation,91.36702847305523
translation,134.63711900039226
translation,148.192153820528
translation,30.53252507203065
translation,98.01137697348676
translation,136.17333985569007
translation,117.69876644268086
translation,29.567443251182457
translation,97.65337609254601
translation,140.09622109486435
translation,63.349899944160974
translation,29.457577783076026
translation,82.81243502814299
translation,93.35509082533144
translation,54.606827333925104
translation,17.861402462874445
translation,9.084614885508067
translation,57.57778061091016
translation,46.48541787399285
translation,22.053118974477897
translation,35.53192927750997
translation,50.184137275332425
translation,37.64791835842668
translation,38.67702348613005
translation,43.24744288216439
translation,52.13152818912094
translation,34.31225612721934
translation,53.325007533188646
translation,82.5989950992807
translation,42.31008061346229
translation,33.43622480470235
translation,60.24011757595457
translation,91.68469618312406
translation,27.743523251816804
translation,23.361383154832517
translation,82.25202598003466
translation,129.0460516644912
translation,5.5909133328358624
translation,15.818895362241506
translation,95.47294928092339
translation,139.29927438422
translation,24.254728574790132
translation,49.40811443297799
translation,97.37935533894917
translation,109.29988579078137
translation,30.84239909302011
translation,74.780002467942
translation,108.15400728719762
translation,97.42256361385525
translation,27.2589912533533
translation,95.08989053400865
translation,145.46161991454406
translation,103.20915335691117
translation,30.596801759851232
translation,100.39234232560493
translation,176.09759344708738
translation,102.89951415641517
translation,94.47869108308022
translation,110.07188444510696
translation,174.69348477129293
translation,104.43988449416297
translation,118.99066636943063
translation,122.59330775930131
translation,174.0930698256228
translation,112.65679625991463
translation,118.81811745527396
translation,129.03659210570137
translation,177.18163860096632
translation,110.41472504931843
translation,115.79797826541324
translation,134.19754265649917
translation,171.5708595603632
translation,108.22604833948618
translation,114.63800042800536
translation,147.1688043320412
translation,154.62040029264605
translation,98.46528562358998
translation,121.11615145352997
translation,125.38095943273038
translation,125.56939769054244
translation,58.617469541381176
translation,164.8733298792679
translation,108.2606533080635
translation,110.49526409780839
translation,71.01298671989188
translation,126.16388346377393
translation,109.13281484439608
translation,91.82223337765417
translation,73.31291680902966
translation,102.11291051717747
translation,110.08819600057913
translation,69.88760002448554
translation,65.61809286587165
translation,90.61545629419837
translation,110.30741570618115
translation,55.0784250187899
translation,44.12034549841437
translation,100.50365266855198
translation,107.56977071696414
translation,46.03145868770301
translation,25.441793416931585
translation,109.65262906757187
translation,108.44056725425244
translation,41.50665778143549
translation,18.811454521599515
translation,117.30378609554836
translation,120.50700140714625
translation,31.80048257509523
translation,4.407196553072421
translation,128.20933785990456
translation,79.40484620917069
translation,34.729325339837565
translation,24.852588044139107
translation,133.43688329561633
translation,68.71377157023436
translation,28.860136784742156
translation,21.5289447620724
translation,95.7550008720668
translation,56.82473987219269
translation,19.985043646711325
translation,17.195133594619765
translation,62.115443865358
translation,44.704262309728755
translation,26.87528375636676
translation,12.767870013187684
translation,54.461444281324155
translation,37.1101827759339
translation,31.625962762776894
translation,8.270265549812027
translation,51.14510231351353
translation,25.626164321275734
translation,30.821147041063757
translation,8.294590852287735
translation,40.15748143465998
translation,13.274565604931643
translation,25.179100706675985
translation,11.540664579974065
translation,30.78107482331467
translation,27.11049031992267
translation,15.964148786595196
translation,20.397536986044532
translation,42.3265654564715
translation,51.342535069432216
translation,31.630141829800216
translation,28.170215228557975
translation,40.77886629019528
translation,58.7434076107268
translation,50.88546918843261
translation,14.990706982857548
translation,54.125617464972734
translation,62.50489020410665
translation,70.28839103689192
translation,31.91203381727781
translation,73.17040120672938
translation,60.50031221081159
translation,94.2369745564547
translation,44.97363458023587
translation,78.8748093633237
translation,46.2535732253927
translation,107.7753997901231
translation,29.96772280873028
translation,108.78353023797102
translation,54.851163755454984
translation,126.29505283459173
translation,36.04634976608013
translation,98.22702599028231
translation,72.92016914598511
translation,135.62910753431763
translation,28.947512634845378
translation,78.79008357373301
translation,79.3679151450935
translation,110.30617844269425
translation,28.369227138124174
translation,70.13166714587702
translation,86.56475280454976
translation,81.85071074451155
translation,30.517219685904067
translation,59.11861490822276
translation,87.16269241129156
translation,84.65243655539243
translation,31.590934566370848
translation,73.54701512146602
translation,117.14580890368428
translation,79.18198696598658
translation,39.53705674361728
translation,86.43744225284306
translation,122.77434113542846
translation,56.100667932994455
translation,46.70106297148487
translation,124.6324862108446
translation,121.36197544497253
translation,27.827532346622945
translation,102.57075936145334
translation,124.1443513480345
translation,125.87236630441735
translation,36.163803242435094
translation,94.84131773737725
translation,114.13494801611195
translation,120.1094469518255
translation,23.681326452787726
translation,74.74524119449369
translation,118.7356539670143
translation,116.24960653834846
translation,11.288248976503292
translation,72.3769202717218
translation,121.97255587009005
translation,94.56182903360336
translation,12.751801862793362
translation,68.41578436487318
translation,82.15936159060293
translation,22.42547544980592
translation,62.538216734068904
translation,68.12920099938441
translation,34.392298482714885
translation,61.618839044950384
translation,51.86945583470326
translation,47.96079611765552
translation,50.661546721709065
translation,46.56276026028471
translation,41.0047901608209
translation,34.46035001786404
translation,39.419030609090356
translation,22.27608375510727
translation,20.88820393203921
translation,49.14253550427804
translation,28.240292582951213
translation,41.95492622822234
translation,15.571124087243351
translation,53.721078110135394
translation,18.475616581098542
translation,63.138131680153975
translation,23.828347226147752
translation,32.76932622227676
translation,8.901751787084125
translation,68.76311791795239
translation,33.09127316269385
translation,3.8376548385550526
translation,6.620625452060858
translation,66.37374294999172
translation,25.95026179499748
translation,25.281060623107134
translation,27.17526470967407
translation,69.29091161868092
translation,34.19397273965909
translation,28.31182316294045
translation,98.1897956095617
translation,71.7335850211664
translation,31.780926322107693
translation,11.54942642690277
translation,119.77265273211019
translation,69.33046396824142
translation,10.548584561438888
translation,91.59277501421973
translation,104.4065028908976
translation,65.22632983447146
translation,13.317085416921383
translation,146.72218799353993
translation,97.03280304533264
translation,72.56679204960977
translation,21.379620557557
translation,162.3363248594796
translation,93.68829440518306
translation,102.36708597004218
translation,17.847338712757487
translation,147.2388023859061
translation,90.3961136320578
translation,140.00913281174107
translation,46.05703641476065
translation,116.32540825827824
translation,79.53395142212037
translation,87.0303892549004
translation,55.06238736891797
translation,82.6554849136331
translation,70.029448135047
translation,47.77580164660921
translation,55.65170616857817
translation,61.31672168684634
translation,58.28241975682636
translation,27.464068138736355
translation,49.09993002177965
translation,53.540054576792976
translation,44.384601015393194
translation,29.656852207910596
translation,24.041415962233934
translation,54.37019064731374
translation,15.799242447946744
translation,48.08857307752999
translation,24.98856422229868
translation,60.756377608161316
translation,72.76793769725
translation,60.97167229460015
translation,63.097081359531295
translation,51.46627401037998
translation,94.33886845862013
translation,68.98891879903383
translation,75.04513936606375
translation,82.23975004251517
translation,98.35004059791416
translation,83.33791716974905
translation,77.174194660715
translation,100.72440314051737
translation,99.8463235186767
translation,103.02994252365234
translation,78.70766494740741
translation,100.49130925878993
translation,94.2456753377865
translation,108.86121598091874
translation,75.98525876692743
translation,101.82720666699846
translation,90.05418759253264
translation,108.64091090629213
translation,73.72621443939393
translation,102.01910424876256
translation,88.0886989759307
translation,105.4271073017631
translation,66.92098402313661
translation,98.92016882523407
translation,78.36708329407205
translation,89.18045072418263
translation,18.358287373953086
translation,31.828197400570257
translation,45.85049995224227
translation,22.066710654097637
translation,71.87172647499571
translation,36.22989641158667
translation,94.11961258590344
translation,49.95299045486924
translation,105.51049051845212
translation,61.62866632402498
translation,119.07477803105385
translation,71.07601046235894
translation,108.9494485159219
translation,74.19342871821662
translation,83.00086656970356
translation,88.51018788351011
translation,58.77946032525843
translation,107.61597366911433
translation,52.404522294982385
translation,66.78497495483052
translation,118.15922304629512
translation,38.797197024037814
translation,39.68203701834368
translation,170.00214640026104
translation,13.902712101959985
translation,23.071045140243196
translation,153.0503290929002
translation,2.5907248546791775
translation,20.987266736834975
translation,68.41223682881093
translation,7.73454408119506
translation,30.367589103932843
translation,13.124875641462694
translation,15.345993616949839
translation,5.842569659802804
translation,28.28253268458269
translation,24.543418459533594
translation,23.390782314080113
translation,1.5567470891510695
translation,5.128658296886896
translation,64.14474118893179
translation,31.129521465645126
translation,1.4775794710282237
translation,38.7223412842117
translation,106.9750226041317
translation,33.626095284830726
translation,5.796461472804627
translation,86.06896481354133
translation,149.08550811730504
translation,27.148429119256456
translation,49.79624732018412
translation,112.09740490245241
translation,162.81814817748113
translation,23.563297734856
translation,178.0389051188837
translation,135.97610812323975
translation,171.44603899408082
translation,13.137845964193097
translation,167.89376821035484
translation,153.76961986528724
translation,170.90752948392193
translation,8.213861627413863
translation,152.35005252633607
translation,175.83173166096466
translation,139.06873982224775
translation,17.816291446425943
translation,143.59574505232635
translation,158.38771054094087
translation,29.499954673873905
translation,32.018675018337724
translation,120.34208484182949
translation,158.28578065231204
translation,25.58965869500725
translation,39.25367611008205
translation,35.43471239781766
translation,141.7817864361142
translation,22.873222261419507
translation,39.55581722583349
translation,6.783395848601587
translation,25.40195986809312
translation,13.929555444967844
translation,29.3126788329908
translation,7.350192314230165
translation,26.383505283379485
translation,9.538366292271522
translation,18.91962797428396
translation,10.051303937810996
translation,20.23823104081798
translation,6.8229286120853665
translation,27.96441177216681
translation,14.198800914088851
translation,10.198189978583889
translation,3.292163786549008
translation,68.35255476966883
translation,11.408504626378882
translation,2.4273149657534585
translation,17.766029962324378
translation,107.61912010351882
translation,6.571356499220321
translation,31.114540830005335
translation,75.62210560956383
translation,108.08318449591877
translation,0.7104261624246921
translation,58.01653320143007
translation,117.0161960408091
translation,83.5528957441067
translation,44.2996871343043
translation,79.12072628580447
translation,138.273366508041
translation,66.60317510421412
translation,84.59545419514608
translation,141.51240768384775
translation,156.30497073192225
translation,61.610963809595106
translation,126.8233561632152
translation,165.5437540107019
translation,170.92328750259477
translation,20.992549542085925
translation,151.5929401881989
translation,165.02240608330195
translation,172.3642101491692
translation,56.88099607517972
translation,140.0355071127116
translation,165.86562600516638
translation,174.79946597420934
translation,68.12534125301976
translation,131.06440101918076
translation,157.96765090444967
translation,173.85982044118825
translation,52.15645656433574
translation,108.8735716896654
translation,169.16428947231648
translation,170.6677920496695
translation,44.948351588529206
translation,104.86158008787568
translation,173.16592455343442
translation,28.440180456875765
translation,39.79195193870494
translation,91.57136812329655
translation,169.60650139767628
translation,23.437811129447592
translation,30.59668124710102
translation,55.06057409546682
translation,123.735435492237
translation,21.592797937934304
translation,20.64631871899375
translation,39.76618650202647
translation,18.2016517493427
translation,19.33100792325615
translation,7.239940143588623
translation,27.520708224618446
translation,23.391257787272394
translation,28.780994913840274
translation,6.604634313194267
translation,29.054126629794993
translation,22.61469908962643
translation,29.76089736471342
translation,15.637559660089515
translation,23.86007931631573
translation,15.383027957567684
translation,29.5445437474575
translation,28.313103203025047
translation,15.902747202807328
translation,12.7019802731921
translation,32.07478190482686
translation,49.316804120126044
translation,12.677346325304264
translation,48.874009597093945
translation,68.38493057833323
translation,142.99971806278594
translation,150.78161920138376
translation,88.7208616770595
translation,149.46334226296787
translation,148.0071473864336
translation,150.2695245966206
translation,112.1829051232617
translation,158.52272730249751
translation,169.47250153661687
translation,148.15117574554634
translation,128.46933937501115
translation,153.35525246154612
translation,170.28280732139172
translation,140.04290981343757
translation,134.5794264961359
translation,131.2721380980069
translation,134.72406930931402
translation,126.00581057249225
translation,129.804835213111
translation,121.8827900967973
translation,97.6084925014849
translation,118.0052151436888
translation,122.28799307284089
translation,112.9450179071755
translation,74.62241904170448
translation,111.38001123324297
translation,126.2234018530238
translation,120.84235566531
translation,98.70875679730288
translation,106.09698499295625
translation,117.14431275113887
translation,133.9690887654174
translation,130.85652565026024
translation,99.16892649734027
translation,111.16451658473181
translation,151.02818886328515
translation,135.13437129316497
translation,77.04671939998583
translation,114.30057344839706
translation,120.90629240390489
translation,127.39613011503891
translation,52.150331638248566
translation,130.69670064547566
translation,48.24699778151572
translation,44.19486295247276
translation,30.055027662538368
translation,95.93758143675049
translation,51.213415503411156
translation,40.03061700979298
translation,17.950567539143496
translation,99.26331412476554
translation,57.466179603615345
translation,70.92155675170882
translation,8.930207821759089
translation,97.11153924291972
translation,58.264898937225844
translation,2.686169278964532
translation,75.50131929393791
translation,55.39516797718579
translation,59.68234308280666
translation,10.587606878186534
translation,44.78374984262105
translation,56.76291111845567
translation,39.961789088815934
translation,15.16923263328797
translation,17.757604800707142
translation,88.10286762697508
translation,54.454319241802274
translation,39.54196205113136
translation,13.829552258057127
translation,98.4211277120604
translation,50.119004220185666
translation,50.13874805109826
translation,118.19921257440508
translation,94.08873643043762
translation,48.64168935349556
translation,58.35071377287062
translation,136.43284021181444
translation,113.9764088960143
translation,61.09376133907647
translation,66.96694312270805
translation,143.33062982121342
translation,119.14845517716401
translation,67.81237524571917
translation,62.79638032706356
translation,141.1489912310611
translation,115.12298964055611
translation,67.14360465456767
translation,55.17557293420111
translation,118.72408809453934
translation,97.55094354690576
translation,50.05919338679827
translation,40.44235336607127
translation,60.15458176321216
translation,52.19046514549587
translation,30.954156826221123
translation,23.169543307989464
translation,57.556478320793985
translation,40.439440852138226
translation,23.853315223827163
translation,14.27547523335863
translation,62.10467641906163
translation,27.44239590932026
translation,21.382757380652105
translation,6.2592722601900945
translation,76.03407979884096
translation,25.681812668623024
translation,30.778625788195928
translation,4.730184874240389
translation,46.99740995540397
translation,24.25409311186629
translation,21.56738803987084
translation,7.138727983273592
translation,46.55926748119829
translation,20.595898295332816
translation,11.265612417774395
translation,24.41620801956481
translation,20.870873812450146
translation,3.83955822959299
translation,2.636372316344467
translation,25.187611678601918
translation,15.80130851546259
translation,13.364134333071332
translation,12.616971697234275
translation,28.293416854691046
translation,15.405987537655943
translation,20.752569036362058
translation,22.102286523364345
translation,26.725042259826964
translation,25.791841936307645
translation,64.71905666855199
translation,35.225239856511
translation,32.98695331048736
translation,61.15055425423704
translation,121.47468821074212
translation,46.65666113525931
translation,29.962136845253116
translation,92.33843390369725
translation,150.22334061332256
translation,73.77891342330284
translation,31.08903420090352
translation,100.73448528587335
translation,130.82270251375255
translation,87.64288707659604
translation,7.4724103991188615
translation,135.0492474414296
translation,70.4310363877041
translation,88.2332957557892
translation,26.974263373006092
translation,150.4285343243805
translation,20.350600413542313
translation,81.25958465548841
translation,58.30047544271676
translation,132.93816898714485
translation,15.174109503319224
translation,67.82033908447652
translation,74.90487947305117
translation,106.547605013719
translation,27.160494204183763
translation,40.93437120492455
translation,77.67940504512876
translation,21.195523556642822
translation,19.262563802486
translation,18.352810621719193
translation,76.06496223575199
translation,29.086496319378167
translation,23.609537962834928
translation,17.61511914492603
translation,70.379680466987
translation,39.558777916617835
translation,38.44386475317155
translation,21.086150728059142
translation,70.0540536690328
translation,46.67577650676087
translation,63.518346385095015
translation,21.552940978908325
translation,69.23777227947772
translation,37.924641327277705
translation,97.82963274610152
translation,31.401466880681852
translation,65.64782287044707
translation,66.72902403538721
translation,108.7538800856532
translation,83.6222255956348
translation,48.36410847487783
translation,100.73375601561061
translation,101.27557188030217
translation,96.8752956764518
translation,17.671490907139997
translation,118.25717150570134
translation,91.22692155943308
translation,97.91415043805715
translation,45.3218606584832
translation,129.4192344018716
translation,37.30450919869018
translation,101.16612693892588
translation,50.52356790423333
translation,134.37517170252113
translation,68.30463468961537
translation,89.78983413675222
translation,36.42474962804072
translation,88.73363884146352
translation,66.59032231886349
translation,81.52152163203837
translation,21.477452663546135
translation,50.59449703686918
translation,57.79088063642805
translation,71.65089640328704
translation,17.603183448916415
translation,50.42452725831767
translation,54.95879773369299
translation,54.34008595958214
translation,24.11443499446469
translation,53.87208997177144
translation,58.68939543290471
translation,21.280785675894997
translation,40.24386464261431
translation,67.71986913051019
translation,89.52163860557708
translation,23.17025333193727
translation,56.40296371438058
translation,81.71662588634263
translation,100.32324554518567
translation,49.108991041119864
translation,69.60192806868473
translation,112.21384274754406
translation,104.11370513270005
translation,51.281493907928436
translation,71.3817162249564
translation,110.36800722561054
translation,94.0332531386709
translation,28.332392346444333
translation,55.606897724456864
translation,101.19091399305317
translation,89.31361018907722
translation,6.903598984989678
translation,46.230641928576965
translation,101.08966241291571
translation,87.33651485745673
translation,38.95324609924194
translation,38.56454129568542
translation,100.31320477660815
translation,80.75595948114567
translation,51.56110741582004
translation,25.82366432228032
translation,90.2130100271648
translation,49.06398509927725
translation,59.17433869961795
translation,18.698546884304797
translation,82.82860872938053
translation,34.41867218559831
translation,56.536937339685686
translation,6.456459516569791
translation,69.81544041372464
translation,56.92972269244795
translation,34.50547927342267
translation,14.377994657466274
translation,1.3942970569078033
translation,60.226045600708176
translation,35.297556754862924
translation,27.21668744544683
translation,61.78414111104358
translation,61.67967337989062
translation,44.235976062830666
translation,42.936354037013885
translation,72.61994366001888
translation,61.02965385892961
translation,46.34607683611867
translation,65.17745367878882
translation,74.92150201241465
translation,58.94250629967356
translation,40.835566049886765
translation,78.89385160776699
translation,75.3045312035202
translation,48.95622216386425
translation,33.04380182587532
translation,95.71775009080454
translation,66.66259977434446
translation,72.66854864310636
translation,11.905296034903538
translation,122.53071401519306
translation,23.409308179933717
translation,95.86691539972256
translation,24.296545725598957
translation,145.98291480006338
translation,83.54589753285147
translation,104.28053109258741
translation,53.19855357916999
translation,163.2420335844762
translation,95.22777167686262
translation,104.80809048564387
translation,64.48967498517298
translation,158.00668779333054
translation,102.09210635186302
translation,98.79085688714957
translation,87.88677687359011
translation,163.14439867145754
translation,114.28289794268242
translation,89.01397453176091
translation,143.23134619467763
translation,140.4564961652673
translation,132.93665891480632
translation,40.74371933866038
translation,145.57162061406544
translation,112.5348100473397
translation,162.8495984494677
translation,24.948721495010748
translation,128.7403194055249
translation,102.53828806957496
translation,56.426525751459046
translation,34.54571895440985
translation,115.92712562517018
translation,96.03481729069573
translation,31.578736177783927
translation,36.01078627562037
translation,104.09691564304055
translation,86.60366067198301
translation,22.211347871854297
translation,28.83905872976108
translation,90.78112123971978
translation,58.74406710213686
translation,16.915353066588175
translation,29.553085991668862
translation,87.68050685757666
translation,29.042792077792992
translation,27.525993029236215
translation,62.25117893900268
translation,97.37741860550261
translation,23.092528798254694
translation,47.38248583543365
translation,116.77607674405718
translation,109.25623976427966
translation,71.55559707096916
translation,84.86900548413625
translation,142.94755184628966
translation,121.53182208373377
translation,89.3011021724856
translation,142.09466598887593
translation,156.0923397194821
translation,137.33722751069644
translation,87.0388470766242
translation,154.17680014543535
translation,151.56234093726925
translation,147.66106006108348
translation,83.72891525275472
translation,158.46160238975372
translation,90.79343918338297
translation,99.70082796498293
translation,122.32058455020656
translation,161.86551262132355
translation,146.4815384785098
translation,52.17204492672473
translation,94.74305986176596
translation,44.06960841824312
translation,73.88039164580113
translation,42.70362957023811
translation,28.521942561563332
translation,46.99164480274668
translation,14.767513457704755
translation,53.6845608809427
translation,10.424315270637516
translation,64.1088431664046
translation,21.685563843487383
translation,78.98693846848239
translation,27.44845476068121
translation,100.91257082340898
translation,27.53299796527307
translation,59.70517659209188
translation,144.4803562398134
translation,25.640020561328356
translation,54.18772557258519
translation,15.292869043049125
translation,16.910038516967568
translation,48.23765269896291
translation,51.00475205715532
translation,2.6515399493573644
translation,48.07495067625182
translation,22.200764876138237
translation,11.239266205260803
translation,47.341625675901135
translation,52.994943347845236
translation,21.32740834792638
translation,26.758869605049604
translation,53.454118832796155
translation,102.84213490410741
translation,26.90415950947935
translation,51.9916254391833
translation,61.75831633129861
translation,143.4482157275652
translation,36.03244852855567
translation,70.43722119508001
translation,72.60498675616147
translation,133.09515138222685
translation,51.720697133474005
translation,80.25712037792695
translation,136.1663268380292
translation,128.60422461844547
translation,70.81114656212738
translation,85.97849782283832
translation,142.33226731026312
translation,123.45847765008412
translation,79.85699220180635
translation,87.57773857353605
translation,136.97501528523844
translation,114.4918045093231
translation,77.67028495626785
translation,80.7636996855261
translation,129.5838301441751
translation,97.43511940966494
translation,68.71943176210532
translation,67.44231146536083
translation,124.06758300351068
translation,72.66838905754905
translation,62.4062114940305
translation,53.334526531812045
translation,104.85784974971415
translation,34.718144885863296
translation,52.071317943335394
translation,25.312188664393148
translation,63.05816115322995
translation,11.571437796994399
translation,35.405523154342546
translation,11.114178424732348
translation,15.528747098524757
translation,18.552859658320198
translation,18.381984002836358
translation,10.994381314861217
translation,25.39669299515616
translation,22.147566629284857
translation,15.057830963682473
translation,13.089364906846708
translation,28.977594857835324
translation,18.60573595494019
translation,15.171699651534933
translation,14.711383799920402
translation,27.881707840345328
translation,9.34943929196205
translation,15.97208037305973
translation,19.453650946097625
translation,19.848056074950396
translation,11.598930640468007
translation,19.692511408940952
translation,27.05568354632469
translation,16.880030770057346
translation,40.27074524148541
translation,27.98806028977821
translation,41.59381330779853
translation,62.83056127332526
translation,93.03634027197076
translation,74.10972127874858
translation,68.30147160966992
translation,92.2665921758845
translation,109.1631616845913
translation,148.262718201402
translation,88.74665048302558
translation,100.49719983445378
translation,121.89770345027199
translation,139.25262481488014
translation,102.33018226042206
translation,105.57834070615864
translation,127.52850466588751
translation,127.81231479897227
translation,108.6195342121492
translation,117.16896248781285
translation,135.4484872699675
translation,123.351538717986
translation,106.38589874050626
translation,125.93956274056468
translation,147.92223897578066
translation,120.59317136325805
translation,87.3529649252734
translation,132.09118901756756
translation,111.3952956158213
translation,111.67739904455564
translation,58.1364225468643
translation,127.93808705614697
translation,93.40100058416402
translation,56.1220161715452
translation,26.372392413520785
translation,107.82917669150532
translation,85.50676329346828
translation,12.135629958145374
translation,35.42282630905707
translation,78.22897908496647
translation,94.57521167798326
translation,30.378150701681136
translation,39.7378767492095
translation,64.22869406061866
translation,95.74828151968944
translation,31.182774251133598
translation,35.32194251811951
translation,69.35825797214763
translation,97.48126015208933
translation,48.18952821495196
translation,30.05709117928661
translation,97.43394421724712
translation,107.34142098069196
translation,55.28153177122716
translation,21.362016356996246
translation,137.68061958758395
translation,100.57378008858379
translation,61.32002813576857
translation,14.400974890001462
translation,145.68992193340188
translation,97.35005093910463
translation,55.39037203104107
translation,9.97653926328329
translation,111.55471410197737
translation,75.2759680806919
translation,45.48948433493456
translation,18.26760542240349
translation,102.97952368504487
translation,72.70580095475438
translation,37.48637114693263
translation,27.773715974390907
translation,85.67110000905846
translation,56.947865034058786
translation,10.466821914245847
translation,16.911682557155906
translation,58.34334772279052
translation,42.93635308317929
translation,14.611566576486405
translation,9.653891804085388
translation,27.01095808311689
translation,35.985493657921424
translation,30.89520105774708
translation,6.409520224811917
translation,36.43780358546251
translation,47.59926257362581
translation,36.55096187813481
translation,7.050738281620485
translation,46.51300240840837
translation,46.43438037570167
translation,36.725714332092835
translation,8.93469132924074
translation,57.72732293400369
translation,45.981727255499614
translation,33.93783115612295
translation,17.56164016101905
translation,151.69744108419602
translation,45.44194610690725
translation,20.501339943753845
translation,30.473034384299577
translation,161.6557091837583
translation,52.14722903158387
translation,13.99534543510353
translation,64.19489870296762
translation,47.344299456653985
translation,5.324392161770848
translation,67.79700761638789
translation,42.65621012683821
translation,43.802254527695425
translation,3.760092248859481
translation,68.96466234190387
translation,38.865066232561524
translation,35.8123651012003
translation,1.8886709658319796
translation,63.345001132709925
translation,42.00332290481726
translation,34.53095657166739
translation,5.622392988983486
translation,62.46716623038098
translation,44.16991864308343
translation,33.93209719720627
translation,8.161068545637752
translation,70.91549494428688
translation,47.11797715588935
translation,29.177836670486993
translation,11.172749254376496
translation,82.83438747720515
translation,34.93502445112688
translation,10.032703005457732
translation,28.942034930996403
translation,89.8927761962474
translation,27.64695583590327
translation,16.62944366019985
translation,87.49597652442087
translation,86.0613434303974
translation,17.36378324578716
translation,24.643441671406848
translation,96.09232534555915
translation,77.18143996901331
translation,26.40831313336128
translation,36.74476729188336
translation,113.69735195873655
translation,75.41461016756085
translation,62.7102238395651
translation,53.01980251935403
translation,127.79175489350644
translation,91.5883811584468
translation,57.63305171094853
translation,59.76654893402421
translation,114.03391522867422
translation,86.21198336992074
translation,60.08027045653671
translation,75.75415415789536
translation,117.26240639849432
translation,55.02677117168859
translation,57.82296695507872
translation,97.37999818662243
translation,116.70356523721225
translation,29.12975564776305
translation,52.58373117929792
translation,153.574997464994
translation,119.34813327106573
translation,18.730996114070066
translation,52.02401159389942
translation,142.58740473256796
translation,114.035297735988
translation,20.9449309482442
translation,101.23785669147239
translation,138.30472995012073
translation,114.74962205482213
translation,25.50688985432657
translation,165.58036798982621
translation,134.59410111408798
translation,113.81093544677856
translation,37.8480242731869
translation,143.99486335100175
translation,129.04714123129094
translation,115.76369792454356
translation,31.78175386078173
translation,133.8003347445866
translation,119.28357693913581
translation,113.08281016686415
translation,39.61468588064544
translation,125.99394652851227
translation,111.88890634768329
translation,90.4049270827603
translation,75.59669028413781
translation,123.54682357468796
translation,108.84061786025188
translation,50.131171064384986
translation,99.13134167642573
translation,110.8952615734989
translation,102.54875352936145
translation,13.176821439110315
translation,123.32269335745066
translation,73.54251513680933
translation,73.14123536942176
translation,6.4197806553286885
translation,143.90933454213894
translation,75.60123311406316
translation,54.96313225783649
translation,18.305891997410747
translation,148.0422498662976
translation,98.49274846524943
translation,38.5013018677904
translation,26.785475348759185
translation,148.1519341279684
translation,92.70097205408464
translation,33.14795808030353
translation,32.33363411418732
translation,143.9277271227365
translation,74.83650652215317
translation,25.005534494955256
translation,43.97644661389747
translation,157.085532982029
translation,17.72100240823419
translation,30.729017270233694
translation,53.25801848332875
translation,166.77355522445444
translation,41.37040703930775
translation,35.25194801138574
translation,65.38682856058148
translation,46.4525087958152
translation,39.467073705838686
translation,30.98623559559563
translation,79.74247779104921
translation,31.153536150175935
translation,41.007940150312166
translation,33.75481738195118
translation,127.58725268156545
translation,31.938489565509474
translation,34.83407748302368
translation,38.91162168391963
translation,175.90712524297567
translation,30.233133155743257
translation,35.09320181753743
translation,43.133958613399464
translation,48.505103468418085
translation,53.06581639592085
translation,59.105617783283165
translation,54.821292910183764
translation,34.76415312397872
translation,15.49514351384517
translation,33.643674531997135
translation,44.58834926243374
translation,32.6629215206764
translation,85.02565196280987
translation,25.760461360397137
translation,102.51981915669279
translation,29.254445318849207
translation,113.59495884005086
translation,30.642738834973777
translation,122.07960268312922
translation,28.38843164903687
translation,113.29505168768667
translation,26.440646766116956
translation,52.631442841121135
translation,32.88254809860776
translation,33.92351749650241
translation,36.97926618038692
translation,45.3964983210288
translation,46.120145764861384
translation,46.13994492819795
translation,52.010469675864684
translation,47.34706224540043
translation,63.655754862778444
translation,38.70619472839847
translation,48.43324843744237
translation,114.58575690485553
translation,10.446314941896457
translation,49.485003790674455
translation,149.6580000676648
translation,12.935986655185348
translation,56.11737914524599
translation,44.11217506673036
translation,148.23706428640838
translation,22.885409938653734
translation,63.57609058591993
translation,47.298541425127716
translation,142.4416079084002
translation,27.14749539160985
translation,77.0821329470856
translation,107.89841571865632
translation,134.15040620619573
translation,33.376802842322576
translation,78.47377538209663
translation,119.63291404000526
translation,125.75401328759617
translation,40.725940095517394
translation,88.02503188596971
translation,122.75145376612417
translation,119.79948065414574
translation,56.759695443579666
translation,98.53733123466002
translation,126.86211611460986
translation,117.16207865353749
translation,146.86218269451987
translation,104.25309883296653
translation,128.72266850053992
translation,108.72397455731523
translation,163.09758826774188
translation,118.53945399532704
translation,130.90593205545056
translation,96.42902789297496
translation,164.91472273149316
translation,129.5457994670311
translation,134.7416028054572
translation,76.14701840034915
translation,164.7461000559354
translation,135.35834694945942
translation,136.97454963457
translation,41.59329768711292
translation,167.21923070522462
translation,142.20535584564985
translation,138.67774895877764
translation,16.95822400235555
translation,155.93379931806632
translation,146.17764288253218
translation,134.6294871717025
translation,18.05441305610835
translation,127.88637222514932
translation,151.7746008118987
translation,111.49760513891205
translation,43.71594274001515
translation,87.46421221761764
translation,110.17687178903277
translation,69.77634290341406
translation,51.969046750572545
translation,56.965392649879604
translation,74.42925497507343
translation,35.10225126194008
translation,53.88762580218721
translation,52.81835914843392
translation,68.90167303006207
translation,16.11775381203144
translation,53.56350544172493
translation,53.97874440891367
translation,59.649876409215274
translation,9.098740177180701
translation,56.11202802002367
translation,41.76020325760066
translation,47.38606604942454
translation,5.115224748263595
translation,53.77766126894939
translation,14.875615328720624
translation,2.470355681204597
translation,11.45725490048538
translation,45.47107663675266
translation,42.26367514007239
translation,12.727120298997102
translation,25.92412254383996
translation,37.102728084605545
translation,62.612267078110385
translation,12.055950797030865
translation,43.50042511255305
translation,47.4156938711567
translation,66.71096293369254
translation,9.707972018472457
translation,57.10296890962348
translation,62.27063616157325
translation,55.34139915520102
translation,23.22524892940267
translation,74.79820622094444
translation,82.5754733326551
translation,50.7834932855454
translation,49.61593221575316
translation,96.74515757569908
translation,104.24299660250867
translation,44.77530916632882
translation,95.10390557535392
translation,127.76690835239017
translation,123.44614260936959
translation,27.99977008560339
translation,128.26048351256748
translation,155.25075012297498
translation,161.067891909138
translation,26.471980949647953
translation,141.57251636965293
translation,178.3145124130194
translation,178.34083650827978
translation,63.371458898673644
translation,159.0374511385748
translation,149.08599728254794
translation,160.00342385140712
translation,59.688714797085574
translation,157.47190093161964
translation,121.50489231510048
translation,145.14071026667176
translation,57.8040569743722
translation,133.16532095923915
translation,104.25366196867353
translation,52.36873177557528
translation,57.315477640644346
translation,109.7534767332497
translation,95.13878577810256
translation,16.388972651174452
translation,54.1125524821682
translation,104.58525519473757
translation,91.40732985362455
translation,19.52118040840374
translation,51.562308435413804
translation,98.75398187033684
translation,84.48856795082601
translation,28.045747035729438
translation,43.16947681981379
translation,91.10866100238788
translation,83.39356517996659
translation,32.14884715037952
translation,31.47203133662954
translation,88.29299781698712
translation,33.90868906943901
translation,13.997992235891955
translation,72.00806022281571
translation,74.39291262873502
translation,31.798654470603
translation,42.88170593844753
translation,52.784253703133075
translation,72.27684636523972
translation,25.776131891600926
translation,64.18608414404598
translation,62.1337842188001
translation,63.66491382788042
translation,12.406398268266283
translation,77.80619309838418
translation,83.20114608506474
translation,56.088327708774735
translation,1.556919747475781
translation,82.24684498754486
translation,86.301481103432
translation,50.52366474806993
translation,12.45354824419704
translation,85.85812100882725
translation,85.56081828517173
translation,34.8094016350276
translation,14.634979048488185
translation,86.4748171286604
translation,65.305892690286
translation,6.653029025654343
translation,8.62607238132956
translation,83.52770912985005
translation,30.335103102066185
translation,34.76800275492966
translation,15.127814723422107
translation,72.20258847252398
translation,11.726563262571442
translation,50.3130614664289
translation,19.662035227029232
translation,84.28504103872993
translation,41.215638151192636
translation,55.37934353033638
translation,27.484424409955047
translation,88.29925700313716
translation,58.852757633480515
translation,61.39050221197664
translation,159.54128126385675
translation,101.00763481882623
translation,70.50047112547009
translation,68.89029042950617
translation,150.90938931167554
translation,111.42322603378189
translation,74.94819922719492
translation,71.86931115637505
translation,147.62526226339247
translation,122.20377624944885
translation,69.82190998513016
translation,59.22198032810664
translation,145.0300523985174
translation,134.2908044306938
translation,64.85536588205689
translation,89.99058238494287
translation,144.57699865404962
translation,142.88105391865565
translation,54.740709186377025
translation,111.15468921439692
translation,147.21065441895485
translation,169.93480220550182
translation,92.71245176120888
translation,118.28024901633378
translation,147.36523746617135
translation,161.0509550596351
translation,104.14711486999524
translation,124.82595249655586
translation,152.5232543353481
translation,148.4766462781814
translation,137.86963884446612
translation,122.86458249527765
translation,111.70427353310143
translation,94.13411493329423
translation,85.02152994739079
translation,48.454033581831276
translation,8.989492542140134
translation,18.411944975785577
translation,69.93006548936233
translation,28.829200209414093
translation,57.32108518587402
translation,35.861992565907755
translation,43.182458871491406
translation,39.53067357969498
translation,13.863785054764854
translation,36.47529733030491
translation,13.383065542239317
translation,36.15878093412622
translation,18.331878649631612
translation,32.40984734664329
translation,19.01324812312625
translation,29.327320584230392
translation,20.474926706776625
translation,27.27724913826556
translation,44.55253536483283
translation,17.048659376557456
translation,25.20909262829503
translation,52.73102276929634
translation,19.327563554033
translation,30.840480534329743
translation,51.705572736654375
translation,21.507733810398257
translation,26.099869635737896
translation,53.4059227889627
translation,25.676223115345966
translation,15.373873364501264
translation,63.65270577432429
translation,57.271041981849706
translation,25.298697222946622
translation,4.077147523723472
translation,55.19618056623929
translation,49.70009854285774
translation,8.507659454565145
translation,8.266681045466017
translation,49.56671855082255
translation,37.50618763449126
translation,12.086973654918625
translation,19.380643769810103
translation,48.887876519542395
translation,24.761688206165072
translation,30.353243043114603
translation,25.685039859337493
translation,51.63662977245272
translation,13.906052319882868
translation,48.79956231033062
translation,73.12592840654614
translation,44.759444983786835
translation,7.818025612925899
translation,60.620678022458485
translation,89.29047953755692
translation,24.55161641002128
translation,28.36598511280272
translation,71.5771575806573
translation,32.83323870105436
translation,25.654286183750685
translation,62.00774723891392
translation,81.45166275807706
translation,14.590032777625936
translation,55.586065356146364
translation,82.89314769616526
translation,96.12443918531544
translation,18.678177637392118
translation,67.5117201118237
translation,89.5884103255992
translation,101.08225860005439
translation,24.586839433965775
translation,80.26648447633569
translation,90.3664175110356
translation,117.8284635678788
translation,25.225274322828447
translation,106.28880683086086
translation,95.27493364278165
translation,152.22634115906348
translation,63.25659162904292
translation,124.20574791145637
translation,99.88048644916637
translation,176.0416658007634
translation,90.12557793869892
translation,116.08691558557635
translation,99.8863779316175
translation,158.36452108918579
translation,99.9642454606209
translation,100.02401826650507
translation,102.81013968317971
translation,84.6276928464646
translation,100.33749050925842
translation,90.46856294709737
translation,120.05789177338957
translation,54.06179522194792
translation,99.42488180776407
translation,84.16985383955674
translation,121.0737907649281
translation,47.58523966658902
translation,100.42921703043659
translation,82.88991857281997
translation,160.68896256467528
translation,50.36919496098578
translation,116.41719200914898
translation,108.01863569923982
translation,163.92225119844218
translation,59.338386265498876
translation,143.5129414775453
translation,162.66677892537803
translation,139.79040714685593
translation,67.90619012343534
translation,171.18536570223267
translation,145.83170759312267
translation,123.2387142064871
translation,75.8939071763039
translation,161.22994400948443
translation,151.9185220786804
translation,106.08698400530784
translation,83.44056555000165
translation,151.2868383420708
translation,147.93566018915658
translation,82.04591938134145
translation,78.40699225077262
translation,147.0088720965008
translation,86.73127314785643
translation,49.967000273768406
translation,53.25031223980675
translation,99.16785063718847
translation,55.23036844243572
translation,38.00779606389602
translation,48.01601475732732
translation,35.28573029186179
translation,45.10600567076495
translation,17.939165491874885
translation,52.704411406505216
translation,37.67417074124887
translation,34.350271548903805
translation,8.412961493314075
translation,60.73676129843164
translation,38.44133917337741
translation,20.40054907889182
translation,22.752032749535626
translation,73.98864852237467
translation,45.313519722366934
translation,9.414037283415603
translation,59.99636035573955
translation,96.3197847299328
translation,55.42373474856756
translation,72.02794441675111
translation,99.90686399355562
translation,118.86917894772265
translation,74.27179182010866
translation,111.634533297981
translation,116.8872992148484
translation,129.33208831775926
translation,84.8024162499399
translation,121.11340117735321
translation,123.00379146156875
translation,131.10444340196798
translation,74.85394610912792
translation,126.24868719527532
translation,129.53683223971063
translation,132.31074564863644
translation,52.53475333779473
translation,124.53021915813119
translation,132.7937943073876
translation,129.02103349234426
translation,32.551925770717176
translation,125.60425436402387
translation,136.00309553143495
translation,116.22479985057377
translation,1.2593246417038562
translation,129.12250572930017
translation,142.29318372795132
translation,93.07455349358266
translation,21.854261893458176
translation,136.9846682675098
translation,148.4612417554491
translation,45.348782240893826
translation,31.511100359695785
translation,155.22151754144167
translation,157.03937123262793
translation,10.040179700269132
translation,41.915731498066314
translation,173.13070385511574
translation,150.02933781829512
translation,8.196456414089326
translation,52.92516423745003
translation,152.50882442654805
translation,133.4548482308731
translation,16.455714776511286
translation,58.09448822356632
translation,125.9177118820318
translation,58.016124803048605
translation,17.936948817281642
translation,62.010156895487604
translation,120.23752237017726
translation,10.195813671929248
translation,18.795023613200723
translation,68.79014170983075
translation,121.94380907438895
translation,1.2019028949148165
translation,21.79337381021199
translation,76.37149042913546
translation,51.647069935919234
translation,8.84770807252357
translation,24.00211703461506
translation,81.64232347472263
translation,31.849773699484363
translation,14.049822017239338
translation,29.204671155323496
translation,33.45951083997667
translation,18.171432900776015
translation,14.019588238222683
translation,34.183898582997955
translation,37.77070897211482
translation,17.971281943128982
translation,9.597663619721883
translation,38.217879961624995
translation,44.62671132219774
translation,13.504312822052915
translation,7.915227750588913
translation,48.52627179573308
translation,41.505749105868865
translation,8.438490233738571
translation,13.295314422621448
translation,60.555421275737004
translation,35.29671974872477
translation,5.503171812271957
translation,20.65557658728553
translation,76.83431026453955
translation,29.110295233841008
translation,8.011127963963029
translation,31.483830246935337
translation,99.7179676455828
translation,15.075661127346146
translation,25.481403319053136
translation,42.79583877716017
translation,122.73292134496869
translation,7.498183727463621
translation,36.66210675691306
translation,56.990367318102784
translation,147.112547720107
translation,26.963797143986202
translation,49.231972193819274
translation,72.58355395096972
translation,133.3238459158014
translation,48.918849117017764
translation,57.534350311734414
translation,87.4221576911596
translation,102.5604780493242
translation,64.97176709322775
translation,66.41327576096064
translation,106.8219792162558
translation,98.26702547464846
translation,83.5121045587235
translation,83.01696261937701
translation,124.57841555371107
translation,90.06839912144527
translation,96.49225647204676
translation,101.8539264131039
translation,142.7966033240387
translation,84.07732591669745
translation,110.41542443776909
translation,124.68819386804773
translation,164.17953063548333
translation,75.74604287521399
translation,129.58213124906413
translation,149.8584964797565
translation,172.29920446915625
translation,69.1520825981502
translation,147.7113248619496
translation,164.67036696880245
translation,141.5586338686813
translation,62.16764794395557
translation,165.3748624656789
translation,173.51797831508895
translation,113.89099285567231
translation,46.327112408758744
translation,161.13209142861112
translation,170.95670003212732
translation,98.57340480638912
translation,21.592959236590445
translation,137.16633756656805
translation,151.20600384803083
translation,88.35287403059685
translation,5.33999252611233
translation,117.94407703886966
translation,111.73641995246476
translation,76.9452418477176
translation,18.655217677868034
translation,104.96522087823487
translation,90.92749396267467
translation,67.71675226378264
translation,25.792006968079136
translation,97.53496750583928
translation,78.03686931737089
translation,51.95545525673405
translation,22.993520997299303
translation,90.37026859830534
translation,60.34719040267205
translation,32.77802554443192
translation,30.754662200958833
translation,78.36461433635776
translation,45.82622050688175
translation,1.5672779670932364
translation,66.68979699296496
translation,73.49566698225821
translation,6.503850518314201
translation,38.432306932995075
translation,81.77369404695081
translation,53.448053623955474
translation,24.955366536635797
translation,62.7158712536342
translation,95.73668933202025
translation,18.3161890011488
translation,48.580359433274374
translation,77.4967142862529
translation,114.61110623241055
translation,60.23827401612175
translation,69.15097131110247
translation,90.7872337242372
translation,140.02820088579438
translation,115.10161940112826
translation,85.03768386096603
translation,103.61085944683293
translation,168.39113306152728
translation,138.41168765076077
translation,98.0470855273629
translation,117.9186066706793
translation,164.18932742269078
translation,141.81288868355816
translation,108.16138777061785
translation,131.55130178260822
translation,142.49547443059834
translation,135.38822340168244
translation,115.10094822486097
translation,146.81088675700508
translation,126.73056054873616
translation,129.60513371280229
translation,126.16085635084815
translation,171.75477271302518
translation,113.28480124440526
translation,121.63068978326253
translation,147.69828385952997
translation,156.8629597213846
translation,103.84454582997458
translation,113.72681663312737
translation,175.31791504208758
translation,131.6738821953463
translation,95.64372454487382
translation,97.35259299735672
translation,157.97161217824046
translation,117.0683324450206
translation,89.1071739460925
translation,87.70762841657107
translation,122.73558711230206
translation,104.751895076328
translation,84.59529572658732
translation,80.32567253947398
translation,111.20342798880945
translation,104.44272514214413
translation,80.69425813001136
translation,72.96374947042855
translation,105.84190982436854
translation,96.99026373350532
translation,78.50918911866458
translation,64.3718630548158
translation,102.6039579822317
translation,89.9567801849814
translation,73.186456438009
translation,54.52999561949858
translation,103.1847754651006
translation,84.83760593523547
translation,65.5114571390791
translation,29.954341062391176
translation,104.47152476920054
translation,78.68025817574258
translation,55.50816139141093
translation,8.429833576370502
translation,89.10650371301212
translation,67.58613983559349
translation,31.329459248862484
translation,32.21081188763406
translation,70.30244750689657
translation,55.64500301686541
translation,19.955182457321193
translation,44.35155526799873
translation,44.49370957088405
translation,36.64242049050561
translation,39.69768667714325
translation,50.60803778162705
translation,29.33407911987646
translation,11.226407291854478
translation,48.9259861537984
translation,52.821915200342865
translation,27.976798584251412
translation,19.592691178834876
translation,59.03802801013129
translation,56.012713855729984
translation,30.921082796044047
translation,51.827650842109165
translation,66.68533627602477
translation,58.49456231279952
translation,17.595077369561082
translation,71.24732513054349
translation,74.45078919204862
translation,59.151764643156476
translation,42.634390030385084
translation,81.18629354762435
translation,79.6099094646595
translation,58.804663368552994
translation,77.27500258390225
translation,79.76364260866391
translation,82.28146879264014
translation,57.47315996726661
translation,89.02392560704054
translation,82.87685420100154
translation,86.03194024879883
translation,60.278922924693724
translation,88.83413657945056
translation,85.08888449009795
translation,84.57430492819131
translation,56.07048123179384
translation,94.73929384308448
translation,87.84028098673599
translation,83.74022347590174
translation,45.881502498468784
translation,83.8837252828502
translation,85.89914868276026
translation,80.24450576673529
translation,30.333855822220578
translation,73.52859222517948
translation,85.39317231173456
translation,70.42001123974805
translation,17.65960669054584
translation,78.78461914808017
translation,86.00944203808064
translation,57.154194426201386
translation,13.963061467520877
translation,80.22121597926096
translation,83.01534708252447
translation,43.11646072428224
translation,22.847654633475024
translation,93.19167997659481
translation,87.34362272786824
translation,42.91126767485818
translation,24.601576592755492
translation,103.28014251019371
translation,87.54486757796073
translation,23.89114685185774
translation,27.27467844417634
translation,99.22837569229266
translation,79.01136349694926
translation,30.74007827308607
translation,27.114578064400668
translation,89.09371341221824
translation,57.86136242779887
translation,25.95371298608495
translation,29.864937253815242
translation,81.29975241598534
translation,30.578804854699776
translation,21.1442342753478
translation,33.58897710393848
translation,61.20564165096074
translation,54.634455406665666
translation,22.342755157394933
translation,28.117231131026234
translation,42.982155163929825
translation,61.65611257632985
translation,20.921837276517337
translation,21.561505305084914
translation,76.24872556197599
translation,58.90372219719481
translation,15.102535838353841
translation,15.373183665422355
translation,75.27237316179708
translation,59.66376932350634
translation,5.262833364169062
translation,15.859942558229692
translation,75.36869797231243
translation,58.556737823786236
translation,4.7078511856431335
translation,20.684016040904677
translation,73.4884736429131
translation,53.513830944826125
translation,12.113993433878095
translation,18.483573393297803
translation,49.68147986085003
translation,31.803810530343302
translation,29.380580332927934
translation,24.17765931161979
translation,45.56040243805145
translation,18.068557439876823
translation,42.962686301790164
translation,25.343672611193476
translation,33.9444771101063
translation,9.738629089656996
translation,47.676010274275
translation,44.73957529037894
translation,20.91178208731282
translation,17.571402409023417
translation,49.82801298794895
translation,128.36130378672289
translation,13.613894425696376
translation,22.227475966673982
translation,53.756419841041414
translation,146.65208260109623
translation,11.614996205026856
translation,39.42785854104409
translation,64.45500019486207
translation,125.00873884562765
translation,18.47660541128198
translation,51.63426800300398
translation,75.69845341292209
translation,108.37112378548234
translation,37.875964775253564
translation,64.4238536274075
translation,86.65200291605068
translation,102.74600059262545
translation,59.75239101639947
translation,79.89084494184513
translation,111.27646146434141
translation,113.36439703885111
translation,74.86717574143762
translation,96.3896003301276
translation,147.39115334974744
translation,113.61738422053196
translation,90.25367896424345
translation,102.5690310433571
translation,170.21331675388916
translation,111.57368029693866
translation,102.79766543508877
translation,104.74089549003621
translation,169.5141455500651
translation,105.74046719955156
translation,111.50542806114626
translation,110.3609889819544
translation,148.26104036494846
translation,115.29972748278496
translation,119.98991489398907
translation,134.75233768002212
translation,131.62751116430104
translation,126.85748801861804
translation,125.8586742303857
translation,156.97680622259244
translation,119.61056849283885
translation,134.40256926963144
translation,119.5415287141148
translation,168.24227785117577
translation,109.41899884710948
translation,144.38481685375857
translation,156.20624202352656
translation,142.57890229667012
translation,105.78056530183856
translation,148.19364158454337
translation,142.79543524692758
translation,126.8519370071928
translation,99.20255826657883
translation,151.5189093166793
translation,148.90467854480195
translation,127.6947837887451
translation,97.39562268327319
translation,160.55605065202772
translation,147.08580092284947
translation,127.9456702115002
translation,95.83023562877224
translation,172.01364595370353
translation,142.4635781987078
translation,122.7199193766301
translation,103.99143017561293
translation,179.24331635432947
translation,130.74842040534392
translation,113.12346942903511
translation,113.47025161060954
translation,172.40620785802443
translation,122.99984279872393
translation,103.83915348917589
translation,122.6246980486458
translation,170.13601937992976
translation,120.98691998148949
translation,98.55161927854813
translation,149.83485083553947
translation,158.09001035773414
translation,110.77045673048262
translation,91.06095671121152
translation,165.5187209200431
translation,123.28861014676964
translation,100.07555739043865
translation,82.95142033868835
translation,169.9624324348111
translation,73.21879613868545
translation,84.76397368763169
translation,71.64644581862649
translation,145.56910098355172
translation,50.94127883268873
translation,75.63047644451818
translation,129.4196281165549
translation,41.74957036965769
translation,108.53432503040919
translation,119.71263543540239
translation,37.19699618573358
translation,64.66251773499577
translation,160.383493249483
translation,114.30854917183714
translation,26.755029825221442
translation,55.04222638899874
translation,166.3170577531621
translation,107.99676825350161
translation,32.902200245945345
translation,176.1593974488656
translation,153.467644534838
translation,101.16389519750719
translation,24.739376777201663
translation,163.77674899846224
translation,143.63086225080394
translation,95.93550618277176
translation,29.217790086642378
translation,154.87611683862656
translation,135.9209981674283
translation,90.24088546868106
translation,31.645862950972404
translation,153.71560212482603
translation,131.02122787205235
translation,81.8347158648793
translation,32.58128967778204
translation,146.99319105217793
translation,122.51270481427665
translation,60.503090732143086
translation,30.588950531239117
translation,136.03077667250034
translation,109.8203697221883
translation,39.98263087897987
translation,28.332167460587797
translation,120.43475591868891
translation,96.38140652797024
translation,26.64943865514544
translation,24.6584921936434
translation,100.50497190628333
translation,72.7008547753592
translation,18.346352646194806
translation,21.618066130348776
translation,86.71133754394786
translation,48.384757507447276
translation,8.097997412859247
translation,15.980669116594136
translation,72.70980465098107
translation,28.779414480894776
translation,3.862787056999509
translation,11.158130605699156
translation,51.9410035375645
translation,9.716091848457392
translation,1.6995070961288365
translation,2.9747100134293345
translation,17.324000775986043
translation,4.286657062272917
translation,4.823833128629131
translation,2.6259470750465383
translation,6.704705753880685
translation,10.718749626163
translation,5.260743976815607
translation,5.698149458545789
translation,15.523042946309987
translation,12.65513636152758
translation,2.1428922964171653
translation,4.828163146698114
translation,12.60019823660772
translation,11.160630667595541
translation,2.4587001387938154
translation,3.302229506902914
translation,8.952292219742066
translation,10.665387053708791
translation,2.5610855527628726
translation,1.40966753140326
translation,5.190365412908285
translation,9.939064634136512
translation,6.35620064432925
translation,3.013165459241232
translation,3.5166857118205423
translation,4.377361558880341
translation,9.540404276155712
translation,7.612479346429298
translation,5.498788346328047
translation,4.0357323780543695
translation,11.687302386084715
translation,13.826673820898618
translation,5.436990102823776
translation,8.605302983116271
translation,13.005130634589202
translation,18.60661840025504
translation,8.464234521733939
translation,16.320492827632556
translation,16.364525037325986
translation,24.702770490224335
translation,1.7758540776693723
translation,27.72977297192279
translation,23.02320654899607
translation,32.33124720566753
translation,14.939480612779123
translation,36.16654907015821
translation,31.259908946167602
translation,37.230065108412674
translation,34.06549190559495
translation,43.14426930520371
translation,41.390467024540214
translation,45.19452254835408
translation,55.198827193887
translation,55.34690003307547
translation,53.72811503489812
translation,55.5398818896547
translation,70.91005090491394
translation,58.9310767188227
translation,61.37684277627635
translation,63.926528510917336
translation,75.46476638654153
translation,59.995033768689765
translation,76.0536646886365
translation,73.75390367739746
translation,81.16845607975465
translation,78.18744348630908
translation,106.03641217978158
translation,90.15483199305352
translation,63.47380250049568
translation,146.03609299972226
translation,139.0384742612219
translation,91.70304708559098
translation,11.325270801172145
translation,74.64248797162162
translation,165.99028807557687
translation,29.266074550040333
translation,73.95988701155142
translation,102.91702452436655
translation,156.37202968325477
translation,60.82522524228133
translation,86.74749647339176
translation,127.2842227435989
translation,161.65763566452384
translation,47.78197787782509
translation,134.59763185414238
translation,124.79451435269723
translation,135.75399120628174
translation,62.747783023737675
translation,141.6583395674908
translation,142.75391035544038
translation,147.08403500484016
translation,33.73264679690352
translation,147.510289456157
translation,138.5366204091224
translation,135.12852338264614
translation,39.612868230692115
translation,149.51932176665858
translation,124.18832884800429
translation,99.2559892766231
translation,34.47165499900116
translation,74.47477817138046
translation,143.42039323464007
translation,73.02445493428085
translation,25.132657792759
translation,88.53493928224073
translation,147.07968018987964
translation,30.864337102812943
translation,25.366822285443426
translation,111.91338635473862
translation,168.90572074286044
translation,41.64523273778108
translation,13.817813579863891
translation,135.8617235210336
translation,172.69986609512114
translation,24.505225512285836
translation,14.574972080286065
translation,150.43397874629198
translation,123.72434009605482
translation,32.82328641309985
translation,19.760415377936432
translation,162.1446245337785
translation,111.60944436510495
translation,33.249413337925894
translation,2.518525740673612
translation,151.35677735080282
translation,86.90527472550082
translation,14.059983691155255
translation,23.42638412210913
translation,91.82725828644617
translation,39.54819978063472
translation,9.299063577448786
translation,30.001002113479178
translation,53.50967684813304
translation,26.081710575636485
translation,3.5528206884046356
translation,22.29505734514887
translation,18.14609923315663
translation,17.89957569929076
translation,7.410217365507917
translation,14.591869855998436
translation,33.03737793743066
translation,22.452190312395125
translation,4.907372303271608
translation,20.32116323022394
translation,48.112425743532924
translation,21.250667272094137
translation,6.559400215943843
translation,39.66066576666204
translation,72.57911960726695
translation,13.330993207430948
translation,10.561903894330166
translation,51.15049275288954
translation,27.767636771198003
translation,20.32637258274799
translation,14.64968828065907
translation,27.85047476384159
translation,56.98233277054833
translation,21.8527574702807
translation,28.779559001435388
translation,11.556200473747907
translation,61.62882360237668
translation,22.057889874856308
translation,50.58911710129983
translation,30.854240892978638
translation,51.84359493851922
translation,13.413140310643513
translation,64.45715845201644
translation,37.26854612925617
translation,27.411430640790588
translation,14.492676608567553
translation,129.82055186159428
translation,38.136994919714816
translation,55.3688319846218
translation,47.52573649982062
translation,95.88393579716056
translation,40.3427993921701
translation,59.398115385120605
translation,48.616587123907905
translation,97.85693960536318
translation,49.141033696666256
translation,43.14481073072167
translation,36.96587194717328
translation,59.10482126784033
translation,89.33453896985137
translation,13.651871772278593
translation,87.15815863011406
translation,25.54607324803928
translation,110.84454309851623
translation,99.32146177573253
translation,134.56125173047033
translation,67.80644118686989
translation,121.31283426748053
translation,104.03292647682548
translation,144.6791486346447
translation,72.18968084984613
translation,107.40285455788556
translation,124.83814577510961
translation,156.66414595515425
translation,68.44936761034613
translation,86.96136268114212
translation,141.94831281221948
translation,169.96740369840578
translation,67.97892305016741
translation,76.65627115797312
translation,130.93229970726276
translation,151.5754549249317
translation,68.60977745159309
translation,67.94818946064461
translation,168.45180108481378
translation,146.5344968416546
translation,90.53577749667889
translation,60.7273649227341
translation,163.89501377248502
translation,120.31343908342986
translation,125.78125786573398
translation,63.77027636354899
translation,147.0718996404375
translation,31.95925006164653
translation,103.7777785337384
translation,65.29639119410281
translation,113.84851319188243
translation,12.320471558431134
translation,103.12994565212391
translation,62.40230365434704
translation,32.02564922070134
translation,21.84484808744327
translation,77.06841452739384
translation,57.54815314483709
translation,8.8480846875593
translation,31.621696971084774
translation,57.439778450257315
translation,57.75514140740345
translation,21.374313627975447
translation,39.07837686034669
translation,59.66702403752111
translation,53.295216624438105
translation,42.19363993634359
translation,58.231048079786056
translation,68.20441567090487
translation,58.20288995882595
translation,48.08672647780398
translation,76.26867729915048
translation,70.09761727186516
translation,70.3113156114976
translation,60.17677262821255
translation,109.84895565993449
translation,75.91884582827369
translation,83.31499229343984
translation,76.02591020428314
translation,127.14664097249752
translation,82.28216209410313
translation,97.82359364799977
translation,107.27676250734703
translation,143.82646945791566
translation,83.81593405142749
translation,112.89156304556708
translation,164.37631294651192
translation,140.03098178057968
translation,88.59948183115762
translation,123.15658258835819
translation,164.65963060055978
translation,118.09968933051003
translation,102.97100860083107
translation,127.26914547551773
translation,167.82202059301343
translation,87.84044103213006
translation,89.53133981485897
translation,74.34623279027493
translation,134.21059219598015
translation,79.26424470527255
translation,56.358461230972495
translation,41.59139269351169
translation,124.12078665685995
translation,74.3369072383119
translation,64.32290234835068
translation,34.063058610120656
translation,84.34463098060941
translation,80.68012763833313
translation,74.91773019977877
translation,46.19680384198598
translation,74.93113214539515
translation,83.98743153628038
translation,63.64801665647776
translation,36.06991586443361
translation,74.49863833843283
translation,83.49233426946566
translation,58.853037071551036
translation,38.19120406093969
translation,73.747211750952
translation,79.7538824192454
translation,60.61015517095687
translation,28.89682639599119
translation,104.78222009640731
translation,94.82333769507261
translation,59.375035093876065
translation,29.07296203767959
translation,110.62687352121804
translation,58.37700511594993
translation,47.57688208310651
translation,30.204235116868457
translation,116.36215936678167
translation,64.59867135075892
translation,52.53105852385058
translation,29.306530807309034
translation,135.67653902879186
translation,75.81601049117192
translation,55.067391823846
translation,42.7954696230116
translation,84.8301053698557
translation,75.3636317528752
translation,50.7267278394822
translation,41.978221612593146
translation,62.34923156196524
translation,72.45336937374593
translation,43.81285994915627
translation,39.71827499629025
translation,62.16135218198179
translation,79.52343947771742
translation,48.55190052058786
translation,41.40574347095747
translation,73.61634914494542
translation,90.56205612004625
translation,50.420683191738874
translation,37.70124078132913
translation,78.55727839867106
translation,73.23139451004414
translation,35.29579840156799
translation,13.23837576186309
translation,132.05085304302162
translation,17.73722976487403
translation,54.5108865284721
translation,35.29957908650675
translation,164.26837595823466
translation,54.602099193583136
translation,83.9309439749682
translation,77.63816256583877
translation,148.64598471936517
translation,24.148999837878957
translation,66.98925388501041
translation,68.1836378659065
translation,113.30340648958132
translation,18.65070675364429
translation,51.89270470486502
translation,55.29270729356338
translation,40.73088790596
translation,20.29436372437898
translation,35.80087588955047
translation,51.5611340561169
translation,8.325402533951165
translation,19.994188349359373
translation,34.57120587712723
translation,50.36326002255024
translation,13.436629659656054
translation,15.403097091878633
translation,30.239566865567923
translation,50.18601534294806
translation,14.733902559686994
translation,27.978601297621896
translation,31.949769710909116
translation,60.240727095004154
translation,22.592290966397908
translation,71.17414931792811
translation,65.29022189457648
translation,66.92255366205676
translation,85.18759716601372
translation,94.38011194482124
translation,86.61103437617095
translation,68.66629278306996
translation,123.26987035358691
translation,106.91329123143055
translation,99.33102761569882
translation,76.97431534666362
translation,124.07889829895348
translation,108.84837570071561
translation,94.65363340396686
translation,56.986051089441595
translation,127.03658487832065
translation,112.7440020223888
translation,88.82128326624719
translation,18.759016444427207
translation,98.32353418370532
translation,94.26709141423163
translation,79.24725860602686
translation,6.849163044812712
translation,76.1061249569297
translation,89.72025383347524
translation,75.34598024818557
translation,23.725578448801038
translation,63.79968846943743
translation,78.66401958390213
translation,68.81259754018052
translation,19.19995270008044
translation,52.50622236028796
translation,85.90550314122125
translation,55.87537045365578
translation,21.229502923171506
translation,77.25941676166148
translation,73.31723067129425
translation,47.790905045408785
translation,21.225193416981956
translation,118.63553088853811
translation,68.24568616051512
translation,25.967402024280386
translation,10.433204749466809
translation,117.9887034349175
translation,78.17069041419066
translation,6.35377011068054
translation,19.397273604045356
translation,166.17346621384505
translation,83.84887979899402
translation,14.69362295963755
translation,13.723593679632431
translation,80.21993152245219
translation,77.2038587983342
translation,31.956739532465033
translation,20.917241993515912
translation,62.44497458348854
translation,76.16809990126279
translation,23.505872051841678
translation,20.181694943652833
translation,71.09599315833898
translation,69.16872475965248
translation,22.542252523395554
translation,19.733469219485972
translation,69.87032415803613
translation,56.68991636714149
translation,19.985197621059015
translation,17.820791811087425
translation,73.10946761011017
translation,53.57139363800348
translation,22.984352784265653
translation,27.990239462815467
translation,72.58558154424054
translation,12.907002972164484
translation,22.22048249539125
translation,32.25905164496155
translation,64.28155943908403
translation,29.573861487858476
translation,37.14856482159338
translation,36.47086617811164
translation,42.30867840412226
translation,53.443096489067095
translation,47.300814790727806
translation,42.645670879574794
translation,13.945213041313869
translation,63.786485901058086
translation,52.55384100622199
translation,47.884903706446124
translation,64.7752653175768
translation,64.70782134549624
translation,57.9980439403813
translation,54.848650380080876
translation,75.80077695862647
translation,71.36645174512154
translation,65.45751882235007
translation,62.00532186709551
translation,79.75964500555254
translation,73.10101731817086
translation,67.99886232651502
translation,62.538565225477555
translation,77.86432946948949
translation,60.71772624544613
translation,60.6909787723458
translation,60.155403510218996
translation,74.71861855190429
translation,54.32054491355155
translation,52.97778472505313
translation,62.36133937874081
translation,76.80300352411851
translation,54.47953073445644
translation,47.05777068152534
translation,70.00286738357788
translation,40.704717304411936
translation,38.574110653589216
translation,30.23725823781609
translation,39.791431850624384
translation,69.12443109942318
translation,13.879386631963627
translation,12.662715217803296
translation,9.62660592683942
translation,52.127577193522214
translation,33.100051558653085
translation,24.60184741439524
translation,9.019874774507882
translation,52.186782920400766
translation,22.981850613806692
translation,29.21841127925385
translation,14.71292908690637
translation,35.77121748751779
translation,50.49266108714277
translation,35.8421974573309
translation,21.969642799682074
translation,74.05018924305001
translation,61.30144873880258
translation,60.30531270197991
translation,29.055302688720477
translation,68.87500279616638
translation,50.801483759128644
translation,71.19461691982168
translation,34.04777387415584
translation,69.33704301055208
translation,36.983885009517806
translation,114.76125754663806
translation,22.92334566129471
translation,114.07893850225685
translation,24.172124445474118
translation,133.8292626396748
translation,7.626791450270943
translation,40.977814652665806
translation,16.743512186641333
translation,6.676186410778789
translation,60.71747904410023
translation,47.32372612814169
translation,74.32611901685988
translation,33.171346702564534
translation,20.426291125094572
translation,45.756120258710126
translation,20.60292098184165
translation,19.317568157295387
translation,40.20446253793109
translation,53.33659092051092
translation,31.046196583545818
translation,10.079168135294282
translation,50.79780372969817
translation,65.5193113177497
translation,25.53255852017218
translation,15.778043749446486
translation,84.53841606040022
translation,151.00282795719247
translation,23.086440021333825
translation,24.409797865513482
translation,101.25732840874099
translation,175.6771982072443
translation,10.426766220825288
translation,18.90367734782411
translation,134.20698718716403
translation,168.19363838493317
translation,8.127509791773647
translation,13.66116129928254
translation,159.3441608912677
translation,155.4339154031727
translation,11.529104397429874
translation,6.459224614295588
translation,141.36003723572657
translation,98.79411893760884
translation,32.649084546103545
translation,9.01883516477011
translation,142.91463231579056
translation,19.64266858165723
translation,40.850614614097324
translation,16.758716152961526
translation,149.69287956220109
translation,6.749702864767445
translation,32.98330957869324
translation,25.48414998813842
translation,139.80015279000634
translation,3.183474351101637
translation,14.652155430895007
translation,28.90731442663365
translation,14.088621096068644
translation,1.2073659063929203
translation,6.684082266326973
translation,17.666021430652247
translation,9.614323178842394
translation,4.801927168791365
translation,9.332441623875884
translation,10.530485584144646
translation,7.326121168944621
translation,5.856995408377279
translation,10.88458636420195
translation,3.853417662333523
translation,6.735636365911612
translation,9.566144686711304
translation,8.37309826136871
translation,5.246058026724718
translation,8.364279183583314
translation,18.09851526604168
translation,3.289678355401205
translation,4.788306071780755
translation,4.698384000462985
translation,56.78504506118948
translation,19.62826017615704
translation,8.522909318193216
translation,34.978305906128234
translation,73.17345923778142
translation,47.42456711221976
translation,3.5510342765304617
translation,97.49290141342475
translation,74.44843972313265
translation,87.15950926402608
translation,7.946848827689294
translation,102.70824975838254
translation,40.79694204027859
translation,114.069805234582
translation,17.586543188674987
translation,110.49143621510144
translation,36.608685923614104
translation,142.690359144554
translation,16.564468249529938
translation,105.6092385156312
translation,31.110069208015222
translation,6.319972849793007
translation,2.5948774403158237
translation,16.190798944742426
translation,10.41319162912795
translation,27.01731070150674
translation,64.63404294738893
translation,18.45696244547312
translation,11.890377370526348
translation,27.09169541864908
translation,45.67087047779218
translation,16.737490319924962
translation,19.37790178063293
translation,31.493153185298567
translation,38.28766295777306
translation,14.552851677823188
translation,19.107181943760825
translation,25.180556921381548
translation,18.97164854112474
translation,100.89673429181859
translation,16.150620485420113
translation,45.27630212129271
translation,32.212832616341586
translation,124.50043447352587
translation,11.342522030145531
translation,49.960508578925435
translation,104.8561019282273
translation,151.3963018371785
translation,24.051166305755082
translation,80.17524489634147
translation,133.51054084403933
translation,132.83247529604813
translation,99.29455092416748
translation,73.10944741506229
translation,145.0593873205666
translation,105.56414751880322
translation,132.8706036148837
translation,34.50251197690399
translation,167.89358795852613
translation,155.47896046182586
translation,52.87638164148404
translation,152.00540912531318
translation,27.318381576546972
translation,157.15652392364362
translation,50.38808818947049
translation,62.71992880148506
translation,27.113257975034383
translation,84.75806310681455
translation,36.02936513594965
translation,17.1541837627327
translation,28.793615467792335
translation,18.357332720236748
translation,19.279781305601215
translation,46.233673231191666
translation,38.476101480807806
translation,161.56918282374056
translation,173.7477789996787
translation,133.4972572138805
translation,83.54189690657599
translation,93.9328243106009
translation,36.513447477734395
translation,19.36523417863793
translation,16.205622215156108
translation,4.37236576484324
translation,13.0847892860702
translation,17.495100200487105
translation,10.920414552722937
translation,12.204780877153416
translation,12.036180452822965
translation,62.83240803317721
translation,34.39920002519844
translation,33.79888118798333
translation,40.85734148473344
translation,35.29481360565605
translation,45.20876544709821
translation,38.32121022983965
translation,31.583854155814635
translation,34.98660415120879
translation,8.316202240593178
translation,0.8932479967554013
translation,3.434158861041559
translation,73.44316024011663
translation,23.5195502850013
translation,18.64835112860115
translation,2.9544420057222878
translation,49.16911634716274
translation,45.3913997597645
translation,38.34377213772639
translation,18.593444486093333
translation,56.02471269767042
translation,51.06267167581273
translation,47.043815440784186
translation,49.03592227858244
translation,27.91430446766461
translation,49.57462929487218
translation,56.016359362211276
translation,36.085638660404086
translation,55.192485901153276
translation,55.77122988083131
translation,7.941954432904517
translation,118.3586319818029
translation,113.86862428724288
translation,98.92277139451484
translation,159.28619457413942
translation,111.3881072302315
translation,88.42356502698748
translation,42.24357475716367
translation,113.34636916218086
translation,102.52195942797528
translation,108.06957371703086
translation,74.43320107837208
translation,123.3104095577276
translation,141.83372152702225
translation,143.89272561772427
translation,148.21532275273776
translation,113.49375954101028
translation,83.59465342027339
translation,97.79788705200046
translation,25.09973667498076
translation,34.77977697613021
translation,10.28211737043224
translation,13.997627102561454
translation,76.72874005221036
translation,25.772443712943588
translation,85.55783987707004
translation,40.834415085771305
translation,76.70122826221314
translation,84.49122614468745
translation,63.433834577155444
translation,86.92145167633063
translation,76.38513183743923
translation,125.12050533738267
translation,96.85577958312007
translation,46.781195994406346
translation,148.89695528615803
translation,60.9100171615045
translation,34.16172967298801
translation,4.530478845082328
translation,124.47223187561228
translation,57.63971830404391
translation,67.3556425446344
translation,8.943497783929104
translation,20.106778733131723
translation,63.89309434874216
translation,69.92829233154393
translation,13.003373405089935
translation,16.009960346065206
translation,48.74738770574227
translation,78.15514518952584
translation,35.221167381418745
translation,3.2857791938981675
translation,111.03571911561664
translation,93.749845920581
translation,86.95609122824946
translation,25.520380535953933
translation,68.93389963530714
translation,73.61786973781936
translation,58.158998201622055
translation,10.173967608966588
translation,21.588826003055594
translation,22.166538419548946
translation,31.145015338894577
translation,15.25815151085436
translation,22.379445399758175
translation,137.7779241860881
translation,40.034680694292085
translation,148.4283164607003
translation,73.51380198819442
translation,154.11486546679353
translation,84.27758143317824
translation,76.90286843828379
translation,77.52039897591646
translation,26.21432681392867
translation,67.24815418057467
translation,17.205859070986364
translation,50.4841105478799
translation,13.033162861893425
translation,0.8114157318282058
translation,115.80908907616585
translation,15.572956066123444
translation,8.148484437924933
translation,60.18328503908853
translation,34.019108829834714
translation,12.662083070556054
translation,55.855958520821815
translation,49.859551964849054
translation,10.438079782883182
translation,47.47373925579428
translation,47.65026262716193
translation,88.80147290586748
translation,22.002147225374216
translation,74.90638550917977
translation,69.84333553862668
translation,96.65792285197698
translation,153.6645935950224
translation,102.20045052230799
translation,129.0223402044354
translation,115.27412390197686
translation,161.2941922015857
translation,117.7016950485461
translation,147.3010685437823
translation,122.48993368763303
translation,162.25915918806638
translation,120.30476358432578
translation,145.77768000381047
translation,56.53928276346745
translation,178.90533445044557
translation,94.06675607946886
translation,26.201756201811325
translation,55.749996156139254
translation,155.4861455340671
translation,66.73679536274824
translation,10.975274279259201
translation,56.24157743179888
translation,125.34527667661828
translation,54.85164887012666
rotation,53.96729201037253
rotation,40.8677867579195
rotation,30.89181171000355
rotation,25.014700862638705
rotation,15.190259479643533
rotation,7.133407681615023
rotation,8.47134556342251
rotation,10.394906909058749
rotation,22.819905005205676
rotation,26.6248392791602
rotation,36.69359730915314
rotation,26.00605699350296
rotation,24.655679382108758
rotation,29.81667261814701
rotation,52.76551914870244
rotation,21.903544089566672
rotation,33.686874525490644
rotation,28.09919018991602
rotation,33.62480914444432
rotation,14.875983679337171
rotation,27.02943903774221
rotation,1.6920375747106515
rotation,15.287890987212807
rotation,1.3970794578128187
rotation,7.641649982434081
rotation,35.424216651063375
rotation,2.3235928386252764
rotation,13.016919115826814
rotation,18.08955813928351
rotation,2.6002936593247217
rotation,6.577609078505564
rotation,11.010649957557293
rotation,1.9183469839753167
rotation,5.10380905076173
rotation,2.52152698746051
rotation,4.803111572209736
rotation,1.7072882004011338
rotation,7.5914695551879845
rotation,5.634670271158846
rotation,14.834894382308484
rotation,10.547055995449583
rotation,6.881184263065662
rotation,10.13120542538536
rotation,5.495558929097107
rotation,5.009387914477866
rotation,10.132880181903648
rotation,3.126279948994004
rotation,6.574905837084888
rotation,55.21907073928227
rotation,10.630081982814957
rotation,4.804634159218895
rotation,4.4417622678905
rotation,23.764133950300685
rotation,9.423747518759868
rotation,2.795950063274959
rotation,3.799512813593174
rotation,17.31397420968784
rotation,6.42996315068662
rotation,3.7157305040756667
rotation,8.981572760961665
rotation,15.529886430923808
rotation,1.0018230249949962
rotation,3.163430568946195
rotation,4.511160691761993
rotation,8.015056481890095
rotation,5.887173370763832
rotation,7.217533976017513
rotation,10.787886755929113
rotation,5.823340288552557
rotation,8.934494614786438
rotation,10.212475921924748
rotation,9.933671820649293
rotation,7.668664278873681
rotation,23.84568347132276
rotation,12.555924604801076
rotation,17.31641915659377
rotation,8.407194096985087
rotation,27.092736887506334
rotation,11.114061124059448
rotation,17.548041290334606
rotation,7.426847995079533
rotation,24.057645813818628
rotation,7.5813077165664335
rotation,15.884557950798193
rotation,5.633766630131065
rotation,10.886505691984018
rotation,8.854914279586607
rotation,18.551917984340495
rotation,5.0130528686973586
rotation,6.064583528542293
rotation,6.227411708580913
rotation,11.547665065163262
rotation,7.041200605809255
rotation,5.275552471781031
rotation,3.6947263700495756
rotation,8.49439650515648
rotation,3.836905186636921
rotation,12.216570954209946
rotation,5.816799027563134
rotation,9.310407345418698
rotation,0.8967396606637488
rotation,4.258247444450734
rotation,3.7526475278553058
rotation,5.085393163081942
rotation,3.8452922141547776
rotation,7.762872659219902
rotation,17.854597374550494
rotation,4.613510928407703
rotation,148.51556458859213
rotation,4.939642786536431
rotation,11.010098159869788
rotation,4.316785867007286
rotation,3.668258392230088
rotation,0.1795772797595836
rotation,125.93097322595521
rotation,11.324871871898635
rotation,3.886715912040821
rotation,9.23912341585432
rotation,86.56940802407895
rotation,9.401645503190192
rotation,15.106250108606428
rotation,11.41873971256001
rotation,32.64405792998708
rotation,3.5991750210870004
rotation,16.093111520498045
rotation,13.12462286085764
rotation,12.113507015781678
rotation,4.237162563099733
rotation,11.258486666555296
rotation,13.919669241518452
rotation,20.161330041792382
rotation,5.58341292493528
rotation,43.71607039663018
rotation,6.504953085850998
rotation,34.44905081779341
rotation,15.627784474994588
rotation,9.586184497411102
rotation,6.740855919434358
rotation,6.213872511711271
rotation,11.997897666188877
rotation,1.4593239482193938
rotation,10.447615063449163
rotation,152.28810943694123
rotation,9.16962216768714
rotation,20.030321117876184
rotation,4.421986788806389
rotation,5.897659384681576
rotation,4.547280563285409
rotation,2.662451149101131
rotation,3.132091586077459
rotation,4.559987163466613
rotation,3.8787570777716622
rotation,5.176445787238003
rotation,6.007336722310292
rotation,6.536015514404534
rotation,4.191686195974248
rotation,8.05898589660816
rotation,3.688565247085652
rotation,5.160346644455221
rotation,1.8277280058465564
rotation,28.643174046714954
rotation,8.059824367436493
rotation,13.000131197882316
rotation,8.609426677305342
rotation,7.554705615349505
rotation,8.082263030361535
rotation,0.39931799379929234
rotation,1.0250193369457348
rotation,1.330168250682783
rotation,15.514020044167438
rotation,5.307970079540846
rotation,5.237165746376715
rotation,2.4803047573126933
rotation,5.589788590785655
rotation,7.499532034101648
rotation,4.058429644705479
rotation,2.444120588793261
rotation,2.7110441452943435
rotation,5.0203968046386205
rotation,0.8041419610004377
rotation,1.8990793381393547
rotation,3.886648049646125
rotation,9.45662502215507
rotation,1.8244269627521594
rotation,1.1043426753180476
rotation,2.664702490671898
rotation,6.441258288636054
rotation,3.2446170172693507
rotation,2.602480953841793
rotation,15.099219949211129
rotation,7.679469478784963
rotation,6.142394641789863
rotation,2.9010660044242003
rotation,20.95067727911289
rotation,8.959233599318893
rotation,6.9789410135068595
rotation,166.44532655826066
rotation,4.258030428443866
rotation,4.527354156146971
rotation,143.41803766424277
rotation,30.843501923036406
rotation,0.8006664202580839
rotation,5.63093393542123
rotation,34.324244319449406
rotation,0.9827446721911229
rotation,6.1263334427051035
rotation,2.571070081953928
rotation,2.5806697358524815
rotation,2.004386263852076
rotation,6.371668788243646
rotation,5.525759703866909
rotation,6.296372803593236
rotation,9.682344452449835
rotation,4.2384447668103045
rotation,6.180532519244711
rotation,5.978210245923605
rotation,2.279351558811663
rotation,4.3586884143260916
rotation,1.8562304461637515
rotation,10.443911576059818
rotation,3.9593004307235513
rotation,1.673850030111962
rotation,10.00206951324604
rotation,3.5005361738550085
rotation,2.7313192364471117
rotation,0.898188492013169
rotation,3.203284931103967
rotation,4.5479227003269544
rotation,4.50609484431132
rotation,4.216473085562798
rotation,4.593137505521266
rotation,6.357083901186355
rotation,4.743388281873074
rotation,6.341621005916983
rotation,4.408524969706689
rotation,5.300545724773232
rotation,8.299537003093358
rotation,5.398362042746457
rotation,1.9678653300578168
rotation,1.3230111746253135
rotation,5.212830731099516
rotation,4.395372735716934
rotation,2.621131893150892
rotation,1.2003120760954356
rotation,4.8173676234349205
rotation,5.00957654997144
rotation,1.917472038530924
rotation,1.4376618593078831
rotation,23.34394957059918
rotation,10.330799407605117
rotation,5.483112089915382
rotation,2.9635309906724427
rotation,59.897953579824595
rotation,25.458849123129166
rotation,9.673421147228014
rotation,5.670674832415011
rotation,18.98168303520342
rotation,22.886026871659354
rotation,9.268774644428277
rotation,4.2029355038975575
rotation,12.457419832015903
rotation,17.31874207337452
rotation,10.088158591709643
rotation,2.870196708258332
rotation,2.3671118122078445
rotation,5.215672374938213
rotation,4.3738268056345095
rotation,1.2489466007631982
rotation,23.190329037157944
rotation,3.6693653154269077
rotation,5.127964507780807
rotation,1.9060535690549312
rotation,8.514169707520391
rotation,4.265340011798742
rotation,0.3071840897055752
rotation,4.4975718135588485
rotation,1.4999250919718046
rotation,1.3313581277542865
rotation,12.36640885425852
rotation,3.9500133152108594
rotation,1.9666585698439463
rotation,1.1167995025085489
rotation,4.0167279935594795
rotation,2.9020850504790685
rotation,3.427622640611822
rotation,2.2446670696329067
rotation,11.069670028437223
rotation,9.438207396918141
rotation,2.5670669616843855
rotation,4.329766689379385
rotation,13.16646497698031
rotation,14.052040336173926
rotation,4.394676797349812
rotation,4.503897126664705
rotation,22.894015222341828
rotation,13.326222127913717
rotation,4.934188396830721
rotation,3.203878930216541
rotation,16.957284342360655
rotation,8.749813362823167
rotation,0.35406129724128016
rotation,1.8934212338417864
rotation,36.67750630258827
rotation,15.720453454490816
rotation,4.9697052131140325
rotation,1.186300061282447
rotation,27.410170525023567
rotation,1.3545845631095048
rotation,2.5531423233384714
rotation,0.47691997453011303
rotation,32.83742512108611
rotation,6.846880641084994
rotation,3.5842026961164555
rotation,1.547309860249096
rotation,26.384612913027926
rotation,7.352351305129955
rotation,2.6901787577441465
rotation,1.3742984073129116
rotation,23.589637745976866
rotation,7.173755092717711
rotation,0.9538517036968315
rotation,2.738822091249341
rotation,18.1356879086532
rotation,8.466278617505452
rotation,1.9549303665000741
rotation,1.6022749960119915
rotation,8.449091849176403
rotation,5.179996335388188
rotation,0.20734144018649175
rotation,2.2953467633888325
rotation,6.094280667968061
rotation,2.4092566380203895
rotation,2.7510409154773297
rotation,3.775788827619873
rotation,13.867653072795193
rotation,4.726053040440747
rotation,0.9777843581104271
rotation,4.288455998811141
rotation,8.165804186136217
rotation,3.6525127131608
rotation,0.5842025345246961
rotation,2.17798320994206
rotation,13.032987978463208
rotation,6.872520131680641
rotation,4.68380462940017
rotation,1.7463915800481358
rotation,5.961423065732286
rotation,8.385130809938527
rotation,6.979074385642353
rotation,3.5762673773071585
rotation,2.344891923722353
rotation,6.8197033455584934
rotation,3.765573186507677
rotation,4.543776087271286
rotation,2.6639887314295967
rotation,4.162614810504659
rotation,5.396689879354551
rotation,4.612367154772416
rotation,6.396855304828577
rotation,7.693827637082767
rotation,4.954766414692851
rotation,5.591068070373076
rotation,12.983934023787421
rotation,4.087057798848738
rotation,4.068245215899461
rotation,2.5855162181966547
rotation,16.68942190167028
rotation,4.931248790032208
rotation,2.2980859107987115
rotation,3.0381041278814984
rotation,8.831087288920672
rotation,4.351298607873641
rotation,2.1703846173042103
rotation,5.465877161517815
rotation,17.522130177550604
rotation,10.121718624278097
rotation,6.926670608190143
rotation,8.268204790155401
rotation,27.923279142011555
rotation,11.680843225107765
rotation,8.039247971178755
rotation,5.542938926963565
rotation,23.114317654702223
rotation,2.5971742018606228
rotation,7.2101509681260305
rotation,7.651609919287678
rotation,23.110295540327865
rotation,7.054579300599456
rotation,3.8564767631279637
rotation,5.0050406805288645
rotation,3.384501572102392
rotation,2.369838968734342
rotation,4.2680474479726405
rotation,10.096958382143368
rotation,10.245041041570506
rotation,3.2145558003082755
rotation,4.994985939004675
rotation,24.82155165054773
rotation,9.735530238540406
rotation,4.339027929823678
rotation,6.12919780592581
rotation,22.76793630261282
rotation,3.412755172051849
rotation,4.471405945018743
rotation,5.694709459857577
rotation,15.883321460779142
rotation,8.637071929913807
rotation,10.239686532814105
rotation,13.947413959856226
rotation,21.80594041140276
rotation,21.00694320150346
rotation,12.862195807359472
rotation,18.757817590105432
rotation,16.760750737367335
rotation,12.96585366165132
rotation,10.833443516240603
rotation,85.12812775439873
rotation,2.087404019422698
rotation,1.2428851984852443
rotation,6.852999459196256
rotation,10.118679153029257
rotation,10.826742469107131
rotation,17.60741290178935
rotation,3.4591190848883335
rotation,25.531463371533775
rotation,24.891852316942586
rotation,23.614313038329012
rotation,23.391422956180417
rotation,15.808162936522914
rotation,17.302489251066337
rotation,20.72785497573616
rotation,12.827616796280653
rotation,4.796831055382867
rotation,4.057740182029407
rotation,16.857736302365524
rotation,3.6520419303471896
rotation,6.112737540003187
rotation,5.852889540719989
rotation,5.805061494403008
rotation,16.17402995929285
rotation,25.06933769169918
rotation,23.838153036841828
rotation,7.0589110751757245
rotation,25.272044153616086
rotation,27.977546998880722
rotation,24.917378104965742
rotation,17.649209890311273
rotation,26.97024031829925
rotation,32.06485223595458
rotation,22.924723028549806
rotation,30.926752417972523
rotation,19.957480877955312
rotation,31.272424935216314
rotation,5.47337963871646
rotation,33.95141930099954
rotation,23.610373557653766
rotation,72.51732467345754
rotation,34.31414362359571
rotation,15.513537275835885
rotation,4.094806047226339
rotation,1.0400414516927072
rotation,53.91468628182496
rotation,40.57186436482429
rotation,22.84277288124785
rotation,28.192498430840477
rotation,30.031934039797036
rotation,20.729236972476098
rotation,29.879329400491176
rotation,7.941890639844872
rotation,31.54308081585802
rotation,54.30351413367789
rotation,33.68248163099975
rotation,70.26819558579064
rotation,50.62193694706209
rotation,28.38475364128136
rotation,16.26436861585509
rotation,28.04552921213064
rotation,24.79248861978755
rotation,16.875220944372952
rotation,50.66333976142539
rotation,21.211636341261563
rotation,21.060865643189633
rotation,37.2010155357665
rotation,39.000724429945784
rotation,25.437541210385415
rotation,21.525618304812685
rotation,24.353233855766597
rotation,47.90578518383752
rotation,25.78844240894231
rotation,41.88849497128027
rotation,7.197041667532247
rotation,23.450213643498035
rotation,32.643381075940425
rotation,25.119059758456608
rotation,66.32766317872763
rotation,73.94773488630568
rotation,55.558525401639855
rotation,80.91958890221274
rotation,69.09212064107857
rotation,72.54348045305353
rotation,81.39473806945057
rotation,78.11372634374716
rotation,66.41907761638431
rotation,84.09134276648295
rotation,67.59396111594093
rotation,73.1585673138471
rotation,82.55957521302757
rotation,87.00037983539208
rotation,33.857742084357376
rotation,55.630787212063716
rotation,14.989413324370616
rotation,86.52158971872045
rotation,26.817146247689617
rotation,92.01531402775262
rotation,29.819786747892824
rotation,75.12257439367275
rotation,46.17536044244153
rotation,118.11792133819891
rotation,27.291478429191425
rotation,73.47504541897602
rotation,32.0752839321606
rotation,9.449562526806831
rotation,17.285337959823835
rotation,17.498780557338083
rotation,25.121243991640394
rotation,19.95717457846493
rotation,46.25111314109641
rotation,17.31074714792171
rotation,38.062008699193036
rotation,16.503338116937563
rotation,19.633148100215617
rotation,39.252634657272935
rotation,37.39787067953658
rotation,13.957826057539002
rotation,27.542146739058776
rotation,10.537687492222778
rotation,14.070469722348738
rotation,41.81558542124315
rotation,2.0790285929393195
rotation,44.31317228984579
rotation,15.779761509107626
rotation,64.39798459213111
rotation,50.424272285409984
rotation,49.50828010861061
rotation,43.57807558069056
rotation,23.672194642593617
rotation,35.15074080153134
rotation,51.046435528205826
rotation,75.06214347767781
rotation,58.101979880439785
rotation,50.817509424428366
rotation,27.381183675042582
rotation,39.29814943785439
rotation,45.52296250915793
rotation,45.758385334242725
rotation,31.724781795611616
rotation,8.343338196499497
rotation,26.801659796288554
rotation,23.68246317926261
rotation,17.22025422159051
rotation,34.831853727150396
rotation,6.511496362938012
rotation,7.195199823790682
rotation,8.606081176192843
rotation,29.77287548893166
rotation,33.3155640708592
rotation,20.694081523103893
rotation,38.44604055310975
rotation,5.614192792880614
rotation,29.313764819773645
rotation,19.908775198269318
rotation,8.269780998818987
rotation,21.84658194819459
rotation,15.354816668276301
rotation,7.827329718174857
rotation,15.538469017004479
rotation,20.639889544054906
rotation,14.100127569418282
rotation,34.02330532349277
rotation,33.706366951298534
rotation,45.934449111029124
rotation,34.087008020804724
rotation,33.146937842888505
rotation,28.15019489059083
rotation,35.20072680726692
rotation,40.30314149845498
rotation,13.610791979421228
rotation,11.857136480476585
rotation,26.943773691847877
rotation,33.94844890908952
rotation,31.43702848277662
rotation,16.828168422835954
rotation,28.833504641554132
rotation,12.186248720167374
rotation,36.37519381489703
rotation,13.724315390429616
rotation,45.04142517241889
rotation,53.81449802622142
rotation,56.48107145455339
rotation,5.357453423489944
rotation,71.30733416925648
rotation,63.920598462346014
rotation,38.06201464219919
rotation,44.1646983639675
rotation,84.76152652851596
rotation,59.677696845743014
rotation,75.39061149476538
rotation,77.09563772178278
rotation,72.4512425340451
rotation,57.330462265009395
rotation,24.561354112812978
rotation,17.00026796391812
rotation,26.208595376920776
rotation,32.78660895947984
rotation,21.463775723087267
rotation,54.703110713952434
rotation,19.864465162315703
rotation,65.87003419290498
rotation,87.19995445873363
rotation,91.5824827295706
rotation,83.1352323634576
rotation,95.4719207182553
rotation,93.56605891261633
rotation,78.86297675215863
rotation,14.510580986093217
rotation,10.87046632757775
rotation,55.49008363803226
rotation,35.421936106397084
rotation,26.130934510761765
rotation,68.40549666959171
rotation,40.76024842029112
rotation,45.21158209163562
rotation,52.021052087813
rotation,65.7914241293027
rotation,28.14081919836629
rotation,50.26464485921161
rotation,28.837221556148233
rotation,51.202349778822715
rotation,49.798781020045126
rotation,60.62121593094753
rotation,19.07104635686524
rotation,89.98272756042917
rotation,13.50470981744855
rotation,3.970678536280253
rotation,16.739394469964484
rotation,13.045084805740826
rotation,4.526547820676124
rotation,66.27144520822293
rotation,41.36023867561062
rotation,75.86497402492006
rotation,59.523316930554444
rotation,68.83932320801
rotation,25.58819966862767
rotation,30.999701163110302
rotation,5.491636014841746
rotation,19.4001273969538
rotation,21.592868072725892
rotation,29.685546727550783
rotation,82.9884198026262
rotation,8.285699212697272
rotation,60.1397742482162
rotation,4.993254617790956
rotation,14.717282203862027
rotation,36.20853507573269
rotation,19.1927939009765
rotation,11.545545448197686
rotation,35.358337502067194
rotation,71.21594344118495
rotation,63.29430594886301
rotation,11.910575536046597
rotation,32.11481894187334
rotation,5.158197893384771
rotation,14.671300128893249
rotation,1.1890980370852329
rotation,6.033593853947425
rotation,7.461110193961099
rotation,4.829715521085836
rotation,6.771942993037748
rotation,13.856987699915102
rotation,24.349619657239643
rotation,43.03514592276973
rotation,31.553972214024743
rotation,39.96166477448869
rotation,4.785457983522704
rotation,3.3809403493317527
rotation,9.126795876024538
rotation,15.733260244467083
rotation,18.108328236951763
rotation,13.092083476815391
rotation,13.253376184602214
rotation,20.68783765283505
rotation,15.14024198508983
rotation,8.079751879788398
rotation,11.494773868552853
rotation,10.85931096414887
rotation,17.556605661515604
rotation,14.13727131469576
rotation,4.101229425599304
rotation,8.614589692174698
rotation,11.841805648289037
rotation,20.72379964060629
rotation,11.944416089154462
rotation,13.058167647929523
rotation,32.26877986040526
rotation,10.4641041244547
rotation,27.50000614388001
rotation,31.1864090288362
rotation,18.68832570157216
rotation,68.11884742786467
rotation,131.20755532250968
rotation,67.14402548728913
rotation,21.004551484938702
rotation,28.820619858540095
rotation,28.77033087191002
rotation,41.11965583545596
rotation,62.15805818401845
rotation,21.456182313703135
rotation,57.39276429828155
rotation,8.07624774983013
rotation,33.61738139468627
rotation,13.432906048695372
rotation,10.766339213964898
rotation,27.20514598494461
rotation,24.892973711893227
rotation,31.8093108698929
rotation,50.16916101962186
rotation,43.912091804854526
rotation,87.17256638703195
rotation,106.42607995083394
rotation,81.74183205147443
rotation,48.36368854083276
rotation,40.21968335086992
rotation,10.42701762732636
rotation,14.958630102091801
rotation,14.717623236018438
rotation,9.143490616071798
rotation,21.30534801144075
rotation,1.3122228313702478
rotation,87.4700737741344
rotation,56.74462159726583
rotation,33.78933180188355
rotation,42.73613303515832
rotation,35.81096687010461
rotation,33.44488716802207
rotation,41.66521563143888
rotation,34.08870872254138
rotation,39.80680640866606
rotation,42.12005931648258
rotation,30.184305521629923
rotation,57.74744309297188
rotation,16.58403191257406
rotation,44.94319159251289
rotation,15.69303708263571
rotation,46.36711625473151
rotation,13.821498712712598
rotation,35.06286864851557
rotation,14.221970848709697
rotation,37.181032565097325
rotation,17.30961237209747
rotation,40.94982343507997
rotation,22.674885714681295
rotation,43.56532357494666
rotation,27.479510533476397
rotation,28.025742306899918
rotation,14.918974597747011
rotation,50.29517167737942
rotation,23.704407648906383
rotation,50.401317572415
rotation,27.11896345732595
rotation,33.2189977745062
rotation,21.11835909934205
rotation,22.848803787520733
rotation,15.995216789325859
rotation,19.767414666794767
rotation,12.921574798963793
rotation,28.698824832458193
rotation,9.378586951938383
rotation,25.93691560199729
rotation,4.689631848848016
rotation,20.59207805198113
rotation,9.742583767768414
rotation,5.648446832875977
rotation,8.447351301908784
rotation,23.668141079544682
rotation,9.642010315903452
rotation,23.86809778137223
rotation,3.7229157622110933
rotation,21.060145304094256
rotation,10.614090868084764
rotation,39.63535893327781
rotation,22.456093381673124
rotation,54.99509440426012
rotation,42.68721356336073
rotation,41.03209756955292
rotation,36.34604814575583
rotation,31.266323416747824
rotation,13.855644524908918
rotation,36.8040895537641
rotation,17.201873914924814
rotation,26.12324813412617
rotation,13.893911131310686
rotation,25.059393598712692
rotation,20.5905619140149
rotation,15.904582777915284
rotation,20.25051191161566
rotation,10.735827301284731
rotation,15.775781209966466
rotation,22.441850040305738
rotation,24.633580236074128
rotation,28.86356294304387
rotation,27.26889145677009
rotation,17.498088808584598
rotation,15.127127614964367
rotation,18.135974356116346
rotation,5.4577224358526895
rotation,30.736226768504608
rotation,29.58373034303884
rotation,6.758375215441302
rotation,15.832347788916355
rotation,29.687621309299942
rotation,24.419873935325747
rotation,24.06684135025641
rotation,14.478884223733429
rotation,9.749623674308177
rotation,2.352289006017215
rotation,21.902907024502674
rotation,10.1372115165239
rotation,10.628223245599521
rotation,11.882557476695904
rotation,5.630896242098083
rotation,9.89938431934195
rotation,7.217870169074956
rotation,2.428648557423445
rotation,5.745936377206596
rotation,2.205826947650534
rotation,6.384795320183885
rotation,2.1443103765070384
rotation,7.92161518904775
rotation,5.388769838581542
rotation,6.861973127805871
rotation,8.011647361600263
rotation,7.278696000532823
rotation,4.8688336722037535
rotation,3.9925300986468053
rotation,10.938067417821493
rotation,7.225954573302148
rotation,1.658740261257165
rotation,6.430978191351273
rotation,7.952449642679755
rotation,5.11055154103337
rotation,8.548805292742438
rotation,6.6351715907188895
rotation,1.9075734702463796
rotation,9.957199210140713
rotation,6.024975682538106
rotation,2.0057885877350454
rotation,6.126902951110009
rotation,7.7950975287806825
rotation,4.84698850930894
rotation,4.124130178881014
rotation,3.4709308486479706
rotation,12.004498171599693
rotation,6.736001545599772
rotation,4.897077044254669
rotation,1.4522429487385555
rotation,10.350947686262337
rotation,9.76565493000793
rotation,3.2477524770418356
rotation,7.854195977829875
rotation,4.169542329136246
rotation,4.125132693428119
rotation,2.315114110563027
rotation,7.86934158023023
rotation,11.90160611120063
rotation,23.330720332989543
rotation,10.137434817802413
rotation,10.765858788625918
rotation,26.95828026428332
rotation,25.867976229144308
rotation,7.936591205462878
rotation,8.21198590211287
rotation,26.241707262706324
rotation,3.1708822401479386
rotation,2.503006569584005
rotation,18.627960237209763
rotation,7.721710998129139
rotation,28.90882221619227
rotation,13.489495998022235
rotation,8.303489925150679
rotation,13.708339454594837
rotation,0.8386609997760112
rotation,5.131166322997206
rotation,6.785402715351328
rotation,16.559948678834726
rotation,5.062703269430909
rotation,15.046499042540114
rotation,22.295393240791643
rotation,21.152165245435153
rotation,19.006561045869734
rotation,5.8131605337507795
rotation,21.44497885616803
rotation,14.344317499756084
rotation,3.2170202050317127
rotation,35.03148420882193
rotation,10.279178508393574
rotation,21.838423027817402
rotation,4.464352416085602
rotation,7.176477180506683
rotation,6.812234361491552
rotation,19.389647459276816
rotation,18.10933815316266
rotation,22.482365020957637
rotation,16.065325406122152
rotation,22.154547768572634
rotation,34.7403951570996
rotation,26.575337485153966
rotation,2.119181827164208
rotation,31.48844670982329
rotation,43.012051238888596
rotation,15.256711725008364
rotation,21.23962850120832
rotation,7.78150554853046
rotation,5.649448733436638
rotation,17.15729535472657
rotation,22.31094045532357
rotation,12.987017534856271
rotation,18.875635057426965
rotation,16.701782574553697
rotation,9.526777924737065
rotation,4.200115102335708
rotation,12.53194317245693
rotation,17.282041822092403
rotation,7.725504925533788
rotation,35.327314251972474
rotation,7.136979597695759
rotation,21.671062973013232
rotation,2.3179027162307912
rotation,6.929981302267654
rotation,17.964827741560455
rotation,18.856609403645628
rotation,31.75407496498868
rotation,27.24485082846185
rotation,25.018932603206842
rotation,27.524477691207473
rotation,27.249923697850548
rotation,23.871356033418984
rotation,5.111799964410091
rotation,43.489842516799605
rotation,3.497852964020577
rotation,18.485068168378408
rotation,26.88722882610366
rotation,13.18728708793737
rotation,25.98983845920219
rotation,27.779911099634266
rotation,5.204589977432596
rotation,9.002296167855604
rotation,13.391513047670347
rotation,11.899505277873434
rotation,9.668356214378488
rotation,10.011158013060777
rotation,11.850404035707674
rotation,8.481449966501858
rotation,19.298690500354077
rotation,8.397086704490006
rotation,14.824456846473312
rotation,2.246214836891131
rotation,16.59396066983728
rotation,6.005383676647717
rotation,13.262535801504926
rotation,25.379381634148437
rotation,12.877485541123828
rotation,13.547884414819316
rotation,17.62847120837428
rotation,15.27005309855209
rotation,7.435837105818864
rotation,2.959795937179681
rotation,7.001554602478334
rotation,12.965697308021591
rotation,2.162412561676505
rotation,6.561814483715089
rotation,6.940526754398808
rotation,6.481779955634468
rotation,7.187222509874827
rotation,6.938718291230509
rotation,12.287453334847251
rotation,15.764831663171968
rotation,9.371274797165853
rotation,4.996177868065808
rotation,12.121589455006061
rotation,8.780505498272094
rotation,7.292720345591179
rotation,7.901578349057213
rotation,14.096800374717278
rotation,23.352748891642925
rotation,7.865203551015842
rotation,10.952558530222488
rotation,15.452621818031117
rotation,12.5080178430257
rotation,25.886858677709682
rotation,21.378899867258795
rotation,13.086208901530602
rotation,15.729070088282505
rotation,9.89529595831646
rotation,13.396533195700288
rotation,15.880543103994254
rotation,2.3768419972145853
rotation,7.680894631939664
rotation,7.492017469674209
rotation,9.384501567369803
rotation,5.857138049419692
rotation,10.720075583171015
rotation,13.30279434114253
rotation,16.030817427871096
rotation,7.128228562973199
rotation,15.932780505841032
rotation,11.77143611620629
rotation,13.963505084717458
rotation,7.934139220367482
rotation,6.147048094365132
rotation,23.92926077228786
rotation,18.289348448868672
rotation,4.756290641656428
rotation,8.556507702884856
rotation,32.65759883075859
rotation,20.05123947393716
rotation,17.570043456466603
rotation,21.303348053154632
rotation,45.10895777553009
rotation,22.016628751463056
rotation,45.689935978306316
rotation,37.9544470168603
rotation,35.14291085909162
rotation,31.458667224690856
rotation,68.87035637589757
rotation,66.57432551529962
rotation,39.73983419164279
rotation,16.824729030372282
rotation,48.350523634927214
rotation,22.680035259622002
rotation,50.443076138165054
rotation,22.870980494446332
rotation,11.311899604721152
rotation,58.09837300114701
rotation,15.699091601509354
rotation,65.70544707631696
rotation,13.81654608126399
rotation,30.82300252721527
rotation,14.084835509414951
rotation,20.760796936292458
rotation,16.08471342464941
rotation,13.043793864132594
rotation,18.43909924304653
rotation,1.9026145536134418
rotation,40.27218083413167
rotation,24.441903439231428
rotation,67.07214887236427
rotation,22.472348635986258
rotation,11.732184249710365
rotation,4.649104046156221
rotation,22.38967370635432
rotation,7.187058517099002
rotation,18.248783112809832
rotation,7.71887307150265
rotation,7.9664623722916375
rotation,3.6967473800248114
rotation,15.532388266355817
rotation,2.109208549626803
rotation,24.470885628364712
rotation,2.771508315337062
rotation,22.89630592819869
rotation,1.2523791418016632
rotation,4.274190316858039
rotation,2.585656096060044
rotation,7.214418377877934
rotation,4.740381068516013
rotation,10.413245098330126
rotation,5.729061230923709
rotation,1.312911713900733
rotation,6.128145360779806
rotation,4.35034679256545
rotation,42.1414546784102
rotation,13.086932256112599
rotation,0.7399788489051359
rotation,0.24227287369171857
rotation,5.14569979460247
rotation,11.138004786232003
rotation,2.1959647177951043
rotation,1.9534437583828654
rotation,12.248556062071161
rotation,5.651397852361292
rotation,0.9313648681995447
rotation,2.2603703504571064
rotation,8.995229863532455
rotation,6.922358467669244
rotation,3.4764869764808863
rotation,1.2811649639934846
rotation,5.251506874555864
rotation,3.189766860828823
rotation,4.9848587096009656
rotation,1.334463411512249
rotation,3.972119267114687
rotation,1.3348452549619838
rotation,1.4128066215992174
rotation,103.28348283415943
rotation,4.0455116130311515
rotation,2.834388128964948
rotation,3.347540872405126
rotation,17.413596809222682
rotation,3.474542911747297
rotation,0.9276652222860735
rotation,1.1956221609847
rotation,2.444771220557878
rotation,2.889270173833074
rotation,2.6481057564027566
rotation,1.6239956247669465
rotation,8.154655091473257
rotation,0.7093742313626511
rotation,3.1646267689590175
rotation,2.9323009642483697
rotation,7.677135909233529
rotation,0.06832847604262783
rotation,2.4635944919935415
rotation,2.5028327962462793
rotation,10.024430010381847
rotation,5.940422576403469
rotation,2.6717448816106963
rotation,1.6335403055334878
rotation,3.1002480640771752
rotation,5.608103291378074
rotation,0.832689661262674
rotation,2.846118652758015
rotation,7.551000054861369
rotation,2.5851676906638095
rotation,2.0550094125133924
rotation,2.6812151283550714
rotation,0.8919209657358051
rotation,5.202239985755008
rotation,3.483354474080829
rotation,0.4256051680972249
rotation,1.76487402243907
rotation,4.222020577414342
rotation,2.6224357724370027
rotation,1.0703550470077483
rotation,2.1520608888564716
rotation,0.6220147259584288
rotation,2.254636802183889
rotation,6.318544611747873
rotation,9.67465482052697
rotation,5.906702818732669
rotation,1.7765570831251858
rotation,8.015419053221862
rotation,7.9080160543130456
rotation,5.716319638833515
rotation,1.1320918702700136
rotation,18.283126689866574
rotation,5.496184005292396
rotation,7.995365066316362
rotation,5.8606694596669024
rotation,50.843847665461944
rotation,8.367885745647436
rotation,14.62063447481023
rotation,7.176339395139651
rotation,3.766432972983324
rotation,6.1599476824889114
rotation,6.044707454864162
rotation,2.688109365488603
rotation,3.89062701609547
rotation,0.9371616448411197
rotation,2.5743837183338085
rotation,0.7431593695566804
rotation,7.5177356651448175
rotation,3.4355963660070175
rotation,3.2624614996406938
rotation,3.223394735649254
rotation,6.615883007722769
rotation,8.245555498449724
rotation,7.09586002773636
rotation,5.2815700329136375
rotation,3.084610294852563
rotation,17.326036390760013
rotation,5.643611207934378
rotation,2.468869804125082
rotation,8.427311987059323
rotation,100.36708656300907
rotation,5.475968219909504
rotation,3.9543121731555497
rotation,65.96697260669386
rotation,153.68000423351594
rotation,3.7362465261085145
rotation,1.3728497649267355
rotation,131.7385153722043
rotation,6.823800720785014
rotation,9.624998942843783
rotation,56.80150263295577
rotation,5.325891359604008
rotation,9.9438099298741
rotation,10.508648951528533
rotation,1.5076100762940128
rotation,5.104818739388025
rotation,15.509431310786804
rotation,9.691483777850609
rotation,4.296616125671327
rotation,18.178995126052357
rotation,9.908375722895517
rotation,9.818816606231143
rotation,24.464666802634454
rotation,2.8294607142126775
rotation,3.5310107652505
rotation,1.4092959171340935
rotation,15.860602812126881
rotation,5.641638955144101
rotation,6.881440976050779
rotation,11.618616123513059
rotation,4.600319089272557
rotation,1.108498754768887
rotation,3.936275712338939
rotation,12.447025171039048
rotation,20.253773504096056
rotation,2.719488594863808
rotation,3.7535651597919166
rotation,3.6388534232006307
rotation,57.79031992276412
rotation,6.624481577620109
rotation,5.047001286033017
rotation,20.27908618843798
rotation,52.72222348219131
rotation,9.600396117441502
rotation,1.6766826379588067
rotation,3.5482118237110774
rotation,20.318028567897688
rotation,12.587151307465076
rotation,42.36788107766715
rotation,15.79438944080415
rotation,31.95338013274178
rotation,13.48376662124887
rotation,56.29784051146193
rotation,13.866488467183578
rotation,20.46506022886493
rotation,21.543909843185748
rotation,15.543282561288821
rotation,7.332134925230329
rotation,12.162143131329282
rotation,7.853274723151063
rotation,11.654687769260121
rotation,2.046353368842243
rotation,7.1287689378746375
rotation,10.020467085190063
rotation,27.44784820338968
rotation,23.900843968586106
rotation,30.39573605458573
rotation,24.42551209290195
rotation,6.888013118480504
rotation,18.734675308968235
rotation,9.022826428985702
rotation,23.42053851283193
rotation,12.88274625556023
rotation,10.03339361851714
rotation,7.544519852334716
rotation,3.7619636217087633
rotation,3.548456426270019
rotation,22.342894095488553
rotation,6.50024575107611
rotation,37.754444070348676
rotation,26.265128224994825
rotation,41.100626815178195
rotation,25.747711199794992
rotation,21.616404632350765
rotation,12.981442608034364
rotation,6.646646016346665
rotation,14.967116254091529
rotation,5.161696781575665
rotation,15.979549306071286
rotation,10.870297485696618
rotation,17.294985047525806
rotation,15.443080365633291
rotation,9.708583869275978
rotation,12.661706567678694
rotation,20.60315525091802
rotation,16.928518769367642
rotation,18.289088765056306
rotation,8.985461230493557
rotation,11.705099729157855
rotation,15.31694445829184
rotation,10.14913815905752
rotation,16.366248515516908
rotation,2.571969408216554
rotation,9.883820915918864
rotation,17.975379534763157
rotation,22.059584064735585
rotation,24.411972597965878
rotation,30.53649996254161
rotation,7.79012054373307
rotation,12.040176647646996
rotation,0.6460080466408319
rotation,1.189559864107229
rotation,1.4778901458520222
rotation,2.2494434828880583
rotation,2.3683961449695308
rotation,12.127115014781452
rotation,1.83680328308463
rotation,1.2674882866872732
rotation,5.181898383267538
rotation,10.547807814831376
rotation,7.060612579064769
rotation,3.0432167118092845
rotation,6.212416089104259
rotation,5.587181398400308
rotation,3.311435008495216
rotation,1.126591560559734
rotation,1.541076427171413
rotation,4.384923137539115
rotation,1.4834103766267541
rotation,4.9019312404206365
rotation,3.1601694454680764
rotation,0.2354249062283598
rotation,0.8931608392878457
rotation,9.71214763788858
rotation,2.5737953815369967
rotation,4.131070611613335
rotation,5.19432436440594
rotation,5.079992012348948
rotation,7.180230810090437
rotation,1.8709222763728568
rotation,3.3234284166737047
rotation,9.537313297346339
rotation,3.099934115010476
rotation,6.128501861870954
rotation,12.039268544584319
rotation,3.1063119619502513
rotation,3.1172172598434416
rotation,1.9024109293181863
rotation,1.9624207349301497
rotation,3.1904479140471795
rotation,3.009052000622735
rotation,3.1985852535278205
rotation,0.3742577641030744
rotation,5.124178825020004
rotation,2.7216945475391663
rotation,2.7422059011932776
rotation,2.0989608623623504
rotation,2.689549482271696
rotation,4.055513297717764
rotation,4.863832583741511
rotation,4.183117222584759
rotation,13.584618789887609
rotation,8.544960716687111
rotation,7.511732074444218
rotation,7.919346974626856
rotation,5.383885480878043
rotation,11.857650681240203
rotation,163.370191682388
rotation,3.6497129905238967
rotation,3.1602018716334013
rotation,1.117329994639652
rotation,10.579376613865223
rotation,8.146026748962719
rotation,1.6656075652765654
rotation,7.863356641574569
rotation,15.015238078664323
rotation,4.810230408743131
rotation,3.964251397428111
rotation,3.8563993975501143
rotation,10.314088388929843
rotation,1.1558597882119435
rotation,6.250235694869505
rotation,6.704751433724164
rotation,29.76067057800683
rotation,4.160615197994452
rotation,45.26123727002067
rotation,4.801482612828768
rotation,28.458145065442118
rotation,13.623411252084967
rotation,11.570267703934697
rotation,2.5405766054771552
rotation,5.945371654721627
rotation,13.838384320284103
rotation,12.015544209259234
rotation,18.49664011181199
rotation,2.9285606031324183
rotation,8.771523818731879
rotation,16.280538552997076
rotation,8.909226351425295
rotation,17.75340102511672
rotation,25.665676333419928
rotation,2.596038683814218
rotation,9.952191499474774
rotation,7.741122774224265
rotation,9.612824456799457
rotation,3.4406363746382858
rotation,9.118075873811941
rotation,12.254112550670358
rotation,5.79446415234408
rotation,12.680619790341055
rotation,11.460945150406321
rotation,6.7960342552721205
rotation,6.051991192978772
rotation,28.00954323397262
rotation,17.987920381433188
rotation,8.047867675877978
rotation,1.0678679749239852
rotation,8.818091969632858
rotation,8.579808314607893
rotation,16.615675700147808
rotation,8.129589434037102
rotation,6.937100226730135
rotation,6.168085891834563
rotation,5.696246308422988
rotation,8.272247903242825
rotation,2.5008719681974902
rotation,1.9648735593611062
rotation,11.294636398729146
rotation,6.505147533263458
rotation,18.311792277159693
rotation,5.6573339235129065
rotation,2.65870662983875
rotation,5.382792099288141
rotation,1.7355555336115942
rotation,13.858794121231428
rotation,1.5333428668948323
rotation,2.074643855570836
rotation,1.850642736177128
rotation,2.932741647923436
rotation,1.9832831798538813
rotation,2.430018046486915
rotation,2.8540495698796486
rotation,4.765825387367812
rotation,15.5426897845323
rotation,8.039372317830829
rotation,7.380323185356763
rotation,1.4735849032360762
rotation,1.8402717213656585
rotation,6.936082189708451
rotation,2.3460792275316793
rotation,4.750491100709665
rotation,3.995049097670674
rotation,5.023945538085229
rotation,2.3166337629175633
rotation,5.949563575176577
rotation,2.623430381736214
rotation,5.032056735894446
rotation,1.9489970999088155
rotation,8.214373485480802
rotation,7.617336117928273
rotation,0.21113335488414878
rotation,5.32852348925775
rotation,8.31520747641317
rotation,5.150393853201809
rotation,6.853600667254844
rotation,1.536090864266299
rotation,2.7311848869209547
rotation,3.6350168233303717
rotation,3.470364686759451
rotation,3.5160715378192466
rotation,4.23690000220447
rotation,4.9368061742420535
rotation,3.1404803502995415
rotation,7.260616571200646
rotation,6.047097083679753
rotation,1.4106065786877027
rotation,1.6582697476951134
rotation,2.734952390191131
rotation,2.5358728146300114
rotation,2.5110410242993115
rotation,8.668007642357905
rotation,10.610968468623712
rotation,7.225444869772344
rotation,3.3193796266102304
rotation,0.939185475606902
rotation,5.224125551800207
rotation,6.481494338191843
rotation,9.380196998187232
rotation,7.390851874528699
rotation,0.7846040623993787
rotation,24.393923089813125
rotation,19.777181352846288
rotation,10.30264284216046
rotation,8.342080769108893
rotation,6.241768571509463
rotation,6.986787763288914
rotation,6.5742108337685785
rotation,13.590888882114966
rotation,19.15983576296701
rotation,9.50460236042753
rotation,5.98799170575085
rotation,16.94897771442841
rotation,30.79230677387317
rotation,15.800223586418657
rotation,19.258564885336508
rotation,14.134346360712227
rotation,7.653952944853608
rotation,31.73175707952472
rotation,11.82914554743573
rotation,12.343125284496688
rotation,10.664298624977251
rotation,10.347162725117498
rotation,5.761638964214198
rotation,16.773638923192788
rotation,11.135054133900113
rotation,19.332912788298152
rotation,21.907338185835833
rotation,8.256492897476548
rotation,7.568623070634393
rotation,8.72181748955608
rotation,12.61822706427306
rotation,16.89207929757871
rotation,24.138517200079118
rotation,34.488736866422975
rotation,11.626080219863171
rotation,10.080851438558415
rotation,6.678029382569379
rotation,9.275997635745187
rotation,14.281368296243516
rotation,17.585591459653525
rotation,24.180959253101133
rotation,38.56882344239601
rotation,5.55247020575884
rotation,26.798634111559192
rotation,18.62415632875946
rotation,24.06560477007385
rotation,19.21926223339829
rotation,30.045505527052942
rotation,22.312890473760387
rotation,6.253681359400791
rotation,16.056703662204864
rotation,20.12072977076763
rotation,15.931059243743675
rotation,17.96755107435749
rotation,26.18118781024092
rotation,30.158568623288016
rotation,31.792205122319665
rotation,158.65598281365342
rotation,16.71997018464035
rotation,141.70207374282006
rotation,60.42399052628941
rotation,41.06897644920542
rotation,13.112852565660239
rotation,33.57452759277833
rotation,23.761566308524813
rotation,18.502464396653235
rotation,13.08005405493823
rotation,18.572894565790946
rotation,10.709068551778426
rotation,8.845691338469047
rotation,12.806642409819961
rotation,36.265366460498335
rotation,12.64147657088901
rotation,37.9236605284177
rotation,1.9029355703393775
rotation,8.1831162693543
rotation,11.979864506759643
rotation,31.386400316043968
rotation,19.715904447916717
rotation,15.09912387223908
rotation,13.102673269010541
rotation,12.182890850803451
rotation,9.232187913182551
rotation,7.022394991530348
rotation,3.973324209829635
rotation,4.988367524721299
rotation,3.773177148540772
rotation,5.988787798374272
rotation,12.761741545684504
rotation,9.399921063044115
rotation,6.859436974810973
rotation,19.664463423112206
rotation,37.08356683409599
rotation,31.732851318802954
rotation,14.997482694403772
rotation,22.15948192279328
rotation,39.02261272909069
rotation,25.890841564263237
rotation,37.162486381481806
rotation,5.105269371158289
rotation,12.799476901567848
rotation,14.178558437329858
rotation,0.879471756922608
rotation,3.080302701950845
rotation,14.830944306604083
rotation,26.60407534756888
rotation,7.977974110638249
rotation,23.136144286353336
rotation,4.801480705073962
rotation,9.517196433533424
rotation,8.608297078580032
rotation,5.0675260288429165
rotation,9.185165837203929
rotation,13.731222010072551
rotation,11.632152205792435
rotation,11.095519255009584
rotation,10.72535881312646
rotation,5.238369295238191
rotation,2.2767356724793677
rotation,10.15869837718029
rotation,6.490253397479891
rotation,23.902620032328294
rotation,18.19228266934609
rotation,9.49556731110326
rotation,9.482293792872248
rotation,34.38784037356831
rotation,15.474012841426575
rotation,4.846416136948961
rotation,26.090136181678517
rotation,6.824605740165112
rotation,14.328651405514481
rotation,8.115203220661922
rotation,18.57322586426235
rotation,35.95536970214911
rotation,15.774074400490612
rotation,35.01123671811635
rotation,26.263489318440215
rotation,11.884708865561661
rotation,9.600071125507172
rotation,5.5486908191576685
rotation,30.17772555180569
rotation,3.888564297403954
rotation,7.518722327227644
rotation,10.993481523028263
rotation,13.03506236532053
rotation,13.146914181059316
rotation,9.31761805957454
rotation,8.847579760117558
rotation,7.305873757642441
rotation,9.739547781708533
rotation,1.3817953394980744
rotation,2.608242212659061
rotation,27.752721720709335
rotation,11.027087918249775
rotation,24.390178746188308
rotation,14.2194904067431
rotation,58.24850343413164
rotation,81.48679214416401
rotation,72.04069470197287
rotation,31.009530015774256
rotation,119.02365333060048
rotation,27.15976916412309
rotation,167.45075698095476
rotation,45.11585793741054
rotation,47.11343886834185
rotation,18.218467437494855
rotation,15.848371597633323
rotation,15.472518481760694
rotation,15.339864675401696
rotation,23.7315688064214
rotation,26.351940357233673
rotation,16.444985479343803
rotation,30.631391516365046
rotation,89.22523014163981
rotation,17.611810408109186
rotation,45.03172322463117
rotation,19.816398394192802
rotation,24.292764323395705
rotation,25.411716760969586
rotation,26.330999371778713
rotation,22.970131381053285
rotation,29.40860139144506
rotation,136.94552036726242
rotation,11.507316297299099
rotation,142.86311345029588
rotation,23.31834964067984
rotation,17.285218679111644
rotation,53.89518512688092
rotation,10.001528406361132
rotation,9.627517304641499
rotation,32.75236575256422
rotation,13.417126721110137
rotation,26.673741005477194
rotation,8.19529733963072
rotation,13.845600639205873
rotation,10.23570718338063
rotation,4.51427604212605
rotation,22.01889607345845
rotation,11.321143172810288
rotation,7.221504578512145
rotation,11.28257552721853
rotation,19.033722327336655
rotation,4.18626512657606
rotation,23.465002364118945
rotation,8.736034388984944
rotation,29.736384097495634
rotation,6.676290020805328
rotation,19.454294090231723
rotation,1.688435445328844
rotation,14.781565397008045
rotation,4.979912706248212
rotation,7.377816826221941
rotation,10.591136498886057
rotation,10.074753822109832
rotation,12.979334417376586
rotation,8.910561899134542
rotation,10.682070431370429
rotation,4.7526305005814296
rotation,11.426696512767723
rotation,17.717561258515246
rotation,8.892365888341748
rotation,4.028901144626586
rotation,17.69138537199097
rotation,14.041546879026331
rotation,5.185488581733015
rotation,21.304397037755045
rotation,15.033968527355043
rotation,13.287420368788087
rotation,5.205113802460194
rotation,21.181739735433737
rotation,14.079503018936926
rotation,10.158048120684702
rotation,5.202420679323937
rotation,27.471869140829376
rotation,8.595569483492394
rotation,5.11923123105675
rotation,6.391322851974098
rotation,26.226623591646817
rotation,11.44426174231883
rotation,14.293665863846824
rotation,18.078326178156164
rotation,35.33992338665936
rotation,16.250613558567853
rotation,19.927815992670464
rotation,13.432805047714496
rotation,24.906638427037457
rotation,36.48538900019268
rotation,17.297527534322686
rotation,10.918608621323399
rotation,8.239059911676387
rotation,5.4798687118706235
rotation,14.828960348283237
rotation,39.050849887174174
rotation,34.18297515171389
rotation,29.092760556369164
rotation,5.230792657426252
rotation,15.288403180855047
rotation,37.01325190896747
rotation,32.38107403422792
rotation,19.503909515121922
rotation,26.581683767425567
rotation,20.977846222952177
rotation,25.95354969063599
rotation,50.740657718569906
rotation,39.39166462762378
rotation,35.81450819800161
rotation,14.425469264306587
rotation,13.66901995313915
rotation,1.6124128869653618
rotation,59.296433764923165
rotation,52.73860692526348
rotation,42.41019362151301
rotation,32.04557514703445
rotation,24.467279458181377
rotation,18.183651958054128
rotation,13.021540669841855
rotation,3.986635335633198
rotation,25.821816814034257
rotation,35.12670198181753
rotation,20.23307271788595
rotation,9.555188612544619
rotation,27.639181240955246
rotation,35.52749889565848
rotation,33.384619528577375
rotation,55.723274786290446
rotation,38.097186869811324
rotation,28.47844046603543
rotation,10.501504862852421
rotation,21.967918569584892
rotation,24.869129140311987
rotation,30.454679693399545
rotation,46.99356358593696
rotation,53.52735019919136
rotation,36.69908682216814
rotation,7.72507360921349
rotation,5.452053766100275
rotation,21.632814366387926
rotation,22.514858003932602
rotation,44.050129780426154
rotation,3.1348536495711383
rotation,6.578919554664727
rotation,10.598692740659216
rotation,4.1066705718668475
rotation,2.5413335893852707
rotation,5.67204252262544
rotation,6.649309805100449
rotation,16.489804153322478
rotation,1.930642389323097
rotation,2.316077671069238
rotation,8.39041742995303
rotation,8.361904004785005
rotation,1.195319533966761
rotation,9.439551518475925
rotation,1.5495090751656884
rotation,1.3337255936108277
rotation,5.594323398150512
rotation,6.583787984175999
rotation,7.833270223640074
rotation,9.345243784742301
rotation,4.124462709711044
rotation,11.452910324186425
rotation,3.8877882382201148
rotation,15.837452412939419
rotation,10.128656145161392
rotation,2.607224529319841
rotation,3.168636560043203
rotation,4.1615575045010855
rotation,2.2709986899780805
rotation,15.788126357586288
rotation,5.726466696486429
rotation,3.543019336336568
rotation,26.32469720141715
rotation,7.1173793814210216
rotation,8.428665984408177
rotation,6.276121936017053
rotation,24.206195915626918
rotation,0.6878204731858734
rotation,8.429655635203845
rotation,12.57355959953441
rotation,9.549808996721847
rotation,2.9917942905649673
rotation,4.500795366837393
rotation,10.749578592747158
rotation,25.350024478367427
rotation,16.105994539074114
rotation,13.57431939184236
rotation,135.99927363454657
rotation,56.01366967972949
rotation,36.452498515933115
rotation,140.77530590048616
rotation,171.68522507013475
rotation,5.8044277948222245
rotation,6.897159183889189
rotation,13.090495901072488
rotation,9.792299776014149
rotation,9.614139707155646
rotation,4.058346712370887
rotation,2.638634416958658
rotation,1.4698218093307118
rotation,3.792448140766363
rotation,9.345207272956374
rotation,6.74110271166384
rotation,18.842578531924616
rotation,13.633246426198456
rotation,5.021039915657251
rotation,6.078718379490376
rotation,7.718134787181898
rotation,11.056582281922037
rotation,12.131040575410385
rotation,6.670712227539077
rotation,18.10399169044374
rotation,14.003095860389292
rotation,4.202069533150611
rotation,9.749490416717444
rotation,6.922102499656637
rotation,4.374072315813583
rotation,5.218940671859913
rotation,4.311715186013386
rotation,2.733746454128334
rotation,0.4992110923431566
rotation,1.9908199117496088
rotation,5.056130147246836
rotation,11.658578310236415
rotation,3.254094889871432
rotation,7.288270900008722
rotation,3.3395938082546746
rotation,11.394373276662021
rotation,6.751846614190489
rotation,3.2719637640734067
rotation,4.223724971956918
rotation,2.9677005475418317
rotation,2.6489757687227407
rotation,4.002279276092997
rotation,15.846693747343432
rotation,14.480380577576597
rotation,10.439760488960575
rotation,3.6201206014603518
rotation,11.8557254042019
rotation,6.887476044167639
rotation,10.304910109299227
rotation,32.40780488340493
rotation,25.426696040508407
rotation,12.05194575763414
rotation,9.741355752780855
rotation,16.952591965361705
rotation,15.918290576826767
rotation,19.01514579275509
rotation,16.37577093268356
rotation,28.57234420801382
rotation,21.014803708110268
rotation,12.403182767346584
rotation,25.780317413314762
rotation,16.220803212624382
rotation,10.333973120233532
rotation,6.308430217953951
rotation,11.635153634718488
rotation,14.31312621645545
rotation,9.119635063604042
rotation,11.120585610888432
rotation,14.70164843956664
rotation,9.97637636621955
rotation,4.520339022431897
rotation,46.8231292191626
rotation,19.205728311272217
rotation,4.621392979987144
rotation,54.684297389373626
rotation,9.969669063299438
rotation,3.7488838918913068
rotation,4.323504792677939
rotation,8.335584146509639
rotation,1.7949987364690865
rotation,5.747270472964011
rotation,22.849604475082884
rotation,10.041706639792826
rotation,3.018043068871635
rotation,9.087802488952255
rotation,7.5568411757084455
rotation,12.967199885080705
rotation,4.576762119629971
rotation,4.763213629912406
rotation,7.989587611254037
rotation,5.665252000265741
rotation,14.09539927355248
rotation,20.238846508490184
rotation,5.574893434798058
rotation,6.78821314242621
rotation,13.99013181329539
rotation,25.820520209808546
rotation,7.550120423961346
rotation,15.014405227957935
rotation,19.279213772058327
rotation,24.798422072800765
rotation,3.2414439087741127
rotation,15.759853709167768
rotation,17.8864550318909
rotation,6.154235900065569
rotation,1.564484523437889
rotation,6.847132602930925
rotation,58.74821656212326
rotation,8.93343944181506
rotation,17.313300937367522
rotation,23.374235975355347
rotation,20.14782221007987
rotation,19.26585334165707
rotation,21.950673986514385
rotation,12.983910327427825
rotation,9.670182971698665
rotation,3.7749257377376364
rotation,33.783363207270604
rotation,2.7197674072264806
rotation,17.12048911422367
rotation,5.459937769876159
rotation,16.847726667300915
rotation,2.35214026071624
rotation,8.771713127247498
rotation,4.640648110576566
rotation,15.077945695680475
rotation,9.30164473319095
rotation,14.66711777785004
rotation,9.134809402228894
rotation,7.638590730508088
rotation,7.601679760532223
rotation,10.110574764839523
rotation,23.86727460329891
rotation,10.759211551371974
rotation,26.721244714566435
rotation,19.183171065221888
rotation,2.66544734215867
rotation,5.422491582447574
rotation,12.620667289578755
rotation,8.263968351434235
rotation,16.658578246902632
rotation,2.541387864263465
rotation,16.815446195009038
rotation,35.50543987564356
rotation,34.928460080076796
rotation,39.5718454621343
rotation,2.0964304394475177
rotation,12.72981854674581
rotation,17.415059950308116
rotation,69.39167870806222
rotation,17.263272341287507
rotation,36.64035559016461
rotation,15.454840187343674
rotation,11.83866764370202
rotation,14.997595589437225
rotation,11.127176081661984
rotation,9.113238325467043
rotation,13.262336273941841
rotation,3.0537042917546584
rotation,8.844601125148206
rotation,0.8504458732827579
rotation,5.723777940569666
rotation,12.422742820925453
rotation,8.653311612105274
rotation,15.176478904520035
rotation,3.587679264328433
rotation,8.95657525808204
rotation,13.054182806648605
rotation,4.770205472488243
rotation,23.829419280866652
rotation,17.321440689948044
rotation,4.335018357124524
rotation,11.692951954618355
rotation,14.574599083279168
rotation,5.115431934209372
rotation,5.520438449511275
rotation,9.689535284983606
rotation,5.4049688424613125
rotation,10.989297326853533
rotation,9.237957857763549
rotation,16.119611786617497
rotation,2.352510110524731
rotation,24.795691439530053
rotation,21.012512443462118
rotation,10.443054208641575
rotation,23.205327835518904
rotation,7.787853866083442
rotation,24.26998285493109
rotation,3.4364147937254663
rotation,23.63215768529362
rotation,2.777761858051351
rotation,16.071399917781584
rotation,5.633393344389144
rotation,6.263682681631823
rotation,9.529781212753102
rotation,14.409418363789321
rotation,23.4036492066268
rotation,13.22051559234729
rotation,43.59282168013326
rotation,7.09211063790077
rotation,32.14664736322696
rotation,12.485718427286047
rotation,13.422942582736871
rotation,33.21691876414596
rotation,27.449367474116546
rotation,22.05411985740193
rotation,23.502146143252908
rotation,37.659795141046416
rotation,26.118172360520326
rotation,47.83176822221835
rotation,17.919760213230504
rotation,6.918381524438098
rotation,22.174334916495766
rotation,75.04327352627226
rotation,31.130337415733177
rotation,61.46766791885126
rotation,14.67445924596364
rotation,18.240319333527736
rotation,30.31363465934068
rotation,10.353635939602203
rotation,10.369345793632178
rotation,19.78641197206868
rotation,8.767841218122912
rotation,17.962040386110132
rotation,29.424481582609246
rotation,16.563889367046663
rotation,6.437326972664379
rotation,7.2556444909277555
rotation,10.725536394063301
rotation,12.569777437637022
rotation,8.27378441831689
rotation,8.092933324363937
rotation,7.392573392947114
rotation,5.570752452810461
rotation,8.607363905100739
rotation,5.731937223753462
rotation,14.583007300522159
rotation,9.261918017470201
rotation,10.490127328856914
rotation,11.329235194229327
rotation,4.196053692221888
rotation,11.225006079240373
rotation,16.10609032275893
rotation,9.861943274051335
rotation,20.176609808725157
rotation,9.721338207649346
rotation,8.57640295214011
rotation,10.23002308995791
rotation,10.709195680425587
rotation,4.12012639742983
rotation,16.58109823194713
rotation,12.188718886567422
rotation,0.6083856141861139
rotation,15.331427075366348
rotation,7.700438835450688
rotation,8.408931380111003
rotation,10.28424548099317
rotation,9.431149824897727
rotation,4.449795361089045
rotation,5.329109400712424
rotation,8.05960695043732
rotation,2.965983147031791
rotation,5.314379351804893
rotation,1.2462214768797375
rotation,4.001901921125287
rotation,6.815622520640584
rotation,5.951991478318089
rotation,6.547723347103179
rotation,6.416069253806233
rotation,10.969652227825557
rotation,14.12678378855196
rotation,6.978980374227431
rotation,6.571113209986061
rotation,20.20000783449538
rotation,3.6762413834874743
rotation,15.150320363294595
rotation,37.5054573380942
rotation,18.10243099774824
rotation,13.373761685871422
rotation,6.2511133677254795
rotation,7.370085083427249
rotation,28.178265631866402
rotation,1.2378971559865821
rotation,4.81681723491354
rotation,11.389516412611332
rotation,7.417597152284418
rotation,6.0556931783440175
rotation,4.047819151945634
rotation,2.331994294310235
rotation,12.41412206717805
rotation,6.162004659448683
rotation,5.254218574434191
rotation,1.5034583618424378
rotation,5.05843734029696
rotation,0.7378242724671324
rotation,5.8538515280790175
rotation,12.055456893442363
rotation,9.140597795695685
rotation,4.804485078344972
rotation,7.41438720810921
rotation,1.6523296423137583
rotation,11.029653884845525
rotation,2.561889950790148
rotation,13.586239915213708
rotation,6.380471948021073
rotation,13.59854848424685
rotation,4.343830176957593
rotation,7.255309749184598
rotation,6.818429123373144
rotation,8.76557640687044
rotation,6.718799245580741
rotation,8.298080899078705
rotation,5.2041538285619735
rotation,4.51420365954281
rotation,6.61691505922548
rotation,2.498897762266507
rotation,5.822385731537277
rotation,8.067784190439772
rotation,5.907885884644135
rotation,4.249043019242715
rotation,4.144727819094603
rotation,9.439373327153758
rotation,4.428481372364034
rotation,8.157458228313535
rotation,4.348775259556809
rotation,2.7234215501273695
rotation,13.168943136103115
rotation,7.571826169403559
rotation,7.744992849267835
rotation,21.80067402443476
rotation,9.500636171994325
rotation,5.634543866242024
rotation,18.903684638451022
rotation,4.758344481555529
rotation,2.303415368080941
rotation,8.309949592726964
rotation,6.378344940564039
rotation,6.275042959425901
rotation,9.089016890215262
rotation,8.125232028680895
rotation,13.548777273403832
rotation,8.168071956813428
rotation,13.403336718402661
rotation,22.65095784303487
rotation,16.86579391164482
rotation,6.31782940116826
rotation,4.89391663912564
rotation,5.662548970000536
rotation,8.67613275863657
rotation,13.789737899169891
rotation,10.176391278693714
rotation,10.427196826205467
rotation,30.182005604899707
rotation,22.14611041136394
rotation,15.858633324045288
rotation,3.374604494307896
rotation,28.735274456060896
rotation,26.670978962058133
rotation,9.669202961338277
rotation,15.6748640736974
rotation,26.564751727714775
rotation,2.955031153170903
rotation,9.409391966930132
rotation,5.480291760296693
rotation,4.664390107072758
rotation,9.923686296229203
rotation,4.000052936964621
rotation,19.05564513435918
rotation,9.718113003673603
rotation,18.558277404221165
rotation,9.585550942120888
rotation,11.871680329898197
rotation,23.536449583652992
rotation,11.711000638309686
rotation,11.711267334777759
rotation,10.482318680378167
rotation,23.569706708192616
rotation,4.754630360791957
rotation,22.3817149514715
rotation,17.743987986227204
rotation,13.798579348993112
rotation,22.116873648036854
rotation,10.627462931843889
rotation,33.95469637539037
rotation,28.925007451870012
rotation,30.834364057510097
rotation,176.3080315209186
rotation,34.86008992859259
rotation,165.48249110997443
rotation,17.043978665009764
rotation,139.94518098614432
rotation,21.500174382944074
rotation,23.071525320702733
rotation,60.92487065257266
rotation,24.81431921420363
rotation,10.948024142206545
rotation,6.308799308158726
rotation,11.631968033618566
rotation,29.456911682005448
rotation,27.538779750641506
rotation,8.580925832404958
rotation,8.66520629352301
rotation,10.444221156778903
rotation,16.15425552443627
rotation,22.01233416963975
rotation,21.488878754897694
rotation,17.248089214944528
rotation,7.954085165075533
rotation,40.685546229490114
rotation,12.23202608215163
rotation,32.06036812511658
rotation,25.308460251455696
rotation,12.960395027515233
rotation,38.370242043324204
rotation,4.692995394649527
rotation,11.30283191833868
rotation,18.708319561589608
rotation,47.442206651269224
rotation,13.941256548519624
rotation,20.788396784339053
rotation,10.247482464830952
rotation,24.958337217233996
rotation,8.372114201946648
rotation,5.544280925650904
rotation,21.123053898471657
rotation,33.14766401502869
rotation,2.535645134337531
rotation,6.844109626475659
rotation,18.176856037594625
rotation,14.605290753093941
rotation,9.891441163520287
rotation,2.1081656993713325
rotation,14.728911113918112
rotation,11.010314428898543
rotation,8.18934657877467
rotation,11.244719719679827
rotation,3.6901417436581174
rotation,20.42038086157106
rotation,2.7644838748994314
rotation,24.21061832538835
rotation,5.825465119303101
rotation,38.56005215495617
rotation,8.803110269087922
rotation,50.44298258178237
rotation,26.9689207629274
rotation,25.641937301417915
rotation,6.279706841825859
rotation,6.270368162101387
rotation,10.390047091617705
rotation,15.121462165395812
rotation,10.982146999014828
rotation,4.029836895653049
rotation,20.893717462733328
rotation,60.107277922148455
rotation,21.85529882068407
rotation,21.905480134193407
rotation,7.934611247957914
rotation,6.94662857362802
rotation,10.592270665833636
rotation,2.5014464861555967
rotation,8.420488614580371
rotation,3.5995569216487238
rotation,10.346455208273603
rotation,4.618109358851021
rotation,2.264516256936431
rotation,6.652866872004773
rotation,41.17793533605203
rotation,10.179723576514414
rotation,18.862507586198404
rotation,16.089376634563862
rotation,3.9491437032943257
rotation,3.698293765766488
rotation,5.020042134910112
rotation,11.074992808163751
rotation,3.3108603215560786
rotation,11.589473460834911
rotation,0.6612418301696055
rotation,7.839047585480683
rotation,7.532295155363518
rotation,14.143736604724166
rotation,108.96731552193309
rotation,11.112454948273115
rotation,5.448891510608786
rotation,27.666858837608626
rotation,11.47397839770931
rotation,7.496971938656336
rotation,12.343862193877541
rotation,10.966961056414721
rotation,9.964279349608054
rotation,4.408413465808819
rotation,4.908882636624247
rotation,2.7739341154821244
rotation,36.55734206363343
rotation,0.8391258610510101
rotation,4.837858823854886
rotation,5.289806245658728
rotation,17.449017818456593
rotation,1.0982455942503324
rotation,3.799097750084253
rotation,5.330056767740358
rotation,4.496827063789066
rotation,2.624969550126765
rotation,0.1944210531344615
rotation,5.828565693777282
rotation,3.3768264578102065
rotation,1.2717469891981483
rotation,7.1226788994925
rotation,5.164131049561274
rotation,7.379054056769664
rotation,4.0880930841154575
rotation,14.04791001796901
rotation,2.2341597211523303
rotation,12.928568250799378
rotation,7.0847228591568525
rotation,42.02480943192447
rotation,7.441138023865618
rotation,24.18335923119269
rotation,115.28024539764618
rotation,94.88313060096263
rotation,2.7996935758159966
rotation,8.170868166564434
rotation,17.001475600500946
rotation,18.377457217324224
rotation,14.105806698595806
rotation,18.0834262791072
rotation,25.044460357657865
rotation,24.699010856357706
rotation,60.19899360620839
rotation,30.396127398797915
rotation,39.74885321960778
rotation,5.408326091214514
rotation,7.941221056357014
rotation,143.10888253045732
rotation,21.1536981523187
rotation,161.65161702764988
rotation,15.95908120990162
rotation,149.12334362766302
rotation,12.013317657505588
rotation,135.94894463298235
rotation,3.8981294120755137
rotation,82.8762740704847
rotation,23.4111791611503
rotation,42.82062228824992
rotation,39.82298454785028
rotation,13.664647618863636
rotation,24.824266331569195
rotation,10.878006024258408
rotation,45.943117200941096
rotation,14.120567587740148
rotation,18.563289029408512
rotation,19.002431083100497
rotation,13.845158409605853
rotation,11.04290591682659
rotation,15.4667821793758
rotation,24.27777108991712
rotation,8.682823314672827
rotation,22.660795016366343
rotation,9.651135199300088
rotation,12.571237455881906
rotation,12.85046041848193
rotation,15.886347126150373
rotation,28.038017908252677
rotation,5.595116179373677
rotation,6.734969349522214
rotation,14.87071065322018
rotation,10.390984310896126
rotation,4.1875466056606685
rotation,4.878642362964343
rotation,8.160957355466376
rotation,37.39027309895906
rotation,11.503713495638348
rotation,26.271434949947057
rotation,43.472878365099625
rotation,155.19630428178075
rotation,141.0659809314658
rotation,134.5563986751684
rotation,43.79935274723559
rotation,18.549468725562193
rotation,8.526556775095528
rotation,31.02056387069819
rotation,11.20275506576732
rotation,5.142263650343587
rotation,4.6923533137708215
rotation,3.196654577468848
rotation,2.28127439596416
rotation,3.7140945295253385
rotation,1.6961549203241808
rotation,3.5517944926042495
rotation,5.563346010861073
rotation,2.843420039788138
rotation,3.0121729840914675
rotation,8.672221860510918
rotation,4.65678215088272
rotation,2.403452660780156
rotation,2.565630289491712
rotation,7.706100645817534
rotation,0.6492764605043603
rotation,6.742180633804317
rotation,3.3209731017210866
rotation,11.976871127180134
rotation,8.457256853996673
rotation,8.049828407901666
rotation,6.339875222146347
rotation,31.00588646864648
rotation,24.58828255674344
rotation,9.80566849144616
rotation,13.187417408514282
rotation,5.811649362757189
rotation,6.463780123600273
rotation,1.536033296105159
rotation,10.288227380961061
rotation,17.936724851099868
rotation,11.496616119106996
rotation,8.425670874232221
rotation,6.488087815044188
rotation,3.9962179108146327
rotation,11.055274645523355
rotation,11.44195067963507
rotation,9.562888380235453
rotation,5.508682189534664
rotation,3.4571900374258666
rotation,3.224672288541354
rotation,3.3950855294064253
rotation,4.257960206876302
rotation,1.2600965037766008
rotation,9.866101652521769
rotation,3.7304543947760127
rotation,8.933244907284216
rotation,3.539659231445624
rotation,6.0376779788222965
rotation,3.7138584384375517
rotation,4.535256315203525
rotation,7.3835586089628125
rotation,2.3317302504113595
rotation,9.748683220597824
rotation,2.052991265692289
rotation,9.834138837167021
rotation,1.1472120268784844
rotation,8.095035131302662
rotation,11.91909482775706
rotation,1.7212812971065021
rotation,8.246270394535397
rotation,13.156535388868948
rotation,3.498537649385216
rotation,8.674729273820702
rotation,10.415108548623618
rotation,2.150243162493497
rotation,5.496145769830126
rotation,14.264031933380965
rotation,7.520476119127392
rotation,4.101003846523221
rotation,1.7444348972565038
rotation,21.64190135787918
rotation,6.977310895109924
rotation,7.8448252570402905
rotation,12.569325234285461
rotation,8.04245778863022
rotation,3.8593635830361697
rotation,9.641650631156535
rotation,12.57118707373076
rotation,4.170091323231321
rotation,0.18682816391763574
rotation,7.396616263234446
rotation,2.2125858789036066
rotation,4.461047251319792
rotation,4.716139441413845
rotation,9.416673351572225
rotation,10.57377225259169
rotation,3.507804714381413
rotation,3.4123477106382865
rotation,15.486575272234328
rotation,8.588923900608036
rotation,0.6840452047076147
rotation,2.6166358108621495
rotation,19.01434513297347
rotation,4.670330321835981
rotation,6.329321900667793
rotation,5.821974358526584
rotation,51.576796670990625
rotation,14.498919321563625
rotation,11.62150937763323
rotation,5.179077292600354
rotation,151.53647228245742
rotation,19.83569759069058
rotation,35.51952890599469
rotation,175.09726787227137
rotation,132.43990393750718
rotation,15.25272161039538
rotation,14.013595425290797
rotation,22.40587120196765
rotation,31.324049827702414
rotation,158.6135107114406
rotation,175.71226711529172
rotation,168.03713507811824
rotation,123.34469471147415
rotation,167.89922486575645
rotation,133.60648607999664
rotation,168.39362894530043
rotation,141.37168110472496
rotation,171.16817646197126
rotation,167.4559661041384
rotation,60.43874115116207
rotation,155.32244887412847
rotation,32.74696699922285
rotation,143.5926793053046
rotation,6.874507736495138
rotation,95.94504116911297
rotation,22.34385802986892
rotation,19.186530795766604
rotation,4.797082491426257
rotation,14.817055759493972
rotation,21.04540074465712
rotation,15.061264321472335
rotation,6.243455110434307
rotation,4.3468409460920725
rotation,3.383313655055512
rotation,1.7358366694363974
rotation,160.61641905310356
rotation,167.42023428676038
rotation,170.4080090781463
rotation,54.67782395350969
rotation,20.863522203343468
rotation,173.00605768189433
rotation,10.604421740673049
rotation,9.190646925780582
rotation,5.2668837937177795
rotation,11.93940502781401
rotation,3.496216635507255
rotation,37.47584964690314
rotation,9.323362242231104
rotation,10.734263448078005
rotation,38.25119454301189
rotation,18.213422542475243
rotation,13.892659730988772
rotation,43.651833385890534
rotation,14.049191873556197
rotation,6.081620847209838
rotation,30.246396975880504
rotation,9.051327065148818
rotation,168.77718660211724
rotation,154.33709297572292
rotation,153.5402396858239
rotation,172.14844539155985
rotation,163.15581408764248
rotation,152.58298980340368
rotation,161.52124590091864
rotation,99.65163545082004
rotation,114.99209663779385
rotation,60.41891851342205
rotation,65.64285288783819
rotation,31.0857314001361
rotation,22.24696252414471
rotation,14.38112185137354
rotation,5.624627800256107
rotation,3.4313658710858173
rotation,2.9229312420687186
rotation,12.571709584821274
rotation,13.815899858086617
rotation,19.369858284322984
rotation,24.851206391258568
rotation,20.554430477466052
rotation,27.57683184929424
rotation,27.046806364864498
rotation,26.10484100880429
rotation,2.40461086916635
rotation,10.026810691874037
rotation,12.879829161004634
rotation,15.087213495263224
rotation,16.966331606479503
rotation,18.93890329894586
rotation,8.284372268021466
rotation,12.31212713943886
rotation,23.070683922937494
rotation,19.367595438142935
rotation,21.947092980513286
rotation,7.630971241654935
rotation,7.580135328751022
rotation,18.837534897079834
rotation,15.10992760320455
rotation,13.015704411475284
rotation,5.900804563128102
rotation,7.448242986158605
rotation,15.93622699253197
rotation,14.925277375407356
rotation,10.302065226475543
rotation,8.99775397713068
rotation,7.27028121240561
rotation,1.7847363119547093
rotation,7.2977029986168835
rotation,3.377795645110469
rotation,11.49780720786726
rotation,6.453658994128199
rotation,9.326023506768765
rotation,0.2984872046948379
rotation,4.351592641830993
rotation,11.730548184165047
rotation,16.233621179717538
rotation,20.049519976401672
rotation,15.184038484215701
rotation,14.96542019088759
rotation,5.436590810116579
rotation,5.91751691218
rotation,5.930366308498396
rotation,8.7115582526553
rotation,16.45929309969223
rotation,59.59699663050196
rotation,113.30546825891489
rotation,152.42986184723742
rotation,174.60576306629238
rotation,164.86065744783085
rotation,39.33294262349702
rotation,42.00696041123785
rotation,37.09839864388192
rotation,20.035225518874007
rotation,6.840267005351263
rotation,35.41907972532944
rotation,12.852188979522683
rotation,31.678244654608953
rotation,14.018827305367454
rotation,33.81892308160866
rotation,16.044891917460294
rotation,32.277819278528305
rotation,9.796746359025503
rotation,4.487083562850983
rotation,25.65045442368803
rotation,11.421666214201196
rotation,9.678450979811727
rotation,5.361157130677363
rotation,6.845112590792327
rotation,7.778811034215813
rotation,6.002771751095808
rotation,2.0549553495886315
rotation,5.5967710413565595
rotation,7.885156173740096
rotation,8.541700252508758
rotation,12.202618466350549
rotation,12.342480607726692
rotation,38.078932074694066
rotation,14.079031720146094
rotation,10.086187477685032
rotation,78.56651112805685
rotation,7.4273055945197095
rotation,83.43954796791287
rotation,16.40198962779498
rotation,11.971247637861142
rotation,9.13863189647557
rotation,31.674423346396186
rotation,6.683788745981064
rotation,33.705816801822216
rotation,9.332044869563097
rotation,4.431231124852787
rotation,45.973941830779445
rotation,5.4753096804596195
rotation,32.07084836684241
rotation,10.538710829983946
rotation,12.73224367722932
rotation,3.839942384532497
rotation,4.385255277783154
rotation,7.908643668848265
rotation,1.9094439689612759
rotation,28.487799400906827
rotation,7.303477240514242
rotation,3.3377027823245946
rotation,43.485172734146516
rotation,7.098692114340145
rotation,8.1788675695956
rotation,27.662814671824385
rotation,38.7043828856254
rotation,8.399869871512472
rotation,5.771903921868657
rotation,15.410898123268424
rotation,31.530715196516798
rotation,9.220737462502637
rotation,6.3441283165278515
rotation,12.8363301872404
rotation,13.360879036762013
rotation,9.383068400195949
rotation,5.780860083848803
rotation,23.568502732403438
rotation,2.960491827143861
rotation,9.130255339668482
rotation,3.998670228667283
rotation,66.50702489568266
rotation,12.176814721508237
rotation,4.048271429423574
rotation,4.108260541751342
rotation,11.779189977932928
rotation,172.72262638571513
rotation,176.32731498288706
rotation,177.8002371844221
rotation,160.1429959840393
rotation,174.66182479146943
rotation,130.02680581457025
rotation,170.16526601199348
rotation,76.29048584190863
rotation,171.33607185431117
rotation,62.84888786397788
rotation,153.42643360523653
rotation,51.20361254576918
rotation,35.37493098694392
rotation,29.73691649925196
rotation,14.754275268431023
rotation,24.58280349421242
rotation,15.444095094854804
rotation,19.120400125665718
rotation,12.678298894366804
rotation,3.3463360919577214
rotation,18.30624867750189
rotation,6.582689522330526
rotation,13.490638473614164
rotation,8.715047915822842
rotation,10.123730625650833
rotation,4.131432093027832
rotation,11.947800713294932
rotation,5.346838196163466
rotation,13.785657604577821
rotation,10.109856953603964
rotation,11.747123217010465
rotation,10.012459736113016
rotation,5.9046560179416385
rotation,8.21401366094279
rotation,3.6582039065080165
rotation,4.383095793540007
rotation,8.267235221191234
rotation,5.592111914752646
rotation,9.89108259159384
rotation,8.052612283453998
rotation,9.915009645286771
rotation,12.347525497711558
rotation,25.092676401417865
rotation,111.78918894230775
rotation,46.173709609247155
rotation,130.399203035479
rotation,45.85937246670794
rotation,154.04641934835942
rotation,35.5138182537333
rotation,159.90475510640726
rotation,17.658033291075164
rotation,161.5962637713434
rotation,28.37772913567871
rotation,168.6937655516245
rotation,44.86561963904652
rotation,159.3239071706407
rotation,42.12373835061625
rotation,157.10222462390624
rotation,39.458420123157396
rotation,18.07738650522222
rotation,6.317645374303995
rotation,40.78763979414568
rotation,11.086310399116678
rotation,8.83409262353081
rotation,6.261742757391802
rotation,10.44238318508592
rotation,8.69385571109643
rotation,17.99575040152046
rotation,13.431010048195896
rotation,21.703846529897216
rotation,17.880845846630145
rotation,12.948523646168818
rotation,12.172350832329897
rotation,5.088142610504135
rotation,1.9789891977504372
rotation,2.4107619564344214
rotation,4.234891968918863
rotation,3.0575609382522906
rotation,7.362720768287201
rotation,3.3272570753907047
rotation,2.9629997424502355
rotation,7.917527029015595
rotation,3.402298817099206
rotation,10.72711507349803
rotation,5.957011437740305
rotation,14.255025817055278
rotation,8.243035679757236
rotation,8.645221678195462
rotation,5.480530646335759
rotation,2.3604026434465153
rotation,7.401300512797755
rotation,4.064863386765248
rotation,5.885802774262304
rotation,4.2716625006988655
rotation,6.178957816526051
rotation,4.203463022016308
rotation,5.327626594171813
rotation,2.4501061513896647
rotation,2.1072276174371742
rotation,10.657251696713699
rotation,9.210571047153378
rotation,10.7923287212428
rotation,8.511597348435995
rotation,7.030694857324592
rotation,6.172125934335791
rotation,4.703489489909224
rotation,0.5693583041821041
rotation,8.134437085680572
rotation,4.624290530660928
rotation,6.1319528928759
rotation,8.424218070877766
rotation,0.9342855336052014
rotation,5.05718203141443
rotation,4.191651100967127
rotation,2.551699401054668
rotation,4.535531588792763
rotation,4.44507710805762
rotation,7.3453811826705016
rotation,5.685317127142691
rotation,8.236580169116563
rotation,5.937466510544256
rotation,5.018560444813332
rotation,5.985591438098496
rotation,1.725661293640993
rotation,4.078185678231658
rotation,4.253750932735182
rotation,4.792097790813598
rotation,5.043020796891367
rotation,11.916755566963964
rotation,1.79544385304127
rotation,2.962404317351695
rotation,5.809672316296006
rotation,25.465816783722072
rotation,4.301464089418147
rotation,0.9912160840166973
rotation,9.9743158710731
rotation,25.902405226374444
rotation,10.561722572616196
rotation,6.454814898072743
rotation,13.596156882222244
rotation,16.451101286640483
rotation,25.863586778772746
rotation,169.9021645706126
rotation,171.216648037879
rotation,173.97928634006652
rotation,164.3380455329362
rotation,179.07018699831346
rotation,173.51052732528422
rotation,158.51979385259273
rotation,175.79676228400757
rotation,172.49686452741065
rotation,172.47977875596325
rotation,168.79383551760634
rotation,169.68009037064195
rotation,166.69742601797634
rotation,164.39771799869422
rotation,165.14929982481996
rotation,145.20722656174766
rotation,40.606822980261306
rotation,135.2956300391058
rotation,17.63569430039453
rotation,19.687493371453115
rotation,6.481350507021871
rotation,5.012352037117933
rotation,9.005792934906559
rotation,5.8410779264804145
rotation,4.849728301047106
rotation,1.2028637712083747
rotation,2.327938181897267
rotation,6.283295929616671
rotation,6.43299313764025
rotation,0.2312018601532661
rotation,1.270147335074168
rotation,4.699209778177671
rotation,15.945439704235753
rotation,3.5439329844466
rotation,177.5592600156114
rotation,178.32489934040592
rotation,171.6217932154817
rotation,165.80810602515544
rotation,160.81697428670745
rotation,171.97074307263992
rotation,156.32039759646182
rotation,121.0810741205649
rotation,171.2399181636296
rotation,165.73346093421026
rotation,167.00744208310527
rotation,163.95591376744005
rotation,151.55405802881543
rotation,3.3218717719493442
rotation,1.9780443623186275
rotation,0.6151200030388154
rotation,12.40448522800109
rotation,21.00022795615575
rotation,27.84792538639456
rotation,14.525164903878979
rotation,7.049204469953187
rotation,4.306684067642156
rotation,8.619860631618153
rotation,15.349281398030007
rotation,5.229889305043639
rotation,2.1310908255365186
rotation,5.925364023033461
rotation,22.765298934882743
rotation,13.260295533989249
rotation,14.92986564881522
rotation,18.373097823250554
rotation,16.406147609031336
rotation,23.03927669428208
rotation,18.9391862098583
rotation,11.918123506784559
rotation,29.124044442539986
rotation,12.105332660331358
rotation,170.70792449113526
rotation,174.49735744552666
rotation,166.22880788312568
rotation,170.55814350504963
rotation,170.826726560203
rotation,175.00866803481384
rotation,172.06888528619046
rotation,172.06319223626213
rotation,174.23556509295594
rotation,175.7193025693662
rotation,153.8604988306615
rotation,175.53364867201634
rotation,172.6526044963588
rotation,172.22092918817242
rotation,150.33777464126715
rotation,174.25991778545384
rotation,152.87879880430026
rotation,166.49630145436458
rotation,162.78271567062433
rotation,167.34574144902018
rotation,135.16575376448583
rotation,161.9805519194303
rotation,171.27444740942363
rotation,171.5132526975544
rotation,126.02104488021384
rotation,170.14373843229322
rotation,169.7318518299517
rotation,175.44123777560188
rotation,40.04728874895279
rotation,33.14081500024864
rotation,33.543518710101175
rotation,40.92674809994495
rotation,105.769140887913
rotation,158.01793032655453
rotation,142.81273233660838
rotation,147.59504384084488
rotation,157.57802138752186
rotation,107.61410298672557
rotation,141.43434825188064
rotation,109.5270201710337
rotation,127.16875819253424
rotation,132.0215195541941
rotation,93.1973280307093
rotation,93.42676322569396
rotation,154.43310219735596
rotation,171.69696696239836
rotation,167.44207905691343
rotation,158.7612864176821
rotation,152.93872002892
rotation,21.228650360614512
rotation,150.3921559476073
rotation,35.67916348851776
rotation,148.8279850997656
rotation,8.782093449066707
rotation,137.33515308117717
rotation,30.28429673932537
rotation,37.18899352832987
rotation,21.863838615118386
rotation,12.70115204190888
rotation,10.149458347281328
rotation,12.779580473110313
rotation,4.351964909533599
rotation,66.56508376423282
rotation,20.31901969950024
rotation,40.00422756410148
rotation,43.67673370577399
rotation,34.37846636128423
rotation,21.819069443797492
rotation,20.77384724359033
rotation,12.294411191984308
rotation,17.328195259764655
rotation,4.997091333549698
rotation,38.99344244556925
rotation,124.87537208584334
rotation,53.83681201287321
rotation,9.031087763193444
rotation,16.024106699784102
rotation,14.387678115527612
rotation,18.804994347701903
rotation,30.298874153747594
rotation,28.962014342005673
rotation,22.780583899844963
rotation,12.867173086208085
rotation,4.759719470006322
rotation,3.631129570621608
rotation,11.575861628968488
rotation,15.572766750189619
rotation,3.9471479639358167
rotation,20.125093805896423
rotation,16.407331601804035
rotation,3.007710297853468
rotation,47.18106788691546
rotation,51.51552328820652
rotation,57.6939436604325
rotation,49.14638451233766
rotation,40.14726748607502
rotation,31.54364526388789
rotation,17.027479183519976
rotation,23.185318348322856
rotation,8.018288597783492
rotation,3.8997621790135932
rotation,1.5178484471050573
rotation,2.2987872842584114
rotation,11.432237852817524
rotation,11.861215970044086
rotation,18.589753285747943
rotation,29.236760388972584
rotation,31.94788798795875
rotation,44.81291442991105
rotation,21.774204038502077
rotation,53.20643387486119
rotation,10.841537356297522
rotation,36.58771560966099
rotation,16.857449195482687
rotation,8.639308177250655
rotation,18.792362772137125
rotation,10.627719111693693
rotation,28.722083844710994
rotation,37.80940940797223
rotation,23.082140776539173
rotation,8.956935825513012
rotation,25.13979395556949
rotation,25.058627895683056
rotation,5.358489774386132
rotation,25.531323036201886
rotation,11.980857915432667
rotation,21.782352068653296
rotation,13.603466673783654
rotation,9.39828753077824
rotation,12.069187160179403
rotation,4.758890182690843
rotation,11.224365066826156
rotation,17.655269356368816
rotation,13.198217318392624
rotation,10.691690265600338
rotation,12.963932902485691
rotation,7.534827665250317
rotation,16.861079868108483
rotation,3.5699760409680237
rotation,49.09545601746153
rotation,5.914287034604474
rotation,83.40327616307745
rotation,12.1395782705759
rotation,76.15560887356122
rotation,19.8973090403192
rotation,13.175074876155692
rotation,7.642277926077572
rotation,9.893754229756242
rotation,26.356065830430534
rotation,9.967350990095579
rotation,30.774469597352788
rotation,25.255770609300548
rotation,20.440074225686732
rotation,43.856959284526816
rotation,9.573329331177696
rotation,29.801492815557037
rotation,24.34028654883257
rotation,65.15952925576714
rotation,8.246930717245988
rotation,50.62212938274758
rotation,3.9977981907763938
rotation,25.837277395296226
rotation,9.426661431393885
rotation,23.054965246166372
rotation,22.08750096803308
rotation,42.577348134183175
rotation,15.448008355058475
rotation,43.60373616184091
rotation,29.529235313080036
rotation,33.05198843717453
rotation,35.927342003819774
rotation,15.895168672123841
rotation,13.89144688569942
rotation,52.02352697730301
rotation,33.10757098687651
rotation,28.13037391818757
rotation,29.31323995986847
rotation,162.36427409433466
rotation,137.014151337537
rotation,140.56970081389005
rotation,126.23397643968444
rotation,86.28882761564968
rotation,97.63788781712961
rotation,27.10256216545824
rotation,17.69196389930537
rotation,59.03490810880848
rotation,5.613778966066628
rotation,13.611242083306147
rotation,9.535733877143045
rotation,7.587720058757699
rotation,10.505327946703854
rotation,25.22232474083669
rotation,11.371143090730966
rotation,29.29711871677673
rotation,11.452663265578348
rotation,27.36265912260913
rotation,28.214999568184304
rotation,19.952055762700102
rotation,43.66293896126399
rotation,20.073690663154743
rotation,42.72472379790105
rotation,10.610612171840563
rotation,24.454629468267484
rotation,6.226559612838382
rotation,9.05549625958975
rotation,24.10918883151844
rotation,5.31198028245134
rotation,19.625418801831923
rotation,4.145432283028517
rotation,11.94185154246276
rotation,27.51332751725887
rotation,6.609826302975191
rotation,6.227764268121081
rotation,19.477040058746756
rotation,8.012936202857727
rotation,4.747581370960037
rotation,6.344547438876733
rotation,5.393042872003874
rotation,44.67918856565457
rotation,10.955629843851078
rotation,25.134105394252593
rotation,16.026820404404035
rotation,42.44441158502788
rotation,14.560180591751362
rotation,29.940551178761975
rotation,23.702529419381403
rotation,28.4049705748454
rotation,2.3829910076131253
rotation,13.113628389354067
rotation,11.552315106923524
rotation,6.505740392581701
rotation,10.42335136302074
rotation,12.348147989362381
rotation,4.725032767561085
rotation,26.160906067948833
rotation,20.577157890282415
rotation,50.74760960063526
rotation,12.719481434435718
rotation,31.07266386483096
rotation,30.759004103333734
rotation,28.171597395612494
rotation,42.99653154573929
rotation,66.3827754439106
rotation,51.37631393619823
rotation,133.07997810819413
rotation,43.922139899516566
rotation,128.87928317369386
rotation,41.46910959631507
rotation,7.551037537399496
rotation,10.89825717960942
rotation,16.095882375307813
rotation,15.805466425671048
rotation,17.44833113243244
rotation,17.1867536218313
rotation,25.013358163765815
rotation,15.855363766351795
rotation,14.031354532114507
rotation,14.052169229855641
rotation,4.532604747574932
rotation,16.466355360622764
rotation,10.849598754883578
rotation,6.181059657812621
rotation,11.263683703955358
rotation,13.264826089526325
rotation,13.115208644343562
rotation,11.591366158288901
rotation,9.129792161836553
rotation,10.394921349887552
rotation,7.446763549322553
rotation,8.388070947640198
rotation,16.877106194015525
rotation,7.98833008898884
rotation,13.176627283499977
rotation,12.544119147114417
rotation,11.006805987165349
rotation,19.479103605514904
rotation,13.397073770910957
rotation,9.093038192187562
rotation,9.626466546073104
rotation,11.519869077954686
rotation,8.8364322830085
rotation,165.73117938360218
rotation,163.811642077328
rotation,164.74619712744024
rotation,39.321464086691165
rotation,66.1213235127329
rotation,102.15301088955701
rotation,133.86732533543463
rotation,121.8334112078419
rotation,140.52740403792916
rotation,136.19478967514428
rotation,157.28054916002242
rotation,170.83399811122268
rotation,165.259791957584
rotation,162.92606916905146
rotation,43.64373174328948
rotation,11.429145558699336
rotation,12.695550805425688
rotation,7.387916188588812
rotation,5.5052268601215895
rotation,7.700494045276624
rotation,3.5858954623828203
rotation,6.290206852728555
rotation,6.764224844125335
rotation,17.94545192453844
rotation,8.414087391644852
rotation,10.696814989511392
rotation,1.3312393523291097
rotation,4.291877084527127
rotation,1.1253296724672652
rotation,1.9935768161504432
rotation,2.1783660569643826
rotation,4.45307008185492
rotation,7.176943471136572
rotation,3.9228829666274145
rotation,4.237660131830548
rotation,50.46664910118291
rotation,3.3074339455758706
rotation,23.528998476976987
rotation,14.846217896382184
rotation,5.844407417434483
rotation,15.226081248163679
rotation,2.4827481103422127
rotation,7.018679832936217
rotation,13.30584603145068
rotation,7.576134055454423
rotation,2.384840655271384
rotation,5.308684219376683
rotation,26.79451456194895
rotation,4.456612864701037
rotation,3.3247839780337256
rotation,4.228925001702635
rotation,9.569204179514163
rotation,1.2067076834227597
rotation,6.5902308083741605
rotation,5.1942593454532835
rotation,6.872123922660104
rotation,4.975549537826259
rotation,11.2949275694545
rotation,6.965326719931478
rotation,8.504140919532784
rotation,4.937001845528766
rotation,9.189015424252062
rotation,5.617998774713947
rotation,20.16743469757554
rotation,5.9368489115404595
rotation,10.688786346047399
rotation,8.525851220513205
rotation,20.413637069746887
rotation,3.4435658214584515
rotation,21.645286392005634
rotation,15.771460736127036
rotation,11.59620441287733
rotation,11.635327544166143
rotation,9.267031644653175
rotation,43.4961760039955
rotation,11.079384179270342
rotation,6.508837557839411
rotation,5.778186428515739
rotation,7.782073253296363
rotation,22.273127632486805
rotation,15.319916039895972
rotation,21.319159837310135
rotation,22.806478815650227
rotation,24.92806803394601
rotation,18.244349157913007
rotation,13.521124740083154
rotation,25.616235214629945
rotation,4.736456976065345
rotation,17.30780771665012
rotation,6.7528644228917285
rotation,17.10615545634793
rotation,9.624870884003263
rotation,16.126171040145675
rotation,7.365689595985346
rotation,2.6122214641509083
rotation,7.833192263265036
rotation,9.644754758196106
rotation,9.734197128579147
rotation,15.496576708573667
rotation,9.625618879697978
rotation,18.408235489843705
rotation,8.994554282680667
rotation,13.712856635019428
rotation,20.99718715446854
rotation,9.129303802890655
rotation,11.31357583734251
rotation,16.465407897570017
rotation,36.48357077719559
rotation,9.293463267937808
rotation,49.69858699571857
rotation,9.57220277819589
rotation,79.87278805707807
rotation,14.789129645062502
rotation,11.311032823170667
rotation,17.486812120592667
rotation,33.53318179681894
rotation,35.86201826185436
rotation,30.817078960413017
rotation,52.425597498980686
rotation,61.9585139463236
rotation,125.48830977526215
rotation,57.03801427423286
rotation,123.96735142390719
rotation,34.73210526341201
rotation,18.108199967086197
rotation,32.75838841719381
rotation,24.462811004545614
rotation,29.36707724152199
rotation,16.30158839381976
rotation,40.02129012854251
rotation,66.24442213771266
rotation,18.037595414585358
rotation,47.03093891801606
rotation,15.68481824396705
rotation,15.133035618369188
rotation,14.806886453782042
rotation,17.795603764130497
rotation,7.664647807404988
rotation,7.522339125971513
rotation,3.4677913118631163
rotation,11.210192877781138
rotation,11.652493394989774
rotation,6.580990672820155
rotation,15.446020741679803
rotation,6.736093300914815
rotation,10.429638381761514
rotation,10.500499728713448
rotation,9.356668366182468
rotation,14.453587525091026
rotation,14.03073198992062
rotation,17.41394172208997
rotation,19.215134170369847
rotation,3.565840502845472
rotation,10.226777876226144
rotation,8.510602550549951
rotation,6.3075576648707
rotation,2.07820276585581
rotation,4.625431639444417
rotation,8.102030230107225
rotation,13.380689361437504
rotation,18.580381276339576
rotation,24.525213863022536
rotation,12.148803929872233
rotation,22.161095941478358
rotation,31.236257146201154
rotation,9.553355291580951
rotation,13.908157675170138
rotation,19.469978836332782
rotation,20.582547670488058
rotation,7.69105269111706
rotation,6.596130525005643
rotation,11.50567478003221
rotation,8.83457677288932
rotation,1.8054148149371785
rotation,5.856777571449169
rotation,5.760657111692168
rotation,13.466471039594815
rotation,4.821767842432773
rotation,16.534612114517284
rotation,19.186176943345075
rotation,22.811018384472735
rotation,15.872666848425368
rotation,15.180447735131056
rotation,31.676908754685567
rotation,4.3668454271880055
rotation,10.398351190163778
rotation,6.001621388137354
rotation,10.948209577679458
rotation,7.770419389812265
rotation,5.135157535264519
rotation,21.2665993744184
rotation,33.51262720806148
rotation,13.62334103048118
rotation,9.63064615581901
rotation,27.222219491727827
rotation,45.944930133861455
rotation,50.01410090757731
rotation,64.68867058004471
rotation,53.15612897927206
rotation,124.50962849664829
rotation,45.93530338250505
rotation,18.930075951889496
rotation,170.8255859750011
rotation,7.374448295096466
rotation,176.76865843967929
rotation,11.17300127012165
rotation,10.44601286146227
rotation,9.319771556471329
rotation,11.436315116438344
rotation,13.634043962018376
rotation,41.38444839190294
rotation,13.949879763586022
rotation,14.141017336862658
rotation,7.157536859835239
rotation,10.337426683883526
rotation,6.176113464942459
rotation,14.418081310678582
rotation,4.558585798691183
rotation,5.975558664647493
rotation,6.1253264153429905
rotation,5.953988563886743
rotation,5.8061443806649935
rotation,2.240513575217261
rotation,10.970882682581815
rotation,1.7599592858883106
rotation,7.3714491809060565
rotation,1.1239590545372808
rotation,13.715896265512677
rotation,7.474483108512962
rotation,24.912207467861663
rotation,11.78500471304153
rotation,34.83100626166954
rotation,6.128268371576726
rotation,48.21626600395239
rotation,69.02215080710029
rotation,14.763499823773891
rotation,30.429678796859186
rotation,82.8837718702888
rotation,85.02806980922458
rotation,114.5300115598392
rotation,152.1243001316969
rotation,22.136015569485558
rotation,13.186087259908538
rotation,4.491957621554023
rotation,2.3189088943858964
rotation,3.132807190142199
rotation,8.412308168655036
rotation,9.44677982550987
rotation,3.0471911163754912
rotation,9.451257686804881
rotation,10.43477590727045
rotation,7.767016555800488
rotation,2.893061241558373
rotation,1.3147166305746487
rotation,7.134237004936085
rotation,7.239771607816219
rotation,13.95430378245369
rotation,8.983716644777127
rotation,11.331054182152787
rotation,9.158997484704065
rotation,3.8066646374023354
rotation,17.797608061457233
rotation,168.4035249760947
rotation,8.847531282123684
rotation,10.958468851701335
rotation,5.138028007046442
rotation,6.907501304800096
rotation,6.298364115138948
rotation,2.516330431418724
rotation,9.687230219876557
rotation,3.93290817987163
rotation,5.312461948001165
rotation,1.1459667453423572
rotation,8.79616457165091
rotation,3.5961804429882545
rotation,3.076603493074573
rotation,7.851785651327964
rotation,6.715102305356213
rotation,4.126794971593558
rotation,4.159704913985707
rotation,0.1583840343585166
rotation,9.320149843298248
rotation,5.119884230967983
rotation,13.486118582335754
rotation,4.4161960564356315
rotation,2.066593013434179
rotation,9.33565478770096
rotation,9.86470522636519
rotation,5.451484950935773
rotation,6.3161028819955645
rotation,7.533108346831564
rotation,12.710293222743323
rotation,2.400205343520175
rotation,14.87831692798164
rotation,0.8196240490678228
rotation,4.606163729098393
rotation,0.7560557851501823
rotation,3.536672693626374
rotation,7.251072892717749
rotation,31.778989273605617
rotation,3.4749382737201038
rotation,24.46259298449616
rotation,6.544238152432165
rotation,9.897977118945622
rotation,57.54258342202305
rotation,20.501253846308234
rotation,6.661205780532374
rotation,6.603736915934287
rotation,5.202416530321661
rotation,3.2923807593216043
rotation,4.1076947615222945
rotation,21.509277002453327
rotation,8.77823446161575
rotation,18.527391209289146
rotation,9.340486898928019
rotation,10.64200979805338
rotation,7.485680575459538
rotation,6.6149389700635695
rotation,8.387568612091798
rotation,8.5073212874226
rotation,10.47272454338561
rotation,23.972129310079968
rotation,8.390249258671767
rotation,33.168379377064454
rotation,3.300722692431645
rotation,26.59208387987246
rotation,5.2065548341863925
rotation,14.819962291975514
rotation,26.733907785116994
rotation,9.182438032782688
rotation,4.912790750277642
rotation,6.838035660385931
rotation,10.303415255398237
rotation,0.7729264239399135
rotation,9.505342908852292
rotation,9.19589096753863
rotation,4.906472487469715
rotation,7.295537405088465
rotation,9.789548250542381
rotation,4.27869080254835
rotation,0.5471700634245303
rotation,7.073653779354522
rotation,3.2155106910683706
rotation,1.8636618464577523
rotation,2.3064556132270857
rotation,16.88219657153352
rotation,1.205772302559948
rotation,2.7680418790951182
rotation,1.801020564299179
rotation,20.30780434882987
rotation,6.064870071163737
rotation,7.230766423209373
rotation,4.888041860537624
rotation,13.56595078184653
rotation,2.8086049892783294
rotation,5.928282648352949
rotation,4.984995590470896
rotation,17.974936217990926
rotation,8.163975184478804
rotation,3.2189177586461186
rotation,12.59973239953528
rotation,58.7780581373725
rotation,18.254305634823666
rotation,110.31946227343107
rotation,21.8539446011448
rotation,19.099510810621382
rotation,17.326298918184182
rotation,28.721834156673392
rotation,26.723174591972548
rotation,33.213496894014305
rotation,45.82286536026098
rotation,49.55815288596255
rotation,5.518834529746722
rotation,33.10980299552577
rotation,9.262191424577363
rotation,10.37463348929737
rotation,19.275074384026446
rotation,20.702824425531663
rotation,32.16360475922485
rotation,29.077148551600576
rotation,13.27917957928914
rotation,20.904038114910733
rotation,21.93624511636533
rotation,10.813315473984357
rotation,2.549427048298092
rotation,8.565668380059245
rotation,7.240909775341195
rotation,162.47048125751562
rotation,12.534454823485367
rotation,22.508191754031923
rotation,159.56845219158674
rotation,15.079006443632107
rotation,150.20237442418014
rotation,19.294927482069436
rotation,111.9250175813395
rotation,118.38595751062145
rotation,13.30276512424515
rotation,173.79330092993658
rotation,7.508453526913291
rotation,160.03842020099222
rotation,8.296511141621004
rotation,177.4341616566838
rotation,35.63156652673599
rotation,8.755751377448563
rotation,176.0490127848589
rotation,8.55449277838147
rotation,2.6231200552031475
rotation,177.3115934135546
rotation,2.8733282180718365
rotation,4.570684348474504
rotation,162.72417611956675
rotation,12.210563636647072
rotation,12.171483396998962
rotation,153.82819193063904
rotation,20.716680822089472
rotation,12.276719516487018
rotation,17.639419161867842
rotation,5.141694031534553
rotation,8.184481979721626
rotation,16.824423674114065
rotation,154.37028429101076
rotation,22.308439140719674
rotation,34.066585441988884
rotation,162.00810899051407
rotation,18.025480094950385
rotation,40.14567388243046
rotation,175.77720715715716
rotation,1.0410017222132404
rotation,55.24008156580552
rotation,9.975022808786086
rotation,68.05891033249408
rotation,148.49437134047102
rotation,14.606828163536132
rotation,7.467295299859231
rotation,77.35162295379156
rotation,136.99094115344346
rotation,6.239953710675386
rotation,5.456644075614343
rotation,78.8376297098755
rotation,9.906662850067038
rotation,8.946101131484491
rotation,5.244444610704066
rotation,14.691317031800581
rotation,0.41845441926922056
rotation,12.533449009316866
rotation,91.07061193113041
rotation,20.478372057258934
rotation,5.212554711298475
rotation,21.436341796619303
rotation,84.12225562755575
rotation,14.481436515775185
rotation,4.127549510685054
rotation,9.72990283946377
rotation,87.20218075224888
rotation,82.35075558563234
rotation,36.47735963047193
rotation,48.99305212421843
rotation,30.387054948847343
rotation,11.607619258826722
rotation,43.242316790212406
rotation,14.740979840838222
rotation,40.8515735345855
rotation,20.689591588795906
rotation,56.96819393186673
rotation,19.48397831655109
rotation,74.43869086468044
rotation,10.625064861354447
rotation,82.1073760122139
rotation,12.738153178851306
rotation,80.42625853392168
rotation,20.16253467622946
rotation,77.15633860148687
rotation,28.02233613204696
rotation,58.27925253367637
rotation,25.256104347446477
rotation,51.76700506508748
rotation,23.320463269848222
rotation,65.13712740925348
rotation,24.963815128624738
rotation,63.87188800443936
rotation,46.87070709174254
rotation,57.255594130246735
rotation,70.67561773020005
rotation,58.74191822464269
rotation,86.39850107503713
rotation,70.12870707543792
rotation,148.0392481141325
rotation,79.41627033026187
rotation,161.43838062133568
rotation,107.33410352471502
rotation,154.29478467840576
rotation,137.08487576083155
rotation,154.25421453928342
rotation,144.6250743191646
rotation,135.46040846672554
rotation,110.1170137595737
rotation,128.0750903452993
rotation,23.793022958049526
rotation,5.120641979824576
rotation,12.039332997348149
rotation,83.76355424497326
rotation,25.39190321932409
rotation,64.64519091465682
rotation,44.498190191628986
rotation,68.82533034448893
rotation,69.64382732873042
rotation,68.26158169116246
rotation,83.48564673469966
rotation,62.72014010090039
rotation,87.15051051715712
rotation,56.79863063197661
rotation,58.74519185552214
rotation,74.66976827471046
rotation,62.7135374821749
rotation,59.80670957379758
rotation,56.34414321562322
rotation,67.85719463460332
rotation,35.248377039343886
rotation,41.620863324404276
rotation,31.533238402541652
rotation,17.287955944381963
rotation,14.753429937966082
rotation,23.18297716720666
rotation,12.250016018576481
rotation,49.09124206276808
rotation,39.28136920586591
rotation,51.03320927220007
rotation,42.24629031194298
rotation,54.533406732605876
rotation,40.86334418835547
rotation,18.254431660110388
rotation,12.349867691926462
rotation,24.34094703392064
rotation,30.821164089685276
rotation,18.899569637418935
rotation,8.173933764055437
rotation,55.96866948666399
rotation,26.393764340220706
rotation,10.388566080556513
rotation,71.97993083907699
rotation,10.837575785861548
rotation,5.922084741788204
rotation,19.103862188270366
rotation,6.136030519755059
rotation,30.214420072607698
rotation,3.4826169372975375
rotation,10.796114439209404
rotation,22.016790923632286
rotation,2.155946022052024
rotation,7.076943303518733
rotation,13.155495146254367
rotation,6.190500697782546
rotation,6.8321348651113345
rotation,8.838144230953299
rotation,4.635453080387842
rotation,38.11216147586684
rotation,5.0122350902345945
rotation,5.020449323280997
rotation,15.921580347377946
rotation,3.287834606622032
rotation,8.998218268727353
rotation,3.7432700622336212
rotation,14.227874910028738
rotation,7.3534249068767
rotation,7.208750753827138
rotation,4.111734346267751
rotation,16.776030420939303
rotation,33.00362982839839
rotation,3.381791621747654
rotation,6.178123040183241
rotation,23.192924106563655
rotation,40.08708069201138
rotation,3.5573690052735643
rotation,10.276481480911105
rotation,165.883002956723
rotation,166.1737804326713
rotation,164.31995086417604
rotation,167.7665132104306
rotation,167.98341310239255
rotation,140.04621209538018
rotation,130.4782189138109
rotation,114.15997782799204
rotation,20.24915472731019
rotation,99.99723236228242
rotation,7.128578392319125
rotation,71.04743812379603
rotation,21.94393773492472
rotation,38.918900933933784
rotation,34.79238399481694
rotation,67.67964185281143
rotation,152.92559660675352
rotation,104.11077576955324
rotation,137.36288513301372
rotation,144.64159516085385
rotation,143.89512579997427
rotation,124.76015719073297
rotation,130.0496853571337
rotation,4.137847135102085
rotation,124.23071030351605
rotation,43.27784215175074
rotation,154.9323835611102
rotation,67.71251098837693
rotation,120.50141017186317
rotation,6.678066025159953
rotation,140.47361884663633
rotation,107.59962011890616
rotation,19.38122710935445
rotation,172.92545228813867
rotation,136.86229187407523
rotation,20.340712601259455
rotation,165.23250053191245
rotation,177.03630857472254
rotation,0.8032588562710903
rotation,170.79376496482664
rotation,19.489145294459217
rotation,156.28526798236217
rotation,25.27544364597266
rotation,142.90837220612073
rotation,20.263005664231557
rotation,20.061025519546178
rotation,148.1244632252433
rotation,21.719274641101254
rotation,25.52177139039985
rotation,22.611242362315526
rotation,34.10263258118623
rotation,92.91069167141703
rotation,18.075648064599978
rotation,41.071568905211365
rotation,3.05168716475227
rotation,41.91591918452508
rotation,38.40926027608097
rotation,42.68605349003521
rotation,62.77417745691115
rotation,36.00002908606258
rotation,109.29435325940125
rotation,70.27452372990426
rotation,37.96215099233583
rotation,77.82699954930717
rotation,76.01263639905848
rotation,37.52141914456322
rotation,3.0969763897053353
rotation,59.93072542648477
rotation,10.321770499030512
rotation,32.1039291561509
rotation,38.49243044807609
rotation,22.276297250814377
rotation,49.07681171649394
rotation,43.47163015947483
rotation,22.6859681723353
rotation,25.902369198525484
rotation,42.62227011179396
rotation,19.644210693468313
rotation,19.92418890956167
rotation,7.116331819806036
rotation,21.759376473072205
rotation,27.40680622433049
rotation,19.941728887761478
rotation,41.53720541863421
rotation,11.932543265277273
rotation,53.3496992600567
rotation,25.199612878456392
rotation,69.03208163436658
rotation,32.39610221445016
rotation,60.66982329373335
rotation,15.104345661316229
rotation,37.957135294678395
rotation,25.366687258006134
rotation,20.60069687303601
rotation,17.34783069199911
rotation,12.504953332877964
rotation,20.76581744432023
rotation,177.34064433309186
rotation,167.82489738604693
rotation,170.19632703719617
rotation,168.50365293849202
rotation,158.20912228022644
rotation,145.3845684184714
rotation,116.4358059712575
rotation,46.698693001465095
rotation,11.320234069758438
rotation,11.252832992611749
rotation,7.786132921020522
rotation,8.596883406196504
rotation,5.982803448214772
rotation,8.020237760611167
rotation,7.868195908704656
rotation,0.7576290260057768
rotation,1.9633426493610433
rotation,5.01489678074774
rotation,4.9394689996654435
rotation,3.5103798905352086
rotation,3.636407475755427
rotation,3.884078783635357
rotation,3.421085499256511
rotation,5.233136282600054
rotation,6.288480544840542
rotation,3.5140066712401623
rotation,3.792943593710139
rotation,3.2706317895157713
rotation,2.9565440614475578
rotation,1.5885442514949146
rotation,2.1759493792559472
rotation,5.960704721122415
rotation,6.486317855896384
rotation,10.040262634458044
rotation,8.462548800834622
rotation,10.818416869450001
rotation,11.923754172618066
rotation,9.746115638499704
rotation,6.2533701057169795
rotation,5.93793555741506
rotation,6.1576896082551915
rotation,5.55054358313675
rotation,4.931189598735796
rotation,2.3742069774776704
rotation,10.322570163721632
rotation,5.16455570804434
rotation,11.299496825489744
rotation,6.276652867185646
rotation,8.284774748069909
rotation,6.4873951038316715
rotation,4.966381156534187
rotation,8.230811939768111
rotation,5.515614741323612
rotation,8.83388319188628
rotation,9.440722643760969
rotation,9.627569996872772
rotation,16.400557399156995
rotation,10.508783524007113
rotation,32.569676000918896
rotation,21.586628959658476
rotation,11.306132323881885
rotation,51.88769270069017
rotation,18.99873264749978
rotation,1.023999338244741
rotation,74.13025962210247
rotation,32.81613060022819
rotation,13.810117382562545
rotation,86.40918840206565
rotation,86.48879046048734
rotation,36.24424178215775
rotation,20.4451404797193
rotation,96.79326593671716
rotation,103.70927899687845
rotation,29.467460240996495
rotation,30.33898985845846
rotation,96.79317491522254
rotation,91.7783919754267
rotation,17.076156809542606
rotation,43.38457902525181
rotation,92.58318893751314
rotation,71.47022550768685
rotation,7.624728093833051
rotation,48.36684266234419
rotation,89.36515449196312
rotation,56.46237547922461
rotation,12.694550492207803
rotation,52.89885905784702
rotation,106.28181897609367
rotation,28.86247232542643
rotation,20.07418546931691
rotation,32.02812846136549
rotation,16.49339182499636
rotation,25.96344633318132
rotation,51.18535851091229
rotation,1.8382643568758519
rotation,4.774772153922974
rotation,2.5842875396631384
rotation,7.090391044106418
rotation,12.144619630929807
rotation,10.204154724505083
rotation,13.907119770737596
rotation,6.790940984967897
rotation,99.22799707199864
rotation,2.158476509080632
rotation,136.85916255752682
rotation,4.334320569916814
rotation,166.9871664790884
rotation,6.181952941578417
rotation,169.56028011608353
rotation,21.875417605208483
rotation,41.91247526022909
rotation,103.51766638047185
rotation,152.8000834326121
rotation,28.16244268831151
rotation,163.12743296999562
rotation,41.51981241839718
rotation,158.25523084672332
rotation,101.68815649162644
rotation,168.1125201149091
rotation,169.31724304542996
rotation,178.66608428382372
rotation,163.93860535043015
rotation,166.88975334891313
rotation,170.51502299211478
rotation,167.46088407230005
rotation,167.8577411271299
rotation,166.0625767697145
rotation,162.54781659070952
rotation,167.1125038767144
rotation,161.95046238353962
rotation,170.4825925282144
rotation,167.79884258594902
rotation,164.40780169199513
rotation,154.39727152934984
rotation,170.0319548504911
rotation,159.49243317870912
rotation,5.774940917933083
rotation,7.213346838858649
rotation,8.53535876249025
rotation,174.2407355198709
rotation,3.616023622912758
rotation,2.9452958231275335
rotation,7.205784054834473
rotation,10.358664644837985
rotation,13.372985282080739
rotation,5.957023569567658
rotation,30.307449166304657
rotation,12.605454853660945
rotation,19.255838023474865
rotation,13.417769703827629
rotation,24.6050665619729
rotation,13.752101528857462
rotation,23.989588073648157
rotation,16.28651912809626
rotation,8.481869290345935
rotation,7.188221643440702
rotation,20.30699885044886
rotation,17.079878535042592
rotation,24.64098604834445
rotation,2.2135761157744485
rotation,36.984600033923925
rotation,27.501760745502338
rotation,38.796249550366774
rotation,10.858026404776659
rotation,41.351047718492396
rotation,57.46728325044341
rotation,108.76247555289898
rotation,92.40118454873134
rotation,91.78541465675508
rotation,47.79656340866271
rotation,79.7236813514756
rotation,49.302830414718336
rotation,66.28350675919482
rotation,33.742402983774625
rotation,52.36505955506052
rotation,62.42429455138509
rotation,59.551610528278765
rotation,73.71268971470893
rotation,78.7775715493465
rotation,81.2239101651248
rotation,78.36260212297522
rotation,80.82735982408323
rotation,69.01629080558484
rotation,66.36119919670317
rotation,56.22395660677256
rotation,43.44477188653074
rotation,42.700586018160145
rotation,24.54995571162909
rotation,9.812720222710322
rotation,40.19754583088885
rotation,50.26698723085523
rotation,43.46762847085486
rotation,45.84072644046395
rotation,48.71960235154872
rotation,50.93183870144464
rotation,35.6558431430546
rotation,64.19589676313323
rotation,25.153544461313814
rotation,65.5115265451534
rotation,6.88202724150138
rotation,62.473759401119025
rotation,12.967331732115866
rotation,40.35759743881857
rotation,16.85743549470671
rotation,13.270374164451024
rotation,23.624199834718148
rotation,16.22398800318944
rotation,25.895367673465888
rotation,43.710909565653935
rotation,48.872137084624285
rotation,53.995046761242456
rotation,64.8598150064335
rotation,99.79275360766037
rotation,51.99634775275686
rotation,98.29337598647633
rotation,47.81844941998093
rotation,102.08796826221585
rotation,33.84628662726566
rotation,54.95982031800759
rotation,100.00017353908129
rotation,42.633277270749495
rotation,51.31128549464285
rotation,93.05874101998792
rotation,47.98935067430079
rotation,46.61791435033352
rotation,86.52811109939555
rotation,51.7051041151908
rotation,37.393549369161946
rotation,87.82688640528802
rotation,48.57535816836749
rotation,41.28790369072234
rotation,87.49962944811811
rotation,51.512519215062355
rotation,64.52837632167083
rotation,84.25561106273514
rotation,58.26741542581375
rotation,95.42124860170432
rotation,92.73408542258403
rotation,64.7198438355179
rotation,110.02067596076377
rotation,120.30926178696653
rotation,76.87536130119551
rotation,110.89869264679238
rotation,135.95990356649568
rotation,83.48054314004916
rotation,106.9961832213135
rotation,128.32256484010054
rotation,123.26548012980943
rotation,107.00287366177518
rotation,127.5915656377769
rotation,105.29463066277289
rotation,108.56872097790061
rotation,123.90262281205023
rotation,109.793208670704
rotation,125.17285124342828
rotation,111.22224635879981
rotation,128.433912380324
rotation,114.85040044849796
rotation,127.19426621362798
rotation,122.19173251803957
rotation,125.82789967780698
rotation,108.98662616904059
rotation,123.30948033111133
rotation,119.2137162832517
rotation,125.29982887133269
rotation,118.58558777408338
rotation,127.63406763221359
rotation,114.59641970992982
rotation,129.90977240420185
rotation,113.52867514295966
rotation,139.5027248194633
rotation,100.17929968115573
rotation,147.23254325059384
rotation,70.73094923148304
rotation,125.99897290475329
rotation,85.54544329035421
rotation,75.03230894595224
rotation,83.9438435236365
rotation,122.55418717724191
rotation,90.49113234945185
rotation,161.99550718585638
rotation,138.8805029716525
rotation,156.84177709902244
rotation,120.64071995150715
rotation,160.73637571714758
rotation,106.57197275170412
rotation,101.31887714138553
rotation,128.23962973744494
rotation,57.17989384715153
rotation,97.01131879692852
rotation,101.0569211407984
rotation,52.7794509069555
rotation,97.35801991066779
rotation,98.94763705549308
rotation,26.926873619453488
rotation,26.296909500538792
rotation,96.41127228994324
rotation,90.59411488963863
rotation,96.4593313339373
rotation,82.83674845350464
rotation,101.7200504539644
rotation,101.336404470904
rotation,102.84195686681683
rotation,97.15736084355059
rotation,103.05386753516223
rotation,101.5466638080853
rotation,102.51705819384364
rotation,103.07473427065672
rotation,98.79223581135491
rotation,109.97343495281298
rotation,97.02598929642265
rotation,120.19054701461735
rotation,85.75272578296502
rotation,133.34855932357175
rotation,26.76720853218898
rotation,103.22958687150343
rotation,12.874370154301152
rotation,83.0030868498466
rotation,13.781135723315074
rotation,69.68163341777482
rotation,28.61154800683522
rotation,100.58010767953749
rotation,54.57651164822788
rotation,37.64136057589101
rotation,102.54280159777097
rotation,50.256469042638294
rotation,59.05699337350106
rotation,109.70202422962402
rotation,20.662325488199027
rotation,68.13858184038659
rotation,121.11398735452403
rotation,110.35137676814954
rotation,29.841448212439108
rotation,82.75440358469672
rotation,101.03488922956157
rotation,116.80507935422499
rotation,37.35522654382557
rotation,83.50394127659725
rotation,94.18612470320758
rotation,76.76897429151707
rotation,25.941736959345885
rotation,76.89560026960473
rotation,73.66009574927209
rotation,40.180400329447316
rotation,24.17073951292229
rotation,65.79169229037285
rotation,62.865255784155224
rotation,54.66406540234645
rotation,37.636659888182066
rotation,65.62033651114952
rotation,85.91708097502917
rotation,66.28539191831368
rotation,70.54879480294264
rotation,69.55277221947208
rotation,25.300679733460374
rotation,47.21841294786263
rotation,41.15340420087642
rotation,60.59521255883709
rotation,45.10390841078696
rotation,61.3613240265396
rotation,34.84353713190424
rotation,57.14871778811684
rotation,44.59131123591056
rotation,23.789794212357275
rotation,54.312197666756795
rotation,39.39850147780874
rotation,27.73675959652134
rotation,55.629833540076085
rotation,66.283522009234
rotation,71.58572851484134
rotation,62.797000801335656
rotation,79.5944080864071
rotation,88.3948240698262
rotation,60.577745790695744
rotation,96.11802575452018
rotation,54.46281069778035
rotation,118.8661219402248
rotation,30.812553826697517
rotation,131.71910760178596
rotation,125.26475101695691
rotation,39.057938717588726
rotation,121.91873139570384
rotation,53.98380152548748
rotation,117.23080915090632
rotation,57.14284507511422
rotation,115.80323751411753
rotation,66.31652870942254
rotation,72.58840433347461
rotation,62.65082175752152
rotation,67.51062552941433
rotation,72.46486173553745
rotation,69.16152285760187
rotation,51.45337275719594
rotation,51.372376012793474
rotation,11.483281660695866
rotation,35.157214347155296
rotation,28.279695143199007
rotation,18.65593581554036
rotation,57.228203983979604
rotation,11.171128411635943
rotation,75.20159682528877
rotation,39.17378348889196
rotation,77.59334352190879
rotation,47.871958709631265
rotation,57.31369734081492
rotation,57.01836789241499
rotation,55.19382282156304
rotation,55.16083032672172
rotation,73.22365644084088
rotation,51.99014052904954
rotation,29.63813821977429
rotation,21.709022156516713
rotation,15.401731589031598
rotation,25.389983212351453
rotation,49.346456343949434
rotation,38.843518948653966
rotation,27.50557934909359
rotation,69.49619620429094
rotation,29.423541842264964
rotation,75.02742752489803
rotation,23.097579576322072
rotation,96.79789473965192
rotation,16.213471006915558
rotation,6.652196723667902
rotation,0.37785145452475244
rotation,8.146164789034612
rotation,1.1698230378136956
rotation,5.51910063202562
rotation,7.403356044007073
rotation,8.397584623924368
rotation,10.20269845591137
rotation,132.0114889529626
rotation,4.934465094994394
rotation,14.01225809880818
rotation,9.824191587225766
rotation,16.066052298675825
rotation,13.667014674423816
rotation,9.02595041534468
rotation,15.757612956727572
rotation,1.918885126586166
rotation,24.654333715531532
rotation,17.647123649121546
rotation,2.001378166254875
rotation,19.459700893998374
rotation,18.44361222183668
rotation,3.66349325071672
rotation,18.130703722205155
rotation,20.468312732494155
rotation,5.438279400287534
rotation,25.195396061281926
rotation,13.608890231831893
rotation,18.390446972048014
rotation,7.443617565676453
rotation,24.077699888766187
rotation,12.579250376181259
rotation,18.355285026717024
rotation,7.700258681004729
rotation,5.521592602866201
rotation,8.180609049530648
rotation,12.098967903583189
rotation,7.132729068401446
rotation,6.722154699072954
rotation,3.823270098935351
rotation,8.998041056407724
rotation,10.570907147057845
rotation,7.128892898176759
rotation,11.193459680502285
rotation,10.689610877538696
rotation,7.279115295113608
rotation,9.277851427967676
rotation,14.75448417276164
rotation,18.058850347623274
rotation,18.649844652146367
rotation,29.65361617987728
rotation,26.906341734522808
rotation,21.75743023540501
rotation,58.68107861902295
rotation,64.11788725505963
rotation,81.32769208213037
rotation,38.82455057724461
rotation,131.58411959734798
rotation,100.8487942196986
rotation,89.21214020353082
rotation,33.04172732225739
rotation,8.361327496633686
rotation,3.4486837990103667
rotation,16.28102755392752
rotation,27.94761823497065
rotation,16.00471738185262
rotation,12.406264478241766
rotation,10.123276215287682
rotation,24.872889894010992
rotation,15.579614635072659
rotation,16.382145812594466
rotation,36.49968222920215
rotation,11.779301056034702
rotation,44.560833609235885
rotation,10.408385145938716
rotation,72.05288727610103
rotation,29.630816702345438
rotation,43.628163601728616
rotation,140.99318203616423
rotation,68.14234432541663
rotation,129.0791311818572
rotation,109.05979305185188
rotation,64.86825378524478
rotation,80.60301404550445
rotation,4.860607288983983
rotation,59.26759542416268
rotation,16.953100780954646
rotation,1.3010576360069703
rotation,81.70990342385092
rotation,5.188731361150452
rotation,8.709435322463243
rotation,90.8320208127149
rotation,5.115274117275783
rotation,8.296957653701204
rotation,103.22569899475207
rotation,14.405800168526246
rotation,4.91548230144244
rotation,6.558816656482443
rotation,27.469766555256243
rotation,41.109275562215
rotation,2.850226868592042
rotation,28.23870379815149
rotation,47.27135189804423
rotation,5.812430299278438
rotation,72.45017653555692
rotation,57.77032458588259
rotation,15.274476658279633
rotation,138.28732778191866
rotation,33.45931176461665
rotation,158.54468953432465
rotation,119.89871961390718
rotation,165.32145452207902
rotation,81.32101179819469
rotation,118.13630377563314
rotation,161.41535117454083
rotation,21.8564559427853
rotation,120.1932091889772
rotation,167.69912387358613
rotation,5.039384066123115
rotation,95.89065341342095
rotation,136.4537778881414
rotation,7.145562703863106
rotation,75.69357445343391
rotation,94.83652455461143
rotation,8.964858253579544
rotation,31.91177008636125
rotation,80.80745447716859
rotation,37.54898934447874
rotation,26.511864691859156
rotation,48.14277737114148
rotation,36.926600614136184
rotation,22.26173462109255
rotation,24.135434844796603
rotation,39.85150458967074
rotation,23.202673450693908
rotation,14.971299606461084
rotation,20.02053563501392
rotation,11.948054281499227
rotation,6.883659617583226
rotation,7.084820252372262
rotation,8.452802784770064
rotation,5.271160534462533
rotation,27.594821543027905
rotation,1.1747278536828158
rotation,6.45475088368435
rotation,29.46887565242354
rotation,12.01950820149834
rotation,10.068118669937835
rotation,20.65460284098429
rotation,10.00418187523278
rotation,4.225830864538907
rotation,16.686895207341106
rotation,4.784914064063095
rotation,28.386747168988528
rotation,17.189636131819185
rotation,3.724076764315072
rotation,97.97930189405021
rotation,27.111060969470216
rotation,11.125719517462887
rotation,153.33554690421693
rotation,47.361548746682196
rotation,16.911135025436305
rotation,159.4618682938073
rotation,33.1493711661643
rotation,153.60194808881516
rotation,127.19833978750536
rotation,68.63867248244574
rotation,156.99270149412868
rotation,149.2478445855122
rotation,159.61188834720016
rotation,24.684210334976374
rotation,21.75539435349001
rotation,5.836667740097012
rotation,17.023562981678722
rotation,8.418434804067664
rotation,5.863982495814969
rotation,16.2445989568012
rotation,51.41942292927954
rotation,22.688316056809523
rotation,26.702318606668182
rotation,37.6634475192997
rotation,11.95117245988747
rotation,17.057187696570583
rotation,21.25075392636728
rotation,2.626729319571016
rotation,13.010174991724242
rotation,28.653947150957784
rotation,23.191901330611323
rotation,17.434123526831677
rotation,35.21459110793443
rotation,25.82995041703245
rotation,17.860552000066015
rotation,22.64479602257242
rotation,21.14714738638544
rotation,15.093905679863113
rotation,11.58390809898421
rotation,28.786531283752343
rotation,12.71595299635075
rotation,11.682777297816028
rotation,24.471536244287567
rotation,4.094657353994288
rotation,28.85587240553941
rotation,4.179485106505085
rotation,5.226677070808444
rotation,37.79322634108815
rotation,12.286319741067011
rotation,15.29641150935072
rotation,41.66285162926863
rotation,12.110740185973713
rotation,32.94141771384987
rotation,20.541798532409214
rotation,5.536802474068976
rotation,14.070959889006755
rotation,5.84078836991452
rotation,4.492688953174566
rotation,88.18876385858574
rotation,26.17233251658087
rotation,110.91288534845644
rotation,85.94667928535088
rotation,83.72580463581694
rotation,87.78342502598981
rotation,67.73679962416082
rotation,88.52419895720472
rotation,29.981600898282675
rotation,81.21457653866838
rotation,25.138817965648624
rotation,56.76332316305547
rotation,7.617243360145681
rotation,26.841142478044254
rotation,42.206767384430236
rotation,19.63518131308712
rotation,57.79983861967225
rotation,31.97115421272155
rotation,42.067291045290425
rotation,49.168415347537724
rotation,51.00483104175269
rotation,32.726648442402094
rotation,45.285998866837176
rotation,128.03508418245744
rotation,4.1524973880105325
rotation,27.797690724237157
rotation,5.532879634447918
rotation,13.61399292886115
rotation,5.422846215780441
rotation,13.253462118534044
rotation,8.299767480186842
rotation,6.927635816390366
rotation,18.046727577323885
rotation,10.583290569925325
rotation,10.5824877710872
rotation,2.9663845648368405
rotation,27.334126090999227
rotation,26.726283370879575
rotation,16.100946369641612
rotation,13.255482406295906
rotation,28.825045668511102
rotation,33.20911612906879
rotation,26.753252844104296
rotation,14.116090992434989
rotation,32.02672888153001
rotation,44.395799136660024
rotation,40.68993618009157
rotation,32.12360403727107
rotation,33.168879265340266
rotation,49.381753843129715
rotation,42.58013891691548
rotation,62.24032887105974
rotation,15.489550015368671
rotation,41.941449461273514
rotation,45.40535818883286
rotation,112.47774629383616
rotation,57.052384811649205
rotation,60.609863865292105
rotation,59.758393276593154
rotation,89.67836356420837
rotation,84.07875001306829
rotation,81.25206997008608
rotation,97.4689412751566
rotation,97.94640062172027
rotation,76.88479895885217
rotation,78.8703683810943
rotation,62.34275088982453
rotation,72.83754075342863
rotation,38.64024047544636
rotation,94.31307946073409
rotation,26.753850696231908
rotation,85.73345753348474
rotation,18.5619981886286
rotation,80.64489861848597
rotation,3.6533865934306955
rotation,74.48219917308562
rotation,12.105239179855747
rotation,23.21480103803745
rotation,69.03745723240885
rotation,45.91944327848859
rotation,68.72297101579149
rotation,84.53312198811756
rotation,110.91550710285911
rotation,67.08099456020138
rotation,96.18648404985588
rotation,155.76793776572836
rotation,60.96218446173431
rotation,124.97906169962047
rotation,171.74214901212707
rotation,67.91709342560938
rotation,132.75334717996938
rotation,56.91128593850695
rotation,127.68495543733889
rotation,64.64375446776732
rotation,127.84872171569035
rotation,86.22367017044736
rotation,49.779378064778776
rotation,121.17370056501927
rotation,89.24564838607496
rotation,36.83209715023897
rotation,90.32666961265528
rotation,17.83278472567662
rotation,25.689652704081986
rotation,60.646979990690134
rotation,10.539188365756605
rotation,33.15605364926192
rotation,15.325685292714875
rotation,15.515856545530198
rotation,41.93733641143903
rotation,20.496342315958533
rotation,18.721473906509175
rotation,48.109068160204764
rotation,37.50649434590432
rotation,26.667700498734387
rotation,38.717973482717376
rotation,24.315773288904307
rotation,21.14615917620187
rotation,23.07182375946193
rotation,2.8119958476584377
rotation,16.515938604349
rotation,17.445177798534463
rotation,37.491724388678506
rotation,17.971342144145467
rotation,23.77807548938373
rotation,12.613800002014488
rotation,16.34060672243594
rotation,16.438347924862946
rotation,10.500330863748564
rotation,0.7463222174425981
rotation,8.652675949175455
rotation,67.71879236583008
rotation,15.378715400892489
rotation,52.02629900648769
rotation,20.012749210350353
rotation,33.9734169984337
rotation,22.07369721005393
rotation,6.684713191050783
rotation,18.238618733409584
rotation,10.286022980583613
rotation,12.015695341095368
rotation,9.456530683143018
rotation,10.979349856360333
rotation,17.591493740277798
rotation,16.29766408124382
rotation,16.493816898758812
rotation,20.16131731411416
rotation,22.63767767122969
rotation,15.80391071927212
rotation,14.263320627064074
rotation,12.716544148677706
rotation,15.347494768205738
rotation,9.735531514361448
rotation,13.666428673765857
rotation,9.910819988424528
rotation,25.831242344723336
rotation,11.893748119597381
rotation,4.77092007931356
rotation,23.580081133325326
rotation,24.475800859039655
rotation,9.77873465639621
rotation,3.681847691581171
rotation,17.054026794446187
rotation,19.505636850535783
rotation,1.940327049394994
rotation,3.8067778367761465
rotation,10.229040649930345
rotation,20.812199703598246
rotation,5.682188803796378
rotation,9.175045834579542
rotation,5.260201432164848
rotation,8.087399498612754
rotation,11.18358574935983
rotation,12.049747098853931
rotation,8.607618802361527
rotation,9.519319575376018
rotation,21.929378789393702
rotation,18.056003195728607
rotation,25.728804283272854
rotation,35.476002466708984
rotation,39.03244088557911
rotation,104.87717699751845
rotation,45.636559467862725
rotation,51.42155185058093
rotation,47.33141595369126
rotation,117.43055867135953
rotation,59.81987649972412
rotation,48.712251992180626
rotation,23.291864517374606
rotation,51.30201732405278
rotation,30.855892430845937
rotation,31.437742544821084
rotation,17.77007013903161
rotation,31.466971958505372
rotation,58.11347336329333
rotation,27.13296986583031
rotation,67.45214478936924
rotation,26.381814802580518
rotation,84.9593333029401
rotation,26.786824823953754
rotation,62.45996987906798
rotation,23.963185106250545
rotation,55.644586906462656
rotation,26.411438438514796
rotation,33.29578634115852
rotation,32.65743878886697
rotation,118.53607076731201
rotation,35.60246849167873
rotation,20.43545804846759
rotation,127.53820873318031
rotation,88.35675720836926
rotation,42.76625504882634
rotation,139.12958969067003
rotation,113.1272034788667
rotation,77.43876691514053
rotation,150.97377202857015
rotation,115.31074575277067
rotation,85.27937533646242
rotation,162.82966011901954
rotation,89.39114631560847
rotation,58.98487576223532
rotation,170.61718313902801
rotation,17.748215697853926
rotation,20.490210419283066
rotation,5.082784768308636
rotation,30.79901407268127
rotation,31.68793459382014
rotation,14.9076178945483
rotation,36.61491462722984
rotation,30.928103078169176
rotation,22.546816483336432
rotation,41.936934091396566
rotation,23.591089496688994
rotation,29.025022462426943
rotation,22.96104278045015
rotation,20.75102189270157
rotation,31.399291249950792
rotation,15.275668952654117
rotation,16.158606301773567
rotation,15.428965088961709
rotation,9.496051111172319
rotation,13.234933578248691
rotation,4.191513303171742
rotation,3.648948488219855
rotation,6.736018402673741
rotation,4.176671332554192
rotation,18.15631808949031
rotation,10.268617752525719
rotation,10.296024702615934
rotation,38.26049178825181
rotation,3.1634926504583336
rotation,12.482684777576882
rotation,22.290548548903796
rotation,16.207722001856872
rotation,31.645762540877644
rotation,37.68308075026364
rotation,5.6334039092253825
rotation,40.031306241261355
rotation,41.07063116135666
rotation,21.63507295918028
rotation,34.590445398013216
rotation,27.892515862033363
rotation,8.323261205785993
rotation,24.944566827866463
rotation,14.61889795566442
rotation,12.021571659073429
rotation,12.073666660203399
rotation,6.710529644164862
rotation,24.76917877138647
rotation,9.26257832069514
rotation,10.32403648789685
rotation,29.913361535792806
rotation,31.349833111676816
rotation,17.653970295825108
rotation,31.38283959390068
rotation,43.06923691258742
rotation,28.090744930190535
rotation,28.00830264657536
rotation,50.61855334431
rotation,33.00724233296112
rotation,13.96343992689599
rotation,64.5812252158396
rotation,42.57183733071421
rotation,51.89222370502716
rotation,68.84490125782645
rotation,59.14483673080637
rotation,55.83461563816919
rotation,57.326970023634395
rotation,46.121362879966156
rotation,23.589066174094395
rotation,40.31897046183712
rotation,27.773779653784445
rotation,12.13702267874771
rotation,49.252763810772066
rotation,9.500990208069924
rotation,22.547273216916356
rotation,36.48783448817213
rotation,13.988262874757782
rotation,48.773264974836025
rotation,31.29844810016229
rotation,15.82483923226959
rotation,73.24578065147365
rotation,35.86201464119221
rotation,19.147311754436473
rotation,91.55014200686172
rotation,51.871493366553864
rotation,15.664146805230322
rotation,34.76831116261356
rotation,7.364852596309502
rotation,83.63543703594945
rotation,35.868685298230204
rotation,7.640136265645394
rotation,85.10229933735555
rotation,40.0847627153837
rotation,15.808585419810626
rotation,100.82319906899293
rotation,32.966565439000576
rotation,34.26400322337791
rotation,28.240941331207658
rotation,98.54769976349728
rotation,30.318181549835312
rotation,11.51410313225864
rotation,70.3463254345605
rotation,7.124784008038601
rotation,4.419373661912029
rotation,58.672253072310376
rotation,10.946362543122566
rotation,11.282536678580483
rotation,54.84549033014517
rotation,13.781241570130842
rotation,13.52571669918795
rotation,59.81798062124314
rotation,2.7673966770926257
rotation,12.007871953603056
rotation,68.29312769532018
rotation,9.807570340004629
rotation,18.683216242757293
rotation,55.94527245730309
rotation,14.955789049898156
rotation,24.871516111439874
rotation,20.301671067571053
rotation,14.538359719771158
rotation,23.469936192476137
rotation,6.083601387002991
rotation,12.298089858236459
rotation,7.190585145418911
rotation,13.759108226482175
rotation,13.488207657271099
rotation,27.456244771883828
rotation,10.056015859326516
rotation,16.13016715813129
rotation,47.28148659610286
rotation,5.781676552720546
rotation,13.28232742862582
rotation,57.13024334477637
rotation,19.568020977040916
rotation,15.71060839780722
rotation,60.58557520273135
rotation,27.561090934224325
rotation,14.56861156552664
rotation,49.24878297198715
rotation,19.36001421513537
rotation,103.30570158878791
rotation,26.174378020223987
rotation,55.07078006710323
rotation,52.69889897106363
rotation,20.193009183816184
rotation,15.854261149646272
rotation,12.831075775115384
rotation,127.00781025789472
rotation,9.937334462799349
rotation,15.480278372575684
rotation,134.06750685491036
rotation,13.9701789000324
rotation,142.51600553557412
rotation,12.988335280472846
rotation,150.0069966297643
rotation,5.584472240245221
rotation,26.23298302400285
rotation,2.541219231724627
rotation,55.40742981097499
rotation,2.9939128502608643
rotation,41.12777123134476
rotation,5.62319252506652
rotation,15.842388079657487
rotation,2.4401254758556763
rotation,9.740845343931937
rotation,3.428231619799183
rotation,12.169775288151504
rotation,4.899094744956257
rotation,10.66906694579989
rotation,6.105642381065367
rotation,21.322865123079666
rotation,9.985659133574359
rotation,4.315573889448555
rotation,19.038108013493193
rotation,10.456347266036573
rotation,2.2199151858068342
rotation,21.64856477907075
rotation,8.342247884540946
rotation,2.0954919504456275
rotation,8.337797575040536
rotation,4.020936201503514
rotation,6.022966365009501
rotation,12.251682198695153
rotation,7.147421153253768
rotation,5.4538742243358564
rotation,78.54235414740809
rotation,6.092915210900044
rotation,11.467922964711546
rotation,6.276564111757916
rotation,77.81375600454007
rotation,1.716545444030352
rotation,12.490786441098587
rotation,2.8609475592463727
rotation,53.857888453340074
rotation,1.3042419334859499
rotation,12.964105141366604
rotation,7.49640492217219
rotation,13.606696761628092
rotation,6.33250241138857
rotation,6.328594232406773
rotation,9.735976736856257
rotation,15.53571653981929
rotation,13.303875611752789
rotation,2.6866950999347363
rotation,9.064046571690366
rotation,21.85531494348299
rotation,12.068682298711055
rotation,9.16804225566828
rotation,8.51276953661652
rotation,18.72141541645321
rotation,6.673249665601558
rotation,10.958107750230319
rotation,11.062109835297651
rotation,13.089463148443102
rotation,9.777582292436081
rotation,11.963931674243389
rotation,6.455753105115928
rotation,12.55436455377113
rotation,14.43188572715462
rotation,4.0754247816147355
rotation,11.324237891918626
rotation,16.884667538583734
rotation,22.682025134767215
rotation,13.91126002483086
rotation,18.028895088311234
rotation,37.55787011913648
rotation,34.573441220093386
rotation,49.992769402104095
rotation,31.46454074508607
rotation,55.75017061696462
rotation,19.113825064573764
rotation,70.99879698482236
rotation,6.674766240619833
rotation,87.5316839432105
rotation,7.103155559998391
rotation,111.7663765273706
rotation,11.495557648386097
rotation,122.43984166162598
rotation,12.339233805955963
rotation,133.25087278852124
rotation,120.80886906752697
rotation,22.283085885003068
rotation,161.96928640988912
rotation,120.5528124011239
rotation,31.013654451220255
rotation,134.30412723729216
rotation,113.38542479355833
rotation,12.928609505160754
rotation,130.21632885942208
rotation,87.61941259579416
rotation,24.461596402764485
rotation,138.25967216115376
rotation,125.92406360795427
rotation,17.223450328841437
rotation,39.14963966079054
rotation,108.53311846327833
rotation,131.52606336236204
rotation,25.250243666822414
rotation,73.50448375007169
rotation,93.42717589589485
rotation,139.66949928670314
rotation,31.921495285420313
rotation,89.32626614302157
rotation,147.410482443212
rotation,21.837496346965636
rotation,155.83909214229524
rotation,135.28995425873163
rotation,109.5008752183432
rotation,5.451753341122957
rotation,152.27235500400727
rotation,127.70520844729245
rotation,102.30532936208756
rotation,19.99284211121546
rotation,72.51873318543782
rotation,68.20606278317337
rotation,110.13375304160762
rotation,120.0244100823837
rotation,116.6661648672972
rotation,96.40995320811547
rotation,80.63662973238407
rotation,55.09050054672758
rotation,46.735710720159446
rotation,53.54073087749362
rotation,62.83498514466426
rotation,76.71290611905263
rotation,70.71500684646614
rotation,67.53373793846531
rotation,82.68636925728364
rotation,126.25067855865422
rotation,134.42183700787413
rotation,141.47843447644058
rotation,145.89672482106798
rotation,158.57853953125073
rotation,130.96837379956423
rotation,92.98392603639498
rotation,29.226725386137577
rotation,19.053193465024023
rotation,87.30849211021915
rotation,135.07437283270468
rotation,140.35686022966107
rotation,167.03390294475875
rotation,172.02179896699312
rotation,170.58095127665644
rotation,160.54947302180287
rotation,165.39294298597986
rotation,161.92297707871322
rotation,155.19664703437098
rotation,168.55349199161486
rotation,142.25347662013226
rotation,162.98304866449817
rotation,109.72842124558248
rotation,163.7200088997435
rotation,101.4358059177929
rotation,170.06836710478274
rotation,110.46541355297781
rotation,162.62049886870312
rotation,114.30115741365194
rotation,162.1800419792281
rotation,110.90083222292539
rotation,174.03251964048187
rotation,164.72303995116658
rotation,102.27167225398853
rotation,152.56344874427973
rotation,165.06531794804604
rotation,152.1348425964317
rotation,168.22739812150016
rotation,159.59553768839663
rotation,163.9622505262448
rotation,163.77721137586403
rotation,138.89982244512362
rotation,6.407533559895714
rotation,167.16313416316237
rotation,96.09892486440549
rotation,15.941059178503401
rotation,164.10865313237275
rotation,70.91579025178443
rotation,14.284800873225068
rotation,140.22754369950644
rotation,58.679813074961714
rotation,12.29994046665635
rotation,38.48255746150779
rotation,1.7284590747727442
rotation,56.321280048131584
rotation,48.5155843794176
rotation,50.13765566298296
rotation,34.70861925202966
rotation,120.69597921453139
rotation,36.141209087481734
rotation,16.14075125784062
rotation,17.467355015236254
rotation,14.270601775802238
rotation,14.059808486229999
rotation,34.28875052037441
rotation,17.334119358016416
rotation,7.957023985932986
rotation,16.204636083617064
rotation,5.874352669705652
rotation,145.2916756926783
rotation,22.099721587880794
rotation,1.4706220151731082
rotation,146.30623469921005
rotation,24.6139214800416
rotation,3.382156130413674
rotation,39.7888103022665
rotation,2.611020729211017
rotation,12.556362958975471
rotation,11.785952725125679
rotation,23.329459854709203
rotation,15.111921056345233
rotation,24.43431959438198
rotation,22.179773722309587
rotation,28.78900356598389
rotation,23.699560868635302
rotation,29.118920299529748
rotation,20.443174330014735
rotation,18.721007136298148
rotation,29.30200307918144
rotation,21.37958087465068
rotation,11.718169801128747
rotation,13.624642040106243
rotation,5.240241074926369
rotation,1.3893140270456947
rotation,1.6080078936849083
rotation,5.07240634225937
rotation,7.054701562536973
rotation,11.95426238305746
rotation,7.562937102707741
rotation,12.135966919687919
rotation,19.698388360087385
rotation,13.660141911513062
rotation,1.6886158387276262
rotation,15.117486171645819
rotation,10.909277651363315
rotation,12.557681708530035
rotation,3.110986607521892
rotation,14.502978517400914
rotation,7.364513428105327
rotation,9.612539134712664
rotation,7.849452178319238
rotation,11.222424386678348
rotation,10.814272096213275
rotation,7.073429283450546
rotation,10.71922325844967
rotation,10.741134275353412
rotation,10.830218156229947
rotation,6.684172698884515
rotation,2.24405903990416
rotation,5.210201808352289
rotation,15.417636688120792
rotation,5.268288315183252
rotation,7.70776938082654
rotation,6.3043819361507625
rotation,16.492704882720762
rotation,6.456447749150116
rotation,11.477968536076936
rotation,12.185987762492994
rotation,8.356164211256813
rotation,13.20855341056211
rotation,37.53327388022246
rotation,15.348171088268389
rotation,21.04495792871947
rotation,76.9980210489122
rotation,27.28259900483642
rotation,26.936889944394377
rotation,104.19491998427382
rotation,35.252866077248385
rotation,105.50376358392195
rotation,36.59156414471117
rotation,160.68333031929762
rotation,77.08921945692418
rotation,22.53726810437654
rotation,168.3671285326434
rotation,69.57210768098913
rotation,26.745349018807232
rotation,159.6298616270485
rotation,77.55991710774674
rotation,164.58531239588507
rotation,25.574244041470234
rotation,112.11548738036386
rotation,165.90267502598857
rotation,19.20100588649024
rotation,127.51761498961586
rotation,172.49686891728635
rotation,20.323688362615215
rotation,133.58769607834353
rotation,169.69477268855596
rotation,34.760135943070345
rotation,144.11715338283395
rotation,162.95604964360626
rotation,55.24109901873782
rotation,149.88874269078926
rotation,155.39257363480743
rotation,80.40615518353313
rotation,169.58346896180177
rotation,175.075214138297
rotation,107.04580256996631
rotation,163.65333711942978
rotation,137.80601678389908
rotation,176.85676171655493
rotation,150.5557306490257
rotation,46.89731070216113
rotation,155.6242161479636
rotation,144.4575765032153
rotation,19.164131852869424
rotation,149.5430808691089
rotation,132.93281862346257
rotation,10.747320263808671
rotation,124.15048096242262
rotation,117.09395563166035
rotation,4.044556779688909
rotation,87.62552444550705
rotation,8.623653626936008
rotation,51.13013024841012
rotation,16.78947596360399
rotation,36.068443014403954
rotation,15.03173271311434
rotation,35.70552226951444
rotation,5.709569222882861
rotation,25.37934285491702
rotation,23.959028489202424
rotation,56.012898970299844
rotation,17.24031887925801
rotation,47.85085958122382
rotation,6.937845800567696
rotation,41.572422863019725
rotation,10.024948230529514
rotation,49.13154594708202
rotation,13.766531179863664
rotation,53.0405481594934
rotation,19.183911061129372
rotation,20.654768102865408
rotation,114.4456082949351
rotation,149.01187961628943
rotation,29.773668453111302
rotation,150.82342131144088
rotation,149.08852347221264
rotation,174.09701116510874
rotation,155.3500039613386
rotation,172.55331353945047
rotation,166.68390773710695
rotation,175.90776593438824
rotation,158.38080078270875
rotation,174.5670339786752
rotation,139.10797853143097
rotation,177.76360384369056
rotation,126.07335375269228
rotation,156.83374108029165
rotation,125.14600052252163
rotation,135.46441680595083
rotation,134.86097948405143
rotation,149.2264478046669
rotation,122.89704890937007
rotation,140.25145864471753
rotation,157.59599937962562
rotation,118.94694575303521
rotation,156.5768560893227
rotation,152.11308309464462
rotation,121.19361845685569
rotation,109.80078130714625
rotation,79.62916124309446
rotation,18.1707433562607
rotation,41.23799525919614
rotation,61.60252938349815
rotation,41.15045397547439
rotation,41.45151826077964
rotation,62.684085895805914
rotation,44.23020418821858
rotation,40.31800629391507
rotation,63.27640290082441
rotation,55.582791201658715
rotation,8.652754285788006
rotation,146.53634548550522
rotation,145.77055509012288
rotation,60.147546548882815
rotation,35.39788120364661
rotation,58.315004311786446
rotation,84.32096793814421
rotation,145.32750318202062
rotation,135.155784500743
rotation,92.5149864260721
rotation,132.26587267537195
rotation,76.2453469868141
rotation,127.15128398811291
rotation,68.12526953334962
rotation,118.4017162919948
rotation,88.57409789849315
rotation,122.5544381435985
rotation,99.72139835925017
rotation,120.31090507361714
rotation,119.22271218256523
rotation,126.41193134145055
rotation,164.08938308503306
rotation,151.28026064129043
rotation,156.13161830506417
rotation,130.7676811360571
rotation,79.59879558535921
rotation,145.8235536517183
rotation,110.42815988688666
rotation,148.99001042782422
rotation,97.27282586976929
rotation,29.482640899196806
rotation,154.30375729156196
rotation,97.4061514312516
rotation,167.75998481531784
rotation,88.86414278375791
rotation,102.22185988862655
rotation,152.0260139821127
rotation,42.43978187782007
rotation,110.87665566795619
rotation,121.08601592537177
rotation,29.594164209143994
rotation,139.8576730491467
rotation,119.9111643070641
rotation,20.815508472072523
rotation,131.88793825591858
rotation,159.4829796040016
rotation,154.8077607674306
rotation,131.71086969861815
rotation,98.9096134938644
rotation,56.29928540792712
rotation,33.05662351027604
rotation,22.572393387727306
rotation,173.21537235450944
rotation,24.199545009442982
rotation,153.67875179675445
rotation,59.464827565078686
rotation,41.21771920182088
rotation,147.38401358749226
rotation,43.9304309697205
rotation,161.66373520067268
rotation,130.03804251454585
rotation,22.95599491143417
rotation,148.78150825681575
rotation,131.76857645080779
rotation,2.6217197333613917
rotation,117.0203970278876
rotation,136.66732797410367
rotation,21.396278990466726
rotation,104.51349279153054
rotation,144.83547367720237
rotation,38.64649894604691
rotation,119.5039845658094
rotation,96.53179436534619
rotation,44.1314385197926
rotation,35.71661407136762
rotation,92.18909492620531
rotation,82.25895720777007
rotation,10.967296590856185
rotation,26.498182620125302
rotation,68.59312926706184
rotation,72.43891381079716
rotation,9.689635227285521
rotation,12.290606052052905
rotation,67.0851282940111
rotation,2.4804786900825273
rotation,4.185452115549426
rotation,2.919681728498635
rotation,7.796403243600702
rotation,20.58026407870643
rotation,6.462571720989477
rotation,29.02684727385245
rotation,4.573999082842788
rotation,58.483838976489366
rotation,50.615499094272714
rotation,7.591425438825127
rotation,42.22973852052685
rotation,45.70587056665309
rotation,15.247816081197632
rotation,38.503806418493696
rotation,36.90035090156194
rotation,15.964343397460878
rotation,69.7648681137947
rotation,38.972470866596936
rotation,22.131219462851437
rotation,1.7550370756805445
rotation,68.44647282871152
rotation,28.557343689245656
rotation,8.954569569402604
rotation,8.796912797781015
rotation,43.249091860150266
rotation,29.385031032096922
rotation,2.6591062646216526
rotation,13.435774558527743
rotation,33.637036511399344
rotation,27.588315329273666
rotation,4.564324728220738
rotation,12.080733257193696
rotation,24.38331087488158
rotation,19.587720126766808
rotation,6.152357262237483
rotation,2.975442874059345
rotation,1.0976103868664129
rotation,46.903600860825456
rotation,3.4455697937255056
rotation,8.913047549703451
rotation,99.80737632624037
rotation,52.560760848786956
rotation,143.75183727024694
rotation,138.3709495747675
rotation,176.2631817202917
rotation,152.23846515837823
rotation,171.17707728464015
rotation,172.21264979811852
rotation,170.1380297034611
rotation,171.91817633880734
rotation,177.79577158706113
rotation,163.40848228610395
rotation,154.9622339782663
rotation,128.00884305603688
rotation,148.2406719167597
rotation,129.37050127228238
rotation,148.37470105301324
rotation,145.50017395456237
rotation,140.1059403926088
rotation,157.54501520954776
rotation,174.96960357271624
rotation,121.83781432713364
rotation,131.36031838285808
rotation,105.92551195711178
rotation,108.38997351925008
rotation,99.21133766084665
rotation,57.10275220795967
rotation,88.23556957772338
rotation,73.5852149355614
rotation,80.06143132575627
rotation,76.78251560757136
rotation,11.704080452093832
rotation,83.76315010795534
rotation,51.68631381186152
rotation,98.40279442445592
rotation,48.591656461815866
rotation,79.43006632220083
rotation,35.62429054296336
rotation,81.6608818411055
rotation,37.30924320727412
rotation,15.42442879021878
rotation,77.49313366870024
rotation,16.618705129644205
rotation,19.56168779566977
rotation,72.32913086236182
rotation,20.187449120768495
rotation,74.08815809549405
rotation,3.4546057993550843
rotation,66.25274569882464
rotation,48.68366658484835
rotation,29.967938443431173
rotation,26.68571735236217
rotation,65.34492200135954
rotation,68.20090598225268
rotation,79.42420375780581
rotation,59.57736797868034
rotation,68.96578547612414
rotation,87.6291912708941
rotation,68.04018944554102
rotation,75.00625771753005
rotation,91.03481291854582
rotation,104.30621198245703
rotation,82.0530566400187
rotation,97.37914703331276
rotation,70.0446231288959
rotation,20.148728327029257
rotation,62.73983965668241
rotation,67.66897681898487
rotation,55.60857585140164
rotation,66.2386967314119
rotation,75.08705331516423
rotation,32.69152919916434
rotation,70.54777955799538
rotation,30.542044127738805
rotation,71.62481918409004
rotation,69.33362816100203
rotation,62.900362731125895
rotation,88.75002644116523
rotation,76.8895757974625
rotation,58.44073543806157
rotation,80.91097946787693
rotation,53.073460403745045
rotation,46.53038144787724
rotation,34.4520006980753
rotation,45.753881446923195
rotation,3.1907736707087495
rotation,96.46851658337532
rotation,5.145180231625463
rotation,99.60333159416574
rotation,13.436062328056728
rotation,83.66382971900178
rotation,20.50495642049713
rotation,66.7029760628179
rotation,32.60903081632603
rotation,71.45175453144769
rotation,30.917215340141034
rotation,33.559008282661544
rotation,60.509387760480074
rotation,46.574105958485596
rotation,62.5154141636323
rotation,107.27785494500456
rotation,51.130234261041494
rotation,82.14259064053626
rotation,109.44069960704668
rotation,78.54895667043183
rotation,57.735273747482495
rotation,82.12576435870659
rotation,109.39221044667732
rotation,66.04515950887337
rotation,47.304487476611705
rotation,64.30305862423484
rotation,117.15479996538497
rotation,61.017161450282074
rotation,34.332058806531684
rotation,50.69243004985706
rotation,151.28279977205665
rotation,56.08436247640725
rotation,31.91974438294727
rotation,37.855112087186704
rotation,28.06358002817923
rotation,12.52720768142133
rotation,50.04069043510401
rotation,7.65563398403467
rotation,7.84230027091492
rotation,4.195784231886292
rotation,6.0416607462070715
rotation,18.529882195897365
rotation,3.169258829445973
rotation,10.98197622816445
rotation,3.6636736701801613
rotation,6.918014642332636
rotation,11.236235939892442
rotation,14.523820667329696
rotation,6.632999503745589
rotation,9.731383803633724
rotation,4.141140101144034
rotation,4.13307297840191
rotation,14.245032379931978
rotation,4.766263590782
rotation,20.806311444914524
rotation,8.295626783490071
rotation,20.101148113032078
rotation,5.6948106684795
rotation,4.52380971262732
rotation,11.44883801512568
rotation,10.455175103384661
rotation,18.086637073663443
rotation,19.475750932738787
rotation,17.537044358176338
rotation,21.445631273197684
rotation,5.022573972520289
rotation,9.996404102949622
rotation,11.748357706024978
rotation,4.812822792597362
rotation,5.026552161024187
rotation,16.676771102244334
rotation,11.885838264869335
rotation,9.588853353752258
rotation,9.27596779555659
rotation,33.36698365750773
rotation,33.45998041474967
rotation,28.21212042234257
rotation,44.95798094794742
rotation,37.32205434384186
rotation,15.45071760407725
rotation,36.8820710786944
rotation,13.158496221902885
rotation,59.88266882716095
rotation,86.30649545316669
rotation,68.44821759672493
rotation,80.13072206045925
rotation,87.5940479869663
rotation,79.72767371686102
rotation,77.44866135109
rotation,77.47673481771427
rotation,78.35860141505111
rotation,44.295602319679716
rotation,70.90000833187551
rotation,74.84451078572174
rotation,85.2479470899319
rotation,95.41489114986426
rotation,126.8910382341118
rotation,81.21311882797707
rotation,69.06832945734504
rotation,88.0685079977891
rotation,47.32420416745399
rotation,82.0277806817457
rotation,22.33813587375725
rotation,77.90425784245382
rotation,30.09895474418251
rotation,77.79829668246877
rotation,40.558278361774725
rotation,93.3238668583689
rotation,94.41312149275052
rotation,104.91870167058582
rotation,109.75361123101678
rotation,86.01322720043049
rotation,88.24075757139268
rotation,8.774103319528336
rotation,33.87961002870061
rotation,7.887998245594687
rotation,9.48603129582026
rotation,56.59168421111587
rotation,5.576703028204517
rotation,6.757530078141287
rotation,67.2846804234414
rotation,16.348340293029256
rotation,16.097946695820948
rotation,78.13583194166407
rotation,12.494578585221035
rotation,4.222441359371951
rotation,98.03650260869763
rotation,32.58397745643248
rotation,103.05800552404526
rotation,107.03848402316011
rotation,100.37825881165571
rotation,77.6446858253188
rotation,74.9049528888529
rotation,40.914128975329085
rotation,67.7559524477591
rotation,54.46266515321663
rotation,63.097112588656955
rotation,60.84905158972773
rotation,56.755259745797694
rotation,86.53479923195381
rotation,51.35811339049799
rotation,80.96716922966132
rotation,60.582687006768445
rotation,24.455949132416634
rotation,24.995036131585174
rotation,8.61198767798805
rotation,5.109681014018853
rotation,105.96419589579007
rotation,12.025523800486225
rotation,5.536962530515916
rotation,9.885746412921895
rotation,2.235211824831773
rotation,17.118459579125318
rotation,14.785288034614402
rotation,6.255856672000349
rotation,10.372230183675121
rotation,115.32304097750833
rotation,11.917896421023604
rotation,30.954695571365523
rotation,4.054847004904803
rotation,38.976049990294975
rotation,7.443088198933276
rotation,16.502515031716992
rotation,13.677174112823113
rotation,5.201675962638693
rotation,9.884051972802371
rotation,13.331613449774855
rotation,73.2816673044176
rotation,7.706944268426898
rotation,6.1667865380261215
rotation,17.631237203713173
rotation,12.005167271370873
rotation,5.706999200712305
rotation,14.331079590136813
rotation,13.163032005420988
rotation,6.823256980117155
rotation,5.63083874614968
rotation,11.505010800280957
rotation,5.271473096950652
rotation,13.310764740097262
rotation,6.7368829509796795
rotation,5.389096759758765
rotation,19.74951358344651
rotation,15.641738148289221
rotation,24.523320680471105
rotation,5.725919112796825
rotation,4.793878816334967
rotation,9.934107650635646
rotation,26.33510364472519
rotation,3.1127536799187605
rotation,11.344377784588767
rotation,20.88381125889029
rotation,9.266845442748487
rotation,5.376898992941388
rotation,6.119504020494316
rotation,11.204829946794423
rotation,69.44116720859127
rotation,5.76314123740372
rotation,18.806890666218564
rotation,79.8970512078721
rotation,30.23007955828412
rotation,66.5549135921043
rotation,66.68569772962107
rotation,34.477971897188944
rotation,64.71371650032609
rotation,167.8180180566857
rotation,169.7172472979339
rotation,46.16383209698899
rotation,127.28859954248816
rotation,157.6456065018011
rotation,105.97221326469545
rotation,10.385032989256226
rotation,8.081662214392496
rotation,14.08357229724059
rotation,8.928685067995888
rotation,4.835915362402789
rotation,10.398113535515892
rotation,30.19602049616525
rotation,1.46826915650451
rotation,4.022399049850267
rotation,2.136780258945757
rotation,2.570307150512201
rotation,7.739897462233156
rotation,1.330351705782003
rotation,1.5131592788958372
rotation,1.2667699905473895
rotation,0.5236431386395333
rotation,3.5449928727841926
rotation,38.051700338713864
rotation,2.1292156217297946
rotation,2.19014895125674
rotation,46.601783106888924
rotation,3.5962941856975976
rotation,15.580863754412816
rotation,3.4015736445915254
rotation,3.1642847102329563
rotation,8.711038985805626
rotation,2.4942458254175115
rotation,2.8867483536472647
rotation,40.57756206334363
rotation,7.4756339105418075
rotation,1.7700410178969324
rotation,6.655337139735346
rotation,2.19526687263135
rotation,2.4036364028987975
rotation,2.1450294676509905
rotation,2.3142247342065283
rotation,1.7125251698307122
rotation,18.163284728243443
rotation,3.0830427688619264
rotation,5.806886040230357
rotation,5.387711602417918
rotation,1.7772394986535962
rotation,2.2928628455029094
rotation,2.743740127153782
rotation,3.1364150292538695
rotation,1.593207445869775
rotation,1.2535523073726096
rotation,3.7005423537382054
rotation,6.981084702406647
rotation,6.7337002918859685
rotation,3.7800680328634435
rotation,2.5441679339114827
rotation,8.01586655956626
rotation,7.094795190450741
rotation,6.007526376541747
rotation,19.038499708622528
rotation,4.909753737051533
rotation,156.64709161253202
rotation,8.446452483653006
rotation,46.52575146649611
rotation,97.7812354707287
rotation,14.598247992273151
rotation,13.877804418304326
rotation,10.180605114328849
rotation,2.7318999127778296
rotation,27.346772078914565
rotation,9.41500297253054
rotation,37.8192094604243
rotation,25.401635622066213
rotation,69.10760347906593
rotation,47.520843843106626
rotation,104.12969209840864
rotation,79.11242064844447
rotation,30.89578048806089
rotation,40.76280765129645
rotation,7.054350683737961
rotation,15.072101948013009
rotation,29.396253727882193
rotation,9.855561842954243
rotation,13.016501297178511
rotation,26.819645934622898
rotation,11.676882937930046
rotation,8.114875038095475
rotation,9.510401702263218
rotation,6.640378820213112
rotation,3.608740406053479
rotation,10.444691206719899
rotation,9.745117545475146
rotation,33.054417214170016
rotation,10.121242126962043
rotation,18.67542914132508
rotation,13.114134183751366
rotation,49.87909653758562
rotation,12.233417869395248
rotation,22.718685157083975
rotation,18.244481570719973
rotation,48.111979732264935
rotation,3.259471055430845
rotation,7.488995767202215
rotation,17.790028172904638
rotation,52.42788998402313
rotation,18.56430899432851
rotation,6.431660437469798
rotation,12.027987852689645
rotation,41.597854081730084
rotation,26.316378754299407
rotation,25.22105429681551
rotation,7.78302077118701
rotation,39.37921594985992
rotation,40.292339709556366
rotation,23.94685610695452
rotation,10.018436287750633
rotation,19.087369171077363
rotation,17.975619922245635
rotation,7.331573061901841
rotation,27.83722024595558
rotation,15.247892668254389
rotation,24.5083889286465
rotation,17.767776839905924
rotation,65.5980142324051
rotation,10.05042700587626
rotation,29.622355681031724
rotation,26.441643234390362
rotation,1.2814976450032372
rotation,17.359630506218178
rotation,13.837143491558994
rotation,7.131442741718195
rotation,8.182996730478528
rotation,24.715318087321176
rotation,11.995405375276905
rotation,5.824225013004926
