type,angular_direction_error_deg
translation,99.04185821242211
translation,46.75348076317937
translation,33.69989599426751
translation,59.35399128192177
translation,96.761586256626
translation,27.666899781671347
translation,50.55568263032402
translation,66.80282492780393
translation,48.38278114626315
translation,43.87051617032883
translation,38.658678918122824
translation,45.43615541473353
translation,28.64722224803598
translation,19.626485314519147
translation,78.91669778762113
translation,8.59484384306563
translation,23.786031923842835
translation,6.092006247369544
translation,148.21995581306263
translation,16.175070317558927
translation,14.22118348219806
translation,17.58166915441314
translation,71.36941943111094
translation,38.950709664204304
translation,25.230600150358775
translation,37.36105766092702
translation,17.352748937381776
translation,51.52571395076545
translation,70.48248023261888
translation,8.55796909276495
translation,13.457105347128728
translation,23.500628639849413
translation,4.729970487639597
translation,9.97053562460936
translation,15.793002607661782
translation,45.92651377454183
translation,29.8653795465725
translation,33.037741293552436
translation,18.18775544876788
translation,9.865225129128916
translation,11.592165117647303
translation,6.887047590784642
translation,20.437512904698128
translation,33.4426254423849
translation,4.428836770068164
translation,8.161816042497765
translation,10.75548623703889
translation,5.479695800363439
translation,9.494931811361079
translation,8.046387467759217
translation,8.841620118066134
translation,4.704487197094039
translation,5.4803897430619175
translation,11.44406341401729
translation,27.44639168593187
translation,9.50281278810833
translation,13.228314501726532
translation,5.443139547244331
translation,23.099241856494732
translation,17.622347019447865
translation,71.85399054938406
translation,27.542996170360475
translation,9.481809033344401
translation,24.46360231974343
translation,8.21700081546279
translation,13.785329036668376
translation,13.392613322137137
translation,13.348056090867818
translation,11.61608028720091
translation,3.3375921795785892
translation,7.221053030925848
translation,20.243487573942748
translation,27.12526764230994
translation,0.12551252809598454
translation,14.566241298276374
translation,22.011739212383716
translation,15.171279984604409
translation,21.579950305131963
translation,15.75193112261888
translation,46.29185810911164
translation,21.494586264879327
translation,36.054255082482086
translation,5.0877807499612855
translation,66.63257601048757
translation,16.40506712763566
translation,42.42977851122738
translation,7.768268239051167
translation,24.06923689429793
translation,37.2452977740753
translation,8.079524585591747
translation,7.981625064358745
translation,5.809120122344743
translation,58.04308974721654
translation,17.00952522443641
translation,94.37832692999318
translation,42.91250389438529
translation,34.33408552234503
translation,47.93309036495242
translation,14.883789797035488
translation,19.37180830775875
translation,5.353177565470599
translation,7.1205239106839455
translation,7.3183232324866285
translation,8.101933574388992
translation,7.695298785494885
translation,9.842374196098199
translation,7.447010911113475
translation,23.082378755210037
translation,8.420625335665962
translation,25.931650890986194
translation,16.237794931818662
translation,19.768095413364865
translation,4.029908634465152
translation,23.15856817349218
translation,70.0092448472819
translation,15.90022579869777
translation,25.47401174822807
translation,55.9122805634623
translation,12.138667004452994
translation,20.381464877052323
translation,23.909828493726575
translation,17.19337390287468
translation,15.701150798665239
translation,37.46969883783027
translation,5.456229829881435
translation,2.7336198123726057
translation,19.399071515233512
translation,17.972585368741264
translation,3.034261159164931
translation,18.696379497385415
translation,11.581586798059853
translation,8.832025941406565
translation,20.310880271113263
translation,24.287511187423927
translation,45.602307660314935
translation,22.39798142395701
translation,39.20941941041404
translation,115.19792817015205
translation,52.44375150439803
translation,135.00426222724693
translation,162.21702416621204
translation,155.52544327848983
translation,154.26410402495063
translation,161.41188207583673
translation,21.742655299258487
translation,110.51776872050645
translation,156.18694982549843
translation,150.18352013406187
translation,57.88718098762796
translation,11.905090670697428
translation,4.028160122494881
translation,18.624971342180643
translation,47.23727850705125
translation,19.379794092734123
translation,6.093130206564443
translation,93.44050589600364
translation,17.861202771104082
translation,43.1054821903756
translation,12.864518828526679
translation,29.848954117777065
translation,21.91652378949648
translation,25.34683553881085
translation,38.909506965258835
translation,20.226502110682954
translation,12.451937128505662
translation,16.41065412358862
translation,10.699040770410821
translation,10.178394753182241
translation,12.892233218796074
translation,11.627441447023386
translation,7.091289361257556
translation,56.549518485853554
translation,16.285394733682953
translation,3.9892496288455566
translation,6.862111951512663
translation,1.3463212491644476
translation,10.761509887463998
translation,25.76242321342317
translation,24.83696566584927
translation,8.862324339572886
translation,33.616144935446606
translation,32.30614935969532
translation,6.500732055197853
translation,25.450967400094438
translation,9.014916275649844
translation,12.84628953663723
translation,6.546607368481905
translation,20.11821938239882
translation,23.217368816842185
translation,12.071914409924085
translation,18.44997018177067
translation,10.202547923956804
translation,13.068615464866319
translation,4.7051244561299255
translation,2.758206605766298
translation,4.98840677281885
translation,13.383145732316155
translation,13.199375509810698
translation,3.9486733489489314
translation,8.991687652546121
translation,8.522557817652384
translation,3.0924460106790903
translation,8.721159264270048
translation,4.576310758891987
translation,31.566123245411646
translation,5.768463509229501
translation,2.711993970546545
translation,69.97061653309814
translation,20.440421558571348
translation,3.013754109546603
translation,132.15186446789573
translation,108.55623121821324
translation,52.618988160173146
translation,18.085640848265232
translation,165.8622508003895
translation,73.7214762845118
translation,53.61546813226143
translation,15.999562380149424
translation,126.21273496256877
translation,40.489495767414176
translation,15.20641814235594
translation,3.987548186120843
translation,109.719695085104
translation,25.212921170185833
translation,20.250303406292502
translation,12.078382858827021
translation,61.81359002188033
translation,31.678217548167364
translation,29.456359697645006
translation,22.320588254081876
translation,41.65391179524226
translation,21.859920114507247
translation,10.495997985241088
translation,7.532621902721744
translation,43.98768138372036
translation,3.361668047157123
translation,3.1819578433601765
translation,1.6719176633434885
translation,9.979012737818888
translation,23.954174895009665
translation,6.639995801921759
translation,8.781688588874706
translation,26.15218606133303
translation,24.843747173734062
translation,7.793203693338009
translation,6.368003377366636
translation,32.862186305168954
translation,33.60112095007939
translation,5.687319029330936
translation,6.236483953830615
translation,23.613673863709316
translation,32.22170831166163
translation,5.804380895273435
translation,13.860696127096057
translation,0.3434656230002487
translation,34.3656897657168
translation,17.541000466834305
translation,7.990478477747846
translation,92.6265497210803
translation,25.728536605620295
translation,14.109846670214456
translation,3.8416760653592705
translation,107.39829170117217
translation,8.428180276681086
translation,6.79608525677435
translation,10.295347055985285
translation,99.88032670213806
translation,5.72608713372047
translation,1.3435366631706567
translation,5.908485869229667
translation,51.00278334937056
translation,18.583444946257732
translation,12.533638149501146
translation,3.678647584181192
translation,33.11113936550165
translation,12.00599047572512
translation,9.752665674581712
translation,8.532925783760346
translation,31.232156186063992
translation,14.2199107215056
translation,20.042659676468396
translation,13.269333910082617
translation,26.71350180836138
translation,14.827999038977365
translation,21.290857392669473
translation,11.002310709385542
translation,12.138699946464149
translation,17.20001697636094
translation,16.02492922995607
translation,17.497307623845238
translation,77.52997797718068
translation,37.025610882133364
translation,31.441004502491023
translation,22.83460793607672
translation,89.91643470126687
translation,20.555521643102782
translation,16.099776209163803
translation,13.11890050965557
translation,111.31115861945561
translation,4.30118916737
translation,20.763968426220668
translation,7.8236872572847
translation,39.6256588042653
translation,52.64073679050257
translation,11.157596450855376
translation,21.248444197924943
translation,55.537809465833426
translation,44.76789246714
translation,13.51658400613069
translation,94.58400711946665
translation,48.148581708376746
translation,38.68736652538639
translation,15.935404997324593
translation,88.65215483766295
translation,21.030053267673622
translation,18.75400181459537
translation,20.58453838957768
translation,74.87214869403338
translation,34.568199862555126
translation,10.800555563888912
translation,87.49564811937636
translation,19.258996379722923
translation,86.1006317371355
translation,18.15227161585608
translation,43.20557043091561
translation,49.00547610945966
translation,54.56334164604011
translation,82.93580418821195
translation,97.26432145037364
translation,47.8767485570765
translation,42.85618342952548
translation,37.575442002873814
translation,50.85315758623245
translation,37.90223103972893
translation,40.335476611884864
translation,2.3940847235916265
translation,5.051604314473529
translation,34.15154733306498
translation,54.32091224783854
translation,47.0121220933269
translation,35.21515785673206
translation,54.66319861907984
translation,14.139733949555858
translation,19.33741420121399
translation,26.06704516976781
translation,17.4493748767371
translation,31.73793451238221
translation,9.81824391098162
translation,18.32614189410619
translation,20.0312450354888
translation,15.679630285718117
translation,64.30335166762843
translation,13.427585463801353
translation,84.88099275930678
translation,16.582413711543758
translation,25.02530553282675
translation,62.838933859728904
translation,14.923610376217859
translation,71.69779828563608
translation,6.220824409804177
translation,60.58997774701643
translation,58.29658327340743
translation,10.644224135369754
translation,52.95481142391729
translation,19.283257936714605
translation,62.867643005183005
translation,47.24574066277835
translation,74.09560067166572
translation,111.34265499525168
translation,44.919258210047275
translation,28.222277006916578
translation,115.6605379501812
translation,22.233358706753297
translation,9.001874965128538
translation,26.58027240506126
translation,6.390384664438832
translation,72.45909509127046
translation,24.315560340285884
translation,5.151956616917033
translation,75.43542648611627
translation,10.347288569582286
translation,6.716448319684131
translation,55.08189697388472
translation,43.984902351578334
translation,23.580283218455392
translation,116.1875168469867
translation,46.270784266410125
translation,74.14101532278295
translation,55.44126653593803
translation,90.00698183219812
translation,41.7720122567666
translation,87.01792808941525
translation,10.463212763093333
translation,50.50522047957144
translation,46.835037027456096
translation,27.85372061506214
translation,56.82177688647268
translation,44.92464853150578
translation,19.431184605311657
translation,29.53191177981369
translation,55.68254422406534
translation,30.51572278039513
translation,7.894856967889545
translation,25.219683540510232
translation,48.03128550229164
translation,5.365552407805258
translation,6.087465150975061
translation,12.421988282871856
translation,52.97232952133349
translation,31.07994998485692
translation,20.863358850659655
translation,13.883682046987813
translation,65.39368502835859
translation,51.01214031030893
translation,38.79353689049895
translation,60.817783066833655
translation,103.40889419520816
translation,84.0977430571538
translation,32.685139751303176
translation,56.92140971166784
translation,135.81250825983616
translation,49.68069503059255
translation,16.02664560704461
translation,40.68970323874909
translation,58.718171538304894
translation,15.120492755087948
translation,3.396049445454077
translation,41.0301415628859
translation,6.429872555991631
translation,16.48341418753173
translation,10.285019168062595
translation,119.35261417846002
translation,14.324690570416717
translation,24.613362012545476
translation,12.269268644361745
translation,160.00711931813214
translation,9.520722958840723
translation,10.981587933595204
translation,19.35754279798543
translation,132.7828381698688
translation,4.650721629219175
translation,13.352769323518686
translation,4.378842987674546
translation,58.94619587548802
translation,76.62711214656977
translation,19.101225310198892
translation,15.51132992406252
translation,6.337721389519113
translation,30.79438064689254
translation,6.8885579755298165
translation,26.902108858397703
translation,12.18088379293265
translation,12.322509467574001
translation,3.5310363850989663
translation,26.384663434496105
translation,26.044257538886313
translation,12.725038638725565
translation,7.712629056992003
translation,16.093489563356798
translation,130.32489592255004
translation,48.497420080391656
translation,22.714708070901242
translation,17.738141827342524
translation,164.75380079560648
translation,137.06357106875237
translation,48.43543449965839
translation,25.78597428279038
translation,165.0984864898104
translation,168.18278683349416
translation,19.2160954592758
translation,1.683757105396986
translation,117.19850389845438
translation,45.09620200580245
translation,15.938030734010187
translation,14.325784216745566
translation,45.24462894360635
translation,13.965657038502883
translation,34.724280987266425
translation,8.599563610279878
translation,31.60611495462718
translation,10.708371042827443
translation,45.97640970684449
translation,16.245918933774394
translation,16.86987889036332
translation,12.277438110712641
translation,24.599675033288296
translation,2.8697883201799814
translation,49.963061938708854
translation,0.7584436790091845
translation,25.60100014548656
translation,12.275860512113837
translation,49.1227825191374
translation,48.50990014795134
translation,29.313858438339807
translation,18.1065799956628
translation,17.387699758325923
translation,42.237105932714115
translation,11.645654657856163
translation,6.007945583063814
translation,54.22526153622606
translation,10.343860429677703
translation,15.410760077357065
translation,6.6599962876799434
translation,98.5215164181517
translation,43.97801764582042
translation,49.84177647509126
translation,18.058673540272714
translation,39.48469028641746
translation,93.64338551930344
translation,83.83039416609941
translation,10.239808094616542
translation,68.53145511921765
translation,115.02819443247522
translation,0.5185516685748485
translation,43.18070661925631
translation,139.5460466433185
translation,44.2731849630119
translation,11.078154328425239
translation,10.960671398479768
translation,45.78775653219446
translation,17.484038382270814
translation,10.6399118422106
translation,88.86610040687788
translation,9.425599675162216
translation,14.901887727096694
translation,6.438214233595983
translation,111.58218638978136
translation,54.280885566522166
translation,29.473820177610182
translation,43.47033849523789
translation,135.47119442309608
translation,92.0386745647066
translation,23.72987065090367
translation,42.442756417645846
translation,134.85838322284758
translation,16.634307956217146
translation,23.87314240577564
translation,49.902300789643334
translation,71.24508365828913
translation,28.299480888809683
translation,7.461644220567423
translation,39.09955886932526
translation,59.428593596603676
translation,23.975117728296564
translation,23.249799800792797
translation,23.601016751016576
translation,43.2017712210324
translation,19.9915633518117
translation,21.71084941815024
translation,50.14946016710282
translation,16.047963085726007
translation,8.019851673523196
translation,9.054387706277678
translation,141.46155990883352
translation,44.430067455968064
translation,29.467544480347545
translation,2.5743223524134704
translation,171.4490380464131
translation,13.021852988504008
translation,26.43451584022047
translation,8.710312019727317
translation,141.33371149741907
translation,5.062663858607825
translation,16.69874030610214
translation,11.436223727238184
translation,30.45846051684921
translation,7.571369998248152
translation,25.51666354455996
translation,5.331050422044037
translation,0.6695006187269491
translation,12.411998523425352
translation,9.328290383592503
translation,11.040058183644515
translation,8.095409558789429
translation,2.8473098729252864
translation,7.098769336139604
translation,15.786231418123378
translation,10.61447365825109
translation,9.765411254278346
translation,11.547949064888476
translation,7.06992857309054
translation,25.911635682276582
translation,1.1846452667833989
translation,7.427515296191462
translation,11.306571890109574
translation,50.87991604875383
translation,47.65079648997914
translation,13.860896609099983
translation,8.28084614949072
translation,125.81105559745517
translation,7.238105680976531
translation,11.036192380764922
translation,86.13500101623977
translation,22.58319936853032
translation,36.19373654379675
translation,93.00373173133494
translation,85.56907017930585
translation,14.534084848141323
translation,21.52525201028927
translation,96.23336424000773
translation,54.38495764184385
translation,11.168188812115448
translation,13.930306901888093
translation,139.5612084376396
translation,35.867894766581685
translation,32.24221868387461
translation,6.583005744442282
translation,79.43536588883421
translation,28.479828749431338
translation,10.214090626226023
translation,7.963613982453556
translation,89.81151136662234
translation,13.486580827071021
translation,15.949962621073292
translation,7.960156035838171
translation,51.3882740656658
translation,20.874742526776433
translation,25.392271077983946
translation,7.598826462075451
translation,29.157110431049606
translation,17.484248670123073
translation,8.713971447002471
translation,7.537896369388811
translation,43.48044629633624
translation,8.692205287403889
translation,54.61583671627014
translation,18.285104191258487
translation,39.67785709815968
translation,24.457712236915196
translation,36.484996586161465
translation,24.88945928500821
translation,27.33713626217372
translation,41.77493236691188
translation,15.750961612901522
translation,26.15164571046809
translation,51.6811852804025
translation,21.583438061849506
translation,12.411704609012622
translation,15.410094594953367
translation,87.82093691082927
translation,54.21723704608176
translation,23.49071579353763
translation,33.26158130010729
translation,58.13074610634539
translation,44.245311872164685
translation,11.873592210292493
translation,26.198893352394855
translation,41.47794458906576
translation,53.88223681150157
translation,2.946568817964814
translation,24.976394795507066
translation,62.099388707204085
translation,16.633722298378462
translation,14.546080617663078
translation,35.13124156064287
translation,142.66853710339242
translation,35.88710739715474
translation,14.499783920767609
translation,73.64234826860003
translation,18.53899435938013
translation,15.06938027597863
translation,77.42018986184802
translation,42.23351372715749
translation,37.01633775958727
translation,9.852063256250302
translation,106.53787225178115
translation,44.18592765395802
translation,63.27629745249329
translation,14.880356881283364
translation,144.30542368209973
translation,17.462753371070008
translation,49.81332601278659
translation,4.673885392920166
translation,127.97301615969957
translation,31.771383204835615
translation,22.32944931126234
translation,9.921573871321803
translation,58.3758318267816
translation,32.303211076270394
translation,18.17582751876519
translation,18.12503296183883
translation,17.85821961229794
translation,17.732224237959343
translation,3.1831404315442664
translation,10.122116563145775
translation,21.650203417180908
translation,19.421046482186124
translation,12.845211084988128
translation,7.894012430228676
translation,28.59444411244649
translation,18.081680333280506
translation,15.923976840044078
translation,17.90554085090957
translation,27.955047215763408
translation,116.93726101715495
translation,18.864114514871265
translation,29.99920420094423
translation,13.499636503859165
translation,143.44229337346437
translation,5.54553688340161
translation,8.164192402048164
translation,117.13056131600123
translation,105.66750154739486
translation,19.633624250106486
translation,31.330875196780045
translation,141.61188692801448
translation,84.88484071917158
translation,8.352466385697033
translation,46.83432202914499
translation,165.6152360240299
translation,105.13627972371575
translation,10.019684176196721
translation,69.18831934451929
translation,157.02136723740705
translation,107.99301640564026
translation,31.2253697809791
translation,51.36769954808211
translation,92.30995086693302
translation,25.88304801487175
translation,36.41456967038701
translation,15.38684194547286
translation,35.69904976189669
translation,14.300107794445838
translation,18.55804445867399
translation,20.66265507843905
translation,24.493414038837123
translation,10.49473197080518
translation,11.085947150896146
translation,6.980455165988139
translation,3.162623568405386
translation,14.509840074889414
translation,20.307338891980706
translation,14.875727260503137
translation,41.307729497314206
translation,16.476921349480023
translation,23.39277100373763
translation,8.181779992072762
translation,69.53240210776893
translation,34.82692745387718
translation,46.03027383977393
translation,24.15682909232229
translation,55.34627096662504
translation,25.645586347433518
translation,24.167421365414583
translation,26.70629975799721
translation,10.055318195412374
translation,7.542634693665068
translation,27.365935462035377
translation,118.54065622441036
translation,7.183156241561168
translation,50.08815055892132
translation,14.57459134805764
translation,125.93971432197002
translation,5.821890493386706
translation,171.91617281796744
translation,86.76957349165838
translation,113.68514977630646
translation,122.3761174711944
translation,82.90671377458543
translation,70.1652885003271
translation,32.40211466213407
translation,43.48522578749796
translation,47.460945554856266
translation,16.797513774842777
translation,17.413596153271516
translation,17.927361791590123
translation,19.177615726238475
translation,31.614863822333366
translation,22.947325985478056
translation,10.389741349781087
translation,19.261985094447247
translation,29.160217296140267
translation,16.912395729869896
translation,51.206303756395215
translation,34.90414456602881
translation,50.02769163881127
translation,37.83491927303398
translation,35.37553282294793
translation,18.47095939117186
translation,38.71433442391049
translation,11.938940402526324
translation,24.923869446859417
translation,17.59098470551565
translation,60.13058285275755
translation,28.460959332756488
translation,11.606737094180673
translation,48.95822246571663
translation,27.695015275081584
translation,41.25892770164008
translation,24.41234979624089
translation,26.824603781170772
translation,27.696161010007817
translation,18.12389481989157
translation,22.763241843026776
translation,12.938718038067648
translation,14.175023128812011
translation,16.1412114434047
translation,17.03131636431266
translation,15.851226856706665
translation,25.381380551256697
translation,11.822905666831547
translation,11.981488683828998
translation,28.307767110214513
translation,8.079415455752901
translation,16.265136624112714
translation,5.536984198146364
translation,53.69666817000105
translation,43.935933022788305
translation,24.304099763038668
translation,3.756368659180319
translation,45.516155649364656
translation,109.13241239604933
translation,43.172844074027815
translation,4.560854942179056
translation,95.86662899024664
translation,42.918970834322124
translation,9.634540603419731
translation,107.29294829047578
translation,18.463108116796413
translation,21.402377638919535
translation,135.86812419023795
translation,18.884819190231543
translation,17.541290565341395
translation,19.599905416510566
translation,26.477482790289894
translation,28.32656047484736
translation,23.76630104745592
translation,103.96376942977471
translation,31.377507695627113
translation,31.115227651309326
translation,35.4645772399879
translation,58.15837210413956
translation,31.516533089366447
translation,5.676031567688974
translation,20.59938976972981
translation,33.806317953768094
translation,15.527467378741276
translation,7.164746973317448
translation,13.008947851164395
translation,23.751829906260387
translation,47.54831342517978
translation,8.592478259603869
translation,12.750458848120953
translation,21.16891263104829
translation,24.41537990371495
translation,15.203899822093865
translation,18.236623784375908
translation,33.395322258641464
translation,32.61275488920905
translation,17.053134414113277
translation,6.03992891534394
translation,46.46119011328727
translation,21.51832042475687
translation,18.180277530299843
translation,140.71133341305008
translation,54.057293012487804
translation,144.88248349476615
translation,57.1328097841001
translation,64.4517502509445
translation,93.89909895811813
translation,42.87967445590312
translation,21.86801473288625
translation,56.386553176447315
translation,48.637534683226576
translation,12.643881859120619
translation,18.515138253824464
translation,21.66256767464276
translation,46.29493347773994
translation,9.46796582184214
translation,11.918668361708843
translation,27.338764780882094
translation,38.378701453193806
translation,16.22372837064852
translation,19.35924963620938
translation,21.472626154686054
translation,61.657752020557346
translation,41.96304118446862
translation,33.75133780550259
translation,23.450304406223545
translation,86.07414172644896
translation,69.33763519608912
translation,38.028494538361045
translation,20.63462328241196
translation,78.09906911227579
translation,69.71071413930768
translation,12.845364688303944
translation,61.457091332714256
translation,45.03629168014435
translation,53.62236035894168
translation,37.45341467691513
translation,38.19493932629544
translation,44.38935462481066
translation,67.4894684196835
translation,89.87018467089672
translation,74.28181962088362
translation,41.777935000031675
translation,124.20384752239626
translation,95.29205538634193
translation,77.30822911270741
translation,147.99220375902647
translation,152.78980056150638
translation,89.62568659739468
translation,170.07409252112745
translation,76.8149157138809
translation,152.73490618450256
translation,53.87801265842309
translation,98.69181228137654
translation,43.915562513319436
translation,43.340727708518244
translation,77.25461068010917
translation,74.66491333767796
translation,24.650622676020944
translation,31.045126624245285
translation,67.51702885625502
translation,13.227462193662927
translation,61.48855253034125
translation,88.1674418802393
translation,88.94294370924318
translation,87.66546202290974
translation,81.41552951961135
translation,83.7961464820982
translation,39.16795014255994
translation,6.801249854779848
translation,5.154253418660603
translation,8.005058956832988
translation,8.811973071144656
translation,10.88517373708433
translation,97.71528731195195
translation,24.31642204108292
translation,13.313345403022623
translation,26.756631994550084
translation,9.658890386733098
translation,6.357590884994709
translation,11.95516743537476
translation,2.991137945318981
translation,39.556904353291976
translation,4.162374204303336
translation,11.677245997976504
translation,8.2769158918892
translation,2.0456347209598507
translation,8.197412349579102
translation,14.848804211602916
translation,168.92848888199407
translation,38.69198553930185
translation,19.90638990958849
translation,145.5906632289118
translation,34.5749101518244
translation,2.8105176731119803
translation,146.70598146453736
translation,42.08480456656403
translation,4.859322811263946
translation,43.921271635891095
translation,91.19630578743784
translation,5.408210237642451
translation,32.134812122720724
translation,62.36641031491956
translation,5.782725720025094
translation,109.22213078081963
translation,27.016616981845164
translation,41.69810135112713
translation,16.01620457890489
translation,77.98891674765258
translation,11.195528281809327
translation,19.726340759388293
translation,17.447346362170034
translation,56.36077574401547
translation,23.83766646183844
translation,21.898970810408233
translation,9.385001933046315
translation,30.083669437513205
translation,28.54955011454463
translation,12.402060066975718
translation,9.577557572067011
translation,8.327017181590174
translation,13.73618631086869
translation,5.981324465490436
translation,9.464864469290095
translation,25.300353726713965
translation,26.35493028126435
translation,1.265248416602351
translation,16.350565486397457
translation,28.61957499885154
translation,145.7715919767894
translation,9.244367126388072
translation,14.867112322618778
translation,60.564580366258966
translation,177.6190889440078
translation,26.528304465626867
translation,22.786080905920944
translation,138.5101416122396
translation,153.49221923123238
translation,90.952114610436
translation,61.43162369771116
translation,137.82550425116898
translation,149.12084941483266
translation,24.27080789909324
translation,89.19523938811113
translation,151.64514252643843
translation,21.807224877486004
translation,37.907232466832575
translation,158.00595031667612
translation,38.26750419061816
translation,25.510667900344863
translation,32.96765733824876
translation,118.24843678982768
translation,4.451192880391662
translation,16.03397507249929
translation,21.42417199946062
translation,54.1819013278634
translation,12.45608067258934
translation,17.819780908267393
translation,16.959100606333973
translation,21.95765353686422
translation,13.051789047438797
translation,18.762348100310874
translation,14.26494429523475
translation,14.562665510579711
translation,15.529204062438518
translation,15.362768321409543
translation,11.152156265799654
translation,19.64774196758499
translation,10.163893695382159
translation,13.051396083077917
translation,20.18760642455621
translation,25.457398600667876
translation,11.659749680591444
translation,31.254709735074986
translation,44.792758029066526
translation,46.81002398479259
translation,24.11191701465448
translation,35.69425499811916
translation,136.188682699745
translation,96.91562723070237
translation,18.79283785652253
translation,121.61055145247526
translation,131.00433229702426
translation,27.250540206375266
translation,49.94565557170981
translation,102.3956602806746
translation,105.31088002572106
translation,68.98996705110932
translation,52.32516038953772
translation,89.05848581836065
translation,66.48072335675678
translation,115.08213653390678
translation,49.2562312191397
translation,45.386745377863924
translation,31.41802098862409
translation,26.014737826286137
translation,17.064117184309215
translation,28.040150868091796
translation,55.509262515814626
translation,51.64387858228481
translation,13.968590627514468
translation,10.754664063158565
translation,63.46963017992288
translation,93.97261977831248
translation,140.6316539304743
translation,33.50056440985359
translation,32.43370537496658
translation,19.99562972066521
translation,24.597062371255042
translation,6.568986945153573
translation,20.23901474229109
translation,4.512146890464842
translation,29.656297524372746
translation,10.32227294629572
translation,9.359610372839752
translation,13.636623502251862
translation,39.40341944749468
translation,57.90557300161685
translation,24.973488868135366
translation,103.13102123187136
translation,21.177153617768038
translation,29.1279917697513
translation,17.777696162150125
translation,15.465146779340117
translation,7.794031823116895
translation,26.197561532414568
translation,8.744167331094964
translation,4.889327367661851
translation,3.8513496736580124
translation,3.6839572840104986
translation,5.500410007328964
translation,24.39946770192965
translation,5.018044208990477
translation,11.889519010242806
translation,24.08981290228326
translation,27.26731907286154
translation,12.94126965280851
translation,7.107257830873513
translation,32.06785456599741
translation,2.492670278268372
translation,9.922471469422106
translation,11.139488304069081
translation,2.6093112621883914
translation,11.916207198198679
translation,1.142837090748653
translation,37.787540364279295
translation,7.326895717827024
translation,17.881910073320096
translation,149.22828313271017
translation,88.16032540639883
translation,7.448105351446564
translation,31.56674847936408
translation,164.15058711987285
translation,111.8498404957975
translation,7.912348085311062
translation,0.9962577340505991
translation,143.8998557790301
translation,55.29629510192476
translation,11.017075505461008
translation,4.721368361034117
translation,48.91132115693524
translation,61.37891694433489
translation,24.298167205535606
translation,3.8539730488377075
translation,8.408523678712871
translation,61.518193513903256
translation,32.276852822623994
translation,4.736637506501272
translation,23.630184680020584
translation,28.185076540967206
translation,6.031310116418533
translation,6.2188626286412765
translation,70.5269883898204
translation,18.187085895793025
translation,8.875171694694219
translation,15.214535499180512
translation,85.90209622287874
translation,24.082954586190066
translation,11.356602582139915
translation,21.361306908940115
translation,94.69741313143491
translation,29.118981444241907
translation,22.378196663472924
translation,46.57016611924608
translation,98.73785017212876
translation,40.75654885410321
translation,34.90155347725833
translation,38.97671313423394
translation,11.257563355424471
translation,17.21108287383299
translation,13.42646865123624
translation,5.92463402305542
translation,44.115507415772164
translation,24.750797697404472
translation,13.184367264187367
translation,33.03964051537236
translation,62.30559990843997
translation,21.09859428426188
translation,13.49389511171785
translation,10.110486873762273
translation,69.34470673243842
translation,13.13481279963048
translation,1.2347387706941764
translation,55.93990657454711
translation,97.52459802512844
translation,20.50769645246738
translation,4.500338635736475
translation,91.85804843973744
translation,90.64566464270352
translation,19.10020972252161
translation,9.584841679646413
translation,156.95440840878894
translation,33.413270087975825
translation,117.64713962863574
translation,14.572806577053168
translation,158.71864028008872
translation,27.932335019836678
translation,14.906015677444493
translation,147.32557762189495
translation,14.052240492635862
translation,22.786779837743552
translation,31.580726373318978
translation,87.11555399032352
translation,8.779787858095476
translation,50.486898702406
translation,10.818126295245282
translation,7.8825325892563045
translation,1.8739902511566167
translation,28.617106461426655
translation,10.90685282402792
translation,10.616430586797065
translation,4.973176442398231
translation,6.724876491386617
translation,7.783983540459224
translation,29.472648369496074
translation,6.013845060265055
translation,5.720017917096962
translation,14.991255733844715
translation,64.42415289355873
translation,18.833155426660582
translation,14.692523846010612
translation,8.512736370339185
translation,136.43084045065098
translation,17.24324951671498
translation,10.65055797223103
translation,131.25912505650697
translation,156.18476342302577
translation,97.49960812465227
translation,37.50116028195327
translation,154.8209087696788
translation,119.77194926576924
translation,136.16288085102548
translation,79.18649098417393
translation,169.30063956644997
translation,4.49190956963508
translation,157.53029889936707
translation,148.71972240902141
translation,158.5387175694947
translation,16.22129345124198
translation,160.15021169010177
translation,46.984023365715316
translation,28.72555537373389
translation,20.537609912068252
translation,25.036018141562973
translation,31.624797165061715
translation,22.53432631023325
translation,19.506684841571378
translation,21.395868067739475
translation,25.603582859859074
translation,6.36908100296532
translation,6.979002853402466
translation,9.4583806466892
translation,34.40648641769326
translation,10.125148521759481
translation,25.91564237741663
translation,17.863049215877897
translation,45.78362699436718
translation,10.578971104570998
translation,51.468156323255826
translation,21.60086337433696
translation,62.18659775140911
translation,8.334007567811938
translation,4.437787418554768
translation,32.885202701631286
translation,32.12712752047838
translation,64.65076973363159
translation,59.28404149109546
translation,42.144048259533534
translation,24.27956006680774
translation,64.57914782290914
translation,42.13487826949232
translation,56.68081891105648
translation,48.03753787145162
translation,39.99437480552655
translation,40.92008349532289
translation,24.657961513766093
translation,36.54996428713953
translation,33.37913260185976
translation,15.856652769755112
translation,31.031550323313592
translation,32.81902175419215
translation,14.637400372754362
translation,17.95455205373151
translation,16.7083104177337
translation,16.905725211989587
translation,26.318426708786472
translation,26.067702155569886
translation,11.023470102797814
translation,16.99680247412076
translation,24.67133751577808
translation,9.695283146330832
translation,34.79992976714284
translation,39.595371080890736
translation,6.3848174892986105
translation,40.737997817390045
translation,30.55576898767147
translation,40.29687679576001
translation,2.9727715250682687
translation,43.810790598912575
translation,25.959605907921652
translation,12.081561666435267
translation,68.84145223290984
translation,64.86951111200617
translation,33.73242853161734
translation,128.3667791583743
translation,49.86800716904345
translation,41.77480822147158
translation,31.610635992483022
translation,100.52906126744604
translation,27.778114918965308
translation,14.155836819461882
translation,27.760756790164038
translation,94.25860428292334
translation,31.668652048181826
translation,2.2233917309661977
translation,12.078802670550349
translation,68.92778133751008
translation,43.45682707161526
translation,5.932698347221249
translation,4.571486113532722
translation,38.63655752168605
translation,46.59464245042657
translation,10.605992610458946
translation,9.763435533608337
translation,19.7385355732791
translation,50.27952917337639
translation,9.951457690189399
translation,6.203625325494068
translation,65.7029433129277
translation,74.96705321224276
translation,14.514128930546299
translation,18.485325272469154
translation,82.06194346387306
translation,65.57618682661217
translation,14.324544522822078
translation,28.34358015645393
translation,106.09184392375036
translation,41.749462993962446
translation,13.427183170292674
translation,28.95760108979872
translation,133.90673130590585
translation,7.247409753019064
translation,4.733657209900255
translation,7.689832002063319
translation,116.31262200549406
translation,11.226475730296034
translation,28.69396577174207
translation,9.660375231038119
translation,89.75740808807682
translation,23.87721109092246
translation,25.739470606598516
translation,9.657709545040513
translation,62.4995450663232
translation,31.079130432715893
translation,32.1485733906146
translation,9.899255037628606
translation,22.5995020088887
translation,28.251488013214935
translation,23.019305190190554
translation,18.42598142241046
translation,18.902636112759694
translation,16.523348744319772
translation,9.172759522420408
translation,12.46924668731755
translation,38.10012973349309
translation,33.26434574658428
translation,36.70112384609795
translation,11.589676666379743
translation,39.78330100591512
translation,47.552759825775716
translation,42.33865620658418
translation,16.01577004169144
translation,100.06019183685339
translation,20.22888584459198
translation,7.525345448778917
translation,115.76074731571198
translation,104.29659398115386
translation,5.898498722541592
translation,8.49009647508477
translation,128.27653881228795
translation,86.74003540103855
translation,24.10912787559456
translation,20.966317442454216
translation,150.87167084361414
translation,110.03078542078637
translation,34.812270431626295
translation,17.918983130337885
translation,85.04334776481133
translation,96.10400059194197
translation,2.2658379647685347
translation,10.097565559030794
translation,51.66379712506872
translation,69.97742196516765
translation,8.814179091358953
translation,7.613084964667997
translation,42.21430048327832
translation,42.71733053463645
translation,1.6424728414188257
translation,12.060431893416244
translation,46.417356955031444
translation,46.94633544070711
translation,6.541475468975002
translation,10.940054059641861
translation,20.97605680612347
translation,2.812129104438424
translation,2.519513094841241
translation,146.9532338318544
translation,22.301383474062813
translation,14.337661354486698
translation,9.567578439848964
translation,24.50947043993847
translation,5.843284075107493
translation,15.140416141810912
translation,45.02819900094114
translation,23.125158905976694
translation,5.363589304572776
translation,13.367592834316802
translation,23.174760310031807
translation,17.62964303473217
translation,7.13217161842516
translation,8.067728974558891
translation,11.166671177216644
translation,35.778060651679496
translation,4.960887654846678
translation,9.964044145627053
translation,11.267426233408047
translation,33.25212311928262
translation,6.398693253979019
translation,18.95870793459349
translation,16.169318654540735
translation,28.68634790291238
translation,11.899602720954027
translation,20.848966020410543
translation,64.67235984392224
translation,39.38171985471709
translation,20.116375109555857
translation,11.024859595441876
translation,66.93160335122872
translation,25.32139644414175
translation,3.1177458505118434
translation,47.150153802588875
translation,41.64750581220716
translation,32.56578570445445
translation,5.942710401039377
translation,49.71790881742728
translation,37.49839032378535
translation,34.73663872870113
translation,5.881389727313497
translation,96.1505215948922
translation,15.572611910696882
translation,16.454082349610513
translation,21.182833589090507
translation,101.641821125536
translation,48.65415579023877
translation,96.02504836709069
translation,17.167537587461037
translation,85.7560008263687
translation,33.07150179244944
translation,60.16471281304924
translation,7.672139170797483
translation,25.084605200113153
translation,3.930198537956463
translation,31.66859722437433
translation,22.296844074832517
translation,21.85905291821303
translation,2.2980428293511013
translation,28.549716130110667
translation,19.298418756792568
translation,32.31638203915981
translation,3.8204864061963106
translation,8.8691969930716
translation,15.5173075266633
translation,37.61417413989858
translation,7.223747802129267
translation,4.159014127322861
translation,15.668383980241314
translation,17.63665534875588
translation,28.15216505361836
translation,12.529985282316447
translation,161.41077816805742
translation,9.575938584192683
translation,67.74515633124737
translation,35.771061176864464
translation,165.39053157617542
translation,26.94435243455415
translation,66.63962875413583
translation,75.79443026918021
translation,158.0496553042009
translation,51.465388998482695
translation,24.423063115862398
translation,158.75873748052575
translation,168.60638348965938
translation,65.11630939466765
translation,26.47964496341067
translation,162.59326223792974
translation,86.81157037938809
translation,38.24911729883076
translation,29.657511836502348
translation,158.76473955461853
translation,65.68096466963533
translation,63.5198401486829
translation,21.39531673032038
translation,138.5943890724238
translation,41.063727766662545
translation,48.73085936754576
translation,6.422572577966164
translation,49.82558574984434
translation,15.628946271766496
translation,36.00877659280011
translation,7.379726377972156
translation,3.8102614527193763
translation,12.891467473969858
translation,18.98474332710693
translation,11.767213891175718
translation,7.041067469997429
translation,25.54725975956225
translation,9.772618744151695
translation,9.171642030291883
translation,9.44057201272548
translation,39.78527363523987
translation,15.039021803558462
translation,5.272013496006902
translation,12.922261990468582
translation,47.90053285232915
translation,20.15169307185239
translation,10.577819742141253
translation,36.04032755083475
translation,53.24614975347273
translation,13.482362757124449
translation,9.716131840622513
translation,90.91559576215215
translation,10.436759439550269
translation,48.09308272686717
translation,112.3146002276291
translation,114.8037966027229
translation,16.568226935443516
translation,53.427268741955224
translation,122.20037045323227
translation,144.71115664322073
translation,19.285775203507583
translation,34.37813541950801
translation,154.09496255785336
translation,145.60788084439326
translation,10.830592471568634
translation,16.531728580067465
translation,92.1142179016266
translation,133.00612793544434
translation,13.912728284773891
translation,22.623774460616985
translation,95.17512804085602
translation,116.00617694257204
translation,27.20968116170342
translation,15.014236551647597
translation,99.17354895110299
translation,68.54860643198784
translation,38.36201226673328
translation,4.563897257437612
translation,148.9152828232262
translation,23.388759197902147
translation,39.63519482951248
translation,21.696073969560707
translation,169.7302609746556
translation,5.413099813308422
translation,37.26031102814697
translation,41.75308910034675
translation,144.1926873160846
translation,25.940241528857854
translation,55.61124983288019
translation,54.76245474002518
translation,58.689813967334615
translation,20.409615594603117
translation,24.585441544446333
translation,40.50186764563109
translation,20.92245951508045
translation,20.78932447088862
translation,21.14854199007852
translation,20.162834949873293
translation,15.585065479558233
translation,15.056824581312641
translation,14.871142400388843
translation,11.914898694378225
translation,12.180705285927017
translation,1.904802441510765
translation,13.986783422246912
translation,5.125967502261687
translation,15.360973085342323
translation,20.541576777590365
translation,29.46801651404262
translation,16.70205706266121
translation,24.168599411349515
translation,160.10817809544363
translation,61.95192465118894
translation,20.380367838596943
translation,37.784900579123736
translation,164.8237782204872
translation,110.1315074282512
translation,33.98268222232611
translation,124.21627509845719
translation,171.63418460288526
translation,156.17449506100553
translation,137.0598844624267
translation,136.34501495892508
translation,168.91067427694676
translation,177.95682369412813
translation,157.20917715917128
translation,59.94235899870664
translation,90.53877232357031
translation,82.98442331041419
translation,56.64040308466383
translation,38.07788844164845
translation,32.51472820710152
translation,26.44552705517673
translation,23.907316070041826
translation,36.66003359601198
translation,18.48894897906265
translation,16.560384403836792
translation,9.759382564527709
translation,6.214357312271684
translation,2.943373325192611
translation,5.628513989784059
translation,7.572801384323432
translation,3.2017500550199576
translation,19.938114515530746
translation,16.760817457657225
translation,26.717407208225225
translation,36.2142673558733
translation,28.120159889684373
translation,51.156684392146744
translation,23.059601380316813
translation,106.15565608019756
translation,61.116361689604716
translation,2.8638420022787714
translation,11.11241726273961
translation,52.700144781072325
translation,9.626239770118202
translation,29.381966563801935
translation,33.2988951203792
translation,8.75223161529449
translation,31.602558477850142
translation,22.093965317611932
translation,9.811209922621732
translation,38.37260474237048
translation,38.16073264514685
translation,16.957785622064012
translation,14.70892705869864
translation,49.18365408868867
translation,48.07839462706335
translation,7.621011800501371
translation,21.052172128528515
translation,49.43200189657247
translation,58.45529845459337
translation,5.890677403681208
translation,24.39105850637103
translation,48.66824237847596
translation,63.89656774471531
translation,12.386006225724353
translation,21.20702931896375
translation,47.62060417158205
translation,67.36242158754426
translation,16.075881082272158
translation,13.758444893696302
translation,48.967885027684865
translation,68.55258530415979
translation,9.385945206236684
translation,8.753716392538903
translation,62.40273980874637
translation,2.5496004383656463
translation,36.211340247676
translation,122.42446454448617
translation,127.08105098813382
translation,9.06824382511176
translation,41.49195742411866
translation,122.72082076082901
translation,91.31416227970806
translation,8.509567953772276
translation,28.827364367308004
translation,147.20406261133064
translation,72.58502544918733
translation,12.771696310356594
translation,17.96777616123383
translation,108.30790023956519
translation,62.11227223843535
translation,23.90886406326632
translation,18.463608331524856
translation,98.19260960318748
translation,48.37113704016305
translation,32.88244288024246
translation,23.13270763632016
translation,79.37661304589487
translation,35.70484203917776
translation,37.62573923402366
translation,27.703525759470928
translation,62.7848241919504
translation,19.538775715056826
translation,43.07528911543808
translation,18.553908748444275
translation,46.139865156981784
translation,8.62636452532132
translation,43.341289582758705
translation,4.220608277677458
translation,28.635319246977406
translation,6.394518146638936
translation,27.703545500824312
translation,13.193412509723217
translation,20.18463427147801
translation,15.925715107415602
translation,12.446622059398859
translation,19.91869772888719
translation,39.78241200036104
translation,36.265911859311174
translation,6.879528604601071
translation,4.713561181779936
translation,48.253732972387155
translation,58.90510967712541
translation,19.78374583154978
translation,10.289308368893725
translation,51.075660675902235
translation,89.22162581392723
translation,28.328085730193575
translation,9.565551306855092
translation,21.86380199814315
translation,20.852313212410518
translation,22.56813614049146
translation,29.040332222786986
translation,148.50183069418648
translation,21.143327133938232
translation,147.67835800138712
translation,147.26031159259801
translation,116.24652967390102
translation,8.38690571198833
translation,165.1286554226198
translation,117.53176010983844
translation,92.88444073453114
translation,10.818982745134509
translation,159.85285089802164
translation,62.78110812338149
translation,10.747592731517338
translation,16.158199207271814
translation,142.74812553493632
translation,22.571865175627593
translation,27.279005513413438
translation,11.25673100928238
translation,136.3758775205681
translation,13.044267955253813
translation,27.27389950137884
translation,17.14207024231135
translation,79.47874574137364
translation,19.625843242479302
translation,26.15388441636438
translation,13.947213943519948
translation,31.862274326094116
translation,27.32013405218783
translation,14.120287245992394
translation,8.64396784088061
translation,7.721029760718758
translation,36.87271564336898
translation,3.617557831123258
translation,4.822594544171793
translation,13.15791817112133
translation,57.419596531208924
translation,18.500412179146362
translation,4.541815599558125
translation,44.5372183497384
translation,70.92848729218456
translation,36.2781260765074
translation,5.2328025880124125
translation,121.57790096846794
translation,97.32819478904122
translation,57.56567589345701
translation,6.43318466101637
translation,162.10142414375557
translation,140.0709896782284
translation,118.39492582159103
translation,16.153415548244546
translation,156.85999989221096
translation,41.29800721110239
translation,66.64381150435545
translation,8.522897504158914
translation,130.00479768089724
translation,39.416997656384744
translation,19.918057608295065
translation,13.337099349696166
translation,45.31057280916965
translation,28.723666958877704
translation,17.52845351188916
translation,11.964075423618656
translation,30.09711825806013
translation,19.998958856769608
translation,28.001267456456905
translation,14.885769168895964
translation,39.31710657615503
translation,16.6208633051252
translation,34.88285832525632
translation,22.269023348626686
translation,42.35327635433759
translation,4.289372577382843
translation,32.16065642797863
translation,16.5042537078822
translation,35.30224583432696
translation,12.198229417433435
translation,20.83486130093762
translation,25.926151509194437
translation,86.38313080741374
translation,106.66861244914547
translation,34.128519219562385
translation,14.269813137101986
translation,120.12464420512636
translation,118.46156389512038
translation,97.0854838135467
translation,96.44738412420637
translation,110.85338013962276
translation,101.85139678324133
translation,100.27647295478599
translation,77.70922902891371
translation,116.38319597383992
translation,42.923861170546296
translation,72.70403576980502
translation,59.65919961765613
translation,117.16028115898835
translation,31.62758999451038
translation,13.243461010078034
translation,38.50961968290008
translation,95.45043045802466
translation,46.34288469221878
translation,23.43996220943068
translation,14.829765244716832
translation,42.9632724176932
translation,53.26199904139853
translation,62.74554241316733
translation,13.067661802165652
translation,22.90410991894225
translation,33.59874446005514
translation,50.660170926491475
translation,6.985017754818243
translation,39.9628977006728
translation,25.98961769206494
translation,44.071674313956805
translation,25.994325598068386
translation,48.50940207571431
translation,22.74743780512421
translation,48.86046989143123
translation,48.20000949901555
translation,8.120726027364244
translation,46.697005280993984
translation,70.5954643025715
translation,15.971541171588582
translation,80.79488019372913
translation,20.942100651608346
translation,86.88567904895318
translation,31.253363427050616
translation,87.67540863678305
translation,5.156444446238213
translation,59.28692355568703
translation,12.728411692411369
translation,74.76515790069381
translation,17.346206895194417
translation,69.61963440754852
translation,19.890976389891826
translation,51.77172642468107
translation,22.631001261668317
translation,51.05487120942662
translation,11.107806992489902
translation,10.65291356073859
translation,64.32977806898562
translation,8.481670487132739
translation,27.028119916412663
translation,49.16565327632128
translation,5.679559463763043
translation,28.693390195085133
translation,77.4955369069462
translation,54.695880684496686
translation,6.610211834334951
translation,34.92050781740837
translation,64.33746284640274
translation,41.46731816618334
translation,9.906070999606149
translation,23.97183791844214
translation,55.69352016990616
translation,41.650778194185285
translation,7.421365876055568
translation,10.556243395447746
translation,34.072866650454245
translation,60.49605444051645
translation,11.916484179148055
translation,5.253507237387437
translation,16.05125080966476
translation,80.10000481475939
translation,43.494307467719814
translation,28.308300792331313
translation,100.64067386124906
translation,60.76855096025904
translation,76.66822257596792
translation,60.5070639433146
translation,120.44985571831693
translation,47.376858342794165
translation,89.57973732754503
translation,74.12716191946406
translation,119.4490045539752
translation,34.33047221854491
translation,59.685878299217705
translation,85.01528463516566
translation,39.20939444608544
translation,34.32696173320964
translation,5.576455897534979
translation,71.0494331948103
translation,6.286178009850481
translation,26.201269101130375
translation,15.887346224144114
translation,45.417984036505366
translation,9.983391686855507
translation,15.624126680120462
translation,12.124861768532758
translation,25.557208942782935
translation,18.023108766574243
translation,39.455185610535594
translation,10.574958131995773
translation,29.965091100401235
translation,6.453094134196849
translation,81.18860213562824
translation,20.373776386951736
translation,26.797114123074635
translation,41.14607592961577
translation,168.0931167361075
translation,70.217848736649
translation,13.454056212221275
translation,161.49813529582184
translation,166.03678767055175
translation,153.6298651647786
translation,141.1815891799315
translation,168.48640391355363
translation,161.17438313411657
translation,164.05488852469912
translation,152.61529658815058
translation,159.8184413591126
translation,120.07486911699736
translation,137.14022392325302
translation,135.53599596301348
translation,145.63108348179972
translation,72.00183383778523
translation,123.97545847317677
translation,84.93623483960542
translation,30.733508596807905
translation,139.0125386742644
translation,39.07445045228069
translation,17.903755937441954
translation,30.3656132825746
translation,0.468951324460377
translation,27.81604147094094
translation,60.71103770839369
translation,167.33421917558573
translation,159.15513701749387
translation,165.39548189871408
translation,164.55515641081195
translation,173.6348015663638
translation,172.03897960657866
translation,136.48012363594455
translation,165.5293380354246
translation,141.63568611527057
translation,169.6470795992657
translation,144.71955952536462
translation,107.52716246809581
translation,140.4560776944228
translation,97.49745784853545
translation,141.43840401061715
translation,93.04008762663429
translation,149.72412356920128
translation,89.1618427804223
translation,167.85066222959333
translation,66.21775221083692
translation,83.24876517346844
translation,2.45435665346991
translation,70.19734068253007
translation,27.006589840069168
translation,65.15898788897137
translation,4.629083428922967
translation,58.27377601134528
translation,98.79451130496619
translation,76.62366760540245
translation,148.79129266639387
translation,105.42810873935923
translation,151.91060512405906
translation,130.6183427219984
translation,123.83220210837617
translation,91.94504937920966
translation,103.16903610234077
translation,46.19859671640636
translation,55.747029791420346
translation,38.9261400308627
translation,28.681036095699554
translation,9.185710737230982
translation,14.002934901834685
translation,51.93682293891997
translation,11.253790928816795
translation,13.044571360477391
translation,98.55281602899856
translation,30.171815733842564
translation,63.72968810212479
translation,35.664683996556356
translation,70.15305531710077
translation,48.45009171088148
translation,57.48774429290196
translation,38.97579420549672
translation,36.02819370482776
translation,42.86571780781688
translation,3.9387518523721936
translation,29.948632901879204
translation,24.345818751076372
translation,14.450775703105354
translation,23.013572906664596
translation,78.10064380597662
translation,34.253955818125846
translation,29.83907560128939
translation,130.916793761398
translation,82.99531444592733
translation,32.288973039375335
translation,150.2607585299563
translation,126.81840356961345
translation,14.419964337035546
translation,154.12242461667057
translation,163.46015200692239
translation,33.231197823311064
translation,107.50221248621473
translation,111.40445596953349
translation,25.255063434178357
translation,54.25693054657131
translation,71.3013597043957
translation,56.766982693578846
translation,170.32681133241053
translation,56.030839655131714
translation,27.727978018048244
translation,65.96253009180778
translation,171.47306700178237
translation,2.9614421374735036
translation,17.643680710879188
translation,77.83804847804046
translation,113.01831595296123
translation,6.639183738055287
translation,10.657266600740515
translation,51.51643458964003
translation,12.87254423351676
translation,33.20162604097164
translation,13.883113490905153
translation,17.424666786805766
translation,15.465212401375368
translation,12.833650763029226
translation,52.56960344234283
translation,38.33520748010356
translation,99.64812778266268
translation,87.33851980245856
translation,61.37981942892311
translation,117.98393367456356
translation,136.81616217036154
translation,80.71299195992191
translation,150.12044279717904
translation,146.7408458334074
translation,115.1073250372931
translation,100.05338568249763
translation,114.47645992260054
translation,112.03734267158285
translation,20.764723022368404
translation,56.465081976310216
translation,23.071506237174155
translation,27.401460563943306
translation,31.937385611733138
translation,33.049736762866154
translation,8.174665809350117
translation,11.775460891703853
translation,17.349346100685896
translation,8.768926848495878
translation,9.65168962249294
translation,22.37724243370345
translation,25.221421200555206
translation,15.290064387814697
translation,18.403095609012656
translation,25.558666209153284
translation,50.857819454042335
translation,20.98970663020647
translation,12.006352946590182
translation,84.11167762197248
translation,91.07938970945288
translation,62.53057191892588
translation,17.435955409243093
translation,157.672855152757
translation,105.03406748389631
translation,100.9379068065912
translation,82.25954019164607
translation,152.60834852858503
translation,102.8248233410008
translation,131.0042377034119
translation,139.18968597870247
translation,87.62045398997434
translation,82.34419727728502
translation,134.0329664244567
translation,89.67420750756054
translation,19.007770821926407
translation,21.75446702812637
translation,98.69952459250588
translation,137.16289471344575
translation,141.70380981638368
translation,104.28430320591332
translation,61.18325837648915
translation,36.659093517754904
translation,19.619507384472335
translation,15.273581287643635
translation,8.222267082819727
translation,34.09101193457946
translation,20.324861970083493
translation,15.481861636728953
translation,72.13087209934174
translation,31.283879699990095
translation,113.6709446556462
translation,50.52998313440362
translation,117.67496397216964
translation,48.07763280985812
translation,102.33149640008098
translation,23.56878846761559
translation,49.47884185198886
translation,26.41221951360472
translation,16.659522922818148
translation,36.46385159629158
translation,19.73690662222669
translation,78.49062036110503
translation,49.73058723951606
translation,21.96067516940293
translation,61.80479695455372
translation,25.91519046928943
translation,50.41571322224107
translation,111.30903426111814
translation,21.12964062399414
translation,32.301087340474155
translation,84.4918911118209
translation,19.334779455821273
translation,61.83837973732841
translation,12.358566760288793
translation,59.6915559774531
translation,17.08820234054748
translation,40.38361247065807
translation,16.637428046507523
translation,18.60300037322167
translation,37.74051550049144
translation,60.38994445669925
translation,37.53916097792865
translation,28.054155963009542
translation,39.838355637955814
translation,49.86033141122646
translation,45.200194763420456
translation,28.91200942274531
translation,23.269587462713034
translation,24.387060326561677
translation,34.39951197689669
translation,20.30295503707302
translation,2.300963036790647
translation,48.39558847153932
translation,114.9627576048726
translation,9.353501800895014
translation,24.85707625863038
translation,100.58925989847528
translation,125.3653940215037
translation,36.33102818269554
translation,47.92251251653673
translation,113.33964860929643
translation,125.16031379204269
translation,74.84425521700557
translation,65.84700410809121
translation,138.41306947246693
translation,121.19612515141513
translation,107.37234702381299
translation,115.34846550229804
translation,155.05595428431238
translation,125.15233068662496
translation,96.48067295172848
translation,109.61049578937228
translation,151.34559851497298
translation,88.94808841201126
translation,44.97665855073286
translation,96.64264502006998
translation,111.51060878412784
translation,6.269360068840857
translation,7.350785549917352
translation,61.46876234524105
translation,57.94834594334994
translation,14.179339692972741
translation,7.063741885745126
translation,35.205021519458434
translation,22.578020526344705
translation,26.35725638374552
translation,2.540581209907051
translation,31.50709693763117
translation,19.290713246762152
translation,30.89535674063522
translation,9.992877859104166
translation,29.655520008469875
translation,25.604849844562473
translation,43.17476093803766
translation,21.147324266402585
translation,30.969959420022427
translation,32.25780570005389
translation,57.110072148601645
translation,47.63967522061502
translation,31.604144519164223
translation,67.52807983253712
translation,68.88466907934517
translation,30.00750207470992
translation,65.4533977955216
translation,48.33847198388845
translation,89.74263580351209
translation,21.54470744302891
translation,89.73673696335632
translation,16.692240077016887
translation,97.17299846840567
translation,15.195995616764646
translation,130.30933334286848
translation,56.840608184975835
translation,104.95757343544302
translation,50.8162177222028
translation,130.6839374871081
translation,71.23431489292612
translation,67.7296449966079
translation,71.19464614384154
translation,105.28168297019862
translation,76.10178964758076
translation,28.66255563049162
translation,67.60685035712946
translation,57.555415133275886
translation,72.75271398677123
translation,10.361862754796363
translation,49.027332542415365
translation,53.83944171773307
translation,106.17779997836797
translation,6.294648234597874
translation,55.52703178406963
translation,51.10284682710176
translation,121.38383009795756
translation,7.887051638033148
translation,42.7022786378822
translation,59.147390178017105
translation,155.16637662519128
translation,1.995617819529566
translation,41.39305472425702
translation,156.08369420897577
translation,131.52956195090934
translation,24.214083211253403
translation,26.539581991575826
translation,151.49956230502178
translation,121.95985940036438
translation,23.645478045039432
translation,140.40867575635102
translation,102.51483329242431
translation,123.00900233541255
translation,24.496244699726248
translation,133.36212812409434
translation,74.95218144820166
translation,98.38202632324685
translation,15.588004062321422
translation,113.21277756170846
translation,38.56201125255069
translation,42.0075542428935
translation,7.184137474349882
translation,46.903486467802395
translation,11.539296228523215
translation,34.13831683982406
translation,3.2175330566685445
translation,15.849275341309507
translation,3.174371875490407
translation,36.348543787158235
translation,0.18621529958364844
translation,2.9089327394761177
translation,16.244525785773416
translation,40.04774475223632
translation,2.4188064840929226
translation,3.878920839975786
translation,29.67074566747176
translation,40.205566662728465
translation,5.663671395468049
translation,13.818577147097164
translation,61.34790218942002
translation,44.93015424703735
translation,11.004131228845148
translation,19.03787856793558
translation,84.26535831053708
translation,40.223437940562214
translation,18.467148324261164
translation,49.6918569520175
translation,107.26295616085488
translation,35.4517467293353
translation,31.30168762711821
translation,103.42671251531976
translation,122.64861211766842
translation,29.679514078031563
translation,45.89435067141447
translation,120.10916801668924
translation,125.02144228931726
translation,9.305822875418485
translation,50.951118351907645
translation,136.16483253755848
translation,115.64129262826921
translation,4.218452514223855
translation,49.56256867019703
translation,140.5688624619812
translation,94.11398006157945
translation,20.600136909886327
translation,45.33463266696946
translation,130.72617120876217
translation,61.93253146812287
translation,20.639314765206958
translation,30.339265803929077
translation,30.394276342020824
translation,23.4752289797089
translation,6.591053365612656
translation,35.265364962767514
translation,14.638588990177425
translation,20.44238727850646
translation,3.1180631995307118
translation,29.646196635493315
translation,4.703018126172912
translation,9.080670240317966
translation,8.985663698877735
translation,22.859117537479673
translation,22.870401457481556
translation,8.877568614248625
translation,13.415650625793173
translation,22.204305972008935
translation,37.55140658316831
translation,10.728318289290474
translation,21.850629147993256
translation,20.717132198007217
translation,49.12809443573931
translation,19.371541972750983
translation,29.208411363287585
translation,23.914304781474726
translation,60.76077510845257
translation,10.641984809990907
translation,35.91267694754727
translation,54.3665141918385
translation,63.276503423738795
translation,17.230294690767646
translation,36.53629425012097
translation,80.4359774867646
translation,76.93382342112776
translation,32.646128958473554
translation,42.32700864806617
translation,102.33589666199298
translation,90.29320197330398
translation,40.48824973555128
translation,33.595837665001156
translation,109.01484080300774
translation,56.9283715552505
translation,23.688402204183657
translation,13.08256984002684
translation,102.35129840401473
translation,62.64651274870914
translation,6.136585854707259
translation,35.84517898378082
translation,94.45177189150758
translation,70.1034551106122
translation,7.977591377785392
translation,48.856396679897664
translation,76.60023628302112
translation,72.21145603401952
translation,13.799752718095137
translation,51.22044184550114
translation,69.67593678051436
translation,63.09693168470645
translation,15.731473969681913
translation,56.65556317050865
translation,64.7469824052483
translation,47.83357247467436
translation,15.7800288235761
translation,55.50608910529319
translation,61.01276278041664
translation,31.899773998920466
translation,17.673569834949827
translation,55.88145899550839
translation,62.914411347137765
translation,9.758326545782607
translation,10.396481255645039
translation,47.38170377611684
translation,45.71423100326798
translation,45.793546433359474
translation,5.8372266075063495
translation,48.175481864732156
translation,91.27585532291391
translation,81.99745922611837
translation,16.406945959675078
translation,93.65440327979596
translation,94.24472678396067
translation,92.55510912471686
translation,19.84148779796871
translation,89.16582906993784
translation,83.236535894917
translation,88.14853332018234
translation,29.975612493199577
translation,68.6228833615028
translation,84.14627247929077
translation,90.16596623658882
translation,32.5789252114529
translation,58.02390307089317
translation,77.23656039272171
translation,71.27366430201685
translation,58.990481040854455
translation,42.28733312897327
translation,87.91722833976212
translation,33.85113405060084
translation,79.04504434682586
translation,32.41192521775218
translation,90.81773506769827
translation,21.188384602051148
translation,98.12884798907471
translation,55.37521878352391
translation,95.9330979218867
translation,59.18694493792243
translation,113.26641922883783
translation,114.93590403051871
translation,89.81998667788937
translation,65.291333333259
translation,105.60713280999083
translation,158.59218383358822
translation,129.6981036377421
translation,118.91153993062423
translation,79.19709063691451
translation,69.87301160017938
translation,59.71093471542109
translation,50.78157889854097
translation,32.922828083753814
translation,113.32519256212792
translation,14.232043048573384
translation,133.53328564462245
translation,36.08465207845785
translation,115.81019801759503
translation,65.25990401924511
translation,87.40854783802693
translation,44.08339202586281
translation,63.381802986792756
translation,34.64779249612839
translation,44.21307296780766
translation,25.62569475880141
translation,35.23546263076307
translation,20.410017911936166
translation,12.608377203074522
translation,18.688773736025148
translation,100.52474327954354
translation,19.850978423629613
translation,17.334409571048294
translation,144.78011891844338
translation,39.92038387680238
translation,29.295487706040376
translation,137.83225883399578
translation,62.776088605600336
translation,39.12178830922115
translation,121.72411143042898
translation,75.6787302345672
translation,63.089208851893666
translation,140.0264969075851
translation,53.311681424283016
translation,75.73673280109804
translation,90.91336136298155
translation,138.7643658440255
translation,26.852275211564006
translation,76.7073297976711
translation,105.98461883016252
translation,143.98146384241653
translation,12.883456901606598
translation,61.21020780128088
translation,61.19356570143207
translation,45.271328460326544
translation,23.5115085819027
translation,43.41199403814161
translation,19.073831723050773
translation,39.93317176696238
translation,41.05569763175294
translation,34.009956005544396
translation,7.615322524885069
translation,26.98104042797465
translation,37.491269119493246
translation,34.76530826044559
translation,7.312110646386619
translation,12.81288398610048
translation,55.51877689972158
translation,46.603206579156335
translation,6.865974238787243
translation,73.38426297603732
translation,76.47394845808499
translation,69.29672661983354
translation,7.675053278304504
translation,97.18898597625903
translation,103.4880465729531
translation,113.11645362215737
translation,16.129124371830034
translation,110.55763545340578
translation,117.61128529810897
translation,137.5037811943401
translation,15.244724403093949
translation,122.56803968625493
translation,113.74094976253552
translation,126.93848372153133
translation,26.467890959784214
translation,145.49044615149072
translation,75.90895237519668
translation,60.54670315436618
translation,8.165589695467656
translation,103.42999338389744
translation,25.528119154796176
translation,39.873359688017935
translation,9.121346874075604
translation,91.86232812470898
translation,23.986758983229677
translation,28.614647153146386
translation,23.85656191768442
translation,70.88732343368946
translation,23.863426657213406
translation,24.178167113668163
translation,7.546915778598133
translation,44.606884535454824
translation,26.725330915433112
translation,27.67679595703792
translation,5.22337350333421
translation,35.14271838166652
translation,140.16418029438145
translation,28.49895093966823
translation,15.558014239514653
translation,47.58306896315234
translation,169.50320500011532
translation,32.272252492949654
translation,31.990510095082456
translation,65.21840902520466
translation,103.5820296961
translation,24.40419180867904
translation,31.528530568925408
translation,126.48927409694114
translation,84.49679659838614
translation,37.297952468157156
translation,32.41523274369907
translation,145.7511940647645
translation,66.76868737805039
translation,41.04438527544296
translation,33.588965869874
translation,144.8033496051047
translation,50.54017326970533
translation,30.485449743562313
translation,31.486911922097743
translation,136.45458146892062
translation,44.95827559227805
translation,28.00658262002403
translation,17.705764717112626
translation,53.99873835521523
translation,32.999310776680986
translation,18.49597896562963
translation,9.871146292343942
translation,34.79722090080037
translation,24.287928865707016
translation,25.52716573686602
translation,10.264141485625071
translation,21.069238137887325
translation,11.182793539035107
translation,19.325317521700942
translation,9.615886615212615
translation,17.73474440488545
translation,11.802314716763956
translation,12.819435101578586
translation,36.22677277422313
translation,33.52024008724529
translation,56.07133638043182
translation,10.814451579478824
translation,54.50020363650996
translation,77.51756519358563
translation,101.6530635358668
translation,13.120611563880654
translation,72.5304989006075
translation,134.01877117051112
translation,126.25438019791548
translation,32.33328731748525
translation,91.59261438160652
translation,118.90607419991316
translation,119.97705033741569
translation,59.948507120117604
translation,76.92836109043634
translation,106.95083451379604
translation,68.63294059463327
translation,69.73808982245251
translation,53.67378483239035
translation,99.73805828668377
translation,32.04143355823516
translation,88.54182313202668
translation,29.347361808639175
translation,89.89139829544183
translation,37.5050142844677
translation,124.89545809792803
translation,7.901014832412367
translation,25.060862711580967
translation,38.29375716221457
translation,123.48839901467588
translation,20.55444631922081
translation,66.40338707429919
translation,44.215398001377615
translation,84.06348921496621
translation,46.04146829266441
translation,62.774164483767144
translation,43.60990705129121
translation,51.37247732695746
translation,62.073979845827324
translation,43.84505518464854
translation,23.078115641894854
translation,29.96812034853841
translation,63.40510634892631
translation,35.30752252954669
translation,24.174024736856655
translation,36.85311648154267
translation,77.22752125728087
translation,13.779862161844814
translation,76.30563645376847
translation,53.210424100364364
translation,122.97892815699592
translation,47.595306387528325
translation,128.33861924362492
translation,68.03915946364788
translation,114.59217239193373
translation,77.12383888244266
translation,150.68252874469712
translation,74.16172150596016
translation,120.83775094496247
translation,100.72715123978105
translation,157.2686858494677
translation,99.18972678278224
translation,122.4931213965734
translation,140.5776049754544
translation,150.55583562390206
translation,154.06284824484226
translation,125.07064609940693
translation,160.48166174384585
translation,138.77143693887606
translation,161.8645067388852
translation,138.52032195652362
translation,153.50605196250547
translation,127.40883165239686
translation,147.31295102645058
translation,79.34486719970472
translation,57.35553141850738
translation,62.71780217798197
translation,97.91715322120992
translation,109.18786911871565
translation,119.39124672728079
translation,119.76667150947323
translation,105.73870528294272
translation,99.22418473078783
translation,163.4101927482547
translation,106.17714510830865
translation,141.67127056470244
translation,100.43307410858257
translation,127.8420730862934
translation,83.53502594574643
translation,113.94343771351343
translation,70.80679818922647
translation,96.49564445720853
translation,53.72765703066332
translation,85.70837043230682
translation,45.679795101570775
translation,81.19745123193273
translation,5.902731907396457
translation,57.60756173955572
translation,45.25472020476837
translation,27.157656849537013
translation,94.5605264509615
translation,55.53969788747511
translation,27.50405046014801
translation,129.0890708510867
translation,72.38711397587186
translation,19.33274664437905
translation,156.50560220780116
translation,79.47572128754166
translation,8.246510871661522
translation,148.9779418034605
translation,102.58429195399363
translation,3.9128921698916703
translation,147.18949755485704
translation,143.87174851320583
translation,21.1916474748814
translation,146.37226396294923
translation,134.98105709331378
translation,143.67536035163974
translation,39.3278500667731
translation,145.93395340143044
translation,115.68929911293918
translation,26.8552828523934
translation,133.24956047379393
translation,62.44350739876157
translation,42.65516220325624
translation,8.326863786177968
translation,103.43936318572352
translation,35.7455888089607
translation,38.531442778528245
translation,9.491766681537582
translation,46.485991731396766
translation,37.518622139040225
translation,34.387037951056385
translation,26.556695485249776
translation,16.958468574376344
translation,28.407075040499556
translation,26.405151211367052
translation,24.63183760982744
translation,13.609385730159657
translation,2.5695912068699647
translation,24.013845846521
translation,18.538889745017972
translation,34.050638313727774
translation,38.865549831427
translation,20.501558264199236
translation,34.033109408722225
translation,38.4363286422006
translation,48.86030499225456
translation,21.288414228111602
translation,12.212059791954706
translation,47.303548706345055
translation,61.60882662216657
translation,26.451795104036766
translation,2.324498762637339
translation,36.11992267801365
translation,71.33391097811331
translation,33.945333532726075
translation,25.815620115890066
translation,86.58830304685948
translation,64.06968619179547
translation,95.12551882940772
translation,41.95808724700328
translation,85.85313022885832
translation,57.30337797348502
translation,98.15015578853858
translation,53.0780949468738
translation,78.01257274024162
translation,44.317560041732534
translation,118.65938874483946
translation,52.00164200184636
translation,136.93263121245252
translation,82.65502762953366
translation,38.33053518364626
translation,26.269757370876146
translation,44.99005769923578
translation,17.22253956544853
translation,11.934192993563624
translation,13.725581935024456
translation,14.22463231494471
translation,11.669085180838099
translation,9.262675148759103
translation,18.863712448527853
translation,14.296992628724302
translation,22.723112128656215
translation,18.179380991603047
translation,37.5888780216431
translation,22.09687535603205
translation,143.74367426003795
translation,22.63088003305659
translation,172.3279815509815
translation,18.483913985530855
translation,154.7818279653518
translation,3.6677709302839228
translation,153.24983459608737
translation,14.60473514824071
translation,133.99832764267543
translation,155.7678470621807
translation,25.993288846695044
translation,140.7867365218943
translation,162.50548155924562
translation,13.35375019137358
translation,166.3556142994285
translation,148.3497530824943
translation,5.667577840466295
translation,150.2350885486389
translation,2.4530329680332295
translation,6.8513696809940665
translation,33.72865013901481
translation,167.47119980207142
translation,19.068035836419032
translation,4.10901405070913
translation,58.641806922094005
translation,166.03114285768797
translation,25.864831994297745
translation,6.176828640013783
translation,136.25438211324112
translation,148.11602152007342
translation,19.838587957872075
translation,8.706086665057505
translation,172.52053904887748
translation,158.2482323908936
translation,14.200038410014361
translation,6.879772608722701
translation,169.1385999289529
translation,169.08079582121752
translation,4.335416057510542
translation,10.091723459099637
translation,153.7019180882901
translation,154.65210294262107
translation,11.338638230862172
translation,12.607712858336626
translation,145.42135117717504
translation,16.24530997424471
translation,5.644228380984233
translation,5.805773729684257
translation,130.0397391461561
translation,11.975250072338921
translation,2.4889137706357554
translation,3.5869048849984217
translation,90.36531566783547
translation,15.112295411952177
translation,1.3700327784029538
translation,3.5554017515930703
translation,15.448405968049233
translation,17.99491297290934
translation,2.7724840813308838
translation,4.3852969647379005
translation,26.532058814661696
translation,20.062131582146687
translation,8.252973193764225
translation,15.318358139334865
translation,25.893769113260703
translation,17.03800780167848
translation,8.182160915665285
translation,21.85818033240885
translation,19.946989232963286
translation,10.436036147675273
translation,0.8366255439464628
translation,18.431740145569453
translation,19.738234143295653
translation,7.139850192010279
translation,4.640098033408695
translation,16.47831357410251
translation,9.185708779955533
translation,3.7508328590381774
translation,3.1097626859930956
translation,11.1849568526934
translation,5.189946945085405
translation,8.233730534391547
translation,12.472143934335206
translation,7.200266806702906
translation,22.374251126780347
translation,14.297609636235395
translation,54.84562464582335
translation,3.723615428653873
translation,27.215140117936674
translation,23.016512926229087
translation,103.16905610179388
translation,9.973808274225354
translation,7.811843168868814
translation,24.142828144981763
translation,26.13042284222762
translation,10.399406579526788
translation,33.87817432728706
translation,72.06513415136673
translation,12.276453730183292
translation,41.38463858973452
translation,46.23065986608586
translation,164.5914589127858
translation,23.304813806153145
translation,57.9946724145744
translation,37.14982480681348
translation,176.17798509771472
translation,51.6797687948979
translation,138.00160282116116
translation,120.06795730967328
translation,170.14884798439058
translation,149.6124358710223
translation,167.4799461238445
translation,150.5339597058649
translation,170.73699542719868
translation,156.15233174597589
translation,168.56663361696602
translation,149.25029007604402
translation,173.66212933285553
translation,149.27952225343472
translation,162.7744880361971
translation,141.40862639785686
translation,166.32246281335534
translation,146.11095905317228
translation,148.102641086584
translation,142.0588154981786
translation,154.44100565842047
translation,140.65436662815054
translation,120.75043342931002
translation,159.5462418563556
translation,80.86846674746315
translation,158.32969688282768
translation,94.82279001571966
translation,166.93044975395733
translation,45.58546924748279
translation,160.69117897977384
translation,78.80368339071512
translation,173.0933883624584
translation,41.69710782648721
translation,154.41985929221613
translation,90.0166338577751
translation,167.02537627307345
translation,38.421724740122876
rotation,15.531300499019078
rotation,62.04090937690451
rotation,11.032958310218085
rotation,24.00377366924472
rotation,7.3314148180618535
rotation,34.540136740937214
rotation,10.43253297017389
rotation,25.911780017258835
rotation,44.33188647871184
rotation,27.49327434363636
rotation,21.379376174726076
rotation,21.756506655036354
rotation,17.039463840917147
rotation,28.316401454541587
rotation,15.340169556588778
rotation,29.163615668980874
rotation,4.634354549131474
rotation,3.3846684924576356
rotation,36.98163126799456
rotation,16.951880499274967
rotation,50.82659705111715
rotation,19.393197015867315
rotation,152.95674086277484
rotation,80.91557761767899
rotation,129.09157061089533
rotation,24.926154391581527
rotation,59.879420830330595
rotation,124.37363611801952
rotation,28.353072998760812
rotation,43.83690108750697
rotation,121.05106720567855
rotation,1.8487751250709321
rotation,23.078673823328284
rotation,3.6706224075706864
rotation,13.075410255881003
rotation,35.496509060581566
rotation,112.85802278554972
rotation,85.14140816362676
rotation,17.533787235481448
rotation,35.78844642120235
rotation,33.03284283664926
rotation,31.61348471419825
rotation,70.71504982687001
rotation,21.480443511859754
rotation,22.562094672496013
rotation,17.023048745534474
rotation,19.284952161739092
rotation,35.62149590968172
rotation,14.05910915845276
rotation,36.48902215589248
rotation,30.67806685927556
rotation,17.746135098874948
rotation,32.153632021331475
rotation,23.14187534711689
rotation,14.068071679874743
rotation,8.33124050722645
rotation,14.202101718546709
rotation,8.249122810857767
rotation,4.982321247130675
rotation,8.493303875323727
rotation,2.2161187202997588
rotation,30.81364540912741
rotation,10.809186185959053
rotation,6.123163979731459
rotation,13.179861515816782
rotation,28.030608131562275
rotation,14.978700966702627
rotation,6.4017755271521795
rotation,14.501534465043386
rotation,7.776839975275088
rotation,13.361359570171903
rotation,20.38376512084317
rotation,11.681442824392354
rotation,3.131026430584573
rotation,14.895944514379224
rotation,25.896774187185088
rotation,40.08392298441425
rotation,20.3006582334432
rotation,31.919770228272373
rotation,25.656134151715925
rotation,30.899716948351532
rotation,32.51157927252101
rotation,5.378445283630911
rotation,43.63551189698087
rotation,14.718453988678428
rotation,15.895311022730755
rotation,17.022976180090765
rotation,19.48085574854444
rotation,18.43023983439547
rotation,32.51613868440184
rotation,29.639182463244122
rotation,9.203619996278919
rotation,9.272844618691334
rotation,10.98502425158209
rotation,4.018002230251085
rotation,0.3310863927956895
rotation,18.292542577887083
rotation,5.682070761530386
rotation,28.98248205588001
rotation,16.79031125713781
rotation,40.30178756873235
rotation,4.068200427960765
rotation,40.26196429131842
rotation,4.848057541331068
rotation,28.809191221573084
rotation,29.963038817403618
rotation,22.989971470575014
rotation,22.397518445370444
rotation,33.600936345928616
rotation,18.551233387259217
rotation,40.75395530182407
rotation,11.357214674168794
rotation,6.142411362101736
rotation,29.963433323000046
rotation,20.229598466670257
rotation,9.519361676320665
rotation,29.874046045465896
rotation,21.035071404118835
rotation,25.847274788770296
rotation,5.52165163939733
rotation,35.73012759546458
rotation,13.207298860213623
rotation,20.204539743557884
rotation,1.7838458894531461
rotation,19.489340447961624
rotation,15.857990142870081
rotation,11.247628420898936
rotation,8.554033823901767
rotation,11.745339825020565
rotation,13.334860423717268
rotation,10.621098034948556
rotation,6.866460735251168
rotation,8.868523749164588
rotation,25.280221698322276
rotation,4.371548751333249
rotation,43.18539654203777
rotation,7.119649440068494
rotation,7.1780597697803685
rotation,7.961109119336461
rotation,20.3148842198502
rotation,22.849008487945138
rotation,15.7373869850739
rotation,35.5733745877558
rotation,12.425801007241882
rotation,9.703160763292278
rotation,20.385535876365562
rotation,12.661263829111421
rotation,8.595255143362944
rotation,9.253966382416158
rotation,0.44778445231320646
rotation,10.439966063479435
rotation,1.9991605547713867
rotation,20.65636073972473
rotation,1.8100594846611908
rotation,10.97990984582274
rotation,7.467586382939464
rotation,42.145311003362565
rotation,10.141780276442061
rotation,4.437673206407293
rotation,32.73053171894982
rotation,10.290660941722663
rotation,0.6017777777437976
rotation,9.03092761809786
rotation,5.744154557119796
rotation,3.7059409974513415
rotation,6.695839699191884
rotation,1.1789450965692316
rotation,10.341127920190763
rotation,10.147424039351334
rotation,2.082986654243113
rotation,26.486173622792847
rotation,17.55964432904605
rotation,14.079647066722812
rotation,7.147291038694897
rotation,14.329414555272976
rotation,7.887973005594514
rotation,24.648268635479006
rotation,6.778533316320012
rotation,3.038033757774606
rotation,11.754933055087616
rotation,13.48747148348674
rotation,5.235089387810883
rotation,12.705582829501838
rotation,11.660231018462458
rotation,9.477747710356674
rotation,13.125556081958434
rotation,9.928985357242082
rotation,46.66133132525238
rotation,34.95827850000604
rotation,19.937830757282136
rotation,11.456787533664743
rotation,147.41615856840082
rotation,35.75313919840206
rotation,73.80055281000482
rotation,72.27851414231354
rotation,61.463074957166164
rotation,43.682060571374464
rotation,5.993303590450643
rotation,20.80676954727954
rotation,30.551518677076626
rotation,14.336984655719073
rotation,32.27310208448534
rotation,23.832460343949034
rotation,35.093442279406986
rotation,40.19256981703687
rotation,34.61340985852142
rotation,37.2326766482882
rotation,44.553623680700476
rotation,2.287473807118402
rotation,13.380107170836965
rotation,11.883931972783554
rotation,6.7031287103028845
rotation,19.18337457968312
rotation,14.578718703326883
rotation,30.459257098617666
rotation,10.63669218176283
rotation,21.84385621803836
rotation,34.14953736043916
rotation,23.758631058283616
rotation,15.9726075976399
rotation,9.65488643498255
rotation,16.760908220240086
rotation,13.724829841583793
rotation,24.20231999314455
rotation,27.915590499097572
rotation,18.427172129771037
rotation,33.68942987237319
rotation,25.9244057595139
rotation,12.71817175782636
rotation,21.957345654838797
rotation,20.594980004194984
rotation,5.078498938040944
rotation,14.29698198402081
rotation,8.668630543039852
rotation,9.855358061326463
rotation,22.457406863084422
rotation,15.082081817497734
rotation,3.75986223648736
rotation,33.24481250440172
rotation,7.338338633286341
rotation,22.880597718407223
rotation,4.711714295121051
rotation,54.24193496427995
rotation,8.793792618040555
rotation,19.877445443687556
rotation,53.53622709923822
rotation,18.479881274868575
rotation,19.924347492782704
rotation,38.42832393094961
rotation,18.698066024254082
rotation,18.948278773050802
rotation,28.69925341112537
rotation,12.709834521649208
rotation,15.017503394007239
rotation,19.602345110312232
rotation,7.5071199618730065
rotation,29.388772010059157
rotation,49.72971352025796
rotation,45.8335456862357
rotation,79.29276461251848
rotation,92.15253761929118
rotation,24.874700738851125
rotation,112.65994930756933
rotation,9.668261952826098
rotation,46.51268875714413
rotation,23.65154099193547
rotation,39.92818971515687
rotation,32.86252709076648
rotation,30.214168764851575
rotation,35.127823763588395
rotation,15.684703499717381
rotation,17.77795890379378
rotation,14.585115943079302
rotation,10.868729318212043
rotation,31.19289839989707
rotation,2.8406210523442135
rotation,54.72957526863092
rotation,107.87855883307851
rotation,7.004034498288924
rotation,62.549944039660176
rotation,106.18755351720282
rotation,9.065099236641021
rotation,27.45065505444768
rotation,9.663668731183554
rotation,23.013098297062903
rotation,29.398390538694443
rotation,8.077711935559051
rotation,27.2158730067362
rotation,28.165768716245946
rotation,5.680143767238127
rotation,27.922556621672214
rotation,14.648413344622618
rotation,10.562634449069046
rotation,4.573267962847909
rotation,10.369487902919996
rotation,0.7322986910414199
rotation,3.6547459643211413
rotation,1.5872447941128252
rotation,1.293108862804532
rotation,4.595027629956728
rotation,6.118322773375284
rotation,21.426195109567356
rotation,12.300478871919127
rotation,11.097603515474434
rotation,9.361686411607094
rotation,12.28075300112039
rotation,7.245718004502685
rotation,9.670260546651951
rotation,5.1320080602976805
rotation,3.484960130761073
rotation,15.791547003004842
rotation,8.820729230741772
rotation,5.859104240802382
rotation,8.305567139968753
rotation,13.528790971002294
rotation,3.1329102616608244
rotation,10.170166912771563
rotation,4.938688658010064
rotation,13.089805773847994
rotation,1.413958056528176
rotation,5.769396194575891
rotation,1.3947454773697368
rotation,16.089443490691888
rotation,3.1008163674251055
rotation,2.0375050645261314
rotation,3.5057682971666257
rotation,13.29939113718459
rotation,2.4456195617596244
rotation,3.196801991802696
rotation,3.0239320962508027
rotation,2.8245512400471475
rotation,10.372307642657276
rotation,8.314714369221498
rotation,2.091053983650572
rotation,4.176428061273318
rotation,15.282906544889052
rotation,7.066803502827899
rotation,6.803001536115001
rotation,9.656014078368653
rotation,6.864388832914379
rotation,1.3280547866806787
rotation,3.1185346747877767
rotation,35.33290887436444
rotation,11.430008310464062
rotation,10.7093958889521
rotation,5.104335562300556
rotation,99.51255855715614
rotation,89.28530821589612
rotation,9.818710709264916
rotation,7.937716315701687
rotation,6.794281273323928
rotation,12.953304923490274
rotation,26.01805734171844
rotation,19.069141419965693
rotation,6.065854658150188
rotation,10.123516610518886
rotation,21.988814423791094
rotation,6.892075955638312
rotation,26.243564977195252
rotation,14.854040721168214
rotation,20.626048442801782
rotation,8.334843271418995
rotation,7.7552112312446075
rotation,13.993534763236791
rotation,6.4597208651302855
rotation,5.805790610609834
rotation,3.7866894754723672
rotation,15.492835412327041
rotation,14.978741207180272
rotation,12.507375622355932
rotation,15.540866251663036
rotation,14.163083624826204
rotation,14.446867681274885
rotation,14.29166342116725
rotation,3.7728374662336495
rotation,57.45404648677787
rotation,3.358050891399122
rotation,3.0625179518228496
rotation,6.6751926181274
rotation,29.967055458808545
rotation,24.474534652746353
rotation,18.228163754716135
rotation,7.849518549870763
rotation,3.822193291905739
rotation,26.778417521705016
rotation,13.720059311702302
rotation,9.255183269124409
rotation,18.191815376839553
rotation,5.3419073745876275
rotation,4.185285469251568
rotation,1.0485309996591317
rotation,55.069454708536895
rotation,19.364960368780686
rotation,28.253655645887136
rotation,15.247698038944874
rotation,132.64701865334078
rotation,31.2335524938552
rotation,42.822736864341685
rotation,23.844051058198254
rotation,120.61787487276092
rotation,20.047266709174128
rotation,3.907127131314368
rotation,13.469977636860174
rotation,59.68987238576506
rotation,14.039921171045041
rotation,15.99193186462796
rotation,20.47273733350907
rotation,12.76147958834152
rotation,7.764141236946409
rotation,11.344555483923884
rotation,28.85498375846818
rotation,17.34462386435951
rotation,12.898947303865691
rotation,4.346340654488827
rotation,8.108627157717558
rotation,33.844837525741816
rotation,4.240168578162286
rotation,16.428502657709522
rotation,15.258803478058912
rotation,48.06150805872976
rotation,36.92523477091856
rotation,23.91350403471699
rotation,31.908622599096834
rotation,51.72643360663674
rotation,38.10188763338179
rotation,39.44637958484301
rotation,52.64272105610458
rotation,44.76601856451342
rotation,31.56763517022961
rotation,28.70583013073023
rotation,38.56741783217076
rotation,59.645013229393975
rotation,76.37287536396884
rotation,94.82504615917152
rotation,82.08186562612882
rotation,88.31064822666032
rotation,83.19780738321143
rotation,66.71614109123526
rotation,25.34612808893059
rotation,8.566395252442312
rotation,40.31956461364113
rotation,45.97438528408276
rotation,61.231029851654476
rotation,92.82543934612684
rotation,78.45024699865988
rotation,120.47651750972445
rotation,100.71919831816201
rotation,128.4137402245231
rotation,87.31798476574752
rotation,43.16636380512702
rotation,76.0996062391259
rotation,10.168993187632012
rotation,55.514241734318716
rotation,21.08804657673862
rotation,7.385100915960791
rotation,57.69954015548171
rotation,74.31707978813145
rotation,91.28594565050786
rotation,95.41594740850574
rotation,44.20973304112613
rotation,106.2569127425179
rotation,17.430009079259662
rotation,123.9159555553096
rotation,21.271871869657783
rotation,81.21426546861433
rotation,19.898798064172798
rotation,93.75130403599191
rotation,12.7858170346003
rotation,24.586537619634136
rotation,35.09209226644686
rotation,14.971282386681477
rotation,27.39641824977858
rotation,12.50332466960356
rotation,62.01566771024913
rotation,39.1247470668496
rotation,99.06991531893703
rotation,62.39786786716454
rotation,170.89159655584444
rotation,84.33614224821459
rotation,67.77628024568322
rotation,157.24098808558367
rotation,19.86626900925409
rotation,32.70729425306315
rotation,112.71594096560995
rotation,34.309681601409835
rotation,22.93531180850649
rotation,78.70643370658925
rotation,44.93680915553246
rotation,37.777015372453654
rotation,55.43289191089046
rotation,52.33742519239907
rotation,35.37380159542869
rotation,35.7119521423915
rotation,80.87674743594427
rotation,33.628444038168894
rotation,96.51324174076464
rotation,105.68565688279229
rotation,8.214299718366368
rotation,98.19704074596523
rotation,65.75119686049608
rotation,38.28891657550095
rotation,70.01159644049514
rotation,53.19920013195074
rotation,29.60331713981716
rotation,19.417563866236417
rotation,27.32970346792292
rotation,18.68314411685355
rotation,2.925331684341004
rotation,12.501044579053733
rotation,9.268882399765154
rotation,8.236836160463291
rotation,8.02737338678239
rotation,1.823927717248745
rotation,48.86839273121169
rotation,15.29397572287376
rotation,0.7177567823670875
rotation,157.77789588078915
rotation,55.80501206227388
rotation,29.613292122552373
rotation,93.48603558571385
rotation,46.024878729784064
rotation,49.13780013191091
rotation,60.96401966502013
rotation,33.22980841875853
rotation,34.70126383847574
rotation,55.38799208987264
rotation,25.04422487711615
rotation,25.956907413571983
rotation,17.160986703274528
rotation,15.137015940205265
rotation,84.87796661849619
rotation,20.08225162657862
rotation,6.433932504987798
rotation,8.312246937164165
rotation,29.955704270970006
rotation,8.597287857287382
rotation,8.539412532225928
rotation,29.493112979679662
rotation,11.906709980715368
rotation,17.14109043544981
rotation,23.423428256155006
rotation,5.95869126357849
rotation,18.68295373699415
rotation,28.727391410344353
rotation,7.749302302792438
rotation,14.851972986431074
rotation,17.822039976563882
rotation,11.224259735878949
rotation,12.915510155986704
rotation,25.664824129286067
rotation,10.616329268051024
rotation,4.142659257948958
rotation,24.496184258833782
rotation,12.414807697624205
rotation,14.352958327784489
rotation,2.681550623360912
rotation,74.2941734073765
rotation,6.251687709603943
rotation,112.2208657608042
rotation,17.7393023276463
rotation,5.832485284019337
rotation,6.523577738704501
rotation,11.860463090910823
rotation,38.74802638154612
rotation,7.464223568849304
rotation,4.401305923525013
rotation,94.8657505657097
rotation,26.309809414003976
rotation,27.060333352313457
rotation,9.776766382134001
rotation,40.10935067370998
rotation,24.036368852574196
rotation,7.925326203098161
rotation,76.925502977683
rotation,9.85324460770728
rotation,7.070075026596872
rotation,168.69208174172735
rotation,9.454829586326994
rotation,27.373829604163156
rotation,15.904615218580991
rotation,6.354398262738899
rotation,22.193037054152267
rotation,5.121249091569588
rotation,16.96074268499387
rotation,12.004654128181366
rotation,16.407225704079192
rotation,2.9000255061928133
rotation,50.244703072047386
rotation,32.808680317537885
rotation,12.661329397132977
rotation,96.86515561090644
rotation,44.15436472141153
rotation,53.69284045469756
rotation,84.49766085840878
rotation,42.89354352503789
rotation,69.85738559876606
rotation,33.15347186059181
rotation,37.02278607086964
rotation,47.066501142263235
rotation,4.684547984750783
rotation,17.0970221534003
rotation,9.622698988779778
rotation,11.901998258815063
rotation,4.046786485632063
rotation,11.256878522529565
rotation,16.052737238222512
rotation,14.837963487066578
rotation,16.77949667218051
rotation,33.96330746588157
rotation,16.28491766275343
rotation,11.964449367293966
rotation,24.80669712741714
rotation,28.01499845680419
rotation,11.81403126354087
rotation,113.17690990372675
rotation,51.90618667997023
rotation,55.571810485361794
rotation,45.97536641547833
rotation,56.85327191395778
rotation,12.003672120145913
rotation,60.4854860400739
rotation,26.081223426940873
rotation,8.437703983815787
rotation,16.023409774561884
rotation,10.83517884552145
rotation,12.692121276836883
rotation,33.944881747939576
rotation,31.306585966374055
rotation,11.262913081501567
rotation,49.55775877968065
rotation,33.52161228188862
rotation,3.405899336845789
rotation,49.17938299323022
rotation,145.5481972870696
rotation,10.000491087456838
rotation,80.36956177648415
rotation,14.832756362199822
rotation,83.17307738740871
rotation,43.09818305971031
rotation,20.271629689300575
rotation,61.98745079517705
rotation,7.8041411577827455
rotation,4.326237114157352
rotation,12.28713599120908
rotation,22.59106513398255
rotation,14.10790634170152
rotation,43.90733597039404
rotation,13.801824389449596
rotation,9.958656310559544
rotation,103.49503059034468
rotation,4.50787979949368
rotation,12.943204090910479
rotation,80.13059986168119
rotation,96.59747074837487
rotation,14.968171079532205
rotation,18.85842454529538
rotation,15.81202517528618
rotation,17.407218311101904
rotation,12.08462183455577
rotation,48.75227266648037
rotation,24.06364735219225
rotation,6.01208114611092
rotation,2.7612814578267155
rotation,31.372511752910114
rotation,25.275077219079694
rotation,24.139190276447003
rotation,32.28084747397578
rotation,20.954084985795962
rotation,22.711597547740283
rotation,15.002407075929897
rotation,7.668452906343854
rotation,11.092416389336995
rotation,33.02543616250951
rotation,2.5942961027668767
rotation,3.0934678344797706
rotation,1.5662699291056519
rotation,30.49409712513616
rotation,5.643517459328117
rotation,14.441166836135093
rotation,9.488075888981413
rotation,6.851731719226615
rotation,7.028407996754604
rotation,10.147484493264555
rotation,9.369911045463473
rotation,25.008374359286034
rotation,3.2558257335544414
rotation,6.31287938626968
rotation,12.876269298105345
rotation,39.51842999356028
rotation,24.35731415764649
rotation,17.540327758825672
rotation,44.11271971146711
rotation,42.09707596189356
rotation,52.79422675496913
rotation,39.990503862412176
rotation,79.99217616760103
rotation,15.308312412911828
rotation,16.2486508058524
rotation,16.872979608248812
rotation,22.337336192621446
rotation,12.242208992062189
rotation,5.717462051322992
rotation,12.635579666711298
rotation,57.09568044888713
rotation,40.35414782243853
rotation,59.319007666924485
rotation,35.72310085982956
rotation,26.60159179094499
rotation,27.373050891863173
rotation,3.4098025581372804
rotation,17.99644553340511
rotation,13.69033908966969
rotation,21.30282398113899
rotation,3.4816698087413096
rotation,29.8694066668549
rotation,4.059742476797714
rotation,39.841115633794494
rotation,15.722014630858917
rotation,11.897998804920109
rotation,38.23636707071366
rotation,24.368076910315697
rotation,33.9966704849423
rotation,16.031851913589573
rotation,3.0498457138094714
rotation,28.270756832980847
rotation,9.762797669981873
rotation,6.891031488775231
rotation,12.868577494072866
rotation,15.269407816803051
rotation,11.02430836800466
rotation,9.04418012972592
rotation,17.287819159066228
rotation,29.196594403368113
rotation,6.18476902984415
rotation,19.523117221023135
rotation,2.3131880372244225
rotation,10.572308839999781
rotation,9.296095182063508
rotation,14.539611939521267
rotation,20.55539916191297
rotation,14.336515475922539
rotation,16.512314625632104
rotation,1.6607494926937216
rotation,2.296821281875304
rotation,5.956529107083175
rotation,10.438818727514601
rotation,6.581459009706504
rotation,6.831878239622805
rotation,3.312396946711773
rotation,9.49273866821866
rotation,5.7153948381630375
rotation,5.517659007097441
rotation,21.26902509678298
rotation,7.3147661955914405
rotation,18.016640610645
rotation,5.2150621980203455
rotation,17.455824214590727
rotation,5.3952335425309865
rotation,8.32469521724715
rotation,7.915302895958818
rotation,14.629680344998736
rotation,16.820518882321753
rotation,5.435722925386831
rotation,25.17719449884482
rotation,19.92905021521921
rotation,23.008781346158248
rotation,4.326293944950061
rotation,21.876808635378637
rotation,5.118791600859595
rotation,17.139511074400477
rotation,3.7142351139000445
rotation,5.016664451693379
rotation,5.209207376784652
rotation,3.4152095652455365
rotation,10.272198395744942
rotation,6.591201729776142
rotation,7.944450888364357
rotation,14.723108738552302
rotation,65.78265655895034
rotation,45.633546783658836
rotation,97.93963262835196
rotation,133.19289430147663
rotation,152.79286350924218
rotation,111.91883848206092
rotation,157.75197465065182
rotation,18.387453011657016
rotation,42.89358534708247
rotation,42.94637144752121
rotation,20.3420234279665
rotation,24.16869333546544
rotation,11.21775811449039
rotation,25.122621595358048
rotation,6.599108999313595
rotation,67.48030463026012
rotation,30.14940861082804
rotation,82.37438771482081
rotation,18.22206784230326
rotation,16.323296762720712
rotation,1.4948391784760842
rotation,13.796667612792914
rotation,17.826439117585462
rotation,10.518631893911033
rotation,18.373970475734172
rotation,18.522214361470965
rotation,22.89170447944349
rotation,8.390432691952398
rotation,11.419218341744674
rotation,13.879858998241648
rotation,3.3476447741175686
rotation,33.80762007032456
rotation,20.370325280001744
rotation,17.533950389167295
rotation,21.368182303403625
rotation,20.922786271997534
rotation,40.90878845934813
rotation,8.526492048370772
rotation,19.14266405990795
rotation,43.56041736153903
rotation,4.443446486650751
rotation,20.90904262277159
rotation,25.354642736886067
rotation,28.367111061590883
rotation,7.724318982326044
rotation,10.978137968281617
rotation,37.188046070473995
rotation,10.335513111605083
rotation,18.478267060115822
rotation,13.3548078356213
rotation,13.355057763556827
rotation,46.87954038065355
rotation,17.62471210169864
rotation,24.294970115121966
rotation,59.400573439429245
rotation,32.218192323422784
rotation,27.72308550511169
rotation,26.377817264609067
rotation,22.32151618868496
rotation,24.18772756138097
rotation,15.351920121606739
rotation,13.747649483036202
rotation,9.882423856638873
rotation,21.21857822408132
rotation,13.109706482818224
rotation,15.466133117525587
rotation,52.90089680721005
rotation,8.29097129658029
rotation,5.173707429711853
rotation,67.67726364927096
rotation,20.609261244793423
rotation,12.768641499660898
rotation,39.09926041559839
rotation,10.73510438641608
rotation,73.66753559106567
rotation,13.983504016890533
rotation,15.172650975262071
rotation,2.2455307389606767
rotation,83.91353309150566
rotation,3.586495799213115
rotation,20.5433639758421
rotation,52.59255246823932
rotation,8.182531392299257
rotation,32.718540605062024
rotation,27.580757956976715
rotation,11.494314947192343
rotation,43.811689933876075
rotation,33.95297735777695
rotation,11.742839177325784
rotation,56.354617987513365
rotation,19.60225044087173
rotation,4.729105658038767
rotation,74.56897414189322
rotation,9.852505110274453
rotation,11.919751073209
rotation,126.92896273516716
rotation,9.353238733933086
rotation,14.985912454541296
rotation,12.06028443150607
rotation,12.447360133310514
rotation,4.110296900627983
rotation,3.014115389277112
rotation,5.492736119531144
rotation,10.895493112782658
rotation,7.754705264171061
rotation,7.414774677084329
rotation,3.838174394267029
rotation,3.698251637504813
rotation,6.26901227496032
rotation,14.819362245094972
rotation,8.7990748680305
rotation,10.37112580565235
rotation,22.310046051183026
rotation,12.55568816898297
rotation,15.966650548344175
rotation,19.30304400471183
rotation,7.064716404254578
rotation,2.999954121588744
rotation,7.6204341661954755
rotation,8.278800014806315
rotation,5.068663140104203
rotation,22.88297455223143
rotation,10.615672795897584
rotation,14.820287263961555
rotation,21.693876330764425
rotation,20.843877949270293
rotation,16.515570039476433
rotation,20.85424388617357
rotation,23.938449674383744
rotation,9.843966230259355
rotation,8.317677598216205
rotation,7.999283960185024
rotation,11.717309562389957
rotation,18.426133090734133
rotation,6.905121194459061
rotation,6.64901340831095
rotation,3.4153000789507253
rotation,8.480391638593044
rotation,18.50081441768988
rotation,9.997627052328522
rotation,6.166845842080694
rotation,11.648782364144886
rotation,32.553443270236976
rotation,14.529051424489467
rotation,9.03178493357409
rotation,5.745519212929707
rotation,27.87933420375915
rotation,11.34497509257081
rotation,4.436429696960744
rotation,5.489308423797475
rotation,18.136139209266176
rotation,48.65409438635421
rotation,2.8545371436536757
rotation,51.02468625316498
rotation,60.882003004440854
rotation,72.01278944944953
rotation,5.972600385989257
rotation,76.57146747735533
rotation,98.54715919768167
rotation,9.60194681719382
rotation,155.4290940347931
rotation,19.57317335665836
rotation,111.67829736879601
rotation,56.41378821462248
rotation,69.78784816121313
rotation,33.409891381984366
rotation,53.18182164707917
rotation,57.60179540721913
rotation,79.9618962509507
rotation,17.894540761076556
rotation,32.4166228054416
rotation,41.2405918374031
rotation,62.18084149271043
rotation,5.285752896479579
rotation,7.818883806854517
rotation,70.4654979517191
rotation,0.8173676620123183
rotation,2.0969216671196484
rotation,2.8385091216109966
rotation,24.45963174483648
rotation,7.168951968627353
rotation,14.28475455280787
rotation,20.623580910945112
rotation,9.870002429831162
rotation,61.72163414022821
rotation,5.710849529671607
rotation,10.963154801042187
rotation,47.59435745223992
rotation,5.257732552597919
rotation,6.331440458658172
rotation,13.13822618292354
rotation,8.14841978122766
rotation,13.081824850451076
rotation,15.655266770396075
rotation,10.441432365228897
rotation,19.507987997242697
rotation,24.8093410514604
rotation,7.56736311051926
rotation,46.17162103772808
rotation,15.617957851455456
rotation,25.133800939713893
rotation,15.228806887248986
rotation,46.85884813887589
rotation,11.027151604404134
rotation,18.16592291406818
rotation,17.310237523923185
rotation,37.90000871848295
rotation,6.971727855943149
rotation,10.379856504896486
rotation,12.515011776758788
rotation,23.45229629062953
rotation,35.50296892455717
rotation,9.948987177072315
rotation,2.7625197631660416
rotation,43.74717398589102
rotation,76.27129171958465
rotation,12.579530617378264
rotation,6.272941629694688
rotation,69.29737697673424
rotation,20.302600709948916
rotation,10.653566106466473
rotation,14.13217935752395
rotation,116.069732755217
rotation,20.8999330011892
rotation,36.9553239059041
rotation,68.69214119419047
rotation,36.138861574544336
rotation,43.427227379552235
rotation,13.307693011833333
rotation,43.80404959451761
rotation,11.119373014560605
rotation,36.69140346514404
rotation,31.075645137070552
rotation,31.990333396551616
rotation,6.4899269776412645
rotation,19.873418468305214
rotation,8.227966649722527
rotation,12.754232370662418
rotation,3.0461146556640513
rotation,47.29947092154359
rotation,8.592398906563039
rotation,11.55082490887945
rotation,27.55285985149757
rotation,6.929900413766699
rotation,11.018349202222081
rotation,19.21594900523126
rotation,3.998451707428679
rotation,43.872945051731
rotation,7.4160277913597765
rotation,45.66484349500964
rotation,14.26812788573748
rotation,19.782373696002956
rotation,10.367284577077179
rotation,37.194031354540115
rotation,3.1309084270771446
rotation,7.440492539105762
rotation,20.43832886116704
rotation,5.54747044144934
rotation,5.140761002478278
rotation,18.057067215111488
rotation,1.459262913674891
rotation,7.094220437613819
rotation,10.535138551989553
rotation,6.6595747485943315
rotation,22.905354718874243
rotation,32.06031354442764
rotation,7.925569199804461
rotation,23.5475482422108
rotation,62.56652270268505
rotation,33.002008678157786
rotation,29.380217870666943
rotation,51.01084244413417
rotation,35.36319073063298
rotation,37.857366193167685
rotation,41.26350906993713
rotation,26.78340693100705
rotation,23.76155925024572
rotation,36.74902676092523
rotation,40.482957682862384
rotation,31.53364885194738
rotation,37.35953280794457
rotation,16.379210726389115
rotation,24.336482194321125
rotation,53.23873346058887
rotation,16.380385874082858
rotation,48.99355229648072
rotation,69.26174044688047
rotation,71.07594202368739
rotation,54.90045179300014
rotation,25.228488114873546
rotation,45.944622834235695
rotation,83.51679923617345
rotation,109.35026307250027
rotation,147.96086331691544
rotation,20.325905306329883
rotation,19.486840670794226
rotation,11.444124212329188
rotation,14.429739220483434
rotation,22.614897623650243
rotation,150.9739259316029
rotation,31.70656666419273
rotation,144.29054145648206
rotation,7.701991028913141
rotation,12.399353849158427
rotation,13.416143689600744
rotation,36.76926602072277
rotation,10.639473263513727
rotation,42.45162903828954
rotation,14.602439369171313
rotation,35.10860007071187
rotation,27.588038567282673
rotation,17.843028062833557
rotation,19.604471108922272
rotation,9.491211055441974
rotation,142.89352981679897
rotation,6.842683141022093
rotation,9.055637435034733
rotation,13.332638762064486
rotation,17.795278400133625
rotation,7.804904254208597
rotation,8.289079993239866
rotation,20.882569587622466
rotation,19.96729382475739
rotation,6.257680809571462
rotation,23.729976432083575
rotation,27.271451333078286
rotation,2.8103879307984965
rotation,24.991813324537816
rotation,14.139591780573404
rotation,2.8433045732486657
rotation,8.878625376297938
rotation,15.487445499615648
rotation,9.094190039089332
rotation,4.309562966950193
rotation,21.881223747184265
rotation,14.25296699372957
rotation,3.8286546858180204
rotation,6.854913042484856
rotation,27.938335629285774
rotation,13.541114520914817
rotation,4.487165172034915
rotation,11.173595604191163
rotation,10.519642718736392
rotation,8.95121684089765
rotation,37.40601462941524
rotation,20.970310947740426
rotation,135.2772513801403
rotation,46.20065794106587
rotation,5.737574959527378
rotation,19.539204355954944
rotation,2.60906353982285
rotation,8.417622920981243
rotation,12.97396191951
rotation,10.733009919856386
rotation,47.75626511068142
rotation,81.83846551163073
rotation,23.899229691341564
rotation,18.070375098187633
rotation,82.47755682170177
rotation,15.422327382365378
rotation,44.91106306191798
rotation,43.92554650255959
rotation,28.50304643777133
rotation,28.493409295989533
rotation,11.03211192183737
rotation,28.511377201442635
rotation,37.23600783996459
rotation,20.740524992257356
rotation,35.94096870513849
rotation,28.295173373530496
rotation,23.39788609150291
rotation,35.18191283551121
rotation,36.04521281075717
rotation,42.79085463433229
rotation,44.281641502076305
rotation,6.922679019605462
rotation,48.74627670171294
rotation,23.12083762634147
rotation,16.656550494335534
rotation,121.12626731730955
rotation,90.44794751848458
rotation,40.481574025058805
rotation,109.39181474550013
rotation,117.81362620941692
rotation,57.61643761175024
rotation,110.87482704904873
rotation,166.86420284032158
rotation,38.66123882255066
rotation,79.55490230288693
rotation,167.41526694434705
rotation,14.445914927727193
rotation,17.684100776132812
rotation,14.451701652150588
rotation,14.682403938928479
rotation,8.045951263612999
rotation,13.553867024679034
rotation,14.934407704657755
rotation,9.772960049621714
rotation,2.323409024086176
rotation,18.785503112114657
rotation,34.26036714671296
rotation,28.53935499627663
rotation,22.596129558059893
rotation,42.609206056891075
rotation,79.06870287472904
rotation,46.31287103394228
rotation,71.48147999509021
rotation,46.54400263321549
rotation,34.93007198874079
rotation,67.44632145449499
rotation,66.7300792732972
rotation,54.64223993885912
rotation,94.09898454645074
rotation,52.7835457913693
rotation,21.005572944741797
rotation,17.14320213720869
rotation,39.273378435495225
rotation,24.80353987749223
rotation,39.43360824651403
rotation,11.668728002416122
rotation,2.1244546025194535
rotation,27.976120247331824
rotation,13.764910109554489
rotation,27.279856913601154
rotation,13.02982668555136
rotation,28.507847233029175
rotation,22.869049613331768
rotation,21.477277897481294
rotation,61.291060176858096
rotation,42.86893120761773
rotation,25.524673833388707
rotation,50.18194230634901
rotation,40.59104722907375
rotation,28.427902061543705
rotation,29.71519227880285
rotation,36.302961164254455
rotation,20.084799262718242
rotation,35.46345519161209
rotation,47.426547450174866
rotation,2.122053851492715
rotation,58.105566982688906
rotation,8.720795980359874
rotation,26.381030907217166
rotation,14.010881100543804
rotation,45.69442416792726
rotation,2.1787749987366913
rotation,15.295975222156649
rotation,28.956331945518173
rotation,4.577026422346571
rotation,20.010911775255373
rotation,12.068471572008999
rotation,5.347342835742712
rotation,2.056610043751145
rotation,13.466812552422494
rotation,84.105815852461
rotation,28.891929390846084
rotation,59.476586532678155
rotation,11.246238953388026
rotation,37.348128211749014
rotation,2.7842278763610406
rotation,21.05017959407
rotation,25.368362426280466
rotation,18.15983131069582
rotation,96.36587776875169
rotation,3.442746889199634
rotation,24.662773440213567
rotation,145.97282127749085
rotation,6.219728593590221
rotation,36.542847983952164
rotation,161.50954587049608
rotation,11.452588392249694
rotation,41.03893491438908
rotation,179.04493480315247
rotation,2.423318003774121
rotation,11.627136895329345
rotation,133.6806016956494
rotation,37.98671530753098
rotation,29.347753501899966
rotation,73.2414897808635
rotation,34.70392346836108
rotation,37.23630542270238
rotation,6.261773290577446
rotation,4.785525840578205
rotation,9.078583309529677
rotation,9.913888006655988
rotation,5.301134065490997
rotation,8.424033706761753
rotation,20.67825780459095
rotation,0.7582682984597493
rotation,16.12141483885161
rotation,13.428858713910603
rotation,63.196803757233056
rotation,24.99104895316688
rotation,35.52983778043385
rotation,22.158859495554644
rotation,6.789633941175973
rotation,59.953022817974116
rotation,3.73555926856868
rotation,18.402505078291885
rotation,4.805751697754282
rotation,29.67675725784779
rotation,43.19990236376536
rotation,10.392647389667745
rotation,11.587161496932092
rotation,13.46494515520703
rotation,22.730669756756463
rotation,16.43362262618828
rotation,22.56891340003974
rotation,7.732636571637084
rotation,16.762479829280903
rotation,25.67370911812848
rotation,17.11403489243376
rotation,24.794652222095742
rotation,30.73090267987203
rotation,27.031545290205667
rotation,14.007825604308394
rotation,25.308341287997575
rotation,19.328598638874865
rotation,23.738243340769426
rotation,175.9559826205753
rotation,9.49408387854505
rotation,16.281070410094976
rotation,12.784394008170027
rotation,12.267973012234755
rotation,7.6172223536007
rotation,5.932623011602615
rotation,1.3450352823609444
rotation,6.621594894370717
rotation,6.807191743634287
rotation,19.62619669478116
rotation,10.817691851960305
rotation,24.89052187406078
rotation,4.441695603377166
rotation,151.54962401682076
rotation,29.460002166212647
rotation,168.538082997407
rotation,106.84515927919114
rotation,165.3689707317123
rotation,159.52648320366586
rotation,44.51959687365859
rotation,15.86955038980745
rotation,15.61385698339534
rotation,8.364439649770375
rotation,25.328903955970848
rotation,13.968803746372894
rotation,25.14366923690242
rotation,0.6322898847380667
rotation,15.651813209913335
rotation,6.2663549993238465
rotation,24.82632492927181
rotation,11.606955451773976
rotation,9.316813512604632
rotation,5.054292609683924
rotation,9.811575820770678
rotation,9.064332924849898
rotation,14.071238355271339
rotation,8.477439318887841
rotation,7.640151489108099
rotation,9.266283194151722
rotation,4.584851475807468
rotation,21.582469573788494
rotation,10.44817077985748
rotation,53.5072151396896
rotation,129.57294331774543
rotation,128.1000567014648
rotation,86.85548044608629
rotation,14.540053632681566
rotation,56.831396258841096
rotation,26.845003240778613
rotation,23.03821058504271
rotation,37.08401499822964
rotation,79.01484036339902
rotation,44.03767837396222
rotation,56.675455528844815
rotation,38.48989710548208
rotation,28.85524043541036
rotation,7.936101292457416
rotation,9.002771507155966
rotation,17.720518804895505
rotation,13.717348776711003
rotation,22.50503595843156
rotation,26.03276710692742
rotation,23.153369380757862
rotation,22.30165159685875
rotation,33.546614385611264
rotation,28.127391132849834
rotation,7.352170219884168
rotation,15.85995677929233
rotation,6.051016080790682
rotation,9.660075505492557
rotation,4.300257697932388
rotation,19.412044754883052
rotation,17.882945845825393
rotation,5.180900269305861
rotation,11.014591904261025
rotation,12.838437732567645
rotation,28.471285356243655
rotation,36.982302743559515
rotation,35.3992033877435
rotation,80.31771157785906
rotation,63.2389390417347
rotation,50.26893951653113
rotation,16.832329973421235
rotation,8.720897507125727
rotation,7.038487053519325
rotation,3.4808882914476227
rotation,8.3943878608318
rotation,8.88904888341909
rotation,9.241695517740553
rotation,6.122453327099148
rotation,49.812561245457175
rotation,16.356004751504855
rotation,46.65629240470951
rotation,22.45337983984109
rotation,29.002632033993365
rotation,8.023520327399995
rotation,15.361660196838649
rotation,3.046122869032632
rotation,2.3692402722368624
rotation,10.223297452398443
rotation,7.1912648452169545
rotation,16.19090389570985
rotation,86.21819632596495
rotation,15.138699599264044
rotation,24.512272673213104
rotation,39.75545088287548
rotation,15.982431183943369
rotation,35.201605186912694
rotation,9.578900585720902
rotation,6.948934834474219
rotation,31.457760563625428
rotation,6.613045808551415
rotation,2.8234863720846093
rotation,28.300446494329236
rotation,35.19693917085521
rotation,17.602010605408253
rotation,3.9855974340250415
rotation,18.797989278221124
rotation,39.93518252141041
rotation,20.20987162385504
rotation,7.872944334938113
rotation,5.377734702004003
rotation,30.464020655391842
rotation,12.173272534525923
rotation,5.638984050581272
rotation,2.616289033345839
rotation,6.128266552894644
rotation,3.580682078504434
rotation,5.4494651074233005
rotation,15.981157165270083
rotation,9.797021351799046
rotation,4.2107490908220155
rotation,8.823227915590268
rotation,7.787680016030099
rotation,7.049478529496808
rotation,6.469924078687188
rotation,31.29795015388702
rotation,2.0086069424104767
rotation,10.78486978537129
rotation,5.766492396680959
rotation,78.74539469736084
rotation,13.252957651613256
rotation,31.208107768612916
rotation,14.52572150369973
rotation,8.430352794051382
rotation,11.891538340336224
rotation,19.832530984571367
rotation,49.914196640767244
rotation,8.723810951334864
rotation,57.176459559203316
rotation,5.777750469376099
rotation,32.827626561152144
rotation,17.59521734782491
rotation,3.3190769089666907
rotation,20.524312961190887
rotation,1.8356628928473528
rotation,21.813382513948653
rotation,13.942821286985208
rotation,27.566512952467814
rotation,81.1755616795683
rotation,44.320846348170654
rotation,89.06930392269005
rotation,84.41146093334721
rotation,58.246311329812244
rotation,81.28444571233278
rotation,44.921308519570886
rotation,75.94719555825182
rotation,18.997533165073605
rotation,95.72425663213481
rotation,10.088916353305518
rotation,10.019809938952802
rotation,21.63806117000576
rotation,68.96174818572219
rotation,7.475833214473119
rotation,43.53660185792751
rotation,65.08242186874405
rotation,22.32023324607533
rotation,49.37877329890306
rotation,53.37314336627619
rotation,43.29501425943149
rotation,55.30277779589275
rotation,28.92638454287721
rotation,50.67772900639737
rotation,9.070194694012097
rotation,24.05791853721133
rotation,78.61677285368708
rotation,10.716520640405998
rotation,2.195330087903083
rotation,9.51326265211952
rotation,16.674812053062457
rotation,149.90064209629458
rotation,16.427569687162165
rotation,16.911039795333537
rotation,149.0742570052597
rotation,32.21196665611231
rotation,17.044846946817216
rotation,22.44478743219442
rotation,100.660971509073
rotation,23.373187560480957
rotation,34.18406898611519
rotation,7.012817814822548
rotation,19.734905826073664
rotation,35.509907681730105
rotation,25.888324296230973
rotation,3.3375998397425235
rotation,31.191617600187506
rotation,19.813637318252916
rotation,8.481136139650879
rotation,18.740444671658626
rotation,5.032672816930761
rotation,5.615670685749368
rotation,9.395406987855193
rotation,6.536447174270333
rotation,15.218511596940047
rotation,17.473377810567353
rotation,10.548628327551612
rotation,37.66927639355569
rotation,28.844515261898216
rotation,15.193942625688512
rotation,4.383760457414449
rotation,11.906444538762242
rotation,47.01139899386316
rotation,14.126956010893178
rotation,122.81873697074114
rotation,90.0028444018672
rotation,35.58565298248435
rotation,140.11978534392398
rotation,167.07090204350317
rotation,123.83010483557126
rotation,157.63038497914604
rotation,46.45306858837298
rotation,23.94472321785864
rotation,10.318501281851402
rotation,24.588330009904897
rotation,15.513794927753148
rotation,9.889268423770448
rotation,11.349567533087733
rotation,30.97780975678233
rotation,6.4814750972087944
rotation,103.7017941255155
rotation,80.07493827215774
rotation,57.556817212446695
rotation,89.62739910712072
rotation,118.90927450291858
rotation,13.06443718851993
rotation,69.50671270057677
rotation,9.420042702969653
rotation,49.845005588680415
rotation,26.56007216824908
rotation,11.785997463811341
rotation,48.99691934982562
rotation,36.06926140482322
rotation,44.12992008906597
rotation,112.01043223870562
rotation,145.42227725021152
rotation,17.092549657395356
rotation,84.35270662768806
rotation,132.2455583352774
rotation,13.770606765968878
rotation,43.895703868836286
rotation,5.975747195300358
rotation,8.469832209272086
rotation,75.16811172666888
rotation,3.1836568836701216
rotation,82.00165172513914
rotation,20.4727776797591
rotation,41.64654224102437
rotation,0.5924315194742684
rotation,29.58857594985987
rotation,17.98255761394804
rotation,4.991220969603445
rotation,4.391175335111295
rotation,19.06386167779214
rotation,33.9673324132059
rotation,38.27150578857372
rotation,5.916196048696151
rotation,18.538453114969233
rotation,50.266380817881654
rotation,30.541429728185964
rotation,13.185414058479205
rotation,35.775125015995094
rotation,19.596906685438352
rotation,23.17320071213168
rotation,18.889696852468756
rotation,89.12866406893303
rotation,11.759931972313717
rotation,173.7271179645892
rotation,2.1340488520760736
rotation,162.36479046135108
rotation,33.19399478716396
rotation,150.7410941447095
rotation,27.28571418348812
rotation,19.190103692442538
rotation,32.834164080217505
rotation,10.331306035057972
rotation,32.51005989229678
rotation,4.24138032116525
rotation,17.99255132973086
rotation,12.140943027087538
rotation,6.978373098814711
rotation,56.04650341190954
rotation,13.925272888364029
rotation,2.735884233218012
rotation,128.73133975138228
rotation,20.274798536255105
rotation,15.052748648523096
rotation,164.75106560403754
rotation,37.39153551086952
rotation,2.680847941728453
rotation,10.443153011215019
rotation,53.91198588332093
rotation,6.602294114331884
rotation,8.372122521504027
rotation,40.632631900383636
rotation,15.780439415032616
rotation,25.13033742537062
rotation,28.168801978312167
rotation,104.82587445629063
rotation,6.905315065646691
rotation,53.23898478403456
rotation,13.48287346838481
rotation,145.72835924043
rotation,18.250282718044687
rotation,165.70851284504835
rotation,139.04510609118773
rotation,7.907558990061268
rotation,165.11178038248886
rotation,166.6398601996867
rotation,5.8697733492520445
rotation,172.1151280979227
rotation,168.5612316543372
rotation,9.818397881671327
rotation,173.29396729069288
rotation,177.51649041057956
rotation,13.977578435565674
rotation,172.8380404794895
rotation,174.40575434035733
rotation,10.102836967473639
rotation,166.49893516256347
rotation,168.037637288116
rotation,12.485690122119035
rotation,167.75325954712372
rotation,64.00400402761582
rotation,157.7922608654372
rotation,57.90681365575043
rotation,144.53974848620015
rotation,20.914559771205738
rotation,119.3557442701659
rotation,26.162958133558273
rotation,53.26726661975755
rotation,13.07914178468766
rotation,58.10837129508302
rotation,15.108728332063825
rotation,43.63293402828974
rotation,5.624093540529962
rotation,27.433435151967842
rotation,15.470760865947522
rotation,26.569711976486527
rotation,15.089580385150061
rotation,15.710139496320313
rotation,29.800964020486383
rotation,18.17837233439213
rotation,34.38894020015783
rotation,4.36049608617941
rotation,57.393735043961605
rotation,64.51141071830689
rotation,139.50663324185157
rotation,43.532613721843035
rotation,158.99874377297203
rotation,97.90118805386057
rotation,135.58711879735347
rotation,88.83243209403544
rotation,122.13272750629251
rotation,136.07498079591235
rotation,156.87846152297567
rotation,110.09576697352331
rotation,118.2752717928113
rotation,131.4984699737082
rotation,152.56520835664946
rotation,172.67300905527975
rotation,129.33689488532994
rotation,137.08283544988447
rotation,132.80098298627595
rotation,138.57370391045006
rotation,151.60781043578726
rotation,118.00734502877165
rotation,115.92597418224459
rotation,75.41210744411013
rotation,146.10082428598486
rotation,22.29679420116659
rotation,108.10649722766973
rotation,58.34156033455141
rotation,145.29668485006815
rotation,34.7020214729406
rotation,132.42087790545878
rotation,55.05498269351941
rotation,66.1692114099552
rotation,45.0046462952909
rotation,35.50974887634102
rotation,25.01031283636711
rotation,38.879283162533646
rotation,28.08628873884199
rotation,23.541310510064505
rotation,66.24040147432619
rotation,6.33042085900571
rotation,84.14339952383894
rotation,52.2267677558812
rotation,34.74129035284693
rotation,84.98005586718111
rotation,44.287099126961955
rotation,114.55372157101704
rotation,98.06759940338556
rotation,169.02053817731627
rotation,150.05860968441954
rotation,121.77360682757511
rotation,142.70249720583018
rotation,167.50835321698227
rotation,147.04056400807357
rotation,95.71815216633632
rotation,167.28255055245114
rotation,165.26585057281977
rotation,30.76233196300849
rotation,162.31234829393213
rotation,163.38090302923155
rotation,149.87686274370608
rotation,57.08265341540193
rotation,146.40027703412053
rotation,84.85873528183508
rotation,42.43599996374344
rotation,31.123405139974757
rotation,98.36095166139536
rotation,68.53821725591028
rotation,35.16355846650554
rotation,22.629246362193285
rotation,81.70307489236748
rotation,42.76253751794462
rotation,10.631168375140035
rotation,13.976113338491734
rotation,51.14950205594348
rotation,31.986788662672275
rotation,65.19460420017882
rotation,44.663400121118144
rotation,4.182447894345553
rotation,154.54784528270278
rotation,150.57999590621603
rotation,21.64290922045142
rotation,35.201082248794
rotation,29.760993405448634
rotation,24.665082981739115
rotation,17.898447406949163
rotation,20.7702310750731
rotation,22.974115173835816
rotation,9.216056067293849
rotation,28.78498447119193
rotation,82.80446198932376
rotation,144.6971087823677
rotation,83.74106891634791
rotation,102.52448295896734
rotation,85.36647255572302
rotation,100.03819662199327
rotation,79.87093918889451
rotation,93.03621764180284
rotation,102.7783825265087
rotation,60.76107937000429
rotation,102.1792713278025
rotation,30.24816946658039
rotation,140.97392236673858
rotation,7.606208946052097
rotation,66.06128192818667
rotation,170.78478908265407
rotation,15.726644271929619
rotation,61.89689791337825
rotation,166.95052520700423
rotation,33.94291679563121
rotation,16.273547868273067
rotation,24.814867646815763
rotation,154.87907916585732
rotation,9.174001033525702
rotation,24.711927884857403
rotation,28.171936463913244
rotation,8.144659251098592
rotation,33.98311758373369
rotation,40.49619945852958
rotation,8.117114790034895
rotation,18.058927690724598
rotation,36.24331440671201
rotation,11.618090985533515
rotation,26.17040590282089
rotation,12.498100481383494
rotation,34.89840326925594
rotation,12.324620393232896
rotation,54.75678660809666
rotation,55.664358101369984
rotation,157.41721116359315
rotation,16.726939976996352
rotation,82.7193212790305
rotation,119.82101017622341
rotation,169.616810715101
rotation,55.320195723611405
rotation,137.60960538692407
rotation,176.14047339353445
rotation,120.5344134843653
rotation,94.70010533792558
rotation,137.91624044590014
rotation,164.9483752813204
rotation,155.92044947767772
rotation,99.5037029405329
rotation,152.8902866504922
rotation,168.8169454181896
rotation,105.3707747234515
rotation,137.94522807296195
rotation,162.00136308742785
rotation,122.3268888779591
rotation,119.43159920424313
rotation,116.96474781750302
rotation,161.74129514940165
rotation,147.96861424265032
rotation,139.51825021612197
rotation,43.54999288406476
rotation,146.9318787036352
rotation,100.67450437816062
rotation,144.52107697859353
rotation,18.518814766160812
rotation,91.16017841385188
rotation,89.70633525956904
rotation,152.17963719585734
rotation,40.21373325710322
rotation,84.86088381356082
rotation,99.65059138563139
rotation,164.67430536661504
rotation,107.67390700960235
rotation,176.945936894689
rotation,156.30777116354147
rotation,104.99956708839545
rotation,156.09537310490347
rotation,150.08104199537556
rotation,169.22358899714808
rotation,114.08408405851176
rotation,157.504699918201
rotation,128.94536163046985
rotation,159.5736563231409
rotation,107.1492249650089
rotation,158.52730145999257
rotation,93.23580238957526
rotation,146.13034425308922
rotation,96.10665247365861
rotation,166.6723625087128
rotation,5.161795107709741
rotation,51.717937454090254
rotation,142.60211515492918
rotation,14.040089352401132
rotation,11.718219506479564
rotation,13.40304367244263
rotation,48.06527749096733
rotation,30.110187190923767
rotation,12.080121117584357
rotation,5.64404093215001
rotation,14.883732401012656
rotation,51.30652846695319
rotation,11.589493684488072
rotation,15.650045274936204
rotation,8.761469217276243
rotation,116.28645205522352
rotation,21.676406850995114
rotation,21.583022854882444
rotation,8.864515136714637
rotation,156.7501510003481
rotation,38.167536390092614
rotation,27.113701966119272
rotation,28.163128500939926
rotation,164.48514116290812
rotation,76.21737182633689
rotation,168.19597905358995
rotation,167.31846902044214
rotation,109.19580566957592
rotation,88.67174595902479
rotation,77.35653020148378
rotation,54.76799982764726
rotation,18.08561541527569
rotation,10.503590156807414
rotation,20.420266923276586
rotation,15.4279676378919
rotation,50.98191888276382
rotation,22.693378597347788
rotation,50.76724821738959
rotation,27.589326566777984
rotation,38.523497043912904
rotation,15.507858171577938
rotation,23.454560393793326
rotation,4.633825980944044
rotation,30.929805635412922
rotation,6.502849976456318
rotation,69.70763087844253
rotation,14.65821848678585
rotation,132.723190131558
rotation,20.33787332705732
rotation,148.4765282211463
rotation,27.525467035597654
rotation,15.117757659397457
rotation,136.19732189532817
rotation,17.154695622824995
rotation,3.6681012998273497
rotation,96.19371283829845
rotation,26.95126683317781
rotation,14.083166970151456
rotation,70.14507200511461
rotation,13.022313423922478
rotation,7.484344961418233
rotation,12.27614079905847
rotation,3.0309508877891695
rotation,7.968416043008734
rotation,7.220025668052962
rotation,2.93523406245203
rotation,5.945020506070803
rotation,11.434125127067869
rotation,155.72289882963568
rotation,4.654581817951492
rotation,6.80159520099568
rotation,6.903312271168048
rotation,2.976829473393865
rotation,12.101264786223242
rotation,14.712106007267012
rotation,3.257145980770013
rotation,95.56190405973443
rotation,3.659082900813585
rotation,22.908364796293167
rotation,7.967503892382121
rotation,29.607189571794002
rotation,0.5903481271745931
rotation,12.094533576484544
rotation,6.295361967089218
rotation,21.8407452127022
rotation,1.5978198660601564
rotation,3.6823709677530476
rotation,5.766090213904704
rotation,4.775723759563825
rotation,0.949922663699609
rotation,6.850868833410474
rotation,1.853909475931408
rotation,8.274651734111183
rotation,1.256494017062557
rotation,11.516327839045331
rotation,7.182680265640295
rotation,13.478440701438993
rotation,2.558846940586223
rotation,11.176378537670367
rotation,12.763668771040177
rotation,6.1111169679312844
rotation,8.810801239366079
rotation,2.739759979069466
rotation,6.920082841814062
rotation,3.1392506752817098
rotation,25.937162815810467
rotation,7.39389200405064
rotation,15.700779206257405
rotation,26.635507462640405
rotation,122.52657134976366
rotation,35.67458848816888
rotation,14.188736806450573
rotation,11.540821818426263
rotation,2.6375591018858793
rotation,6.223263578611003
rotation,22.884168397871655
rotation,8.824062350923843
rotation,48.03052227085563
rotation,10.582685649937467
rotation,121.46815681628217
rotation,33.68541068014346
rotation,132.42549758885622
rotation,36.12963600703594
rotation,138.9190725844054
rotation,58.445757689842
rotation,175.4411059307284
rotation,18.02857205436421
rotation,38.5168880857938
rotation,24.73593318208168
rotation,24.110039954526993
rotation,40.079669215704754
rotation,15.513779260465672
rotation,42.5827346970771
rotation,4.667917846805523
rotation,28.515646472555215
rotation,15.164388850294248
rotation,17.455802012828233
rotation,7.055217756443635
rotation,40.28460289719317
rotation,4.419983881285963
rotation,27.851881546737076
rotation,14.66123289680586
rotation,8.715923581374236
rotation,23.900248763933117
rotation,8.948535726549792
rotation,25.579351117515262
rotation,2.87337943014887
rotation,35.25559652932994
rotation,16.198965798956923
rotation,0.6190148932996117
rotation,17.23560120793375
rotation,18.404878606524015
rotation,7.3293990966389515
rotation,11.215899909338516
rotation,16.031921465972356
rotation,11.24587516874802
rotation,41.766180142683595
rotation,19.125618112349457
rotation,16.257613333343375
rotation,7.57749075707813
rotation,4.304581792751737
rotation,12.455189786739364
rotation,17.999958111843668
rotation,22.831514104151953
rotation,41.552155231927244
rotation,36.660552392007055
rotation,25.82977518837091
rotation,108.24769410754521
rotation,27.69933205111555
rotation,148.05506424198012
rotation,70.19257424854388
rotation,169.50222494346662
rotation,57.99926201488912
rotation,162.08675015696755
rotation,44.36738935067287
rotation,100.28054795433978
rotation,175.30516321434555
rotation,3.6382764004716694
rotation,150.1110801871344
rotation,41.85912926438497
rotation,117.12957994849911
rotation,52.69535467453053
rotation,34.80727571074543
rotation,76.70610168371479
rotation,61.50610070922997
rotation,34.5975398293799
rotation,21.293394334983063
rotation,50.56924019439706
rotation,24.877743769965573
rotation,3.859946774797785
rotation,28.006481402758343
rotation,3.5371724993375953
rotation,25.25997390766643
rotation,6.179359297109386
rotation,16.7277445624658
rotation,13.682442969588216
rotation,5.163504227104023
rotation,0.1577651135461907
rotation,6.584921673253858
rotation,3.5557875520868194
rotation,21.408660911351365
rotation,10.279855132228207
rotation,6.06950789843426
rotation,20.321669426498573
rotation,12.187093930725286
rotation,17.66169657897898
rotation,37.24503510382069
rotation,6.418818722906441
rotation,22.400889184409156
rotation,117.17789519827215
rotation,11.173720498394339
rotation,27.05433791640604
rotation,145.2272401233271
rotation,14.826097389005223
rotation,21.22493786861926
rotation,164.82176527990143
rotation,53.16156056534983
rotation,24.73542675507054
rotation,159.27835640079257
rotation,63.72217956760928
rotation,52.02982128217216
rotation,171.14847450340974
rotation,24.970488084715463
rotation,122.37702556474268
rotation,121.84693228252675
rotation,56.62574549402502
rotation,139.51155166066067
rotation,80.03881873026107
rotation,46.38809837419221
rotation,19.18709776978852
rotation,38.75662253354243
rotation,39.72106771642949
rotation,45.98683112751788
rotation,26.98033823192994
rotation,24.89245941861308
rotation,34.06663296194536
rotation,18.450401661384028
rotation,39.88180617053069
rotation,64.89102919045033
rotation,58.944067837042375
rotation,73.03727773150955
rotation,77.24521365897265
rotation,62.809267623214765
rotation,30.68639901091895
rotation,98.83399715106444
rotation,26.733364207284037
rotation,87.86726345781524
rotation,15.324506035580223
rotation,69.92466849620797
rotation,21.196630846752754
rotation,34.78918295175121
rotation,30.433911242336922
rotation,50.71203541617402
rotation,16.981610685675722
rotation,46.15715830501089
rotation,59.583199112391945
rotation,4.711629411088827
rotation,60.18082941173758
rotation,44.43313041300971
rotation,7.607125017590588
rotation,35.736693053709644
rotation,16.70777580062744
rotation,103.31886827532676
rotation,43.167479751282514
rotation,12.612394231873932
rotation,116.8414430214011
rotation,73.97558284857608
rotation,6.621625072361977
rotation,160.4278077652973
rotation,116.02498748784191
rotation,3.7553397948983562
rotation,164.02767953331792
rotation,143.35485485187988
rotation,31.523076852638944
rotation,158.77384089806222
rotation,128.80114663395355
rotation,38.989264412259175
rotation,157.74358901017666
rotation,77.26588812899435
rotation,33.08703399616935
rotation,46.00970161179436
rotation,12.388613580187918
rotation,40.423734057581164
rotation,19.357552659323456
rotation,8.504946575559947
rotation,53.87997096115326
rotation,3.1543913214525388
rotation,20.137063536220204
rotation,67.3554103416402
rotation,15.358011251983719
rotation,26.82768914102428
rotation,66.27328643959616
rotation,6.2664461051815685
rotation,24.66044247748015
rotation,28.380902678345162
rotation,14.860514538864768
rotation,4.66287633883244
rotation,18.518612504144432
rotation,18.050968705915526
rotation,8.99921581466077
rotation,50.4653847921945
rotation,9.814414840692438
rotation,8.256081877047079
rotation,49.31752467815706
rotation,10.065904359931631
rotation,3.8671637918948645
rotation,45.269826275662275
rotation,61.07530961362497
rotation,9.86581927406495
rotation,33.922188722225705
rotation,73.19508704584099
rotation,9.336426385198452
rotation,26.004693426688988
rotation,80.44874176845212
rotation,10.273462072227527
rotation,23.243373597632395
rotation,14.174387897598422
rotation,17.71646784517027
rotation,8.819642657383769
rotation,19.76023729016124
rotation,30.716761553611104
rotation,17.009382556866893
rotation,18.246431315314478
rotation,56.5820974366021
rotation,49.978854327534386
rotation,12.74972970714356
rotation,8.1923088760924
rotation,8.05705162135573
rotation,17.088368997436625
rotation,172.37765324282103
rotation,9.159373517244482
rotation,58.84668001446981
rotation,167.4580379598859
rotation,17.819993219594814
rotation,77.86087327717588
rotation,153.6315262409371
rotation,10.957187373493083
rotation,84.25501079265007
rotation,143.83998280958872
rotation,82.75752907690338
rotation,72.60607411263415
rotation,112.26021435750849
rotation,9.759218353203188
rotation,19.931744787573614
rotation,93.29525412061302
rotation,48.63170712936106
rotation,2.6930936439281012
rotation,42.98907914145052
rotation,54.58011206404685
rotation,4.581527122946799
rotation,24.184367918495422
rotation,42.90284980175325
rotation,4.927593256111124
rotation,45.29139790111609
rotation,9.27969930029652
rotation,14.971342436886582
rotation,56.76836994849963
rotation,37.50527218298664
rotation,22.23439338668909
rotation,59.49099075551632
rotation,51.122710701339216
rotation,49.198570668117725
rotation,31.521030350547466
rotation,29.558514537706007
rotation,111.10030595598363
rotation,69.25536072084921
rotation,93.17946805619808
rotation,133.03975291023627
rotation,117.66651446357754
rotation,113.33912464952638
rotation,161.18730246620896
rotation,134.5450541511047
rotation,117.00316523376476
rotation,149.6405606152845
rotation,146.56482159492566
rotation,117.24297996532914
rotation,115.68743964387404
rotation,167.13242000999574
rotation,117.63145175814816
rotation,103.68335136614444
rotation,153.08586295258715
rotation,117.45856156034573
rotation,52.892568665015695
rotation,42.4214634753128
rotation,54.50075431763177
rotation,58.51555779001373
rotation,47.04737315409558
rotation,18.77956761838028
rotation,3.809568448519549
rotation,20.798664693228808
rotation,75.87141468590218
rotation,22.263027305255616
rotation,36.63577613742341
rotation,13.92830214196499
rotation,27.34453262555785
rotation,9.181797137185113
rotation,9.132115312514573
rotation,2.5401312109789767
rotation,10.367876531651342
rotation,9.44964085957381
rotation,7.4761264103509095
rotation,15.815870465376475
rotation,6.219541525631986
rotation,17.977748547813224
rotation,7.237405507317459
rotation,11.434056331140624
rotation,23.216223118891175
rotation,10.393851702461804
rotation,3.0185584375012553
rotation,15.089244524482293
rotation,11.12273905564906
rotation,1.1049400855109273
rotation,9.23033952814196
rotation,11.957794365453811
rotation,11.805936586709809
rotation,55.55439361016954
rotation,19.353952400610318
rotation,12.30731700081892
rotation,18.141394829821486
rotation,47.94283913299357
rotation,12.854351341413626
rotation,6.426103699164558
rotation,8.163848689475923
rotation,90.62486736939228
rotation,2.0939281286755307
rotation,12.905298026543703
rotation,6.555251153353545
rotation,96.37443842230573
rotation,8.917296621713033
rotation,33.92234834464484
rotation,15.975606897462916
rotation,47.04384212480141
rotation,6.087434891323522
rotation,33.55649903185143
rotation,17.565873926734135
rotation,18.940168926355234
rotation,5.564550017615205
rotation,21.973724407970398
rotation,11.486483679276013
rotation,2.4455928634070063
rotation,10.04681925456758
rotation,6.7933661913265295
rotation,5.746516479535165
rotation,13.102604878514173
rotation,18.58274901393222
rotation,24.24025168834916
rotation,10.083879753907187
rotation,16.692515065423187
rotation,12.268284145927312
rotation,20.614441528749218
rotation,8.505117780097844
rotation,20.682736283724335
rotation,10.370469733313197
rotation,9.041523741769993
rotation,9.45772872235691
rotation,23.28445799660426
rotation,124.21072799881647
rotation,94.48717503369934
rotation,139.6495615192835
rotation,13.407097813904564
rotation,135.44294566036334
rotation,21.089496663332987
rotation,132.8325796587621
rotation,21.4082853881801
rotation,132.08319582214295
rotation,24.56687233603907
rotation,62.83544696647667
rotation,15.770093880134123
rotation,170.3533772726383
rotation,2.1233228107132396
rotation,14.58898748997104
rotation,2.3231225088850795
rotation,30.33899755651848
rotation,5.429472032150184
rotation,22.335015514598304
rotation,7.13521257532292
rotation,10.322078748706138
rotation,15.047023684541404
rotation,5.617871991321779
rotation,10.965796215484863
rotation,1.049948540525634
rotation,2.4004586083627113
rotation,5.0360295014588825
rotation,4.477824594617715
rotation,4.244876920874103
rotation,2.000937576760216
rotation,15.36558584457241
rotation,3.6789367274032743
rotation,0.9929487885052088
rotation,1.836610223763704
rotation,13.410676950993155
rotation,6.286089507597341
rotation,2.4083325312888393
rotation,4.300475615429102
rotation,4.4648980183720575
rotation,13.116221483704583
rotation,2.284897756578486
rotation,2.242844589153928
rotation,14.217375626735699
rotation,1.2200395729677462
rotation,6.661181426777683
rotation,2.3550656134132004
rotation,26.626050273432963
rotation,3.2220163147880094
rotation,10.145229638204025
rotation,3.432447410585777
rotation,24.59924452208864
rotation,3.1764074761970136
rotation,10.56426213210203
rotation,6.56203622859195
rotation,22.368156388336576
rotation,3.9863037101561796
rotation,6.978767973819989
rotation,7.8909593029505
rotation,5.160267176472219
rotation,4.686036483743989
rotation,3.446883350199825
rotation,8.825338398618022
rotation,4.240880103436056
rotation,9.172955087482023
rotation,6.932371891402479
rotation,20.805235827040175
rotation,13.012672064664429
rotation,11.957109657681215
rotation,5.576070363566237
rotation,15.610393322238465
rotation,25.416353999231323
rotation,9.520720618141493
rotation,5.147569973762839
rotation,8.760832838878951
rotation,35.61175299056507
rotation,14.549665218708038
rotation,5.954466296075427
rotation,17.12049902385177
rotation,61.36044598891169
rotation,18.810094204311966
rotation,6.229644803883795
rotation,45.20832677020844
rotation,87.28322256650259
rotation,19.84360289692048
rotation,3.5452648895276364
rotation,70.10989313392221
rotation,7.419757702281107
rotation,2.5238625736061984
rotation,110.45846059716023
rotation,1.0463624039551538
rotation,6.735930736922552
rotation,126.15354875110883
rotation,18.08508766307613
rotation,5.051215036566218
rotation,16.9088615457088
rotation,154.31002632968125
rotation,18.662501177111558
rotation,14.11663484201571
rotation,8.733033598518391
rotation,120.3403505464992
rotation,5.25543974129241
rotation,17.148401228970354
rotation,6.767465836917515
rotation,84.73941936358567
rotation,6.843919382923443
rotation,15.113834980052038
rotation,6.914946021113866
rotation,22.49513047573858
rotation,16.78923191929745
rotation,11.675025753354895
rotation,7.4689225172915
rotation,7.103850742875641
rotation,15.480274467004065
rotation,6.4397295210184575
rotation,5.300936157842797
rotation,14.285991192042687
rotation,11.285578755005444
rotation,8.679164152180624
rotation,4.668177257347416
rotation,1.64922871142309
rotation,17.744856541064244
rotation,3.6882782599903883
rotation,6.1140075044454205
rotation,18.1560623613489
rotation,5.555052474132068
rotation,32.138639823113245
rotation,13.655848696366641
rotation,14.411757224280333
rotation,6.832828057388436
rotation,15.613121246749747
rotation,27.52495995895777
rotation,14.942074814067904
rotation,12.573825926697316
rotation,25.79417900110443
rotation,41.00624100479345
rotation,37.28118157018745
rotation,31.091160289529437
rotation,41.62843903441996
rotation,48.9122214430357
rotation,64.45355010652176
rotation,45.81773982468327
rotation,55.61253854732177
rotation,48.05311387791699
rotation,89.34364546395443
rotation,49.828176724291666
rotation,67.76998433620165
rotation,131.23884886455625
rotation,51.65140201988073
rotation,167.71630549098037
rotation,47.18837471326542
rotation,141.92121610347465
rotation,41.518481426176734
rotation,116.17372518043159
rotation,67.96423043259297
rotation,89.66687051167217
rotation,58.783344321065776
rotation,44.88383060904084
rotation,44.12530543220182
rotation,26.097282484929142
rotation,160.2731024980259
rotation,52.444733775467995
rotation,1.6219738127900545
rotation,149.64871862026015
rotation,51.9733169467221
rotation,9.208316610590739
rotation,98.18898964587223
rotation,55.40930536774662
rotation,7.846925326375311
rotation,36.369518623113386
rotation,21.40399297461173
rotation,12.310635950534659
rotation,37.61109591455562
rotation,21.14349111407495
rotation,35.29080170985597
rotation,14.77309856216376
rotation,10.94686754779521
rotation,8.895325514763083
rotation,46.954192704693476
rotation,6.0541460635646525
rotation,53.402621561560295
rotation,16.00819372796578
rotation,47.065833933616524
rotation,36.4004729715617
rotation,56.70899287343323
rotation,82.4548199430326
rotation,61.44860000244179
rotation,58.19596097017677
rotation,161.7936366557798
rotation,174.55597400880055
rotation,77.09898760819182
rotation,161.8653521358983
rotation,88.77492355157803
rotation,146.9200453420117
rotation,119.26619879970879
rotation,138.06822444485346
rotation,144.01618959650645
rotation,129.1013541982991
rotation,164.90880165270323
rotation,167.66976941543442
rotation,106.05437357907897
rotation,148.78654063224673
rotation,145.78738673534804
rotation,117.06166035150203
rotation,148.76000039486664
rotation,143.20050070198505
rotation,155.21485305950037
rotation,155.22336366766282
rotation,152.3847738276385
rotation,150.3777422127417
rotation,152.69897484696273
rotation,162.84210400715378
rotation,145.89799091324718
rotation,168.36868220850417
