time_s,x_m,y_m,z_m,qx,qy,qz,qw,frame_id,child_frame_id
1786135711.1899803,0.0,0.0,0.0,0.0,0.0,0.0,1.0,odom_lidar,unilidar_lidar
1786135711.3230166,0.32464879944641917,0.1412315509093428,0.022948773561842332,0.00902930292984849,-0.0021182213947864236,-0.01170976614688209,0.9998884268774738,odom_lidar,unilidar_lidar
1786135711.44576,0.3540262115433351,0.40032662580614864,0.03485017940482075,0.0028980675436409238,-0.004248645298569536,-0.03314947383180424,0.9994371729139927,odom_lidar,unilidar_lidar
1786135711.5878472,0.4112723848696686,0.2058376130488766,0.0610799181429185,-0.0018563589477289086,0.0011780354830559481,-0.04985102552232312,0.9987542447560515,odom_lidar,unilidar_lidar
1786135711.7430878,0.28079957184222626,-0.0003702553472474633,0.07253102389810503,-0.006698976056262869,-0.0005576686598204267,-0.05344368374633727,0.9985482388913843,odom_lidar,unilidar_lidar
1786135711.8677785,0.35375814770938985,-0.0390283036786124,0.043488704725621496,-0.005040662880110014,-0.00045923591575334485,-0.04679541190127358,0.9988916709258783,odom_lidar,unilidar_lidar
1786135711.9902158,0.3754109094737445,0.08110068909148849,0.019109051618528043,-0.0009330738730609754,-0.004621811468236555,-0.05180297612068821,0.9986461935525208,odom_lidar,unilidar_lidar
1786135712.109693,0.37153948302223916,0.15052845415025773,0.029900006035159372,0.0054812623977243,-0.002998700794653978,-0.06260195391889753,0.998019017314604,odom_lidar,unilidar_lidar
1786135712.240665,0.3714880857568257,0.2501157457231385,0.05736952227716297,0.002524722350819904,-0.0008695376394258636,-0.0690971086831071,0.9976063648819506,odom_lidar,unilidar_lidar
1786135712.369243,0.3862997714653463,0.23129337837228425,0.05143698519490421,-0.002746009141233432,-0.0014207072761250807,-0.0684647454947949,0.9976487456259167,odom_lidar,unilidar_lidar
1786135712.5040936,0.45910594138890237,0.16470947711268852,0.033917811980304705,-0.00036388780905901176,-0.0022634941155968854,-0.05423671410984246,0.9985254743984344,odom_lidar,unilidar_lidar
1786135712.641106,0.31674491288746237,0.06309835899431791,0.03350118735184466,0.008825835192166648,-0.0027360239606016934,-0.042888895760727776,0.999037117141537,odom_lidar,unilidar_lidar
1786135712.7977033,0.2911864698735121,0.05160328545034417,0.02393635546503255,0.002816122824757662,-0.0003274828122176909,-0.022133328284314673,0.9997510079946419,odom_lidar,unilidar_lidar
1786135712.9231365,0.24554968458998028,0.09758605272380952,0.0205643321769707,-0.002534774232645634,-0.0037291006319800685,-0.0007134596978658085,0.9999895797973726,odom_lidar,unilidar_lidar
1786135713.0422425,0.2982985253364479,0.3495065928748243,0.0715234784620999,-0.00030294510765374437,-0.0026696157161333538,-0.0033629156390153274,0.999990736044387,odom_lidar,unilidar_lidar
1786135713.17311,0.41702287596675086,0.2948539879722394,0.07055244967787402,-0.0014964748078299614,0.00472712070169711,-0.041408337993009754,0.9991300037721208,odom_lidar,unilidar_lidar
1786135713.298191,0.40926084162697884,0.15213684676866512,0.022567805361041526,0.002024929750014497,0.00438730157858571,-0.06825239206745067,0.9976563848447205,odom_lidar,unilidar_lidar
1786135713.4516518,0.37069474616943254,0.024758216363375666,0.015054157497115882,2.052715832193531e-05,0.002137302436388329,-0.08348981747819627,0.9965063381104954,odom_lidar,unilidar_lidar
1786135713.5821538,0.3121071717338244,0.0087336069695262,0.043129698322588346,-0.00015189281311168564,-0.010162975739076128,-0.04914646028330814,0.9987398641760133,odom_lidar,unilidar_lidar
1786135713.724176,0.17221713988464277,-0.009991957559562026,0.036951069171542256,-0.0024713054308147606,-0.019307963658310875,-0.01843164360210777,0.9996406202745876,odom_lidar,unilidar_lidar
1786135713.8598046,0.20033382474763584,0.012353470535431406,0.03140565505503165,0.002934086592236723,-0.005533930130550666,-0.019598059381952602,0.999788319006399,odom_lidar,unilidar_lidar
1786135713.9813786,0.27635334857669536,0.07494153641671024,0.03233074954740555,0.006217627734262852,0.004425243816708867,-0.04041381915353609,0.9991538828148276,odom_lidar,unilidar_lidar
1786135714.1143196,0.3361740290966415,0.15419101343017055,0.06461991331340974,0.007349759626398475,0.014185779662413005,-0.06815009182443597,0.9975471465916409,odom_lidar,unilidar_lidar
1786135714.2317057,0.4503585175821109,0.20672617231115803,0.03964798516634646,0.005516825591223838,0.0119170473968851,-0.08758708021557605,0.9960703047456272,odom_lidar,unilidar_lidar
1786135714.3631113,0.38777411861235184,0.09706218883403137,0.05155634024697442,0.001916104960439003,0.006566666635527615,-0.0949603240617337,0.9954575552403874,odom_lidar,unilidar_lidar
1786135714.5032759,0.32439456113925114,-0.021416472449014956,0.020367119294528675,0.003646485995811462,0.00041099877755778035,-0.09522341281153313,0.9954491628769455,odom_lidar,unilidar_lidar
1786135714.6401944,0.2794396447937456,-0.05605209052511187,-0.004137533089179426,-0.0024009348350184662,-0.018438586848863445,-0.086616278625355,0.9960682076564988,odom_lidar,unilidar_lidar
1786135714.7679727,0.2848196566341017,0.12517251742695046,0.03575697377586431,0.0013092673811874874,-0.018676436714086357,-0.029749471985987434,0.9993820317812124,odom_lidar,unilidar_lidar
1786135714.8901055,0.2866090802149795,0.385471628127071,0.05348352363995843,0.003137571626622539,-0.007772177655244201,0.007524774825022155,0.9999365613190749,odom_lidar,unilidar_lidar
1786135715.0132256,0.21448926656408662,0.5391521569183538,0.04218885036232578,0.0014997210456403252,-0.0022296240894511886,0.010518856290858823,0.9999410649010958,odom_lidar,unilidar_lidar
1786135715.1299586,0.18415701296427733,0.2018078451122014,0.04970932755945124,-0.00531582314014663,0.001457832534803926,-0.031116790595461363,0.9995005563238478,odom_lidar,unilidar_lidar
1786135715.2574353,0.31667125959747366,0.025590996419913387,0.031095783792626765,-0.0032613642380417457,0.00047927839628159226,-0.06671400877871952,0.9977666935853285,odom_lidar,unilidar_lidar
1786135715.3879187,0.46296954491616055,0.03574802836717961,0.03563670073576057,0.005118104880430338,0.0014477036614321686,-0.07774729156642325,0.9969589097904825,odom_lidar,unilidar_lidar
1786135715.5245502,0.43577428488586556,0.048299251495073706,0.0024827845036271418,0.007740195998263034,0.006993614920232159,-0.07953171533488676,0.9967777510418994,odom_lidar,unilidar_lidar
1786135715.6709363,0.3964620056679202,0.07814238013649624,0.013297241285533556,6.9285683220321e-05,0.009808017516969521,-0.07386403266353903,0.9972200873781878,odom_lidar,unilidar_lidar
1786135715.8132007,0.38621658510449475,0.13110162480379778,0.02629366619837952,-0.00548622429031752,0.007243557229671013,-0.06430688116058574,0.9978888000459245,odom_lidar,unilidar_lidar
1786135715.9351952,0.26431821935518623,0.1682615939132043,0.06550406306500774,8.988130159245773e-05,0.00357947983285626,-0.05116985989613013,0.998683545816035,odom_lidar,unilidar_lidar
1786135716.0551345,0.17707071971529195,0.27164098552133775,0.06403702933102715,0.0026043518363677745,-0.0021145787273832008,-0.030162143461331878,0.9995393894240168,odom_lidar,unilidar_lidar
1786135716.1800103,0.10622660460685189,0.3524167934978618,0.05859854611339569,0.00770307559496909,-0.0009409579633304458,-0.01074388534028197,0.9999121692190192,odom_lidar,unilidar_lidar
1786135716.2993362,0.31488491325026446,0.1952944950066768,0.021754481059313605,0.010490960142162865,-0.002058371516510108,-0.006717005015884289,0.9999202891758985,odom_lidar,unilidar_lidar
1786135716.4433126,0.4050254951152271,0.10280775447825967,0.021350923063014317,-0.00112829804416196,-0.0037160672567303774,-0.02235290466418999,0.9997425995928855,odom_lidar,unilidar_lidar
1786135716.5735168,0.43517291790288215,-0.0035908361804936886,0.0008205283508412355,-0.012814833429973936,-0.004596419746257912,-0.04043720296499187,0.9990893281313971,odom_lidar,unilidar_lidar
1786135716.7098787,0.4061697879201928,-0.04004369560969484,0.030244767411314873,-0.00455200899099589,-0.008402364115625012,-0.06184607055297481,0.9980399506275143,odom_lidar,unilidar_lidar
1786135716.8409462,0.3319114820384821,-0.02714294357260029,0.04999973249124642,0.005478523666239378,-0.004840080813992044,-0.0840373863019364,0.9964357867417707,odom_lidar,unilidar_lidar
1786135716.9601433,0.3577930226141557,0.04765029022949054,0.030602521701429443,0.010032352264778346,0.011402285825893706,-0.09235861235434287,0.9956099771044686,odom_lidar,unilidar_lidar
1786135717.0852962,0.4138324479792703,0.00562400950236755,0.019338015049762444,0.003472172692101351,0.007641887829840691,-0.08917850314873367,0.9959802910416168,odom_lidar,unilidar_lidar
1786135717.224196,0.3764936902022097,0.1422431043094745,0.041082622048520305,0.020177850806912322,0.014542831905061886,-0.07274038694678633,0.9970407195715865,odom_lidar,unilidar_lidar
1786135717.3403668,0.2827823776193718,0.14486344575068336,0.04012709936948715,0.023084600257768106,0.021187719409600722,-0.05505046800715192,0.9979917974359072,odom_lidar,unilidar_lidar
1786135717.4872587,0.31486400121080427,0.1333733230518548,0.03899690749076179,0.007483876648938306,0.0181595453679221,-0.03654011209876245,0.9991391508244203,odom_lidar,unilidar_lidar
1786135717.6212132,0.23807237054891897,0.23130177734593074,0.03812349749188619,-0.010042020756986902,0.007305341795173681,-0.01137847443253492,0.9998581499992687,odom_lidar,unilidar_lidar
1786135717.763937,0.3023743726714044,0.3294959388569613,0.05066329976924359,0.0031938159863054852,0.002692790319847587,-0.01955478223936186,0.9998000594675468,odom_lidar,unilidar_lidar
1786135717.8771012,0.3104340437617769,0.18807435312215123,0.05337920292757522,0.011969957979667711,0.005790640366306758,-0.028463044430079742,0.9995064000254748,odom_lidar,unilidar_lidar
1786135718.0031319,0.2771909463113776,0.10780699510488541,0.01512386655479734,0.013537136573040658,0.007917194357691316,-0.032979036331119524,0.9993330011210358,odom_lidar,unilidar_lidar
1786135718.1242573,0.24354396736381423,0.13806218010099647,0.02031336189781583,0.004101406012882775,0.009450834702701468,-0.023541019460005464,0.9996697857767451,odom_lidar,unilidar_lidar
1786135718.2405355,0.25080970937313607,0.15175386212615063,0.037281810632853046,-0.002492170742384614,0.0061491823384208525,-0.014475992826366808,0.9998732030978983,odom_lidar,unilidar_lidar
1786135718.379929,0.3798607924795403,0.28362927109754477,0.10487513945565771,-0.005347200697348804,-0.002441928448224187,-0.022642461340690798,0.9997263442435593,odom_lidar,unilidar_lidar
1786135718.51961,0.33209509314702335,0.3352368745344812,0.0895543832927229,-0.0009473895989381887,1.5793965216350584e-05,-0.02476684505378753,0.9996928056105937,odom_lidar,unilidar_lidar
1786135718.6759243,0.16300433493294889,0.24221009823406484,0.06030415365136052,0.0015835914529518777,0.0007364921888316185,-0.02573347158476429,0.9996673137887234,odom_lidar,unilidar_lidar
1786135718.8077712,0.24075631599284786,0.05981580234451281,0.009940883976309711,0.001169059075450392,2.8418782737080695e-05,-0.0178353052317944,0.9998402544309464,odom_lidar,unilidar_lidar
1786135718.924266,0.2908464274222427,0.07107251225302913,0.012805568206968099,0.00041733843031065485,-0.003946091536915686,-0.02135461080703813,0.9997640895668823,odom_lidar,unilidar_lidar
1786135719.0436437,0.25971025732918473,0.04571725965044758,0.044440499929013076,0.002700800488997704,0.001734527992996131,-0.032360549444856807,0.999471106100115,odom_lidar,unilidar_lidar
1786135719.1637437,0.1954941884170136,0.15157418701464956,0.06037884076230937,0.0009492849741818579,0.005026869935671001,-0.04417084402260962,0.9990108938219933,odom_lidar,unilidar_lidar
1786135719.291395,0.16372005760317346,0.3126578694053378,0.05219827782166028,0.0075080691473190676,0.009106757833402401,-0.048692797125456454,0.9987440649974058,odom_lidar,unilidar_lidar
1786135719.4248042,0.26588848520271163,0.2920455211948353,0.03020389388361924,0.014485714828355537,0.008422840785552837,-0.04452690708410999,0.998867646069556,odom_lidar,unilidar_lidar
1786135719.5643878,0.26049340037298885,0.22455286562651186,0.026126820766464626,0.01760821597098569,0.017515568668843882,-0.03325928753974406,0.9991381162666525,odom_lidar,unilidar_lidar
1786135719.7014763,0.28222284861346353,0.07636865933948066,0.030368958288334434,0.009622649349659321,0.019217928389375645,-0.027592056303997445,0.9993881899826671,odom_lidar,unilidar_lidar
1786135719.8322265,0.33909556573137295,0.12235103518309151,-0.002627787866766554,0.006589773444157232,0.017336178552193795,-0.02888812384468122,0.9994105803421812,odom_lidar,unilidar_lidar
1786135719.9522402,0.3545579003515306,0.23002106479848264,0.012471174329462292,0.005954692474758868,0.014258727998933084,-0.034098074868538164,0.9992990301224369,odom_lidar,unilidar_lidar
1786135720.0664394,0.3503712378379667,0.25105559957849777,0.025779539920604336,0.004000579607359715,0.005653724373887385,-0.03758300413819003,0.9992695074720623,odom_lidar,unilidar_lidar
1786135720.1939027,0.34325575560841765,0.27356669326964067,0.07252802939420143,0.0034765228595874703,-0.002124761706447995,-0.0424509391101647,0.9990902446451785,odom_lidar,unilidar_lidar
1786135720.315984,0.3109897444290471,0.1719527537793351,0.07708936221609093,-0.0014103239155677837,-0.005589266809975794,-0.04790487629040991,0.9988352686557381,odom_lidar,unilidar_lidar
1786135720.4468756,0.2603887933953799,0.1398814963199029,0.07719842029394729,0.004415784544675607,0.0024017823960448916,-0.05114039695240396,0.9986788232899143,odom_lidar,unilidar_lidar
1786135720.5798814,0.23625666975568183,0.12089184077137993,0.02857668371947889,0.01160240379976424,0.00892955332902588,-0.051838094290707286,0.9985481757450259,odom_lidar,unilidar_lidar
1786135720.7192786,0.19327818912233533,0.1000802528944205,-0.0021511150404800207,0.017116712624531197,0.014414198126754173,-0.047794353808929484,0.9986065034763587,odom_lidar,unilidar_lidar
1786135720.8494132,0.28301650527577815,0.02507110270767128,0.043352576299843695,0.007826946067899694,0.003787449100335698,-0.03923235810501652,0.9991922819067822,odom_lidar,unilidar_lidar
1786135720.9689732,0.31291160620889874,-0.007680445612598771,0.07668003756300265,0.003667615081871387,-0.005522690168711974,-0.03033018423188438,0.999517948021631,odom_lidar,unilidar_lidar
1786135721.0988228,0.17097471791609611,-0.1064161813480538,0.06216053426694787,-0.007165109431863252,-0.01384936059609351,-0.015785658429951704,0.9997538043967834,odom_lidar,unilidar_lidar
1786135721.224108,0.06252181792637952,-0.0838096917811606,0.027869171373595507,-0.012675150641582436,-0.01924160799744947,-0.0002627470646194131,0.9997344807707024,odom_lidar,unilidar_lidar
1786135721.354931,0.25210219502272674,0.11794736883501274,0.017999638261420703,-0.002430078064170091,-0.0018139775947233077,0.00030699250987751355,0.9999953549699553,odom_lidar,unilidar_lidar
1786135721.4983318,0.3728128335725849,0.28570836390195103,0.06800726611017227,0.015545913021467805,0.013260689636552468,-0.015434715320617905,0.999672070361908,odom_lidar,unilidar_lidar
1786135721.6331494,0.39067521178732756,0.2869911607688537,0.03296736271958811,0.022531814730608998,0.020558288435662785,-0.030641138648144068,0.9990649602122412,odom_lidar,unilidar_lidar
1786135721.7665858,0.4002463342935578,0.265141389075988,0.0032872515276833932,0.014685974637817532,0.018284820802360886,-0.04906090999182016,0.9985204127046866,odom_lidar,unilidar_lidar
1786135721.8947327,0.3045160934879087,0.20305384963270795,0.005735914581267744,0.005045912161842225,0.010264581370610796,-0.07028195298057899,0.9974615903507147,odom_lidar,unilidar_lidar
1786135722.0273535,0.3235818010031248,0.15441613541559215,0.04539080143851475,0.007206993815294511,0.0072926786865533015,-0.0748425604526808,0.9971426513907667,odom_lidar,unilidar_lidar
1786135722.1710808,0.3017065669189537,0.1306225029938499,0.054348526057646986,0.010928847889413815,0.00432392534479709,-0.07838609621266776,0.9968537926265622,odom_lidar,unilidar_lidar
1786135722.3103883,0.3445831582650989,0.17519510280188227,0.05252051385710358,0.01010407047250915,0.006867092988714541,-0.07041472425642216,0.9974429895496099,odom_lidar,unilidar_lidar
1786135722.433425,0.36376645728872237,0.1933236650188673,0.012346374271592277,0.01021338780819592,0.009316972143006239,-0.06597893631634506,0.9977252430915687,odom_lidar,unilidar_lidar
1786135722.5673666,0.31365768738753985,0.2162138922341361,0.018110749244216465,0.004720360472483346,0.011357781042795377,-0.060064702027390275,0.9981187056543699,odom_lidar,unilidar_lidar
1786135722.7221901,0.31067982486210743,0.15298810282336875,0.01184127275243466,0.007482576317239433,0.0119685699741271,-0.056979007749009915,0.9982755917382581,odom_lidar,unilidar_lidar
1786135722.8480425,0.2474204446801345,0.2272973494474207,0.04348303975248752,0.011198909876626398,0.013969032895497757,-0.05058619353952322,0.99855920583645,odom_lidar,unilidar_lidar
1786135722.9751964,0.20083451068964786,0.29997915977475004,0.06028914048610089,0.018109054336618826,0.011734313855606658,-0.043289452135857,0.9988295106589257,odom_lidar,unilidar_lidar
1786135723.0910945,0.21195828565024621,0.2768833374318025,0.0973685770085161,0.020559691713409496,0.011003193374381458,-0.041567629161598764,0.9988635347323975,odom_lidar,unilidar_lidar
1786135723.2161515,0.18516002818889438,0.11057963034554211,0.04015052585971693,0.014259441267087976,0.015957726559826642,-0.04692682268408808,0.9986690606054484,odom_lidar,unilidar_lidar
1786135723.3301342,0.20741257534037336,-0.025854416181325113,-0.03151387561874538,0.010406155594290242,0.015611659129841108,-0.055657998642562705,0.9982735973730176,odom_lidar,unilidar_lidar
1786135723.472345,0.20543255174505848,-0.030838518291892797,-0.022654356812440046,0.011285542855794901,0.014103904404760734,-0.06140592581615833,0.9979494118830131,odom_lidar,unilidar_lidar
1786135723.6192157,0.28465028699227585,0.029072290008927693,0.0294252075833681,0.009855102361877272,0.011393811682231783,-0.06652893964424576,0.9976707664368036,odom_lidar,unilidar_lidar
1786135723.7602968,0.36737844667005654,0.1461178078705433,0.07343264781637318,0.008655547894187795,0.006973551328159501,-0.07031079267964116,0.9974632040858878,odom_lidar,unilidar_lidar
1786135723.8882725,0.3870520913241969,0.2110451303679,0.06775066456051171,-0.0006881372358921461,0.004170601577367724,-0.04384160396717411,0.9990295522712094,odom_lidar,unilidar_lidar
1786135724.016902,0.3910967366543894,0.2968089162660359,0.06029676540721584,-0.008228241872287927,0.000579233687597713,-0.0184915633991301,0.9997949902890503,odom_lidar,unilidar_lidar
1786135724.144199,0.31958624147296394,0.2563922683193909,0.04793048145841197,-0.003321442991032658,-0.010549547912043565,-0.01741859201228586,0.9997871111929871,odom_lidar,unilidar_lidar
1786135724.2603495,0.2961688930227905,0.11847764852160078,0.03243197704728445,-0.003612580757146363,-0.017908255455369688,-0.01762447185433433,0.9996777588996738,odom_lidar,unilidar_lidar
1786135724.3912268,0.2783763153451615,0.17444554758824202,0.012781713519370883,-0.003020975927929094,-0.006724125121135686,-0.025111996422277558,0.9996574650756558,odom_lidar,unilidar_lidar
1786135724.5252156,0.2128574793588972,0.2061586725963022,0.034002057147443664,5.041944625343337e-05,0.00986619677143107,-0.037732888338172114,0.9992391529342743,odom_lidar,unilidar_lidar
1786135724.6614835,0.16407975470119796,0.2161912849611576,0.02085560773913399,0.00693650661143363,0.020129970903818906,-0.05218308783450058,0.9984105340447375,odom_lidar,unilidar_lidar
1786135724.7971694,0.24164795195550454,0.15626759886080333,0.011769388137723859,0.006048457560419308,0.011336274496917079,-0.06692595049809713,0.9976752087686637,odom_lidar,unilidar_lidar
1786135724.9215238,0.31638868043678636,0.022227873871451656,0.009223911707072752,0.008503121183280124,0.004727042130384066,-0.0814715766341444,0.9966281825252519,odom_lidar,unilidar_lidar
1786135725.041315,0.3350332905371813,0.036864820402624274,0.054143639314323824,0.005147260215037099,0.0013131340929925601,-0.0866363179427454,0.9962258427708327,odom_lidar,unilidar_lidar
1786135725.1618984,0.3766940160330404,0.08200012464619005,0.07171376954437696,0.004148294083461849,-0.0037508030095510818,-0.08568204976955056,0.996306835006299,odom_lidar,unilidar_lidar
1786135725.3003461,0.4185208412098662,0.023787175164163413,0.06314869916542808,-0.004786187412973829,-0.003613091470278085,-0.0833395505537666,0.996503164718292,odom_lidar,unilidar_lidar
1786135725.430594,0.4053301085453413,0.07844025705744884,0.02415367433049167,-0.00034645281903283425,0.002353545544044342,-0.06985334523339029,0.9975544350828788,odom_lidar,unilidar_lidar
1786135725.5580325,0.3420280992778927,0.0602263941624806,0.012746198364578713,0.003088909228494111,0.007814210157424905,-0.0557560662642331,0.9984090633773975,odom_lidar,unilidar_lidar
1786135725.6883278,0.2517588034687354,0.19883664054406994,0.04166796634096162,0.006851395998762807,0.010822305951173339,-0.03949734621264465,0.9991375759668565,odom_lidar,unilidar_lidar
1786135725.8202064,0.2192311488212426,0.2824151591757183,0.04439412496161116,0.0038518123588947004,0.011488265723618616,-0.024203707710342352,0.9996336147935841,odom_lidar,unilidar_lidar
1786135725.9453173,0.2598052595644976,0.23009464755231188,0.04654090950634351,0.00470427473591454,0.008839108294132803,-0.015480066393256912,0.9998300393107991,odom_lidar,unilidar_lidar
1786135726.0721755,0.3403652541407547,0.0837850131343164,0.04267848957771842,0.004423912009937868,-0.0017492873006966822,-0.007461525079453008,0.999960846553482,odom_lidar,unilidar_lidar
1786135726.2051911,0.20914739234983185,-0.07714523305651211,0.033244799010729645,-0.0017011032223318114,-0.006956511171470786,-0.008392146526214025,0.9999391406864875,odom_lidar,unilidar_lidar
1786135726.3315558,0.2717239243120988,0.021667398403687393,0.04415203031953177,-0.006275504470504774,-0.005901601004857493,-0.011249997962448417,0.9998996083082866,odom_lidar,unilidar_lidar
1786135726.464072,0.3463262222229815,0.14818374563687253,0.012913147508877232,-0.006960515258124271,-0.0071545176801672775,-0.015501434042888961,0.9998300203768237,odom_lidar,unilidar_lidar
1786135726.6001356,0.4146534671928399,0.226429981107936,0.023023087233004603,-0.0016818390404829962,-0.007686889681489558,-0.01676320095681695,0.9998285244171362,odom_lidar,unilidar_lidar
1786135726.747206,0.38611438217342675,0.26782220759052255,0.07467708873395404,0.0049914394667387,-0.00033361776613011207,-0.023190331527907303,0.9997185517708782,odom_lidar,unilidar_lidar
1786135726.863827,0.25699438586577383,0.19136299719257188,0.07897394846327872,0.01076783038143573,0.0037329290373528568,-0.02971908253554171,0.9994933192387653,odom_lidar,unilidar_lidar
1786135726.9891036,0.2241516108108018,0.06572783009312365,0.03006085556434719,0.006960498666140493,0.012794607225356646,-0.03836494264270446,0.9991576355412041,odom_lidar,unilidar_lidar
1786135727.1106296,0.30184901696917354,0.03257341470758985,-0.02381456251434104,0.0022164042481208133,0.015266943720023504,-0.040211860359795314,0.9990720766131255,odom_lidar,unilidar_lidar
1786135727.2400906,0.4167446704158161,0.048740827121467184,-0.01805503840953937,0.007056277750152398,0.011317235570575101,-0.04294684944106326,0.9989883368920979,odom_lidar,unilidar_lidar
1786135727.367307,0.44684945563282596,-0.007686253372805638,0.004846187756697344,0.013991903927227553,-0.0016732742418287525,-0.044353753675701116,0.9989164986687716,odom_lidar,unilidar_lidar
1786135727.5030096,0.2627416506552781,-0.007456615027666813,0.055849737155605164,0.01617209410914162,-0.005366426567824583,-0.04507987873149286,0.9988380596330776,odom_lidar,unilidar_lidar
1786135727.6483867,0.2268584573517089,-0.03219064093331765,0.0493920881768978,0.0003240190134608256,-0.0025174845853602303,-0.051149993726985525,0.9986877567211739,odom_lidar,unilidar_lidar
1786135727.772417,0.21382463572425292,0.09890489491643259,0.03211671806929316,-0.008962582872949702,0.00018283097060810909,-0.054039739678617325,0.9984985454253547,odom_lidar,unilidar_lidar
1786135727.8834825,0.24118040740378027,0.21442061507572985,0.03694029479754707,-0.003885187694247729,-0.0023398214811971916,-0.05524894780382596,0.998462309913893,odom_lidar,unilidar_lidar
1786135728.0033398,0.26487199140464246,0.22162181668080638,0.07184913810995336,0.0029860857345825847,-0.0037064409377821537,-0.05885085248658656,0.9982554396291375,odom_lidar,unilidar_lidar
1786135728.125646,0.2948916610768605,0.14496703610267722,0.07928147245670028,0.012401516480767096,-0.004647185286881203,-0.056206145835744806,0.9983313454100186,odom_lidar,unilidar_lidar
1786135728.2449894,0.32022469529524,0.0669687786812898,0.03335502654709348,0.010419269971861034,-0.004028184095233481,-0.05099911464031251,0.9986362214801007,odom_lidar,unilidar_lidar
1786135728.375358,0.31513107992712397,0.05110332204654204,-0.0113852127462779,0.002442469621086593,0.0015043860049305331,-0.04722896848657279,0.9988799706173873,odom_lidar,unilidar_lidar
1786135728.4974954,0.33604485691817654,0.08410588659956832,0.013557405209832417,-0.0030645282073581913,0.004574404301427235,-0.04570517537956295,0.9989397982039141,odom_lidar,unilidar_lidar
1786135728.6392632,0.29477025224269227,0.2607532668587812,0.06294951229342927,-0.0072874251683915465,0.005214692423139933,-0.04424921893809658,0.998980333660636,odom_lidar,unilidar_lidar
1786135728.775371,0.20237553905656366,0.23668701319302857,0.09036634882470719,-0.0031159524224237943,-1.0044656668618959e-05,-0.04632132671887027,0.9989217313837004,odom_lidar,unilidar_lidar
1786135728.8953152,0.11923311871061498,0.17808208397861988,0.0964161805208089,0.001965858450466412,-0.0030125684259164585,-0.047986722230606425,0.9988414960951486,odom_lidar,unilidar_lidar
1786135729.0202365,0.17693552708051574,0.05901906246493574,0.0520952689049435,0.0018425137530423547,-0.00865865995123425,-0.05568278310070322,0.9984092649896028,odom_lidar,unilidar_lidar
1786135729.1505027,0.2922847465946278,-0.054591392127977215,0.012662573047798152,-0.0002664746723891268,-0.002959344507029457,-0.06826615294488922,0.9976627203787074,odom_lidar,unilidar_lidar
1786135729.278336,0.36521880723247335,-0.026369597772015002,0.028877382998407915,-0.002437254964541392,-0.0016662693794012868,-0.07178347324937259,0.9974158692856504,odom_lidar,unilidar_lidar
1786135729.4143858,0.37978072255033307,0.012495538252340076,0.056618737307802716,-0.0008558666610493486,0.0010278060538767206,-0.07030833255686453,0.9975244104682589,odom_lidar,unilidar_lidar
1786135729.5592542,0.36699668962775245,0.14549284602761764,0.07720104246773726,0.0037248231625187987,-0.0018238942368396635,-0.06376950783616307,0.9979560355910246,odom_lidar,unilidar_lidar
1786135729.692188,0.3660872096248155,0.30187360558703125,0.06279153347173648,0.008320825292263866,-0.0037952411716817053,-0.0538763793916973,0.9985057314580353,odom_lidar,unilidar_lidar
1786135729.820237,0.3756252317844761,0.33239414411420887,0.07265717605105197,0.009113292071445067,0.0005493094428915794,-0.04733824065155711,0.998837192508755,odom_lidar,unilidar_lidar
1786135729.9432766,0.27783388393832037,0.27824955896971093,0.026853273313436628,0.005318988688463069,0.008631663868578601,-0.04602364360753952,0.9988888962078205,odom_lidar,unilidar_lidar
1786135730.0754025,0.25096127186391803,0.18428878917635025,0.029064532287307425,-0.002571183082035741,0.010922527383381219,-0.04475974028453214,0.9989347591623685,odom_lidar,unilidar_lidar
1786135730.1991584,0.24509506074629356,0.12367007770577142,0.057066846770741114,0.002103196258639202,0.009034463152848728,-0.042424610081404614,0.9990566087567202,odom_lidar,unilidar_lidar
1786135730.3365886,0.31550082212414604,0.05375694838015864,0.04848517297716667,0.009777385016031667,0.007582948650750704,-0.04117411725512583,0.9990753693792425,odom_lidar,unilidar_lidar
1786135730.4943829,0.34085371113422913,0.011283729493424668,0.015675746338171637,0.013539457895839716,0.004055527021918116,-0.044770561235432695,0.9988973083491244,odom_lidar,unilidar_lidar
1786135730.6311326,0.35554134690718703,0.07357188053376604,0.036452905391996415,0.011998007239128921,0.0019415573076847837,-0.04237994323911772,0.9990276365489397,odom_lidar,unilidar_lidar
1786135730.7558649,0.31331683093724816,0.20486044794764074,0.05663773759834941,0.0016717290299332673,0.0012108749786971494,-0.04236138577014217,0.9991002212488344,odom_lidar,unilidar_lidar
1786135730.883527,0.2429622798643361,0.23895681166721866,0.0685896148970373,-0.0051872789365774935,0.004685270397899602,-0.043980994904347405,0.9990079141156774,odom_lidar,unilidar_lidar
1786135731.0033607,0.2702440339446066,0.2723802730515762,0.04898885015158073,-0.007991136809697647,0.006018051376268196,-0.052347793538253314,0.9985788067557801,odom_lidar,unilidar_lidar
1786135731.1256719,0.3109098850904574,0.1348248038088411,0.04126231722938,0.0022950596046560877,0.005713849761591315,-0.055429812216609024,0.9984435990780574,odom_lidar,unilidar_lidar
1786135731.2444508,0.23248297207920388,-0.028999800080028632,0.013909128240254306,0.013517959637600507,0.006487932493392907,-0.059289869407334016,0.9981281896053525,odom_lidar,unilidar_lidar
1786135731.3865216,0.23001385547168568,-0.054006358941100674,-0.014382071512095654,0.017220476960342002,0.009541982464400934,-0.06042893337400445,0.9979783313054387,odom_lidar,unilidar_lidar
1786135731.5228384,0.2451349537280214,0.11864678083241567,0.023662428030022095,0.018320307161375973,0.012124932018933046,-0.05426817560272554,0.9982846875945763,odom_lidar,unilidar_lidar
1786135731.6646428,0.28407175404292606,0.29201059927601336,0.07899633989203686,0.01930200957957316,0.014126084757003738,-0.04573110168778382,0.9986673883200802,odom_lidar,unilidar_lidar
1786135731.7974734,0.2762669076844761,0.33137410045566085,0.044191419979571295,0.008549550924607838,0.012634463201566753,-0.046922730493857555,0.9987820247088934,odom_lidar,unilidar_lidar
1786135731.9208188,0.2658222483058549,0.24968548424099882,0.013506618792063687,0.0022908910805752368,0.0073866110333877825,-0.04327409816999687,0.9990333038608231,odom_lidar,unilidar_lidar
1786135732.0391035,0.33250576492324085,0.07914962538249379,0.03272070126309608,-0.003694094676132201,0.0014915579358338814,-0.03961209044084811,0.9992071913323853,odom_lidar,unilidar_lidar
1786135732.1614683,0.240983088519481,0.018592800139761764,0.06569714763329763,-0.005467559236538366,-0.006796020328811689,-0.03776909517705346,0.9992484252442893,odom_lidar,unilidar_lidar
1786135732.2953444,0.21056716964189245,0.04551166562189347,0.07929222922168734,0.0052751633569234554,-0.007210596768375181,-0.03168858208739518,0.9994578598976007,odom_lidar,unilidar_lidar
1786135732.4313066,0.2338633440048346,0.09910930059438412,0.014051125919423188,0.016400181751986608,-0.0012340669228801948,-0.02037963821534404,0.9996570319182192,odom_lidar,unilidar_lidar
1786135732.5783916,0.21097536266803346,0.0742261233226587,-0.010790414633035199,0.02011336908164014,0.009473176638031766,-0.01014517857191084,0.9997013487338678,odom_lidar,unilidar_lidar
1786135732.7057827,0.22083350984263656,0.10862086356717705,0.04338516941312521,0.007854798483025852,0.008925304321110196,-0.009222987519161386,0.9998867823832798,odom_lidar,unilidar_lidar
1786135732.8387566,0.171072762293272,0.2714537157810715,0.06617837005565769,0.00028882013788880293,0.008490726616557325,-0.01349071400427288,0.999872904313396,odom_lidar,unilidar_lidar
1786135732.9703193,0.20414373407974273,0.375024934278051,0.05459600259281413,0.001382572000312676,0.006044806514212406,-0.022411233808168424,0.9997296061476149,odom_lidar,unilidar_lidar
1786135733.0950336,0.2585300148179491,0.31489074568581066,0.019061185913851336,0.0025218310254966924,0.0050027826703687665,-0.037324289282371914,0.9992875011543964,odom_lidar,unilidar_lidar
1786135733.228137,0.3566916276830069,0.214408713376448,0.027060531464036447,0.0047395752182838626,0.004366680877478427,-0.05215290930222725,0.9986183167638065,odom_lidar,unilidar_lidar
1786135733.3613605,0.41380672681380304,0.1417452554910633,0.033338951313220774,0.0053875381455759,0.003797618313270301,-0.06640073434275656,0.9977712638709432,odom_lidar,unilidar_lidar
1786135733.5144827,0.4254849208944634,0.029371383810101043,0.06590572898412014,0.00261590353026418,0.0037108648528881493,-0.07164150648552203,0.9974201126302041,odom_lidar,unilidar_lidar
1786135733.6549468,0.3631652131901735,0.07297662280734572,0.03356328949569326,0.007516329336687316,0.0022107678648953695,-0.06137610940148158,0.9980839596414158,odom_lidar,unilidar_lidar
1786135733.7925217,0.23802319263158972,0.12827853001471293,0.030988110965272216,0.011137428313326238,-0.001507656042672506,-0.04788061140438871,0.9987898336063321,odom_lidar,unilidar_lidar
1786135733.91154,0.09727890009992556,0.21813617576381347,0.04139273430860781,0.008999827558751164,-0.0005100876403809279,-0.0387346810448479,0.9992088707566932,odom_lidar,unilidar_lidar
1786135734.0454834,0.14190954131147854,0.2480197332420877,0.048194574240113856,0.003087352615069805,0.0032254825125538843,-0.030336909774769095,0.9995297576469191,odom_lidar,unilidar_lidar
1786135734.167591,0.31673005918672414,0.21036372782769222,0.05123017686209542,-0.005607689320252238,0.002055986344083016,-0.024413927236435595,0.9996840935503247,odom_lidar,unilidar_lidar
1786135734.2923162,0.45873153764217806,0.17632965317205046,0.05577067771262573,-0.004934335944467604,-0.004520374804412786,-0.022197676439677447,0.9997312047250972,odom_lidar,unilidar_lidar
1786135734.4335074,0.5379098522371002,0.12834306488820946,0.03241598065800806,-0.0013979058312718732,-0.010056959587903177,-0.021362954300515276,0.9997202246662255,odom_lidar,unilidar_lidar
1786135734.5816634,0.4469565579522129,0.1317376862775141,0.04797529225388955,0.005501828623869102,-0.000789367876800196,-0.03310221070350362,0.999436516456493,odom_lidar,unilidar_lidar
1786135734.7240787,0.27862948345554567,0.1348452149775127,0.03924330165394321,0.01149511932666303,0.007268346047743139,-0.04637112653337457,0.9988316935307079,odom_lidar,unilidar_lidar
1786135734.8440142,0.1967618787869005,0.1439665190850292,0.023487372079214905,0.011796353196368176,0.013409024959521936,-0.061264480711204966,0.9979617765746782,odom_lidar,unilidar_lidar
1786135734.96025,0.1458035823479233,0.14984060154950862,0.016688036132395695,0.01325515862607498,0.018077892056765285,-0.07851790717043601,0.9966606387543137,odom_lidar,unilidar_lidar
1786135735.0816329,0.28275133815227205,0.08889096162022726,0.01834321434758911,0.0103053322137201,0.009508116159037952,-0.074921226200701,0.9970908713450618,odom_lidar,unilidar_lidar
1786135735.2035198,0.4345244218115582,0.0023886628638177185,0.07774888611266517,0.004079692443828133,-0.0005584145515147704,-0.07061136690047823,0.9974954030707103,odom_lidar,unilidar_lidar
1786135735.332327,0.4496479864796028,0.05749049096247648,0.05458573104857625,-0.0073450984690581,-0.009683529425573345,-0.06042687725623819,0.9980986280380328,odom_lidar,unilidar_lidar
1786135735.4674,0.4109862725501102,0.17969739313123534,0.03666092455908579,-0.0031400472634748,-0.0010521814301073867,-0.041874050032767986,0.9991174089921937,odom_lidar,unilidar_lidar
1786135735.6005268,0.28072572317528793,0.3280865322036339,0.06290208738135167,-0.0006751238233403926,0.00710187347181343,-0.028996984349279414,0.9995540418104771,odom_lidar,unilidar_lidar
1786135735.723076,0.2194749736707035,0.3414066748699765,0.05628725101150171,0.0033665370907431697,0.006670276904041476,-0.01948475398996673,0.9997822353872821,odom_lidar,unilidar_lidar
1786135735.8505201,0.19966079291775318,0.24307800248110414,0.02672343509704325,0.0053136388254236555,0.0060172365981376996,-0.019619408782738344,0.9997752932060138,odom_lidar,unilidar_lidar
1786135735.976228,0.2197538044352161,0.24480800265750674,0.014322876076471664,0.005946994574779632,0.0013720596684009103,-0.02288880007267928,0.9997193873977972,odom_lidar,unilidar_lidar
1786135736.0924034,0.2443036106010677,0.22837453755233622,0.031107516072118507,0.005016205783206348,-0.0011668132445633325,-0.027075572364725808,0.9996201226503574,odom_lidar,unilidar_lidar
1786135736.2172546,0.23404696159238633,0.1356649411198444,0.08164750807579806,0.007558062547090133,0.0011205245663193036,-0.029385630653176655,0.9995389461278363,odom_lidar,unilidar_lidar
1786135736.3624525,0.26997140639401884,0.06312761054057783,0.06845514672364812,0.007572889153965842,0.0036688215699479574,-0.03316204934179032,0.9994145634228083,odom_lidar,unilidar_lidar
1786135736.4959118,0.3484595215208169,0.02866992236995344,0.014735019412480628,0.001970379433578416,0.002784059024774516,-0.0356232418040638,0.9993594704927771,odom_lidar,unilidar_lidar
1786135736.6297977,0.2894954087302354,0.04390718469603874,0.018593580657615974,0.004179972428272606,0.002532881674315229,-0.04004825676764678,0.9991857932690975,odom_lidar,unilidar_lidar
1786135736.7543926,0.3030742187494966,0.10568966423545308,0.06260551941213298,0.006818349100652435,0.0006776804862638097,-0.043535251936670655,0.999028394342979,odom_lidar,unilidar_lidar
1786135736.8824253,0.3142135707361311,0.1878758001786644,0.04590800564141861,0.009705947904110638,0.0022749345150724727,-0.046703039022353975,0.9988590718386209,odom_lidar,unilidar_lidar
1786135737.0035985,0.31471917750962897,0.29972128825021055,-0.0007101047643944675,0.00974788361226692,0.004907605963680823,-0.049209123856852985,0.9987288702636107,odom_lidar,unilidar_lidar
1786135737.1181097,0.3587667186822288,0.34567874446633456,0.02579184789027359,0.01079305974562393,0.008564359895880728,-0.05275580692254939,0.9985123867217933,odom_lidar,unilidar_lidar
1786135737.2535882,0.33459979873512474,0.2860825523969931,0.016542827463418723,0.007285632341894093,0.00883555848543299,-0.05411016773218427,0.9984692995859333,odom_lidar,unilidar_lidar
1786135737.373241,0.33141464449638586,0.19913552476578353,0.029910664599732815,0.0034789017436840206,0.006931906910538806,-0.05581550266741417,0.9984109752858417,odom_lidar,unilidar_lidar
1786135737.5099258,0.30479435076608347,0.08665072914142358,0.03542509545159337,-0.0010964397812268391,0.0052044764999434456,-0.05706889741362393,0.998356074851133,odom_lidar,unilidar_lidar
1786135737.643083,0.3485124818631602,0.04550629389835023,0.006436021724483196,3.244734097447883e-05,-0.0003407770898339978,-0.05903161681424281,0.9982560548448688,odom_lidar,unilidar_lidar
1786135737.773371,0.33781670877862163,0.02924341105190154,0.014867162471952418,0.002525745241674091,-0.001218284177805978,-0.06601746409166115,0.9978145272692428,odom_lidar,unilidar_lidar
1786135737.901488,0.37966450658346845,0.06211864827374739,0.052817489769345236,0.00493700464104029,-0.0012125655848890693,-0.0723132434554302,0.9973690142022823,odom_lidar,unilidar_lidar
1786135738.0321414,0.3436484513297681,0.1296406048470002,0.06345591997178532,0.009289592798070572,-2.8195698858225905e-05,-0.0760382435575099,0.9970616270759483,odom_lidar,unilidar_lidar
1786135738.1653252,0.31278490594011205,0.16226246402249403,0.045271343190059356,0.008600386510453575,-0.001123353398607418,-0.07828438858817235,0.9968933372895963,odom_lidar,unilidar_lidar
1786135738.288114,0.4297338822901748,0.09081354022288057,0.031924416465929854,0.005669657092177912,-0.0012104054216323333,-0.08189117024385316,0.9966244157872437,odom_lidar,unilidar_lidar
1786135738.435492,0.4355546832508357,0.0912283491752203,0.04668079880210548,0.0013025579198417017,-0.0015950975959706844,-0.08006672840037161,0.9967873785365593,odom_lidar,unilidar_lidar
1786135738.5712597,0.29102222912889897,0.043015767151310814,0.07427288219652095,0.010271281627762101,0.004700436623253023,-0.0666566269284078,0.9977120329813615,odom_lidar,unilidar_lidar
1786135738.724229,0.27798537045165983,0.007809575575428922,0.02841601348693204,0.008979749665523588,0.012615110418699336,-0.04649007979322324,0.9987987262536373,odom_lidar,unilidar_lidar
1786135738.8520203,0.2255798794891701,0.05821274796196092,0.012192311989226188,0.011379850585172052,0.01834116887859069,-0.025855291229937166,0.9994326412721577,odom_lidar,unilidar_lidar
1786135738.9726856,0.2227237300200346,0.16949422766074757,0.03316979079772583,0.00975622239475921,0.009147641945920187,-0.006394601038492667,0.9998901168873368,odom_lidar,unilidar_lidar
1786135739.0955124,0.1503278122366833,0.32716361812772793,0.039755998343118104,0.005323072764971445,-0.0037700328873844892,0.004427166565096778,0.9999689254894734,odom_lidar,unilidar_lidar
1786135739.215369,0.288520974759424,0.4260220103372525,0.016667878150715784,-0.002552593003752729,-0.017070459973283107,0.0034603110839569956,0.9998450429503865,odom_lidar,unilidar_lidar
1786135739.3378532,0.37309543738029327,0.24936784929567407,0.01284161214786057,-0.007659203052143429,-0.01965809154905136,-0.019798277285189892,0.9995813745072454,odom_lidar,unilidar_lidar
1786135739.465888,0.44401407383328867,0.05399863110470395,0.05354312106380164,-0.0027406412304591997,-0.012156499619473604,-0.039999321566411776,0.9991219958928311,odom_lidar,unilidar_lidar
1786135739.6097238,0.4182394476713051,0.033758615203036635,0.07444263702526055,0.003224315665964139,0.0034206433440320022,-0.05860855604132343,0.9982699735774637,odom_lidar,unilidar_lidar
1786135739.7411563,0.3653338247121733,0.15749953501547279,0.03834479479558082,0.009843422491371913,0.012902021973512066,-0.06676929025457888,0.9976364602106076,odom_lidar,unilidar_lidar
1786135739.8612974,0.3248240874855426,0.19575772110240186,0.013664577519614526,0.011577693130811745,0.018458884368466794,-0.07121017299338991,0.9972233139432171,odom_lidar,unilidar_lidar
1786135739.9874985,0.32826422758068624,0.22588213238496896,0.0015043979719251074,0.01461973377166647,0.021139795275014066,-0.07638662446796987,0.9967469368112276,odom_lidar,unilidar_lidar
1786135740.1212025,0.2256039096480424,0.09895217696124309,0.0005017736102449002,0.017120988463726772,0.019638368175806067,-0.07925785225961832,0.9965136221370028,odom_lidar,unilidar_lidar
1786135740.2378788,0.3008199126551731,-0.012833736947978952,0.01303408022382369,0.01638210301287637,0.015745321283653097,-0.08583085914773611,0.9960505886633026,odom_lidar,unilidar_lidar
1786135740.382171,0.33180132993735023,0.01124673081257116,0.008606926430671923,0.01444414612358821,0.012102053671006507,-0.08895319484671652,0.9958575380375783,odom_lidar,unilidar_lidar
1786135740.5265863,0.3841052114557195,0.07921121526301264,0.02820650107756162,0.01081749839883466,0.014237404351915827,-0.09058179808323903,0.9957284850307933,odom_lidar,unilidar_lidar
1786135740.6651523,0.41392775301607687,0.12991305455007957,-0.016856792651152176,0.005567858240932482,0.013410499423401613,-0.08758141821447643,0.9960515311184281,odom_lidar,unilidar_lidar
1786135740.7824328,0.37828083485103475,0.1774838295367136,0.016754407491230118,-0.0012615671998205437,0.002899315491282383,-0.06307579892328831,0.9980037304579935,odom_lidar,unilidar_lidar
1786135740.906702,0.2843052592759048,0.15671366593934882,0.06049017650156453,-0.0016489192412340184,-0.010031517075836738,-0.03480184567423004,0.9993425244970616,odom_lidar,unilidar_lidar
1786135741.0350273,0.20069694658585188,0.1681381712428538,0.07891730456043994,-0.0007750585062108481,-0.021578745097868866,-0.006857795433475022,0.9997433309035404,odom_lidar,unilidar_lidar
1786135741.1652727,0.09834684667487577,0.2400102972125177,0.04694144944890937,0.00042261232721128194,-0.004941771114371427,0.021460073287917672,0.9997574033492082,odom_lidar,unilidar_lidar
1786135741.3021817,0.08215842908259664,0.1314706497955591,0.021579596444106546,0.007389170145620455,0.00842592411191577,0.026179897642688525,0.9995944262183727,odom_lidar,unilidar_lidar
1786135741.4401677,0.15403765426407662,0.15480374857245446,0.06240908863820881,0.010663641431374413,0.01678267782079451,-0.012012068219210754,0.9997301329327247,odom_lidar,unilidar_lidar
1786135741.583128,0.2612224533112161,0.15637431942242028,0.07878448368074817,0.009685638860538536,0.01803811511508928,-0.04839244371576816,0.9986185388796737,odom_lidar,unilidar_lidar
1786135741.7183585,0.38510548080908513,0.18769166559527548,0.03157649665036409,0.002894522598306842,0.009821451062104218,-0.0824678815365767,0.9965411227605371,odom_lidar,unilidar_lidar
1786135741.8324785,0.45690271708662006,0.10566094642764477,0.009903398538898961,-0.0005045198265508833,-0.004050968383697963,-0.10763614131512367,0.9941819733819809,odom_lidar,unilidar_lidar
1786135741.9654448,0.3802078489677478,0.01460246775578792,0.04601663090244919,-0.0025513822821883092,-0.004580188506141558,-0.09904675530381124,0.9950689687581887,odom_lidar,unilidar_lidar
1786135742.0936286,0.27889682267330895,-0.004373092454019192,0.06236108440319722,-0.001612362379904174,0.0003922271522096729,-0.07518890354742534,0.9971679272964774,odom_lidar,unilidar_lidar
1786135742.2236898,0.24477408774392312,0.006103859258002633,0.08430616581536,0.0017329653525520656,0.005923780494096102,-0.05124487736413623,0.9986670457162784,odom_lidar,unilidar_lidar
1786135742.3490736,0.26869533220198866,0.03501374792490784,0.047582830481400176,0.007794209553691283,0.004157837206097226,-0.023269624037835585,0.9996901956528026,odom_lidar,unilidar_lidar
1786135742.4796247,0.2885405916702486,0.2761767253220645,0.020229239206794147,0.015424266237456997,0.003440098607611603,-0.005406030792928073,0.999860506552625,odom_lidar,unilidar_lidar
1786135742.626409,0.17650902569109508,0.4351849087281102,0.023178750706448557,0.012089518790500381,0.0029123074753616657,0.00218376884083694,0.9999202934005454,odom_lidar,unilidar_lidar
1786135742.7514925,0.07852667485366274,0.3848585710332899,0.029462761355867104,0.005345181338729175,0.005839147976421333,-0.005295453242746428,0.9999546447526105,odom_lidar,unilidar_lidar
1786135742.8639073,0.10965534477839306,0.3496827386323241,0.042934982578365644,0.001851509689420782,0.0009070322271907032,-0.0171563660947465,0.9998506930071269,odom_lidar,unilidar_lidar
1786135742.9934106,0.20504834114926102,0.19769438875083872,0.06382003554840426,0.0017311038538576835,-0.00732399412335681,-0.029059565130054046,0.9995493504894996,odom_lidar,unilidar_lidar
1786135743.1292193,0.3258907686545107,0.09512562861228094,0.06237468049470768,0.0027971808878872254,-0.013625189996002523,-0.038803094460857994,0.9991500637226197,odom_lidar,unilidar_lidar
1786135743.2681117,0.3725249294282974,0.014708470863315556,0.061172113060510895,-0.001702982652432114,-0.006094512184935666,-0.054134400639544694,0.9985136070373355,odom_lidar,unilidar_lidar
1786135743.4156396,0.46444708564956544,0.01658313220804998,0.039926171055261916,-0.006797478481220165,0.0016358194918333839,-0.07071487687307822,0.997472067062388,odom_lidar,unilidar_lidar
1786135743.5491745,0.3959401118262741,0.01983588884052734,0.04482594785021654,-0.007206014423049167,0.001233764731401563,-0.07903154541260858,0.9968453069611237,odom_lidar,unilidar_lidar
1786135743.6764796,0.31740059222538947,0.0035390193156335167,0.021945140392370298,-0.0018934201396678192,-0.005521327194749263,-0.09159933340132971,0.9957788369043676,odom_lidar,unilidar_lidar
1786135743.7969673,0.34813295396054456,0.04792079447302347,0.030687521442054097,0.004502002024212303,-0.009870802861507608,-0.09183640052810707,0.9957150067999802,odom_lidar,unilidar_lidar
1786135743.9237432,0.40810548122620444,0.1132785084896672,0.01779393473361196,0.0006945878622634361,-0.008354769457310122,-0.07996227304464958,0.9967626348657688,odom_lidar,unilidar_lidar
1786135744.0497043,0.45481427824991794,0.15039293601365727,0.008224473922616736,-0.0024050342529272606,-0.007196787584789682,-0.06730301726926535,0.9977037265266451,odom_lidar,unilidar_lidar
1786135744.1796458,0.47325177684983977,0.13943680749017387,0.04630890753662684,-0.0010761135332565935,-0.0053990963597063055,-0.05769239343723668,0.9983192272402878,odom_lidar,unilidar_lidar
1786135744.3232985,0.40847394857110164,0.07321776271997478,0.05527245258746971,-0.00042138939285802686,-0.002904658170063193,-0.04756449104302915,0.9988638568812631,odom_lidar,unilidar_lidar
1786135744.4603117,0.2644111615372079,0.062021680768647024,0.037960855660616355,0.0023747844947859913,0.002326120292071098,-0.03821920961213785,0.9992638498312715,odom_lidar,unilidar_lidar
1786135744.5994325,0.20428821777535158,0.14632045507864025,0.06290910023443029,0.005217231427057174,0.0004389843284466906,-0.02881273404410966,0.9995711151018217,odom_lidar,unilidar_lidar
1786135744.7294033,0.26819066157991767,0.26566840249365264,0.03710849422411841,0.0054441481284889645,0.0006988862229401478,-0.023406448882882156,0.9997109637089591,odom_lidar,unilidar_lidar
1786135744.8566384,0.2902225552869502,0.30140875252859,0.01986284521612438,0.004793880894226817,0.004384815175850671,-0.020322147876543243,0.9997723752972622,odom_lidar,unilidar_lidar
1786135744.9743187,0.26556160852980165,0.24906059234711778,0.030980984875343644,0.006431434334855966,0.0094486411187692,-0.01981309561460282,0.9997383663116924,odom_lidar,unilidar_lidar
1786135745.1022449,0.2513131029706489,0.22312424681835674,0.040254284148170956,0.010911672974998727,0.010513969374554667,-0.02048539038402181,0.9996753176015161,odom_lidar,unilidar_lidar
1786135745.2269928,0.32222197423165877,0.1643634461500115,0.06005377532420392,0.014038137573350222,0.00951979785375386,-0.024757072719960624,0.9995495943136758,odom_lidar,unilidar_lidar
1786135745.3765152,0.3510572433459803,0.1425564358857454,0.045225149056906805,0.012160852318034501,0.0074038441401514474,-0.02887834957374892,0.9994815344411039,odom_lidar,unilidar_lidar
1786135745.5100393,0.38632680070657643,0.12889952392321052,0.0042652632044540735,0.008362666581443409,0.0025206709168941297,-0.03390040786408057,0.999387049331952,odom_lidar,unilidar_lidar
1786135745.6545548,0.3311038801262622,0.11284508207844188,-0.008007045722791251,0.001057217391492287,-0.0032004497727539057,-0.038863530701714805,0.9992388430170418,odom_lidar,unilidar_lidar
1786135745.7793806,0.2784523422988928,0.10137923122171243,0.055379398116911956,-0.005885371993287056,-0.01178663152912632,-0.04692965148135916,0.9988113162782726,odom_lidar,unilidar_lidar
1786135745.8984847,0.2745107585824043,0.24074244085415664,0.07861182032568728,-0.007921633893054097,-0.01707694842998028,-0.049600443286841836,0.9985917191598042,odom_lidar,unilidar_lidar
1786135746.0181987,0.33092755320942935,0.2630569229744591,0.03933865874086338,-0.006881950522270638,-0.012911565843075734,-0.045835201906550736,0.9988418616030641,odom_lidar,unilidar_lidar
1786135746.1496885,0.3607878303523632,0.2783121315392495,0.027589367589498197,-0.000686936795746496,-0.007097827190661994,-0.036751991949247866,0.9992989743088765,odom_lidar,unilidar_lidar
1786135746.2829604,0.3471039133549919,0.2655377475554446,0.011397700891871568,0.003125450815381227,0.0034286378758048154,-0.028582257663582654,0.9995806773574456,odom_lidar,unilidar_lidar
1786135746.4195023,0.2883815927334824,0.2467491590456994,0.013252441297222639,0.009588870540432311,0.01406723510438272,-0.019516594700015353,0.9996645782409178,odom_lidar,unilidar_lidar
1786135746.544087,0.15189515364281292,0.11412573131305152,0.05901967693488071,0.012856710618950638,0.01807157959780586,-0.023132332097282604,0.9994863772031322,odom_lidar,unilidar_lidar
1786135746.668472,0.14513878172595318,0.031742706252011324,0.015942835976903894,0.009439737690585119,0.021515476220310362,-0.029167336612201496,0.9992983749162693,odom_lidar,unilidar_lidar
1786135746.7864454,0.24153297462799478,0.025627734984099232,-0.002397228266996801,0.007777506879914372,0.013974161418945244,-0.03534794712513902,0.9992470944833458,odom_lidar,unilidar_lidar
1786135746.9124582,0.4126348801998945,0.043413369897736254,0.026096466169735464,0.009155210865313755,0.0034649436462342253,-0.04523823156735532,0.9989282650341809,odom_lidar,unilidar_lidar
1786135747.0409427,0.4352609835673631,0.10525997174643079,0.05689362342231495,-0.0016763093000888984,-0.00518140044995463,-0.05051077385123639,0.9987086686323781,odom_lidar,unilidar_lidar
1786135747.1662264,0.43958616460130306,0.18635110967097093,0.05373996674423286,-0.010306606789237678,-0.014127588667916835,-0.0553858204274255,0.9983118731090516,odom_lidar,unilidar_lidar
1786135747.3129282,0.4208686217063312,0.22866094089813763,0.04410502275619083,-0.0029400438352827495,-0.012210394085424377,-0.06138991349044378,0.9980348395422682,odom_lidar,unilidar_lidar
1786135747.4602523,0.37468383362899405,0.24692427191730157,0.037800487139141276,0.0030056019298988564,-0.0050885358447612114,-0.06292155992304152,0.9980009771823105,odom_lidar,unilidar_lidar
1786135747.588405,0.25857138175739836,0.21735059385745042,0.03472382831593134,0.006346874205345483,0.0020570621301926584,-0.06422237729805441,0.997913308828678,odom_lidar,unilidar_lidar
1786135747.7216246,0.23578069495651327,0.1582897518421244,0.044308667756919655,0.009908938604757086,0.012676109003541887,-0.06101361964405976,0.9980072481771801,odom_lidar,unilidar_lidar
1786135747.8384793,0.2853080156018737,0.1363846076216901,0.004878696003730039,0.013231828662283032,0.02464869980545186,-0.05830419384372612,0.9979067999008655,odom_lidar,unilidar_lidar
1786135747.961449,0.32963206900674735,0.14616532109509173,-0.046947155711054386,0.013351734439755398,0.02757318006659287,-0.058880240997909984,0.9977948527370212,odom_lidar,unilidar_lidar
1786135748.096088,0.30673563920866886,0.11204491508718575,-0.023866955517507712,0.009663704560810855,0.012346448602569565,-0.05278598833327864,0.9984827577162985,odom_lidar,unilidar_lidar
1786135748.2389722,0.28085474660784776,0.08866467076254857,0.010002582616616391,0.005597635248476278,-0.003239289577019169,-0.046048780985021145,0.9989182565417727,odom_lidar,unilidar_lidar
1786135748.3664913,0.200518494011765,0.11261601852119911,0.036012009555701524,0.0038269754630110074,-0.006711762021653588,-0.03894183888956009,0.999211609066503,odom_lidar,unilidar_lidar
1786135748.4995432,0.27347728516707803,0.09369668693493904,0.08098344200703637,-0.0037261502954301804,-0.006162799636220946,-0.034319545161164235,0.9993849631270978,odom_lidar,unilidar_lidar
1786135748.6275768,0.3679113650927639,0.1060133989820595,0.05796861682606774,-0.010402054436819944,-0.0020520615597878302,-0.032648343504740863,0.999410662327176,odom_lidar,unilidar_lidar
1786135748.7581925,0.4601606132759773,0.1326721397995542,0.022836528204252558,-0.010306199809333913,-0.003248354399828975,-0.03279670717655087,0.9994036253874401,odom_lidar,unilidar_lidar
1786135748.885734,0.5289888437441059,0.21737329595388324,0.03517614626547047,-0.0022961532390144185,-0.005741525061343735,-0.03454959516490742,0.9993838542042862,odom_lidar,unilidar_lidar
1786135748.9967024,0.5047485609950042,0.2623970393661174,0.043925997085945176,-0.0009837311327072873,-0.002521906707524403,-0.02998739668370863,0.9995466113692503,odom_lidar,unilidar_lidar
1786135749.1228426,0.38965832139031864,0.2442529593247661,0.0977285509918048,0.0017449994846946556,5.6055722601797495e-05,-0.024256065644226624,0.9997042538241084,odom_lidar,unilidar_lidar
1786135749.250497,0.3089162717546876,0.23426339793895354,0.07808996412500745,0.0039006470575947065,0.0014929070693611365,-0.020059218139410768,0.9997900699390098,odom_lidar,unilidar_lidar
1786135749.3941436,0.27137338550734125,0.21908689055270988,0.006496423883903486,0.009194241425955674,0.0035510155234296497,-0.01866977804855226,0.999777122963399,odom_lidar,unilidar_lidar
1786135749.5358067,0.2260748558082418,0.19718216326418977,-0.00978025642534082,0.011139225835917387,0.0042567700535445655,-0.016823708959814544,0.9997873575782619,odom_lidar,unilidar_lidar
1786135749.6588538,0.18984021036460924,0.08958285551240591,0.05377766793377247,0.007626835407788388,0.00402803592064046,-0.013283518569640655,0.999874569354924,odom_lidar,unilidar_lidar
1786135749.7834425,0.19718311856422466,0.011677845115580232,0.09667644675623774,0.0028818553724961095,0.006151242097330524,-0.012695219714565319,0.9998963388905228,odom_lidar,unilidar_lidar
1786135749.9053898,0.1629812525432835,-0.022627387541144302,0.0720258416617771,-0.0005429035811239249,0.00874248979105066,-0.013039493325590174,0.9998766152589863,odom_lidar,unilidar_lidar
1786135750.0166097,0.22238054751637898,0.05803474498035192,0.02528322224069911,0.006698598800527048,0.007255578774385457,-0.025703629025960465,0.9996208325188377,odom_lidar,unilidar_lidar
1786135750.141542,0.2974886398691694,0.12019524674830652,-0.012565188173320582,0.010769961839338775,0.007890311149162787,-0.04002274622593232,0.9991095689144827,odom_lidar,unilidar_lidar
1786135750.2691565,0.3522300493689153,0.08467538735577068,0.011076844989648525,0.008749754371205877,0.007096408169938983,-0.05684331533868563,0.9983195481862688,odom_lidar,unilidar_lidar
1786135750.405605,0.3824611543693043,0.059284177035930904,0.051504202158186324,0.002760197488279794,0.009214563099534178,-0.0707316811465971,0.9974489974023165,odom_lidar,unilidar_lidar
1786135750.536453,0.383745522820229,0.1673399508257944,0.054851237686983786,-0.00022609715979056687,0.014806875733643763,-0.07541617116804995,0.997042178865786,odom_lidar,unilidar_lidar
1786135750.6557908,0.319768082294008,0.20391184312767605,0.03159281083775334,0.006174715026100013,0.015135113014981686,-0.07540468613169954,0.9970190241704269,odom_lidar,unilidar_lidar
1786135750.7842205,0.284099094557915,0.19154801485654183,0.010097275016769042,0.014721551685651032,0.01641312401442161,-0.07076141509341183,0.9972495712759328,odom_lidar,unilidar_lidar
1786135750.9105492,0.19940125334693634,0.10464166197029505,0.02069130317602568,0.021020151175819644,0.019563694333918247,-0.06868349255021963,0.9972251465740617,odom_lidar,unilidar_lidar
1786135751.0337534,0.1410734192701929,0.06391410273480791,0.01806962886174813,0.011836319195017814,0.013963375655800305,-0.05684988868911321,0.9982149146572817,odom_lidar,unilidar_lidar
1786135751.1568902,0.1723203441604821,0.15618393099587682,0.01954611445859631,0.001253827847782172,0.007332563651716845,-0.04293161752956339,0.9990503178730875,odom_lidar,unilidar_lidar
1786135751.28501,0.22597627436463513,0.2359203461810886,-0.0015728304803807706,-0.010160874106026101,0.0023104010042646235,-0.028025575176836157,0.9995528929579507,odom_lidar,unilidar_lidar
1786135751.4442387,0.3495485309330352,0.20768062817788313,0.03897660029027769,-0.010900671978205809,-0.008146464981865338,-0.02018647783658215,0.9997036143634153,odom_lidar,unilidar_lidar
1786135751.5746765,0.4597671504763031,0.1513148129138012,0.07543842100979027,-0.00435651776316702,-0.015017636457684228,-0.010720439385370479,0.9998202656115691,odom_lidar,unilidar_lidar
1786135751.7059126,0.4437527638889036,0.1706743547141462,0.06267125618682473,-0.0003819625617891751,-0.014235310924926341,-0.010712558577765754,0.9998412129514317,odom_lidar,unilidar_lidar
1786135751.835834,0.3420651092256757,0.16071007708295137,0.016912679093642462,-0.0002647974706124237,-0.009738320612308064,-0.015030501533368414,0.9998395766409764,odom_lidar,unilidar_lidar
1786135751.9635727,0.2819871726067241,0.1701585039596275,0.003219374197508347,0.0012764676155971216,-0.0038141316180965845,-0.01894195959671074,0.9998124950194726,odom_lidar,unilidar_lidar
1786135752.088284,0.17694860556955005,0.1952425733006059,0.010934939798843059,0.001440385432852989,0.0029841147154210422,-0.024945649448416544,0.9996833173174228,odom_lidar,unilidar_lidar
1786135752.2107778,0.1935769123106318,0.20457574142385052,0.016941100233874223,0.0038428360766054274,0.00607250738763158,-0.033963284152534745,0.999397244640233,odom_lidar,unilidar_lidar
1786135752.3442948,0.2108220349636843,0.20751700923162242,0.04758491534299971,0.0061343542058817585,0.007443515600149765,-0.04439331751817799,0.9989675656064702,odom_lidar,unilidar_lidar
1786135752.4726129,0.28278662984261893,0.1984003395593779,0.05469760287890045,0.006132567747611958,0.006050339638049292,-0.05585846793200051,0.9984015307296834,odom_lidar,unilidar_lidar
1786135752.611646,0.30037779692155436,0.20159781909143504,0.05825457856964857,0.0006233433868340679,0.006069963378765992,-0.06606525150797715,0.99779664738402,odom_lidar,unilidar_lidar
1786135752.74447,0.31991460149330814,0.18437272270723615,0.0034511835946019753,-0.0025234974101105926,-0.0009445582469591836,-0.07488259401767287,0.997188716785205,odom_lidar,unilidar_lidar
1786135752.8716013,0.3603980135388201,0.05552176666370959,-0.0048021620683232555,-0.007256310890754477,-0.006843321806407524,-0.08769221454433725,0.9960976811574359,odom_lidar,unilidar_lidar
1786135752.9942544,0.3053247307119662,-0.16605931283043324,0.036896626727881014,-0.007122970309055989,-0.0031476793465445812,-0.0886824581024715,0.9960295061059241,odom_lidar,unilidar_lidar
1786135753.1111352,0.22340000238008173,-0.1169596683653919,0.0408293215542926,-0.0046200897124668875,0.002008654678868603,-0.0881692737834886,0.9960927663816871,odom_lidar,unilidar_lidar
1786135753.2445962,0.2465771628473955,0.033889564639366834,0.038540569569127985,-0.0017000777475512405,0.0008669621531413849,-0.08655912639451539,0.9962448874398783,odom_lidar,unilidar_lidar
1786135753.3837998,0.3103775777954974,0.12058923053863874,0.02040033702978517,0.008273720810732648,0.0038178968882229295,-0.076161868448088,0.997053829540709,odom_lidar,unilidar_lidar
1786135753.5338233,0.31791933379626824,0.1555273520145043,0.0227189946935845,0.01923513660436263,0.0069210880988373235,-0.06498791849748606,0.9976766402540975,odom_lidar,unilidar_lidar
1786135753.663623,0.2591268733921336,0.201015167506376,0.018991975590001365,0.020607775373001777,0.01478038102826038,-0.050337745637368946,0.9984102219503679,odom_lidar,unilidar_lidar
1786135753.7887402,0.18779422319092506,0.2347468699998531,0.02277075125341243,0.014046705911339614,0.0203829859785744,-0.03222342011303299,0.999174096507639,odom_lidar,unilidar_lidar
1786135753.9055462,0.11654546179323859,0.28442084758492686,0.004215355964086027,0.006737246241525421,0.0245043688390281,-0.013815498150019201,0.9995815511661612,odom_lidar,unilidar_lidar
1786135754.0363479,0.1739897734961963,0.3201144992437637,-0.053075139491695136,0.003975240349847129,0.022192201286708187,0.005790734992775763,0.9997290488199563,odom_lidar,unilidar_lidar
1786135754.18116,0.28799508510826366,0.2133198363123429,0.006246865063717397,0.011904904291786027,0.005001920664062155,0.005600838427255454,0.9999009374194954,odom_lidar,unilidar_lidar
1786135754.3236845,0.32224241909199264,-0.005208845325135353,0.07026626932421273,0.00955010525585818,-0.00936649857392542,-0.012538342500491241,0.9998319129540761,odom_lidar,unilidar_lidar
1786135754.4664168,0.23769202400905426,0.019219538293373972,0.08900318678545915,0.0011599991634061407,-0.013965198558587568,-0.026126548434137146,0.9995604189332823,odom_lidar,unilidar_lidar
1786135754.5915284,0.16516845878952027,-0.003309568290368492,0.043843061155196233,-0.00989936561555578,-0.009482375517061065,-0.03746851286395477,0.9992037818476903,odom_lidar,unilidar_lidar
1786135754.7196283,0.16784697760573983,0.07202148435126947,0.008114065289436376,-0.0040087064374216734,-0.010178717561551196,-0.053018225086258655,0.9985336207610657,odom_lidar,unilidar_lidar
1786135754.8505678,0.16987335023259156,0.11965703511289902,0.00015015963459120638,-6.094402989726067e-05,-0.009232283564381955,-0.07096950313916747,0.997435757755953,odom_lidar,unilidar_lidar
1786135754.9751513,0.20964883264773962,0.1321059086961216,0.013709157945093763,0.0012028559925114457,-0.0055743202020474905,-0.08726712804596162,0.9961686245080981,odom_lidar,unilidar_lidar
1786135755.107721,0.34281514610505837,0.12860849381171274,0.05010609884969665,0.0010177977894563746,-0.0017703177404637016,-0.09393894949058562,0.995575865432345,odom_lidar,unilidar_lidar
1786135755.2332153,0.48291322843852735,0.0921157293747791,0.0381074791209964,0.00644647387378528,-0.0008428388006076504,-0.08165834377722674,0.9966391761760678,odom_lidar,unilidar_lidar
1786135755.3644683,0.5167989772622733,0.17452438091128333,0.01582707280863455,0.008913491093339389,0.002158544501186023,-0.06776334207085104,0.9976592704092687,odom_lidar,unilidar_lidar
1786135755.5113723,0.397214205012139,0.22741616801041703,0.03028232637278449,0.006586946142523282,0.008171428658688569,-0.05392311089969149,0.9984899288450991,odom_lidar,unilidar_lidar
1786135755.653393,0.23802492076553539,0.21938541189745192,0.04879197160279852,0.006971569054237225,0.013424899860281716,-0.037940866481152774,0.9991654817593144,odom_lidar,unilidar_lidar
1786135755.773066,0.09054954846293554,0.12736282800297652,0.04791448821075377,0.003198839164352995,0.014490098348823501,-0.02410695508219236,0.9995992492966905,odom_lidar,unilidar_lidar
1786135755.8897102,0.04929200390940222,0.09128146926539002,0.04796928815927065,0.0011852342858355584,0.008125825166986188,-0.008593396613199829,0.9999293573646549,odom_lidar,unilidar_lidar
1786135756.0171711,0.1377740366489561,0.09486757874405297,0.031700077165469465,0.003958582024258443,-0.004728239699794288,0.000998520702380484,0.9999804879766933,odom_lidar,unilidar_lidar
1786135756.1522925,0.24279212098905237,0.10980638772364813,0.037179912885978106,0.002049466005146105,-0.009042341688786036,0.006200229634602591,0.9999377945144163,odom_lidar,unilidar_lidar
1786135756.2806113,0.14716027620512856,0.14440879384815497,0.032999910776620726,-0.001315831084874653,-0.0003645932137746042,-0.0007740129243046351,0.9999987682814102,odom_lidar,unilidar_lidar
1786135756.4182062,0.09289964283735538,0.1719977116362647,0.012288079968790194,-0.004247392160110994,0.007557648097976265,-0.01270530789342769,0.9998817013859183,odom_lidar,unilidar_lidar
1786135756.5461838,0.22357387244858373,0.29759729473990437,0.02411811821224315,0.005176408587136999,0.013053685197642105,-0.028817402720486402,0.9994860496261794,odom_lidar,unilidar_lidar
1786135756.6697571,0.4036375147342226,0.35970020908388833,0.014800514264215681,0.014746089421798638,0.011863438956885899,-0.0492088712275191,0.998609182140538,odom_lidar,unilidar_lidar
1786135756.7837095,0.5083795865995512,0.3784960351453719,-0.014423338343107567,0.018135007313359357,0.009869956181474201,-0.0663812958320887,0.9975806879838708,odom_lidar,unilidar_lidar
1786135756.9166427,0.40574846825558,0.1646873695061799,-0.0115704201605182,0.010313635933756464,0.010551694606667147,-0.08284615919031195,0.996453112074104,odom_lidar,unilidar_lidar
1786135757.0588262,0.19075619497744806,-0.05153791487553848,0.03453622321490339,-0.0030099476517591903,0.008215632637956594,-0.09342816366746033,0.9955875761725927,odom_lidar,unilidar_lidar
1786135757.1927786,0.20898848007140186,-0.03322463100920017,0.07325139670198445,-0.00029313351497324325,0.0068866355365825565,-0.0761746453053046,0.9970706653674751,odom_lidar,unilidar_lidar
1786135757.32562,0.263243395554274,0.08631130422405961,0.02914716517677622,0.011917551819265836,0.005821233694469441,-0.050851424632161295,0.9986181541559261,odom_lidar,unilidar_lidar
1786135757.4665797,0.321901035839416,0.13289900217805511,-0.04098753734409041,0.019054938376233878,0.008413646739456604,-0.02854210942436932,0.9993755389550162,odom_lidar,unilidar_lidar
1786135757.6069226,0.2978422118857317,0.22964764513209335,-0.025163343865494014,0.017170862045850038,0.01425080338031334,-0.007525712400580839,0.9997226814234444,odom_lidar,unilidar_lidar
1786135757.7391694,0.26626272631129116,0.31635946301571455,0.009689334459450734,0.01091824677008807,0.01811517159951239,0.011299951581197315,0.999712430421694,odom_lidar,unilidar_lidar
1786135757.87487,0.22512867728312974,0.333090462483354,0.03419586914508359,0.0053338704937839695,0.016775916031653883,0.020739748646155052,0.9996299221676734,odom_lidar,unilidar_lidar
1786135757.9924636,0.18383521063101485,0.26892459905034005,0.061180922906406844,0.002422662362632672,0.005279530221550945,0.017533565788299368,0.9998294011172425,odom_lidar,unilidar_lidar
1786135758.1198456,0.16424574093162495,-0.05339252174808473,0.030519651511674545,0.00876743160650199,-0.000702552454119495,-0.0039334090053209595,0.9999535823510367,odom_lidar,unilidar_lidar
1786135758.2565448,0.06085346959052587,-0.2702304319472615,0.013522533836262236,0.016431865447210245,-0.00839088221858335,-0.02798044172801583,0.9994381830679794,odom_lidar,unilidar_lidar
1786135758.4146702,0.10420372981707286,-0.10232865968305632,0.02434454840563873,0.01158627482785358,-0.006046399401531347,-0.05732436102757174,0.9982700621187992,odom_lidar,unilidar_lidar
1786135758.5476897,0.21980688844675947,0.08038863580594754,0.0511973339364086,-0.00011589843437754349,-0.0011036494155950848,-0.08329043445509102,0.9965246971619933,odom_lidar,unilidar_lidar
1786135758.668315,0.4267426526030037,0.27899672497854117,0.05953990586611701,-0.007307136765827772,0.0023747916689300375,-0.1059631690999731,0.9943403707539512,odom_lidar,unilidar_lidar
1786135758.7924721,0.44372979033556703,0.17109057760297341,0.030339037985977466,0.005724152591492701,0.004613933112626973,-0.0794781917849512,0.9968094916928391,odom_lidar,unilidar_lidar
1786135758.9244153,0.4681843736395701,0.06296724713272012,0.020929101963181367,0.017479955594674933,0.006748775420130757,-0.053350395079643585,0.9984000403283159,odom_lidar,unilidar_lidar
1786135759.0484462,0.43003840225684864,0.14283094096631022,0.044731339127246486,0.009274514741745702,-0.0014543602817997847,-0.02441931862011121,0.9996577239688619,odom_lidar,unilidar_lidar
1786135759.172638,0.3275368268728389,0.24442136241118742,0.06067427273405734,0.0011978819766675784,-0.006832547841075719,-0.004483731514549011,0.9999658881784292,odom_lidar,unilidar_lidar
1786135759.3028436,0.2760795573782039,0.22303728261349431,0.055492072779950045,-0.008206395295742165,-0.006695416624606044,0.0023297398064033754,0.9999411976635965,odom_lidar,unilidar_lidar
1786135759.447745,0.1840227741632174,0.19823680654505874,0.04845068457840172,0.0005875148054468683,0.0003700572365130005,-0.019182797140516388,0.999815752115289,odom_lidar,unilidar_lidar
1786135759.578585,0.1792268778666099,0.20923835135115637,0.023065002199692573,0.00735643011777799,0.008960720444069146,-0.04341866483987566,0.9989896936247982,odom_lidar,unilidar_lidar
1786135759.7011418,0.22544526488903624,0.1970018060821718,0.036509414510702894,0.012609834696440015,0.016014126751382512,-0.06530584393597737,0.9976570986872839,odom_lidar,unilidar_lidar
1786135759.8316424,0.23261498220182864,0.1389000699619101,0.012078936441740837,0.01712280605909791,0.0182795316695466,-0.07184243728185583,0.9971014654687893,odom_lidar,unilidar_lidar
1786135759.9530206,0.2911774180003059,0.09099410720390774,0.01927483902183193,0.01677303820897509,0.01901317470577911,-0.07261455990371678,0.9970377575933809,odom_lidar,unilidar_lidar
1786135760.0739994,0.21756254113772025,0.05990873995958463,0.025749036919370857,0.013138600452824521,0.017001348984955904,-0.06526310201876344,0.9976367369066366,odom_lidar,unilidar_lidar
1786135760.2020645,0.2773897442811689,0.03382581410741259,0.014082701851055087,0.0044659843439634255,0.009557400072006374,-0.0596238977642327,0.9981651676466694,odom_lidar,unilidar_lidar
1786135760.3457317,0.2963774148071482,0.025120009632676965,0.030340069524066215,0.002309630944692408,0.003254653384490439,-0.05398663790804753,0.9985336828388073,odom_lidar,unilidar_lidar
1786135760.4816656,0.3084076418781607,0.06432869592809266,0.04529316435185762,-0.0015708353941265927,-0.0054703815933155545,-0.04606769838914569,0.9989221063559035,odom_lidar,unilidar_lidar
1786135760.61667,0.37150528648300646,0.1399395339577958,0.057913184807370774,-0.0030941286849971144,-0.012594654879456258,-0.038383323889853604,0.999178923658478,odom_lidar,unilidar_lidar
1786135760.742009,0.4249957626179186,0.14953271458507683,0.03516984807967972,-0.0036798356636632045,-0.015215793473643373,-0.03240462099159156,0.9993522296852333,odom_lidar,unilidar_lidar
1786135760.8702593,0.3200592880839152,0.13965064273397287,0.020706649531384298,-0.002144811429908836,-0.012738088051451055,-0.025442745881008567,0.9995928208919661,odom_lidar,unilidar_lidar
1786135760.9909365,0.306123965535514,0.15254277949522055,0.05168652885625767,0.0024696993011707065,-0.006057910717606197,-0.024942492366409535,0.9996674819046836,odom_lidar,unilidar_lidar
1786135761.1146681,0.220214660996999,0.0885386696790337,0.05452540791193524,0.00278249265020192,0.005261838261755844,-0.021006221799931776,0.999761626308217,odom_lidar,unilidar_lidar
1786135761.2486537,0.23868240931705276,0.04599931715383458,0.022375324114844185,0.004091933350822976,0.010296047132981526,-0.015209809790377593,0.9998229389152002,odom_lidar,unilidar_lidar
1786135761.3901148,0.29097479208573546,0.020162877509094464,0.0484119143352444,0.0046343207314770325,0.006279687057380558,-0.013482998623573517,0.9998786413110023,odom_lidar,unilidar_lidar
1786135761.5206766,0.3327481230078896,0.020245381241514353,0.050844955787073653,0.0025164541023495117,-0.0003965728050422466,-0.018117951475520158,0.9998326110020077,odom_lidar,unilidar_lidar
1786135761.6678767,0.31586528521221047,0.035017207444490085,0.059784380577223566,0.002687454285944461,-0.006314307111027541,-0.02357668437405401,0.9996984780768123,odom_lidar,unilidar_lidar
1786135761.7979467,0.28745196888935437,0.029877720585564062,0.06049650415530511,0.0015406941172868246,-0.00995327687178272,-0.027302020903077196,0.9995764894172725,odom_lidar,unilidar_lidar
1786135761.923373,0.29221427418370066,0.08708975346889167,0.05256235554343108,0.006278975869256016,0.0032984762612181745,-0.027430655098844084,0.9995985462560637,odom_lidar,unilidar_lidar
1786135762.0433867,0.3497886473904921,0.18513930405451012,0.02602385593749523,0.010859271280284221,0.011669052296476832,-0.029826673138622854,0.9994279759018382,odom_lidar,unilidar_lidar
1786135762.1736615,0.43795751688503504,0.22423906799234644,0.008974325308998415,0.014337110864188667,0.01862681487627527,-0.031437647721257074,0.9992292846616271,odom_lidar,unilidar_lidar
1786135762.315567,0.3971737404175628,0.2858658224012291,0.004503766457274492,0.018717402829139453,0.026891195950597677,-0.032820711376820334,0.9989240828593522,odom_lidar,unilidar_lidar
1786135762.4513535,0.39047217872005807,0.21238102072950937,0.010259080418729461,0.014112629245539037,0.018541080000770142,-0.035488667580941075,0.9990984018211182,odom_lidar,unilidar_lidar
1786135762.5786164,0.3310043087818433,0.14829099239927726,0.025414100518465342,0.006432792482106468,0.006031142833233501,-0.03378733115153173,0.9993901444134139,odom_lidar,unilidar_lidar
1786135762.7126133,0.2767850160092748,0.08174164185778555,0.0572980724891497,0.0009848729545728202,-0.007470963777497563,-0.03390579046011283,0.999396624018099,odom_lidar,unilidar_lidar
1786135762.829374,0.22265880255841644,0.01146866743996713,0.04713509864175052,-0.00545317220431055,-0.019895664941725344,-0.03169209813099326,0.9992847623903272,odom_lidar,unilidar_lidar
1786135762.9650636,0.1998379643707757,0.01936780894368824,0.045165437783098894,0.00041146750731629124,-0.015597419976988524,-0.03923104626157838,0.9991083405686162,odom_lidar,unilidar_lidar
1786135763.089628,0.3161264459422007,0.14007177823665268,0.055989440150774394,0.009212685815860721,-0.00047378579348926817,-0.046926725960506864,0.99885573750052,odom_lidar,unilidar_lidar
1786135763.2194836,0.375931465305402,0.28753699687544,0.024420857813220787,0.011761201318991842,0.01034198594870539,-0.04677852540834788,0.9987825023651503,odom_lidar,unilidar_lidar
1786135763.3562968,0.38331460122104427,0.27409571025170615,-0.03171393879518113,0.011413979126758263,0.022012018634680126,-0.051380814772437,0.9983712756231727,odom_lidar,unilidar_lidar
1786135763.4874864,0.42091367260005724,0.27945475632636463,-0.06858607434031379,0.013220756371680171,0.025530462059291978,-0.05644862312962106,0.9979914629167775,odom_lidar,unilidar_lidar
1786135763.612719,0.4475756520185762,0.25342261286378415,-0.03224752968235231,0.013401076511018328,0.02217508059512213,-0.06202821530931597,0.9977380304741756,odom_lidar,unilidar_lidar
1786135763.7318888,0.4721371003938382,0.21408666195404683,0.009347851093686913,0.01603599921486368,0.021496523158129006,-0.06969042125255945,0.9972080983460442,odom_lidar,unilidar_lidar
1786135763.8546412,0.33989290499241037,0.16371560020634415,0.01021899607168867,0.01388597513406732,0.020649323823955915,-0.07340235000933054,0.9969919157813153,odom_lidar,unilidar_lidar
1786135763.9738836,0.26149710981736085,0.06270353296191387,0.02068045982821395,0.009327844642286075,0.0149107737092286,-0.0725420978761427,0.9972102607662287,odom_lidar,unilidar_lidar
1786135764.1008165,0.19699103718999342,-0.12003969781415234,0.01153118393464795,0.002932685993490087,0.009767622320634922,-0.07214828175810042,0.9973417760960476,odom_lidar,unilidar_lidar
1786135764.239675,0.21992502189015106,-0.17755242536846239,0.01587037644734711,0.0016952603238826864,0.002466366667638288,-0.07165853832553058,0.9974247325051367,odom_lidar,unilidar_lidar
1786135764.3734767,0.2622116645235522,-0.20922643090608414,0.03464552495091897,0.0021241829747264914,-0.0053779604945274105,-0.07105509836956858,0.9974556322881235,odom_lidar,unilidar_lidar
1786135764.518611,0.2754255475488523,-0.08480808502475382,0.058707331297992375,0.0012964677276669572,-0.01156907066093611,-0.06425803529395428,0.9978654121050766,odom_lidar,unilidar_lidar
1786135764.6430745,0.3012728521364257,0.12978339517271414,0.05649367826161983,0.0009416597563456919,-0.004022003403132441,-0.05773906163828674,0.9983231628719523,odom_lidar,unilidar_lidar
1786135764.770788,0.37881532587500566,0.21617635225516,0.034243965441577734,0.000673644381151579,0.0007087757296124791,-0.05230711527273766,0.9986305670927852,odom_lidar,unilidar_lidar
1786135764.8960996,0.4497788697998931,0.14024274563894865,0.032944393710947595,0.006016717549764184,0.004782391282720295,-0.04998794786647507,0.9987202475726844,odom_lidar,unilidar_lidar
1786135765.0103188,0.4235404970884829,0.06807335073362972,0.002312578736975889,0.010250902183937607,0.014896223183326538,-0.04674982070751192,0.9987429478114493,odom_lidar,unilidar_lidar
1786135765.1590796,0.3186472751805648,0.0398396319122728,0.0041084579855090245,0.012381471159054379,0.016457942140272866,-0.04022835424384811,0.9989782354122019,odom_lidar,unilidar_lidar
1786135765.2913096,0.23740397491130227,0.07154135631946783,0.03845380379178741,0.01612977976878091,0.014765151865138545,-0.033275054230239215,0.9992069811910768,odom_lidar,unilidar_lidar
1786135765.4289525,0.25749261836689025,0.09076764748794462,0.03017077933971899,0.012997128018139957,0.0136750789482292,-0.02717833697014138,0.9994525525899552,odom_lidar,unilidar_lidar
1786135765.573655,0.3558665693769155,0.12416125847771346,0.010866960487675275,0.006814076369846886,0.007567853981545119,-0.021398648013016313,0.9997191574700143,odom_lidar,unilidar_lidar
1786135765.6979184,0.38880747906434615,0.18876428886755556,0.059151715308380974,0.0043919873332385,-0.0019922075048064113,-0.01629095668180485,0.9998556627268328,odom_lidar,unilidar_lidar
1786135765.8229325,0.4521665521202247,0.2329516578067297,0.0514627981609535,0.0023080493320370406,-0.011738669173864668,-0.008723131107183806,0.9998903857613566,odom_lidar,unilidar_lidar
1786135765.945678,0.3923474434353441,0.29501427441887107,0.05921289031581305,-0.0021529756189741026,-0.015663408180873622,-0.0035147458580116406,0.9998688258475195,odom_lidar,unilidar_lidar
1786135766.0682201,0.38810724261849716,0.32051746835195083,0.05908284674645376,-0.0010154298414507628,-0.019860662657389814,-0.00906981309496495,0.999761102199655,odom_lidar,unilidar_lidar
1786135766.2081118,0.37414563237688,0.23851875644000345,0.027299264114845,-0.003745595122961051,-0.013142380492268822,-0.01668040011444989,0.9997674792691515,odom_lidar,unilidar_lidar
1786135766.3456259,0.3792999906237681,0.1517575030743145,-0.001549532536724978,-0.008168805981044415,-0.00808719581288565,-0.02698808887212479,0.9995696628708568,odom_lidar,unilidar_lidar
1786135766.4873981,0.4522038930924946,0.018291633852012434,0.01548982488793662,-0.008232414403822861,-0.0050841345699359115,-0.03493417794824007,0.9993427750976336,odom_lidar,unilidar_lidar
1786135766.6148388,0.42641849191669834,-0.07074415827183224,0.0180524720756155,-0.004827548131707438,-0.0022143970171766133,-0.04302841728533746,0.9990597312127064,odom_lidar,unilidar_lidar
1786135766.7376883,0.35865326473792547,-0.1656780163900475,0.03490138796843123,0.0004468878380602962,-0.0007717689851138637,-0.048853306894415915,0.9988055661986339,odom_lidar,unilidar_lidar
1786135766.8570216,0.32385296227921107,-0.1685034425811875,0.03220735633838184,0.005515095872218527,0.003357626670813671,-0.055229527989556784,0.998452807747422,odom_lidar,unilidar_lidar
1786135766.9789832,0.2538405668667374,0.018781943042269406,0.033116778991446987,0.00807040017591135,0.004934848488653685,-0.061313702742226854,0.9980737176017774,odom_lidar,unilidar_lidar
1786135767.1151838,0.1799971498550628,0.17660751569881034,0.046203365235405996,0.009059540054950696,0.008927382757944104,-0.06471612451668564,0.9978226544825624,odom_lidar,unilidar_lidar
1786135767.253686,0.29448684965199845,0.3082456180085536,0.04661451065759823,0.008516801118070452,0.014072146747090002,-0.06552053608324923,0.9977156399175104,odom_lidar,unilidar_lidar
1786135767.3970988,0.33542597139526203,0.20309929175495964,0.04529406401492557,0.00896203511340778,0.013349723750629322,-0.07083096537517504,0.9973587324260158,odom_lidar,unilidar_lidar
1786135767.5298326,0.45004471753941244,0.06520957885722589,0.016288608631450614,0.011674255501128552,0.010567833513384703,-0.0764092508749454,0.9969521849286743,odom_lidar,unilidar_lidar
1786135767.6480162,0.368456066455496,-0.006399678172143472,0.0038611341218503514,0.013125261644940366,0.01100748445811576,-0.08211564064274643,0.9964755814140593,odom_lidar,unilidar_lidar
1786135767.7627215,0.30352684929951557,0.07573846538561697,0.0023799919249081775,0.014727699423514382,0.01535157464289164,-0.08419572475049415,0.9962221157750983,odom_lidar,unilidar_lidar
1786135767.8847935,0.26890990452380303,0.17561753529805926,0.024174966904055933,0.015823765853933615,0.012881106300358769,-0.08246364350962554,0.9963851830661655,odom_lidar,unilidar_lidar
1786135768.0127134,0.25549003485500343,0.23052545314806344,0.026464159363262,0.013950390335510187,0.010303893564115424,-0.07486740068988132,0.9970426714543602,odom_lidar,unilidar_lidar
1786135768.15169,0.38507775842433156,0.27041975407782226,0.05863786144079253,0.008732657486443174,-0.0020186011283090106,-0.0651882024314326,0.9978327335813693,odom_lidar,unilidar_lidar
1786135768.301407,0.5054137371586294,0.11134574586057122,0.04927418348642144,-0.00394045087651112,-0.00949788948725329,-0.05684375636826091,0.9983301309206908,odom_lidar,unilidar_lidar
1786135768.4398885,0.5734479926739381,-0.005507291324716938,0.056205740965314666,-0.011262136978791495,-0.010380537225275517,-0.05290864172811124,0.9984818898448143,odom_lidar,unilidar_lidar
1786135768.5739563,0.4918098168099419,-0.023343738114435353,0.04295886955533909,-0.007208297486781919,-0.01070865629474539,-0.04717644893544038,0.9988031576810044,odom_lidar,unilidar_lidar
1786135768.7020464,0.31867017921357066,0.023933531736214375,0.06227493789814856,-0.0013505822339868,-0.0038779376721643673,-0.03800294011560481,0.9992691899931719,odom_lidar,unilidar_lidar
1786135768.8270102,0.24999774622709336,0.12282821910934831,0.06651867061820337,0.004173039838400054,0.0004935295890963945,-0.03302478844557095,0.999445699132863,odom_lidar,unilidar_lidar
1786135768.9523466,0.21832327588698727,0.16099503983781488,0.04107009199500515,0.009359605903051562,0.005045187148421501,-0.028945163222060467,0.9995244476199796,odom_lidar,unilidar_lidar
1786135769.0874243,0.32562592563347625,0.1850655677112428,0.04692846255034503,0.013189499889910982,0.0058687764839094984,-0.02896600885699199,0.9994761452311569,odom_lidar,unilidar_lidar
1786135769.225822,0.4257505432625317,0.2215517873072207,0.045000783642548836,0.006409151194836594,0.0052832257935839155,-0.02976847736444303,0.9995223099368911,odom_lidar,unilidar_lidar
1786135769.3685877,0.44515864376391845,0.1865062420765513,0.012559815782944343,-0.002662347728096489,0.003477859293976922,-0.03223798940148142,0.9994706240999063,odom_lidar,unilidar_lidar
1786135769.4988039,0.38515711540595415,0.1593565420151061,0.006743591322920045,-0.007654381568894554,0.0015774532019672855,-0.038699677435834294,0.9992203245783964,odom_lidar,unilidar_lidar
1786135769.6348305,0.4291069417976788,0.150044348904651,0.022521200910098287,-0.0005375885806922283,-0.0011556620119689053,-0.04750756556182945,0.9988700649525044,odom_lidar,unilidar_lidar
1786135769.762583,0.4181449581831473,0.14080071482310444,0.033654810762936235,0.00781274557112037,-0.0035025558060289177,-0.05261784372056124,0.9985780167977188,odom_lidar,unilidar_lidar
1786135769.8983493,0.4234827530128426,0.11477395344646982,0.05612320313795283,0.013126103463557198,-0.00442513082042866,-0.05594493205546938,0.998337762584585,odom_lidar,unilidar_lidar
1786135770.0197084,0.33622690685922896,0.03294932093799033,0.03696079879447187,0.010318501618038094,0.0010514217834487747,-0.05584822436757552,0.9983853959626918,odom_lidar,unilidar_lidar
1786135770.1556792,0.2376295695397649,-0.09513582368650562,0.03695052006634087,0.006836339842184823,0.00599091133851498,-0.054742642513169314,0.9984591211109104,odom_lidar,unilidar_lidar
1786135770.2920835,0.22190018776605086,-0.022069407973585337,0.017741090416642104,0.010691162350696642,0.008944455844610328,-0.05055033370218817,0.9986242333930379,odom_lidar,unilidar_lidar
1786135770.4429321,0.24829760547013546,0.06667841616727262,0.00036166415793220425,0.014815116834279541,0.008353004166787617,-0.0448201997289245,0.9988502837416806,odom_lidar,unilidar_lidar
1786135770.5649126,0.27117161216802593,0.13760460691908838,0.023760365742525616,0.013633199233057357,0.00799275801707174,-0.040972394457930376,0.9990352919643711,odom_lidar,unilidar_lidar
1786135770.684884,0.34586574181429497,0.2552482252793608,0.04402776616732747,0.009905974809248638,0.010523147750154411,-0.0385141170487989,0.9991535406595218,odom_lidar,unilidar_lidar
1786135770.8003907,0.38180654789354723,0.3623993612393029,0.04747577588875644,0.0054833629023161735,0.01304293462970904,-0.03664168385483794,0.9992283030378036,odom_lidar,unilidar_lidar
1786135770.9165602,0.38050997025836,0.25334330706044283,0.02324610741856626,0.0025396791113606204,0.007684230892837942,-0.03879683366213085,0.9992143455352259,odom_lidar,unilidar_lidar
1786135771.043056,0.395000711207989,0.1526141523311414,0.010943946497683758,0.002071286826914057,-9.875856372139498e-05,-0.041480064396208514,0.9991371799084015,odom_lidar,unilidar_lidar
1786135771.1682978,0.4180026446560664,0.004851563217353853,0.028056387468162657,0.001053363067643065,-0.009851597851905935,-0.04589608356299791,0.9988970847687916,odom_lidar,unilidar_lidar
1786135771.309018,0.37627753398743485,-0.027921485370586183,0.025982187003064774,-0.0016505195503579242,-0.010026673064163934,-0.05041959443828249,0.9986764271320103,odom_lidar,unilidar_lidar
1786135771.4533184,0.35607227609691927,-0.017235760748934938,0.0519601009091053,-0.0035808586332217564,-0.008452362863232333,-0.05469406284448029,0.9984609629339753,odom_lidar,unilidar_lidar
1786135771.5774698,0.3570736036873698,0.021799773653986228,0.03138143090023024,-0.0023703103714752113,-0.005484891538275928,-0.05621498731820954,0.9984008076891614,odom_lidar,unilidar_lidar
1786135771.7038727,0.40828640158035767,0.10505710965377255,0.03483190155811012,0.0008610744081682524,-0.0012793635623756594,-0.05426067321680105,0.9985256136533497,odom_lidar,unilidar_lidar
1786135771.82571,0.4741222091806309,0.13323671554514524,0.05765923459808568,0.0043694977273844885,0.0031023636488480776,-0.054417710600559055,0.998503878611593,odom_lidar,unilidar_lidar
1786135771.953597,0.5628058727902425,0.09872783627326107,0.02026886755929011,0.005414942309490513,0.006371490488322075,-0.05130186100984261,0.9986481870837542,odom_lidar,unilidar_lidar
1786135772.0827262,0.6359794252990649,0.0708935001770394,0.009713601886379309,0.0067315761839132,0.007106781038118378,-0.04651520456747253,0.9988696187638318,odom_lidar,unilidar_lidar
1786135772.2098064,0.7222825977595658,0.04705127053062999,0.026112460150255454,0.008757842041585091,0.006471695229809184,-0.04123431398054814,0.9990901604530897,odom_lidar,unilidar_lidar
1786135772.358489,0.6429453418275834,0.03524875882602653,-0.00438025772315577,0.008775707695569835,0.006537270485037758,-0.03567627706626983,0.9993034845850075,odom_lidar,unilidar_lidar
1786135772.4944856,0.5518504078455428,0.010333786085076263,-0.013871683905752955,0.010685833044777306,0.007469040667072864,-0.028882189514225953,0.9994977966621623,odom_lidar,unilidar_lidar
1786135772.6167438,0.5441431359702322,-0.08839993438003507,0.011646502735340576,0.008963323877641033,0.012716414086287329,-0.024543869978532907,0.9995776858675506,odom_lidar,unilidar_lidar
1786135772.7303858,0.560526576782435,-0.096424603846801,0.04381993235397173,0.019297832840071256,0.012683506668843979,-0.019938009254075482,0.9995344906971657,odom_lidar,unilidar_lidar
1786135772.8503923,0.6411899601575879,-0.08955405790874735,0.0368321451258185,0.021151793989295575,0.013569666369496768,-0.016362311132520523,0.9995502691411061,odom_lidar,unilidar_lidar
1786135772.9710407,0.6943505944784235,-0.13953145430756514,0.025223479066858477,0.012029978180782656,0.013573431679099912,-0.016607879503489662,0.999697564224211,odom_lidar,unilidar_lidar
1786135773.0932195,0.7356631309864738,-0.07727858336661361,0.02710729672704538,0.006795225470219905,0.011305537227508513,-0.014983204341224786,0.9998007368103283,odom_lidar,unilidar_lidar
1786135773.2269611,0.8221528950876174,-0.05864061390804208,0.003193056643416927,0.0031470105999551762,0.009164891154489464,-0.012880044391797556,0.9998700943376972,odom_lidar,unilidar_lidar
1786135773.371649,0.8918144144697172,-0.03515337367402133,0.0083222186717152,0.006481747024560438,0.004795997361564628,-0.008912493467438172,0.9999277738041936,odom_lidar,unilidar_lidar
1786135773.50981,0.9151511179175545,-0.004830203947700389,0.028016545470061667,0.011156539976828184,0.002322837822619409,-0.006417686646935205,0.9999144710115445,odom_lidar,unilidar_lidar
1786135773.6358635,0.9118791134070944,0.05522940317216847,0.005575733082799066,0.014632686566808946,0.008039786478361082,-0.013857129676058198,0.99976458542717,odom_lidar,unilidar_lidar
1786135773.7607107,0.9161659320393525,0.08482122282620737,0.005448780504188778,0.019533524764112676,0.01197481354206366,-0.024773765342125408,0.999430490730444,odom_lidar,unilidar_lidar
1786135773.8828359,0.9890561189799305,0.058773501605375644,0.0025748868378627442,0.014766971348699254,0.014892984624152101,-0.03906038960286766,0.9990167273525723,odom_lidar,unilidar_lidar
1786135774.004937,1.061396005287319,-0.04277772069411454,-0.03586370773900742,0.008296478579465482,0.019037392950362712,-0.05076067214022079,0.9984949175016901,odom_lidar,unilidar_lidar
1786135774.1414132,0.9929593050059615,-0.2041358678749161,-0.02097322237090457,0.005951575775065803,0.02025027117704952,-0.06494715015333605,0.9976654614398606,odom_lidar,unilidar_lidar
1786135774.2643163,0.9216789250833781,-0.304102483020568,-0.02098239738311309,0.009686450950297918,0.01879300280403579,-0.07881973927831008,0.9966646599602567,odom_lidar,unilidar_lidar
1786135774.4138079,0.9174669871021423,-0.4121007032244054,0.0028411900702468504,0.01285782413125571,0.016484210277260384,-0.09159377438801532,0.9955769822889148,odom_lidar,unilidar_lidar
1786135774.5358174,0.8938911240518721,-0.4206608579971954,0.01029530973767006,0.013792382592917823,0.011971167880693398,-0.09335641414143678,0.9954652385998395,odom_lidar,unilidar_lidar
1786135774.6608884,0.8812069006606603,-0.4256951305495597,0.010686827117557219,0.012166195488388286,0.008967802474140496,-0.09500858426755676,0.9953617086876497,odom_lidar,unilidar_lidar
1786135774.7859952,0.878271295140729,-0.431226132004513,0.009938896813934159,0.00888446057755316,0.007694460167907929,-0.10062495402829165,0.9948550046462925,odom_lidar,unilidar_lidar
1786135774.9046702,0.9646090157562667,-0.33127630931386925,-0.0064598574604411325,0.00501881495623114,0.00428282767780879,-0.11189270098529794,0.9936983910371056,odom_lidar,unilidar_lidar
1786135775.0303767,1.0567504219307102,-0.22692999326894625,-0.014080434250812183,0.0029919803281370644,0.006868018787294085,-0.12146151519178115,0.9925678710793384,odom_lidar,unilidar_lidar
1786135775.1694732,1.2095686536271577,-0.10999228466797822,-0.03313322982897638,0.00904982171732131,0.006572887153115551,-0.1295626184507172,0.9915081571936516,odom_lidar,unilidar_lidar
1786135775.30495,1.2885347964047793,-0.2867868518300535,-0.023954066762647337,0.011930342204163821,0.007750397024526804,-0.13878941881379225,0.9902197208226988,odom_lidar,unilidar_lidar
1786135775.433173,1.3497957113199157,-0.425055607964385,-0.03097019654229863,0.009324098464555414,0.009979006628015282,-0.14566949061336404,0.9892390409395418,odom_lidar,unilidar_lidar
1786135775.5610683,1.3432120135256085,-0.5299318495331639,-0.0025739589284616594,0.004417578527314992,0.010285949816405095,-0.14846904848261291,0.9888536928580471,odom_lidar,unilidar_lidar
1786135775.6881175,1.2698553945419238,-0.5281921189799051,0.015981721199876724,0.005154341718297411,0.009491477067943085,-0.15130660641177235,0.9884278706515072,odom_lidar,unilidar_lidar
1786135775.8095481,1.1494212129817103,-0.4878545914639924,-0.015239609894134004,0.004971646992348062,0.008760444856596997,-0.15224985513574354,0.9882907056849434,odom_lidar,unilidar_lidar
1786135775.9275644,1.2169763851053,-0.5508292285102976,-0.04855601575029101,0.004281150443962945,0.008051780997317399,-0.1490900557079145,0.9887815713607623,odom_lidar,unilidar_lidar
1786135776.0519848,1.3377465124098755,-0.5123114837500166,-0.012695063757168001,0.008819106312049536,0.0030657417822283982,-0.14373384281274407,0.9895723354163974,odom_lidar,unilidar_lidar
1786135776.180112,1.3162040400318982,-0.4883202217433845,0.0016838611791616595,0.012384768645520704,-0.0004569089653244199,-0.13612345449870206,0.9906143618356914,odom_lidar,unilidar_lidar
1786135776.3136654,1.3158762851486794,-0.5382261667035373,-0.018596474160335965,0.007778335386388295,0.0018624045846992103,-0.13270060805261943,0.9911238961755714,odom_lidar,unilidar_lidar
1786135776.4497318,1.366353321880822,-0.4795155868845711,-0.05845327325034717,0.0023578560213234102,0.012177984711902333,-0.12880189448500737,0.991592763779775,odom_lidar,unilidar_lidar
1786135776.5748236,1.430794553284991,-0.3798587235735051,-0.06055376520215563,0.0052156648190526496,0.021788224712732805,-0.12988019882688853,0.9912765527626741,odom_lidar,unilidar_lidar
1786135776.6994119,1.5743948921714874,-0.27204386968581973,-0.05000810337897667,0.006327840156788189,0.01613249605623454,-0.13702297489740184,0.9904162788243193,odom_lidar,unilidar_lidar
1786135776.8297312,1.5366645099566791,-0.276772999482329,-0.039251985075128004,0.0016095393516323132,0.011102808348117417,-0.1496537653144251,0.9886748138579619,odom_lidar,unilidar_lidar
1786135776.940949,1.4242593753581885,-0.3259457554069613,-0.003081670265281288,-0.002937883884369118,0.004985885018789502,-0.1574805015015807,0.9875051399540522,odom_lidar,unilidar_lidar
1786135777.0724475,1.4611091049697729,-0.47819293170372384,-0.019235556903224028,0.0031605559235424337,0.00311588892924527,-0.1704570670949582,0.9853551087804943,odom_lidar,unilidar_lidar
1786135777.216711,1.465143829432669,-0.6833935385236727,-0.006993336602302377,0.0055822460230478535,0.003185621785735658,-0.18007216076253646,0.9836324045401756,odom_lidar,unilidar_lidar
1786135777.360716,1.4955745002656817,-0.8868805904654373,0.006359384312262413,0.005214897413286108,0.004802253676020413,-0.1884067113981517,0.9820655040804223,odom_lidar,unilidar_lidar
1786135777.5159354,1.447291472597645,-0.9983993301495505,0.0016150251475936864,0.004816134678322927,0.008513223746302678,-0.19529427519100892,0.9806959141068267,odom_lidar,unilidar_lidar
1786135777.6317356,1.3892916858818416,-1.0378217671445,-0.0858289846955358,0.0025095563504290317,0.014688801978700775,-0.20096275808735525,0.9794855338825978,odom_lidar,unilidar_lidar
1786135777.752514,1.330578842660165,-1.0334822168036408,-0.115094097864051,0.000990468953237796,0.019140002047007516,-0.20314047489944548,0.9789620149681606,odom_lidar,unilidar_lidar
1786135777.8802333,1.5684163828666968,-0.9788096860646051,-0.026909594055533448,0.0017305374324316054,0.011357253855846494,-0.20004770952354528,0.9797188024833616,odom_lidar,unilidar_lidar
1786135778.002056,1.8034916208936933,-0.8982272378254877,-0.006378646976867394,0.00495792490791697,0.005279438464894934,-0.1952285974239464,0.9807310239091969,odom_lidar,unilidar_lidar
1786135778.1416006,1.7840286971804036,-0.8415199908627456,-0.047569878711866256,0.005934409685362087,0.004622104527480437,-0.18571916976549202,0.9825740729904487,odom_lidar,unilidar_lidar
1786135778.293904,1.66255364150489,-0.7833483841822214,-0.023441272441683855,0.005667769253861835,0.007436639100062353,-0.17284406155465967,0.9849048193484838,odom_lidar,unilidar_lidar
1786135778.4248219,1.5877535450527789,-0.8350836102568945,-0.0339545377910258,0.0035789636803696093,0.010260381735422656,-0.16429031598091376,0.986352172228819,odom_lidar,unilidar_lidar
1786135778.548277,1.5926598084225474,-0.7956695248802912,-0.00751059774545202,0.004777089377384021,0.007828782425802436,-0.1543751131168567,0.9879697434805217,odom_lidar,unilidar_lidar
1786135778.6723096,1.6326245472194187,-0.797069122224545,-0.011799880589538483,0.006096552662798598,0.005524751935717216,-0.14682146103902594,0.9891287922915015,odom_lidar,unilidar_lidar
1786135778.7949193,1.681400731499504,-0.8088705441255087,-0.044963232457543176,0.0064075981652917694,0.006673385219481059,-0.14806389637227463,0.9889345232150231,odom_lidar,unilidar_lidar
1786135778.8994932,1.7938489295200197,-0.7482224726263158,-0.08098429315617389,0.003917904291716113,0.00873753948372357,-0.1618848308344984,0.9867631970110241,odom_lidar,unilidar_lidar
1786135779.0251465,1.9245248830056774,-0.7131602575729682,-0.06381743976713228,0.00389380870693032,0.008099390984100728,-0.17752494315794126,0.984075267790127,odom_lidar,unilidar_lidar
1786135779.1528533,1.925511253936656,-0.8090224219084464,-0.00810477687114337,0.00022093242299532767,0.003499506683973924,-0.19318257009331793,0.9811565620501012,odom_lidar,unilidar_lidar
1786135779.277981,1.954016712890912,-0.9563632025932385,-0.007454946394980271,0.0024326814514332835,0.007191602486586337,-0.19495214128328855,0.9807833733927649,odom_lidar,unilidar_lidar
1786135779.4062202,1.9737726943753577,-1.047094793669138,-0.03859765652975958,0.004612929510527357,0.015621816555662492,-0.19153450383330198,0.9813507087530753,odom_lidar,unilidar_lidar
1786135779.5329442,1.9595853586360183,-1.0841907939915476,-0.10497458564098738,0.012713461200610567,0.02048722395835378,-0.18561953948083432,0.9823258258448181,odom_lidar,unilidar_lidar
1786135779.6551752,1.9656788609016542,-1.0718287996479543,-0.15465910978698152,0.008301780302260179,0.01891172195099549,-0.174753301916439,0.9843956067994022,odom_lidar,unilidar_lidar
1786135779.7771573,1.8686181103554411,-1.0815984172973985,-0.15120956200025093,0.010150650471700919,0.014702504596009597,-0.16054838376767683,0.9868662610116897,odom_lidar,unilidar_lidar
1786135779.9053886,1.7392072549627597,-1.0881172709289078,-0.103883771979586,0.013463860381343921,0.012780116339258034,-0.1480670275082411,0.9888030888174149,odom_lidar,unilidar_lidar
1786135780.0278044,1.9433796138642552,-0.947874085765041,-0.040992626484921545,0.009192302610721704,0.012995443662645566,-0.1789655669078679,0.9837265605228261,odom_lidar,unilidar_lidar
1786135780.1637464,2.057049524318903,-0.9491037045874042,-0.04339657239295088,0.003854391209516004,0.01637880232815888,-0.21757339387775576,0.9758989172958511,odom_lidar,unilidar_lidar
1786135780.3059363,2.1293185731395448,-1.0490919321400431,-0.05777535493314563,0.0037122699324336197,0.016023070699574586,-0.254605546314525,0.9669051122231114,odom_lidar,unilidar_lidar
1786135780.4545891,2.191194477958434,-1.0953800270274885,-0.09993597907679211,0.0021441380595416623,0.015310178926132246,-0.2769432626374136,0.9607619009791011,odom_lidar,unilidar_lidar
1786135780.570475,2.153096418800106,-1.2814237880686137,-0.10003845619039795,0.011904789010453238,0.012462889999709554,-0.27786157692975216,0.9604664993832858,odom_lidar,unilidar_lidar
1786135780.696989,1.9348371187091353,-1.33576343376664,-0.07703527714948635,0.014500143786607574,0.010415077552595648,-0.2650049783711446,0.9640817566100142,odom_lidar,unilidar_lidar
1786135780.829878,1.9371023918266028,-1.384268889822877,-0.15829566510619253,0.0005713883261579233,0.017932866159809994,-0.25156394534819776,0.9676743601168339,odom_lidar,unilidar_lidar
1786135780.9521713,1.977465700644295,-1.2231542355013247,-0.1584022596141327,-0.0056881738681928895,0.018891451615231314,-0.25332482531364814,0.9671800714519114,odom_lidar,unilidar_lidar
1786135781.083275,2.1533556055112566,-1.0969406143747675,-0.103830058585767,-0.0016533639600181242,0.014116235389186027,-0.2594164510682173,0.9656609670071707,odom_lidar,unilidar_lidar
1786135781.2311575,2.2734351768464074,-1.1158871804343102,-0.0755676953867899,0.007466228061324901,0.010858478086526093,-0.269812153758696,0.9628228033113231,odom_lidar,unilidar_lidar
1786135781.366979,2.387782704594485,-1.2181843628293412,-0.0848087618592668,0.012031486062976268,0.011299704003387458,-0.28009488306857183,0.9598304102868149,odom_lidar,unilidar_lidar
1786135781.5089185,2.3063913916550605,-1.3939538468176982,-0.14582074658870134,0.0038478587707448386,0.01659565967869939,-0.2904713154504103,0.9567320382234608,odom_lidar,unilidar_lidar
1786135781.6275184,2.090315168541841,-1.5505072731833882,-0.1649072803947014,-0.00016847696840660743,0.017129032903926235,-0.2977130497691773,0.9545017065696755,odom_lidar,unilidar_lidar
1786135781.7529387,1.9650626435035143,-1.7266443927089854,-0.1675805971050506,-0.003231765932527686,0.019122817725973806,-0.29168194419533855,0.9563187318889055,odom_lidar,unilidar_lidar
1786135781.875601,1.9761247183507704,-1.764891721095986,-0.11748933473590782,0.006469861186960531,0.016434235613743305,-0.27997254858097814,0.9598455234239963,odom_lidar,unilidar_lidar
1786135782.0042703,2.112761287719724,-1.60219661958388,-0.12217916855926883,0.007030099014446761,0.014000882216477026,-0.2721147035677095,0.9621372776830056,odom_lidar,unilidar_lidar
1786135782.12853,2.320677081852848,-1.4584856667785076,-0.11234636592039716,0.0034362198525168556,0.010623723346892641,-0.263182466243387,0.9646814595281815,odom_lidar,unilidar_lidar
1786135782.2728817,2.3726019685357915,-1.4614231491203638,-0.23236254130113093,0.002274313535766035,0.02299009582055198,-0.2781922294750358,0.9602475547752318,odom_lidar,unilidar_lidar
1786135782.4043088,2.3492965994148016,-1.5519966741122628,-0.21612360831626093,-0.0013256024746910822,0.021521303339869888,-0.2965809200816935,0.9547642819691825,odom_lidar,unilidar_lidar
1786135782.5419726,2.270651947233981,-1.5632396653644933,-0.15205670465204812,0.0036680147883597003,0.01783565976082443,-0.3248641500372928,0.9455853842614932,odom_lidar,unilidar_lidar
1786135782.6919718,2.246583072843983,-1.6102769399601102,-0.07113005128886983,0.009291962791619765,0.013510470619734167,-0.3563259634997099,0.9342178195405586,odom_lidar,unilidar_lidar
1786135782.814854,2.2446817365854757,-1.804758413885717,-0.0476355437487468,0.010702908766839964,0.00985211274286637,-0.39098430328633377,0.9202823795999414,odom_lidar,unilidar_lidar
1786135782.9309635,2.1701856314492303,-1.9653150644079318,-0.1204097732199633,0.003351165740760498,0.014555159008466278,-0.3980650654545488,0.9172355862585587,odom_lidar,unilidar_lidar
1786135783.0556452,2.196255154438178,-1.9816435666239496,-0.1890630799616728,-0.004206927178775406,0.017925820427567535,-0.3924891922310654,0.9195722922682681,odom_lidar,unilidar_lidar
1786135783.1809995,2.2185417259770506,-1.9446348824890411,-0.1800286719442496,0.001268238619256547,0.02465571004704741,-0.38524644970916233,0.922483420186708,odom_lidar,unilidar_lidar
1786135783.320109,2.262165345138126,-1.9512744970275218,-0.27627009958027987,-0.00014565695830119253,0.035062484649370916,-0.4049645736365976,0.9136598355261065,odom_lidar,unilidar_lidar
1786135783.4493234,2.327329937400066,-1.8600480811288103,-0.2936638508324708,0.002045390056671141,0.029095188488379876,-0.43649082408631706,0.8992358127181043,odom_lidar,unilidar_lidar
1786135783.569954,2.1434334296237143,-2.063546760081193,-0.2700105642772918,-0.0011626223454976705,0.02849252316562435,-0.44142134181243137,0.8968467112196212,odom_lidar,unilidar_lidar
1786135783.7099056,2.1550697947863156,-2.1573116976782787,-0.20994789311923193,-0.0018031737794794035,0.026178567560410516,-0.433979562433375,0.9005404880153599,odom_lidar,unilidar_lidar
1786135783.8364155,2.170417691528911,-2.2041113955801395,-0.1719129905471494,-0.0015568440611377285,0.02481689676305279,-0.4265631677128511,0.9041159006578745,odom_lidar,unilidar_lidar
1786135783.953096,2.3121285553228486,-2.1276842072259723,-0.18370616480706586,0.008743997469484786,0.02254989527175673,-0.4196232036524929,0.9073761136859978,odom_lidar,unilidar_lidar
1786135784.0898988,2.3951889437749236,-2.155547182246867,-0.2579495087861529,0.011221476925305788,0.0270261968644108,-0.44962491296606727,0.8927379799128732,odom_lidar,unilidar_lidar
1786135784.2256055,2.3770800377106607,-2.124613372574383,-0.21452936376786097,0.00721719470121266,0.025899644064727313,-0.47739428238572007,0.8782777577073146,odom_lidar,unilidar_lidar
1786135784.3620842,2.3212609657316334,-2.091804888915494,-0.2350628403101564,-0.0008452881577814817,0.028887584349240263,-0.4974872848637314,0.8669897314024592,odom_lidar,unilidar_lidar
1786135784.4948575,2.2117166411551574,-2.3236022652881783,-0.22221544170415194,-0.013237433516596519,0.028513827392757884,-0.5086385790103779,0.8604060250507394,odom_lidar,unilidar_lidar
1786135784.6184983,2.1971894690974403,-2.429526562133169,-0.18354948121083492,-0.005425253725601513,0.02246976127520107,-0.5065680196645284,0.8618900845835312,odom_lidar,unilidar_lidar
1786135784.7396367,2.1240895055695166,-2.5286623437795894,-0.211060165079942,-0.008722162547255916,0.021434714250405988,-0.5088145774175439,0.8605650485076122,odom_lidar,unilidar_lidar
1786135784.864005,2.2032406593526788,-2.4419744856920347,-0.2742851095416616,-0.007948412253454395,0.02811100791418617,-0.5153411763458129,0.8564870494871545,odom_lidar,unilidar_lidar
1786135784.9827542,2.282537501614407,-2.3443883635530276,-0.2998686658636831,-0.009999252325786783,0.03424550508316315,-0.52022257332349,0.853285259769094,odom_lidar,unilidar_lidar
1786135785.1172347,2.430325832779794,-2.2332489933602044,-0.277990542566523,-0.007990435292585326,0.043525983929804765,-0.5277660709990779,0.8482361793563002,odom_lidar,unilidar_lidar
1786135785.261398,2.5070956397785653,-2.196007263550524,-0.25017834884362344,-0.0051119174001124845,0.036193206719020266,-0.5296004283785426,0.8474593243036227,odom_lidar,unilidar_lidar
1786135785.4039123,2.5566475057674527,-2.298391940514886,-0.1987317281161057,0.00034659924832195583,0.022859461202603428,-0.5333695437274251,0.8455733290061166,odom_lidar,unilidar_lidar
1786135785.5287683,2.5389797079523544,-2.58492026158423,-0.22524677606626442,-0.0031954897209631058,0.01851968677789901,-0.5541145466466275,0.832228261501431,odom_lidar,unilidar_lidar
1786135785.6514497,2.2281213928598196,-2.7857541491877704,-0.3120890810385879,-0.006596573095772803,0.023157094602246086,-0.5792501747780486,0.8147941268888571,odom_lidar,unilidar_lidar
1786135785.7750297,2.0652965968246875,-2.790281608158492,-0.39087816819812526,-0.0018909663420409025,0.026803835067448326,-0.5900331428202855,0.8069317623229283,odom_lidar,unilidar_lidar
1786135785.900077,1.922901011761645,-2.742743546871628,-0.3456408223256142,-0.0008604987783528242,0.03256024163753941,-0.5909450282698596,0.8060540079730962,odom_lidar,unilidar_lidar
1786135786.043993,2.0798617416757916,-2.6938745390680467,-0.2298033886617013,-0.002511954435571973,0.03068819771599149,-0.5960096010307421,0.8023867397240769,odom_lidar,unilidar_lidar
1786135786.1883907,2.252145324730409,-2.5566154881672642,-0.15839909940288516,-0.009871981829468834,0.027789965351111185,-0.6095760060467662,0.7921788653155394,odom_lidar,unilidar_lidar
1786135786.3282592,2.404503672852106,-2.6161177376692826,-0.20783480031278118,-0.014282436781705352,0.02489002917803371,-0.6271003077010829,0.7784097266403474,odom_lidar,unilidar_lidar
1786135786.4549975,2.5181752739440086,-2.6030652816518236,-0.2721431994977831,-0.007379564438938817,0.026634760055234262,-0.6425293857050172,0.7657624436409931,odom_lidar,unilidar_lidar
1786135786.5776074,2.3899318664178497,-2.5838203236173967,-0.23465066061557055,-0.00426637396609536,0.027515644296111773,-0.651425588288675,0.7582014180248577,odom_lidar,unilidar_lidar
1786135786.7126174,2.1201058446279184,-2.8125387479555717,-0.23474333509837012,-0.009764381784635316,0.028882729750029913,-0.663256712756881,0.7477706718998056,odom_lidar,unilidar_lidar
1786135786.8423846,1.9419991170133213,-2.985146198700551,-0.22793354106593403,-0.01869525684462424,0.030913855565991476,-0.6778881304804318,0.7342768574994746,odom_lidar,unilidar_lidar
1786135786.9771404,1.922100062754337,-3.0589675130056637,-0.28780646655758146,-0.02581580496638372,0.027731732173847556,-0.6940399539465336,0.7189388274189046,odom_lidar,unilidar_lidar
1786135787.1146448,2.0363414947249647,-2.9769454589409907,-0.3496785842878969,-0.02224904857927334,0.03053884104097439,-0.6913897483949809,0.7214932950759255,odom_lidar,unilidar_lidar
1786135787.2698474,2.2852969326033747,-2.833229377157472,-0.26962642023107375,-0.01425126310021957,0.03442519204859358,-0.6948751643526719,0.7181645449465692,odom_lidar,unilidar_lidar
1786135787.3979726,2.512482500585675,-2.6569382473303147,-0.19800961252484317,-0.01180977871155295,0.03500100240712122,-0.6994808706781983,0.7136959930618572,odom_lidar,unilidar_lidar
1786135787.5280948,2.464193416805078,-2.6698853122454844,-0.21889118497177668,-0.016675095939398886,0.024578874859231825,-0.7080875263049542,0.705499734356716,odom_lidar,unilidar_lidar
1786135787.6449826,2.404328484172179,-2.642234232780689,-0.24919670963763632,-0.010936405192143379,0.019621346577729695,-0.7187698318719449,0.6948851175487399,odom_lidar,unilidar_lidar
1786135787.761836,2.3008798533915384,-2.777787531628987,-0.2955202104945594,-0.010718999758713897,0.022357556483402756,-0.7188265624389105,0.6947471596520012,odom_lidar,unilidar_lidar
1786135787.8736837,2.1628308063501174,-3.0741992045562214,-0.2412535727067616,-0.02032674327525479,0.01906923818637532,-0.7203483589503419,0.693052255908862,odom_lidar,unilidar_lidar
1786135787.9921954,2.0167077594847247,-3.30926797473389,-0.25310039033779064,-0.025012111277618366,0.018120234372182624,-0.7238691133141086,0.6892456442993161,odom_lidar,unilidar_lidar
1786135788.144942,2.004238078840087,-3.2148193205520075,-0.32452407273462436,-0.022712380888049034,0.03113180923108817,-0.7415125843433383,0.6698313559910875,odom_lidar,unilidar_lidar
1786135788.2761228,2.079638217140512,-3.151735160818324,-0.31370202058148955,-0.023245125266976103,0.042642685653014455,-0.7561378987197496,0.65260764907508,odom_lidar,unilidar_lidar
1786135788.4039912,2.0417292326198053,-3.044754908374608,-0.26133837268473925,-0.019829732723041144,0.038396831710565175,-0.7697541005789135,0.6368760394744578,odom_lidar,unilidar_lidar
1786135788.5370011,1.9047562112140375,-3.1007843917912905,-0.2130257356213639,-0.013314517158390828,0.03687566975189368,-0.7647526984473559,0.643130017049955,odom_lidar,unilidar_lidar
1786135788.662529,1.8655916330845919,-3.267229092738409,-0.20125180454936642,-0.015021917952936763,0.02945085674757497,-0.761307317481163,0.6475478031523886,odom_lidar,unilidar_lidar
1786135788.7950535,1.896187465102225,-3.423532723832266,-0.20809695456551236,-0.015878398260732344,0.022127679730790217,-0.7578860512481198,0.6518182074642727,odom_lidar,unilidar_lidar
1786135788.9176736,2.0175386402117335,-3.5249333635168627,-0.30060159191269775,-0.014843284554988415,0.01878943709007798,-0.7503279390739795,0.6606319836357093,odom_lidar,unilidar_lidar
1786135789.0400352,2.0617677611030305,-3.568549463859918,-0.3911666453158263,-0.017863579521204577,0.027664620474297665,-0.7473754429400883,0.6635853438637789,odom_lidar,unilidar_lidar
1786135789.1993575,2.101074722372239,-3.574993700868442,-0.35229688662137587,-0.02325826004431342,0.038091610857007005,-0.7443211044852505,0.6663288797132288,odom_lidar,unilidar_lidar
1786135789.3434246,2.0663484133140013,-3.3919361388613196,-0.24414904596867892,-0.019007653410095363,0.03765759037158386,-0.744008897791425,0.6668368428682063,odom_lidar,unilidar_lidar
1786135789.4761193,1.9516610617400116,-3.389019535641685,-0.21268777672143108,-0.016337769725348148,0.030804341679790577,-0.7536646687971047,0.6563335560681219,odom_lidar,unilidar_lidar
1786135789.5999649,1.892799077212613,-3.487245423561825,-0.3093125300964171,-0.015334239633268128,0.02224925227852853,-0.7511519188306182,0.6595760962201379,odom_lidar,unilidar_lidar
1786135789.7277894,1.935315738074976,-3.6377928372781803,-0.31392901171147847,-0.012495526256405608,0.015067979205873664,-0.7535973480438309,0.6570447890726567,odom_lidar,unilidar_lidar
1786135789.862054,1.9482150869195762,-3.761475322714436,-0.2883066542056225,-0.010172268495518121,0.017656104702406264,-0.758357372889586,0.6515204385929869,odom_lidar,unilidar_lidar
1786135789.995946,1.9039435428656886,-3.742501700371242,-0.2530470923148283,-0.020745237648068213,0.03054109063182773,-0.7689918122544542,0.6381915618241548,odom_lidar,unilidar_lidar
1786135790.1487656,1.8273564807200733,-3.5500446325741124,-0.2620218169975132,-0.023476708146592366,0.045495617601907984,-0.7867602752640623,0.6151319063583335,odom_lidar,unilidar_lidar
1786135790.290468,1.7880549821609275,-3.4544918215407354,-0.2527303615576144,-0.027954822888339222,0.042758073539556817,-0.7960719689654387,0.6030420343988943,odom_lidar,unilidar_lidar
1786135790.4149988,1.8608479246438503,-3.356400525124177,-0.17370240632871636,-0.027081962068235658,0.039112019182687925,-0.797563605322222,0.6013560615404209,odom_lidar,unilidar_lidar
1786135790.5480142,1.9754186973863246,-3.333330508065787,-0.16515324566305573,-0.025066240012639573,0.03298471561572757,-0.7968359388278423,0.6027737375995487,odom_lidar,unilidar_lidar
1786135790.6685262,2.02301853354701,-3.3955923089143774,-0.25265800046158593,-0.019553861210627143,0.028521059089508773,-0.7905672576438096,0.6113980755953642,odom_lidar,unilidar_lidar
1786135790.790513,2.124650504564164,-3.521181034455082,-0.2860028210488778,-0.017913113775226343,0.03047408214793197,-0.7867420725425066,0.6162689039401861,odom_lidar,unilidar_lidar
1786135790.921246,1.9193632175362,-3.743437618527617,-0.2896221991411726,-0.021686437147266723,0.041598881844617935,-0.7858297756204496,0.6166610051085188,odom_lidar,unilidar_lidar
1786135791.046161,1.60933653781571,-3.886843265889541,-0.22364849670830766,-0.02939348073947245,0.04829479356446206,-0.7868699309488555,0.6145236756815216,odom_lidar,unilidar_lidar
1786135791.1871016,1.4016582472546184,-3.959018816160453,-0.1552098050103327,-0.03226100417574944,0.04234706702715328,-0.7903524156205134,0.6103351641897995,odom_lidar,unilidar_lidar
1786135791.3240173,1.2571996886491295,-4.026916102167198,-0.15621883933577524,-0.02511063550950388,0.041486772298833186,-0.7962514155640444,0.6030190601637637,odom_lidar,unilidar_lidar
1786135791.4498844,1.3200046479394838,-4.055253695315354,-0.26958350762460576,-0.025915864951528877,0.044230092113634704,-0.7968872267732414,0.6019491795003015,odom_lidar,unilidar_lidar
1786135791.570972,1.3489878736231926,-4.104861113409377,-0.2591621988910712,-0.02681940190950017,0.04726934332034139,-0.7952050392455153,0.6039000533381489,odom_lidar,unilidar_lidar
1786135791.698754,1.353231477042603,-4.095657443509548,-0.19556347220548065,-0.026704112350854858,0.05346670774283752,-0.7954557900402817,0.6030574496995178,odom_lidar,unilidar_lidar
1786135791.8266778,1.5212012736911151,-4.083226918087895,-0.2181294931552274,-0.028197169784726053,0.045741429965101714,-0.7957104614384658,0.6032889048857627,odom_lidar,unilidar_lidar
1786135791.9600298,1.7661680099244352,-3.9931872867075695,-0.2928301562289303,-0.01898583841441499,0.038682863395375675,-0.797463852594827,0.601826036179769,odom_lidar,unilidar_lidar
1786135792.0942733,1.8399836894507973,-4.01193560843411,-0.37473102329104463,-0.003588879205389156,0.030100680138455307,-0.7963458341500331,0.6040814360937931,odom_lidar,unilidar_lidar
1786135792.2260876,1.804098279323098,-4.001756053431574,-0.3270380656639086,-0.004246813868224709,0.030436608885755764,-0.794035763213496,0.6070937194119745,odom_lidar,unilidar_lidar
1786135792.3792515,1.6865173187751952,-3.8882591926639685,-0.19322022254400137,-0.017976280489630327,0.04203361289791493,-0.7891675054997359,0.6124742255718445,odom_lidar,unilidar_lidar
1786135792.5049455,1.5366322584615006,-3.786776908866476,-0.11484649031606804,-0.03268491830526513,0.0476411285652848,-0.7839240344605315,0.6181627028376329,odom_lidar,unilidar_lidar
1786135792.6225698,1.4842810913018372,-3.682235582170921,-0.09022829078533312,-0.031189957573798128,0.04653826544417924,-0.7850792240535667,0.6168565379044317,odom_lidar,unilidar_lidar
1786135792.7405562,1.5229939572833013,-3.878339819637822,-0.18161105251958298,-0.027190769517902686,0.04666758130708181,-0.788305780262814,0.6129084725407273,odom_lidar,unilidar_lidar
1786135792.857148,1.5376584130615039,-4.052957053356642,-0.26012900882418816,-0.02086860838179274,0.03981597651363535,-0.7845498474170466,0.6184340919745304,odom_lidar,unilidar_lidar
1786135792.9789565,1.5368308336658227,-4.203967009944339,-0.23601350399334844,-0.012579617464969639,0.035536919168248166,-0.7773565331310285,0.627929694312168,odom_lidar,unilidar_lidar
1786135793.131595,1.5603350071243591,-4.234271393805363,-0.17454418630820812,-0.02091236680297076,0.02992880959338677,-0.7770643014177251,0.6283613695424026,odom_lidar,unilidar_lidar
1786135793.2675245,1.6188007942813003,-4.06835634687959,-0.1829940193849219,-0.025276469509068117,0.03382739968292692,-0.7822756114661874,0.6214995372685739,odom_lidar,unilidar_lidar
1786135793.398911,1.5135588120293781,-4.013026396413032,-0.19719198196309495,-0.028978421095867863,0.04635418393409645,-0.782284222268825,0.620518280417148,odom_lidar,unilidar_lidar
1786135793.515632,1.3381032669788984,-4.048099108240196,-0.18639890102976375,-0.030585647335147688,0.06598710558233332,-0.7829751600434374,0.6177864670166464,odom_lidar,unilidar_lidar
1786135793.6461163,1.2415683135316842,-4.078943769427942,-0.2189989088949382,-0.025955766941490526,0.055334608452502994,-0.7873372315060073,0.6134855036220034,odom_lidar,unilidar_lidar
1786135793.7721577,1.2351028878599588,-4.170657119193699,-0.2592510030584014,-0.014643185033999551,0.043840303723783676,-0.7901434992163231,0.6111766156747581,odom_lidar,unilidar_lidar
1786135793.8988607,1.2433252668340804,-4.324163968653833,-0.21254232899178926,-0.018777910074821668,0.0423251794477005,-0.7942466375772521,0.6058285631886063,odom_lidar,unilidar_lidar
1786135794.0239284,1.2330528436804875,-4.293752115920582,-0.10460930223754783,-0.02440740189681078,0.049009031033496006,-0.7877086221230537,0.6136102347930693,odom_lidar,unilidar_lidar
1786135794.16988,1.2532850981674437,-4.248540102282006,-0.12924746524058425,-0.024374422148683746,0.04233543285518321,-0.7817873799221474,0.6216285798323193,odom_lidar,unilidar_lidar
1786135794.3100352,1.234805841408878,-4.184164099913696,-0.0952296914005315,-0.0233111807405905,0.051607269154535666,-0.779888952914107,0.6233510245001839,odom_lidar,unilidar_lidar
1786135794.4491153,1.2529132449869766,-4.181394823743416,-0.16044003959568479,-0.018475725585349344,0.05113177206200287,-0.7740253813621913,0.6308160575453104,odom_lidar,unilidar_lidar
1786135794.573474,1.3611553798311358,-4.113873705711039,-0.23481855004395819,-0.025164024573710104,0.04823743486845622,-0.7680846810329427,0.6380327926580954,odom_lidar,unilidar_lidar
1786135794.6933355,1.5720545869735316,-4.1551538466972655,-0.2406274740271906,-0.014269890098061077,0.027047065149813074,-0.7756995597316431,0.6303610231728372,odom_lidar,unilidar_lidar
1786135794.818806,1.6530319386084147,-4.256623500594075,-0.18175308330849516,-0.00906614182266911,0.014829123689711185,-0.7776498213183302,0.6284573633641473,odom_lidar,unilidar_lidar
1786135794.940847,1.5288629984359698,-4.400232728083659,-0.17220203315645052,-0.011438417291096601,0.022903364045976624,-0.7764614268564275,0.6296445434761848,odom_lidar,unilidar_lidar
1786135795.076571,1.332119398191781,-4.542818634507419,-0.2588356383948083,-0.02068028327225256,0.022812156540415636,-0.7725727350213027,0.6341792337340123,odom_lidar,unilidar_lidar
1786135795.2151418,1.182154033717965,-4.577819998104807,-0.2346060878519969,-0.02508250937851794,0.03243730528157828,-0.7685243879627744,0.6385052498263342,odom_lidar,unilidar_lidar
1786135795.3462665,1.0024785040146296,-4.630455772210942,-0.1380907401929215,-0.02053924818271009,0.04769408048382724,-0.7661836272736756,0.640520150556284,odom_lidar,unilidar_lidar
1786135795.4740596,0.9757999502371177,-4.589987767259617,-0.09891633990543815,-0.013814131880389642,0.05902136261786897,-0.7615628089053507,0.6452501349146034,odom_lidar,unilidar_lidar
1786135795.5962403,1.026597731172466,-4.649297928902565,-0.1386692052695948,-0.01607136752255876,0.06629976777609797,-0.7593533298096105,0.6470923986926806,odom_lidar,unilidar_lidar
1786135795.7187057,1.073301977437055,-4.62518936561214,-0.15600474611746012,-0.028845621638113488,0.042932981322189506,-0.7640963756688204,0.6430252078393758,odom_lidar,unilidar_lidar
1786135795.8408577,1.1444718643166676,-4.498888349053084,-0.1396508864399652,-0.02917680322567329,0.03345863548907255,-0.7739103749465832,0.6317372597961741,odom_lidar,unilidar_lidar
1786135795.9801605,1.230016151082081,-4.394098900421634,-0.1782736528909398,-0.03168654031890671,0.035356921467210256,-0.7721017936292722,0.6337228665129898,odom_lidar,unilidar_lidar
1786135796.104587,1.3133793872327495,-4.349059932417533,-0.23368345231005314,-0.035518634233011444,0.040434271005924345,-0.7646285700791997,0.6422200916890404,odom_lidar,unilidar_lidar
1786135796.2376864,1.1939902034767322,-4.575432400935931,-0.24019045798783115,-0.032947486437187555,0.0530132114516132,-0.7624554208048822,0.6440231314435128,odom_lidar,unilidar_lidar
1786135796.3714085,0.9855551603395648,-4.773921167325392,-0.219185996200483,-0.020363301865193573,0.04742618944547265,-0.7540374328371025,0.6548004599664402,odom_lidar,unilidar_lidar
1786135796.4990313,0.7780961917428317,-4.966581018072513,-0.1596476419611119,-0.012860809963248954,0.0314710839220813,-0.7539357471794642,0.6560678772572254,odom_lidar,unilidar_lidar
1786135796.6183531,0.8770927764782719,-4.966778978799944,-0.18852753357683905,-0.01636543929814624,0.02481723157125601,-0.761722823065966,0.6472206874275054,odom_lidar,unilidar_lidar
1786135796.7490466,0.9509090866266602,-4.905984205376381,-0.16076601356470566,-0.025466694962996767,0.04586194375734398,-0.7709222213013665,0.6347653568573405,odom_lidar,unilidar_lidar
1786135796.8791835,1.0440713233796786,-4.838584269173012,-0.17038435442652486,-0.033077630270823714,0.05526418467749017,-0.7713005030749905,0.6332039752116735,odom_lidar,unilidar_lidar
1786135797.0100791,1.0493425556963363,-4.779329560548288,-0.19174146139192247,-0.03128997847874123,0.03963191181318537,-0.7702640301858218,0.6357228740691397,odom_lidar,unilidar_lidar
1786135797.1489742,1.1505438002563309,-4.731965387654654,-0.23972088839238775,-0.021669743185176175,0.014579546670626251,-0.7681796474152823,0.6397014056152291,odom_lidar,unilidar_lidar
1786135797.2873218,1.1784470661942612,-4.771880540218927,-0.25508826213974484,-0.017257737186679896,0.018282943607426102,-0.7643518028519488,0.6443091074610221,odom_lidar,unilidar_lidar
1786135797.4244983,1.1272186308579306,-4.74930208613204,-0.18825668090274936,-0.02200660458317454,0.03852532010779944,-0.7598517292022532,0.6485806493364239,odom_lidar,unilidar_lidar
1786135797.5517507,0.8750039345580057,-4.841124053766846,-0.08481317207186698,-0.028551936406406814,0.0515479353364854,-0.7576024754630729,0.6500508337524183,odom_lidar,unilidar_lidar
1786135797.6711369,0.5983373677079886,-5.0338409995053786,-0.06357710929484049,-0.029276104266146633,0.049014451747991454,-0.7571875441032324,0.6506977149904223,odom_lidar,unilidar_lidar
1786135797.7918308,0.53541915629361,-5.140540112260885,-0.10334276579140536,-0.030634163551886997,0.05369915440522147,-0.7606743144298299,0.6461830516241887,odom_lidar,unilidar_lidar
1786135797.91643,0.5740514657727049,-5.238328161407554,-0.18442869856057498,-0.027220702862812245,0.04912828152722438,-0.7670668165113603,0.6391040168055303,odom_lidar,unilidar_lidar
1786135798.0691667,0.600526159777774,-5.27909652138562,-0.2126871009707499,-0.02468028894879333,0.06414851693372368,-0.7707840236540873,0.633378117708706,odom_lidar,unilidar_lidar
1786135798.218872,0.6763413293437933,-5.164097366427786,-0.2186657188239329,-0.022779329925941002,0.0678141866856868,-0.7654948208756175,0.6394529047747693,odom_lidar,unilidar_lidar
1786135798.3518171,0.6543017561727655,-5.051637719636138,-0.11356435719475333,-0.015304409734843547,0.07578784879720982,-0.7579538910567584,0.6477097158830327,odom_lidar,unilidar_lidar
1786135798.479197,0.6800644725698585,-5.072103202529212,-0.14290462557631092,-0.013274385111667963,0.06728424116995713,-0.7613143359550569,0.6447457665308094,odom_lidar,unilidar_lidar
1786135798.6073267,0.6732372342556359,-5.143859323608545,-0.21649613636944087,-0.017115419053469395,0.045218563033213144,-0.7592335732229701,0.6490198188645063,odom_lidar,unilidar_lidar
1786135798.7221265,0.6981368147746935,-5.259656949155985,-0.17125619543146559,-0.020393705006645352,0.03185040635013107,-0.751168871610511,0.6590257769881427,odom_lidar,unilidar_lidar
1786135798.8408792,0.6370241003129793,-5.358074060770875,-0.12545931807710548,-0.02619410302176802,0.023438866015778097,-0.7466123401257704,0.664330115303153,odom_lidar,unilidar_lidar
1786135798.971077,0.634292103491939,-5.337060831843307,-0.10125043367232278,-0.018919550840301287,0.048692437523812,-0.743128137370238,0.6671069393827589,odom_lidar,unilidar_lidar
1786135799.098993,0.6847420673023629,-5.366750871538353,-0.15348338889455632,-0.012791668771377288,0.05247230210154612,-0.7429424545980712,0.6671727961165685,odom_lidar,unilidar_lidar
1786135799.230253,0.5544928371463773,-5.460204838290694,-0.19361658792863715,-0.019693527497967017,0.049793023880774896,-0.7463096996687999,0.6634415211062399,odom_lidar,unilidar_lidar
1786135799.3617768,0.4421351082118391,-5.603556938272013,-0.24962588383452808,-0.020070110945787378,0.03545021033239999,-0.7498271252710422,0.6603784940787952,odom_lidar,unilidar_lidar
1786135799.493483,0.3112648310252942,-5.680960654850178,-0.22938208962034193,-0.018499861869850805,0.03235427070436914,-0.7531505991551178,0.6567915432390036,odom_lidar,unilidar_lidar
1786135799.6101916,0.3283767948118228,-5.671022827295042,-0.2261549516747055,-0.015926947854972454,0.04272795314824877,-0.755117494862661,0.6540016997715872,odom_lidar,unilidar_lidar
1786135799.7321641,0.4687772513758718,-5.5974946890518416,-0.22688692505633362,-0.020990968033614495,0.052411745473052676,-0.75566202252644,0.6525237895347034,odom_lidar,unilidar_lidar
1786135799.8573546,0.585598107712499,-5.355021796175833,-0.10849279911963075,-0.02334263380050999,0.053333419087796916,-0.745424503421911,0.6640429033984613,odom_lidar,unilidar_lidar
1786135799.9833615,0.6905356154024117,-5.251067456931426,-0.07216468222611964,-0.024311541224479528,0.04255907139357164,-0.7400958094682399,0.6707129544096775,odom_lidar,unilidar_lidar
1786135800.1167948,0.8297818797516212,-5.271479287941254,-0.13488115227339556,-0.02438689130793586,0.026395879852674938,-0.7430314545825706,0.6682909505298178,odom_lidar,unilidar_lidar
1786135800.2588298,0.8108328249943519,-5.308274020471575,-0.11666642226536894,-0.021087118817218083,0.029061473278888163,-0.7396332487947666,0.6720516508931051,odom_lidar,unilidar_lidar
1786135800.3969092,0.6760478735004014,-5.526408582270523,-0.251250548561308,-0.014952990832714659,0.027872518133757785,-0.7440429717175611,0.6673826391476938,odom_lidar,unilidar_lidar
1786135800.530586,0.4623190859785047,-5.690708200347704,-0.31094591057656107,-0.014622697043257839,0.031009087153577614,-0.7414435044505201,0.6701388982540968,odom_lidar,unilidar_lidar
1786135800.6713083,0.3437493703180271,-5.843543665032209,-0.26543779868840167,-0.01817897645874541,0.03472059596173641,-0.7424741381231155,0.6687272682112725,odom_lidar,unilidar_lidar
1786135800.7829475,0.27852475831570306,-5.794367051461137,-0.1288499917460705,-0.0177839444640496,0.04658724631432845,-0.7431733172363449,0.6672381736292332,odom_lidar,unilidar_lidar
1786135800.9103792,0.2913251796942587,-5.701605755153067,-0.025177862229939896,-0.012695846698488934,0.05223489536187036,-0.7411793912027086,0.6691512842695032,odom_lidar,unilidar_lidar
1786135801.0397215,0.23845639045140987,-5.683542286253086,-0.08037439180646616,-0.013974099191457562,0.04668855376137318,-0.7381759946814607,0.6728455278706211,odom_lidar,unilidar_lidar
1786135801.1829681,0.23711844228035217,-5.666441036671593,-0.12545928583141167,-0.022324754364625228,0.06423444426760508,-0.7355573854902506,0.6740407066067584,odom_lidar,unilidar_lidar
1786135801.3217142,0.31547744206768347,-5.8057731809296875,-0.16685280901480948,-0.029663770915385558,0.062020994635569024,-0.7365968694335602,0.6728287366486163,odom_lidar,unilidar_lidar
1786135801.4475574,0.40577167738216924,-5.824120332949963,-0.18547475747395076,-0.029380386657722687,0.044542922845986724,-0.7383691014706417,0.6722825231237359,odom_lidar,unilidar_lidar
1786135801.5805497,0.41797086164545727,-5.736395996705192,-0.11931554301259317,-0.03059570127785933,0.045867407020371086,-0.740466904135217,0.6698274762332097,odom_lidar,unilidar_lidar
1786135801.7054942,0.38934418092130024,-5.710739732540517,-0.10385370321537504,-0.02414570522563265,0.03684081389119328,-0.7480664052399223,0.662160398017287,odom_lidar,unilidar_lidar
1786135801.8158383,0.3376514139989605,-5.828378608286407,-0.24562151108712535,-0.008801988660330037,0.022527975125405036,-0.7571654828514736,0.6527751886451166,odom_lidar,unilidar_lidar
1786135801.9521627,0.1878319832807365,-6.070901421885996,-0.357934337317856,-0.010845006338746866,0.03095486192233288,-0.7617849186250959,0.6469991654679611,odom_lidar,unilidar_lidar
1786135802.099757,0.15349489697033686,-6.2454076146160995,-0.25214805635393067,-0.010953450457721272,0.049555502012865106,-0.7705719311362581,0.6353291848233176,odom_lidar,unilidar_lidar
1786135802.2249782,0.12786506253600427,-6.262928984454661,-0.21560247187383297,-0.018493760641936294,0.0526726309965668,-0.7695146249780127,0.6361845775450446,odom_lidar,unilidar_lidar
1786135802.352147,0.2254680923021199,-6.190394825213335,-0.2527582555829624,-0.020909681485696135,0.03307025407627279,-0.7668552360807115,0.6406264047095575,odom_lidar,unilidar_lidar
1786135802.4793499,0.2907219180114655,-6.0798828660527295,-0.19285048415787065,-0.02226672384953566,0.007918506207917621,-0.7670853897809086,0.6411095811584125,odom_lidar,unilidar_lidar
1786135802.605391,0.3030606285519745,-5.910743830247547,-0.1440816267323164,-0.022898659336869742,0.013125705354050781,-0.7728259859905509,0.634068894235686,odom_lidar,unilidar_lidar
1786135802.7333584,0.3270539620214164,-5.86570576643622,-0.21014246805866682,-0.017077901909070194,0.037519908997884065,-0.7757023199387661,0.6297511512786548,odom_lidar,unilidar_lidar
1786135802.8451207,0.30425977851396735,-5.8522586227492965,-0.2651751863782599,-0.01299550682598415,0.06154877284315781,-0.7745907200489414,0.6293266892305615,odom_lidar,unilidar_lidar
1786135802.979696,0.15922714225325793,-5.982155723876103,-0.22103459349296692,-0.022026748872740136,0.07075510700342301,-0.773092947683802,0.6299490704879257,odom_lidar,unilidar_lidar
1786135803.1162882,0.07744164125785105,-6.1781686384963015,-0.1640073526674407,-0.02790952645299176,0.05850565883780507,-0.7763269525922809,0.6269885237354081,odom_lidar,unilidar_lidar
1786135803.2525716,0.015581452835196338,-6.406636153238415,-0.14864675116718892,-0.030967833332083437,0.02218478778801117,-0.7753049951666051,0.6304371443365531,odom_lidar,unilidar_lidar
1786135803.3831103,-0.13898809905528337,-6.54602503765675,-0.1739801577346154,-0.03012332501506231,0.02621346725458963,-0.7715360495969079,0.6349311487058477,odom_lidar,unilidar_lidar
1786135803.4997296,-0.27971586033389595,-6.571926371017454,-0.19999705539874618,-0.026169720812462008,0.05350997406463824,-0.7709830806336312,0.6340638120606436,odom_lidar,unilidar_lidar
1786135803.6217659,-0.2665794969764431,-6.589753696520424,-0.21142942000715553,-0.016389020113481517,0.06536368736546805,-0.7694450308064024,0.6351482763583979,odom_lidar,unilidar_lidar
1786135803.749956,-0.18875266099335333,-6.609215522005365,-0.288579271868881,-0.01577303325313715,0.05429479636864856,-0.7663646584781476,0.6399128821526839,odom_lidar,unilidar_lidar
1786135803.88323,-0.10486329957864543,-6.579831062163812,-0.19398947652355675,-0.022244907999541177,0.05129715297261084,-0.7696683001103618,0.6359909385912843,odom_lidar,unilidar_lidar
1786135804.0066085,-0.014801925298204987,-6.484308756804995,-0.1371131451790201,-0.022623471202596293,0.040028246102415815,-0.7730010734666403,0.6327363261929347,odom_lidar,unilidar_lidar
1786135804.1329432,0.09534137994522864,-6.297777828051561,-0.1259105485201105,-0.022169984122315172,0.02523338604288638,-0.7749413096071198,0.6311400278046301,odom_lidar,unilidar_lidar
1786135804.274362,0.26952606085371583,-6.107915845570024,-0.14138427291835393,-0.02451423495711699,0.022364394020573504,-0.775845791117255,0.630049358836433,odom_lidar,unilidar_lidar
1786135804.4030075,0.2788326458545035,-6.18600256071804,-0.22751291232640103,-0.028389260546678452,0.020507121209954148,-0.7852097401597024,0.6182387660310746,odom_lidar,unilidar_lidar
1786135804.5392451,0.2567967716549524,-6.320147485217802,-0.249650245495847,-0.022384491027234426,0.02792726871032738,-0.7937655222170062,0.6071699086445213,odom_lidar,unilidar_lidar
1786135804.6744533,0.1427292681786077,-6.47790809876549,-0.19576830766635628,-0.014287751070987596,0.025562252356415727,-0.7989015533750617,0.6007484826769967,odom_lidar,unilidar_lidar
1786135804.7868078,0.00980527477692825,-6.618357651424375,-0.17672732845696895,-0.009814326649268281,0.023747177111193597,-0.8032206422334993,0.595127171671464,odom_lidar,unilidar_lidar
1786135804.9112468,0.026325104046513004,-6.532399696001549,-0.18031625080411717,-0.01453797524572476,0.022060674514453503,-0.7864604756789909,0.6170752742660309,odom_lidar,unilidar_lidar
1786135805.0512662,0.13216287632243556,-6.450227943473133,-0.15767748094925815,-0.021671330795380143,0.01623525228213635,-0.7732191795475242,0.6335604709771169,odom_lidar,unilidar_lidar
1786135805.1912339,0.053605166590788816,-6.4215897051678725,-0.20854652016911493,-0.02897258258758952,0.0241861713949357,-0.7746622869673786,0.6312479383902423,odom_lidar,unilidar_lidar
1786135805.3220448,0.02048555845691785,-6.547333089233671,-0.2742443397890808,-0.03346817405003235,0.016669742914959203,-0.7845315002117913,0.6189606822507726,odom_lidar,unilidar_lidar
1786135805.45286,-0.10097833412827012,-6.741104178857975,-0.17723765411204306,-0.028720888237037234,0.016471665552055946,-0.7999523107168897,0.5991494766679895,odom_lidar,unilidar_lidar
1786135805.578084,-0.26021684740011713,-6.755657740258397,-0.1285778975202559,-0.01903074146316156,0.036095800840950765,-0.7956669188927847,0.6043584021263172,odom_lidar,unilidar_lidar
1786135805.7028394,-0.29197235021264306,-6.743410538993681,-0.17069897958625882,-0.018820090275279935,0.04053839712114694,-0.7853147457683988,0.6174813297902971,odom_lidar,unilidar_lidar
1786135805.822313,-0.3227838544355668,-6.87788865416092,-0.15870391901139103,-0.019973332627566114,0.032825077134724344,-0.7779526244073055,0.6271469480692975,odom_lidar,unilidar_lidar
1786135805.9480867,-0.3881131551864446,-6.8286359849045715,-0.20011948263698226,-0.021325696675721272,0.03519342798343315,-0.7757342305404614,0.6297166353653589,odom_lidar,unilidar_lidar
1786135806.0800824,-0.31836743277436447,-6.816121255855651,-0.2665132401711423,-0.021066972618563697,0.030216405523921564,-0.7772504592778988,0.6281121516530292,odom_lidar,unilidar_lidar
1786135806.2079897,-0.13009529015335913,-6.700041366757244,-0.2118641791959135,-0.01541337554563904,0.03068643913544935,-0.7763282975531411,0.629392679275599,odom_lidar,unilidar_lidar
1786135806.3280282,0.03030571258495931,-6.578486823783256,-0.13035216109132763,-0.011827932966947771,0.024641835756797216,-0.7783983774410831,0.6271752912299348,odom_lidar,unilidar_lidar
1786135806.4441402,0.11475631043884502,-6.506507683472923,-0.10151158561005198,-0.014301002475746253,0.016697017629108843,-0.7802116590853545,0.6251291530218062,odom_lidar,unilidar_lidar
1786135806.5722158,0.18278909940188165,-6.455425941912,-0.07781390853005452,-0.01677767800828922,0.012295027901408894,-0.7823577093399094,0.6224819326261315,odom_lidar,unilidar_lidar
1786135806.6892376,0.03193120327490889,-6.537331774177617,-0.09334221542266534,-0.020567663029793903,0.02155698216228839,-0.7913345637186346,0.6106569217013641,odom_lidar,unilidar_lidar
1786135806.8107893,-0.20898333358492266,-6.809070379991649,-0.14859356120912925,-0.02501102181702485,0.03509891545718412,-0.7890106102416037,0.612866030913421,odom_lidar,unilidar_lidar
1786135806.9389036,-0.4802488161216626,-7.075195191002314,-0.28390698151285887,-0.023093468169076634,0.03746247706112742,-0.7811435215853201,0.6227985655295403,odom_lidar,unilidar_lidar
1786135807.0693266,-0.6095240837364679,-7.228642400901734,-0.22499727477565323,-0.009820198704831333,0.025716872763819402,-0.7741830529526036,0.6323628757870228,odom_lidar,unilidar_lidar
1786135807.208202,-0.5679914538058464,-7.340217919825842,-0.09332591859188892,-0.015272694223508087,0.015623784851291162,-0.7691382571088445,0.6387088410298114,odom_lidar,unilidar_lidar
1786135807.3304875,-0.46902402507496843,-7.2832213652010775,-0.07123170377914702,-0.018906591027005343,0.01689304041714484,-0.7667788027663414,0.6414105032110237,odom_lidar,unilidar_lidar
1786135807.4583511,-0.4054334894295267,-7.17446517759452,-0.13298632787602283,-0.026471464760088437,0.02332106631481677,-0.7654995159774414,0.6424685832456699,odom_lidar,unilidar_lidar
1786135807.5854862,-0.4278644434735984,-7.048113771521796,-0.1543096765453711,-0.03362487713752155,0.029895741783292542,-0.7665527964858723,0.6406031708166939,odom_lidar,unilidar_lidar
1786135807.7136464,-0.3528739934622166,-6.932330466686193,-0.16237178553233445,-0.022069828425784595,0.02974514883437765,-0.7721399828352462,0.6343721271471998,odom_lidar,unilidar_lidar
1786135807.8461235,-0.2845798519872691,-6.842260944543629,-0.13938457495349932,-0.006195847328480095,0.0268649665010149,-0.7761974760651926,0.6298867860185721,odom_lidar,unilidar_lidar
1786135807.969746,-0.23534749942134628,-6.868607153042126,-0.11301159918277871,0.003336964400224733,0.023348519682892265,-0.774562120595334,0.6320579345566896,odom_lidar,unilidar_lidar
1786135808.1118705,-0.24021432880377414,-7.036537710673742,-0.14151851957992362,0.0028264908697205287,0.027656161669805657,-0.7694401210289503,0.6381136637167484,odom_lidar,unilidar_lidar
1786135808.2522168,-0.33115743037674006,-7.2176658409740675,-0.11265828518157824,-0.005766646569111407,0.024933783161792705,-0.7698036261952194,0.6377675355027713,odom_lidar,unilidar_lidar
1786135808.3854663,-0.46189186988068254,-7.394867961351907,-0.12126884136148819,-0.016085689346876878,0.012397540849531156,-0.7667386195781001,0.6416380917827352,odom_lidar,unilidar_lidar
1786135808.5058737,-0.5642185505140589,-7.434558965288672,-0.08624951819495377,-0.015290724069114746,0.005976201858214014,-0.7703190060009767,0.6374473372463482,odom_lidar,unilidar_lidar
1786135808.6307826,-0.4913773136285749,-7.378440234828633,-0.10144852654471723,-0.013087058293543523,0.015972545488769915,-0.7803689949448871,0.6249782703618882,odom_lidar,unilidar_lidar
1786135808.7588222,-0.42668754550963345,-7.283192388556018,-0.1309720874401498,-0.012179273686686894,0.025122849036320397,-0.7926310902045125,0.6090619529981899,odom_lidar,unilidar_lidar
1786135808.9001806,-0.3656934297846957,-7.221331938628222,-0.14019932865217144,-0.011854351750213571,0.02611158763233776,-0.8054530119845656,0.5919654591451196,odom_lidar,unilidar_lidar
1786135809.0329785,-0.3118968743667823,-7.251980364977537,-0.13820212190559633,-0.015156084122998974,0.03175351415920353,-0.8136525761286841,0.5802856992997104,odom_lidar,unilidar_lidar
1786135809.1779988,-0.46386619556087055,-7.353999372611909,-0.20791590125561504,-0.01859561670649579,0.025743910217196353,-0.8172307054420208,0.5754349904279121,odom_lidar,unilidar_lidar
1786135809.31724,-0.5636313540019537,-7.488479038133609,-0.26117184538319776,-0.01796444566957225,0.013248042625861293,-0.8141888443822154,0.5801709176974672,odom_lidar,unilidar_lidar
1786135809.4446816,-0.6865335040137556,-7.643924333669059,-0.2791073275893584,-0.0189773296572694,0.006275096618259536,-0.8105271211214755,0.5853599491321932,odom_lidar,unilidar_lidar
1786135809.563403,-0.8280676324132894,-7.611330453786435,-0.26436222370858276,-0.021858229975521826,0.016720084902728482,-0.80810637107569,0.5883933629554824,odom_lidar,unilidar_lidar
1786135809.6861885,-0.8703699074346274,-7.453231776544476,-0.1979341066650815,-0.011049179640624162,0.034025397947011926,-0.8022655922773673,0.5958943760194938,odom_lidar,unilidar_lidar
1786135809.8114238,-0.8263466568618765,-7.4054243968441105,-0.16021425743219123,-0.002307514233902053,0.04047723867599916,-0.7971026296910628,0.6024812580212094,odom_lidar,unilidar_lidar
1786135809.9392135,-0.6823714227924342,-7.476290372513467,-0.09522232408955217,-0.0059214859037749834,0.024628372917626797,-0.803590747855135,0.5946429930754644,odom_lidar,unilidar_lidar
1786135810.0669842,-0.5728769972631902,-7.518957997563461,-0.09978194751982174,-0.013510267585547948,0.010580972150021998,-0.8111704108108768,0.5845580213486432,odom_lidar,unilidar_lidar
1786135810.200077,-0.6067313016801394,-7.522657616338865,-0.1557426784295318,-0.0230441877017535,0.010842858526474274,-0.8152750284557941,0.5785136349374536,odom_lidar,unilidar_lidar
1786135810.3141105,-0.6669787395185027,-7.466162487626226,-0.1339474753867574,-0.022545083053176256,0.020458532520350552,-0.8163259373677387,0.5767886369008337,odom_lidar,unilidar_lidar
1786135810.4424083,-0.6635305466859429,-7.56218454338095,-0.11888359774221564,-0.02630384267465352,0.01795515325197575,-0.8114969683540062,0.5834881238590055,odom_lidar,unilidar_lidar
1786135810.572269,-0.7888896425861684,-7.691906788517155,-0.10390952896375484,-0.018031203578145017,0.01490182209498718,-0.7966596091851195,0.6039753955988484,odom_lidar,unilidar_lidar
1786135810.6860878,-1.0974712930962016,-7.781410832009137,-0.19074768001511105,-0.007565537922086416,0.027427219008060187,-0.7859558893355773,0.6176275984055077,odom_lidar,unilidar_lidar
1786135810.8079612,-1.3004430738496113,-7.696689052655295,-0.2190838590092318,-0.009494104477010717,0.039148216377502945,-0.7848894917081835,0.6183249671012074,odom_lidar,unilidar_lidar
1786135810.931207,-0.9973038435754994,-7.647775699002798,-0.1337217279451724,-0.01176983657681608,0.03008035500998226,-0.7974257079927114,0.6025519757014756,odom_lidar,unilidar_lidar
1786135811.07291,-0.68741261027685,-7.661883142856461,-0.0579168917545369,-0.010731853440944114,0.015605482377003162,-0.8122268035011813,0.5830342321988963,odom_lidar,unilidar_lidar
1786135811.2010913,-0.5426943244044229,-7.663980710726094,-0.11485755843838875,-0.014692787791655754,0.013619749867408317,-0.8153877754310813,0.5785684057032592,odom_lidar,unilidar_lidar
1786135811.3297012,-0.6681363270712646,-7.64305749226294,-0.2148320268188443,-0.0141635809162927,0.008134095751170434,-0.804187059092765,0.5941518353499113,odom_lidar,unilidar_lidar
1786135811.4459054,-0.8702129214106975,-7.649892088870753,-0.1372760066095881,-0.009066887552101924,0.010796876939047672,-0.7903084690840265,0.6125469310122635,odom_lidar,unilidar_lidar
1786135811.5745242,-0.9832291300324638,-7.766043473622953,-0.0883223278664228,-0.013072822888263943,0.02083972512021422,-0.7857462531281484,0.6180595706351627,odom_lidar,unilidar_lidar
1786135811.7026086,-1.106683634727507,-7.836259427536456,-0.11743120609129938,-0.01332948180252406,0.026352671078570287,-0.7911345072373742,0.6109288445475282,odom_lidar,unilidar_lidar
1786135811.8253117,-1.2274100267080434,-7.895298828189361,-0.14864396077796355,-0.01472550646589615,0.03194759821921102,-0.7965383265648598,0.6035637536670005,odom_lidar,unilidar_lidar
1786135811.973026,-1.205521077689035,-7.912888447589365,-0.21760767322875008,-0.017430347707613925,0.03086490459992102,-0.7996164086670736,0.5994640436533297,odom_lidar,unilidar_lidar
1786135812.1230159,-1.194815181094171,-7.932687818414724,-0.25504393211133586,-0.019944197053342393,0.032483534422925404,-0.8022204756059823,0.5958098333476914,odom_lidar,unilidar_lidar
1786135812.258595,-1.1931094827838098,-7.948353324345517,-0.19163223818174507,-0.02134641278564801,0.03146656664076077,-0.7974915951584564,0.6021306681249912,odom_lidar,unilidar_lidar
1786135812.3892293,-1.1496856962196746,-8.029075636970692,-0.1398023369145068,-0.017308457725088867,0.02786002971206848,-0.7924585988522045,0.6090431882394076,odom_lidar,unilidar_lidar
1786135812.503856,-1.1621418129513208,-7.9802980698091215,-0.13188262194601538,-0.009489353853552958,0.0226968956819204,-0.7909134697654356,0.6114333049756493,odom_lidar,unilidar_lidar
1786135812.6282809,-1.1887238448358382,-7.943804436488146,-0.1956600595714239,-0.003896872673714673,0.021446671481127035,-0.7892211760006468,0.6137220788092127,odom_lidar,unilidar_lidar
1786135812.75664,-1.195212058975891,-7.956730224885652,-0.16539241528025017,-0.0032247253899542624,0.01662323599300939,-0.7895991217209583,0.6133893511863177,odom_lidar,unilidar_lidar
1786135812.8868566,-1.156720659075653,-7.9588363890697345,-0.21518012201904801,-0.007061747960232862,0.01636881461342853,-0.7894957535575791,0.6134970649794894,odom_lidar,unilidar_lidar
1786135813.0197473,-1.0744638106354327,-7.950108664211612,-0.1728858746161382,-0.006648989074390968,0.015635122507555835,-0.7894488111097334,0.6135812159167612,odom_lidar,unilidar_lidar
1786135813.1643703,-1.0354723054985338,-7.928359871951051,-0.06995239333480506,-0.017341295039037287,0.014565311108057186,-0.7867696247760043,0.6168311671182968,odom_lidar,unilidar_lidar
1786135813.3033733,-1.041175913322372,-8.041654169679413,-0.004093175212765282,-0.01633587150921076,0.0015781683380705525,-0.7855519486926101,0.6185780343594285,odom_lidar,unilidar_lidar
1786135813.4321365,-1.0872220917266417,-8.09895552776823,-0.03891212064314356,-0.009715292481392909,-0.0034066328151037256,-0.7845274272987846,0.6200086481338904,odom_lidar,unilidar_lidar
1786135813.5584452,-1.1541087294652799,-8.103298716738967,-0.08736043837606232,-0.005827625611980618,-0.0016911639857933492,-0.7843176099551097,0.6203298037805409,odom_lidar,unilidar_lidar
1786135813.6918943,-1.227181532041683,-8.168144851505673,-0.06900104425823606,-0.006090302876515413,0.0012544862979545757,-0.7853605102256896,0.6190074340854438,odom_lidar,unilidar_lidar
1786135813.8114958,-1.2255842064779003,-8.185152905349225,-0.03081073336413568,-0.013328498888454294,0.0035292837020454884,-0.7818803695828367,0.6232760086309579,odom_lidar,unilidar_lidar
1786135813.9482014,-1.238902492594413,-8.124614270563068,-0.06303348910351982,-0.018600725852514394,0.0060115886473536394,-0.7786398285291816,0.6271665578040188,odom_lidar,unilidar_lidar
1786135814.081326,-1.2000092601466927,-8.088335436054676,-0.1473320485558721,-0.022377968881248825,0.007681500807790201,-0.7765258000674107,0.6296410905299603,odom_lidar,unilidar_lidar
1786135814.2251344,-1.243073238057951,-8.131986831993986,-0.08993276303186143,-0.01968265748756446,0.007025712232462141,-0.7785512966259444,0.6272329000330854,odom_lidar,unilidar_lidar
1786135814.3475168,-1.3756095899725613,-8.212123825794828,-0.05034497439839619,-0.014355084359825425,0.008962114766697017,-0.7816520547949344,0.6234851059061378,odom_lidar,unilidar_lidar
1786135814.4752975,-1.499235021731733,-8.282078479884921,-0.061573117903236455,-0.013618467889368668,0.008728508061093888,-0.7850416786669975,0.6192317120715609,odom_lidar,unilidar_lidar
1786135814.5952456,-1.432128517390269,-8.3496456865835,-0.06963016848431834,-0.019857208789430338,0.01104192030973129,-0.7807360873076027,0.624447699355664,odom_lidar,unilidar_lidar
1786135814.71149,-1.4555503712338083,-8.360675993108114,-0.11419261738797377,-0.023296374418286376,0.015269044263559498,-0.7763042319598635,0.6297427051323793,odom_lidar,unilidar_lidar
1786135814.8285882,-1.3491725025979757,-8.38870995786894,-0.0680191223559102,-0.01706524484270952,0.0051579242742168085,-0.7728654814396343,0.6343194154641039,odom_lidar,unilidar_lidar
1786135814.9492989,-1.2492007280872375,-8.422510542149343,-0.01490310566187798,-0.01202243350564144,-0.00577694138732426,-0.770327756707767,0.6375086158526717,odom_lidar,unilidar_lidar
1786135815.092355,-1.1595263620904985,-8.40811984761194,0.00702133398691171,-0.009494205948881732,-0.014706098354486965,-0.766976946573449,0.6414358534954664,odom_lidar,unilidar_lidar
1786135815.2115223,-1.4159312662921542,-8.524415719833312,-0.006805112431278376,-0.008836822057411781,-0.011014860072998508,-0.7687241305663962,0.6394245807899758,odom_lidar,unilidar_lidar
1786135815.3392167,-1.728597205571878,-8.684484706500793,-0.11052085285871283,-0.026759585774159177,0.008435255419757164,-0.7706599213813782,0.6366286646167035,odom_lidar,unilidar_lidar
1786135815.4562259,-1.8053789159312819,-8.765661507292998,-0.15556377346017886,-0.02559185545185425,0.02258605984873618,-0.7683857131469278,0.6390761477842277,odom_lidar,unilidar_lidar
1786135815.5762196,-1.7073188806838693,-8.775591943906278,-0.1339657762296256,-0.017904921181635922,0.023367276621216165,-0.7695974973941294,0.6378503556363985,odom_lidar,unilidar_lidar
1786135815.695917,-1.5723408359356552,-8.728877318904049,-0.12304146022154236,-0.009439387522466574,0.017393805207719635,-0.7695459637068922,0.6382847039104315,odom_lidar,unilidar_lidar
1786135815.818647,-1.4961580627229432,-8.56757993113075,-0.05531160724700182,-0.003415848777106315,0.007493123474435607,-0.7665716584078103,0.6421059706961371,odom_lidar,unilidar_lidar
1786135815.9587939,-1.4771152070649867,-8.430575950835548,-0.07236315416077951,-0.010281799959655622,0.004968893392424088,-0.7643917755695299,0.6446509195911427,odom_lidar,unilidar_lidar
1786135816.106061,-1.495381335078476,-8.464555604065703,-0.044684960762208,-0.014070541463087508,0.0020462273163811004,-0.7649672380291649,0.6439122281481665,odom_lidar,unilidar_lidar
1786135816.250864,-1.5600956670675734,-8.609030305465838,-0.062169890751195306,-0.027349257734418687,0.0014246905543657774,-0.7652248475714779,0.643180317653929,odom_lidar,unilidar_lidar
1786135816.3792934,-1.6118318802479126,-8.718236640505088,-0.12452961986909622,-0.023955277046895453,0.006633039563832375,-0.763762159275871,0.6450190009185857,odom_lidar,unilidar_lidar
1786135816.491265,-1.6561602330452352,-8.830194562981895,-0.16419845159876598,-0.015438296418227656,0.012059719183649063,-0.7610910091704484,0.6483492098682802,odom_lidar,unilidar_lidar
1786135816.6176145,-1.723658794760674,-8.864663280059167,-0.13128422012413982,-0.007747722811285826,0.01525909381277474,-0.7634083319234355,0.6456894389697962,odom_lidar,unilidar_lidar
1786135816.737371,-1.7150552070831833,-8.847859290498038,-0.07723741231762654,-0.01033273002927732,0.016951353816530977,-0.7587652919881682,0.6510615316297214,odom_lidar,unilidar_lidar
1786135816.8649476,-1.6514412340288775,-8.701593083643495,-0.07255230593338519,-0.014265021208693045,0.016011249153329715,-0.7551103150010141,0.6552469467685714,odom_lidar,unilidar_lidar
1786135816.9957411,-1.600277794036848,-8.58040384760655,-0.0972115117813864,-0.021288345076597437,0.015578902697189931,-0.7523057534731218,0.6582857718695505,odom_lidar,unilidar_lidar
1786135817.1406553,-1.4877585305414163,-8.519241220875056,-0.21716450057046432,-0.022200128725104986,0.014645347982409983,-0.7526386209618862,0.6578964768895279,odom_lidar,unilidar_lidar
1786135817.2716112,-1.5395518064539107,-8.666672400681207,-0.15698014860805365,-0.01658446231681813,0.010142372193280427,-0.7521847594693023,0.6586654503752744,odom_lidar,unilidar_lidar
1786135817.3958993,-1.6633376475542099,-8.871626473540031,-0.08670750480676938,-0.009174937199337414,0.0028620503376241163,-0.7515214821915437,0.6596386063594812,odom_lidar,unilidar_lidar
1786135817.5371578,-1.7965935365358907,-9.058476944258862,-0.06880272621566934,-0.019315274322975938,0.005785293650489219,-0.7526340965110908,0.6581302054488457,odom_lidar,unilidar_lidar
1786135817.670334,-1.9382387047859808,-9.121679620570262,-0.07106715841421099,-0.02526599456674221,0.015301283088182974,-0.7538119795449142,0.6564259286080848,odom_lidar,unilidar_lidar
1786135817.7955325,-1.914406213140943,-9.19382416566279,-0.13234180807567567,-0.02194358675146352,0.018748179087086172,-0.7507383677122121,0.6599688538303932,odom_lidar,unilidar_lidar
1786135817.9315906,-1.856711398707863,-9.131966118598719,-0.15880212362191126,-0.011185141809200386,0.012025327674513388,-0.7448869167258929,0.6669885796530713,odom_lidar,unilidar_lidar
1786135818.0755591,-1.8956470428724952,-9.148774572512863,-0.13247927405757925,-0.009984081625638902,0.011050706474679064,-0.744487889380248,0.6674698364470464,odom_lidar,unilidar_lidar
1786135818.224666,-1.8958222515516772,-9.128673308198506,-0.12227907787893312,-0.011058743246586051,0.013014000679365497,-0.7477466329104139,0.6637645011261619,odom_lidar,unilidar_lidar
1786135818.3485312,-1.886220520303869,-9.152303158290028,-0.14098727878478984,-0.021645947894745204,0.017716911796432328,-0.7460741641205433,0.6652750601127085,odom_lidar,unilidar_lidar
1786135818.478483,-1.9005728983404881,-9.128687760307301,-0.15934578159442503,-0.01990584631592591,0.014431306262577383,-0.7471818879599722,0.6641646791169898,odom_lidar,unilidar_lidar
1786135818.6015506,-1.9432898588366465,-9.159441311570484,-0.15600927456654898,-0.02057577358599968,0.016400609710935602,-0.7472173294097099,0.6640586722363231,odom_lidar,unilidar_lidar
1786135818.7263072,-1.9595829338793131,-9.216609930331279,-0.1610391994001323,-0.02068086531854151,0.016405428357031522,-0.748202962767629,0.6629445604542215,odom_lidar,unilidar_lidar
1786135818.8566592,-1.9389335209195415,-9.22975204114389,-0.16223998183316474,-0.012304060311711986,0.01627032231553789,-0.7436571317163762,0.6682499211814147,odom_lidar,unilidar_lidar
1786135818.9843795,-1.9341882169599136,-9.262527309549585,-0.15187731423343007,-0.006436425382094055,0.016062802329995185,-0.7383409341390758,0.6742056242603183,odom_lidar,unilidar_lidar
1786135819.1255262,-2.0364509913461832,-9.289995219228215,-0.11841226816606776,-0.006934200510430694,0.022518144839048387,-0.7349340382693544,0.6777291563813586,odom_lidar,unilidar_lidar
1786135819.262385,-2.094499623108438,-9.324920863380282,-0.15661643961249327,-0.00988752762851005,0.021888558418613438,-0.7329529666293029,0.6798551879018463,odom_lidar,unilidar_lidar
1786135819.390482,-2.0759159930216446,-9.425572703742942,-0.1958005278468638,-0.011626588466400717,0.010290885669226622,-0.7348009367278281,0.6781050829308701,odom_lidar,unilidar_lidar
1786135819.5206401,-2.0610237024409024,-9.480523468127249,-0.19319470789615295,-0.015898478232121264,0.009257334921987454,-0.7359501700669279,0.6767857026552091,odom_lidar,unilidar_lidar
1786135819.6563249,-2.0044255250790304,-9.416727578636282,-0.12886373743522822,-0.019151797141438484,0.012415023408686488,-0.7489717475252546,0.6622087263612441,odom_lidar,unilidar_lidar
1786135819.7788253,-1.9430977101595786,-9.301851808955371,-0.09364260660715623,-0.01512851818430293,0.014445794721812693,-0.7629255530530353,0.6461478526243994,odom_lidar,unilidar_lidar
1786135819.9204001,-1.915744706164565,-9.243462393174712,-0.10010612840491652,-0.0052868340202749655,0.012524395446279417,-0.7730725433964007,0.6341719258618814,odom_lidar,unilidar_lidar
1786135820.0543597,-1.935280483434725,-9.25616635027749,-0.12778055092927765,-0.0025242703926438128,0.010510103012469855,-0.7812941560899761,0.6240693931393401,odom_lidar,unilidar_lidar
1786135820.1929808,-1.98143936220939,-9.384670050445989,-0.13953523285287275,-0.008646068898834057,0.008688411452783783,-0.7912255578696027,0.6114015649088249,odom_lidar,unilidar_lidar
1786135820.3130455,-2.0330995488200703,-9.522705812069931,-0.16354303600630501,-0.014662238525728961,0.0090342002636581,-0.8033656732614096,0.59523692510819,odom_lidar,unilidar_lidar
1786135820.4343793,-2.2462116948531134,-9.646215211860776,-0.1806855350169289,-0.020659539690860325,0.017030512765965015,-0.8153733462108425,0.5783160479734448,odom_lidar,unilidar_lidar
1786135820.5493367,-2.2677377567524615,-9.72178365833298,-0.19604531102204972,-0.01842041870590189,0.02098206544749271,-0.8098418625013761,0.5859834458792829,odom_lidar,unilidar_lidar
1786135820.679757,-2.302773294619804,-9.756186017019475,-0.2480883548047626,-0.01484951178469876,0.023958317570426404,-0.8024049225007799,0.5961139415962926,odom_lidar,unilidar_lidar
1786135820.8013794,-2.338970431410136,-9.79909862641294,-0.2318748780622051,-0.016480837587353886,0.017635320275759425,-0.7985630433210212,0.6014270058062404,odom_lidar,unilidar_lidar
1786135820.940052,-2.4135481397792415,-9.805527092733948,-0.19941310171190618,-0.023133586197152504,0.008876293264575556,-0.7976002342356784,0.6026772892309211,odom_lidar,unilidar_lidar
1786135821.0816174,-2.4122380366121448,-9.796565727478102,-0.11436702720630132,-0.02061123073259078,0.007076552723070753,-0.8032589550240736,0.5952311742028294,odom_lidar,unilidar_lidar
1786135821.2179973,-2.317394833264429,-9.723761509528645,-0.06875453580796015,-0.018262862288911004,0.012072138629981067,-0.8032002588997894,0.5953067070285922,odom_lidar,unilidar_lidar
1786135821.3439894,-2.1735200418252543,-9.629983996131532,-0.07660000045163881,-0.016776329149503142,0.020650728247822527,-0.8016477512634171,0.5972043076681619,odom_lidar,unilidar_lidar
1786135821.4765038,-2.2362441377909086,-9.687848560818392,-0.10982469109331082,-0.009442035474702293,0.016459357191846016,-0.8132385555101319,0.5816210014766658,odom_lidar,unilidar_lidar
1786135821.6064718,-2.27011042231104,-9.72807693985563,-0.15142346258708725,-0.007480957651343287,0.012615542497016755,-0.8248601463263425,0.5651465494565191,odom_lidar,unilidar_lidar
1786135821.7344615,-2.361838491912615,-9.778643421526898,-0.17054806037234949,-0.014547322967062763,0.012010619444733753,-0.8298266188377406,0.5577023427271657,odom_lidar,unilidar_lidar
1786135821.8576984,-2.428554825888431,-9.779823541270595,-0.15206629126933996,-0.01861606958827348,0.01698462551891405,-0.8306086413145636,0.5562861219036851,odom_lidar,unilidar_lidar
1786135822.008573,-2.484776345624909,-9.7560536919838,-0.15515858494305024,-0.019825579260895104,0.023702965723555982,-0.8303000901507943,0.5564592313174982,odom_lidar,unilidar_lidar
1786135822.151272,-2.4165617300332536,-9.690638328385049,-0.15901435022679367,-0.011795281216080377,0.016439301792192565,-0.8241427651466632,0.5660206032946425,odom_lidar,unilidar_lidar
1786135822.2846918,-2.3119490212230738,-9.75011117365925,-0.11734562346265681,-0.010621271620465274,0.006100775278052303,-0.8180014674671148,0.5750857052229846,odom_lidar,unilidar_lidar
1786135822.4047344,-2.246826983027762,-9.7718272278764,-0.12956337914940214,-0.02016550608577244,0.004112995641969007,-0.8152813932939901,0.57869913200191,odom_lidar,unilidar_lidar
1786135822.5252223,-2.205269779569063,-9.834644860909902,-0.04945081285052816,-0.020663503912376112,0.005498689340563744,-0.8148302150519566,0.5793051912938305,odom_lidar,unilidar_lidar
1786135822.6533449,-2.2972339100087416,-9.79069528952761,0.0012871215088945398,-0.019205791760728588,0.012857524553099074,-0.8163827577482118,0.5770485373663421,odom_lidar,unilidar_lidar
1786135822.7846029,-2.4078027989368627,-9.696811193954149,-0.08754970928380407,-0.0189190507706941,0.02500987364475549,-0.8167033039546068,0.576205075513778,odom_lidar,unilidar_lidar
1786135822.9153583,-2.5069990333154766,-9.787875627017131,-0.19050552837119467,-0.019873782843271293,0.019302206985427447,-0.820458688736726,0.5710341475230726,odom_lidar,unilidar_lidar
1786135823.0512373,-2.564729618248229,-9.963991546011034,-0.24083930520713984,-0.022573606333132455,0.011394808183903428,-0.8222757370782409,0.5685272226164763,odom_lidar,unilidar_lidar
1786135823.1860619,-2.567341052546869,-10.11017765444546,-0.14741612677769422,-0.010311298892186238,0.0026422696083371216,-0.8227325227688926,0.5683290345432005,odom_lidar,unilidar_lidar
1786135823.3186061,-2.6797872721943454,-10.168038590517074,-0.09020157118671258,-0.01114590491471623,0.009709133641135176,-0.8214465575508673,0.5700938998230031,odom_lidar,unilidar_lidar
1786135823.4356248,-2.7849245903800024,-10.214489361158577,-0.06418779185640022,-0.015256075827948131,0.01501591225847396,-0.8198993865938798,0.5721073067112125,odom_lidar,unilidar_lidar
1786135823.5486054,-2.75527182841899,-10.180299734260265,-0.08296717085132069,-0.020946824814279882,0.019641141165222777,-0.8187154214614828,0.5734810500488001,odom_lidar,unilidar_lidar
1786135823.6601298,-2.7206367311507447,-10.155957696341721,-0.14104906941438736,-0.0193820711715377,0.02193703531174512,-0.8167349019600667,0.5762700770637958,odom_lidar,unilidar_lidar
1786135823.7898455,-2.6500239154099243,-10.149002480107473,-0.1740081866893902,-0.016460396193666897,0.01861692241917158,-0.8147274940759246,0.5793112945157814,odom_lidar,unilidar_lidar
1786135823.9184837,-2.7410013876836836,-10.197054356960898,-0.1717415743955769,-0.01634511067813263,0.014178005184340054,-0.8140711904255387,0.580361885761857,odom_lidar,unilidar_lidar
1786135824.060462,-2.8183920231588204,-10.281173859930151,-0.1593073644607675,-0.01909867054327375,0.013497350963576052,-0.8128718976696321,0.5819728002917466,odom_lidar,unilidar_lidar
1786135824.2050378,-2.8289981281952548,-10.30814039059924,-0.12743311937442234,-0.016529009011049794,0.009787834675019693,-0.8120107944559558,0.583326203629234,odom_lidar,unilidar_lidar
1786135824.324398,-2.8310783555310204,-10.347100328935229,-0.11004557190692417,-0.01673452181985822,0.006966255177537403,-0.8102774124628611,0.585766115374347,odom_lidar,unilidar_lidar
1786135824.4461231,-2.8746844728152454,-10.353024784016762,-0.05097985616736087,-0.01900300079164604,0.006361944171146326,-0.8125016352539691,0.5826143701771368,odom_lidar,unilidar_lidar
1786135824.570649,-2.89770906378918,-10.33456585395686,-0.0051672360158973585,-0.018357037349452446,0.006535774240582938,-0.8121640142056041,0.5831036930634776,odom_lidar,unilidar_lidar
1786135824.6966045,-2.9238212581065346,-10.404259765692867,-0.09336190802081745,-0.017273318487617862,0.011511858167828223,-0.8085888419092858,0.5880078182556326,odom_lidar,unilidar_lidar
1786135824.8357794,-2.898628326705277,-10.550928505034392,-0.09201970915402677,-0.016995189106570115,0.013124707203592465,-0.8050425227393425,0.5928283412502537,odom_lidar,unilidar_lidar
1786135824.9824736,-2.980499377027456,-10.59411425655998,-0.10635551072343957,-0.016262451526777574,0.012271916359507518,-0.8032183867373504,0.5953361705341385,odom_lidar,unilidar_lidar
1786135825.124106,-3.0171908198520057,-10.562207445634481,-0.1168445411986048,-0.018577595071801723,0.008994445078060884,-0.8027985894781116,0.5958929414341477,odom_lidar,unilidar_lidar
1786135825.2595026,-3.0516325820885566,-10.481995110925192,-0.11663592205322619,-0.017261170261882928,0.009368511819145473,-0.8043517914744558,0.5938286609278122,odom_lidar,unilidar_lidar
1786135825.3743892,-3.0014432624186203,-10.419177354672303,-0.10725433658006839,-0.0156998916066532,0.015229302832369543,-0.8029289306393328,0.5956733283278317,odom_lidar,unilidar_lidar
1786135825.4965155,-2.9283382215383846,-10.412841571181923,-0.15578457752167374,-0.022458668347482835,0.01947459540035965,-0.8024249724538014,0.5960121743157315,odom_lidar,unilidar_lidar
1786135825.6161764,-2.9478221803216784,-10.475700911671877,-0.07914554122715584,-0.020558616194429422,0.018062690461817812,-0.8006432152354609,0.5985161020481188,odom_lidar,unilidar_lidar
1786135825.7488992,-2.996391838308257,-10.534654052242582,0.008457618945777644,-0.018330496363549206,0.014237235586019263,-0.8012850701050293,0.5978323598239834,odom_lidar,unilidar_lidar
1786135825.8796349,-3.1290730355143195,-10.622738532935765,-0.018500334265089673,-0.010479962814679711,0.009784695345422865,-0.8060917669355783,0.5916168467809868,odom_lidar,unilidar_lidar
1786135826.019276,-3.114770381947401,-10.638022772456091,-0.10112881190952729,-0.012146237332270651,0.01214165650703547,-0.8051137591496007,0.5928717263657729,odom_lidar,unilidar_lidar
1786135826.1549785,-3.124117893629093,-10.666374352451124,-0.14569420843478098,-0.01845917376735283,0.01311783447744641,-0.8015229110459094,0.5975351072455412,odom_lidar,unilidar_lidar
1786135826.2765112,-3.1429845663354574,-10.719975245180999,-0.10522131342100025,-0.021298312672362447,0.014992354013816647,-0.798953902027323,0.6008279900551818,odom_lidar,unilidar_lidar
1786135826.3889525,-3.053968176994206,-10.683583821996633,-0.10629703220294359,-0.01923171767258153,0.021863734328743088,-0.795971617710518,0.6046331962073082,odom_lidar,unilidar_lidar
1786135826.510768,-3.0387165469361808,-10.547611329353686,-0.13245328539475976,-0.01529549233562233,0.023955577353399694,-0.7905462343746253,0.6117424536060713,odom_lidar,unilidar_lidar
1786135826.6332269,-3.08383711549648,-10.480321259649635,-0.11207147993662561,-0.00954392890140357,0.025149530324988133,-0.7896351808726841,0.6129867010577972,odom_lidar,unilidar_lidar
1786135826.7575445,-3.1998706706253968,-10.589626241594194,-0.10477488940866302,-0.01378316748075845,0.026796851891937687,-0.7910372422348095,0.6110253958882775,odom_lidar,unilidar_lidar
1786135826.8797584,-3.2847181823514964,-10.723141693325577,-0.10860565428415048,-0.01933411078463896,0.02150023008223337,-0.7933993401390378,0.6080143249410477,odom_lidar,unilidar_lidar
1786135827.0135412,-3.257680078368901,-10.836270636554056,-0.1934886377167538,-0.02383457456259745,0.025752840128775302,-0.7931555921530508,0.6080073280126361,odom_lidar,unilidar_lidar
1786135827.1471403,-3.2028786391443718,-10.928046458471012,-0.1251885627843856,-0.014503309952100845,0.013755680487987853,-0.7938079130456195,0.607839972723828,odom_lidar,unilidar_lidar
1786135827.2825081,-3.2510112759315857,-10.933925145298732,-0.03732138322446078,-0.007694098948636519,0.01152825723427697,-0.7974197434350007,0.6032658227569058,odom_lidar,unilidar_lidar
1786135827.3986578,-3.3261292242924063,-10.881444276643364,-0.006501153012105743,-0.008610035282617352,0.012758204279450742,-0.7994100792585558,0.6005885619089205,odom_lidar,unilidar_lidar
1786135827.521478,-3.3805509378619076,-10.825870215783205,-0.005871088020000737,-0.011007550977135079,0.017497859223606436,-0.8073221304812724,0.5897487909095331,odom_lidar,unilidar_lidar
1786135827.6384525,-3.404400124260483,-10.918801591379413,-0.08998860059355779,-0.020930373543399435,0.016745901926027092,-0.8206800054737932,0.5707589884071493,odom_lidar,unilidar_lidar
1786135827.7744043,-3.4048402832161813,-11.028226644657975,-0.17377159975251952,-0.02351336628163903,0.010712105721189224,-0.8314205430896041,0.5550425685708362,odom_lidar,unilidar_lidar
1786135827.9134853,-3.401769849992763,-11.017036462916794,-0.19554585034307523,-0.02220032112220452,0.011377146014213935,-0.8325646520052299,0.5533658884698736,odom_lidar,unilidar_lidar
1786135828.0493696,-3.4572069824124703,-11.093408696296605,-0.14844535717240337,-0.0193916447582314,0.012630447231175958,-0.8271813656099896,0.5614583014827584,odom_lidar,unilidar_lidar
1786135828.182464,-3.4891352303002248,-11.122893455866723,-0.06283675567556615,-0.01503277801755635,0.018411489214330737,-0.8217718038701927,0.5693207663645471,odom_lidar,unilidar_lidar
1786135828.3019457,-3.520363672320976,-11.099510340698917,-0.07777310508461806,-0.011686352500094801,0.022396078676694117,-0.8214827802010735,0.5696734912722073,odom_lidar,unilidar_lidar
1786135828.429349,-3.489322881573603,-11.074157635077286,-0.08601613247231776,-0.01029686499939942,0.017771434642096143,-0.8199315730587585,0.5720929698775679,odom_lidar,unilidar_lidar
1786135828.5635731,-3.4151646855395894,-11.042582514647792,-0.06321620216681334,-0.01412397863562975,0.009624212879482256,-0.8182174744140074,0.5746547244367822,odom_lidar,unilidar_lidar
1786135828.6854792,-3.3719173203296418,-10.989658185164686,-0.0613230859442902,-0.016594409889516517,0.002276861649078769,-0.8183916285883601,0.5744167334940213,odom_lidar,unilidar_lidar
1786135828.8187335,-3.6351546313214964,-11.166461278182148,-0.1051747689475183,-0.022819243490805267,0.006868497587742891,-0.8280988952448781,0.5600752856193595,odom_lidar,unilidar_lidar
1786135828.9605198,-3.778883576831978,-11.31529866482318,-0.09976933827953305,-0.024807544717740583,0.015906857475609246,-0.8453504812838316,0.5333986514826621,odom_lidar,unilidar_lidar
1786135829.1023793,-3.8161771749735047,-11.363418068839371,-0.13579764553807164,-0.02365187043689572,0.024740962263784954,-0.8577217706955311,0.5129735255215625,odom_lidar,unilidar_lidar
1786135829.23035,-3.751606540668269,-11.200233562143156,-0.1384462448884399,-0.01876494623956937,0.026923503820387423,-0.8609285790130684,0.5076662127551906,odom_lidar,unilidar_lidar
1786135829.3531957,-3.655119139655224,-11.035935196965971,-0.16488915825158793,-0.017882708903445187,0.028312640468889,-0.8627505126104581,0.5045197281597084,odom_lidar,unilidar_lidar
1786135829.4827402,-3.5024405239116483,-10.814926296650448,-0.1212977191778501,-0.019028957048045636,0.02229988252198034,-0.8577051030992457,0.5133055329437644,odom_lidar,unilidar_lidar
1786135829.607665,-3.4348412016173837,-10.828974205988775,-0.060376660587707,-0.02220975705164719,0.012092083902763865,-0.8490848649834417,0.5276508317577506,odom_lidar,unilidar_lidar
1786135829.720345,-3.524000185589659,-10.994697403420549,-0.035259410998139236,-0.02098965165054715,0.002975181065225152,-0.8462641559746306,0.5323415831341416,odom_lidar,unilidar_lidar
1786135829.8646038,-3.601537513031585,-11.276378192319534,-0.008092290712200328,-0.014703244562336302,-0.002147388686163127,-0.8486630617739256,0.5287250806436904,odom_lidar,unilidar_lidar
1786135829.9943845,-3.742668261551331,-11.38683702363851,-0.0646858927703633,-0.012563112563789518,0.011063035185599064,-0.8525737753996856,0.5223387166924525,odom_lidar,unilidar_lidar
1786135830.1370842,-3.8744416481570836,-11.444346947583954,-0.10816602330815436,-0.015033367311635588,0.0252469368631181,-0.8550623445939507,0.5176919710636811,odom_lidar,unilidar_lidar
1786135830.2494967,-3.8489268943703583,-11.402735316287496,-0.12042003102760297,-0.01366187059375585,0.024544545821281502,-0.8532572680639908,0.5207330919562166,odom_lidar,unilidar_lidar
1786135830.3747118,-3.849796138195411,-11.436942883994918,-0.11037356982878285,-0.017584073821788577,0.01252034447985051,-0.8508447462535234,0.5249735794253968,odom_lidar,unilidar_lidar
1786135830.4996433,-3.800567404158663,-11.452731439265218,-0.1121979487158999,-0.020073392015889615,0.004186786136111528,-0.8495678986560407,0.5270805586701016,odom_lidar,unilidar_lidar
1786135830.6272109,-3.764225696520677,-11.431707311559263,0.003312281016464691,-0.01705981939081324,0.0036627627385141335,-0.8469390242475043,0.5314036468995668,odom_lidar,unilidar_lidar
1786135830.758682,-3.79062934266801,-11.390174897847027,-0.027219681132486767,-0.01552977831201952,0.008538608596799332,-0.8450894564972887,0.5343311039663773,odom_lidar,unilidar_lidar
1786135830.8837557,-3.884334507364671,-11.341062781932429,-0.11883041618120209,-0.016716947091681682,0.015141536673976906,-0.8438126492990935,0.5361636787679016,odom_lidar,unilidar_lidar
1786135831.0357673,-3.982231212995809,-11.430292992127562,-0.09353359018488998,-0.018917995078824343,0.012972681079437715,-0.8461220116088102,0.532495408880555,odom_lidar,unilidar_lidar
1786135831.1701972,-4.005843308213294,-11.52252288358476,-0.03191020812233265,-0.01861485333564368,0.01136213208363359,-0.8488790915707305,0.5281369870439468,odom_lidar,unilidar_lidar
1786135831.3025556,-4.025510416871616,-11.603096289628859,-0.025686321481439237,-0.013878391201248608,0.009496959997480285,-0.8500244068458973,0.5264747912053831,odom_lidar,unilidar_lidar
1786135831.4304528,-4.037107913363225,-11.571800977215137,-0.05197745951028143,-0.02052139283961963,0.013687776362264667,-0.845524941246718,0.5333658134375627,odom_lidar,unilidar_lidar
1786135831.5581465,-4.026711192952478,-11.537372093149601,-0.1419480130211705,-0.02503238383390411,0.02105788967681486,-0.8401712798241145,0.5413336915440057,odom_lidar,unilidar_lidar
1786135831.6918783,-4.037926165426379,-11.525672286933496,-0.15913412977577385,-0.018793347208222413,0.025072221789714775,-0.8387986401419344,0.5435393592843852,odom_lidar,unilidar_lidar
1786135831.819866,-4.122465557110501,-11.556098667885436,-0.15504274245874294,-0.01288383938665001,0.027427379116783914,-0.8411597961666613,0.5399369804618908,odom_lidar,unilidar_lidar
1786135831.9557636,-4.170354137161729,-11.628566965542081,-0.1221125715884647,-0.009922425070715061,0.017668039506750426,-0.844075404479646,0.535841485341725,odom_lidar,unilidar_lidar
1786135832.1150703,-4.169193723899439,-11.72196085149596,-0.01981200918522892,-0.014179019137023588,0.006203797610708265,-0.8447081344826814,0.5350033979801488,odom_lidar,unilidar_lidar
1786135832.24736,-4.174169276272815,-11.78807096546396,0.03208717495247823,-0.021912528978548052,0.000971957258407174,-0.8428134036644912,0.5377587404927301,odom_lidar,unilidar_lidar
1786135832.3671665,-4.102141492245919,-11.76627297397148,0.03850051015580375,-0.025651252408153784,0.0023774447826690475,-0.8416486012350656,0.539410783211882,odom_lidar,unilidar_lidar
1786135832.4937444,-4.153643864559997,-11.709200966299074,-0.05919769440168218,-0.023899342297670805,0.006856901156077974,-0.8430165501088039,0.5373126655746403,odom_lidar,unilidar_lidar
1786135832.618748,-4.2617908360524,-11.691448047096229,-0.1592399514608591,-0.020896627971950375,0.020318791232329273,-0.8442658770193228,0.5351313918684388,odom_lidar,unilidar_lidar
1786135832.7498603,-4.320222077434156,-11.621817957456738,-0.18593380763024836,-0.01935854870182309,0.022837833380685842,-0.8422104856822097,0.538316986324574,odom_lidar,unilidar_lidar
1786135832.8811548,-4.3080488441391855,-11.633988661166798,-0.11360118792289502,-0.021104626013438644,0.017811662048489843,-0.8351589716960928,0.5493148745950979,odom_lidar,unilidar_lidar
1786135833.0253537,-4.327693848612056,-11.72744947348837,-0.07684920274596704,-0.02500097261987538,0.00992713341975975,-0.8282636697683404,0.5596925019437082,odom_lidar,unilidar_lidar
1786135833.1557357,-4.343793328465519,-11.822816157091289,-0.07747963262753502,-0.0268381620513692,0.01114150240472761,-0.8290187358522352,0.5584653217414952,odom_lidar,unilidar_lidar
1786135833.28265,-4.347361671675928,-11.928648771781319,-0.11386270263229778,-0.02478460993153918,0.014218077436942622,-0.8319760508523083,0.5540752838673962,odom_lidar,unilidar_lidar
1786135833.4046495,-4.371985968466963,-11.93539581584753,-0.17814166206839033,-0.016555478098963898,0.01943953896373732,-0.8336241132571472,0.5517416589908968,odom_lidar,unilidar_lidar
1786135833.5305512,-4.391768928554619,-11.882626202043216,-0.15540950138693818,-0.020762970876134244,0.014573254676204407,-0.8307316078036745,0.5560948795704391,odom_lidar,unilidar_lidar
1786135833.666654,-4.390528531274226,-11.797811257775322,-0.030045651227109615,-0.01727690304172524,0.010825849748190114,-0.8320887090050146,0.5542677060274076,odom_lidar,unilidar_lidar
1786135833.784398,-4.404605450689355,-11.734515746955362,0.014295338977558247,-0.019811975819515663,0.00900066898029974,-0.8350694997557442,0.5497139293757484,odom_lidar,unilidar_lidar
1786135833.9104624,-4.391134652551813,-11.865165975326708,0.016069988713115657,-0.024513744415547878,0.004526284879200114,-0.8432700169752522,0.5369117874944445,odom_lidar,unilidar_lidar
1786135834.0567176,-4.518231048670509,-11.982735096518796,-0.1098523896227212,-0.02607662089341502,0.01563978619871374,-0.8584864903346751,0.5119339340611165,odom_lidar,unilidar_lidar
1786135834.1885781,-4.664930581435537,-12.102289326779395,-0.23399308053767717,-0.026996514679137055,0.023791922940736173,-0.8716254560920386,0.4888498715253049,odom_lidar,unilidar_lidar
1786135834.3046877,-4.601585785517549,-12.111495200072156,-0.12385017512870392,-0.021583083872223335,0.019156425160885716,-0.8731721593061658,0.48655686417748545,odom_lidar,unilidar_lidar
1786135834.4275973,-4.55782061714939,-12.070730962081981,0.0019473704640894929,-0.02530252468531644,0.007181840831695633,-0.8638141620766816,0.5031235402985806,odom_lidar,unilidar_lidar
1786135834.5450873,-4.482153211283545,-11.911168238172294,0.042073477019551886,-0.017576249712064108,0.005396904681293947,-0.855940655635885,0.516747078265114,odom_lidar,unilidar_lidar
1786135834.6817727,-4.51715694327114,-11.82548378568214,-0.0158893927357157,-0.013107699018086545,0.008724145671938795,-0.8605401815232583,0.5091391494401738,odom_lidar,unilidar_lidar
1786135834.8032331,-4.5027280443660755,-12.061685297535654,-0.06657427931977689,-0.022494046626713785,-1.6699152568851881e-06,-0.8689042407700177,0.4944688445548877,odom_lidar,unilidar_lidar
1786135834.9306412,-4.700857994255434,-12.207086304403783,-0.09226524873817549,-0.024288219132563734,0.00731067362366275,-0.8899897517205438,0.4552745087251664,odom_lidar,unilidar_lidar
1786135835.0634787,-4.935407409248862,-12.307879673885196,-0.08518346760959142,-0.023987581631404714,0.018782007554755092,-0.9085439960452123,0.4166769004515216,odom_lidar,unilidar_lidar
1786135835.2058191,-4.885298257522449,-12.133103436578802,-0.09695932804553822,-0.023062484390409605,0.024247406984640216,-0.9234494663670629,0.38225811715992397,odom_lidar,unilidar_lidar
1786135835.3326995,-4.810401518321739,-12.022509231876557,-0.1280635038879673,-0.024192988845402063,0.024938423898872387,-0.9370795880837155,0.3473825267641144,odom_lidar,unilidar_lidar
1786135835.460694,-4.697159112664191,-11.998183902725252,-0.10302425148586632,-0.023805802384675005,0.01139201615857503,-0.9471877757607255,0.31959165068899104,odom_lidar,unilidar_lidar
1786135835.572573,-4.616267627173323,-12.004141656018211,0.021695063873589715,-0.017340741633987036,0.0018534349484863205,-0.9547833457461836,0.29679054254507325,odom_lidar,unilidar_lidar
1786135835.685693,-4.623045421412354,-11.988057943600436,0.03396805529682523,-0.017178313671937454,0.005181157030887604,-0.9618407316236603,0.2730210031130787,odom_lidar,unilidar_lidar
1786135835.8165038,-4.782368839297656,-11.919344707776427,-0.1042400638328826,-0.02558611059976283,0.022078186996100504,-0.9697657068602697,0.2416865292091045,odom_lidar,unilidar_lidar
1786135835.954753,-4.9185393556435155,-11.974961779390252,-0.15104134193931223,-0.03051512165713381,0.02500957119538317,-0.9734265180398807,0.22557518186987524,odom_lidar,unilidar_lidar
1786135836.0973663,-4.9664275941509946,-12.087979424526983,-0.11483001068372063,-0.03250765775774,0.014624584920607324,-0.9750955331266279,0.2189019757322965,odom_lidar,unilidar_lidar
1786135836.2496188,-5.05458625089023,-12.206878749168354,-0.018891399017731625,-0.0250364498087506,0.005421818684780628,-0.9745254685363446,0.22280909145980018,odom_lidar,unilidar_lidar
1786135836.3646827,-5.060362794018523,-12.287378047497567,0.0010677843496095423,-0.023667196756154127,0.004042958181960524,-0.9739226684756497,0.22560619254824169,odom_lidar,unilidar_lidar
1786135836.4895082,-4.93288769256911,-12.077612661507171,-0.03982597789652827,-0.02376499747312222,0.012564725948672398,-0.9763304396726538,0.21460714136659115,odom_lidar,unilidar_lidar
1786135836.6111035,-4.903107702176233,-11.935445185293021,-0.08159187420866969,-0.02376261907484713,0.018035976683835428,-0.9812965883880505,0.19017635788324713,odom_lidar,unilidar_lidar
1786135836.7470887,-4.812134822724236,-11.831434382848698,-0.1019841220193228,-0.021114358290975657,0.018907628048846485,-0.9862482788343564,0.1628220438755034,odom_lidar,unilidar_lidar
1786135836.880766,-4.891138045481634,-11.89941144281564,-0.03613610575802706,-0.02487293079720967,0.009315165007194851,-0.9909391131877113,0.1316595570750503,odom_lidar,unilidar_lidar
1786135837.0318923,-5.035064219126698,-12.028412548994039,0.01705413389152502,-0.029796005162189824,0.0033903739175988098,-0.9943668369872587,0.10166266247265159,odom_lidar,unilidar_lidar
1786135837.1635013,-5.164663672613664,-12.167550050550146,0.05729759694339431,-0.022954880629503426,0.0010419125124019916,-0.9966946507551008,0.0779215055666254,odom_lidar,unilidar_lidar
1786135837.294532,-5.193324138307991,-12.065820788914452,0.029684068883913617,-0.01271715764848509,0.012333366491391188,-0.9980039899378622,0.060615163453051436,odom_lidar,unilidar_lidar
1786135837.4201212,-5.250793604571282,-12.117011355104781,-0.009164832217710583,-0.02208994760922562,0.008883928639870097,-0.9982076384661946,0.054905560139991386,odom_lidar,unilidar_lidar
1786135837.5426123,-5.318002492056003,-12.096780107322155,-0.03824698735090204,-0.028760030835600345,0.008070857340952628,-0.9976367437795397,0.06187608058914828,odom_lidar,unilidar_lidar
1786135837.6729882,-5.36470063426454,-12.087382853904954,-0.11503862036080073,-0.033807106508425444,0.01698193119053825,-0.9968959395223939,0.0690447632071513,odom_lidar,unilidar_lidar
1786135837.8005178,-5.272764639768301,-12.091213534432157,-0.09582707585785838,-0.033491229841725624,0.014456780489956536,-0.995426787957117,0.0882884411399965,odom_lidar,unilidar_lidar
1786135837.9199216,-5.162968684822432,-12.072236517991934,-0.011747124179703148,-0.01891182723178918,0.001678256562715977,-0.9946572407354027,0.10147166943684142,odom_lidar,unilidar_lidar
1786135838.0556264,-5.083001252583516,-12.015119926870744,0.035961456886224,-0.010330763535671162,0.00045550405453148764,-0.9944014405207567,0.10516103333017619,odom_lidar,unilidar_lidar
1786135838.193371,-5.204062547696954,-11.913474089098502,0.005074446635437754,-0.016223545289148614,0.0078015695521009565,-0.9951934751834495,0.09625943612479682,odom_lidar,unilidar_lidar
1786135838.3116002,-5.431318742437826,-11.804788282044647,-0.0664285832740688,-0.029705681473768675,0.017362360154130393,-0.9964468636239082,0.07687502137972792,odom_lidar,unilidar_lidar
1786135838.436659,-5.485004284623533,-11.801719820784573,-0.08577469689229662,-0.03663792594197361,0.021355363034522738,-0.9982029202914007,0.04233840778836645,odom_lidar,unilidar_lidar
1786135838.561075,-5.459221175599157,-11.863458467544666,-0.07236946790667996,-0.03238362660022839,0.015671593443347995,-0.9992868908369703,0.011463493732038138,odom_lidar,unilidar_lidar
1786135838.6884634,-5.527094831377992,-12.06950594132584,0.008028205486434167,-0.021158597290457857,0.00620360752581204,-0.9997152186090601,0.009127469299053725,odom_lidar,unilidar_lidar
1786135838.8253202,-5.517702055560028,-12.118872870850602,0.07675433071340934,-0.013858840241998818,0.0013337133115051915,-0.9997755931790554,0.015966121614761273,odom_lidar,unilidar_lidar
1786135838.9595242,-5.525352571273638,-12.10898748033936,0.06333556824118834,-0.016711923707284332,0.003048587034375677,-0.9995339925933108,0.02536169106292631,odom_lidar,unilidar_lidar
1786135839.0947769,-5.5908743880429945,-12.037097482939826,0.006509786989779956,-0.021081365981361608,0.0029288726030459603,-0.9997725704172252,-0.0013435605567744188,odom_lidar,unilidar_lidar
1786135839.2251883,-5.637438463302187,-11.887408302801463,0.0052791824305767066,-0.019613784761047616,0.004570332488515978,-0.9994340177325409,-0.026945420896376714,odom_lidar,unilidar_lidar
1786135839.3558292,-5.704705688838002,-11.789472278816147,-0.019065327493352997,-0.027152658575386675,0.011818025709785497,-0.9985926460948057,-0.04399766546063217,odom_lidar,unilidar_lidar
1786135839.480782,-5.686526142867194,-11.833508685610362,0.007690902028633345,-0.031124454396711868,0.012214518963886773,-0.9984819844574772,-0.04376985925092889,odom_lidar,unilidar_lidar
1786135839.6007183,-5.643255679348525,-11.937818282377409,-0.004303940206969767,-0.030892837770594764,0.008007302549816837,-0.9990599385240221,-0.029338624997308972,odom_lidar,unilidar_lidar
1786135839.7114158,-5.637715072752568,-12.00682404228244,0.0031212185187476284,-0.02896074397478959,0.002009513859926378,-0.9994875020951978,-0.013489637429356782,odom_lidar,unilidar_lidar
1786135839.8423588,-5.654045011251947,-11.94664155831097,-0.017808355504401657,-0.024379568605947054,0.0006270835647774822,-0.9997023738530934,-0.0006380542931286428,odom_lidar,unilidar_lidar
1786135839.983764,-5.592013135652177,-11.922602059859104,-0.005573357891904293,-0.025811671191051464,0.0009111760146075166,-0.9996657091843317,0.0011820615815127126,odom_lidar,unilidar_lidar
1786135840.1268744,-5.589734581724615,-11.837289713318775,0.013298149550384145,-0.023748508649367412,-0.0004635518802557963,-0.9997178521178288,-9.804845848688937e-05,odom_lidar,unilidar_lidar
1786135840.2434053,-5.599057496007596,-11.778810510754955,0.049006442421754476,-0.022586137687027493,0.0012346203030251075,-0.9997112490076631,-0.00810929741890871,odom_lidar,unilidar_lidar
1786135840.3668008,-5.637453093039583,-11.77570821284377,-0.018101773331463823,-0.027586081793148767,0.01025776094866842,-0.9993934875469813,-0.018612992244755426,odom_lidar,unilidar_lidar
1786135840.495284,-5.712494559841019,-11.735972432411625,-0.054071301189140816,-0.032231812569285055,0.019077412699529585,-0.9988679057626358,-0.02932694018400837,odom_lidar,unilidar_lidar
1786135840.6139104,-5.793627070184774,-11.730297219760184,-0.04196931696969816,-0.034849040575091764,0.013387076962489915,-0.9984423442132426,-0.0414634275399518,odom_lidar,unilidar_lidar
1786135840.7455204,-5.854300196638488,-11.708961509657398,-0.016154891511037578,-0.03022121634305583,0.00897782988212064,-0.9989842163231724,-0.03219646239155841,odom_lidar,unilidar_lidar
1786135840.872007,-5.866470298825093,-11.742840545403176,0.004481417052865774,-0.0207730732839105,0.0020750205139665285,-0.9997069621076475,-0.012254127047920563,odom_lidar,unilidar_lidar
1786135841.0122523,-5.828502412146022,-11.71511944323274,0.043109822044095435,-0.01928068845889371,0.0025165085099233446,-0.9997596500661758,0.010127405246568431,odom_lidar,unilidar_lidar
1786135841.145562,-5.780016117515271,-11.723823492165991,0.024197061603211382,-0.02536043601571698,0.009838493076327452,-0.9994306311863675,0.019961607788424485,odom_lidar,unilidar_lidar
1786135841.270411,-5.933032322194422,-11.683683733596194,-0.018261474649199402,-0.034164533658908064,0.015500683330387498,-0.9992389608275924,0.010677669237884506,odom_lidar,unilidar_lidar
1786135841.3978121,-5.991286597747691,-11.72232065317198,0.003853443518151582,-0.03232181516851198,0.011051637697035703,-0.9994001664984433,0.005698137529916602,odom_lidar,unilidar_lidar
1786135841.5198684,-6.013084627403646,-11.698834491337221,-0.012543397067595113,-0.029156269503076378,0.00731488762444414,-0.9995475228972529,0.0010741683627128742,odom_lidar,unilidar_lidar
1786135841.6478276,-6.029805152390447,-11.614757202651774,-0.04909078564405363,-0.0295343896621689,0.008788636635706561,-0.9995223700093938,-0.0023476678157817,odom_lidar,unilidar_lidar
1786135841.7868493,-6.0215388483478876,-11.489030636407497,-0.06753901970958869,-0.03189284202611352,0.01364297126466874,-0.9993847292824903,-0.0051844806425075515,odom_lidar,unilidar_lidar
1786135841.91768,-6.065955399028275,-11.45550324147584,-0.031804193210333384,-0.032082869323661924,0.009284569488142014,-0.9994381959054472,0.0027890555113873985,odom_lidar,unilidar_lidar
1786135842.053827,-6.053834981402626,-11.63199641350314,0.057157920470494644,-0.024919544601744444,0.004359684168042955,-0.9996246863142807,0.010511705944935336,odom_lidar,unilidar_lidar
1786135842.1772444,-6.125948600438711,-11.697889820954755,0.04191977083996144,-0.025022587662251093,0.006807322764126267,-0.9996161571825009,0.009750321182400693,odom_lidar,unilidar_lidar
1786135842.2977667,-6.167928683337083,-11.710988642416936,-0.005147256073359474,-0.02909120231942803,0.005312255343025558,-0.9995249029250961,0.008686214558581692,odom_lidar,unilidar_lidar
1786135842.4110172,-6.181317878800069,-11.738017880138287,-0.0022363610087509783,-0.031233611695085633,0.003212490532192178,-0.9994814600864764,0.00713809137419534,odom_lidar,unilidar_lidar
1786135842.5293384,-6.154352716181711,-11.714895563319677,0.060591263474498086,-0.02408003982421329,0.0038570005515036936,-0.9996301969294589,0.012030985644634864,odom_lidar,unilidar_lidar
1786135842.6541288,-6.168310237836216,-11.628242006039587,0.05439262829958114,-0.023686907385390036,0.009823234716427728,-0.9994264175631462,0.02211945648332625,odom_lidar,unilidar_lidar
1786135842.7872815,-6.235235529781414,-11.505129594388682,-0.03469724687193815,-0.03273286805708389,0.00875306833940313,-0.999072937052623,0.026555782655552872,odom_lidar,unilidar_lidar
1786135842.9256933,-6.3157925992252,-11.38563267719872,-0.0405693410353522,-0.03345211533530445,0.013488465254954368,-0.9989336146315435,0.028821013927659515,odom_lidar,unilidar_lidar
1786135843.070503,-6.36857878125004,-11.343243375580869,0.009528031352658079,-0.027928143477676408,0.012999157241485666,-0.9991477128189484,0.027475237607082183,odom_lidar,unilidar_lidar
1786135843.200524,-6.3128608978094585,-11.368694645583133,0.02724086386719731,-0.02182337029918001,0.012971943383404117,-0.9994351735264808,0.0220182449740211,odom_lidar,unilidar_lidar
1786135843.320371,-6.291540732321367,-11.489826471868566,0.021952007852258815,-0.021728892458510066,0.006285150686941113,-0.9993391600236909,0.028453389192023296,odom_lidar,unilidar_lidar
1786135843.4367285,-6.280138253344885,-11.573039519522302,0.032957576527324825,-0.022938061310116466,0.003625144116499275,-0.9990706923436169,0.036310540804481484,odom_lidar,unilidar_lidar
1786135843.5548651,-6.432217640716327,-11.660729890680535,0.03966825069906585,-0.024517185079994504,0.005618401378897776,-0.9987632221238764,0.04288784599897158,odom_lidar,unilidar_lidar
1786135843.6874511,-6.554862308797712,-11.60315018802497,0.0340801491347098,-0.02525617762554488,0.008040336004637017,-0.9987571093343769,0.042210366531445415,odom_lidar,unilidar_lidar
1786135843.8288474,-6.581977587437933,-11.475736662978123,-0.020951342454927586,-0.0250996835733022,0.008970483748133959,-0.9989188567112073,0.03808745216759996,odom_lidar,unilidar_lidar
1786135843.97854,-6.423189451422309,-11.410794356207253,-0.009872994914590389,-0.023936514562574764,0.006581496208110907,-0.9991374835171775,0.03328687743271018,odom_lidar,unilidar_lidar
1786135844.1425233,-6.343687521160774,-11.434844213268528,-0.008658952782547764,-0.027417371452974026,0.008301848707776142,-0.9991298184121318,0.030314567626534072,odom_lidar,unilidar_lidar
1786135844.25978,-6.344153598658202,-11.445047072008022,-0.0011639717211277684,-0.029053871591120748,0.01147401292865241,-0.999073648252934,0.029598394203955405,odom_lidar,unilidar_lidar
1786135844.3878055,-6.421061062712869,-11.549998554134259,-0.007916985251296138,-0.02913782074718388,0.008912154251488029,-0.9991326683189926,0.028380838720386176,odom_lidar,unilidar_lidar
1786135844.5073383,-6.474150543117085,-11.599574086523479,-0.005533914699601045,-0.027503641058846135,0.007130164618356448,-0.9990377923274817,0.03340957920197395,odom_lidar,unilidar_lidar
1786135844.6372547,-6.510801231495599,-11.621253240394463,0.05561073584299203,-0.02145243543847066,-0.0005429804890323929,-0.9988113469454797,0.04376518478086768,odom_lidar,unilidar_lidar
1786135844.7619193,-6.486490175725235,-11.501578562882841,0.07755573921095218,-0.016684283884409574,0.00042211106690518373,-0.9985301962718728,0.051564557854855135,odom_lidar,unilidar_lidar
1786135844.9008315,-6.363477830751182,-11.428188352496322,0.027069528648540148,-0.017968161958520194,0.0018770524701930253,-0.9983729992725258,0.05408304866996664,odom_lidar,unilidar_lidar
1786135845.0371866,-6.236045730118525,-11.413335968283493,-0.00857541744920809,-0.0251873105871734,0.005215048829586476,-0.9983978430704015,0.05039989685962059,odom_lidar,unilidar_lidar
1786135845.1650834,-6.322571987274347,-11.468754235169756,-0.03860717254640686,-0.034672714941352586,0.011526113563202718,-0.9984292082451727,0.0424743177419181,odom_lidar,unilidar_lidar
1786135845.2875795,-6.367474460925418,-11.5315928539231,-0.014419679423278153,-0.02978046824066669,0.01551937776394807,-0.9986851453324385,0.038733101057272096,odom_lidar,unilidar_lidar
1786135845.4068308,-6.449620236232597,-11.652692263408738,0.046052847224501675,-0.02694469438638991,0.010821521729893977,-0.999008192030241,0.033756634434473916,odom_lidar,unilidar_lidar
1786135845.5289378,-6.4949893341437726,-11.621925395625224,0.04848378609906766,-0.024275032126173008,0.004361430189971191,-0.999244265557461,0.03004327699339209,odom_lidar,unilidar_lidar
1786135845.642646,-6.438639658676073,-11.455685380372183,0.003585505887530871,-0.02794799896538289,0.011014472114378263,-0.9988951615901197,0.036139271018118785,odom_lidar,unilidar_lidar
1786135845.778905,-6.385418366290694,-11.349864468006183,-0.010570848730846665,-0.031492176436032554,0.01473123555800338,-0.9984841662940154,0.042668526836551465,odom_lidar,unilidar_lidar
1786135845.9234529,-6.307778926804959,-11.447144873589576,-0.009893183892843577,-0.029997984401171858,0.009832130106445557,-0.9984945095937213,0.0448571561808289,odom_lidar,unilidar_lidar
1786135846.0617502,-6.3087117628137745,-11.560283821901905,0.031559820998682535,-0.025109097662827883,0.00423574338036344,-0.998762025291021,0.042731821037164185,odom_lidar,unilidar_lidar
1786135846.1850824,-6.384895977815309,-11.615117172792933,0.06960529116243352,-0.018824588924523534,0.004981457914279306,-0.998927287649874,0.042013020807086326,odom_lidar,unilidar_lidar
1786135846.301634,-6.480109993609127,-11.570951087915338,0.017392996642459274,-0.024747279181460795,0.00946867714585202,-0.9990264548703627,0.03527121766225032,odom_lidar,unilidar_lidar
1786135846.4207227,-6.615164846686855,-11.513763810990328,-0.02570507964063949,-0.033764935407667875,0.01435372959371372,-0.9989773831977876,0.026421344457983095,odom_lidar,unilidar_lidar
1786135846.5337496,-6.644366726116335,-11.480302779752451,-0.032884439557367154,-0.035819808863640216,0.013702386479544979,-0.9990561087449084,0.020397977282552743,odom_lidar,unilidar_lidar
1786135846.6698408,-6.406009276904923,-11.469073606916957,0.017144107400456812,-0.027576771188992072,0.00929738665059413,-0.9993041299954368,0.023331010829419914,odom_lidar,unilidar_lidar
1786135846.8118684,-6.229134894263049,-11.445967141786499,0.0402249294885398,-0.02137356875729895,0.006276719242355824,-0.9994079942288144,0.02621897072098262,odom_lidar,unilidar_lidar
1786135846.9485524,-6.2273058266341845,-11.474126824978166,-0.017072127301445902,-0.022895649798907635,0.006425586949726449,-0.9992979243686735,0.028950982800212202,odom_lidar,unilidar_lidar
1786135847.082284,-6.377059910760602,-11.523828621632202,-0.015526854746794543,-0.024644209830259303,0.0066514894207961445,-0.9991309961878745,0.03294955336499815,odom_lidar,unilidar_lidar
1786135847.2147121,-6.522019003074413,-11.574562431324367,-0.006470631616657403,-0.027883646468814742,0.00958643801461945,-0.9989063035713344,0.03628772728137236,odom_lidar,unilidar_lidar
1786135847.3338084,-6.535364738605413,-11.644307276897065,0.032933375856936585,-0.02493726798612492,0.006155727846282156,-0.9988437109037485,0.040638416161308095,odom_lidar,unilidar_lidar
1786135847.465664,-6.587168776747497,-11.631933173499394,0.036581734421432546,-0.02579948441347725,0.004965741325216117,-0.9988707927630418,0.0395836757012565,odom_lidar,unilidar_lidar
1786135847.5816095,-6.4522200995423455,-11.631352613999713,0.007714262303110453,-0.02368599036088458,-0.0007050016107239043,-0.9988628521266019,0.041370031119921775,odom_lidar,unilidar_lidar
1786135847.7107463,-6.338395882145498,-11.580755945666212,-0.012121621838600632,-0.023611364857880762,0.004390787541488646,-0.9989500901013703,0.0390120740384044,odom_lidar,unilidar_lidar
1786135847.8372524,-6.2560066088852935,-11.488658760821908,-0.012684135462576282,-0.02508404938961896,0.013236176147529144,-0.998904780571519,0.03721335054219805,odom_lidar,unilidar_lidar
1786135847.9833431,-6.320542528873672,-11.475763254814277,0.015449223150286295,-0.027921582139286024,0.010285184052537928,-0.9987638699518724,0.03981623184838005,odom_lidar,unilidar_lidar
1786135848.1317446,-6.393677223345564,-11.445811243898504,0.018798261757107953,-0.028194612519293394,0.00645522031782104,-0.9986996566049464,0.04198082720358678,odom_lidar,unilidar_lidar
1786135848.2536063,-6.49289112965802,-11.433552923375688,-0.007932345720279621,-0.029904504131853932,0.0036800355566693212,-0.9986494445833445,0.042325699100042115,odom_lidar,unilidar_lidar
1786135848.3832295,-6.466874406906174,-11.398307153626824,-0.0009297409602421758,-0.024298173110672165,0.00785749860992979,-0.9986245883399443,0.045790720260284544,odom_lidar,unilidar_lidar
1786135848.5154157,-6.353105536706838,-11.494701087323973,0.020915479990231467,-0.022554169120052897,0.009704006542733744,-0.9989321701543472,0.03913644264683795,odom_lidar,unilidar_lidar
1786135848.6515064,-6.308689076354479,-11.561328756542842,0.0459768118328672,-0.02350788684279757,0.004453117162613824,-0.9991240740094501,0.03433123560959261,odom_lidar,unilidar_lidar
1786135848.8043735,-6.299174245248391,-11.525984519093091,0.029535195813615373,-0.02576255094720453,0.0014737938981533116,-0.9992255391078766,0.029705906732699662,odom_lidar,unilidar_lidar
1786135848.9518805,-6.383613480901331,-11.507753759969235,0.028915999778320628,-0.026506584737944972,0.002796283611824784,-0.999289065351485,0.026663563761205242,odom_lidar,unilidar_lidar
1786135849.0904536,-6.464221439076113,-11.484487908175431,0.02735930503579076,-0.02643932434213436,0.008852085720568698,-0.9993179488335711,0.02421239033618312,odom_lidar,unilidar_lidar
1786135849.2185946,-6.551842394128019,-11.486966732151968,-0.009734877918586425,-0.030861120477169948,0.016572820406110248,-0.9991959680243917,0.01950257291946903,odom_lidar,unilidar_lidar
1786135849.3434837,-6.501040029276985,-11.571744537613716,-0.03706505543953856,-0.023024382564315674,0.008036447202303149,-0.999449130890184,0.022510621642967733,odom_lidar,unilidar_lidar
1786135849.4683452,-6.495262278129315,-11.632978117747834,-0.01875584251782758,-0.02277957191106662,0.004856135323115417,-0.9993131329290785,0.028823105466660878,odom_lidar,unilidar_lidar
1786135849.5986643,-6.418699557118155,-11.572576742231446,0.03370018147793784,-0.01966040684720511,-0.000549526614211739,-0.9989708834401777,0.040869798896664485,odom_lidar,unilidar_lidar
1786135849.726732,-6.404358038644858,-11.566396233469957,0.033966699465842645,-0.019830953147524023,0.005402727153195933,-0.9986112636335557,0.04850863820766477,odom_lidar,unilidar_lidar
1786135849.8598363,-6.400209865062514,-11.54611860336696,0.012980378289437988,-0.023685530619775144,0.006985395155159002,-0.9980290292094112,0.05769104565793741,odom_lidar,unilidar_lidar
1786135849.9936087,-6.367293214481743,-11.442729190416125,0.022076252804942895,-0.0246564103907408,0.009344046801395552,-0.9979978638201881,0.05748925139848333,odom_lidar,unilidar_lidar
1786135850.1217165,-6.327851126312242,-11.359174703187499,0.044986405348978895,-0.025644375833227973,0.01047538770716692,-0.99836686322193,0.04996237245080536,odom_lidar,unilidar_lidar
1786135850.2435865,-6.347382395048387,-11.495644860928513,0.06373708493185182,-0.024905326237772123,0.003269949538326579,-0.9985562591566075,0.04748083249237925,odom_lidar,unilidar_lidar
1786135850.3657713,-6.343291036374956,-11.61660248763174,0.04583255775444452,-0.023564046467957296,-0.0035577681095407296,-0.9988102518546463,0.042545960915140346,odom_lidar,unilidar_lidar
1786135850.4929795,-6.39249640107787,-11.643061361834812,0.018408371003435925,-0.023218893904520015,0.0009692785492818167,-0.9990443127197822,0.037018977392719275,odom_lidar,unilidar_lidar
1786135850.6178713,-6.391714881469098,-11.465366212486858,-0.01842992396290516,-0.02471813459808975,0.011233473809140604,-0.9989440282364531,0.03706280263146185,odom_lidar,unilidar_lidar
1786135850.7484949,-6.458865853065911,-11.357751093587359,-0.03582275804145035,-0.030575190847924115,0.014076520505841624,-0.9989015555183649,0.03259895179377312,odom_lidar,unilidar_lidar
1786135850.8797588,-6.395358766587,-11.3559112690727,0.022967893576071895,-0.024499591464283835,0.008229297882331942,-0.9991214666263373,0.03299005305973487,odom_lidar,unilidar_lidar
1786135851.022477,-6.382102021424592,-11.375427215975732,0.018794520233295364,-0.027115103617554228,0.0028287364032166234,-0.9988322593097712,0.039885926945588006,odom_lidar,unilidar_lidar
1786135851.154666,-6.380757906091995,-11.450799019675244,0.030928012963745782,-0.02519792664279855,0.0010474092807132426,-0.9983620624271108,0.051353283565792614,odom_lidar,unilidar_lidar
1786135851.2657292,-6.42178547946311,-11.489912579872705,-0.0015786353865688274,-0.02544762452948642,0.010554532055150093,-0.9980226788005564,0.056495600347856445,odom_lidar,unilidar_lidar
1786135851.3827941,-6.4122155145024715,-11.510423855844149,-0.01432970592150204,-0.02764534526323474,0.012025969243908795,-0.9978340302473712,0.058466734382122534,odom_lidar,unilidar_lidar
1786135851.5097668,-6.380023428716065,-11.53797104468609,-0.011885014972882121,-0.02550135353357149,0.009588112854202933,-0.9979718289934142,0.057532404741940546,odom_lidar,unilidar_lidar
1786135851.6436453,-6.385885338307672,-11.473211709606137,0.0011356934099086662,-0.02698504402405227,0.01026585872878397,-0.9981219077566491,0.05402848137610236,odom_lidar,unilidar_lidar
1786135851.7735047,-6.45246979888328,-11.487186831065275,0.005509824848808922,-0.03137188615352617,0.010556680160001511,-0.9987010987149236,0.03873598699883897,odom_lidar,unilidar_lidar
1786135851.9045799,-6.494692272852419,-11.464138842252726,-0.011819882464708692,-0.03322730628252869,0.013434594612675795,-0.9990518550732442,0.02471535270858193,odom_lidar,unilidar_lidar
1786135852.0385103,-6.491666858877992,-11.485119582813402,0.004443194555566514,-0.03068760562108873,0.009780605910212008,-0.9994264314080361,0.010460344749196762,odom_lidar,unilidar_lidar
1786135852.166274,-6.4449823651376175,-11.469637348141042,0.037018399130754255,-0.02345424732374458,0.0057241445308818684,-0.9997084296598608,0.00043372673596028723,odom_lidar,unilidar_lidar
1786135852.2959063,-6.403553047877274,-11.540697382633772,0.026119237298014807,-0.02501234068967141,0.007627374531807356,-0.9995662418960151,0.013547473301407587,odom_lidar,unilidar_lidar
1786135852.432078,-6.441376036222728,-11.57044410408656,-9.447327556142554e-05,-0.02748747482979541,0.013365579410051703,-0.9992117385784027,0.025331827838529004,odom_lidar,unilidar_lidar
1786135852.555678,-6.4912644468206375,-11.603904388205928,0.009211336810009157,-0.028358116957073534,0.01007340473711595,-0.9989225523377503,0.03532814955083153,odom_lidar,unilidar_lidar
1786135852.690704,-6.567398874327338,-11.540138489809069,0.038212088248446165,-0.026480860216861347,0.008019658440968106,-0.9983920628383482,0.04947461957461789,odom_lidar,unilidar_lidar
1786135852.8237913,-6.462604104814159,-11.536964924378642,0.019673954766574676,-0.025854192155242026,0.008434442507912872,-0.99802575954572,0.056612756608112304,odom_lidar,unilidar_lidar
1786135852.972423,-6.336458392745637,-11.505521634451027,0.02328644420518084,-0.02332388382042764,0.007010792673645748,-0.9979102962155894,0.05984885910803301,odom_lidar,unilidar_lidar
1786135853.1079724,-6.35835505469646,-11.50111746791176,0.015837081892709944,-0.021963730715598005,0.006332372364701917,-0.9982088266815673,0.05528683322723686,odom_lidar,unilidar_lidar
1786135853.243809,-6.352462916521203,-11.47624461951437,0.0439640553096675,-0.02153200651097437,0.005526280176768504,-0.9988030077577923,0.043570455781492,odom_lidar,unilidar_lidar
1786135853.3580046,-6.347788985061669,-11.581074712815532,0.02822394372711666,-0.02470827457738931,0.0045797386765971775,-0.999059196423271,0.03534471959360462,odom_lidar,unilidar_lidar
1786135853.5020103,-6.417267781754809,-11.55878817924657,0.0040236330771912104,-0.02649485713180231,0.005998800508158815,-0.9993718152040848,0.022759875081413233,odom_lidar,unilidar_lidar
1786135853.6246364,-6.4264845265491,-11.46385249789343,-0.009402593201763985,-0.028978813210630953,0.008517067607345994,-0.9994192098035447,0.01577754796961653,odom_lidar,unilidar_lidar
1786135853.7571862,-6.469774094756689,-11.357440694430606,-0.010732979120145363,-0.03475437522476464,0.014543786104645032,-0.9992417732721524,0.009822944385636405,odom_lidar,unilidar_lidar
1786135853.8967607,-6.463384941776629,-11.347237225712067,0.012562979037802513,-0.031998516794293275,0.01665234994729843,-0.9990731466008606,0.023487058250314868,odom_lidar,unilidar_lidar
1786135854.0368948,-6.440196440083236,-11.455063992981374,0.013234711551683848,-0.02404769215180646,0.010874441050724083,-0.9990240074568303,0.03541874586855791,odom_lidar,unilidar_lidar
1786135854.1627142,-6.451725468792647,-11.56942458782498,0.04488588528733836,-0.019306504221435924,0.008996341153540817,-0.9986619695117384,0.04712319377474996,odom_lidar,unilidar_lidar
1786135854.2931247,-6.460632875867123,-11.545974565639353,0.017446846623421303,-0.0265377786659078,0.010107260483016108,-0.9981648156172459,0.05348448796424518,odom_lidar,unilidar_lidar
1786135854.4207082,-6.359160569187524,-11.48443183870467,-0.025852252492224947,-0.027641903703119645,0.010223606853649266,-0.9979531456010122,0.05675316914159261,odom_lidar,unilidar_lidar
1786135854.5415516,-6.3108376705713365,-11.382145704448268,-0.04393056966796855,-0.029105256619869374,0.009736418302309565,-0.9981777152742146,0.051955124152321154,odom_lidar,unilidar_lidar
1786135854.6607227,-6.341713232370369,-11.367352582236766,0.006214329795827145,-0.027313009236635453,0.006922057575887193,-0.998477219604063,0.04742706587061188,odom_lidar,unilidar_lidar
1786135854.790774,-6.371090848559751,-11.409600383916551,0.06479217119167945,-0.023457941465762824,0.0053845199366527735,-0.9988911690617637,0.04046188697606607,odom_lidar,unilidar_lidar
1786135854.9293034,-6.448949223658924,-11.530034196393675,0.08105022134242959,-0.02711265723534305,0.004461363494760096,-0.9990867831185488,0.03272002217658613,odom_lidar,unilidar_lidar
1786135855.0607355,-6.518010169331481,-11.640800197894057,0.01938142210671139,-0.02925332606496878,0.005117790676705794,-0.9991091440428971,0.029982818790027746,odom_lidar,unilidar_lidar
1786135855.1936657,-6.593351997890565,-11.726552187488641,-0.01924071369599338,-0.030555790964540093,0.005853956936614282,-0.9991384608091346,0.02746654253212418,odom_lidar,unilidar_lidar
1786135855.3078263,-6.647627839749742,-11.68152470801103,0.009531152269349585,-0.027605106063868234,0.007428249988682442,-0.9991595849901372,0.029375209678317884,odom_lidar,unilidar_lidar
1786135855.4242702,-6.652470371530268,-11.596427413040022,0.03927831514213284,-0.027328185946677293,0.00943888087692121,-0.9991521693718631,0.029309046728872173,odom_lidar,unilidar_lidar
1786135855.5431926,-6.634375950888095,-11.511425545474836,0.04075713376058887,-0.02742769599667511,0.006211160285239513,-0.9992288572038324,0.027401348714038154,odom_lidar,unilidar_lidar
1786135855.6827497,-6.397854300631012,-11.504485407584564,0.06303663404710547,-0.017680082812053157,0.0009037194832470657,-0.9993779931253731,0.03049958720304689,odom_lidar,unilidar_lidar
1786135855.8358414,-6.31215660153555,-11.466262327409412,0.021900580835285094,-0.02441996067636021,0.004237349642183047,-0.9993672229526304,0.025512037874745538,odom_lidar,unilidar_lidar
1786135855.9751086,-6.328079783261874,-11.465627150763204,-0.007179554022399975,-0.02848048019491282,0.00977186781806935,-0.999107148900293,0.02963575312931144,odom_lidar,unilidar_lidar
1786135856.1054916,-6.325213180385482,-11.50836616948623,-0.01607967023166819,-0.02915406507672981,0.012048472039970063,-0.9988276520797555,0.03671779203392737,odom_lidar,unilidar_lidar
1786135856.223202,-6.374407732129036,-11.55130732216398,-0.0031726840046534983,-0.028305755924509058,0.010937560964069717,-0.9985333939149469,0.04483542325435479,odom_lidar,unilidar_lidar
1786135856.3473742,-6.460015910239395,-11.510782483413836,0.01592507295640931,-0.024908350501590723,0.011792497618184277,-0.9983341200294161,0.05069019491288729,odom_lidar,unilidar_lidar
1786135856.462932,-6.486106295033854,-11.45652878593273,-0.0007625251301527913,-0.022236124185606686,0.008227750316585833,-0.9979641556736498,0.05920644303206642,odom_lidar,unilidar_lidar
1786135856.5854638,-6.335572641960516,-11.4245409518919,0.04418042820010038,-0.023154777232571835,0.006148320917918358,-0.9979879045689494,0.05870431649613069,odom_lidar,unilidar_lidar
1786135856.718799,-6.293830583283203,-11.461508188448041,0.029406911131436096,-0.028908623106716373,0.008641436037904533,-0.9979193352873634,0.056979095753649345,odom_lidar,unilidar_lidar
1786135856.856363,-6.277058636319204,-11.45038279452051,-0.01183335895641905,-0.0313357917117944,0.012728414859474024,-0.9983501033234152,0.046401797455340336,odom_lidar,unilidar_lidar
1786135857.0127907,-6.248274142213355,-11.434450279366022,-0.021734436258723826,-0.027321390124036667,0.010889393377847069,-0.9991195284655526,0.02991873313368388,odom_lidar,unilidar_lidar
1786135857.1361952,-6.374902867498493,-11.415421462810567,-0.0014266797918910442,-0.02356995169563132,0.007358986132278161,-0.9996070430680629,0.013268841279270194,odom_lidar,unilidar_lidar
1786135857.2629435,-6.476621388780556,-11.342411901674328,0.03598265183686972,-0.02239869044484253,0.004408551795191431,-0.9997187518269559,0.006424996729847152,odom_lidar,unilidar_lidar
1786135857.3773737,-6.509137906661515,-11.454557178847503,0.051249961226080096,-0.02238089912763774,0.0033339680931687996,-0.9995820670927285,0.017990863170522675,odom_lidar,unilidar_lidar
1786135857.5010045,-6.529743393690296,-11.536925160846273,-0.014704915240303422,-0.025800427349912683,0.009264629612672569,-0.9991062751116807,0.03217383438704038,odom_lidar,unilidar_lidar
1786135857.6189048,-6.536894047996186,-11.630569552577626,-0.06370885537943463,-0.028559712628582437,0.013930297284796127,-0.9984567041211337,0.045546675264973774,odom_lidar,unilidar_lidar
1786135857.7637024,-6.549481480162359,-11.575070092466751,-0.015657675363384707,-0.02520479162023259,0.0098151223612183,-0.9980794171281786,0.05573023378284241,odom_lidar,unilidar_lidar
1786135857.8886788,-6.445322612644774,-11.612319728991663,0.0754954758548404,-0.022653004054635495,0.008901570962458211,-0.9976152238705709,0.06458690690358032,odom_lidar,unilidar_lidar
1786135858.016005,-6.445349348194658,-11.66908988331454,0.056109811381359065,-0.023977334364831737,0.00378148175244487,-0.9974101102421221,0.06770420828361509,odom_lidar,unilidar_lidar
1786135858.1413953,-6.46145586250311,-11.482888726329875,0.007687909448121005,-0.024675164482490592,0.007768944102943914,-0.9981975785951849,0.05415139750733135,odom_lidar,unilidar_lidar
1786135858.2606099,-6.474023625797572,-11.2944623760929,-0.010881338745602834,-0.025006693309636733,0.013572086591703574,-0.9989746412310694,0.035215478592817116,odom_lidar,unilidar_lidar
1786135858.3832197,-6.389185455925554,-11.238542595989713,-0.020061631747365638,-0.027985891507714522,0.012426009564604502,-0.9993071221055209,0.02115797419415322,odom_lidar,unilidar_lidar
1786135858.4974904,-6.4496607627451725,-11.282577856161998,0.015210570118364526,-0.031477265786961243,0.011967227110421185,-0.9991976698684529,0.021679108453049933,odom_lidar,unilidar_lidar
1786135858.6341417,-6.536478208307528,-11.293950852920393,0.014152685872721192,-0.03516886315990933,0.014569343405785036,-0.9990369883730396,0.02181699244376473,odom_lidar,unilidar_lidar
1786135858.7851777,-6.63753105411626,-11.386057795656178,0.012194556638000606,-0.028856748360818748,0.012417166304706953,-0.9985546234981926,0.043609241513522225,odom_lidar,unilidar_lidar
1786135858.9190767,-6.713218775634512,-11.488822162231115,0.0072422141390576355,-0.024117746083095908,0.011618878344558289,-0.9976056065356137,0.06376825070986308,odom_lidar,unilidar_lidar
1786135859.0501332,-6.814905468330036,-11.536888363348607,0.036611354533973406,-0.020503660660920242,0.003841715179117248,-0.9968256809195,0.07683360582036815,odom_lidar,unilidar_lidar
1786135859.1668065,-6.856646065348595,-11.414757247227413,0.030723470274475938,-0.02709942995122898,0.004086478963677309,-0.9980710802435235,0.05570494024342973,odom_lidar,unilidar_lidar
1786135859.2851872,-6.710152964950718,-11.308061904416242,0.00923610619282711,-0.031946502369531796,0.008381134562326717,-0.9991909062139492,0.02295017449059643,odom_lidar,unilidar_lidar
1786135859.4066584,-6.674587053695804,-11.31063088957628,0.02145708026590222,-0.026268516528053603,0.009397019227136429,-0.9993410761352115,-0.023217980488789123,odom_lidar,unilidar_lidar
1786135859.5353708,-6.641688305113571,-11.320981579116005,0.04740817590970951,-0.02200918524044208,0.007651408362999644,-0.997487171938777,-0.06690585574294053,odom_lidar,unilidar_lidar
1786135859.6605496,-6.75059080371552,-11.317344694959122,0.0854231238751065,-0.021267568731411796,0.0018952579271313873,-0.9958779661461256,-0.08815426854271265,odom_lidar,unilidar_lidar
1786135859.8017995,-6.881720078562777,-11.353034211618294,0.04641438911626719,-0.024997490206282724,0.0048785176988894886,-0.9953463258758196,-0.09293555355166976,odom_lidar,unilidar_lidar
1786135859.9469235,-7.0152587691105746,-11.341914107524508,0.010381066706882186,-0.032185489502820186,0.014244926547879953,-0.9961576916947438,-0.08019370056624917,odom_lidar,unilidar_lidar
1786135860.0665636,-7.022836382202267,-11.321394833798262,0.008264819215189331,-0.029349686635700093,0.011657364212997848,-0.9973769755724852,-0.06512964265120952,odom_lidar,unilidar_lidar
1786135860.1827798,-6.9995884547494285,-11.286103664271419,0.060264393272545645,-0.02565723719229931,0.005884512114982518,-0.9985478890715338,-0.047002041738744595,odom_lidar,unilidar_lidar
1786135860.310862,-6.932368641923278,-11.20557821781974,0.09000693464259177,-0.019304668304419896,0.002115136390999054,-0.9991617265791559,-0.036037482141016736,odom_lidar,unilidar_lidar
1786135860.438994,-6.9569124285124575,-11.198911383374803,0.0548505540700191,-0.027471826925750797,0.006539775055602446,-0.9990877759866316,-0.03203351279004873,odom_lidar,unilidar_lidar
1786135860.5780187,-6.982201642192569,-11.210463291464887,0.03392755576722609,-0.031921233943565906,0.012170307443450191,-0.9989795498470769,-0.029542806697798647,odom_lidar,unilidar_lidar
1786135860.7238677,-7.020030807442812,-11.287746633173565,0.04426259052172561,-0.03374449565028752,0.014235546252703917,-0.9989065677489967,-0.029057307929575386,odom_lidar,unilidar_lidar
1786135860.8805134,-7.081229969599292,-11.302272355732018,0.03544537907449303,-0.026242092351512803,0.0102561394078639,-0.9991946605151382,-0.02856911954364666,odom_lidar,unilidar_lidar
1786135861.0165157,-7.231458591962616,-11.291429954903023,0.053745495730267816,-0.021541869653315865,0.006375291284425388,-0.9990305709695653,-0.037857915699399475,odom_lidar,unilidar_lidar
1786135861.1438909,-7.33943683691845,-11.151600843285571,0.08263462762330546,-0.02486188867955977,0.0067303770596496525,-0.9985200359375047,-0.047899126790419265,odom_lidar,unilidar_lidar
1786135861.255518,-7.2342343345636,-11.06078506219331,0.10450516885523325,-0.024132210074024697,0.008327168775900149,-0.9980899916131436,-0.05625534053577334,odom_lidar,unilidar_lidar
1786135861.3848827,-7.179284031409425,-10.983549314963295,0.030753848725502804,-0.02268667448744626,0.011500066090001704,-0.998191555083925,-0.054467262091663256,odom_lidar,unilidar_lidar
1786135861.5027668,-7.165728603882008,-10.957771433875488,0.029215972200289,-0.02857963419028047,0.010545453942209597,-0.9982590150269544,-0.05050679982059572,odom_lidar,unilidar_lidar
1786135861.6309633,-7.17450010316979,-10.953416840543024,0.03071994046935674,-0.031241066261386088,0.0065590030439869,-0.998414490301281,-0.04636249361665012,odom_lidar,unilidar_lidar
1786135861.76149,-7.237196197487864,-11.069709704822182,0.017422145520277557,-0.03169156988762599,0.007144044003751383,-0.9984590306713819,-0.04499078910282659,odom_lidar,unilidar_lidar
1786135861.9166799,-7.32168136985232,-11.184495865750801,0.07669856574717586,-0.028075325485351868,0.008607072538947151,-0.9986936935158776,-0.04181627593193346,odom_lidar,unilidar_lidar
1786135862.0582411,-7.477994641165293,-11.250681821494783,0.11394722409464828,-0.020911051740693777,0.0072320066395326794,-0.9991982774472793,-0.03336507667387519,odom_lidar,unilidar_lidar
1786135862.181356,-7.55519339621507,-11.22204626970129,0.08202431477230954,-0.023356847527404613,0.008465776297846964,-0.9989283869541389,-0.039049533191301077,odom_lidar,unilidar_lidar
1786135862.2948582,-7.463509847927798,-10.988477893529408,0.06651079637413014,-0.024212749094912077,0.011601593056150293,-0.9980853585237282,-0.055720399499534085,odom_lidar,unilidar_lidar
1786135862.4140549,-7.354703981132829,-10.83178269084737,0.03604040177702218,-0.030072366713774216,0.016710365348648205,-0.997271634981624,-0.06531234577953396,odom_lidar,unilidar_lidar
1786135862.5304582,-7.373529597785027,-10.9214598568628,0.033242471579783966,-0.02990464223077236,0.009485350804767591,-0.9971142401866933,-0.0691298235935357,odom_lidar,unilidar_lidar
1786135862.6537578,-7.3650895851024645,-10.957851362789762,0.04491377867595567,-0.024456047631348645,0.004922246661554978,-0.9974128947199158,-0.06741802925400776,odom_lidar,unilidar_lidar
1786135862.7971406,-7.478893801834111,-10.90759845063539,0.05910911588718756,-0.025491984079408402,0.007475853419454408,-0.9978420450468394,-0.060046011525223895,odom_lidar,unilidar_lidar
1786135862.9307964,-7.610864211784828,-10.86709711246026,0.055135662075640496,-0.02823167181642325,0.01097321099849467,-0.9981195727614928,-0.05329052277138566,odom_lidar,unilidar_lidar
1786135863.0527232,-7.6265191378346735,-10.827473759633005,0.057941613571342816,-0.030380219023137693,0.012306377118887466,-0.9982731099473238,-0.04874826489642976,odom_lidar,unilidar_lidar
1786135863.1885147,-7.625152063518499,-10.931958717094366,0.07165440177331583,-0.022798395909191253,0.009797045464518156,-0.9986822382214458,-0.04492257901253576,odom_lidar,unilidar_lidar
1786135863.3110187,-7.675653750946515,-10.989762291891672,0.074367003739223,-0.01889438149543971,0.009023790852156289,-0.998841209420358,-0.04333372716762237,odom_lidar,unilidar_lidar
1786135863.4349031,-7.712568773423491,-11.006204399122963,0.0958811781547648,-0.024271798218894934,0.007229086300091773,-0.99860223058713,-0.046391865546618234,odom_lidar,unilidar_lidar
1786135863.5628495,-7.638977632534002,-10.940582376884763,0.07002383755780882,-0.026303477037815822,0.009969900307070914,-0.99815359116793,-0.053834344262313226,odom_lidar,unilidar_lidar
1786135863.6863809,-7.637360405972712,-10.864928890322885,0.05955062096379091,-0.028750496508398067,0.013626915119885103,-0.9975639112171611,-0.062080263948825605,odom_lidar,unilidar_lidar
1786135863.8149796,-7.678789816216643,-10.800041412934176,0.04880439635830458,-0.02804044375755004,0.010417068580875266,-0.9971304312657265,-0.06954222630810314,odom_lidar,unilidar_lidar
1786135863.9511266,-7.682631365387036,-10.741282839177604,0.06620080726816578,-0.026022373961492453,0.0062485037980490946,-0.9966577029657868,-0.07718299924630743,odom_lidar,unilidar_lidar
1786135864.0749626,-7.735017159512294,-10.771012045759559,0.0892017604602939,-0.02431373768589449,0.003512057714672406,-0.995605541889879,-0.09036654562674605,odom_lidar,unilidar_lidar
1786135864.2116072,-7.7737912726272596,-10.800249351135312,0.13648300821471196,-0.024613654502572323,0.006172786142176421,-0.994719279027332,-0.09944657185954629,odom_lidar,unilidar_lidar
1786135864.3258414,-7.791300807689355,-10.740159509268707,0.12589871437153102,-0.024701277609560812,0.01633770758807123,-0.9941186474942886,-0.10416832963693315,odom_lidar,unilidar_lidar
1786135864.4474373,-7.796738504335349,-10.721505721635328,0.06713743251837107,-0.028461859121370715,0.014943399982739776,-0.9944454000768198,-0.1002245660422884,odom_lidar,unilidar_lidar
1786135864.5833633,-7.873220217527254,-10.701330588420502,0.05738996218029845,-0.028730306878238448,0.00871369606531284,-0.9957796321103066,-0.08672695798784888,odom_lidar,unilidar_lidar
1786135864.7085135,-7.961434631818552,-10.735470282748578,0.08680764370132175,-0.02816725590826998,0.0038156724347102183,-0.9967808448982203,-0.07496661645331973,odom_lidar,unilidar_lidar
1786135864.8529463,-7.928942904062896,-10.778066306859365,0.12232829704316334,-0.02577938327935156,0.003964296182384098,-0.9972041356639505,-0.0700258492860189,odom_lidar,unilidar_lidar
1786135865.006317,-7.949751788113475,-10.758142821303725,0.09518091236924894,-0.02793460313360562,0.009933142971720951,-0.9969262455887046,-0.07251931794274655,odom_lidar,unilidar_lidar
1786135865.124422,-8.017612248705499,-10.8137825215717,0.07098219890557982,-0.026609668155992378,0.010526107600849242,-0.9971997434609988,-0.06909267877801246,odom_lidar,unilidar_lidar
1786135865.2450476,-8.114709040919188,-10.869699141596376,0.048395210666206515,-0.02683319711216924,0.009024539564955292,-0.9972393146047255,-0.06864609693986656,odom_lidar,unilidar_lidar
1786135865.361779,-8.186089117750218,-10.929748322767924,0.06343079706820269,-0.025741384644775666,0.002026179244330248,-0.9970832132766098,-0.0718215950549013,odom_lidar,unilidar_lidar
1786135865.4893763,-8.139002223097362,-10.76463624198299,0.10586180879182121,-0.027581005781285733,0.0033551846932866596,-0.9965488049744051,-0.07822090615591037,odom_lidar,unilidar_lidar
1786135865.6207724,-8.022627585326818,-10.587787591850052,0.12444565666703923,-0.03077849937814784,0.011147795185966602,-0.9961567757843678,-0.08124092993937325,odom_lidar,unilidar_lidar
1786135865.7571747,-8.020900094198112,-10.474174605545526,0.14403429724560213,-0.03190191494743927,0.013040909200774137,-0.9955206082140088,-0.08803931582602031,odom_lidar,unilidar_lidar
1786135865.8914695,-8.112174458665395,-10.392541016564103,0.10938552454340243,-0.027668179728300806,0.014499411595329456,-0.9952079517575088,-0.09265728062346702,odom_lidar,unilidar_lidar
1786135866.0339324,-8.285854228542577,-10.437912318966465,0.10318275056100973,-0.02541010354795995,0.00895875957344556,-0.9957709018931777,-0.08783153310420268,odom_lidar,unilidar_lidar
1786135866.1540833,-8.325854071414193,-10.547562140305528,0.09772820072981946,-0.02615319088800254,0.0030017236683713973,-0.9966204437855364,-0.07781189684177614,odom_lidar,unilidar_lidar
1786135866.275912,-8.280947247903834,-10.631126330601624,0.08924110300784556,-0.02808990082401258,0.0029475498317911375,-0.996999298629389,-0.07207404494124772,odom_lidar,unilidar_lidar
1786135866.3860438,-8.226968805089147,-10.616651733826027,0.07465825469929485,-0.028149436710730183,0.010530816010971255,-0.9976099926776436,-0.062217470510488884,odom_lidar,unilidar_lidar
1786135866.5080204,-8.21278715045255,-10.52954732885676,0.09198435187805488,-0.031118884861166846,0.01346515789523168,-0.9978666820732683,-0.05578879220722553,odom_lidar,unilidar_lidar
1786135866.644375,-8.254347225462178,-10.42454221131526,0.09322562047212025,-0.03148556654152232,0.013076263576705858,-0.997976741794526,-0.053666500422645924,odom_lidar,unilidar_lidar
1786135866.795037,-8.361962576136047,-10.445909876709058,0.10222434577120126,-0.027439704402154066,0.007476532624288446,-0.9976691454178147,-0.06202773866205105,odom_lidar,unilidar_lidar
1786135866.9310234,-8.341194623145153,-10.510847581013621,0.11899997688447357,-0.02386395940254718,0.006350958228075229,-0.9965086846386636,-0.07975348400502263,odom_lidar,unilidar_lidar
1786135867.062608,-8.329043450603669,-10.474880184352912,0.09991698314147593,-0.021208240853245106,0.00473197682042453,-0.9962714171944947,-0.08349300687216134,odom_lidar,unilidar_lidar
1786135867.188859,-8.32812593466739,-10.437665444428117,0.10434386738685052,-0.022644134494207258,0.0048007977895783895,-0.9959356445895781,-0.08704244567757526,odom_lidar,unilidar_lidar
1786135867.3139246,-8.354479427984916,-10.400789948821718,0.11370345273260923,-0.02876526494997436,0.006554418145427336,-0.9957871218723153,-0.08681939327352638,odom_lidar,unilidar_lidar
1786135867.4351187,-8.428695679659102,-10.337192427204307,0.11159468904082917,-0.029737698861122534,0.006836185919662152,-0.9964928062849876,-0.07791676873938887,odom_lidar,unilidar_lidar
1786135867.5674098,-8.498431553635255,-10.239216419724627,0.10364457292573978,-0.028365071763896202,0.010347397915707459,-0.9970112491359534,-0.07111204649403094,odom_lidar,unilidar_lidar
1786135867.7041254,-8.505934102365039,-10.225048436493486,0.05742542826071059,-0.026289547082763137,0.007865625285362913,-0.9974627693520945,-0.06568877689151771,odom_lidar,unilidar_lidar
1786135867.8398488,-8.578195613482618,-10.36110534619139,0.08554869746286936,-0.02570141487247029,0.003460365398136533,-0.9977991690458037,-0.06102689076438815,odom_lidar,unilidar_lidar
1786135867.9712262,-8.57481989494392,-10.45374550428095,0.11399738492110292,-0.02315218510947203,0.006595876867865907,-0.9979733250445354,-0.058904271768309896,odom_lidar,unilidar_lidar
1786135868.1003077,-8.590300550288658,-10.519432843944037,0.13429303910985335,-0.02251885379393836,0.009945664951388657,-0.9980465764289429,-0.0574196503903338,odom_lidar,unilidar_lidar
1786135868.2228105,-8.614350924132454,-10.46984265467699,0.1552420322577612,-0.025442810896222336,0.009112588910711395,-0.998376246646459,-0.050144732815845486,odom_lidar,unilidar_lidar
1786135868.339055,-8.586676071842161,-10.283966807486221,0.12628041306663146,-0.02736534697815855,0.004180924018916236,-0.99716468592994,-0.06997318624557042,odom_lidar,unilidar_lidar
1786135868.4586935,-8.552740356627753,-10.12155374147498,0.0815445254732517,-0.02811972357502422,0.005853828227830811,-0.9957664948969881,-0.08731610093052733,odom_lidar,unilidar_lidar
1786135868.5922513,-8.660939314150832,-10.061366032519299,0.12170371001060118,-0.02688554096211801,0.011769568530978668,-0.9956141545957699,-0.08883186428483597,odom_lidar,unilidar_lidar
1786135868.7319098,-8.801850184764444,-10.078083988879978,0.14760196355145289,-0.02548785902890323,0.012367173140452046,-0.9960280301824989,-0.08441318120653965,odom_lidar,unilidar_lidar
1786135868.8677025,-8.828348355612352,-10.2676899839593,0.15110336222776302,-0.023897846715874884,0.009644404009081226,-0.9970713699144989,-0.07200390052267212,odom_lidar,unilidar_lidar
1786135868.9981685,-8.806294493013336,-10.368863646571066,0.12293566415668797,-0.02522782309052913,0.0030671364398524997,-0.9981977672083715,-0.054363288682661784,odom_lidar,unilidar_lidar
1786135869.1176636,-8.776044377947553,-10.228645767304458,0.08633313956249809,-0.02819002056403441,0.005093011558558785,-0.9984977758785738,-0.04670733924561864,odom_lidar,unilidar_lidar
1786135869.2310686,-8.7925904010289,-10.196976868253131,0.12786289276449408,-0.02545180838083244,0.0031904110262766803,-0.9988248447869896,-0.041121237382587175,odom_lidar,unilidar_lidar
1786135869.351075,-8.779779830518885,-10.131285067618522,0.11478112453792227,-0.02368658041368194,0.006104306538842063,-0.9988440354483996,-0.041379659243915526,odom_lidar,unilidar_lidar
1786135869.4950335,-8.779161837615254,-10.055906871312567,0.13238140957699496,-0.02683126483852423,0.008294914589150996,-0.9986680496103585,-0.043282840786695566,odom_lidar,unilidar_lidar
1786135869.6396034,-8.895881233030494,-10.065308580404572,0.15269149926208894,-0.028963369594491098,0.011463417781010612,-0.9979480465213679,-0.05594112725621997,odom_lidar,unilidar_lidar
1786135869.773217,-8.965646334608644,-10.119437699729472,0.16367805120453907,-0.02695655922471899,0.0064903808512188545,-0.9972712354198018,-0.068420040013383,odom_lidar,unilidar_lidar
1786135869.9009647,-9.08607217425893,-10.163462707834881,0.13062720419832508,-0.02426509092847835,0.005288104394904705,-0.9972438481741691,-0.06991386552691825,odom_lidar,unilidar_lidar
1786135870.0294414,-9.120299643443158,-10.208529765229004,0.11267302333691881,-0.02545979045022675,0.0043685904279570425,-0.9975849151671804,-0.06447520080459525,odom_lidar,unilidar_lidar
1786135870.151168,-9.008896717829876,-10.084055642403987,0.14489822158246396,-0.029157142484192655,0.005078057308433218,-0.9980040688721235,-0.05578488048579734,odom_lidar,unilidar_lidar
1786135870.2678044,-8.949585570113701,-10.053904376096169,0.1431287487330974,-0.027315557433856594,0.003390143056586173,-0.9984480867526622,-0.0484126565278354,odom_lidar,unilidar_lidar
1786135870.3935707,-8.94969522242985,-10.032283951973437,0.13615864458675975,-0.027921114058909232,0.002091323658961067,-0.9987575796932331,-0.04122298825143568,odom_lidar,unilidar_lidar
1786135870.529669,-8.978290971894879,-10.070062254548077,0.1381335425001235,-0.02564549567607467,0.006531885277872869,-0.9987337882287677,-0.04278391375809584,odom_lidar,unilidar_lidar
1786135870.6588821,-9.03478345143739,-10.00235417642522,0.1340076653161157,-0.028269779593166323,0.005978721024767776,-0.9980939758902826,-0.054529714360061925,odom_lidar,unilidar_lidar
1786135870.789715,-9.08478559397219,-9.91108151853056,0.1407100548700531,-0.029605961680647993,0.006632450447910014,-0.9976766928333418,-0.0609976574234277,odom_lidar,unilidar_lidar
1786135870.931852,-9.175854361346419,-9.851653983172556,0.12189435948167328,-0.030891479632678104,0.008342404940509956,-0.9978107833658177,-0.05787712298313951,odom_lidar,unilidar_lidar
1786135871.0544877,-9.21048557803573,-9.911610856869471,0.16228773095999222,-0.027821044491430625,0.0068531839232270735,-0.9984351148653099,-0.048024418345420455,odom_lidar,unilidar_lidar
1786135871.1679523,-9.294723164636672,-9.92092797589873,0.18351774059845033,-0.0283794111857573,0.005081621276154425,-0.9986410913067056,-0.0434137869772689,odom_lidar,unilidar_lidar
1786135871.2909462,-9.337790355658553,-9.936111790658332,0.19042670682925855,-0.030663599018224262,0.004918234231909816,-0.9987150332221577,-0.040047934820091,odom_lidar,unilidar_lidar
1786135871.41214,-9.30301691448352,-9.9708457085041,0.15987972381194726,-0.03143583437348095,0.005770630115496571,-0.9987244340784777,-0.039089550009404866,odom_lidar,unilidar_lidar
1786135871.5312421,-9.239225623151054,-9.992222285766433,0.1395187241088987,-0.028943150428352576,0.008154916335291402,-0.998979020433612,-0.03371510219986196,odom_lidar,unilidar_lidar
1786135871.6729827,-9.151934390137553,-10.130444999147448,0.14448521466144237,-0.02695987831609353,0.006773854792508231,-0.999044261398715,-0.033731937666364765,odom_lidar,unilidar_lidar
1786135871.8059402,-9.094122207817147,-10.123965561439114,0.15373613128792207,-0.025873542600047802,0.008222490966676469,-0.9991986489270268,-0.02941105945100695,odom_lidar,unilidar_lidar
1786135871.9400277,-9.086246059806017,-10.040489069543908,0.1455833024916506,-0.024994335272280916,0.009360514746469888,-0.9993451213582836,-0.024433427622329317,odom_lidar,unilidar_lidar
1786135872.076546,-9.142109865792102,-10.053615842176894,0.12709321674898913,-0.025845239798225315,0.0070149056201348585,-0.9994654466302327,-0.018751951128941884,odom_lidar,unilidar_lidar
1786135872.2039986,-9.215881403797486,-10.07901564868291,0.13148893471427223,-0.027863693233283228,0.004944564082662436,-0.9992922837310501,-0.02478099192963009,odom_lidar,unilidar_lidar
1786135872.3232498,-9.214379249436144,-10.095596316809775,0.14453347810152417,-0.02892691489216591,0.0032327882017491386,-0.9989923553767109,-0.034162209737594144,odom_lidar,unilidar_lidar
1786135872.4510565,-9.262980920759139,-9.97097527481593,0.1492291441452781,-0.027606100842461432,0.005676019396258722,-0.9987383463901953,-0.04156201931893316,odom_lidar,unilidar_lidar
1786135872.5961943,-9.248764973895423,-9.86309285878595,0.13912601237715866,-0.02351163023707506,0.008909995974773108,-0.9985527929264387,-0.0475408766655982,odom_lidar,unilidar_lidar
1786135872.7260847,-9.239879246283651,-9.796492219596015,0.15763344740305674,-0.022263694362329542,0.011526720935124331,-0.9982990908115484,-0.05263447446931112,odom_lidar,unilidar_lidar
1786135872.8758793,-9.248453361830245,-9.770844724596726,0.14801725230074805,-0.029772090141628113,0.012303910574933168,-0.9980898241072675,-0.052715647076432094,odom_lidar,unilidar_lidar
1786135873.0017421,-9.226398328441624,-9.890153626260592,0.136874170331376,-0.034469474318123534,0.006190272438738858,-0.9982993236900302,-0.04660467988726915,odom_lidar,unilidar_lidar
1786135873.1312034,-9.225738349520173,-9.93836691906,0.1451656347138664,-0.03509808308394623,0.006611350293211048,-0.9984291944512738,-0.04316895039856482,odom_lidar,unilidar_lidar
1786135873.2509863,-9.213447990939699,-9.997511378613153,0.18174140713106984,-0.02923229424349569,0.00485600311864909,-0.9986990435258164,-0.04149834535970053,odom_lidar,unilidar_lidar
1786135873.3766484,-9.216548555586558,-10.016285036305067,0.17016357057270076,-0.024826185739180925,0.006820981400517696,-0.9991038168091025,-0.033596100247812566,odom_lidar,unilidar_lidar
1786135873.5038214,-9.224294688863758,-10.014550875721579,0.14751303900186108,-0.02374501962004453,0.007804770138562596,-0.9991756850852711,-0.03198765294151761,odom_lidar,unilidar_lidar
1786135873.6294925,-9.217088397827583,-10.050583846519656,0.1588641612975707,-0.028309079536588625,0.004686270744562733,-0.9991509084979107,-0.029565130307503948,odom_lidar,unilidar_lidar
1786135873.770139,-9.249435552808036,-10.101763918232585,0.15928476536487848,-0.03233717650256723,0.006251587008015199,-0.9990899797783502,-0.02710049782234329,odom_lidar,unilidar_lidar
1786135873.9213505,-9.322708941231015,-10.082112456295324,0.17748955476301018,-0.03706164270210771,0.0067927333781715,-0.9988557180786536,-0.029454165665518863,odom_lidar,unilidar_lidar
1786135874.0480886,-9.335720945145093,-10.01747258408321,0.174316365307472,-0.02894649587183087,0.008708414616826532,-0.999131594872919,-0.028676122790589096,odom_lidar,unilidar_lidar
1786135874.1655884,-9.422206957914048,-9.913280308246627,0.1462041570064847,-0.025456042352161406,0.008253748868867618,-0.9993193475781688,-0.02539108294890169,odom_lidar,unilidar_lidar
1786135874.287255,-9.417715643145312,-9.858654950298789,0.10755822870326465,-0.023303454643322244,0.002649060273678499,-0.9994740894425133,-0.0223936601388034,odom_lidar,unilidar_lidar
1786135874.4175775,-9.40451388534035,-9.842591408971746,0.16447022784922957,-0.02678226881219588,0.005840835001676828,-0.9994397228662906,-0.019205079554816804,odom_lidar,unilidar_lidar
1786135874.5456676,-9.45276714635559,-9.891875464702569,0.20175369259893386,-0.03177239306664626,0.003641156160421253,-0.9990243833926533,-0.030455515224061293,odom_lidar,unilidar_lidar
1786135874.6877737,-9.420939120754895,-9.958927481007228,0.17865579385008232,-0.026715823646001342,0.003692429775913604,-0.9987631123910328,-0.04177171358997388,odom_lidar,unilidar_lidar
1786135874.8349237,-9.482678369458077,-9.923889214318564,0.15664687872092387,-0.026352082428229544,0.005515604444428034,-0.9967090731862501,-0.07646024645209175,odom_lidar,unilidar_lidar
1786135874.9621708,-9.569376693486351,-9.856759634447057,0.16405656366955934,-0.025676088909553026,0.004656024345481794,-0.9931200737005103,-0.11415594206477576,odom_lidar,unilidar_lidar
1786135875.0981514,-9.583796114833628,-9.658791660803677,0.1810897884943607,-0.03323930236760488,0.005370417543642151,-0.9899976009569975,-0.13700750889243885,odom_lidar,unilidar_lidar
1786135875.2290938,-9.58844119227219,-9.686556793159527,0.16706707363882226,-0.0325782974024833,0.0029605218795499466,-0.9907424220464497,-0.1317548595160378,odom_lidar,unilidar_lidar
1786135875.3459816,-9.676432124940872,-9.68265446983276,0.1630839254397209,-0.02837462618904053,-0.002175622372325739,-0.9925763262067759,-0.11824713066195379,odom_lidar,unilidar_lidar
1786135875.470374,-9.709583483089627,-9.703793264019893,0.17070707957576312,-0.025702372913667795,0.002575228544020743,-0.9943219961689034,-0.10323044201804174,odom_lidar,unilidar_lidar
1786135875.591533,-9.758122346768417,-9.829646755151247,0.12974977862130696,-0.021606653933852603,0.005113264903335313,-0.9942124325848675,-0.10511253931616055,odom_lidar,unilidar_lidar
1786135875.7350404,-9.798087910245238,-9.995901274008938,0.12262398778897726,-0.026317594436436435,0.0026621420717217056,-0.9934001556524104,-0.11160836873835223,odom_lidar,unilidar_lidar
1786135875.8752954,-9.844502436523825,-9.917520143370284,0.14798032063153804,-0.03315116299666949,0.0032460866413878187,-0.9915595230846058,-0.12530034115561745,odom_lidar,unilidar_lidar
1786135875.9960034,-9.771843223766723,-9.594414657629336,0.20107414837601734,-0.030467660324753988,0.008385519792217133,-0.9908548399185234,-0.13117961328723007,odom_lidar,unilidar_lidar
1786135876.1262877,-9.667922963113307,-9.331023573235582,0.19523882708302345,-0.027168076219963536,0.009921875973626518,-0.9908631647169309,-0.13173321835747648,odom_lidar,unilidar_lidar
1786135876.2509704,-9.696893608210782,-9.164922977842531,0.2000435462628979,-0.03203127683850871,0.010108429340111566,-0.990559314797942,-0.13290621064270258,odom_lidar,unilidar_lidar
1786135876.37916,-9.754234208777186,-9.28581467260911,0.18891515484845292,-0.03524653435796235,0.008377346360682233,-0.9910327052473153,-0.1286144588057418,odom_lidar,unilidar_lidar
1786135876.5070555,-9.881747983503756,-9.640008792754594,0.17852905911986844,-0.031525416407089744,0.0058776415015728035,-0.9935475448838925,-0.10878822319501519,odom_lidar,unilidar_lidar
1786135876.6344335,-10.001762693496467,-10.010070463665746,0.1255840329298029,-0.020958037166276585,-0.0016278994794498305,-0.9953511031223031,-0.09399091517075434,odom_lidar,unilidar_lidar
1786135876.7651842,-10.086208518591858,-9.99982970883521,0.16437243949396085,-0.022768927083485418,0.0038179332175655115,-0.9955089795071159,-0.09180888337254638,odom_lidar,unilidar_lidar
1786135876.8966043,-9.93316346975909,-9.68635687466314,0.17304934597337351,-0.026530786983378647,0.005329991148959277,-0.994710668013168,-0.09908781699680272,odom_lidar,unilidar_lidar
1786135877.0291033,-9.79884151107471,-9.368254635573924,0.18759707826254934,-0.02862908061095086,0.006461776783180094,-0.993532136937173,-0.10969281679868828,odom_lidar,unilidar_lidar
1786135877.1461675,-9.811191260151213,-9.120274767632996,0.1911526758468189,-0.03362862499026392,0.011219473028899205,-0.9919770200348038,-0.12134591352447206,odom_lidar,unilidar_lidar
1786135877.2655873,-9.92466392497096,-9.149029007363344,0.1677183893214724,-0.03135830145181696,0.011861217644551943,-0.9917002667044746,-0.12412312219856306,odom_lidar,unilidar_lidar
1786135877.379068,-10.039087669902363,-9.34670926283503,0.16280960979968243,-0.028694375780901848,0.00942039337120089,-0.9930372124380406,-0.113863882335719,odom_lidar,unilidar_lidar
1786135877.5014074,-10.099982031482003,-9.550135658669808,0.1750295440288243,-0.027687865503129103,0.007682777720608917,-0.9942235462855267,-0.10341130035836422,odom_lidar,unilidar_lidar
1786135877.6124253,-10.132050320080298,-9.738640350880619,0.1832979883115431,-0.025536478677901108,0.006336373440440809,-0.9951637760631478,-0.09464035841063564,odom_lidar,unilidar_lidar
1786135877.7485685,-10.143557395778329,-9.741683045678608,0.20231907330352084,-0.031743824491104924,0.006943573963082509,-0.9946808212313079,-0.0977454871690152,odom_lidar,unilidar_lidar
1786135877.8848941,-10.058611904850975,-9.443415981084815,0.22585776765840287,-0.03650529096198836,0.013536955242755496,-0.9936832490049774,-0.10525072551506873,odom_lidar,unilidar_lidar
1786135878.0054746,-9.991212851548097,-9.129048246198316,0.2263891816586578,-0.03480711614592021,0.015306714080391904,-0.9930596785393405,-0.11129530101943876,odom_lidar,unilidar_lidar
1786135878.1213627,-10.038291948387405,-9.086079008712716,0.15014996029806277,-0.026501450084187386,0.009566329444288132,-0.9934269880265196,-0.1109458333825831,odom_lidar,unilidar_lidar
1786135878.2496824,-10.122258315250782,-9.125400756215312,0.1492420240885524,-0.02584897551682475,0.0029665693930630063,-0.9937523740511361,-0.10853224865678138,odom_lidar,unilidar_lidar
1786135878.368034,-10.214015292533315,-9.20865691539892,0.17277729319297291,-0.02687616938473289,0.0014325274664128862,-0.9935829583945915,-0.10985683489028955,odom_lidar,unilidar_lidar
1786135878.4982798,-10.234304431405267,-9.282674119982728,0.18147390470784436,-0.02475738426845175,0.001235461245613238,-0.9932886770011575,-0.11297411075545194,odom_lidar,unilidar_lidar
1786135878.627025,-10.341668743060433,-9.243172621432702,0.18071716160454085,-0.028126713426522648,0.007603022342451675,-0.9931235989400569,-0.1133869448897518,odom_lidar,unilidar_lidar
1786135878.7583177,-10.367090045554798,-9.216027780466087,0.2213712755950248,-0.028463322047398387,0.010740028565004504,-0.9943176197100139,-0.10201451964628065,odom_lidar,unilidar_lidar
1786135878.898222,-10.340045369957812,-9.141240076343621,0.21329802390232025,-0.029305843315555687,0.0076766936984096435,-0.9947738134225385,-0.09750536421246522,odom_lidar,unilidar_lidar
1786135879.0240471,-10.26436484130396,-9.123349648850812,0.1874986663146901,-0.025870673197889854,0.006213232931415118,-0.9949623594660555,-0.09665405966935668,odom_lidar,unilidar_lidar
1786135879.1519997,-10.26207583813223,-9.217059485186395,0.14982378361226167,-0.025068963509771273,0.006642310801714665,-0.9954458617330846,-0.09173310816840394,odom_lidar,unilidar_lidar
1786135879.2681074,-10.355632623132529,-9.309092107886146,0.19711794489705184,-0.0279091469314506,0.006668902817954014,-0.995866559506361,-0.08617656821739263,odom_lidar,unilidar_lidar
1786135879.3850963,-10.480396041570945,-9.409472479590145,0.24117570744601308,-0.03229319852341663,0.00480678723654383,-0.9961502243344523,-0.08135585218046784,odom_lidar,unilidar_lidar
1786135879.5184865,-10.593610067849,-9.448089344179502,0.20571500323597147,-0.02902118661177139,0.0011045538074707798,-0.9959893869765928,-0.08462677896813912,odom_lidar,unilidar_lidar
1786135879.637947,-10.70183291876523,-9.328012467720718,0.18878502713085082,-0.0265573043560498,0.005625607194327971,-0.995837301761324,-0.08701224367731843,odom_lidar,unilidar_lidar
1786135879.7906587,-10.659850642890161,-9.154576803855042,0.20080156442575448,-0.027944110079115285,0.010637482441982697,-0.9956040065939431,-0.08876166251975247,odom_lidar,unilidar_lidar
1786135879.9294913,-10.541892157372951,-9.023586680616564,0.2165128546679678,-0.02627316824422284,0.005836356885917431,-0.9952051174304252,-0.09403420552652501,odom_lidar,unilidar_lidar
1786135880.0554879,-10.40702364539249,-8.913768573125264,0.21579518560959787,-0.02700610570584792,0.0024256001443543965,-0.994508696695495,-0.10108035870322309,odom_lidar,unilidar_lidar
1786135880.1853304,-10.41019270248185,-8.878099416937669,0.2361170279108364,-0.026345082564590606,0.00585045470337209,-0.9951009594204275,-0.09510935477109114,odom_lidar,unilidar_lidar
1786135880.313482,-10.40090721449519,-8.860694764677557,0.22078709593241663,-0.025392740609563935,0.01457648359250283,-0.9954502487034761,-0.09067269272829842,odom_lidar,unilidar_lidar
1786135880.438145,-10.51856055904629,-9.05153209512409,0.1649298664240868,-0.02911807524768882,0.007120269061591058,-0.9960045870304185,-0.08412075889295134,odom_lidar,unilidar_lidar
1786135880.5601606,-10.656620439773288,-9.225890442438219,0.15404195083199146,-0.030737872415543502,0.001593509590776906,-0.9964113063171555,-0.07884892243962259,odom_lidar,unilidar_lidar
1786135880.7048743,-10.804164909443994,-9.349396195674387,0.1917214794988957,-0.03219952507683039,-0.0017567580217033672,-0.996577740032584,-0.07611118483920169,odom_lidar,unilidar_lidar
1786135880.8628447,-10.896642697388382,-9.39684810292943,0.22533594015247624,-0.02839263991108213,0.0013718806408151395,-0.9969067579732919,-0.07327272241132861,odom_lidar,unilidar_lidar
1786135880.9789486,-10.98503733818778,-9.218768247052997,0.22827733797766403,-0.02494080652271532,0.008747529116567307,-0.997189184520643,-0.07010825329022462,odom_lidar,unilidar_lidar
1786135881.0967996,-10.873788554551457,-9.085809773748755,0.22788016569403247,-0.029265563114968404,0.007672972955005448,-0.9969617435179189,-0.07177697585791015,odom_lidar,unilidar_lidar
1786135881.2239275,-10.710461240467062,-8.947754734417313,0.2149406250113772,-0.030274947554612325,0.00787797748887146,-0.9967979914005499,-0.07358756254340416,odom_lidar,unilidar_lidar
1786135881.3432748,-10.59521530636854,-8.800727508768036,0.20432290221793886,-0.03196389226736197,0.007186476676348484,-0.9967442336444668,-0.07367222570687908,odom_lidar,unilidar_lidar
1786135881.4741733,-10.568679522684334,-8.694513559892963,0.20239950271588017,-0.030957855755189223,0.007652783760092846,-0.9968140820912146,-0.07310767273283865,odom_lidar,unilidar_lidar
1786135881.6184542,-10.676280069676102,-8.760066716424376,0.2130157078374872,-0.02809643511911168,0.004046468540360088,-0.9970111942887824,-0.0718532872512134,odom_lidar,unilidar_lidar
1786135881.741546,-10.73844461562715,-8.82119920379652,0.21745320920827887,-0.02775937327429578,0.0004550257555701132,-0.996997102723081,-0.07229099050893241,odom_lidar,unilidar_lidar
1786135881.8880713,-10.831097954883251,-8.858009380406367,0.2481026276686598,-0.031919544128161365,-0.00036842326051791854,-0.9969835486377102,-0.07074468681611512,odom_lidar,unilidar_lidar
1786135882.0079088,-10.949021918958312,-8.885090831579172,0.22900212553613844,-0.03059292537266554,0.0046097540318436854,-0.9973490835456787,-0.06586067594174232,odom_lidar,unilidar_lidar
1786135882.1322546,-11.014872978731576,-8.91247925162237,0.2341718309546476,-0.031810328667916395,0.0052000180076690545,-0.9971950926848685,-0.06755005498129268,odom_lidar,unilidar_lidar
1786135882.2546513,-11.03200568899439,-8.81113681729015,0.24934394265345966,-0.02900016466237568,0.010826087070643451,-0.9964646996974462,-0.07810178323938805,odom_lidar,unilidar_lidar
1786135882.3823016,-11.052151211581165,-8.642281678266663,0.2215443184977605,-0.030782556557903195,0.01453046008909906,-0.995063708357843,-0.0932175747941143,odom_lidar,unilidar_lidar
1786135882.4963129,-11.002055515277917,-8.589106001681513,0.2409794374960996,-0.03370873399752402,0.01136875481873585,-0.9946968294327145,-0.0965022807122244,odom_lidar,unilidar_lidar
1786135882.632207,-10.965478637387696,-8.59638001397792,0.2132113327235941,-0.03832622791749951,0.006235630976172963,-0.9952751545244675,-0.08899204428623,odom_lidar,unilidar_lidar
1786135882.7749228,-10.993397043037085,-8.577909286235752,0.24133485955033473,-0.034115937991271265,0.007214743341802433,-0.9969767209886161,-0.06943679183455027,odom_lidar,unilidar_lidar
1786135882.9026265,-11.044043543186318,-8.672319163130952,0.25599557541457735,-0.03156019506606035,0.006289686378956186,-0.997868898479694,-0.05676315160003617,odom_lidar,unilidar_lidar
1786135883.0224335,-11.091632048758825,-8.681782065922665,0.21319147093896004,-0.022564675662330697,0.01003389442546414,-0.9982080472285185,-0.0545055118601805,odom_lidar,unilidar_lidar
1786135883.1570656,-11.1232453246374,-8.637015523392709,0.23390133530930474,-0.0314698397192048,0.011974770499498718,-0.9974898296391764,-0.062292004510520596,odom_lidar,unilidar_lidar
1786135883.2797391,-11.21254563337224,-8.640182077718013,0.23150605555099207,-0.03406278224426671,0.014375056317979142,-0.9968603785014445,-0.07001764345928553,odom_lidar,unilidar_lidar
1786135883.4081857,-11.309705021829394,-8.814418184807876,0.23783906505947028,-0.03727309619326378,0.014169601932375412,-0.9963784347844908,-0.0750996230193873,odom_lidar,unilidar_lidar
1786135883.5330884,-11.324728834986194,-8.97863673732092,0.22865504824985478,-0.033204896690714455,0.00827445584538042,-0.9966902289406034,-0.07373978404192214,odom_lidar,unilidar_lidar
1786135883.680756,-11.329487805376004,-8.866420828705365,0.2305581149515199,-0.03076877278031821,0.004302830835210401,-0.9979000166144864,-0.05683594909214255,odom_lidar,unilidar_lidar
1786135883.8219242,-11.342940224940556,-8.63897674835106,0.24977121604787184,-0.027967850146869526,0.009511568498833205,-0.9981116732017152,-0.0538555219204754,odom_lidar,unilidar_lidar
1786135883.9674628,-11.226807758903714,-8.522924558044258,0.25919388779809804,-0.021763527751139166,0.011299878975546592,-0.9977668779624058,-0.06212824507514143,odom_lidar,unilidar_lidar
1786135884.0916529,-11.238829903354397,-8.393334987971754,0.22468540786836982,-0.01989337881572934,0.01060037559477037,-0.9975717561030095,-0.06589747295687143,odom_lidar,unilidar_lidar
1786135884.2220037,-11.309120754755796,-8.35355921570262,0.2130281710688715,-0.028934023579895395,0.005471726099370464,-0.9968446331493986,-0.07371336279272774,odom_lidar,unilidar_lidar
1786135884.341573,-11.467431518353683,-8.466405074273364,0.23893391890205143,-0.03290612950334036,0.014411095437483961,-0.9968079035339777,-0.07129874067329302,odom_lidar,unilidar_lidar
1786135884.4605696,-11.407121637619275,-8.505763778179583,0.28887076628243724,-0.03084511609951053,0.015347050246344768,-0.997243508030207,-0.06571478184663167,odom_lidar,unilidar_lidar
1786135884.6028998,-11.421352894035438,-8.542936048708732,0.25611380056144045,-0.029669244764289164,0.004515147238361389,-0.9978207934517298,-0.058762347773834434,odom_lidar,unilidar_lidar
1786135884.7390769,-11.372594561794157,-8.625947491883837,0.2241716791868311,-0.025390111825565366,0.0004767322694130869,-0.9983310742895435,-0.051866955334919605,odom_lidar,unilidar_lidar
1786135884.8786542,-11.332372347360229,-8.677457136471059,0.23695193129253647,-0.024067508450167703,0.0006235004610475239,-0.9984316772518118,-0.0505425775392425,odom_lidar,unilidar_lidar
1786135885.0140343,-11.441146494459874,-8.545273748849905,0.22406189840703017,-0.024323649716052467,0.011046386552544396,-0.9982469558674368,-0.05281432106936612,odom_lidar,unilidar_lidar
1786135885.1309643,-11.602293142717066,-8.559921379975341,0.23792799678573165,-0.03130333163445516,0.019099900151712236,-0.9976392251310139,-0.058062653425142656,odom_lidar,unilidar_lidar
1786135885.2471108,-11.672776525260868,-8.631031505478227,0.2701834481689741,-0.03578236405375097,0.012891744511901684,-0.9974317232423114,-0.060690879183267626,odom_lidar,unilidar_lidar
1786135885.3698754,-11.690404837542545,-8.612436926114214,0.26853155603475276,-0.030363885102953438,0.002241873733510369,-0.9978318874726864,-0.05834837466728402,odom_lidar,unilidar_lidar
1786135885.4931753,-11.614461167646775,-8.4833423697679,0.2593106531018655,-0.023874007760540644,0.0016933863573030637,-0.9979436171805901,-0.059461761869410566,odom_lidar,unilidar_lidar
1786135885.6422112,-11.55443295657421,-8.312044168595792,0.2556244736746095,-0.025909440822524214,0.0026460627280383755,-0.9977453317901509,-0.06185428133335061,odom_lidar,unilidar_lidar
1786135885.801389,-11.543595241890278,-8.095997325686099,0.25997282262790405,-0.03156139790154069,0.005668887125406352,-0.9976164789102465,-0.0610991234632837,odom_lidar,unilidar_lidar
1786135885.937081,-11.563334605052379,-7.966105968863802,0.28356843084462946,-0.0349091448782672,0.012196121817779286,-0.9971486206777332,-0.06578171856198524,odom_lidar,unilidar_lidar
1786135886.056145,-11.661914567060276,-7.963807491778737,0.3663715542326542,-0.03512485114659975,0.01582016341242818,-0.9966599946242405,-0.07200571072590232,odom_lidar,unilidar_lidar
1786135886.182196,-11.735710074907933,-8.160171478454226,0.3121340782799969,-0.026571114755580973,0.013319169780437123,-0.997584490988929,-0.06278342866844003,odom_lidar,unilidar_lidar
1786135886.3034923,-11.754428743964846,-8.34091738165388,0.22391252507087667,-0.023613665648300024,0.01027001907574039,-0.9983669363972446,-0.05099393896939593,odom_lidar,unilidar_lidar
1786135886.4281986,-11.788637930112206,-8.452819725099959,0.18912413468416794,-0.026681340348881682,0.006491824505401946,-0.9987002844778724,-0.04293837532551712,odom_lidar,unilidar_lidar
1786135886.5550773,-11.839897169595487,-8.531852082406532,0.24435489159203636,-0.02883722252319268,0.007048427208000104,-0.9990059362542205,-0.03325467786447323,odom_lidar,unilidar_lidar
1786135886.6992528,-11.903359999828366,-8.314031414174242,0.3167510164155468,-0.029937816213655245,0.010763190975409198,-0.99865385557187,-0.040967763324630264,odom_lidar,unilidar_lidar
1786135886.8300352,-11.956723799824356,-8.133035686881907,0.3256628890966151,-0.030729947247912483,0.010246215441435414,-0.9981956817157467,-0.05055755547199707,odom_lidar,unilidar_lidar
1786135886.9524622,-12.032801965716718,-7.8859197024712735,0.2927236644843649,-0.03350522613344309,0.009599808861014213,-0.9976362297169608,-0.05922158937166703,odom_lidar,unilidar_lidar
1786135887.078641,-11.952347824549308,-7.779070447847719,0.2701053675599723,-0.03139524905486338,0.008663545520531776,-0.9969663535309271,-0.0706920875561278,odom_lidar,unilidar_lidar
1786135887.2108583,-11.935546953390014,-7.779857202805245,0.2980731292583292,-0.02901214671297175,0.007720907553429563,-0.9969423481321324,-0.07214317313818844,odom_lidar,unilidar_lidar
1786135887.3333442,-12.052601680040908,-7.915701998013514,0.3085065393346215,-0.026944440206153556,0.007908159245699417,-0.9975318212480043,-0.06435622547167745,odom_lidar,unilidar_lidar
1786135887.4670548,-12.108875820697685,-8.0203221189598,0.30368752513069563,-0.029863331511179644,0.011285347205795134,-0.9977175323463796,-0.059502504301492606,odom_lidar,unilidar_lidar
1786135887.6220152,-12.136814698561464,-8.054181379970979,0.2661607786018647,-0.027529618699518296,0.012924257509835837,-0.9986436224450483,-0.042261081527931905,odom_lidar,unilidar_lidar
1786135887.7478995,-12.143648945630792,-8.121047981892753,0.2869468198052549,-0.026557543268685514,0.01443625932460353,-0.9991270687900742,-0.028833864173901966,odom_lidar,unilidar_lidar
1786135887.894145,-12.007156966740641,-8.081726098283827,0.2628356872123,-0.02421864134645682,0.015917700186608673,-0.9992179538437139,-0.026899162598167298,odom_lidar,unilidar_lidar
1786135888.014036,-11.99005728717144,-8.045945919924362,0.2836808469961266,-0.029389642910430846,0.012818713272843486,-0.9989002340804046,-0.034208943768243676,odom_lidar,unilidar_lidar
1786135888.1441991,-12.02673925171855,-8.002485954840044,0.26766225701890517,-0.033057685265535465,-0.003035906216316474,-0.9984516238238806,-0.044635497104730915,odom_lidar,unilidar_lidar
1786135888.260898,-12.145585634154758,-8.002970563203109,0.2348071653175756,-0.029720516286793387,-0.0032160505886165945,-0.9987501421328537,-0.040056229476357445,odom_lidar,unilidar_lidar
1786135888.3886218,-12.27538504455475,-7.885102453598165,0.2341515928909918,-0.025877610436089153,0.005458010903061842,-0.9989735175920352,-0.03677595063211708,odom_lidar,unilidar_lidar
1786135888.5171125,-12.391452383675636,-7.809270794442734,0.28483570132183883,-0.02429838160799037,0.012481842744191299,-0.998973241654363,-0.03614214591741158,odom_lidar,unilidar_lidar
1786135888.6640458,-12.39505679317796,-7.96487259988756,0.28329177580055875,-0.03327468814478989,0.0059557466396359705,-0.9990648540496969,-0.026958145586991406,odom_lidar,unilidar_lidar
1786135888.8025393,-12.359455487125247,-8.185730688879417,0.27923140319728157,-0.03715080030250304,0.002431522234230595,-0.9990730342857317,-0.021609671436866713,odom_lidar,unilidar_lidar
1786135888.949632,-12.350963316832482,-8.31724841368696,0.26454138594410176,-0.03289454591279999,0.00313269276424058,-0.9992664957363218,-0.019354730276787246,odom_lidar,unilidar_lidar
1786135889.0920753,-12.263153802360632,-8.224970593408852,0.2965822822905801,-0.0244260692776038,0.010706735929057623,-0.999438109741204,-0.020302653578296106,odom_lidar,unilidar_lidar
1786135889.2111185,-12.359227338247116,-8.10861720620011,0.3217997332304039,-0.026625625229545116,0.013146362970486354,-0.9993441634523059,-0.02072419348479517,odom_lidar,unilidar_lidar
1786135889.3472369,-12.472763714673341,-7.854801096505706,0.256134196850571,-0.026383462912046973,0.013149832090562131,-0.9992975250309999,-0.023139819957745708,odom_lidar,unilidar_lidar
1786135889.4701948,-12.481647596197242,-7.702637412348996,0.2365582494253477,-0.03084006614613868,0.00620551912215318,-0.9992700004448051,-0.02167597895288109,odom_lidar,unilidar_lidar
1786135889.608743,-12.40210395682974,-7.663898120237335,0.26526343794048307,-0.02378209668852147,0.003985008363663907,-0.9993677446792829,-0.026127427735677146,odom_lidar,unilidar_lidar
1786135889.7442133,-12.44636354880635,-7.682727544676468,0.29985613296898306,-0.02461221614502325,0.006603578610126381,-0.99943467533176,-0.021930830136365074,odom_lidar,unilidar_lidar
1786135889.87224,-12.522643274707304,-8.001655846170173,0.2618775217707597,-0.02744441146909009,0.0028419795959164253,-0.9995389138926613,-0.012676239401769814,odom_lidar,unilidar_lidar
1786135889.9971693,-12.599865316903712,-8.235307155718354,0.2448835812369486,-0.028768274933545147,0.0029652237990461456,-0.9995760671231766,-0.003358547265194835,odom_lidar,unilidar_lidar
1786135890.1143909,-12.670900611581423,-8.45184118404551,0.27014829521707795,-0.031193344723376405,0.005855740504152584,-0.9994886761159553,-0.0038822498750107973,odom_lidar,unilidar_lidar
1786135890.2331815,-12.576169489789251,-8.221493095357177,0.3009778586992637,-0.028042328251328078,0.013774472493108977,-0.9995001988706416,-0.004821223011802889,odom_lidar,unilidar_lidar
1786135890.347351,-12.41334970273526,-7.9261442713732615,0.32484327328208545,-0.023535118753020147,0.0210192384175612,-0.9994444040154108,-0.010731872339310791,odom_lidar,unilidar_lidar
1786135890.47476,-12.28889744476302,-7.739726551593453,0.33741617268305224,-0.02500950037952627,0.015346925461988311,-0.9994175880668339,-0.01742071847837717,odom_lidar,unilidar_lidar
1786135890.6082976,-12.25888875857953,-7.595597986159211,0.2920417710149657,-0.021895245269143965,0.004831337491141283,-0.9993343409732961,-0.02877727165870143,odom_lidar,unilidar_lidar
1786135890.7419791,-12.341047672823272,-7.509938868970649,0.27205073175668937,-0.027238236036003505,-0.00041766106178115284,-0.9988612961542708,-0.039166504846547254,odom_lidar,unilidar_lidar
1786135890.8752265,-12.441664471417356,-7.557317079069771,0.31190835694510427,-0.031285499532574285,0.002551997794826965,-0.9981168419337285,-0.052701752100788854,odom_lidar,unilidar_lidar
1786135890.9973116,-12.51169370341049,-7.725814880976489,0.31330049059536985,-0.029475425929764626,0.011119121806345467,-0.9983252040244159,-0.048521659144375784,odom_lidar,unilidar_lidar
1786135891.1139877,-12.59234829346753,-8.070711545634008,0.27955577863988434,-0.024366431837185665,0.01425041935473668,-0.9993465000560496,-0.02257820571838946,odom_lidar,unilidar_lidar
1786135891.2392826,-12.58537567830642,-8.439731202668485,0.3019854029948988,-0.02014879049808884,0.015547293906750706,-0.9996686876137274,-0.0038500517255441193,odom_lidar,unilidar_lidar
1786135891.366961,-12.51379654655671,-8.455957320178817,0.28230616704137007,-0.022523733386645532,0.006425991466247342,-0.9995935197171809,-0.01625371980258198,odom_lidar,unilidar_lidar
1786135891.5059273,-12.488264211322415,-8.36619105824877,0.2927149315802227,-0.025500477993777776,-0.006615914911424952,-0.9984940292090083,-0.04812098217964733,odom_lidar,unilidar_lidar
1786135891.6442838,-12.532965304331148,-8.26736106916409,0.30379256358970497,-0.03140273681077234,-0.01560318734249033,-0.9967525917738838,-0.07248916786385333,odom_lidar,unilidar_lidar
1786135891.792175,-12.619358684001309,-7.940246919884035,0.3126941776696395,-0.034939004385979765,-0.0015844321020702136,-0.9952200123513107,-0.09118049442116159,odom_lidar,unilidar_lidar
1786135891.9443514,-12.54914321107084,-7.57313784833939,0.32234788891701605,-0.027053217724697275,0.01604491571874607,-0.9936019029163464,-0.10847092979842116,odom_lidar,unilidar_lidar
1786135892.0834634,-12.615769196636599,-7.501457694037883,0.3473332118804881,-0.024363001956505047,0.018418502651211678,-0.9947091487698969,-0.09808624903227689,odom_lidar,unilidar_lidar
1786135892.2116823,-12.628533418530397,-7.683334191053264,0.3081352642564219,-0.026087558438613177,0.00844064503800238,-0.9956973182148641,-0.08851579127919598,odom_lidar,unilidar_lidar
1786135892.3322978,-12.581970271788794,-7.922227506258191,0.2968094997303197,-0.030291409954350965,-0.001848545896139035,-0.9962167256455213,-0.08143248065215365,odom_lidar,unilidar_lidar
1786135892.4766436,-12.477061690566469,-8.139182686478362,0.2949452645028437,-0.030315836633655568,-0.004034521799150173,-0.9960452003213993,-0.08341841283408091,odom_lidar,unilidar_lidar
1786135892.614113,-12.652877619857522,-8.25794347145459,0.23611590019082207,-0.025126805968158687,-0.0013511973875503524,-0.9965999011506343,-0.07845670725950894,odom_lidar,unilidar_lidar
1786135892.7489607,-12.70878996560299,-8.264374393409891,0.2530782377079011,-0.016989247995326424,0.005768257656688536,-0.9968844285795221,-0.07680838959279984,odom_lidar,unilidar_lidar
1786135892.8844779,-12.807359651069568,-8.206159880071084,0.2599191150600093,-0.02043569170792819,0.01529335736038514,-0.9966338983260428,-0.07790615144198204,odom_lidar,unilidar_lidar
1786135893.009449,-12.8413628740784,-8.00082328636908,0.3564331150550676,-0.030920967528168475,0.016373191849387715,-0.9957336617718895,-0.08538317849629129,odom_lidar,unilidar_lidar
1786135893.1395257,-12.803399796307085,-7.80426839882934,0.36446479078405325,-0.03297061428278359,0.006901522884658248,-0.9951024216538346,-0.09293265300400272,odom_lidar,unilidar_lidar
1786135893.2762947,-12.732821608457982,-7.591565217337094,0.3306564256164044,-0.03117033061925369,0.0002933256046240905,-0.9942190028875713,-0.10274677000480198,odom_lidar,unilidar_lidar
1786135893.4050698,-12.656904282494809,-7.45558749065889,0.30821611018342215,-0.02175821710110781,0.0035785111713650206,-0.9940429967784552,-0.10673469352598351,odom_lidar,unilidar_lidar
1786135893.539273,-12.657688151498276,-7.504254640235388,0.2778189339391491,-0.019906656798558537,0.013732891908374607,-0.9949819486488556,-0.09708787029213939,odom_lidar,unilidar_lidar
1786135893.6781209,-12.68011000090222,-7.694087510191481,0.30032158259717956,-0.023473126385106968,0.018043001297985806,-0.9959770915746115,-0.08457597472360505,odom_lidar,unilidar_lidar
1786135893.8173292,-12.739188744055784,-7.936265166006788,0.2691021466350687,-0.0321406802196993,0.025518094870102072,-0.9961745110133299,-0.07715015953689836,odom_lidar,unilidar_lidar
1786135893.9531863,-12.813110634054665,-8.019177254860235,0.25100052971269005,-0.03176178510985203,0.017328245983367775,-0.9957509838541218,-0.08468116113590014,odom_lidar,unilidar_lidar
1786135894.0811603,-12.964289286490382,-7.957570286450276,0.2968562578666707,-0.0338755527080367,0.004851831797926099,-0.9935113753897834,-0.10846222212379138,odom_lidar,unilidar_lidar
1786135894.2033398,-13.040527401401903,-7.791348354762934,0.3431274992026685,-0.031633915978130735,-0.0066304970075042715,-0.9919260328727135,-0.12262983804410152,odom_lidar,unilidar_lidar
1786135894.3146124,-13.019338294953998,-7.505848188386331,0.30338516592380854,-0.02905401825814584,-0.004314195683105698,-0.991705281439884,-0.1251314768669488,odom_lidar,unilidar_lidar
1786135894.4425406,-13.01264989306565,-7.287822096612667,0.3065303069092954,-0.027057437113524107,0.00804262874912796,-0.9920214579500019,-0.12286837748747216,odom_lidar,unilidar_lidar
1786135894.5703712,-12.934961379226758,-7.198774469017706,0.32098901432456134,-0.023731170811386756,0.010457459522895934,-0.9922036329854661,-0.1218992361038006,odom_lidar,unilidar_lidar
1786135894.7064097,-12.929164862804827,-7.230241699284535,0.37681127285950805,-0.02467081935290123,0.009430411187894101,-0.9926901648006351,-0.11776525262305403,odom_lidar,unilidar_lidar
1786135894.8345046,-12.969517569640615,-7.323560009211571,0.3481708246315132,-0.029439141343798887,0.009041619960586392,-0.9927583266197881,-0.11611412916827293,odom_lidar,unilidar_lidar
1786135894.958258,-13.004922485772054,-7.505161018259662,0.30864166098059265,-0.030951155876170783,0.005435429597888054,-0.9929050410163108,-0.11468243797292418,odom_lidar,unilidar_lidar
1786135895.0774791,-13.078293846543986,-7.591557277768525,0.30255500217710485,-0.03132630587145767,0.001340299063666107,-0.9930158900410421,-0.11373789291553209,odom_lidar,unilidar_lidar
1786135895.203465,-13.030312068004775,-7.626955398592432,0.2924602803060938,-0.023528345081585474,0.004717656616955499,-0.9936034522166415,-0.11034645638595986,odom_lidar,unilidar_lidar
1786135895.3274908,-13.024957131037938,-7.523308372046913,0.2912209662569497,-0.02161626715079457,0.004561798668834726,-0.9937826160561669,-0.10912396167630573,odom_lidar,unilidar_lidar
1786135895.4434915,-13.041038568673104,-7.411037662967437,0.33262769922330837,-0.026003061652532855,0.0028530728336987345,-0.9939507802290163,-0.10666558602581405,odom_lidar,unilidar_lidar
1786135895.579239,-13.073137123852428,-7.298839142610771,0.34688381234655824,-0.027031494325921574,0.005133117824318663,-0.9941690611319506,-0.10426325960723265,odom_lidar,unilidar_lidar
1786135895.7092094,-13.131586918769383,-7.4650894106421655,0.3591711359600634,-0.03072049181097787,0.011360647293580564,-0.9941708583990927,-0.10272045261764462,odom_lidar,unilidar_lidar
1786135895.856351,-13.233314825579052,-7.6103696241384196,0.3362327343896986,-0.03263643818487796,0.02003637909616409,-0.9944663393448423,-0.09782692024892005,odom_lidar,unilidar_lidar
1786135895.9814045,-13.387494475522608,-7.6588032296247155,0.3270067222425256,-0.02975176315398329,0.017630302670956496,-0.9945653058717944,-0.0982031433972664,odom_lidar,unilidar_lidar
1786135896.1004536,-13.520375665361717,-7.640189722141279,0.3500422097652349,-0.03231670838847807,0.014411422007205618,-0.9944916502744705,-0.098662550185086,odom_lidar,unilidar_lidar
1786135896.2279024,-13.593628361906639,-7.620593249002992,0.3200957356234723,-0.03080035399435376,0.011172607443378862,-0.9943601284427591,-0.10086845889592222,odom_lidar,unilidar_lidar
1786135896.3564074,-13.400931046271081,-7.5093796103987644,0.27671460919805313,-0.028751688547870045,0.011444367790447253,-0.9928129479804204,-0.11560630248369101,odom_lidar,unilidar_lidar
1786135896.476751,-13.252914651252246,-7.381095454746467,0.27578497662239193,-0.028766874029615083,0.00784747855595206,-0.9906628921108901,-0.13303352296833026,odom_lidar,unilidar_lidar
1786135896.6122494,-13.22122301591363,-7.307058461588794,0.31615733016818603,-0.023662267392234038,0.004210878131213511,-0.9883502768265758,-0.1502867123336377,odom_lidar,unilidar_lidar
1786135896.7672129,-13.357472411368688,-7.240011217285961,0.3647183936508569,-0.023818364530403046,0.006022739051487096,-0.9871124020279846,-0.15813133113952224,odom_lidar,unilidar_lidar
1786135896.897247,-13.452626014234326,-7.186828187458757,0.3186089490005108,-0.03404902284776903,0.0020594430325135285,-0.9862873476110416,-0.16147349838250336,odom_lidar,unilidar_lidar
1786135897.0165215,-13.590731207550371,-7.1226722275151415,0.30386308380910476,-0.03637001025786547,0.000532469336831091,-0.9855124424321855,-0.16565676756956307,odom_lidar,unilidar_lidar
1786135897.1373262,-13.591405130372907,-7.144440869760627,0.3424438413958509,-0.030538762642777276,0.0010187858605985862,-0.9858979836544534,-0.1645342270705451,odom_lidar,unilidar_lidar
1786135897.2514434,-13.608373496499159,-7.157681662083811,0.36914581823466763,-0.026874618298848314,0.007225615181906861,-0.9865278858523293,-0.16120879570379498,odom_lidar,unilidar_lidar
1786135897.3653872,-13.69415537548724,-7.2183120246196575,0.39955738380287853,-0.02989140027587959,0.0006909323979006274,-0.9876696317446154,-0.15367083435520465,odom_lidar,unilidar_lidar
1786135897.4873734,-13.61452188689995,-7.284774546621686,0.36189837765562394,-0.030506884557207608,0.006920867307882397,-0.9885588707860371,-0.1475560591116303,odom_lidar,unilidar_lidar
1786135897.6064165,-13.521875241008264,-7.254310432502711,0.3349478264590314,-0.03140947055485487,0.01108582301258995,-0.9891536623397886,-0.14305796715800442,odom_lidar,unilidar_lidar
1786135897.7533836,-13.596482803758272,-7.341286331503875,0.3156448935387848,-0.033295801197516746,0.011951960378492865,-0.98982618897217,-0.1378138450612155,odom_lidar,unilidar_lidar
1786135897.8842323,-13.65424154338059,-7.373679160439551,0.34135552144165837,-0.03040741102584862,0.020482946703928768,-0.9898709042595617,-0.1371547707860976,odom_lidar,unilidar_lidar
1786135898.009154,-13.712482029360894,-7.434289560487619,0.362737048675963,-0.03355320068987144,0.013781503581441807,-0.9893392844601905,-0.14103911906381913,odom_lidar,unilidar_lidar
1786135898.1314547,-13.776586830739255,-7.237787385264859,0.36923821668287937,-0.031047901535509993,0.009231615104792765,-0.9886145226298332,-0.14694261035583028,odom_lidar,unilidar_lidar
1786135898.2537887,-13.802513589404453,-7.0623338200841035,0.3697378120912655,-0.029187794042871116,0.004751365016613285,-0.9881028952660715,-0.15092437038529263,odom_lidar,unilidar_lidar
1786135898.3787293,-13.761722891084176,-6.956832362021456,0.3770067133022686,-0.0278188521306786,-4.3357135528210276e-05,-0.9885657769366776,-0.14820193742280646,odom_lidar,unilidar_lidar
1786135898.5062745,-13.587604630129132,-6.88848511653909,0.3465471988647696,-0.03129201392944611,-0.004375082989160775,-0.98837130986571,-0.14874078911790906,odom_lidar,unilidar_lidar
1786135898.6343203,-13.618728691773041,-6.785999173091667,0.3687879432138728,-0.03818683237602811,-0.00038129428464171895,-0.9893398677339156,-0.14052845462749558,odom_lidar,unilidar_lidar
1786135898.7651525,-13.613431701632454,-6.772903819214866,0.31979930736168344,-0.03966148714321144,0.004071163721438692,-0.9900022578481108,-0.1352993773791471,odom_lidar,unilidar_lidar
1786135898.9069982,-13.669961383283688,-6.941123805473179,0.3441478007834693,-0.034392916187316575,0.00411626116501394,-0.9901997523155157,-0.13529462008685028,odom_lidar,unilidar_lidar
1786135899.0313778,-13.669272575508549,-7.08719564615835,0.3739950760819231,-0.027762364222119983,0.0005167683909978723,-0.9897996867526674,-0.1397339049320169,odom_lidar,unilidar_lidar
1786135899.1484702,-13.738980520152944,-7.178500588423065,0.36542638294593693,-0.026089794550401845,-0.008512721646500514,-0.9895076382278519,-0.1418502382064472,odom_lidar,unilidar_lidar
1786135899.2644892,-13.94552678654916,-7.254414784866738,0.3866536356488794,-0.026597122060179997,-0.010521793683377339,-0.9892999601343494,-0.14306457924299443,odom_lidar,unilidar_lidar
1786135899.3840632,-14.157694616782576,-7.338295107145994,0.385039513624108,-0.028077101108370965,-0.008995879440285855,-0.9893022593785505,-0.14286983633693048,odom_lidar,unilidar_lidar
1786135899.5115118,-14.003743431408834,-7.261704946830516,0.3424080681305168,-0.028110444754022957,0.004983483684962789,-0.9896352846558882,-0.1407372415181986,odom_lidar,unilidar_lidar
1786135899.651269,-13.923066999916925,-7.056673989373675,0.36861124596567185,-0.026352535072201907,0.015598424005590833,-0.9896765843395783,-0.14000889783780135,odom_lidar,unilidar_lidar
1786135899.8062763,-13.854583665347837,-6.8594935466593085,0.37168958367259847,-0.026915380671881584,0.016219243659338512,-0.9902547277125245,-0.13567635262417888,odom_lidar,unilidar_lidar
1786135899.9403977,-13.743606484158166,-6.688534386639001,0.37992190275451954,-0.025024446820518124,0.009320973254015263,-0.9908765838294873,-0.1321003108903615,odom_lidar,unilidar_lidar
1786135900.067498,-13.805657408453001,-6.6451081014229,0.35408410830751413,-0.03511723543581652,-0.0036623079215937298,-0.9909000632433546,-0.12988622690781776,odom_lidar,unilidar_lidar
1786135900.1982608,-13.865929587855437,-6.695855457838023,0.34855078538535855,-0.03546799042337659,-0.004112894132314541,-0.9906506716852692,-0.13166758312777124,odom_lidar,unilidar_lidar
1786135900.3183312,-13.871019881554725,-6.714600708733497,0.34748597730108566,-0.029718739305470365,-0.004117514157776231,-0.9904399734968029,-0.13464212383539678,odom_lidar,unilidar_lidar
1786135900.45058,-14.022863269011124,-6.723570454477798,0.3719411846922497,-0.029563172916809436,-0.0017389904895552517,-0.9894538982209502,-0.14178849746905997,odom_lidar,unilidar_lidar
1786135900.5981324,-14.189605328762967,-6.855592549361187,0.43597514345751576,-0.02437558634851512,0.007290765108258331,-0.9904476591686598,-0.13552162182332544,odom_lidar,unilidar_lidar
1786135900.748605,-14.33346225924504,-6.904287105587349,0.3898675645256136,-0.02502057376355592,0.012924264083643881,-0.9909107751542011,-0.13153999380317327,odom_lidar,unilidar_lidar
1786135900.8823144,-14.358115603424523,-7.033531759703355,0.3831263947931659,-0.030200249206768764,0.013617089592200773,-0.9914637369082795,-0.1261038390167294,odom_lidar,unilidar_lidar
1786135901.0050771,-14.275831847033983,-7.015692723877742,0.42005333840443476,-0.032878260081686074,0.009676792483758453,-0.9920223511565465,-0.12131378531339798,odom_lidar,unilidar_lidar
1786135901.1263714,-14.215971119328863,-7.029844861104944,0.45799528111101256,-0.03334896789106972,0.0061449910260581294,-0.992894814180694,-0.11406127037244129,odom_lidar,unilidar_lidar
1786135901.2513173,-14.035747352572013,-7.056406167653835,0.4010398802724721,-0.032527486679516424,0.004128456403696668,-0.9928672222782046,-0.11462808287500552,odom_lidar,unilidar_lidar
1786135901.3764508,-13.996615600418316,-6.969193992421143,0.3517524275474282,-0.02794784301398206,0.0006892763117292253,-0.9927437904491039,-0.11695387763463694,odom_lidar,unilidar_lidar
1786135901.5014884,-14.175095549156183,-6.851574090578354,0.3108502294428831,-0.024724687524990803,0.0002273650675350103,-0.9927232486190785,-0.11785240677687021,odom_lidar,unilidar_lidar
1786135901.6512024,-14.276668386783857,-6.672882781141973,0.2986222121182016,-0.025662843665472525,-0.0007641869363536306,-0.9918082707277239,-0.12512868811511466,odom_lidar,unilidar_lidar
1786135901.8066862,-14.277172611486913,-6.4928710095984075,0.34928870761635583,-0.03242229220540147,0.0015766273492111129,-0.9903616099697153,-0.13464839662076483,odom_lidar,unilidar_lidar
1786135901.9403617,-14.286106220799539,-6.3768630533201005,0.410463393491165,-0.029335697325528223,0.004315747757718096,-0.9904283239824558,-0.13480551263587248,odom_lidar,unilidar_lidar
1786135902.0565543,-14.306426996268135,-6.338642584924253,0.40764606707540674,-0.03025391900636405,0.005486549590304478,-0.9910804257847028,-0.12966953298582476,odom_lidar,unilidar_lidar
1786135902.1704056,-14.309003206785674,-6.3853105199459375,0.4064559017904213,-0.03269316366444709,0.0070815465907978345,-0.9919708241222961,-0.12196266985280742,odom_lidar,unilidar_lidar
1786135902.2874753,-14.266553094796052,-6.436129509634701,0.39004231674353057,-0.03121650689222378,0.010418728160785075,-0.9930322342241966,-0.11315459156684692,odom_lidar,unilidar_lidar
1786135902.4124498,-14.242885756177008,-6.545190298966672,0.3863439231414755,-0.026021685930898878,0.011569596876728802,-0.9937550868790126,-0.10788810681215046,odom_lidar,unilidar_lidar
1786135902.5488896,-14.406998605559068,-6.5651432665215665,0.3673228772729906,-0.026368764019173877,0.009082259302376652,-0.9942932971016304,-0.1029710648135415,odom_lidar,unilidar_lidar
1786135902.6963296,-14.501138108806396,-6.641845529367116,0.35818461704538984,-0.025311767490272717,0.006856738002079282,-0.9940760244484573,-0.10547586068498987,odom_lidar,unilidar_lidar
1786135902.845381,-14.611255959187927,-6.739419707747344,0.3425211817723317,-0.021249299905928835,-0.0006484423743613328,-0.9935254659853517,-0.11160284590719369,odom_lidar,unilidar_lidar
1786135902.9731853,-14.782049180240245,-6.787964339094104,0.41137186007185317,-0.02758444197204145,0.0009697692578849951,-0.9919920593269075,-0.12324736241006917,odom_lidar,unilidar_lidar
1786135903.0930736,-15.04428076751329,-6.56758381420807,0.45237768580459675,-0.028943002045801247,0.003925824514376096,-0.9907216752858129,-0.13273075247783217,odom_lidar,unilidar_lidar
1786135903.2128625,-15.000759406826424,-6.502331504479635,0.42589323450222477,-0.02800944660196732,0.005616112400234572,-0.9916128289762378,-0.12604732282877704,odom_lidar,unilidar_lidar
1786135903.329489,-14.94199394918992,-6.4680470297321,0.4271768744449815,-0.027340334457354173,0.006613546481319946,-0.9925742782672136,-0.11834301515940739,odom_lidar,unilidar_lidar
1786135903.465758,-14.88574879074154,-6.420552289235808,0.44055811770236675,-0.032887712588456484,0.00951304490216477,-0.9932249638581749,-0.11104986045158127,odom_lidar,unilidar_lidar
1786135903.6066468,-14.7990008921,-6.483586651277893,0.42544916021426277,-0.034003694216979255,0.006769127594337028,-0.9926857568756337,-0.1156413238745574,odom_lidar,unilidar_lidar
1786135903.7373214,-14.787490701887686,-6.4550047129628645,0.4274570841811637,-0.03218309886058103,0.008147895873481335,-0.9927676534574013,-0.11537004025851125,odom_lidar,unilidar_lidar
1786135903.865426,-14.816782978061788,-6.387605907863208,0.4094503249768231,-0.030788974338595797,0.009591544586621885,-0.9930917324261807,-0.11282221553571473,odom_lidar,unilidar_lidar
1786135903.9844172,-14.837461333843391,-6.33933800772168,0.43444617785426276,-0.029684145060459077,0.004939030744058315,-0.9937783925797233,-0.10723322222613775,odom_lidar,unilidar_lidar
1786135904.1096947,-14.760304484019146,-6.227115107119288,0.4671894599145229,-0.02679303730807941,-0.004895543640171387,-0.9937785762599772,-0.10799216717414313,odom_lidar,unilidar_lidar
1786135904.2261055,-14.663682923373889,-6.067693874123152,0.45350951214890217,-0.028786241574656514,-0.0021949028803390763,-0.9939222506998189,-0.10623132429353378,odom_lidar,unilidar_lidar
1786135904.359572,-14.655077098907574,-6.070340720408775,0.4197489322180152,-0.03704036775739759,0.0017161908805048594,-0.9938661509834983,-0.1041880020659999,odom_lidar,unilidar_lidar
1786135904.4961014,-14.610074008076227,-6.070628940861394,0.3945746450994361,-0.03670099586094077,0.009062124213452146,-0.9940078794057864,-0.102563397402616,odom_lidar,unilidar_lidar
1786135904.6162703,-14.565874738506645,-6.249439743171234,0.41033058278221013,-0.02930364577480031,0.013427465600048127,-0.9945429638802356,-0.099223447370977,odom_lidar,unilidar_lidar
1786135904.7514324,-14.69704140365203,-6.415239982618238,0.401568942425194,-0.02430541982875748,0.010018783054587374,-0.9959069454747568,-0.08647673969451601,odom_lidar,unilidar_lidar
1786135904.882457,-14.909039080355097,-6.317771155632204,0.44424904561982587,-0.024785271728975464,0.010212998699566376,-0.9953746262741198,-0.09225366297627406,odom_lidar,unilidar_lidar
1786135905.021052,-15.024387886161202,-6.248044322640971,0.47493029500048917,-0.028789381021047077,0.005807749599842233,-0.9939615307915723,-0.10572566808247123,odom_lidar,unilidar_lidar
1786135905.1433322,-15.114526590146408,-6.166804776448739,0.49738602776159957,-0.03192400729115545,0.00036107982552383797,-0.9924756049156268,-0.11820702613294362,odom_lidar,unilidar_lidar
1786135905.2679975,-15.126959730237857,-5.985441070933713,0.4752804815366034,-0.02469555731103509,-0.00230175151516717,-0.992885294154036,-0.11646297283563228,odom_lidar,unilidar_lidar
1786135905.4014585,-15.048810032849584,-5.917889798354534,0.4233411606185988,-0.019904466762418416,-0.00031578174411534595,-0.9943935552088262,-0.10385167232136971,odom_lidar,unilidar_lidar
1786135905.5573888,-14.851350638294571,-5.953568177674844,0.3674096615127461,-0.031378038706079595,-0.004364258390755961,-0.9950232867791925,-0.09447238063472085,odom_lidar,unilidar_lidar
1786135905.7048578,-14.630464097785529,-5.9287904572699945,0.4108504770834405,-0.034516406576456674,-0.0036297404696220975,-0.9953816585769723,-0.08950305262798419,odom_lidar,unilidar_lidar
1786135905.840484,-14.498700203874096,-5.857675969136463,0.4290835067873866,-0.03312579527790109,0.004122121268035443,-0.9961440173531846,-0.0811343730789643,odom_lidar,unilidar_lidar
1786135905.963222,-14.637683817620704,-5.84651035057671,0.4661528939136084,-0.03330760533955346,0.0063210124586983675,-0.9954028989990165,-0.0895752024412753,odom_lidar,unilidar_lidar
1786135906.0845017,-14.861607483993714,-5.866579455989942,0.47838405891323954,-0.03212560704177311,0.01293768528809934,-0.9947256235839375,-0.09654789203877226,odom_lidar,unilidar_lidar
1786135906.2042313,-15.121003510065018,-5.957257457233227,0.4397492869170045,-0.031995332319172114,0.01697426491881949,-0.994840317820596,-0.09476769005767272,odom_lidar,unilidar_lidar
1786135906.3212285,-15.196297037465818,-5.9674934101519685,0.4237324904060499,-0.03435403916607586,0.012962412508098459,-0.9956405151466569,-0.08574229092720624,odom_lidar,unilidar_lidar
1786135906.4438481,-15.164346076511977,-5.923395209071929,0.45504094521999194,-0.028520353347475148,0.005463030310628211,-0.996240352151987,-0.0816204967446622,odom_lidar,unilidar_lidar
1786135906.5794854,-15.0666542606813,-5.952794128074288,0.41568343127708957,-0.027830319908931988,-0.0019581804010502285,-0.9960802479458263,-0.08393913554156304,odom_lidar,unilidar_lidar
1786135906.7195692,-15.04760363603662,-5.924170202851325,0.3991488452713225,-0.022327829112370107,-0.008867538455268085,-0.9959075780496384,-0.08712594786960247,odom_lidar,unilidar_lidar
1786135906.8463976,-15.097298475235455,-5.817373478728879,0.4560568672729508,-0.029118537678028505,0.0008205553374520912,-0.9952820003015872,-0.09254824324698457,odom_lidar,unilidar_lidar
1786135906.9735217,-15.219521833244798,-5.790427292271965,0.48047805493895296,-0.03293938301974267,0.012867771751366431,-0.9952196287282173,-0.09103465323986633,odom_lidar,unilidar_lidar
1786135907.1069992,-15.351287270365248,-5.794256999300791,0.45514019056516203,-0.03453922452073167,0.018156174803594573,-0.9959005081553092,-0.08160620774184303,odom_lidar,unilidar_lidar
1786135907.2317896,-15.439024747983982,-5.890105493756859,0.4182836315592543,-0.03138076128815473,0.0190189768774843,-0.9964732062450171,-0.07546307425016076,odom_lidar,unilidar_lidar
1786135907.3401678,-15.502548297189461,-5.955199385221607,0.5038674868503306,-0.02927003678059455,0.016540428115257896,-0.9961109821838828,-0.0814407168269465,odom_lidar,unilidar_lidar
1786135907.4678624,-15.470761406812116,-5.994798309258011,0.4951761981323583,-0.02439900721795906,0.010238917108200574,-0.9951820323945559,-0.09440643739846666,odom_lidar,unilidar_lidar
1786135907.6103704,-15.368535490164229,-5.953282103267256,0.4648169557733256,-0.02450962624054835,0.003514383261773232,-0.9946821232473956,-0.09997200119979043,odom_lidar,unilidar_lidar
1786135907.7398696,-15.328660329198222,-5.918812795203075,0.46603682064920765,-0.02898156986235882,-0.003504352464025918,-0.9947594693822296,-0.09798666336040987,odom_lidar,unilidar_lidar
1786135907.8636234,-15.415572230374956,-5.793563187744513,0.41797547555698056,-0.034087774382115535,-0.0033306710341346906,-0.9953083654941142,-0.09048860616437461,odom_lidar,unilidar_lidar
1786135907.990584,-15.384043974408872,-5.659580094191752,0.3688452857344193,-0.031898488178735404,0.0022562276594075567,-0.9964452321081428,-0.0779377655415484,odom_lidar,unilidar_lidar
1786135908.1126747,-15.320985996419715,-5.605743502027177,0.43273852757437203,-0.03150269872442927,0.011444490298130203,-0.9966460473232996,-0.07465426960152496,odom_lidar,unilidar_lidar
1786135908.2404382,-15.2800000418888,-5.622594709595631,0.5414797529718318,-0.024847872364323394,0.02154660636679723,-0.9967535233142636,-0.07348973230079518,odom_lidar,unilidar_lidar
1786135908.3596954,-15.317768420818572,-5.604899002198296,0.5645534087917665,-0.02505971684170594,0.021497171195066504,-0.9964162212898544,-0.07787551715957627,odom_lidar,unilidar_lidar
1786135908.496632,-15.408190967629501,-5.624151774754883,0.5204726996832464,-0.029505547768461565,0.01876341606371769,-0.9958192234010126,-0.08438857252914736,odom_lidar,unilidar_lidar
1786135908.6365814,-15.548010903265036,-5.674089162654873,0.5318314412108884,-0.02700315645403892,0.013058151133438858,-0.9961846478819842,-0.08195402097970765,odom_lidar,unilidar_lidar
1786135908.7827203,-15.657123847794251,-5.7388580386227055,0.526012543856025,-0.02509546629252533,0.00424614689673305,-0.9969490216171241,-0.0737891327009025,odom_lidar,unilidar_lidar
1786135908.912857,-15.900503774554439,-5.804423680922172,0.46744944558530543,-0.028650258969159906,-0.002801808017823803,-0.9973636445258101,-0.06661135872375698,odom_lidar,unilidar_lidar
1786135909.0384176,-15.969472578084067,-5.821024789066929,0.46716384473873124,-0.030558321047045048,0.006853570835655666,-0.9969756340861208,-0.07112526007097511,odom_lidar,unilidar_lidar
1786135909.1661239,-15.878315348408535,-5.907772434657629,0.47489639423462604,-0.02434612951466325,0.009560972724433212,-0.9967953340837191,-0.07559706163036298,odom_lidar,unilidar_lidar
1786135909.2884502,-15.749808582035806,-5.817220075905209,0.46892082961868886,-0.023821424810994536,0.019388898580683323,-0.9966436237998781,-0.0758821287975578,odom_lidar,unilidar_lidar
1786135909.4324045,-15.617353066320407,-5.644092718873848,0.44146837683850904,-0.027571654384963402,0.016875172562078794,-0.996595375277597,-0.07584649234329834,odom_lidar,unilidar_lidar
1786135909.573627,-15.522020920990146,-5.40361110102539,0.3934163995272693,-0.03412009749501219,0.0090743153453035,-0.9952932925768347,-0.09024819942529734,odom_lidar,unilidar_lidar
1786135909.7211637,-15.433141000388122,-5.175151573613808,0.39263524891876506,-0.03988247184585229,-0.002098285988915371,-0.9928573291754059,-0.11242468384680089,odom_lidar,unilidar_lidar
1786135909.8441885,-15.429244233137272,-5.291060785857547,0.5025893229007612,-0.04268189805093548,-0.009201584659039572,-0.9883267972843278,-0.1459579671968452,odom_lidar,unilidar_lidar
1786135909.966501,-15.411201838678613,-5.4610477377615085,0.5154508076832929,-0.03417481406245647,-0.002316483614146426,-0.9834888999424488,-0.17769721347689743,odom_lidar,unilidar_lidar
1786135910.078287,-15.675671694582158,-5.574211290039181,0.5164301746511635,-0.02436536031437175,0.012024181562325747,-0.9833819389501548,-0.1795040679793664,odom_lidar,unilidar_lidar
1786135910.20426,-15.989224035073525,-5.680277566034537,0.5210069004334046,-0.019326250349463437,0.018286846651989742,-0.9841299963132996,-0.1754429754744865,odom_lidar,unilidar_lidar
1786135910.3351877,-16.21384126437692,-5.733552390607959,0.5070347872124319,-0.027091541486795455,0.017463757988603428,-0.9856831022346179,-0.16549890484811336,odom_lidar,unilidar_lidar
1786135910.4744537,-16.218902926891438,-5.6826475310358315,0.5411083524573237,-0.03191870447574894,0.011002850294583403,-0.9861607707086079,-0.16231779910222202,odom_lidar,unilidar_lidar
1786135910.6164334,-15.96363985203379,-5.604777612609081,0.5140713028021279,-0.03178571472357625,0.004304646083904247,-0.9866312674785359,-0.15978072598189572,odom_lidar,unilidar_lidar
1786135910.7471292,-15.6511343644512,-5.5382975065654385,0.4825753172672832,-0.027886606876463296,-0.003356958897165292,-0.9876518906218846,-0.15412595801777645,odom_lidar,unilidar_lidar
1786135910.8667707,-15.31819916380702,-5.4485970488610045,0.47260709511707627,-0.02743811622842078,-0.011603755226538868,-0.987755859287565,-0.15313675288957365,odom_lidar,unilidar_lidar
1786135910.9907176,-15.446703423419493,-5.255821388128986,0.5069740163404401,-0.031049069657315714,0.000958925172510925,-0.9880046646965734,-0.1512673734608371,odom_lidar,unilidar_lidar
1786135911.1134386,-15.660788831197715,-5.17846865846243,0.5177824420002706,-0.030696253031705537,0.00970458021235824,-0.9878862585147811,-0.15180349604137197,odom_lidar,unilidar_lidar
1786135911.2434385,-15.844609031432336,-5.186546825200697,0.5066903456288371,-0.03396105072368523,0.016029198648652446,-0.9873810305084326,-0.15384541727503945,odom_lidar,unilidar_lidar
1786135911.3737411,-16.065224380145715,-5.254618137310295,0.47073608937332123,-0.037799797627238216,0.017643649329939743,-0.9868683542311568,-0.15604719912497705,odom_lidar,unilidar_lidar
1786135911.4995844,-16.233452838196943,-5.347596622365643,0.5110420573950061,-0.03619422840421685,0.01395818759028937,-0.9860961989211188,-0.16158413691553702,odom_lidar,unilidar_lidar
1786135911.633411,-16.321219373000943,-5.413462379270724,0.5298880879458596,-0.03328261608016037,0.008642077848712891,-0.9853015861510183,-0.16732712358014526,odom_lidar,unilidar_lidar
1786135911.783675,-16.427662398139518,-5.454758920517095,0.5203114467781785,-0.029419457855488818,0.0050439872456052425,-0.9849393334945651,-0.1703043247467233,odom_lidar,unilidar_lidar
1786135911.9055336,-16.53455093482971,-5.449101868705779,0.46176392307750824,-0.02814540064661239,0.0017832038715421467,-0.9847883641093854,-0.1714541761554819,odom_lidar,unilidar_lidar
1786135912.028509,-16.623811001355232,-5.424143018986837,0.48461870402636037,-0.031272793075567,-0.0021561768784911705,-0.9863231515474663,-0.1618147213203893,odom_lidar,unilidar_lidar
1786135912.1655865,-16.68453937777777,-5.366322309421451,0.48214714867933095,-0.03430844548256496,-0.0043399479038772944,-0.9876536006884375,-0.15278894092154066,odom_lidar,unilidar_lidar
1786135912.2887995,-16.51040007140118,-5.38302373953231,0.5156024162055232,-0.0316449394660203,0.005665550616075431,-0.9899288129426648,-0.1378674894539511,odom_lidar,unilidar_lidar
1786135912.412485,-16.2555005191498,-5.284148050208994,0.5234671851124143,-0.029394931132802008,0.012242105999904817,-0.9915385538111946,-0.1258465937973282,odom_lidar,unilidar_lidar
1786135912.5468056,-16.07824429838449,-5.099959181921391,0.5066901075943792,-0.029720416047343313,0.00903375067587413,-0.993118133902764,-0.11292236418084246,odom_lidar,unilidar_lidar
1786135912.6850235,-16.079883334529974,-4.893518302572063,0.5391621811651595,-0.03000212819547866,0.004875992792825984,-0.9943365556094321,-0.10183767071569017,odom_lidar,unilidar_lidar
1786135912.8284552,-16.010446500790483,-4.820233649473848,0.5326714733922838,-0.029148436523511914,0.007025461927467754,-0.9946689134331455,-0.09866490856766767,odom_lidar,unilidar_lidar
1786135912.9649973,-16.111906666843176,-4.991810811708459,0.48551716357366814,-0.02931399481069583,0.00687449665961911,-0.9942356920240067,-0.1029019907944454,odom_lidar,unilidar_lidar
1786135913.0895944,-16.30695612485828,-5.1860260640439995,0.48125719200140804,-0.02960925876132098,0.006627288808957027,-0.9944535977725724,-0.10070458140439656,odom_lidar,unilidar_lidar
1786135913.2004871,-16.505855291304783,-5.407320230380285,0.5007288020792628,-0.03204888463039752,0.003910970093870507,-0.9948139413696182,-0.0964509998056954,odom_lidar,unilidar_lidar
1786135913.3254116,-16.60786336295946,-5.457133317451021,0.5052482699901656,-0.029445601805650812,0.006427654135596249,-0.9945189496578666,-0.10011843270861828,odom_lidar,unilidar_lidar
1786135913.450719,-16.625332043932584,-5.3230965267679125,0.5336689725054891,-0.028585687355468275,0.008524068691259674,-0.9942746725572382,-0.1026064044909421,odom_lidar,unilidar_lidar
1786135913.5783713,-16.700201945966214,-5.061615629892643,0.5099362640256057,-0.03016388305137165,0.00978587020351961,-0.9946253352325514,-0.09856378349656696,odom_lidar,unilidar_lidar
1786135913.702519,-16.739744983159202,-4.828362713232643,0.5186477820708643,-0.027153926590826098,0.008130879001092346,-0.9951971993812153,-0.0936967844760702,odom_lidar,unilidar_lidar
1786135913.827347,-16.73213744114792,-4.902862520708493,0.5102683321741388,-0.030702743010244053,0.005244021703484378,-0.9955223016860462,-0.08924790559860282,odom_lidar,unilidar_lidar
1786135913.9493551,-16.709989695120164,-5.011233928883374,0.4992197503502238,-0.03818742717833635,0.0023147621547008443,-0.9954692580492097,-0.08704779469132243,odom_lidar,unilidar_lidar
1786135914.07743,-16.610132419947192,-5.106414153824974,0.5190229385202136,-0.03300520159359334,-0.0040947879020012705,-0.9959438021885446,-0.08360521671540097,odom_lidar,unilidar_lidar
1786135914.1911151,-16.57947446537463,-5.139647523071064,0.4970029993354169,-0.03064504500841151,-0.0024787120697501337,-0.9963084557946188,-0.08015109553243731,odom_lidar,unilidar_lidar
1786135914.3193235,-16.730065622720133,-5.104422126906808,0.5458043395439427,-0.02719649602506878,0.010145713181985452,-0.9969124394991297,-0.07295891364241613,odom_lidar,unilidar_lidar
1786135914.4558234,-16.87537853595736,-5.031293795288278,0.5771449780832778,-0.030053688304943756,0.016916352893445785,-0.9971370782065783,-0.0672923479282914,odom_lidar,unilidar_lidar
1786135914.5885935,-16.987583983922782,-4.974572227170528,0.5371983977403815,-0.027789528336211018,0.01466732575980792,-0.996824905659136,-0.07316227940381069,odom_lidar,unilidar_lidar
1786135914.7246063,-17.135469873244382,-5.0108929738853085,0.5496626658470072,-0.028875109481745168,0.008417741326321415,-0.9959945967768251,-0.08420292675881265,odom_lidar,unilidar_lidar
1786135914.8635838,-17.119185583892055,-4.983987736890013,0.5546922199589985,-0.028088227245044516,-0.00017924613578758786,-0.9955471664907818,-0.08998254638111379,odom_lidar,unilidar_lidar
1786135914.983026,-17.27404496520314,-4.80737922604537,0.5385722524440802,-0.03120266519927748,0.0006878389126479482,-0.9954168244915622,-0.09039505562378221,odom_lidar,unilidar_lidar
1786135915.1018426,-17.26568195359621,-4.764288971986028,0.5250647096713792,-0.033976938271070664,0.005503407848345982,-0.9964037875886514,-0.07742591456849668,odom_lidar,unilidar_lidar
1786135915.227884,-17.31270559101112,-4.733864442933241,0.584272704389437,-0.03125268002643549,0.013541238453890025,-0.9972454926767321,-0.06588878651365405,odom_lidar,unilidar_lidar
1786135915.355889,-17.177053814750526,-4.697405903368441,0.6432608316691993,-0.02371158382718982,0.028950548602311523,-0.9974896992777627,-0.060115941003949604,odom_lidar,unilidar_lidar
1786135915.505878,-16.961691699736807,-4.746426843755375,0.5742631590721609,-0.023333194517939988,0.024082866522406175,-0.996918462647631,-0.07091654536098235,odom_lidar,unilidar_lidar
1786135915.6447608,-16.61928270810327,-4.969193260423747,0.5207009156981365,-0.027111895581942082,0.011617683177684893,-0.9945831162232818,-0.09967145769538416,odom_lidar,unilidar_lidar
1786135915.7745285,-16.441544600029065,-5.083213279287542,0.49496150085765717,-0.029235150322459696,-0.008929597618308393,-0.9919906153198587,-0.12255687410066732,odom_lidar,unilidar_lidar
1786135915.902663,-16.41869209618255,-4.943670174326048,0.49867657179571323,-0.0321469473783139,-0.006298323855338857,-0.9909748555502326,-0.129983616498638,odom_lidar,unilidar_lidar
1786135916.0245147,-16.63298007071535,-4.795193097234544,0.4697538753850559,-0.031484405291027764,-0.0034134439965891362,-0.9911774853525555,-0.1287022655345946,odom_lidar,unilidar_lidar
1786135916.144126,-17.051820551646944,-4.596459036367939,0.4867575970243506,-0.027344087858689206,0.0009954088286947289,-0.9907968624054916,-0.13256276803036862,odom_lidar,unilidar_lidar
1786135916.2745163,-17.273979596611245,-4.415859670351982,0.546032841101819,-0.026395274121432857,0.014337340388138211,-0.9905175074220239,-0.13406266320310797,odom_lidar,unilidar_lidar
1786135916.4134617,-17.183652698858328,-4.4952212064849215,0.6091467091620918,-0.021095482567893394,0.01809632729503081,-0.9897044556711808,-0.1404015454981557,odom_lidar,unilidar_lidar
1786135916.5525756,-17.142790609268612,-4.633302081222094,0.5953419328055157,-0.028110611423682756,0.019460746954194037,-0.9890351776202384,-0.1436679862846106,odom_lidar,unilidar_lidar
1786135916.6967366,-17.216996482016352,-4.7435524760420265,0.5681259341908194,-0.02753915361255169,0.011789214381816593,-0.9899286668983525,-0.13836128033310013,odom_lidar,unilidar_lidar
1786135916.8416557,-17.24528331910102,-4.863215876116742,0.4990345691494475,-0.026048792677616624,-0.0005816840304367145,-0.9908765416100783,-0.13223010750422148,odom_lidar,unilidar_lidar
1786135916.9637048,-17.303421896071853,-5.015027404073321,0.4760013773166995,-0.03024209919048276,-0.005560058074211971,-0.9914496458404154,-0.12681522366687423,odom_lidar,unilidar_lidar
1786135917.0977461,-17.403294024433954,-4.925918701393838,0.5078191300448665,-0.033496695161286096,-0.002064025537477783,-0.9917404869097937,-0.12379223657312988,odom_lidar,unilidar_lidar
1786135917.2199042,-17.441044139655656,-4.723038261217794,0.58076191706935,-0.03086589116368481,0.000264757305201712,-0.9910759177701831,-0.1296755639364265,odom_lidar,unilidar_lidar
1786135917.3505006,-17.38979857442125,-4.430008967838124,0.560760382919014,-0.028389245515978812,0.004834076645817552,-0.9907013171243608,-0.13297211245247026,odom_lidar,unilidar_lidar
1786135917.480794,-17.405866616892197,-4.224308036642907,0.5088326528890097,-0.025552035175097014,0.007203819133409798,-0.9904963534753756,-0.13495248141582175,odom_lidar,unilidar_lidar
1786135917.6082428,-17.288726997355177,-4.2991563020418,0.5216068508113311,-0.030875217038094906,0.008501070429156063,-0.9915432662584838,-0.12576328523009678,odom_lidar,unilidar_lidar
1786135917.7388237,-17.100804608803898,-4.468804658925061,0.6211319108185489,-0.02963290140054084,0.009488890655626558,-0.9920610700309641,-0.12184697549684947,odom_lidar,unilidar_lidar
1786135917.869746,-16.993602438556657,-4.670059691056245,0.6235297858173512,-0.028943957702171452,0.0054865870089421745,-0.9926352794924304,-0.1175046662159126,odom_lidar,unilidar_lidar
1786135917.9981081,-17.149429590056993,-4.655036545794573,0.5947851736716224,-0.028912279022545857,0.004104599016526602,-0.9938724842702188,-0.1066054285633692,odom_lidar,unilidar_lidar
1786135918.130518,-17.382382864658656,-4.689437017182993,0.5121405953780143,-0.03201388409434687,-0.0005965238639826145,-0.9944174169613681,-0.10054231063763304,odom_lidar,unilidar_lidar
1786135918.2421873,-17.448236942367917,-4.5523284664785235,0.5500533800565587,-0.032326063048311204,0.000392935062760653,-0.9930615350523995,-0.11306484355981443,odom_lidar,unilidar_lidar
1786135918.3950953,-17.451129800740024,-4.371618606058319,0.5655085373056928,-0.025673445284216067,0.0044800132145574505,-0.9917332320826366,-0.12564234983381617,odom_lidar,unilidar_lidar
1786135918.5631928,-17.573085950138058,-4.1218406553898514,0.5850673851038348,-0.022702439512681572,0.009222809541617515,-0.9931298487912651,-0.11442308536379867,odom_lidar,unilidar_lidar
1786135918.690927,-17.60346162260421,-3.899285786347217,0.6218830853416095,-0.02870695919968415,0.01666316783076238,-0.9940479042670102,-0.10376422000726726,odom_lidar,unilidar_lidar
1786135918.811637,-17.582831870439303,-3.9605089576968275,0.6148565880260483,-0.03119797769525541,0.015963744067077377,-0.9936997573934501,-0.1064548600078255,odom_lidar,unilidar_lidar
1786135918.930637,-17.42669979773646,-4.125542948371027,0.5638923941922389,-0.03513496498221091,0.013164275783293308,-0.9933926690383367,-0.10845847675350158,odom_lidar,unilidar_lidar
1786135919.0504737,-17.27405048989842,-4.339563252523128,0.5099263800311455,-0.031815058329274205,0.00020513766160087414,-0.9935251759529103,-0.10906642347571152,odom_lidar,unilidar_lidar
1786135919.164195,-17.207586227224674,-4.477357398017037,0.5451394479545031,-0.030322278343847202,-0.008738176187262872,-0.9947602164745182,-0.09724358813067492,odom_lidar,unilidar_lidar
1786135919.28402,-17.419244123511127,-4.3978315847384515,0.5552120600618928,-0.036586336467175865,2.5402482908117023e-05,-0.9952524172761327,-0.09018905279821546,odom_lidar,unilidar_lidar
1786135919.4110086,-17.59095871704048,-4.255549149854171,0.5226182548526725,-0.03935186659724094,0.009790305084597726,-0.9952808935473116,-0.08815624459633274,odom_lidar,unilidar_lidar
1786135919.5614705,-17.679072922888768,-4.1291320856925235,0.5317490622438683,-0.03498390643791515,0.012399627171932838,-0.9949301802159383,-0.09346824076562532,odom_lidar,unilidar_lidar
1786135919.6976843,-17.728631581958386,-3.901413418770567,0.5606766983891938,-0.02939275669593096,0.012506623836992834,-0.9944912752575925,-0.09983362985758443,odom_lidar,unilidar_lidar
1786135919.8366828,-17.74982870636572,-3.886309014386129,0.5843886607781478,-0.02695988557747517,0.006582449254199037,-0.9947437868321717,-0.09856284538433566,odom_lidar,unilidar_lidar
1786135919.955578,-17.809664608633923,-4.050570021419511,0.5927648508042206,-0.02649705712703133,0.0019742063009415556,-0.9952893790444038,-0.09323658313394542,odom_lidar,unilidar_lidar
1786135920.0847204,-17.784116848429477,-4.250959367499306,0.5782466009390395,-0.030173723101445248,-0.0010797745331336788,-0.9954852381090797,-0.08998622799108771,odom_lidar,unilidar_lidar
1786135920.213909,-17.725040489769455,-4.277773239805434,0.5337285560413659,-0.031519857531365866,-0.0009089628084197597,-0.9962511595009543,-0.08055618884244431,odom_lidar,unilidar_lidar
1786135920.3556812,-17.611339546947484,-4.254836590434596,0.5317231607212825,-0.032822750283176105,-0.0022995297983458805,-0.9968445847344899,-0.0722374771990094,odom_lidar,unilidar_lidar
1786135920.4918327,-17.532755066045357,-4.282910078921257,0.5634102853860435,-0.031413851624289446,-0.0003724124814332559,-0.9974036197176965,-0.06480008186034603,odom_lidar,unilidar_lidar
1786135920.6455007,-17.518109418978355,-4.091478873343931,0.5334838840288838,-0.02343134866097787,0.008792605050106359,-0.9968331043039473,-0.07548128350867016,odom_lidar,unilidar_lidar
1786135920.7725224,-17.65491358108941,-3.8947503336988345,0.5789410069652545,-0.015928064644311724,0.019287635636388214,-0.9959311913947424,-0.0865756656069908,odom_lidar,unilidar_lidar
1786135920.8896635,-17.85742073739678,-3.9100988256938476,0.6213367209969858,-0.018182278847440017,0.016584249085947876,-0.995746647264927,-0.08878615814881427,odom_lidar,unilidar_lidar
1786135921.0165446,-18.035469294210472,-3.9513913987200344,0.6679806054268644,-0.02296995966403953,0.010422359090697792,-0.9952689008628705,-0.0938273433452676,odom_lidar,unilidar_lidar
1786135921.138842,-18.171900273929293,-4.008771480848311,0.6222186532181029,-0.030524216419383195,0.008922505159741257,-0.9949219149661432,-0.09549368687907892,odom_lidar,unilidar_lidar
1786135921.2639773,-18.382841954965688,-4.030045654186681,0.5300645893945308,-0.036454086986204864,0.0009874302740880113,-0.9948920468104746,-0.09412725278430512,odom_lidar,unilidar_lidar
1786135921.3862462,-18.374583017708368,-4.073644549481202,0.5727112444395105,-0.03461872242749379,-0.005756983435477685,-0.9954992812564615,-0.08803171142878367,odom_lidar,unilidar_lidar
1786135921.5307758,-18.236173856353115,-3.9013637376155104,0.5785578750708842,-0.03167349467987936,-0.0062533867903747835,-0.9961893464867123,-0.08102142207336825,odom_lidar,unilidar_lidar
1786135921.6557758,-18.091715965015393,-3.663086422555885,0.5687345955657224,-0.029961272192860697,0.0018129216600540569,-0.996569169581993,-0.07712927928028877,odom_lidar,unilidar_lidar
1786135921.781764,-17.773528317130683,-3.533670369040065,0.5668266587007372,-0.028782041685591567,0.0034315905859128486,-0.9947008955257728,-0.09864049220621962,odom_lidar,unilidar_lidar
1786135921.9005878,-17.558932316890477,-3.6394213408176235,0.5622639630209822,-0.03271021368999914,0.013236435803390102,-0.9905569028841814,-0.13248343608193372,odom_lidar,unilidar_lidar
1786135922.0140054,-17.721454037374873,-3.8207292160024506,0.5702328686303169,-0.03041791195513806,0.009188371849224403,-0.9881820224257872,-0.14995537672764828,odom_lidar,unilidar_lidar
1786135922.1503944,-18.076555636174934,-3.8382333489360043,0.5683823801221582,-0.031205562285733342,0.00019277640105890215,-0.9897368526401077,-0.1394529965463062,odom_lidar,unilidar_lidar
1786135922.2750297,-18.317520896372713,-3.7938676965043814,0.5621176360496876,-0.03101110507344388,-0.0020632593944926946,-0.9909384099842123,-0.13067181004622175,odom_lidar,unilidar_lidar
1786135922.406418,-18.504044585097123,-3.8816872281863644,0.6404655308837583,-0.028077277379123616,0.007990371250937333,-0.9909752958010217,-0.13082730439142048,odom_lidar,unilidar_lidar
1786135922.5369656,-18.502018694000117,-3.9567513168507533,0.6561680458968076,-0.02796223129865438,0.01658468775205061,-0.9902003601424726,-0.13581718789124375,odom_lidar,unilidar_lidar
1786135922.6813302,-18.486571259495598,-3.99923917796647,0.6705426669943114,-0.02400170349479084,0.018379151844948444,-0.9890577480293803,-0.14439839358476048,odom_lidar,unilidar_lidar
1786135922.8072119,-18.492475434002433,-4.008307342289683,0.6826647161285566,-0.01837511686862882,0.012533323125421242,-0.9872716219403284,-0.15748020638420346,odom_lidar,unilidar_lidar
1786135922.937537,-18.486567658133183,-3.7749380207736576,0.6776783351749891,-0.020374468481046164,0.011535962064622148,-0.9890232633973286,-0.1458930672522067,odom_lidar,unilidar_lidar
1786135923.0511289,-18.35861109685628,-3.6219663365747166,0.6321978333666093,-0.027122525019408573,0.0117875166490021,-0.9898529094614773,-0.13898431824659022,odom_lidar,unilidar_lidar
1786135923.1764061,-18.186365214740537,-3.6008199429808254,0.5597896672278045,-0.031476033770190585,0.004423426622031465,-0.9906359535658514,-0.13277838716332466,odom_lidar,unilidar_lidar
1786135923.3065867,-18.099459864446544,-3.6417735143619807,0.5163825033068022,-0.030683745937468036,-0.0063353256189641795,-0.9917866381007981,-0.12400659607159284,odom_lidar,unilidar_lidar
1786135923.4359825,-18.03200683559921,-3.5491459159291208,0.5748866994381203,-0.0300704968776181,-0.010118577950975262,-0.9924226906401912,-0.11870376026169907,odom_lidar,unilidar_lidar
1786135923.5803185,-18.210026858678464,-3.4685234102926534,0.5915953018628888,-0.030532800035107256,-0.005191609848032093,-0.9922070880951179,-0.12068922753505787,odom_lidar,unilidar_lidar
1786135923.7147515,-18.384728809865855,-3.3854116813232173,0.5506930423166586,-0.03414939135855338,0.0030647288442638776,-0.9918099723724157,-0.12303416277432647,odom_lidar,unilidar_lidar
1786135923.8417082,-18.54715024405877,-3.3712818938851954,0.6025706343786833,-0.03258592103678097,0.01309698470539419,-0.9916875482138642,-0.1237838174374434,odom_lidar,unilidar_lidar
1786135923.9641378,-18.632891921414625,-3.48930456006053,0.6193681553373008,-0.028403829901988305,0.01516876027735429,-0.9905847993028462,-0.13305971046371368,odom_lidar,unilidar_lidar
1786135924.0983367,-18.66157207515168,-3.633726056147961,0.6390715431995706,-0.022492091213101903,0.004489560418088177,-0.9889369667812106,-0.1465524664196849,odom_lidar,unilidar_lidar
1786135924.217703,-18.728896957285304,-3.7192010383446172,0.5871581268428322,-0.030793313215738343,-0.001360960006615095,-0.9894204327303123,-0.14176433594109364,odom_lidar,unilidar_lidar
1786135924.3478298,-18.897626018546262,-3.6984663717129083,0.5618600337581248,-0.038534583724382926,-0.0007681826089904536,-0.9895973345823462,-0.13860595636618137,odom_lidar,unilidar_lidar
1786135924.4926689,-18.920404631093476,-3.448650723571365,0.6046501792245654,-0.03278433283085765,0.010942311243191985,-0.9908623915562428,-0.13037321176121966,odom_lidar,unilidar_lidar
1786135924.6257172,-18.91135706231409,-3.298654067027831,0.6039486516112718,-0.03057825298472024,0.010704658369667497,-0.9919238269256151,-0.12262749410647517,odom_lidar,unilidar_lidar
1786135924.770654,-18.926912675671268,-3.2036959310788067,0.6307213192052324,-0.02695550791383276,0.004262800731970861,-0.9922252946193347,-0.12142567208214873,odom_lidar,unilidar_lidar
1786135924.8923736,-18.898341951496185,-3.232876772309049,0.6452894073085421,-0.02577301000281783,-0.0005138795069250672,-0.9926142941393208,-0.11854261239548056,odom_lidar,unilidar_lidar
1786135925.0087426,-18.874724854132545,-3.2626222494580706,0.6623437141618681,-0.025608575841050727,-0.006869588622113185,-0.9923825540731633,-0.12030742274182961,odom_lidar,unilidar_lidar
1786135925.1293726,-18.884711462237245,-3.3548924742176762,0.6088044988006637,-0.031386573815888795,-0.006417496776443328,-0.9920974954998318,-0.12131058544984956,odom_lidar,unilidar_lidar
1786135925.247754,-18.856613688022314,-3.3580771461501837,0.5505441494645453,-0.03289012777965275,-0.0009196561151927265,-0.9922190217848849,-0.12007833499642698,odom_lidar,unilidar_lidar
1786135925.3790183,-18.80708612839387,-3.3163556437812014,0.5954411533953092,-0.02970168452718832,0.00810499535150127,-0.992844105664013,-0.11538067790937057,odom_lidar,unilidar_lidar
1786135925.5284271,-18.751891835171374,-3.279629294601089,0.6559689520833797,-0.026287269018095187,0.012006614351557084,-0.9931378671312534,-0.11332253778206854,odom_lidar,unilidar_lidar
1786135925.6620288,-18.70974258399713,-3.3157189669256026,0.6309386242809538,-0.027607946335816373,0.011447420434200184,-0.9932465047734367,-0.11210770990379162,odom_lidar,unilidar_lidar
1786135925.787739,-18.62396909694972,-3.3219011741700326,0.6079558879896447,-0.03500201629890123,0.0054642023902950745,-0.9933592335295267,-0.10946430700863427,odom_lidar,unilidar_lidar
1786135925.917643,-18.493769878879224,-3.3899685691733445,0.5673547503727902,-0.034524554676058146,-0.0005850408226671804,-0.9936678494539138,-0.10692014690080413,odom_lidar,unilidar_lidar
1786135926.0419097,-18.345295778614577,-3.3841417719526143,0.5572630813191345,-0.033246348938257245,-0.004415220110569271,-0.9942319838551642,-0.10187221600159427,odom_lidar,unilidar_lidar
1786135926.1589355,-18.236520891070075,-3.3233827415463457,0.5911377678576807,-0.029904834762986752,0.0005465340543811275,-0.9945317033150666,-0.10006044802797061,odom_lidar,unilidar_lidar
1786135926.3009546,-18.209628411516313,-3.1772675801361734,0.6110667398220324,-0.02727132553775292,0.003857114857512935,-0.9946892539767155,-0.09916998281554357,odom_lidar,unilidar_lidar
1786135926.4351487,-18.30569579376594,-3.2670977387220117,0.632944912610755,-0.02489683762444658,0.0034118219508892465,-0.9948685280501706,-0.09800570821418793,odom_lidar,unilidar_lidar
1786135926.5787735,-18.352674493922798,-3.360672791690031,0.6851061609503553,-0.02492814375083865,0.0016913018479003247,-0.9948235612655841,-0.09849776189364659,odom_lidar,unilidar_lidar
1786135926.7150252,-18.391428054398013,-3.5180477620774777,0.6247889405882598,-0.026617438229898052,-7.19931163963523e-05,-0.9948190909834691,-0.09811464219928219,odom_lidar,unilidar_lidar
1786135926.83999,-18.46074298743436,-3.505685529287951,0.5562215362706769,-0.033433652126073264,-0.001316946307687755,-0.9943253369501962,-0.10098307213000655,odom_lidar,unilidar_lidar
1786135926.961687,-18.515062775205845,-3.3723871638000635,0.5101403968482492,-0.037205171722176876,0.0044261307238906925,-0.9936557300459383,-0.10603996751608141,odom_lidar,unilidar_lidar
1786135927.0761182,-18.57666939264946,-3.3652383479214434,0.5807094446653115,-0.0323395584928017,0.00456894071348265,-0.993112636203573,-0.11251919636238507,odom_lidar,unilidar_lidar
1786135927.2073488,-18.74080596840909,-3.388403873284167,0.5991176539700869,-0.02879672601284339,0.004611141555579353,-0.9935028854758138,-0.11000682931403699,odom_lidar,unilidar_lidar
1786135927.3510606,-18.90731975643727,-3.392581603249814,0.6468527464114052,-0.026469929072063626,0.005418931636232559,-0.9942774417198602,-0.10335543973033917,odom_lidar,unilidar_lidar
1786135927.489744,-19.097134647840566,-3.4265085815425125,0.6650397714520413,-0.02626386975827117,0.006342409675119411,-0.9949278324083053,-0.09689474332565641,odom_lidar,unilidar_lidar
1786135927.6233249,-19.117341642100868,-3.3008398107938617,0.6200608422458378,-0.02990334627414472,0.007684462713496653,-0.9945189433539008,-0.09989399493790582,odom_lidar,unilidar_lidar
1786135927.7524884,-18.957231714000454,-3.1116083606395786,0.6044761172989059,-0.034164393432396106,0.006848425196899114,-0.9938973019297621,-0.10466158087119844,odom_lidar,unilidar_lidar
1786135927.8737788,-18.85616293273264,-3.040693081574505,0.5712297717948589,-0.038586423540456036,0.003869377533751134,-0.994200784012544,-0.10030412207233017,odom_lidar,unilidar_lidar
1786135928.0017169,-18.6765669639476,-3.0492461564287785,0.531603936679006,-0.03369672353891116,0.0002733194424602936,-0.9952392505956927,-0.09145102619953685,odom_lidar,unilidar_lidar
1786135928.1246247,-18.561211568373214,-3.1268133559339644,0.547821040879263,-0.029827449648677087,-0.004091082900470732,-0.9963749986669266,-0.07956411452180706,odom_lidar,unilidar_lidar
1786135928.247702,-18.525317937631375,-3.240637621312715,0.5875545991823363,-0.02481217014179382,-0.0048291371645471,-0.9972296037414036,-0.06995822374005803,odom_lidar,unilidar_lidar
1786135928.384131,-18.522881813421588,-3.352175702007043,0.6120230479665898,-0.02233631712830608,0.0005781242750719904,-0.9975489279993536,-0.06630905637095727,odom_lidar,unilidar_lidar
1786135928.5287788,-18.551762012840253,-3.33493830377685,0.7036092323689337,-0.02270010221614479,0.006055296142842862,-0.997809016487894,-0.06184824462715776,odom_lidar,unilidar_lidar
1786135928.659068,-18.60477179884589,-3.2846589132141264,0.6828246499220237,-0.029942003499024882,0.012381067396171879,-0.9976871740174703,-0.05975356389061663,odom_lidar,unilidar_lidar
1786135928.7927315,-18.707909096385453,-3.259461397550799,0.6345748182406862,-0.034410628448972067,0.013970535487004377,-0.997712820820575,-0.05647884522725751,odom_lidar,unilidar_lidar
1786135928.9097686,-18.830295841895957,-3.2196536967689537,0.5824515480333189,-0.033304017023050476,0.0068251672385045235,-0.9978599644706584,-0.0558547298705419,odom_lidar,unilidar_lidar
1786135929.0293705,-18.897662322857286,-3.1910133477202276,0.5941709310677339,-0.029639105154443027,0.0007533925586612491,-0.9977601021736083,-0.05996444242888524,odom_lidar,unilidar_lidar
1786135929.159665,-19.002148981903044,-3.1469362919969037,0.6044186413900563,-0.029404089753738278,-0.004719439142891888,-0.9976369354628959,-0.0619166488121941,odom_lidar,unilidar_lidar
1786135929.302018,-19.09381957624573,-3.07805160545296,0.6313236990319994,-0.03452127673681754,0.0034296801225666097,-0.9975686581878147,-0.0604424598116262,odom_lidar,unilidar_lidar
1786135929.4256377,-19.13444255753972,-3.0188945941030756,0.6082185726545142,-0.033390859125711526,0.008876440719140205,-0.9978328120713864,-0.05599945071798416,odom_lidar,unilidar_lidar
1786135929.5646362,-19.191565501860232,-2.9547570330167554,0.6032080149130331,-0.031195471206107297,0.009947932070446017,-0.9980144677462163,-0.05380523573953932,odom_lidar,unilidar_lidar
1786135929.6986299,-19.295884157990102,-2.9687140526501508,0.6114274425980564,-0.029644001061168528,0.010013754893642247,-0.9983895541664604,-0.047320778156239675,odom_lidar,unilidar_lidar
1786135929.8348217,-19.306498768988803,-2.9315955726695875,0.6715568011994937,-0.027189881482894106,0.010458929208885083,-0.9986255283648986,-0.043570348204676486,odom_lidar,unilidar_lidar
1786135929.9596238,-19.269230932991505,-2.8915387310015492,0.6843653919333992,-0.027092633640294253,0.009253317910954939,-0.9987086748698162,-0.04196841729023865,odom_lidar,unilidar_lidar
1786135930.0870225,-19.242323453041656,-2.9118817445121588,0.6352156691155557,-0.032074296697993464,0.006916221714095547,-0.9984728537158262,-0.044445087030006415,odom_lidar,unilidar_lidar
1786135930.2188084,-19.211261864481315,-3.047661691145868,0.6018971125265751,-0.0379561188972541,0.0036730818242883666,-0.9984567068054917,-0.040373829931057585,odom_lidar,unilidar_lidar
1786135930.3434453,-19.09688319613683,-3.122385550907125,0.5769530303073129,-0.03482616931486499,0.0046033130281916915,-0.998945862240143,-0.029548464483186095,odom_lidar,unilidar_lidar
1786135930.4825838,-19.00893548506286,-3.061707105395074,0.5864536787310197,-0.032018178540660185,0.006872288481906857,-0.9992957006130767,-0.018322407870691147,odom_lidar,unilidar_lidar
1786135930.6376624,-18.98498677107857,-2.9290907074636348,0.6818346283459729,-0.0231962597429362,0.011639599114313002,-0.999516375413777,-0.01713092367917904,odom_lidar,unilidar_lidar
1786135930.763295,-19.031415651691617,-2.8182242657734804,0.7200178295203583,-0.025680577678418734,0.013033196717305642,-0.9991010687821942,-0.03110784582236186,odom_lidar,unilidar_lidar
1786135930.8876078,-19.18131463081004,-2.824744537975314,0.6836419626437211,-0.027006385453953,0.01603625906272673,-0.9986431975200197,-0.04153622018162619,odom_lidar,unilidar_lidar
1786135931.0194144,-19.2985814616746,-2.6942961285927334,0.6528820460504519,-0.02922786684082353,0.016168342692767925,-0.9981681689724731,-0.05044425581416352,odom_lidar,unilidar_lidar
1786135931.140472,-19.309844753848427,-2.661678553324976,0.6753975713787808,-0.027152598058282445,0.013414482103614216,-0.9978748730475511,-0.05769337768679388,odom_lidar,unilidar_lidar
1786135931.2732472,-19.35810181118104,-2.6567017134730855,0.6735397129670903,-0.028766548030618525,0.004288118097399788,-0.9974516155297805,-0.06514884829846038,odom_lidar,unilidar_lidar
1786135931.41272,-19.45081249259941,-2.9678609101860305,0.6881896378269605,-0.03135908011468143,0.0028439220311830835,-0.9970029421709757,-0.07066578736743598,odom_lidar,unilidar_lidar
1786135931.5581188,-19.640026963136897,-3.283185293238352,0.635983027684968,-0.03577208018056336,0.008444261161960748,-0.997089726190509,-0.0667916960281722,odom_lidar,unilidar_lidar
1786135931.6905596,-19.726929192026144,-3.1700623806489028,0.6321456582857532,-0.03215307623801373,0.006202389926951674,-0.997608050323815,-0.06087600493415374,odom_lidar,unilidar_lidar
1786135931.8147652,-19.82816824890838,-2.891677190954651,0.6387696723861497,-0.029283825541878236,0.004850142946290908,-0.9980344521533553,-0.05519208267483188,odom_lidar,unilidar_lidar
1786135931.928906,-19.830373464228455,-2.634065455312141,0.6621415887409877,-0.0314288028972322,0.009463906419845153,-0.9978359064734388,-0.0569751575342648,odom_lidar,unilidar_lidar
1786135932.0620944,-19.74246667280374,-2.4978274022023808,0.6524230863091686,-0.03390599108169649,0.008890265579303008,-0.9973040033196677,-0.0644676035638168,odom_lidar,unilidar_lidar
1786135932.1905308,-19.702213864344955,-2.6015299006293984,0.6313825551524987,-0.03172274042673436,0.007150690664754205,-0.9970949696680624,-0.06887783987234784,odom_lidar,unilidar_lidar
1786135932.3297467,-19.736999023878276,-2.6382816917982272,0.6057510026934769,-0.030745621255831607,0.002093790143039395,-0.9967340556682297,-0.07464278322512023,odom_lidar,unilidar_lidar
1786135932.4763792,-19.8622389225218,-2.63540581399392,0.649574907951329,-0.030966449025885377,0.00253501568897472,-0.9965326187773907,-0.07718414631813779,odom_lidar,unilidar_lidar
1786135932.6016767,-19.9723794691276,-2.653257318914721,0.6757227478295795,-0.032169244797065816,0.00473926024327775,-0.9964753683247595,-0.07732735236362481,odom_lidar,unilidar_lidar
1786135932.7457702,-20.01854336175012,-2.659658528894702,0.6801368536890559,-0.03389297015174615,0.007049765321582052,-0.9961799061137208,-0.08016958300042432,odom_lidar,unilidar_lidar
1786135932.8772523,-20.017600360039058,-2.670247913194884,0.699552086401009,-0.029408997809224884,0.005404046612929056,-0.9959459348130625,-0.08483868255340579,odom_lidar,unilidar_lidar
1786135932.99717,-20.055687529544397,-2.670396137491106,0.6930126952375223,-0.03012280416857608,0.005686071427832951,-0.9954870176659517,-0.08981026065705654,odom_lidar,unilidar_lidar
1786135933.1258733,-20.193516177975837,-2.609748765583409,0.6858782422930466,-0.030886738575618508,0.004705365443990255,-0.9951584549211165,-0.0931853986159649,odom_lidar,unilidar_lidar
1786135933.237482,-20.186091710495287,-2.604699513708669,0.6686861164968748,-0.0330047185110456,0.004484606504820449,-0.9947587250322639,-0.09667293226487168,odom_lidar,unilidar_lidar
1786135933.3816032,-20.065681103283683,-2.6029909199221444,0.6397612804890616,-0.03410551732026053,0.003674165692294197,-0.9939875460849957,-0.1039811157023792,odom_lidar,unilidar_lidar
1786135933.5266771,-19.83946052685044,-2.5941900186408287,0.6475309942624589,-0.02566753883185255,-0.0033760674006497815,-0.9923096507319028,-0.12104270603200702,odom_lidar,unilidar_lidar
1786135933.6686563,-19.723003598338295,-2.5454794670678758,0.6478288278682888,-0.028984741483844702,0.0004229115107964327,-0.9906920299731469,-0.13300002877689254,odom_lidar,unilidar_lidar
1786135933.7957253,-19.757999279579124,-2.4398753178246,0.7090449924048069,-0.029873325622409286,0.009026832451946668,-0.990592184025762,-0.13324123107811914,odom_lidar,unilidar_lidar
1786135933.909674,-19.89205410211002,-2.5436727509416173,0.7197926215154151,-0.028873145418671194,0.010273741287468899,-0.9915103824820157,-0.12636436659105058,odom_lidar,unilidar_lidar
1786135934.038317,-19.978094686267255,-2.618934747173347,0.690608041398336,-0.027587825653835298,0.006975256051676159,-0.9921158821315251,-0.1220505391265976,odom_lidar,unilidar_lidar
1786135934.1548648,-20.103336408539505,-2.644247916667524,0.6788224835970035,-0.030498384300167124,0.007900259961480412,-0.9924192045718425,-0.11879207399743362,odom_lidar,unilidar_lidar
1786135934.2771819,-20.2338873300054,-2.6542322207866564,0.651802775875952,-0.033403574945525816,0.007932732495595002,-0.992327731206134,-0.11877266863760642,odom_lidar,unilidar_lidar
1786135934.4194074,-20.30086969200559,-2.6444988873657,0.6708784496593421,-0.030153625513576598,0.0076867812813953065,-0.9915459783880974,-0.12596922244861974,odom_lidar,unilidar_lidar
1786135934.5528789,-20.367515133445156,-2.593718813844718,0.6825410906608647,-0.02867662797664824,0.005908634165317209,-0.9906370235968751,-0.1333455155950647,odom_lidar,unilidar_lidar
1786135934.6747599,-20.40040332793508,-2.5107433324520505,0.6705628276039612,-0.033534174019238194,0.0010242216062670327,-0.9904009591964807,-0.1340908280444262,odom_lidar,unilidar_lidar
1786135934.8036296,-20.392784378438925,-2.446161515813181,0.6372518162344063,-0.03852456829108747,-0.0026211455248640126,-0.9900136442541084,-0.1355801291665659,odom_lidar,unilidar_lidar
1786135934.927259,-20.422378250533892,-2.303290500818953,0.6270559863964147,-0.040534952982222316,-0.001446359365385476,-0.9900722323778455,-0.1345800888157862,odom_lidar,unilidar_lidar
1786135935.0519092,-20.482654912428487,-2.21784622370644,0.6752712940638186,-0.03306246932154626,0.0020879305079684815,-0.9908242807961674,-0.1310334241837301,odom_lidar,unilidar_lidar
1786135935.1791263,-20.53249135896218,-2.1434236385354333,0.7542858579322499,-0.026617383945702407,0.010355776102713713,-0.9916666134356031,-0.12562484057844486,odom_lidar,unilidar_lidar
1786135935.3184993,-20.56509348433682,-2.1934666407967134,0.7813028300868167,-0.022824347510308103,0.013382717069957563,-0.9922675368170891,-0.1212645348958254,odom_lidar,unilidar_lidar
1786135935.4575324,-20.60635467894256,-2.2415912969896317,0.8107182233084568,-0.02252598691625462,0.015008690687447127,-0.9929010921920427,-0.11582201967305701,odom_lidar,unilidar_lidar
1786135935.5909867,-20.576868182740558,-2.4068279164931834,0.7915067018601418,-0.027869504696794747,0.01333987298192199,-0.9931122786636083,-0.11301920396267665,odom_lidar,unilidar_lidar
1786135935.7429178,-20.53802531043533,-2.462533212447163,0.7086548096169983,-0.034319649830352295,0.009120897286932841,-0.9925582377361776,-0.11647796173635966,odom_lidar,unilidar_lidar
1786135935.8737864,-20.46273799438703,-2.5164431300606345,0.6229757247534484,-0.034420426147392255,0.00032442608383988995,-0.9923020345060214,-0.11896134383386427,odom_lidar,unilidar_lidar
1786135935.9967675,-20.34094256157086,-2.449924308622734,0.6238839463324943,-0.03367828136458001,-0.00537199284511901,-0.9932892532083554,-0.11051413718609962,odom_lidar,unilidar_lidar
1786135936.1214583,-20.291091224430826,-2.4317191578293995,0.7096327647775065,-0.035145266340687674,0.0008880394309688734,-0.9942034344579591,-0.10160488448795033,odom_lidar,unilidar_lidar
1786135936.2467346,-20.348544463835964,-2.382213775076979,0.7845367844505244,-0.0343423966328597,0.00925470455706936,-0.9949481598217771,-0.09387816308563121,odom_lidar,unilidar_lidar
1786135936.4158013,-20.42304028636744,-2.2581883499055784,0.7628985489776833,-0.036814771653622,0.015528204651721871,-0.9950286939419412,-0.09122195832463106,odom_lidar,unilidar_lidar
1786135936.5532992,-20.48412932171446,-2.185491080915758,0.7034663251399949,-0.03070731883884961,0.009973549423057294,-0.9952452505887268,-0.0918938521459272,odom_lidar,unilidar_lidar
1786135936.6851149,-20.541512018201665,-2.0404930511229256,0.6851753898245252,-0.026515281044658712,0.0013353421664730018,-0.9950606817128964,-0.09565247744563271,odom_lidar,unilidar_lidar
1786135936.8051836,-20.658067835344102,-1.9639957364176115,0.7187694989146884,-0.02888654852947692,-0.00477481444546791,-0.9938571767309983,-0.10672713207687658,odom_lidar,unilidar_lidar
1786135936.929864,-20.728255565992672,-1.9026661192380088,0.752513795578663,-0.03459275766174273,0.0013269381896822282,-0.9926102494700777,-0.1163033662425423,odom_lidar,unilidar_lidar
1786135937.0580533,-20.90657580996708,-1.8742470361396166,0.7181588885197561,-0.043141925371362126,0.005731249253057852,-0.9920818486810273,-0.11781142803177679,odom_lidar,unilidar_lidar
1786135937.1858053,-20.97711047533067,-1.9191224362974124,0.6978144211145804,-0.034031241172097576,0.010613815428121688,-0.9935225705381044,-0.10789867180694014,odom_lidar,unilidar_lidar
1786135937.3194096,-21.011557427646746,-1.9753925731465465,0.6633341961302168,-0.025726478327796995,0.011693622103724181,-0.9943013217044457,-0.10279245678422658,odom_lidar,unilidar_lidar
1786135937.454687,-20.96595020532196,-1.909423907481757,0.7109460453561228,-0.024930083950372273,0.009489223188171667,-0.9949729669200803,-0.09652585485643414,odom_lidar,unilidar_lidar
1786135937.6078157,-20.85091020598117,-1.94188119584943,0.7476814056581518,-0.024992511850800182,0.005984357389771773,-0.9953228714345888,-0.09312327000929611,odom_lidar,unilidar_lidar
1786135937.737823,-20.74836077161089,-2.122109101973753,0.7450736404892369,-0.032683367881228075,0.0048737515708986955,-0.9949638272001442,-0.0946310021758566,odom_lidar,unilidar_lidar
1786135937.8705447,-20.535776286893046,-2.207036796065518,0.6674109614244266,-0.03711097386324425,0.005597576345359991,-0.9947369237483091,-0.09534094235809845,odom_lidar,unilidar_lidar
1786135937.9984744,-20.379441006323358,-2.1928116249505716,0.6814718400362265,-0.03595106783572349,0.006285169455840983,-0.9952311800047338,-0.09045947000047978,odom_lidar,unilidar_lidar
1786135938.1359973,-20.23732998782284,-2.0541207157350843,0.753599755297783,-0.022643364712096842,0.008767277182388069,-0.9966463434428209,-0.0781439632177491,odom_lidar,unilidar_lidar
1786135938.2741497,-20.1378744044173,-1.9120504387649893,0.8447473101267229,-0.012834092869035958,0.013981975562907959,-0.9977843796518636,-0.06376615201133648,odom_lidar,unilidar_lidar
1786135938.407984,-20.006612319394957,-1.897023836923516,0.8687449535768844,-0.01109163192524796,0.021242522977037433,-0.9982032961792946,-0.054917305247039534,odom_lidar,unilidar_lidar
1786135938.5469782,-20.034001710775723,-2.0532272133341856,0.7524792449020414,-0.025980627715048075,0.016854969291031478,-0.9978016904837165,-0.05858927770137091,odom_lidar,unilidar_lidar
1786135938.685679,-20.474336428199695,-2.058209163363144,0.7067589036619816,-0.037832352457471866,0.004886398713962556,-0.996973705104887,-0.06773675180118795,odom_lidar,unilidar_lidar
1786135938.8049212,-20.972996243498894,-1.9133027865970853,0.7167256676257885,-0.04399147413240492,-0.000680497553683601,-0.9958724241909981,-0.07938766820282771,odom_lidar,unilidar_lidar
1786135938.9220757,-21.38570606510139,-1.7496595449188894,0.7412758870175293,-0.04787736559671402,-0.005953239375776759,-0.9942068236262872,-0.09604742921797557,odom_lidar,unilidar_lidar
1786135939.0502627,-21.557123889867952,-1.7797443878165988,0.7163731969965681,-0.044012203405892104,-0.004001913211246799,-0.9923879239184461,-0.1149483323186755,odom_lidar,unilidar_lidar
1786135939.1783967,-21.707753197498246,-1.8861360658725788,0.7165218679784021,-0.033405901890072635,-2.6059872605096625e-05,-0.9907821568472098,-0.13128123518989612,odom_lidar,unilidar_lidar
1786135939.3147888,-21.76434111506744,-1.865629659659314,0.7166551333987738,-0.028669526671410768,0.0035975256711883574,-0.9919075265754514,-0.12363080025807788,odom_lidar,unilidar_lidar
1786135939.4505973,-21.530150381901684,-1.8835010323964656,0.7614411502616794,-0.027636965496400462,0.005102837603695476,-0.9938177502451115,-0.10740781388840462,odom_lidar,unilidar_lidar
1786135939.5977235,-21.217760614823423,-1.8275609129362547,0.7687756157794348,-0.028070866617187717,0.00852747802716006,-0.9946672488459326,-0.09887554115715488,odom_lidar,unilidar_lidar
1786135939.7277296,-20.926177896455847,-1.76204596844906,0.7834040738594229,-0.029338436263254986,0.01129171906790713,-0.9954264229725387,-0.0902108069258604,odom_lidar,unilidar_lidar
1786135939.8578398,-20.71904986075509,-1.835930418138236,0.7321313373739815,-0.025068665221359886,0.008707039182732102,-0.9965756359864121,-0.07831188448101616,odom_lidar,unilidar_lidar
1786135939.9804122,-20.538228548523865,-1.9612375852934085,0.7006779195153263,-0.027288064725012922,0.008410328423868704,-0.997204147727174,-0.0690544397927225,odom_lidar,unilidar_lidar
1786135940.1138668,-20.375642915819398,-2.025739039852216,0.7280458073645928,-0.028260578149256282,0.0037250143979183185,-0.9976235486506236,-0.06272733987777394,odom_lidar,unilidar_lidar
1786135940.2440379,-20.272468897423053,-2.0241049129647917,0.7081677278387875,-0.03488688246827806,0.004165512368653114,-0.9973951087802176,-0.06299643576940847,odom_lidar,unilidar_lidar
1786135940.380484,-20.163156504860467,-2.0470923785285446,0.7449397466664223,-0.03426902449055761,0.0025157753647837007,-0.9973518635784957,-0.06409808929508781,odom_lidar,unilidar_lidar
1786135940.5175467,-19.995719115684516,-2.111618978485292,0.6829545803916327,-0.03372819118331115,0.0032015686603914144,-0.9971154217240549,-0.06791903148363536,odom_lidar,unilidar_lidar
1786135940.6382413,-20.188270082989167,-2.0805868600331143,0.6960026505862362,-0.0332724849811326,0.010353000153652139,-0.9972716149665188,-0.06507751618700931,odom_lidar,unilidar_lidar
1786135940.7719102,-20.446534009260517,-2.0935562330622837,0.7158209096345204,-0.02988279042634214,0.016546678220685007,-0.9972662981513302,-0.06552218592002988,odom_lidar,unilidar_lidar
1786135940.889217,-20.65776995369374,-1.9798835179560643,0.7414871366578306,-0.03334705410739629,0.011539060196781286,-0.9965314328916568,-0.07536529261559961,odom_lidar,unilidar_lidar
1786135941.0078266,-20.90833523897955,-1.8123949771347616,0.7454615982880956,-0.036749711165974815,0.006047189640091883,-0.995641838762122,-0.08549981949135876,odom_lidar,unilidar_lidar
1786135941.13206,-21.071741148625765,-1.6247143298693119,0.6765303420927787,-0.03809972982013164,0.00252739682841082,-0.9949240650268246,-0.09310278021307161,odom_lidar,unilidar_lidar
1786135941.2605736,-21.073015309830563,-1.7131742310604063,0.6944664928106119,-0.03262062534239195,0.0011921919156412909,-0.9943359187457175,-0.10114620196931483,odom_lidar,unilidar_lidar
1786135941.408499,-21.084383152084854,-1.8263521736643966,0.7316558263870403,-0.031946773350302396,0.004286210298769885,-0.9943135852217644,-0.10149643499759217,odom_lidar,unilidar_lidar
1786135941.5718274,-21.096261128532024,-1.9027153609636795,0.7899848171738952,-0.03176133285676161,0.008720543457473995,-0.9941944663451688,-0.10243306568493046,odom_lidar,unilidar_lidar
1786135941.6978724,-21.15513148411854,-2.003851808814144,0.8227445915742296,-0.030983096674553595,0.015133157633761884,-0.9943096578321622,-0.10079354940756785,odom_lidar,unilidar_lidar
1786135941.8064115,-21.308581623330628,-2.002557698178755,0.7726380415237195,-0.03220980330757268,0.013578522707499197,-0.9946543490012622,-0.09716418221157856,odom_lidar,unilidar_lidar
1786135941.9303768,-21.34950258565709,-1.9338411602368835,0.7086744411976051,-0.0328668596760024,0.00291467960631166,-0.9944460407503463,-0.09994171408271477,odom_lidar,unilidar_lidar
1786135942.050416,-21.352150031734134,-1.9077050046936466,0.6843010626417244,-0.03553567507640706,-0.005264199301866129,-0.9939530761037878,-0.10376312691121051,odom_lidar,unilidar_lidar
1786135942.17852,-21.30456139906399,-1.8349394951594087,0.7253213896514178,-0.033106030503417844,-0.003598046153978072,-0.9937514812883443,-0.10653186492971058,odom_lidar,unilidar_lidar
1786135942.3165576,-21.27892541779561,-1.7783290981890718,0.7319324023935945,-0.0345860748271194,0.0019261036887430246,-0.9938708077039291,-0.10498052746377705,odom_lidar,unilidar_lidar
1786135942.4414153,-21.292338845269207,-1.8499097488584773,0.7413001860597395,-0.03889948753533968,0.005934421482637228,-0.9944226452183478,-0.09785302850754489,odom_lidar,unilidar_lidar
1786135942.585517,-21.246613484520136,-1.8775449424683797,0.7405963757508238,-0.0369661401314219,0.009696234246459736,-0.9954349700959098,-0.0874568912972403,odom_lidar,unilidar_lidar
1786135942.702773,-21.103621289831718,-1.9670360384250052,0.7139168562822169,-0.030183555146695237,0.014605664768059131,-0.9961746440330371,-0.08069514323081303,odom_lidar,unilidar_lidar
1786135942.8232808,-20.98293927978436,-2.0648551434170157,0.7326082678708495,-0.025308384253210768,0.01132883225472548,-0.9958007362999411,-0.0872469875166552,odom_lidar,unilidar_lidar
1786135942.9697711,-20.896627703619586,-2.0627336793173776,0.7813779972910586,-0.025560243254560747,0.004693660295915329,-0.9951854018362107,-0.09450216658835961,odom_lidar,unilidar_lidar
1786135943.0969052,-20.86245654905526,-1.908040169487524,0.7590946400307376,-0.03138236564865625,0.00727042509749746,-0.9948808327729705,-0.09578317506825829,odom_lidar,unilidar_lidar
1786135943.2138264,-20.934458074915188,-1.7669093321336982,0.7980578968501651,-0.03373779712400991,0.015057395461624552,-0.9947184586755721,-0.09576128579559588,odom_lidar,unilidar_lidar
1786135943.3498828,-20.98712140687,-1.6489080570403856,0.8050903594699862,-0.030531020766062802,0.02084689582184857,-0.9950834900978508,-0.09188096342690219,odom_lidar,unilidar_lidar
1786135943.5026054,-21.003531318337824,-1.6088224289299817,0.7847077564770409,-0.02466162793571787,0.020929747830016863,-0.9957998117926539,-0.08565328129760971,odom_lidar,unilidar_lidar
1786135943.6418116,-21.023729805624768,-1.692189289120455,0.7389192670281534,-0.029379662221343923,0.01018473516882458,-0.9960611081741898,-0.08303839714316383,odom_lidar,unilidar_lidar
1786135943.7618594,-20.93513371140795,-1.9291503983191434,0.7091541576235095,-0.03500872771150545,0.002349609519374025,-0.995645850896398,-0.08636091657640012,odom_lidar,unilidar_lidar
1786135943.8868823,-20.840342444069456,-2.1214961289304335,0.6821993425959896,-0.04108488307732492,-0.003579245853749906,-0.9952143472905559,-0.08858681802996311,odom_lidar,unilidar_lidar
1786135944.0198069,-20.789477817699403,-2.271559125185689,0.644633881355214,-0.043502446423796276,-0.005373850400267203,-0.9951721325636026,-0.0878127864028447,odom_lidar,unilidar_lidar
1786135944.1422045,-20.666966450803073,-2.314105786685527,0.6253394938366884,-0.04124396166200855,-0.003051494726471002,-0.995309748976714,-0.08745357395937423,odom_lidar,unilidar_lidar
1786135944.2694683,-20.636852759823128,-2.215305872222999,0.6626828651111669,-0.038759206306780994,0.001116546282122007,-0.9954078693668436,-0.08751943129059699,odom_lidar,unilidar_lidar
1786135944.4109879,-20.72959700094266,-2.1725635733879276,0.6358167380879732,-0.03657842126103128,0.004504418752525894,-0.9956296376678376,-0.08580998722271727,odom_lidar,unilidar_lidar
1786135944.5450628,-20.710436125016603,-2.045771206216886,0.7026495800416414,-0.03446806404862094,0.007680032627911721,-0.9958334310452833,-0.0840758423814678,odom_lidar,unilidar_lidar
1786135944.6698496,-20.685596429289916,-1.8961416786866787,0.7151822022177299,-0.0330921196753671,0.011255327917229318,-0.9959529738279891,-0.08280038123131905,odom_lidar,unilidar_lidar
1786135944.7889357,-20.70675587052347,-1.716492243517054,0.7525395932344064,-0.03257004451916993,0.012381594063134223,-0.9962885300311812,-0.07870866062119938,odom_lidar,unilidar_lidar
1786135944.9060278,-20.760438627370377,-1.6217403857399164,0.7396588503004309,-0.03163086389427973,0.013754205572242743,-0.9964124453502907,-0.07728226853186967,odom_lidar,unilidar_lidar
1786135945.0219686,-20.88425556815201,-1.682781990889512,0.7444474546556221,-0.029695371340061866,0.013946870500052666,-0.9958600067873775,-0.08477332484735543,odom_lidar,unilidar_lidar
1786135945.1377075,-20.987352243542183,-1.7985540641023796,0.7469661582307018,-0.02956575740330392,0.012504266811681321,-0.9951251736401807,-0.09324911843160458,odom_lidar,unilidar_lidar
1786135945.2780054,-21.03885024975189,-1.897902956949992,0.7184189848665598,-0.030285805284535797,0.012294991619459102,-0.9944247741502529,-0.10025453473815214,odom_lidar,unilidar_lidar
1786135945.4148402,-21.073476213670073,-1.970149944642027,0.7118329877404685,-0.031763718370599554,0.00978115536715239,-0.9937606579815504,-0.10646666071138357,odom_lidar,unilidar_lidar
1786135945.5388117,-21.067758894773863,-2.074434058641349,0.7234359485993024,-0.03234957774978309,0.00580104668897143,-0.9932568137256428,-0.11117893084711211,odom_lidar,unilidar_lidar
1786135945.6726685,-21.06686485609359,-2.0741571702712136,0.7302154603402597,-0.0346074631142317,0.006443267646623862,-0.99399658601049,-0.1035934109792786,odom_lidar,unilidar_lidar
1786135945.7832718,-21.071487729496482,-2.0052136841295503,0.7173411965172214,-0.038832291361558885,0.008909388883817735,-0.9942488684679509,-0.09940756252683845,odom_lidar,unilidar_lidar
1786135945.9063046,-21.017405628298466,-1.9685781454779137,0.6986014000203573,-0.03328879583486175,0.0073389793347281304,-0.9946827651752667,-0.09718123336053558,odom_lidar,unilidar_lidar
1786135946.0331676,-20.92576309268879,-1.996866193499484,0.726700883273505,-0.030853915852241204,0.003293826617023098,-0.9948762609006523,-0.09622064268719747,odom_lidar,unilidar_lidar
1786135946.1554534,-20.957299334787614,-1.9781505751609645,0.7313984831778693,-0.03116036429100404,0.0053282842070576965,-0.9950004331183667,-0.09473531115124613,odom_lidar,unilidar_lidar
1786135946.283471,-21.043093738574115,-1.9313444404557394,0.7325373258407301,-0.03425426407282809,0.011098286555746949,-0.9951341451279296,-0.09171426622320213,odom_lidar,unilidar_lidar
1786135946.4200377,-21.09625690338708,-1.8864685221793747,0.7435581078278728,-0.03938423061285419,0.01087728891411392,-0.9950707254568526,-0.09035938414844029,odom_lidar,unilidar_lidar
1786135946.5511892,-21.17022371496927,-1.950784833887854,0.7277975723816443,-0.04046516065650128,0.005747011451344054,-0.9949086459827384,-0.09212127214284312,odom_lidar,unilidar_lidar
1786135946.6950192,-21.171706592193136,-1.9670143153421895,0.6932245888629002,-0.03983729756556557,0.002687515298091207,-0.9948676651974938,-0.0929736292110982,odom_lidar,unilidar_lidar
1786135946.8156574,-21.158951551364446,-2.029932860678815,0.685353269129621,-0.038614441131765584,0.002052439035096073,-0.9947448936335948,-0.0948014188711163,odom_lidar,unilidar_lidar
1786135946.931748,-21.139680690227777,-2.066212524889362,0.6948395331356056,-0.03812179800428682,0.006814545258843411,-0.9947387149309318,-0.09484292017538302,odom_lidar,unilidar_lidar
1786135947.0532124,-21.087807482433117,-2.0837615043872155,0.761262440699358,-0.03459538969485343,0.007752182499126789,-0.9946050581165665,-0.09748764561370285,odom_lidar,unilidar_lidar
1786135947.192449,-21.08932116131725,-2.068259242249606,0.7630398932587876,-0.033827185825536225,0.007455251281779535,-0.9947096152233378,-0.09671050671819197,odom_lidar,unilidar_lidar
1786135947.332287,-21.09055761047821,-1.9813381287244876,0.7469066628396493,-0.030969164668199944,0.005655835783095101,-0.9947907470192815,-0.09695510304346329,odom_lidar,unilidar_lidar
1786135947.4671843,-21.12012673856217,-1.9097483878617865,0.7448853252627411,-0.030683350283110138,0.0034233939644251403,-0.9948042891400329,-0.09701153899285442,odom_lidar,unilidar_lidar
1786135947.6172504,-21.1376875657529,-1.850066575389401,0.7489959134712625,-0.031216752231211363,0.00499343907911608,-0.9949012534697463,-0.09577095483822898,odom_lidar,unilidar_lidar
1786135947.740383,-21.069948090264713,-1.7659794361356895,0.7064832689201267,-0.032813894346267476,0.011053106846480934,-0.9949846467357633,-0.09384364617266601,odom_lidar,unilidar_lidar
1786135947.8590102,-20.97158161862585,-1.8090637348782317,0.7219102981563817,-0.03711528745452549,0.011739746415878018,-0.9952598167890188,-0.08912087789260112,odom_lidar,unilidar_lidar
1786135947.989454,-20.83327355064604,-1.9139165119802126,0.6684991067892906,-0.03926526105050186,0.007066681823560836,-0.9955550895880246,-0.08531333353011678,odom_lidar,unilidar_lidar
1786135948.1115985,-20.681444524337977,-2.007096192310623,0.7187337596337363,-0.034455923839292156,0.0047970949336956946,-0.9962319328265964,-0.07944629134932638,odom_lidar,unilidar_lidar
1786135948.2448196,-20.623437461762208,-2.047885863747715,0.7295219980395694,-0.03510080461438255,-0.0007762039852962969,-0.9967553004826101,-0.07243067017926792,odom_lidar,unilidar_lidar
1786135948.3935454,-20.618117830316812,-1.9296982968466367,0.7261864531474796,-0.039296491597213656,-0.00046167813526251916,-0.9972985710636674,-0.06205749556513614,odom_lidar,unilidar_lidar
1786135948.5376544,-20.6606729625772,-1.8268581378829762,0.6707494705776085,-0.043004527143272554,2.1502126221127095e-05,-0.997720712617636,-0.05199990189028087,odom_lidar,unilidar_lidar
1786135948.6656399,-20.646986908296213,-1.6932902829384873,0.6601232281338503,-0.04267286661651827,0.000600782811826009,-0.9981815965475249,-0.04256954108956472,odom_lidar,unilidar_lidar
1786135948.7918398,-20.46153959720906,-1.8158780150532152,0.7168092813540955,-0.0313260190581488,0.0024982064385320993,-0.9983410512259379,-0.04824505085134174,odom_lidar,unilidar_lidar
1786135948.9168458,-20.303057317458965,-1.823710539110897,0.7672787055416406,-0.02750102037064847,0.013373345108985558,-0.9975215648980453,-0.06336856541317556,odom_lidar,unilidar_lidar
1786135949.0316014,-20.306626124371213,-1.8837648920259078,0.8250713360352031,-0.02490977783067146,0.023270187605902787,-0.996284673700821,-0.07908761145755742,odom_lidar,unilidar_lidar
1786135949.1617458,-20.396657138968898,-1.9562025706779445,0.7946165405212097,-0.024172099033593995,0.020609257315006436,-0.994699572001785,-0.09779432294719297,odom_lidar,unilidar_lidar
1786135949.2816837,-20.578708530035094,-1.9057112138105574,0.7623225297007674,-0.031981678349437076,0.00999669010069442,-0.9939301120994966,-0.10478630969199332,odom_lidar,unilidar_lidar
1786135949.4119089,-20.824548063864157,-1.7099506920128598,0.7238107386723125,-0.043811918109786005,0.0037181032082059355,-0.9927911673806203,-0.11150062560855856,odom_lidar,unilidar_lidar
1786135949.5418293,-20.995923840631097,-1.544162445231145,0.7166259720186082,-0.040605635716250164,-0.0031154172563787053,-0.9925328267774988,-0.1149785383994134,odom_lidar,unilidar_lidar
1786135949.660948,-21.33220355066783,-1.3501029406375475,0.7145187526194307,-0.036985689470960745,0.002561722220660074,-0.9920043881856728,-0.12063494590702517,odom_lidar,unilidar_lidar
1786135949.7837334,-21.58647006520042,-1.3785097620094817,0.7410022980931815,-0.03268792979657205,0.007564578593863624,-0.9914558418776256,-0.12605391704758934,odom_lidar,unilidar_lidar
1786135949.9149687,-21.790562419589733,-1.4359695528928957,0.7876035231583501,-0.02964387676775608,0.01194098003101323,-0.9909028082454843,-0.13072979070315283,odom_lidar,unilidar_lidar
1786135950.034109,-21.803817518615887,-1.519263100443877,0.851350266060243,-0.026059220307670276,0.013735854713485013,-0.9906716912506124,-0.13304827502413555,odom_lidar,unilidar_lidar
1786135950.1596017,-21.76180885060919,-1.5975688086746476,0.9091517641420527,-0.02555520269488383,0.012972875768577915,-0.9905165107375744,-0.13437141833655453,odom_lidar,unilidar_lidar
1786135950.287521,-21.792978077451817,-1.6975045506088742,0.8513110170701419,-0.029297929185294683,0.0063749122967405565,-0.9907635966083943,-0.13224404513724308,odom_lidar,unilidar_lidar
1786135950.4179385,-21.728984781913656,-1.695369303790486,0.7582487504299195,-0.033853397201142055,-0.0005562420536183554,-0.991634236607842,-0.12455994091160197,odom_lidar,unilidar_lidar
1786135950.547115,-21.6344167999857,-1.7085306326904999,0.6813480817649822,-0.0361126465781495,-0.005994442266858713,-0.9922961678733592,-0.11835648965256233,odom_lidar,unilidar_lidar
1786135950.6719759,-21.485679823066466,-1.6179105803070097,0.6964341582358144,-0.04065294672588008,-0.0027333272082201363,-0.9930617628654558,-0.11030957338068657,odom_lidar,unilidar_lidar
1786135950.7998843,-21.25925787526618,-1.5379329928183831,0.7144717876029409,-0.04149954486270005,-0.0018775553246382255,-0.9941830195465685,-0.09936994619832974,odom_lidar,unilidar_lidar
1786135950.9195347,-21.21422849596465,-1.5221124092965415,0.7467328070922441,-0.03755578271505508,0.0017346706779787875,-0.9947751537933278,-0.09491547554408443,odom_lidar,unilidar_lidar
1786135951.0276656,-21.258553292699347,-1.5073149860708381,0.7274607268391433,-0.034934524746361044,0.0051904575945697405,-0.9947930567207453,-0.09560027421980005,odom_lidar,unilidar_lidar
1786135951.1459622,-21.302769405165503,-1.5246979192242647,0.7342456505949836,-0.035563346837318925,0.006312534350842682,-0.9948692189492456,-0.09450205002599664,odom_lidar,unilidar_lidar
1786135951.290104,-21.340613517268277,-1.5284001277959827,0.7792872966957474,-0.03438783171660075,0.00959265830384725,-0.9946851852557269,-0.09657556714447384,odom_lidar,unilidar_lidar
1786135951.4241047,-21.43744723702425,-1.5706595460129817,0.8418640061478512,-0.032394589350993826,0.011563899190980399,-0.9942276066411113,-0.1016284065061007,odom_lidar,unilidar_lidar
1786135951.5729463,-21.42644117327315,-1.673909802685015,0.8348823476629041,-0.028368789263723774,0.009118327914544685,-0.9935593993633852,-0.10932423257641766,odom_lidar,unilidar_lidar
1786135951.7125967,-21.523310672629588,-1.5438245027607391,0.7674124960182754,-0.028167059737800267,0.008981723882744604,-0.993104135667606,-0.11344655614745902,odom_lidar,unilidar_lidar
1786135951.832758,-21.64887255185694,-1.4417815009273731,0.7712402183506097,-0.03197543332702406,0.005228016198352192,-0.9922122950760927,-0.12027053259220168,odom_lidar,unilidar_lidar
1786135951.9645174,-21.908224136784515,-1.3182507963910628,0.7847403746786852,-0.03251359843143039,0.008204945734418401,-0.9924783281069429,-0.11773832434930542,odom_lidar,unilidar_lidar
1786135952.0815058,-22.192330025645198,-1.2106988589014658,0.804607617155477,-0.035039639036260097,0.009363674697562867,-0.992526183974184,-0.11651746400437638,odom_lidar,unilidar_lidar
1786135952.2114825,-22.327448251357858,-1.2467782693312368,0.8019621390403614,-0.034369464885312756,0.00386431306827998,-0.9924102596516745,-0.11800713328482988,odom_lidar,unilidar_lidar
1786135952.339797,-22.204432896229697,-1.436942386131231,0.7745086114243152,-0.03347373982295915,-0.0032604999043007506,-0.9929225199415908,-0.11390235851588117,odom_lidar,unilidar_lidar
1786135952.4876208,-22.090569817064498,-1.6126304519310786,0.7902939599048295,-0.03486359331849524,-0.003905128106097072,-0.9937553303551779,-0.105922722897727,odom_lidar,unilidar_lidar
1786135952.629061,-21.931912700234022,-1.66488012050446,0.7931169390013288,-0.03459893772617437,0.002754701187491301,-0.9945102424602618,-0.09871526108570777,odom_lidar,unilidar_lidar
1786135952.7598705,-21.81434411571929,-1.5717169387167633,0.7440753955186332,-0.037631728359933454,0.007512447549710014,-0.9956288200014051,-0.08515085986099566,odom_lidar,unilidar_lidar
1786135952.8798244,-21.660483374276268,-1.5141377258596278,0.7147548823716444,-0.03688573614039072,0.006699797378583236,-0.9962961250902745,-0.0773859568304974,odom_lidar,unilidar_lidar
1786135953.005972,-21.452967096282705,-1.3894324377208593,0.710315605259381,-0.03647739939291838,0.005801465028163938,-0.9968085511702132,-0.07077043627813087,odom_lidar,unilidar_lidar
1786135953.1338406,-21.248080311170284,-1.2594978943692396,0.7332721614342095,-0.03580175080471114,0.0004927899109815363,-0.9972561347157894,-0.0647934685685561,odom_lidar,unilidar_lidar
1786135953.2711234,-21.12020274321033,-1.0985502401162826,0.7305308245704025,-0.03269294914913772,0.002842564001639889,-0.9976684997634074,-0.05983857857319585,odom_lidar,unilidar_lidar
1786135953.4096673,-20.991139743093157,-1.0738192703781313,0.7665920999455856,-0.03177491994844276,0.004335990105631399,-0.9976698895033168,-0.06021914338907382,odom_lidar,unilidar_lidar
1786135953.5375857,-21.029852381587993,-1.2118345526198953,0.8095785089251334,-0.02593914555915574,0.007403716462868367,-0.9975884527152038,-0.06395017372520721,odom_lidar,unilidar_lidar
1786135953.6623712,-21.123241239863827,-1.3380886061134118,0.8486868764661472,-0.019447887031020874,0.012066046651960725,-0.995392612684795,-0.09311142153763621,odom_lidar,unilidar_lidar
1786135953.778425,-21.336900258539472,-1.4167418496154833,0.8494433313970524,-0.018263649753726113,0.016190236958928836,-0.9914608681503014,-0.1281002039480715,odom_lidar,unilidar_lidar
1786135953.8991406,-21.567317526746542,-1.3218227371643607,0.8695367740799047,-0.026122495979408508,0.02130408337365327,-0.9840098325946227,-0.17489539900328097,odom_lidar,unilidar_lidar
1786135954.0199964,-21.904750476163752,-1.2700073126835745,0.8609794217702151,-0.03535871175466908,0.011900769867189014,-0.9767092419298343,-0.21129881662817465,odom_lidar,unilidar_lidar
1786135954.1400163,-22.289145150554756,-1.1988145831935402,0.8056439411478435,-0.03380691758091074,-0.00525889993023873,-0.9698609331499853,-0.24124511734880996,odom_lidar,unilidar_lidar
1786135954.2649481,-22.66906539795489,-0.9497362991902591,0.7299801271094872,-0.03252732623860826,-0.006450108051986401,-0.9700459447305099,-0.2406475311857108,odom_lidar,unilidar_lidar
1786135954.4010048,-23.107045646969087,-0.6982029458634501,0.7665560517395905,-0.03400465577520955,-0.005309242381274609,-0.972282008509325,-0.23126433200997398,odom_lidar,unilidar_lidar
1786135954.5509787,-22.913970711777644,-0.808651927745998,0.8480876486835585,-0.03001121339079215,0.006571012132888472,-0.9760882993899236,-0.21519242706110428,odom_lidar,unilidar_lidar
1786135954.6709268,-22.536874500427853,-0.9167161175907506,0.9380760121861556,-0.025646431018785804,0.016470687509746312,-0.9801071121353033,-0.19611482802366287,odom_lidar,unilidar_lidar
1786135954.7959685,-22.182814737878513,-1.0290968041187911,0.8988008991378413,-0.02540819080681476,0.02020133579854979,-0.9815822320205482,-0.18826218859196747,odom_lidar,unilidar_lidar
1786135954.904497,-21.82854512719661,-1.0104128229157279,0.8695483152373933,-0.02854201390717372,0.021887871547969836,-0.981991592446658,-0.18546909954302052,odom_lidar,unilidar_lidar
1786135955.021074,-21.481418438868346,-1.1085476390695888,0.7753202704334972,-0.028938421952642398,0.007284809504769397,-0.9816309011485131,-0.18844169707293584,odom_lidar,unilidar_lidar
1786135955.1509435,-21.435061382140603,-1.111606307294237,0.7327001632117679,-0.026899392430105532,-0.0008579922629243578,-0.9835688048030846,-0.17851636550859906,odom_lidar,unilidar_lidar
1786135955.2901435,-21.40807203372974,-1.0569878595755031,0.7489330753026238,-0.02861700559875936,-0.005287634898315063,-0.985751196092427,-0.165673435740592,odom_lidar,unilidar_lidar
1786135955.425803,-21.39336856593632,-1.0407958775014075,0.7796939099271396,-0.03262972114438801,0.0013770182151747348,-0.9871035491593023,-0.15671626704328917,odom_lidar,unilidar_lidar
1786135955.552325,-21.294295688064615,-1.211761379402211,0.8147570201384174,-0.038456194058960044,0.006484557301673298,-0.9871608845628834,-0.15489499554254973,odom_lidar,unilidar_lidar
1786135955.6929364,-21.27065155324138,-1.5032560491253801,0.7916550993963436,-0.0360693344222882,0.006508224206344565,-0.9869369781610591,-0.1568822720078031,odom_lidar,unilidar_lidar
1786135955.8157508,-21.342088716218612,-1.4975396017807927,0.7635529778298509,-0.037533574805851115,-0.0044874362721945464,-0.9867781902615438,-0.15760677936608325,odom_lidar,unilidar_lidar
1786135955.948956,-21.426757355931667,-1.3725721591133864,0.7077626952772678,-0.03693470878608338,-0.010268254491254085,-0.9866665784766364,-0.1581753873198909,odom_lidar,unilidar_lidar
1786135956.0706553,-21.454187676185654,-1.1642688512475845,0.7039643610387813,-0.034835800947731546,-0.0007028576936598043,-0.9862646760269271,-0.1614557579799896,odom_lidar,unilidar_lidar
1786135956.2009513,-21.462389784535635,-0.9697511552546539,0.7127957920002022,-0.031889493285373514,0.005570658385724087,-0.9857918149430444,-0.1648227095228392,odom_lidar,unilidar_lidar
1786135956.3480937,-21.47976959889707,-0.7293646673041927,0.8033451317586252,-0.029515030196437204,0.009565226590022461,-0.9842029037931441,-0.17430437056461956,odom_lidar,unilidar_lidar
1786135956.479333,-21.581148331407437,-0.6985143912447115,0.8560391563901427,-0.02628866924700274,0.01125747218154634,-0.9836603877474115,-0.17774818357979233,odom_lidar,unilidar_lidar
1786135956.6208189,-21.76177774142452,-0.7408625645316252,0.8822456080966228,-0.023750720729678206,0.014738878310989639,-0.983425542733594,-0.17914483143560372,odom_lidar,unilidar_lidar
1786135956.7430918,-22.024282293761082,-0.7500790061847954,0.8767759817367151,-0.021465938480556952,0.01416222433176939,-0.983169292984934,-0.1808778212458089,odom_lidar,unilidar_lidar
1786135956.8681505,-22.430886280169258,-0.7128497500333767,0.8730314086538076,-0.021032805164411254,0.009031052417346886,-0.9836602981724134,-0.17857345547003897,odom_lidar,unilidar_lidar
1786135956.9935184,-22.79518984734867,-0.621031261515952,0.8679014971833908,-0.024380406975963987,0.0006151364851324251,-0.984651693730477,-0.17281857364442627,odom_lidar,unilidar_lidar
1786135957.1239796,-23.011148822018995,-0.5500517622391884,0.8404043253559471,-0.026456234646248567,-0.004772912557090783,-0.9845057062937456,-0.1732795464823202,odom_lidar,unilidar_lidar
1786135957.2482102,-23.15764671604981,-0.4098009453756397,0.7870787828858915,-0.03639983994203886,-0.0016436920681236738,-0.9834785176599314,-0.17731992338708932,odom_lidar,unilidar_lidar
1786135957.3816497,-23.117102443553666,-0.4690252603700188,0.8053019590727344,-0.036476454172960936,0.0030145715627101473,-0.9827694653846449,-0.1811754910489841,odom_lidar,unilidar_lidar
1786135957.5126467,-22.976213485968813,-0.4458034438742996,0.8443027911475542,-0.031174195667572,0.010688372649121173,-0.9816993826014209,-0.18756399018623685,odom_lidar,unilidar_lidar
1786135957.6488185,-22.84285388432579,-0.5568395571907621,0.9131614056172197,-0.020191847543329207,0.008978887367632164,-0.9821948555730775,-0.18656080660258698,odom_lidar,unilidar_lidar
1786135957.7769332,-22.723297525412438,-0.6553509481875239,0.9241110518714307,-0.019696027388856858,0.008063583006346376,-0.9844724172769604,-0.1742443822768911,odom_lidar,unilidar_lidar
1786135957.9071257,-22.5931541587672,-0.6936827271816195,0.9399907103569284,-0.021644608291396264,0.00598705474897326,-0.9875516741201549,-0.1556835156650326,odom_lidar,unilidar_lidar
1786135958.0379386,-22.37942824138167,-0.6717234991633317,0.9023534693284792,-0.024495440483209816,0.0053866992389838735,-0.9901421156559926,-0.13780256772323654,odom_lidar,unilidar_lidar
1786135958.1651356,-22.10319307712885,-0.5304286820414524,0.8520410748150324,-0.028827024600781338,0.007759496700112192,-0.9918748905832758,-0.12366484663816787,odom_lidar,unilidar_lidar
1786135958.3011463,-21.80116507678013,-0.5965957143935883,0.8008651842504911,-0.039325422808492654,0.0092695471493543,-0.9917409010258588,-0.12172744903676093,odom_lidar,unilidar_lidar
1786135958.4512281,-21.566559933024983,-0.7283980199351945,0.76824697144139,-0.041407663068583005,0.0069326098130866876,-0.9916932199809988,-0.1215808447252142,odom_lidar,unilidar_lidar
1786135958.5680447,-21.362729161807515,-0.8512822822704114,0.7335037046614106,-0.040173214724790345,0.0008356972407435916,-0.9917525945721477,-0.1217054049260387,odom_lidar,unilidar_lidar
1786135958.6842353,-21.384616465775878,-0.9307241788505614,0.7281171362517185,-0.03386580917746622,-0.001562250564120288,-0.9923248088977087,-0.11892072984999934,odom_lidar,unilidar_lidar
1786135958.8097057,-21.536095835268046,-0.9019692500836037,0.7453384781145873,-0.033087002571833495,0.007359152919354549,-0.9921683251564949,-0.12022107837345809,odom_lidar,unilidar_lidar
1786135958.9235685,-21.85286587451901,-0.7868317241300894,0.8022115193113373,-0.031131632750514338,0.010780406118683307,-0.9918972181648548,-0.12269683322329782,odom_lidar,unilidar_lidar
1786135959.0710928,-22.16809641360089,-0.6146485915001069,0.8751677798562056,-0.026904147664720598,0.013302488564931254,-0.9911322910769391,-0.1294449389547248,odom_lidar,unilidar_lidar
1786135959.2068098,-22.43778486034465,-0.5180795304727465,0.9240918221519029,-0.01595391347846919,0.01928454848262064,-0.9890021076383209,-0.14576834334484984,odom_lidar,unilidar_lidar
1786135959.3378487,-22.708133194439803,-0.39441178672140526,0.9726370124355883,-0.010245039845061895,0.017267990588343433,-0.9853726080837281,-0.16922670858314817,odom_lidar,unilidar_lidar
1786135959.4963152,-23.01274715674708,-0.2515375528979127,0.9918956642533018,-0.014825172193768634,0.008470576449594768,-0.9821120524081491,-0.18752167906322179,odom_lidar,unilidar_lidar
1786135959.6290925,-23.359583394652006,-0.06004790236657558,0.980959887650585,-0.023444014340919174,0.006820722388691128,-0.9778260932575487,-0.20799035382045766,odom_lidar,unilidar_lidar
1786135959.7630124,-23.66210898080191,0.026750338747792424,0.8578838314501189,-0.0320682332032742,-0.0010207953266472964,-0.9764801158481528,-0.21320687078351763,odom_lidar,unilidar_lidar
1786135959.8805716,-23.93534712089622,0.027083527008709585,0.7815672544601746,-0.03796722358532311,-0.003410412954811132,-0.9767854559688269,-0.21080092984726292,odom_lidar,unilidar_lidar
1786135959.9968123,-24.037071213863147,0.0614891306233632,0.840198578749443,-0.04478969997357771,3.390515428732324e-05,-0.9780630641037091,-0.20343678198099077,odom_lidar,unilidar_lidar
1786135960.1247473,-23.78802107475025,0.07504049847661282,0.9302789003467868,-0.037291799857699544,0.009186537424614562,-0.9800609385705262,-0.19494995737824297,odom_lidar,unilidar_lidar
1786135960.2612052,-23.39318450611523,0.02765907532599921,0.9271477491353323,-0.030652142181704662,0.009363758241455893,-0.9823949695975532,-0.1840458908008833,odom_lidar,unilidar_lidar
1786135960.4059079,-22.85557618568444,-0.06051678875405103,0.847972877732137,-0.02683766914677324,0.009264357868883282,-0.9860445986236006,-0.16404255762840278,odom_lidar,unilidar_lidar
1786135960.5446563,-22.3302452768258,-0.16679433132723148,0.8007454122901327,-0.02675761372437063,0.006405193771580503,-0.9894229954927772,-0.14242590912690653,odom_lidar,unilidar_lidar
1786135960.6699688,-21.884752183035186,-0.26099725125064777,0.8584293059199297,-0.02552883082200043,0.009720892122300562,-0.9912931984593494,-0.12880829841839067,odom_lidar,unilidar_lidar
1786135960.7965012,-21.65157434142425,-0.36543808221330654,0.8723368912055968,-0.029295668861530535,0.01124933253442627,-0.9929126973969965,-0.1146280578711255,odom_lidar,unilidar_lidar
1786135960.929389,-21.5110005170388,-0.5661247232178452,0.8292799744586848,-0.026996844043952774,0.013296177342726534,-0.9937732011079368,-0.10728097146941545,odom_lidar,unilidar_lidar
1786135961.0433002,-21.883495504436063,-0.694572656296655,0.7883910999561783,-0.03514817118301553,0.011434617716627087,-0.9911120080408765,-0.12779218715299337,odom_lidar,unilidar_lidar
1786135961.1785111,-22.287899622431905,-0.7262438166279892,0.800435690048055,-0.038806847080573637,0.008752537978622375,-0.9886194490417853,-0.14508275802077428,odom_lidar,unilidar_lidar
1786135961.3157198,-22.48732610037826,-0.5609571083930198,0.8277745358003897,-0.04035403323019308,0.0005770961954261675,-0.985041066888717,-0.1675270590226434,odom_lidar,unilidar_lidar
1786135961.438649,-22.63205962433245,-0.4533899727945349,0.8398735325338265,-0.03348549922188496,0.0017377107400072273,-0.9831773573494375,-0.17954939626359648,odom_lidar,unilidar_lidar
1786135961.562352,-22.715059158145532,-0.3024280850218575,0.842999659364695,-0.03056384377561756,0.0031545747272061007,-0.9813665354676874,-0.18967241016051473,odom_lidar,unilidar_lidar
1786135961.6797755,-22.780200875201555,-0.11170411488900489,0.8243820309636102,-0.03002942095352703,0.010520365421881828,-0.9809146148969239,-0.19181781478842225,odom_lidar,unilidar_lidar
1786135961.8079717,-22.806905408426303,0.060667016148614604,0.9326181684211488,-0.030206565374409515,0.016961470013490763,-0.9806985503516055,-0.19243239145612354,odom_lidar,unilidar_lidar
1786135961.924275,-22.913188057294228,0.21488684045613982,0.9593334556682274,-0.03334207779358055,0.01407104405391111,-0.9802441463939857,-0.19445237213252567,odom_lidar,unilidar_lidar
1786135962.055147,-23.043551481721796,0.33297191159791856,0.8817845929855573,-0.03547266858424043,0.00954372202385064,-0.9803702477957899,-0.19371314976084078,odom_lidar,unilidar_lidar
1786135962.1769626,-23.146957982208068,0.34368533390727896,0.836799132944276,-0.036639520067247244,0.001945857010288171,-0.9805748097294983,-0.19268316411585057,odom_lidar,unilidar_lidar
1786135962.312956,-23.218600194528968,0.33967278888845676,0.8511112726465722,-0.03452839540431483,0.0016355587534120693,-0.9804342833976236,-0.19378784997247858,odom_lidar,unilidar_lidar
1786135962.4545665,-23.31896619732985,0.3275030661000101,0.8882521489648992,-0.029401520415282847,0.0032201331320420457,-0.9807904559058875,-0.192808876724603,odom_lidar,unilidar_lidar
1786135962.5837865,-23.368858237367665,0.3354025648123393,0.9193957323506398,-0.027240158462000407,0.008300860794216353,-0.9799664391087556,-0.19711633036749174,odom_lidar,unilidar_lidar
1786135962.7117536,-23.365328963390983,0.25358149880654524,0.9573366719299269,-0.025766804669277762,0.010217535131597314,-0.9791299038489852,-0.2013362986191185,odom_lidar,unilidar_lidar
1786135962.8293896,-23.36551407440405,0.24904536054085352,0.986514061572485,-0.02711396430459162,0.011697381081472863,-0.9785132432865247,-0.2040584154804966,odom_lidar,unilidar_lidar
1786135962.9517083,-23.34675927381187,0.3095176960022128,0.9444273365326218,-0.026704198467588754,0.0068692590035703644,-0.9763486218137984,-0.214436628744349,odom_lidar,unilidar_lidar
1786135963.0654285,-23.379917869489887,0.35326067007357254,0.8976241602354581,-0.02785853536518391,0.0015568827548132062,-0.9748233867431754,-0.2212257733220977,odom_lidar,unilidar_lidar
1786135963.2045772,-23.430875621253076,0.3996017791067722,0.8614164380450813,-0.028894605206683008,0.001857504444135635,-0.9735604259608885,-0.22658717631420194,odom_lidar,unilidar_lidar
1786135963.3410375,-23.56710715258318,0.4696648412775595,0.9009401126518567,-0.030437240653061505,0.0014765962364683511,-0.9731234034740965,-0.2282591414510558,odom_lidar,unilidar_lidar
1786135963.4889383,-23.785953281522797,0.5354482300843816,0.9227074691444312,-0.029118331112286164,0.002146120605764957,-0.973253461389918,-0.22787105312462178,odom_lidar,unilidar_lidar
1786135963.6134112,-23.943218594524023,0.515276719299393,0.8879904220668744,-0.029891525545984392,0.0019403737148329463,-0.9735358105697791,-0.22656292103657205,odom_lidar,unilidar_lidar
1786135963.744026,-24.045265200515388,0.4296796531691707,0.892438582997444,-0.03079298145957671,0.0024786559805001418,-0.9727473036017374,-0.22980063510118917,odom_lidar,unilidar_lidar
1786135963.8575113,-24.00280284321377,0.38032790531385363,0.9143346970755422,-0.029928734389231177,0.00196317894251446,-0.9716946081265916,-0.2343288401456557,odom_lidar,unilidar_lidar
1786135963.9825714,-24.05728075457429,0.4486189989816425,0.9558399504412572,-0.030210458349207985,0.004320531206943608,-0.9704802797646819,-0.23924190227526074,odom_lidar,unilidar_lidar
1786135964.124941,-23.98356213036819,0.5467309860202191,0.9141938289591571,-0.031703700441076794,0.004961077467992783,-0.9726271892335914,-0.2301447671624592,odom_lidar,unilidar_lidar
1786135964.2801194,-23.938459393305262,0.6274634147125031,0.8861780367219201,-0.03376777493099274,0.00020480393012544534,-0.9748918211059399,-0.2201036859580148,odom_lidar,unilidar_lidar
1786135964.4251535,-23.788020133506745,0.8141800358416131,0.9322270662852259,-0.030458941375096516,0.000864535757604371,-0.9770480090803504,-0.2108285877682523,odom_lidar,unilidar_lidar
1786135964.5638404,-23.57198411887484,0.9017107270064736,0.9228300255213618,-0.03069941228951778,0.0005955085789669158,-0.9781758089262864,-0.20549763571879764,odom_lidar,unilidar_lidar
1786135964.6853988,-23.571877670281246,0.8383712261242509,0.8839558791554225,-0.034511528792171224,-0.003969047823173088,-0.9779962191892022,-0.20570998102044225,odom_lidar,unilidar_lidar
1786135964.8020973,-23.570471078736418,0.7883898379167714,0.8570190246853813,-0.034975664950404786,0.0028536903880111617,-0.9775219148769955,-0.2078929177429058,odom_lidar,unilidar_lidar
1786135964.9216366,-23.644281737381522,0.8060837936844574,0.8308636893722766,-0.033918005142313294,0.006873153253079457,-0.9775318629690609,-0.20792735647759963,odom_lidar,unilidar_lidar
1786135965.0553079,-23.739758896648848,0.8710751287053545,0.8778403950579596,-0.03439615840973486,0.005380064702779637,-0.9778724252386554,-0.20628494648984166,odom_lidar,unilidar_lidar
1786135965.1825752,-23.86733927834294,0.9516012896509599,0.9086364545369064,-0.033578102102006194,0.0013769049253536565,-0.9786036277252665,-0.20299151458866913,odom_lidar,unilidar_lidar
1786135965.3226652,-23.912893723103206,1.0698266398780456,0.9501019019092497,-0.03446539321767933,-0.004423181683959862,-0.9783091632045049,-0.20421496841378434,odom_lidar,unilidar_lidar
1786135965.449542,-23.95026275144184,1.0622867044294892,0.8971519064212258,-0.03277338394099474,-0.0028946578592353406,-0.9781092500382116,-0.20547462434719613,odom_lidar,unilidar_lidar
1786135965.5745614,-23.83638357236184,0.9803322904260737,0.8666334302899497,-0.028967362505991214,0.0033560640821136533,-0.9763917719748487,-0.21402975578909222,odom_lidar,unilidar_lidar
1786135965.7002766,-23.636888954197357,0.8878936115205008,0.8487148214795959,-0.02290720014131413,0.0029319953799307914,-0.9746557611241804,-0.22251474308958136,odom_lidar,unilidar_lidar
1786135965.8243823,-23.502310493267682,0.699210795166353,0.953305244644572,-0.020829042671596597,0.002722064280336998,-0.9724128430662784,-0.23231875513439718,odom_lidar,unilidar_lidar
1786135965.9554203,-23.507845530839,0.6563594996488479,1.0206579726570086,-0.023887276575404306,0.00595489947133126,-0.9735199143296052,-0.22727277354266356,odom_lidar,unilidar_lidar
1786135966.0778668,-23.525775529795165,0.6910256102266817,1.0287057980510061,-0.028483687482225187,0.013631971301805742,-0.9745959780483773,-0.22173301170048798,odom_lidar,unilidar_lidar
1786135966.2080333,-23.459657515436707,0.777220912392918,0.9108582065456441,-0.030118991062168088,0.008725391661205511,-0.9758624514457387,-0.21612308940987573,odom_lidar,unilidar_lidar
1786135966.3388107,-23.396495795882178,0.8036846407913892,0.7941361448340405,-0.03628321658017603,0.002469743977168499,-0.9769134230456268,-0.21051743973495288,odom_lidar,unilidar_lidar
1786135966.4800978,-23.41686436798077,0.8218116645279274,0.7366975747158562,-0.04158694220688096,-0.007505116074107886,-0.9769372500336843,-0.20930315087742601,odom_lidar,unilidar_lidar
1786135966.6000965,-23.503214232697594,0.8350988627098381,0.8531611321939124,-0.03691569536591486,-0.004989899568601116,-0.9781564035499303,-0.20450521394872112,odom_lidar,unilidar_lidar
1786135966.7182853,-23.560082964498672,0.836487142773136,0.9559387653763366,-0.0348494403461383,0.00029903305293207944,-0.9786271178577736,-0.2026681802360241,odom_lidar,unilidar_lidar
1786135966.8444176,-23.56210817384578,0.8497806432267688,1.0267693846313692,-0.030483184097894574,-0.0004889784400346008,-0.9780710353531784,-0.20602811990235875,odom_lidar,unilidar_lidar
1786135966.9780874,-23.587001701835067,0.8945159561540548,0.9291027794768847,-0.024791574168841722,0.004176602670701811,-0.9772051354758757,-0.2108033610736256,odom_lidar,unilidar_lidar
1786135967.1165276,-23.719194906143734,0.9304270348025963,0.8811867422580194,-0.027727457258362866,0.009114671975401984,-0.9737740185537762,-0.22563747839930415,odom_lidar,unilidar_lidar
1786135967.2564642,-24.03853503612629,0.9916037829487957,0.9105026880764165,-0.03385113870134674,0.011287917809740752,-0.97007901789839,-0.24015283124176987,odom_lidar,unilidar_lidar
1786135967.3852057,-24.41103397811131,1.0685636813692174,0.9022452529842606,-0.0347981392027071,0.008362396063334892,-0.9676023415657302,-0.24992972699665977,odom_lidar,unilidar_lidar
1786135967.51315,-24.763020141065155,1.173050110380911,0.8867392377705058,-0.037220425496172674,-0.0016729135815911843,-0.9650867442828469,-0.25926707715320757,odom_lidar,unilidar_lidar
1786135967.6446278,-24.907845571390506,1.3281239609201245,0.9174639197826326,-0.03669653577761254,-0.011317117024188514,-0.9646558293373589,-0.2606998620054021,odom_lidar,unilidar_lidar
1786135967.7801073,-24.826927830307856,1.4505551930376324,0.9163671288992448,-0.0314115054417071,-0.002892698671701943,-0.9666191006225249,-0.2542684878862923,odom_lidar,unilidar_lidar
1786135967.9134183,-24.56993882390928,1.459876203538479,0.9611428440588594,-0.03179776033431995,0.001150914347713953,-0.9693421039054635,-0.2436461849280941,odom_lidar,unilidar_lidar
1786135968.0471714,-24.370677859191314,1.454697937104278,0.9238458420753353,-0.03232580781013919,0.0030701134221953388,-0.9721502869987719,-0.2320979018457562,odom_lidar,unilidar_lidar
1786135968.1857157,-24.194170651957556,1.3721756382597974,0.8633256941103319,-0.03430038282363593,0.0062179911821801295,-0.9751555886666327,-0.21876105278601,odom_lidar,unilidar_lidar
1786135968.3109424,-23.972313743099335,1.1817643607176884,0.8829976270359636,-0.03272951792957627,0.0030024772722153916,-0.9763231975121991,-0.21380546715620463,odom_lidar,unilidar_lidar
1786135968.455622,-23.839484899467973,1.0217660049728405,0.8943099768225236,-0.02936238941098466,0.0010115821778173743,-0.9771175901496905,-0.21066096413345475,odom_lidar,unilidar_lidar
1786135968.5802672,-23.711952864629392,0.9369597049656172,0.9243583802339226,-0.030183105944433512,0.002503520884981547,-0.9775181309052368,-0.2086648419122351,odom_lidar,unilidar_lidar
1786135968.7023356,-23.610819469799505,0.8526158465514941,0.8948178157760265,-0.027719950838748886,0.00503988023031199,-0.9779943485376166,-0.20672024129543928,odom_lidar,unilidar_lidar
1786135968.8133361,-23.54365371040252,0.8068741355895263,0.8780212780205204,-0.02707262773503326,0.005640806955050654,-0.9781853523606499,-0.205885090648856,odom_lidar,unilidar_lidar
1786135968.9412901,-23.34527547952245,0.948694271972436,0.9240087424052321,-0.03142073754860132,0.01592503275241907,-0.9788175871775066,-0.20168108888971426,odom_lidar,unilidar_lidar
1786135969.0604734,-23.18855142185959,1.0546966302568914,0.9446795897268079,-0.030404211009001137,0.017002111111684783,-0.9800660785348444,-0.19559395153224524,odom_lidar,unilidar_lidar
1786135969.194585,-23.19293642996946,0.8866930901752353,0.9296567814633131,-0.02812721332573289,0.007836739134796614,-0.9798632233085741,-0.197523439109371,odom_lidar,unilidar_lidar
1786135969.3303833,-23.21679717626342,0.7964289474341786,1.0036706318061481,-0.021556710898361905,0.00414421687160946,-0.9801311013234095,-0.19713233600889996,odom_lidar,unilidar_lidar
1786135969.4751189,-23.301578641052934,0.6360441183008191,1.01593892101568,-0.02188946108002012,0.010905791734677118,-0.9813944128962627,-0.19043876059317846,odom_lidar,unilidar_lidar
1786135969.5970228,-23.371109929884295,0.5097269253391994,0.9947271120704493,-0.0252827756932965,0.011299493627516298,-0.981871996060887,-0.1875112957888508,odom_lidar,unilidar_lidar
1786135969.7231498,-23.493943617006412,0.5214574358356734,0.9575913378238603,-0.028714817524513454,0.01890718844195037,-0.9817294241096739,-0.18715051513966666,odom_lidar,unilidar_lidar
1786135969.8465858,-23.593827582394592,0.7272246017308495,0.9246589852384722,-0.03323482955429948,0.01777970143827514,-0.9803066728199832,-0.19385085902795787,odom_lidar,unilidar_lidar
1786135969.9692354,-23.626266401420626,0.9375928739712276,0.9002788402219801,-0.0348992875313293,0.009854291319228293,-0.9780608207775578,-0.20513888839596262,odom_lidar,unilidar_lidar
1786135970.0913904,-23.718182609176267,1.0555992110016201,0.8353394008547458,-0.03453249763195528,0.0007510490149045675,-0.9758440558009077,-0.21572047026351293,odom_lidar,unilidar_lidar
1786135970.2278183,-23.811214889660093,1.1255812144570705,0.8915205707259742,-0.030689906563635065,0.0003709864622293375,-0.9727201542651525,-0.22994236993329073,odom_lidar,unilidar_lidar
1786135970.3730896,-23.78255972275127,1.1387697427313166,0.9318823106447206,-0.033424364731112176,0.008262844797228013,-0.967918962026146,-0.24889238676264627,odom_lidar,unilidar_lidar
1786135970.5000322,-23.585697573104174,1.016924037528179,0.8577463451746787,-0.041607813454095484,0.004060900791262437,-0.9561910261943667,-0.28974302471275615,odom_lidar,unilidar_lidar
1786135970.6192472,-23.501059231880575,0.9914550123909328,0.7795419603143348,-0.0443599765617416,-0.0019716517875231388,-0.9424027765999172,-0.33151970035796835,odom_lidar,unilidar_lidar
1786135970.73523,-23.518081349813574,0.9059210106200742,0.8219664938489764,-0.03854877235768719,-0.008429016131932409,-0.9281667543892138,-0.37006677760014606,odom_lidar,unilidar_lidar
1786135970.849976,-24.09514233165896,1.2099263948378027,0.9720506515735257,-0.03539121481834149,-0.00021189672103890175,-0.9269211580123217,-0.3735834362529451,odom_lidar,unilidar_lidar
1786135970.9781303,-24.695260949282222,1.5950575024972626,1.011677557428549,-0.03649911950680117,0.004680764995780364,-0.9257300822044516,-0.3763903819387812,odom_lidar,unilidar_lidar
1786135971.1114018,-25.154464906208815,1.9139491653407699,1.0413327078613501,-0.03708178015010226,0.009658672375497876,-0.9251143513722755,-0.37775003443268734,odom_lidar,unilidar_lidar
1786135971.2481349,-25.50488362390092,2.045562718549805,1.0196975131114348,-0.035926314607885985,0.004954331724309011,-0.9205313990024441,-0.38898161648908786,odom_lidar,unilidar_lidar
1786135971.3865235,-25.20749074888534,2.101588917998115,1.02815474017372,-0.03187732392214226,0.010335926635622217,-0.9149082725448566,-0.4022683900943898,odom_lidar,unilidar_lidar
1786135971.5170991,-24.784433141605923,2.012687449874776,1.0121722570421512,-0.03331482499129957,0.008357459893545187,-0.9132589986067249,-0.4059289060460824,odom_lidar,unilidar_lidar
1786135971.6501727,-24.487063633634104,1.8320289968903094,0.9176691649454257,-0.043359004502744894,0.0017437334125626014,-0.9159230084781862,-0.39900125145491155,odom_lidar,unilidar_lidar
1786135971.769075,-24.223582740309773,1.6478204078267757,0.8752769370771392,-0.05084330066749368,-0.00664018392138646,-0.9248329380599599,-0.37690171585455456,odom_lidar,unilidar_lidar
1786135971.89742,-23.95290869260507,1.514671308355641,0.8501167688017266,-0.05089132095686174,-0.011119815716282469,-0.9345789267056894,-0.3519213731891589,odom_lidar,unilidar_lidar
1786135972.0420957,-23.51820047771567,1.2916038552507618,0.8193444592865387,-0.035242985476058225,-0.01105021092273012,-0.9427855971379424,-0.33134746512166185,odom_lidar,unilidar_lidar
1786135972.1861951,-23.19890767403861,1.0711246068221367,0.9807497558139059,-0.01835787858246597,0.003298860537411569,-0.9478837107016752,-0.3180700815850638,odom_lidar,unilidar_lidar
1786135972.325171,-22.96202520042468,0.741674224313797,1.0577136416204045,-0.016496073350954526,0.015589063015221194,-0.9508123812338406,-0.30893474451854913,odom_lidar,unilidar_lidar
1786135972.4950895,-22.858246095617336,0.7090989697831022,1.0432087745722494,-0.018002560967142797,0.018817077209949514,-0.9517101515109337,-0.30589150513692737,odom_lidar,unilidar_lidar
1786135972.6252213,-23.028978227578598,0.8278855367577984,0.9147108439384973,-0.027558965479438438,0.0054021812110313615,-0.9532539044929879,-0.3008626155386211,odom_lidar,unilidar_lidar
1786135972.744257,-23.211598184780243,0.9509331856265701,0.8714033513110432,-0.03936004110252974,-0.01175307400748419,-0.9495930141341021,-0.3107824961665192,odom_lidar,unilidar_lidar
1786135972.869781,-23.32424651988269,1.1113188750009728,0.8821867128691065,-0.0436280215195909,-0.01306639571008245,-0.9477636944605436,-0.31570531275848857,odom_lidar,unilidar_lidar
1786135972.9942393,-23.384671587611184,1.2803724145404736,0.8646537978998187,-0.03413953421572355,0.0021696808620823888,-0.9459776981686061,-0.3224220514420747,odom_lidar,unilidar_lidar
1786135973.11164,-23.443170600548402,1.472994022748908,0.9124646322572323,-0.025506341099320057,0.016866461368135636,-0.9441453248618414,-0.328107535095082,odom_lidar,unilidar_lidar
1786135973.241872,-23.808314397915005,1.619203061139874,0.9673120292000097,-0.023827793112163122,0.011768083811396534,-0.9433625695340052,-0.3306974612557695,odom_lidar,unilidar_lidar
1786135973.3895411,-24.18478970048747,1.7518871884497957,1.075942288714991,-0.027277587839323724,0.007482349625809072,-0.9413845781805782,-0.33614732426351407,odom_lidar,unilidar_lidar
1786135973.517234,-24.601997904421875,1.871546545701954,1.075355371226788,-0.028560549406538724,0.0024120734248908103,-0.9402080297394494,-0.33939260117576564,odom_lidar,unilidar_lidar
1786135973.6425276,-24.87925198508408,2.050336311817466,1.013789819253856,-0.03741323335371714,0.00023540772768955703,-0.935413425042152,-0.35157064553818,odom_lidar,unilidar_lidar
1786135973.758896,-25.040820444986856,2.221290183503001,0.8829374121796891,-0.041972910550277416,-0.003987587185680504,-0.9307174344924606,-0.3633007446457373,odom_lidar,unilidar_lidar
1786135973.8893049,-25.108678138985667,2.3351423500035104,0.8595396724400495,-0.03874531268107331,-0.0025682115936751706,-0.925652876429148,-0.3763760850438038,odom_lidar,unilidar_lidar
1786135974.011459,-25.141142416356782,2.399605127983762,0.9451240025146556,-0.036674890352079,-0.007842200896152394,-0.9211767486786048,-0.38733299626636764,odom_lidar,unilidar_lidar
1786135974.139464,-25.239622704066356,2.5698809744348394,0.990840228812363,-0.03215203756195489,-0.008711787979561025,-0.9189114848528623,-0.393054747123504,odom_lidar,unilidar_lidar
1786135974.2782316,-25.35583137936411,2.5666755393959515,1.0761957571152805,-0.03331343884343551,-0.002075732906126449,-0.9224532476545243,-0.38466337493573255,odom_lidar,unilidar_lidar
1786135974.4076593,-25.349124625229916,2.5910625558900104,1.055862457982253,-0.0304156009002785,0.004354391988090834,-0.9246419647113941,-0.3795960584449505,odom_lidar,unilidar_lidar
1786135974.5283995,-25.27988073488596,2.6021960855585164,1.014239088505698,-0.025753337787390827,0.004292400650232465,-0.9270831700180154,-0.37394536600794265,odom_lidar,unilidar_lidar
1786135974.6534953,-25.15441340073141,2.6473375326630375,0.9216842514502052,-0.031095122579203098,-0.006233202283972837,-0.9305377209282207,-0.36482021664209396,odom_lidar,unilidar_lidar
1786135974.7806797,-24.980841716050836,2.6391045776297832,0.9494333858570627,-0.0350405331487665,-0.004195620401168523,-0.9350111266212842,-0.3528579755376043,odom_lidar,unilidar_lidar
1786135974.9084785,-24.775284704356093,2.541523378591494,0.9671158109649436,-0.041644058009310224,-0.0004894962396360526,-0.9378337906591779,-0.3445770072477067,odom_lidar,unilidar_lidar
1786135975.05079,-24.55864247684973,2.4157328910830613,0.9396595518527002,-0.04280796766112956,-0.004283915341144887,-0.9410410714495323,-0.33554556742593084,odom_lidar,unilidar_lidar
1786135975.1870813,-24.349992256063953,2.313978717457172,0.9064876694265798,-0.03650631356797769,-0.003817301799098799,-0.9433573764060724,-0.32974168322628417,odom_lidar,unilidar_lidar
1786135975.329223,-24.244435764409605,2.154495033922934,0.9430981774757247,-0.027127918272851347,-0.0006970684785467049,-0.9450525636593843,-0.3257901810468561,odom_lidar,unilidar_lidar
1786135975.4690323,-24.14889367051388,2.040851679125067,0.9425654151768017,-0.024387125016418217,0.0026090786254231706,-0.9455794100535291,-0.3244657765080627,odom_lidar,unilidar_lidar
1786135975.5976117,-24.290897340296162,1.8856364083414874,1.0009853306105465,-0.02561049504123497,0.006851382251759787,-0.9463754521428125,-0.3219792923255632,odom_lidar,unilidar_lidar
1786135975.7147512,-24.32520518243162,1.7545667336373214,1.030222826127216,-0.024503712462530212,0.008326846117748183,-0.9482398746036991,-0.3164986128261011,odom_lidar,unilidar_lidar
1786135975.8414762,-24.1908002243852,1.6762265096449374,1.039617428032486,-0.02433707250473901,0.003227973638256742,-0.9536324297934758,-0.2999707918019377,odom_lidar,unilidar_lidar
1786135975.9724832,-24.06324634005305,1.6674116684639653,0.9685178558689931,-0.028083484583583822,0.0038032088329904884,-0.9585775034873323,-0.28341845970968427,odom_lidar,unilidar_lidar
1786135976.1007566,-23.92310869318488,1.6487337765055934,0.9103924427517338,-0.03971078997560727,0.004419563636086804,-0.9606970165339014,-0.2747085055829922,odom_lidar,unilidar_lidar
1786135976.237046,-23.70457161121749,1.6135135360528627,0.9444719372571391,-0.037172612732991835,9.614728574691006e-05,-0.9602701594286388,-0.27658526448312354,odom_lidar,unilidar_lidar
1786135976.3803577,-23.483954163296477,1.6085013933848986,0.9419046662188473,-0.03519474263364819,-0.001543499101580113,-0.9597346885017931,-0.27869028577946703,odom_lidar,unilidar_lidar
1786135976.5145519,-23.27972393562584,1.6015605996279327,0.9189298170901652,-0.029507662245153124,0.005076323196093345,-0.9583615603121514,-0.28398353566306217,odom_lidar,unilidar_lidar
1786135976.6422837,-23.066844812514557,1.4600810858613715,0.9423467192775924,-0.022786813149092693,0.009218202018981197,-0.9543429757954432,-0.2976999671614757,odom_lidar,unilidar_lidar
1786135976.7642963,-22.96123915559015,1.3587222262439935,0.8877813213711837,-0.014796020071794348,0.001712477701880257,-0.9524252123830288,-0.3044082128118397,odom_lidar,unilidar_lidar
1786135976.8839836,-23.042172895596387,1.3049303073591143,0.9203404679084555,-0.015349417263418087,0.0014868584694787265,-0.9540334873274207,-0.2993030064991756,odom_lidar,unilidar_lidar
1786135977.0026758,-23.447998820517867,1.3976650645324287,0.9126653497858038,-0.031345897981637075,0.0006579914692408467,-0.95280844050792,-0.3019487993415714,odom_lidar,unilidar_lidar
1786135977.1463842,-23.855385671391524,1.6563513598023614,0.9141641597516861,-0.04547348755142857,0.00037388722496253335,-0.9496021703297408,-0.3101414842346946,odom_lidar,unilidar_lidar
1786135977.2788992,-24.285083812063945,1.9641727896437484,0.8545811902699936,-0.051414272138217657,-0.010528128041358189,-0.9444308419372606,-0.32449363004243864,odom_lidar,unilidar_lidar
1786135977.4232335,-24.655239166890514,2.3586626977960767,0.8591251016129401,-0.04385259060116163,-0.01758838168557843,-0.9389281956603712,-0.34085399003269556,odom_lidar,unilidar_lidar
1786135977.5584302,-24.926597426452037,2.8178353940605767,0.944599697745929,-0.03586520386627201,-0.008875436019385783,-0.9313078497733555,-0.3623542503374643,odom_lidar,unilidar_lidar
1786135977.6813078,-25.297040144317652,3.3496249926013775,1.0594781234155355,-0.033571789847912474,-0.0040921967548554145,-0.9234521314725811,-0.38222028953324,odom_lidar,unilidar_lidar
1786135977.8062174,-25.566084492862057,3.330424125370408,1.043975129598118,-0.033107383672001195,-0.003963572328051257,-0.9191450946655294,-0.39250539638722237,odom_lidar,unilidar_lidar
1786135977.928569,-25.532108337460734,3.1880439549826702,1.017318706233165,-0.027539581086641368,-0.0066764643851533,-0.9214799707376026,-0.387390836012306,odom_lidar,unilidar_lidar
1786135978.0515852,-25.485252812727747,3.103544498355665,1.0139078975955587,-0.024335980732311375,-0.0025565750566891674,-0.9256017413457139,-0.37770708278182746,odom_lidar,unilidar_lidar
1786135978.1871817,-25.39902756594805,3.014828859410176,1.0279730272645822,-0.021910468062595997,0.0028802350548213012,-0.9295147729317892,-0.36812215708494306,odom_lidar,unilidar_lidar
1786135978.3312788,-25.320617767434708,3.009042213476834,1.0656087829398977,-0.01896096397750468,0.00857000666499127,-0.932688600917399,-0.3600819497691472,odom_lidar,unilidar_lidar
1786135978.4646342,-25.15979458928729,3.029755826855347,1.0721463957647546,-0.027952129487794648,0.0010940790364796019,-0.9329777621609613,-0.35884533821868747,odom_lidar,unilidar_lidar
1786135978.5959697,-25.207757871809378,3.1099971323141857,1.0094752158882672,-0.035301102410903874,-0.002658191218918061,-0.9335838310202149,-0.35660622070518844,odom_lidar,unilidar_lidar
1786135978.7158544,-25.25130828775758,3.1685378614497597,0.9054557333294224,-0.0423907827113482,-0.0017001783248537959,-0.9349695667765577,-0.35218182823143934,odom_lidar,unilidar_lidar
1786135978.8427355,-25.269345881633736,3.194703999662938,0.921808879304719,-0.042861906507620076,-0.005407576893579646,-0.9363547181229114,-0.3483869356500549,odom_lidar,unilidar_lidar
1786135978.968632,-25.175779808920254,3.2555179800327756,0.9475587906942711,-0.03823474932076806,-0.000368211869089796,-0.9383232201406679,-0.34363862255172256,odom_lidar,unilidar_lidar
1786135979.104243,-25.07399835259917,3.3111924909350905,0.9852993050346415,-0.03355160872877769,0.004600130995876247,-0.9403509244078272,-0.33851627333390766,odom_lidar,unilidar_lidar
1786135979.2525723,-25.02958902345655,3.387507411930187,1.0158126348964562,-0.0352967600371668,0.007812095016818756,-0.9415542564075939,-0.33491594787807566,odom_lidar,unilidar_lidar
1786135979.396777,-24.953710476269034,3.324334430498274,1.0433381361428595,-0.03393409995735309,0.0011395665507645866,-0.9438762957650262,-0.3285494126323373,odom_lidar,unilidar_lidar
1786135979.5283546,-24.985479568761598,3.2214104493698996,1.0445402439969276,-0.03102794140753327,0.0002590999603447972,-0.9434974664560272,-0.32992382531469183,odom_lidar,unilidar_lidar
1786135979.6454616,-24.873708121655103,3.271636313160502,1.0432242781909977,-0.022556721934708045,0.006541822145056852,-0.9429344129836481,-0.3321492009169459,odom_lidar,unilidar_lidar
1786135979.7687926,-24.83206149989371,3.217287685222774,1.011971811567466,-0.021556524053554155,0.001906901132527154,-0.9417109016900204,-0.3357264625211546,odom_lidar,unilidar_lidar
1786135979.8923414,-24.93062293677282,3.287518784665695,0.9742004009572718,-0.032971292301137725,0.0016353147567375963,-0.9425976483933597,-0.3322948884243444,odom_lidar,unilidar_lidar
1786135980.0150104,-25.084453674463038,3.3408611980847036,0.9648434205009393,-0.040625946079800294,-0.003817109095256816,-0.9422173247347857,-0.3325078572799441,odom_lidar,unilidar_lidar
1786135980.1622972,-25.263809224556898,3.4038724128588327,0.9828811985231457,-0.03982556164708381,-0.006744027622149356,-0.9417650812873478,-0.33383674812513,odom_lidar,unilidar_lidar
1786135980.313887,-25.40685168224559,3.415482498414694,0.9162706523960551,-0.03221045879398372,-0.005204920862456601,-0.9421138539339026,-0.333701785084986,odom_lidar,unilidar_lidar
1786135980.4541247,-25.501871327381206,3.5033059387537584,0.9628403514904395,-0.028731216947416018,-0.002047644332963232,-0.9427436021364555,-0.33227221514322713,odom_lidar,unilidar_lidar
1786135980.584236,-25.603854142354166,3.614810925148285,1.0275403187210568,-0.027669935136903547,0.002946842661678075,-0.943084191391354,-0.3313878373681856,odom_lidar,unilidar_lidar
1786135980.708565,-25.674366787988472,3.736371088157547,1.0290281153596543,-0.032249114631751674,0.001921988673752498,-0.9411724309625867,-0.3363788872105101,odom_lidar,unilidar_lidar
1786135980.8342712,-25.58041401687053,3.859444764225762,0.9749816151811365,-0.03603260107881618,-0.0022672404947781818,-0.940504021847527,-0.33785898858645197,odom_lidar,unilidar_lidar
1786135980.9532876,-25.47962693046342,3.889883936602027,0.9313421820949601,-0.04045174832803053,-0.007051694109280398,-0.9401413057313325,-0.33830201732354476,odom_lidar,unilidar_lidar
1786135981.0821402,-25.38100600299538,3.840376993379238,0.9747198709966571,-0.043973599131304414,-0.003817007436494999,-0.9403354770582152,-0.3373735965059625,odom_lidar,unilidar_lidar
1786135981.2350993,-25.37248425846032,3.7076751000569304,0.9661752418611711,-0.03873330622972324,-0.0007391579953933631,-0.9409704306635387,-0.3362645286836644,odom_lidar,unilidar_lidar
1786135981.368487,-25.383911370832053,3.5371540011138376,1.0024842196052954,-0.03256794626052021,0.003234593985096661,-0.9431560809333903,-0.33073474760976,odom_lidar,unilidar_lidar
1786135981.4907012,-25.46383967322558,3.486305088952317,1.0580725894080902,-0.024224050537354904,0.008575322800111413,-0.9472626102618191,-0.3194263708813074,odom_lidar,unilidar_lidar
1786135981.6153777,-25.48296178215192,3.471448587605521,1.124964563052202,-0.024568003763137804,0.008604382629327494,-0.9514608490734978,-0.30666696997068527,odom_lidar,unilidar_lidar
1786135981.7268212,-25.43781234022028,3.5079595711571754,1.0738562259552298,-0.026692053980169748,0.007821624536870127,-0.9537371906303269,-0.29935217996950614,odom_lidar,unilidar_lidar
1786135981.8453577,-25.37661878700911,3.547608116485976,0.9900344745399318,-0.02949973069102972,0.009660618126024853,-0.954239095743734,-0.29742929664167395,odom_lidar,unilidar_lidar
1786135981.9759731,-25.232593085599454,3.629885538106157,0.9989164929938605,-0.03336077661610699,0.006035567107028587,-0.953386550394412,-0.2998411513456922,odom_lidar,unilidar_lidar
1786135982.1008816,-25.105990926014762,3.701361879723583,1.029785132849409,-0.03583682542119698,0.004142020483725395,-0.9517142075542898,-0.30485838146482575,odom_lidar,unilidar_lidar
1786135982.2404332,-25.124371007169344,3.7092713783288036,1.0441138255808449,-0.036698985193529404,-0.0012180243648484512,-0.9515567460628628,-0.30527276315562163,odom_lidar,unilidar_lidar
1786135982.380097,-25.151664453497574,3.8418548617258983,1.0322140770882906,-0.03011618920771188,-0.001932189209565553,-0.9505815681621446,-0.30900479618100135,odom_lidar,unilidar_lidar
1786135982.5161202,-25.2468102319438,3.9860429459974336,1.005984453202268,-0.02930073920946537,-0.004794641326706376,-0.9512458295796707,-0.3070013840418499,odom_lidar,unilidar_lidar
1786135982.6352847,-25.39176964986542,4.063714776080856,1.0077546988275075,-0.029197713390512015,-0.0029006723116863143,-0.9536430868706353,-0.2995061643718739,odom_lidar,unilidar_lidar
1786135982.7518737,-25.408882133698746,4.034807575550969,0.9658994463350977,-0.029794273984328223,-0.0038574108565575765,-0.9552116583857334,-0.2943944790637343,odom_lidar,unilidar_lidar
1786135982.8761084,-25.375907564962528,3.9938158405948574,1.030089377917218,-0.0321723908459556,0.00039609871211973135,-0.9566141261867499,-0.28957588634592185,odom_lidar,unilidar_lidar
1786135982.9965546,-25.268381596040175,3.9396020653080845,1.016238027678762,-0.03199397059780117,0.009782439458805707,-0.9585341760517659,-0.28300693112428227,odom_lidar,unilidar_lidar
1786135983.1314957,-25.18531705518063,3.7981238729745956,1.0038236752284253,-0.031200629386499767,0.012482426707338233,-0.9615411922168124,-0.27259722195879604,odom_lidar,unilidar_lidar
1786135983.2689013,-25.0757251523895,3.692060031303456,0.945087187306273,-0.031648193758468286,0.002893901872563378,-0.962934827358626,-0.26785543754718066,odom_lidar,unilidar_lidar
1786135983.4016476,-24.959842616368753,3.646826428486431,0.9793627364145041,-0.03175451076772105,-0.0015428834698685218,-0.9617975238180241,-0.2719095322603064,odom_lidar,unilidar_lidar
1786135983.5341985,-24.94940479570682,3.476976737817244,0.9981340529820457,-0.031925059249479526,-0.0005085707779595394,-0.9602079648238568,-0.2774548544115023,odom_lidar,unilidar_lidar
1786135983.668121,-24.865737552014675,3.373779947940705,0.9588332311649956,-0.030329958650816564,-0.0010285444678776409,-0.9592088922247365,-0.2810646487580948,odom_lidar,unilidar_lidar
1786135983.7976499,-24.97776523675861,3.4315039720715594,0.998729226121723,-0.03168315682592935,0.0034660387219625126,-0.9574555644641487,-0.28681528241319354,odom_lidar,unilidar_lidar
1786135983.9210596,-25.111359065045082,3.4907992069151903,1.0071813584694955,-0.032556983368599315,0.008805016368756555,-0.9559313091655488,-0.29164678410317285,odom_lidar,unilidar_lidar
1786135984.0538967,-25.422401710850878,3.6826933648274727,0.9737028322874995,-0.03699344369480783,0.010819549039823273,-0.9545679311294903,-0.29549024914764743,odom_lidar,unilidar_lidar
1786135984.2043526,-25.664961790382346,4.133921624947775,1.0123844841523275,-0.035121817700734984,0.00621262621939823,-0.9548766772500621,-0.2948531709863999,odom_lidar,unilidar_lidar
1786135984.3415122,-25.907500949207076,4.433640459320877,1.0552406116328474,-0.03425527906338993,0.00201214353551255,-0.9547905206070804,-0.2952923786580725,odom_lidar,unilidar_lidar
1786135984.4652433,-25.927020859950954,4.604123718031867,1.0766223440390923,-0.03280815989288737,-0.0007704705919670214,-0.953216009054383,-0.30050336287959273,odom_lidar,unilidar_lidar
1786135984.5905395,-26.047271428059165,4.614885862016808,1.008177437851165,-0.04351408357288303,-0.005565258971972667,-0.9512674330118318,-0.3052307705891844,odom_lidar,unilidar_lidar
1786135984.715467,-25.92631322293807,4.566058723603772,0.9212779631143123,-0.04278781999062977,-0.006274677257081289,-0.9479257929597059,-0.31554163263740936,odom_lidar,unilidar_lidar
1786135984.8355007,-25.810274216608565,4.568773077939936,0.9053917425391111,-0.03879884506918196,-0.0015739763234054616,-0.9446821438811759,-0.32568054785617206,odom_lidar,unilidar_lidar
1786135984.9584348,-25.813342521994887,4.612153708020533,0.9828275453998101,-0.029105854206460658,0.005758550038128338,-0.9435942698971292,-0.32977195479554383,odom_lidar,unilidar_lidar
1786135985.0906634,-25.849233060433775,4.614114785098601,1.0558141459311563,-0.027349095890514562,0.002506784483488788,-0.9456331451647563,-0.3240735992816073,odom_lidar,unilidar_lidar
1786135985.2263412,-25.91631844346486,4.635423595184881,1.0859330848892312,-0.027127450323582814,0.0013838828297811267,-0.9486759961539454,-0.3150810064548074,odom_lidar,unilidar_lidar
1786135985.3715966,-26.05303726833636,4.695759029824583,1.0746302083101957,-0.031867356232050045,0.00522006128636646,-0.9507452166761049,-0.3082868072663063,odom_lidar,unilidar_lidar
1786135985.5021298,-26.11273447156705,4.682344142798328,1.0462837394909799,-0.034085236103805205,0.004451406479081997,-0.9530743449365973,-0.3007784478379093,odom_lidar,unilidar_lidar
1786135985.613132,-26.053746049693125,4.705075174592865,1.0028088076118,-0.03933262672707687,0.0023924144337393104,-0.9553282211565961,-0.29290819498556153,odom_lidar,unilidar_lidar
1786135985.757347,-25.982442175756937,4.74197644113457,0.9687251459292086,-0.041028067783724274,-0.0007696701234424211,-0.9571523569281875,-0.2866626429946026,odom_lidar,unilidar_lidar
1786135985.8737285,-25.774375056789033,4.597734334173142,0.9507528223641419,-0.03899237677003515,-0.004479808348263876,-0.9595657204897122,-0.27873491695883046,odom_lidar,unilidar_lidar
1786135986.01023,-25.595698813879967,4.464847297633272,0.9851697572599634,-0.03177482288618785,-0.0017056344620944015,-0.9604402489693376,-0.2766622120950925,odom_lidar,unilidar_lidar
1786135986.1413546,-25.5011426152887,4.479390655434101,1.1032964500464661,-0.025991876437758386,0.007210258824711738,-0.9602606437135873,-0.2777983633171585,odom_lidar,unilidar_lidar
1786135986.2674303,-25.474531914092708,4.356666172643357,1.1503614030229106,-0.02415131781663838,0.010275646431214135,-0.9599576052835639,-0.27891310653389095,odom_lidar,unilidar_lidar
1786135986.4040754,-25.57748792907921,4.311394374683756,1.1310904620899336,-0.024465508383109787,0.013056141559477477,-0.9612811695471339,-0.2741705475451902,odom_lidar,unilidar_lidar
1786135986.5193584,-25.578811566231035,4.400509199691041,1.1156811284792807,-0.02560033789279574,0.0137141916592873,-0.9629501959343268,-0.26811091696711803,odom_lidar,unilidar_lidar
1786135986.6336493,-25.55308293520785,4.449366086919214,1.0519327962241267,-0.027892991236154168,0.011523294814063646,-0.9645537160859212,-0.2621551515827378,odom_lidar,unilidar_lidar
1786135986.7583785,-25.50129058319392,4.506841502337278,1.045738187430838,-0.030806186298022134,0.008664876656676767,-0.9658259922762169,-0.2572081869652618,odom_lidar,unilidar_lidar
1786135986.8892233,-25.460133511451655,4.537263957172182,1.0404490951721859,-0.03529414279718856,0.005953318558591814,-0.9668563528411858,-0.25279967257295266,odom_lidar,unilidar_lidar
1786135987.020288,-25.507986659284985,4.367448748688206,1.06629137297273,-0.03936532406635369,0.0026175412663997913,-0.9682339690777294,-0.2469139543704576,odom_lidar,unilidar_lidar
1786135987.1504204,-25.57558863242033,4.14346968297281,0.9877554234431187,-0.04217093586976109,0.0008657256474351894,-0.9686721957515965,-0.24473463151902455,odom_lidar,unilidar_lidar
1786135987.2943122,-25.57382562213756,4.05351576255386,0.9348681840749645,-0.04591270317866291,-0.0014372860244652032,-0.9683111495267838,-0.24548620245918223,odom_lidar,unilidar_lidar
1786135987.4256399,-25.543579704047314,3.954517559451919,0.9393225524601052,-0.0412781214746474,-0.0016943122724216904,-0.9687639136893131,-0.2445193765876501,odom_lidar,unilidar_lidar
1786135987.5555184,-25.480449616871624,3.8669931050421145,0.9782361515020647,-0.03716760272569602,0.0005724940372445659,-0.9692479768575658,-0.24326241163755224,odom_lidar,unilidar_lidar
1786135987.683579,-25.366286481355367,3.8081980100612842,1.0229853166337224,-0.034589922585721376,0.003474150825248273,-0.969169235256587,-0.2439312627846616,odom_lidar,unilidar_lidar
1786135987.8167424,-25.261430671113764,3.7474377246910375,1.0701998198672147,-0.03190290510857476,0.006760115747775443,-0.9690412604082783,-0.24473565556952542,odom_lidar,unilidar_lidar
1786135987.945133,-25.22330139495365,3.8003879666323552,1.1019863262566412,-0.028063347317035275,0.010859211870784669,-0.9687360233074732,-0.2462621432565944,odom_lidar,unilidar_lidar
1786135988.0841994,-25.108611831875763,3.9349005419570844,1.0669121381779116,-0.020480636703770472,0.010507919409583828,-0.9687365630221051,-0.24702145375252105,odom_lidar,unilidar_lidar
1786135988.2292798,-24.980270477009956,4.193817776258225,1.0378250447326143,-0.017115338357734284,0.004164133637217397,-0.9686827229002662,-0.2476762151246616,odom_lidar,unilidar_lidar
1786135988.3704193,-25.017117388929524,4.42698690294413,1.0621934529871497,-0.01448142403619658,0.005021207826846796,-0.9696078715842863,-0.24418364235065756,odom_lidar,unilidar_lidar
1786135988.4897418,-25.244025304376056,4.500683298619792,1.116223274455078,-0.024245087705296015,0.011027781047583462,-0.9712136589987163,-0.23671626970205145,odom_lidar,unilidar_lidar
1786135988.6203742,-25.480171155416247,4.344262385405264,1.0602823164737472,-0.032946079803857296,0.003933258930270567,-0.9714530558537497,-0.23490007571764843,odom_lidar,unilidar_lidar
1786135988.7364557,-25.732076507305475,4.125155357390418,0.9770110112613506,-0.04117742888685974,-0.0039762353001574005,-0.9717220280848952,-0.23247560955438631,odom_lidar,unilidar_lidar
1786135988.867265,-25.893089952144557,4.0403366275316985,0.9514917294869195,-0.047108999012655,-0.0036066929463626166,-0.9719534946007669,-0.2303782505172171,odom_lidar,unilidar_lidar
1786135988.9786346,-25.922431342986314,4.139463737361863,1.015715540670724,-0.0426131212649294,0.005410979227224205,-0.9740266693636251,-0.22232159267211585,odom_lidar,unilidar_lidar
1786135989.123357,-25.866499840778527,4.226420197585534,1.035462954557442,-0.04195868152308071,0.008681754238068249,-0.9755461776506865,-0.2155777155907579,odom_lidar,unilidar_lidar
1786135989.25493,-25.724350753921346,4.206915457843311,1.0371677626770375,-0.0401264175398317,0.006459189876018637,-0.976836421004974,-0.21009225611563598,odom_lidar,unilidar_lidar
1786135989.3921988,-25.195697339764532,4.155965597899513,1.0043322974608342,-0.03639761434146133,0.0044596640235037375,-0.9734578873791402,-0.22590942115456114,odom_lidar,unilidar_lidar
1786135989.5228515,-24.683592691390086,4.047184387128211,0.9742042415024234,-0.03323411401656863,-0.0010184998849311934,-0.9694675494623729,-0.24295498937650906,odom_lidar,unilidar_lidar
1786135989.6532226,-24.355553007162836,3.9648565509126086,0.9848589840194926,-0.03278414249502923,0.0018464488310664098,-0.9664610732177641,-0.25470528966306877,odom_lidar,unilidar_lidar
1786135989.7710161,-24.40898124681601,3.9497047473022526,1.0058692860066794,-0.02815999139435011,0.008572266367196789,-0.9632725017676032,-0.266907509209432,odom_lidar,unilidar_lidar
1786135989.8944893,-24.727427037120844,4.094428114913789,1.0254527529364266,-0.024483813900594467,0.012702895717457571,-0.9650611246676424,-0.26056900228633817,odom_lidar,unilidar_lidar
1786135990.025087,-24.92586553086009,4.21727571762361,1.0851737063716627,-0.021553002122424232,0.014599125695305963,-0.9674359518859444,-0.25177373299647465,odom_lidar,unilidar_lidar
1786135990.1634898,-24.970108756264835,4.236069881085916,1.0894962953204241,-0.023402200830911185,0.013969092202181442,-0.9683784822905631,-0.24799257346933237,odom_lidar,unilidar_lidar
1786135990.2914743,-24.903144346190903,4.214770374941592,1.0175286989319066,-0.03059192357161844,0.012190482987845199,-0.9644557657167399,-0.26218429074307326,odom_lidar,unilidar_lidar
1786135990.4245346,-24.88985675066426,4.169020748537291,0.9783908329213858,-0.03881215199827013,0.0049250476212698655,-0.9589982227023811,-0.28069871680658876,odom_lidar,unilidar_lidar
1786135990.552512,-24.933768643396753,4.306473201724043,0.9679512643309005,-0.03986391955922881,0.008152194579816403,-0.9533481568064107,-0.2991182066587182,odom_lidar,unilidar_lidar
1786135990.6694627,-25.163419161799514,4.487292158541451,0.9870697801186936,-0.04217519453053249,0.00881430521419584,-0.9490750950564982,-0.31208977063242826,odom_lidar,unilidar_lidar
1786135990.7839882,-25.59186718250002,4.715852669384887,1.0040711103440059,-0.04112689404576319,0.004068780972726997,-0.9478221771869029,-0.3161093861944374,odom_lidar,unilidar_lidar
1786135990.9112756,-26.092772608055906,4.97809965591872,1.0220399311044963,-0.037084922271513485,-0.0026592194382448267,-0.948181750199319,-0.3155455683115374,odom_lidar,unilidar_lidar
1786135991.0555391,-26.356824132751317,5.184063023254535,1.0481847747949236,-0.02950633441160426,-0.003430901875506178,-0.9471568714089885,-0.31939233880080503,odom_lidar,unilidar_lidar
1786135991.1888611,-26.56990588047078,5.4169676603062955,1.0985129545929322,-0.024421090600455067,0.003239260194506989,-0.9442903618037114,-0.32819023466869424,odom_lidar,unilidar_lidar
1786135991.3334396,-26.70687545418293,5.597347050470405,1.1631330554943002,-0.02144493909250804,0.01163781199531587,-0.9400349037268795,-0.3402044322087486,odom_lidar,unilidar_lidar
1786135991.4664054,-26.832863250320475,5.717749149107795,1.2301438098111634,-0.02857100782431473,0.0181207439478675,-0.9387890640796817,-0.34282711286459583,odom_lidar,unilidar_lidar
1786135991.5858932,-26.796231132380512,5.66220528571985,1.206513157438202,-0.033366864136260256,0.004195529869312375,-0.9332361837782227,-0.3576860008357712,odom_lidar,unilidar_lidar
1786135991.7187667,-26.806816508331234,5.651598698188544,1.062811713164097,-0.036694145482211456,-0.0039168479140411884,-0.9274040831285858,-0.3722363020799771,odom_lidar,unilidar_lidar
1786135991.8464928,-26.849671889397936,5.64433682934304,1.0260855288904642,-0.032997646772696815,-0.006171300963952469,-0.9281585682879189,-0.3706679679519091,odom_lidar,unilidar_lidar
1786135991.9893644,-26.82082381079983,5.6817500838759925,1.1282762840532001,-0.0284406771872284,-0.0003875487872318506,-0.9295890783453356,-0.3674984668105966,odom_lidar,unilidar_lidar
1786135992.116316,-26.817076860352888,5.7385133996031765,1.1561317082285478,-0.029101171849851924,0.00727906664053119,-0.9313472985967487,-0.3628944011449431,odom_lidar,unilidar_lidar
1786135992.2642107,-26.817820935742706,5.783835495144075,1.1435517180272767,-0.028296353636073017,0.009385830871688127,-0.9331372068672951,-0.35828225703996774,odom_lidar,unilidar_lidar
1786135992.3983252,-26.801692102178738,5.870506576660563,1.152701306137829,-0.029198723255051424,0.005112366869188414,-0.9337941799929925,-0.3565806047396359,odom_lidar,unilidar_lidar
1786135992.511633,-26.702564559953622,5.944629146487424,1.1245650014903044,-0.03164051319964837,0.0015178270408784046,-0.9339689352537519,-0.3559474709932771,odom_lidar,unilidar_lidar
1786135992.6338286,-26.66125592299303,6.0974175591393625,1.0764402693064248,-0.03566179483871124,0.0038551825367761534,-0.9345906595074085,-0.3539119567321749,odom_lidar,unilidar_lidar
1786135992.762047,-26.669416036840726,6.223233191888644,1.025056226810453,-0.03832325318417873,0.0011531539997696617,-0.9348808247233411,-0.352885026695438,odom_lidar,unilidar_lidar
1786135992.8885522,-26.661461590533072,6.313859852654757,1.0396011985750675,-0.03624758623523526,0.00259531286359278,-0.9367373099785979,-0.348141621954801,odom_lidar,unilidar_lidar
1786135993.0216281,-26.65500121719106,6.2384707622663695,1.0842436950778567,-0.036692662254413595,0.00860106108056452,-0.9401848161112563,-0.3385737465291943,odom_lidar,unilidar_lidar
1786135993.147163,-26.66955238453456,6.053857892104271,1.0965158817033167,-0.03275967886134959,0.0097728511840212,-0.9437812413749568,-0.32879821053251196,odom_lidar,unilidar_lidar
1786135993.293508,-26.696019988254303,6.009982565138319,1.1280886264756194,-0.029237184711452466,0.009938193064274502,-0.9455168621483413,-0.3241053574717953,odom_lidar,unilidar_lidar
1786135993.4303608,-26.702940993504043,5.875623798078598,1.138444093551259,-0.025823701878953543,0.008239390936871241,-0.9475816310878831,-0.3183619030020451,odom_lidar,unilidar_lidar
1786135993.5530953,-26.63365648863831,5.789722457907071,1.192350106238022,-0.024265373786735576,0.010671667919863985,-0.9495869256840601,-0.31238114173024834,odom_lidar,unilidar_lidar
1786135993.682872,-26.610515404747257,5.744852700191215,1.2178515280779434,-0.02240678351066648,0.011337806898074796,-0.9510505629747713,-0.3080133387579483,odom_lidar,unilidar_lidar
1786135993.805489,-26.571420847332348,5.718612196492655,1.2196071059990221,-0.018770080064281717,0.01414139278108035,-0.9520687898930342,-0.3049798754282078,odom_lidar,unilidar_lidar
1786135993.931731,-26.571394454178424,5.640635574749483,1.1963992657654785,-0.024524285746665965,0.011163185915179404,-0.9529087664356323,-0.30205765267405604,odom_lidar,unilidar_lidar
1786135994.0694692,-26.50284303138493,5.639729286570333,1.139486999153439,-0.03522248053897655,0.012331807907083476,-0.9538890828217321,-0.2978303561625965,odom_lidar,unilidar_lidar
1786135994.2031307,-26.483311525828455,5.6043619296697145,1.0536620456229688,-0.04333382653745978,0.008812722230654988,-0.9544984255768868,-0.29491909225370777,odom_lidar,unilidar_lidar
1786135994.3363342,-26.42946936784051,5.508787943257191,1.0343828717820642,-0.042356648212018226,0.0015140040434388163,-0.9564205192416276,-0.2889003504974947,odom_lidar,unilidar_lidar
1786135994.4583132,-26.50979642957707,5.617361074013804,1.0276039121890974,-0.04331030756663751,0.004949501024823215,-0.9566424439259388,-0.2879842950188358,odom_lidar,unilidar_lidar
1786135994.5761027,-26.55768132451452,5.7297257986585945,1.068914380490091,-0.038589297162229454,0.002899034927657412,-0.9570379967821437,-0.2873686386094258,odom_lidar,unilidar_lidar
1786135994.6999547,-26.597936161503053,5.811999597519613,1.0921184556383272,-0.03305019178056421,0.0018794304455028248,-0.957087913422318,-0.28790081372823867,odom_lidar,unilidar_lidar
1786135994.8247259,-26.65102653897708,5.9113977848778765,1.11635314778567,-0.028327233171253657,0.004524101236328997,-0.9565000051417886,-0.29031851565586303,odom_lidar,unilidar_lidar
1786135994.958162,-26.693254699696777,5.995388635612889,1.1501024491763967,-0.026009435499532586,0.006318081156184882,-0.9553910962961747,-0.294128278534202,odom_lidar,unilidar_lidar
1786135995.0917063,-26.687405205114466,6.022502131519027,1.1467192648261022,-0.03023027101674545,0.005879969192256611,-0.953400749072073,-0.3001309186761043,odom_lidar,unilidar_lidar
1786135995.2285552,-26.81919615517267,6.037038474530839,1.116882061538059,-0.03246431731429993,0.004382466218039191,-0.9527136030935179,-0.30209874639218764,odom_lidar,unilidar_lidar
1786135995.3652933,-26.94053251316687,6.044003230500325,1.078719795307386,-0.035527779092946375,0.005183431531959272,-0.9510512023915455,-0.30694057955876713,odom_lidar,unilidar_lidar
1786135995.4955575,-27.06368386234699,6.069870793572453,1.064934275736859,-0.0364158178672321,0.0017833225151844805,-0.9504966629577969,-0.30858840171976615,odom_lidar,unilidar_lidar
1786135995.6096146,-27.119191959970763,6.210476664633543,1.1053535322429757,-0.038123192665397966,0.0021785971993969738,-0.9495506904099262,-0.31128019891614106,odom_lidar,unilidar_lidar
1786135995.7381291,-27.170188823842405,6.361148046301483,1.162420726838876,-0.0383708958050073,0.004143814608261181,-0.9485957565533424,-0.31412830786894347,odom_lidar,unilidar_lidar
1786135995.8572197,-27.12752225520533,6.577178439882352,1.1157228726955333,-0.03483209152438917,0.003359007022257627,-0.9468335400557727,-0.3198150870382988,odom_lidar,unilidar_lidar
1786135995.9853883,-27.121265883695024,6.721116414594379,1.08637240089502,-0.032462750776847626,0.0025022345858618806,-0.9456355603360936,-0.32359433811783517,odom_lidar,unilidar_lidar
1786135996.1479504,-27.096880913944844,6.843064751120172,1.081434401001695,-0.03203122767935637,0.0009888260427700151,-0.9446709622465911,-0.3264502960092244,odom_lidar,unilidar_lidar
1786135996.2762322,-27.09739199379905,6.970244656545729,1.1187267084252785,-0.03433439052509265,-0.00022571009069855783,-0.943470576727362,-0.3296731252801239,odom_lidar,unilidar_lidar
1786135996.4179392,-27.159409676280593,6.946300563791711,1.1587314904755122,-0.035659637354321684,0.002598217693078636,-0.9454139337013064,-0.32390451292317557,odom_lidar,unilidar_lidar
1786135996.5505185,-27.181501412050448,6.904616602548973,1.1999119755580634,-0.03401945034456932,0.006165700403661563,-0.9491365458682588,-0.31296082571794237,odom_lidar,unilidar_lidar
1786135996.6608677,-27.222532619568714,6.91674219955354,1.1866007037820319,-0.03326982805103244,0.007345323685186013,-0.9519464269542818,-0.3043635408034132,odom_lidar,unilidar_lidar
1786135996.7832873,-27.28928699949298,6.723991923957098,1.1419476439080904,-0.03545241540862338,0.007586230528462225,-0.954817037774674,-0.2949745747064655,odom_lidar,unilidar_lidar
1786135996.9056094,-27.32756728752859,6.5402592604589564,1.0956867869762617,-0.038846194224539526,0.007435740512578125,-0.957915914467468,-0.2843110686681989,odom_lidar,unilidar_lidar
1786135997.0545323,-27.33678653347197,6.3923662096598495,1.0668177473907512,-0.04060768211798175,0.0038092767263965435,-0.9599940886913121,-0.27703403264141385,odom_lidar,unilidar_lidar
1786135997.1866508,-27.210817032581268,6.385844106987616,1.1277370331361545,-0.03395634149181775,0.005166034257718042,-0.9611756770055293,-0.2737911556195734,odom_lidar,unilidar_lidar
1786135997.327882,-27.037362323802345,6.320686048621998,1.1400596740980302,-0.02870867172741475,0.0104528127766541,-0.962390568491266,-0.26994618825195815,odom_lidar,unilidar_lidar
1786135997.4555075,-26.87128233610214,6.263814478611111,1.210834406569875,-0.024176859857724966,0.013275523372370536,-0.9626985970596716,-0.2691665862360139,odom_lidar,unilidar_lidar
1786135997.583366,-26.675577144819528,6.309756083148427,1.1834099829418079,-0.023424640031735874,0.016426083379292467,-0.9638194813204869,-0.26501599470844756,odom_lidar,unilidar_lidar
1786135997.7023659,-26.61841077495353,6.293150410183477,1.1775790621406328,-0.026959123827500184,0.013002165171870965,-0.9668232450735784,-0.2536867401514956,odom_lidar,unilidar_lidar
1786135997.8196173,-26.597368973670452,6.195080230770119,1.174193234755325,-0.031141982236561932,0.008408166158020435,-0.9697905760116567,-0.2417968535014792,odom_lidar,unilidar_lidar
1786135997.9392169,-26.6277393266414,5.985065574652247,1.1657765507780637,-0.033096020897652866,0.002243176219102572,-0.9716633439529595,-0.23402984335196395,odom_lidar,unilidar_lidar
1786135998.072502,-26.622610195401386,5.9572502132151115,1.1174823618947112,-0.03615653810443031,0.0029600116472137,-0.9711067401209126,-0.2358720890124254,odom_lidar,unilidar_lidar
1786135998.209116,-26.70774144078946,5.8721426077822345,1.0604883213525393,-0.035732970036302374,0.00571931872974373,-0.9690568426236957,-0.24417059612051192,odom_lidar,unilidar_lidar
1786135998.339655,-26.747298559270305,5.847486151455135,1.100316132991523,-0.023459423409941744,0.008240572346345966,-0.9686379302076393,-0.2472292632026763,odom_lidar,unilidar_lidar
1786135998.4624548,-26.643386648355516,5.925107625027284,1.156924521173281,-0.019850452155591104,0.007152933313053639,-0.9688140273534753,-0.24688899428159478,odom_lidar,unilidar_lidar
1786135998.5778584,-26.591951821905248,6.1861995384966635,1.2233899703373265,-0.015084504554330845,0.009412821287552555,-0.9694123663849544,-0.24479281120507193,odom_lidar,unilidar_lidar
1786135998.6977239,-26.467685702750973,6.319932540850557,1.1759384660202425,-0.02205766042326225,0.009657548312820135,-0.9706760402920213,-0.2391823910329522,odom_lidar,unilidar_lidar
1786135998.8088062,-26.52208856084501,6.389678153030383,1.086642787243872,-0.03438835710112716,0.006755232965280314,-0.9728266563583634,-0.22886700155784098,odom_lidar,unilidar_lidar
1786135998.955485,-26.572964812655897,6.258956469807337,1.0638514600377453,-0.0420452614157748,0.006600531718755144,-0.9765644157679242,-0.2109752848780204,odom_lidar,unilidar_lidar
1786135999.0921972,-26.567276375529524,6.218716434023204,1.0749590636073547,-0.04844783811508587,0.006038879801047465,-0.9797432304839936,-0.19421519310679874,odom_lidar,unilidar_lidar
1786135999.2254913,-26.514269622595002,6.131297707059201,1.105776073736416,-0.03857086888914097,0.0033392659880124576,-0.9833370781205175,-0.177621305504721,odom_lidar,unilidar_lidar
1786135999.3480077,-26.180235164370885,5.810503254031343,1.1233382357523762,-0.024670759329204164,0.0036773513777358644,-0.9817333217850422,-0.18862002973669592,odom_lidar,unilidar_lidar
1786135999.4754481,-25.86734807115844,5.607111874741861,1.144484867542838,-0.021039255057363055,0.003120442536951657,-0.980296328967469,-0.19638411340510414,odom_lidar,unilidar_lidar
1786135999.5955212,-25.82120783753679,5.5467990093713455,1.1013343934189943,-0.016252963534531355,0.012207077091479938,-0.979027609569416,-0.2027110459398379,odom_lidar,unilidar_lidar
1786135999.716858,-26.101043167965344,5.736824729790839,1.153514665013274,-0.02311776640866742,0.0129994662888764,-0.9772349221069938,-0.21049581888250524,odom_lidar,unilidar_lidar
1786135999.841506,-26.37607830525652,5.930477874773369,1.2205744144124901,-0.028263627463026308,0.0021712738407793086,-0.974600876430811,-0.22214766393737986,odom_lidar,unilidar_lidar
1786135999.975073,-26.676755684455944,6.198747960295826,1.1142494837764934,-0.03184062695160858,0.0013544024473973537,-0.971674628585563,-0.2341639516075161,odom_lidar,unilidar_lidar
1786136000.101507,-27.007915092700447,6.480961636505791,1.028243382702706,-0.03438667480226679,0.000909697726647973,-0.9683413457011011,-0.2472483918084604,odom_lidar,unilidar_lidar
1786136000.2473896,-27.371749115242267,6.766947407885173,1.0319305432416295,-0.03725858764680459,0.0020173867150667193,-0.9643233241412565,-0.26208444119131574,odom_lidar,unilidar_lidar
1786136000.384189,-27.706121351950266,6.9918206476100435,1.0820420751480546,-0.039094777565505695,0.0012473448836470052,-0.9601069042988233,-0.2768840457945799,odom_lidar,unilidar_lidar
1786136000.5085287,-27.971531927192196,7.199229310965642,1.1806723250337108,-0.04056035848106559,0.0011300661385676366,-0.9555991963932344,-0.2918625637573526,odom_lidar,unilidar_lidar
1786136000.6340544,-27.85199778588196,7.233905399422141,1.21565304957993,-0.04012736767136876,0.0007362129484521538,-0.9477186376264103,-0.31657327153409875,odom_lidar,unilidar_lidar
1786136000.7667685,-27.750862692356836,7.18619271718527,1.2185468362422194,-0.031898619923046496,-0.0013500675738912133,-0.9411047967753035,-0.33660424366170105,odom_lidar,unilidar_lidar
1786136000.89034,-27.654174274157917,7.1729475482315195,1.2043390227526345,-0.0254971330374816,0.0010918401722425078,-0.9366763701295374,-0.34926505942172514,odom_lidar,unilidar_lidar
1786136001.016711,-27.700816733515005,7.270731754539891,1.1915220951746632,-0.022536326027480028,0.0009053756645290217,-0.936005872998876,-0.35126101408454274,odom_lidar,unilidar_lidar
1786136001.1609576,-27.864483056224024,7.412580035376864,1.1730696213628289,-0.03362319056896865,0.0030743131485268904,-0.9390136576177142,-0.34221832280290027,odom_lidar,unilidar_lidar
1786136001.2947063,-27.877131055155164,7.389408344151911,1.1208522384021857,-0.03862963008198679,0.0005460466858768203,-0.943545659529506,-0.32898182608736243,odom_lidar,unilidar_lidar
1786136001.4225388,-27.889650218400504,7.157663103291188,1.1310174664230306,-0.03492487582261592,-0.0012425060902963433,-0.9483735470774632,-0.31522424467528065,odom_lidar,unilidar_lidar
1786136001.545519,-27.675669620355176,7.024990515436238,1.1882258467386562,-0.031152009403607725,0.003141305358162263,-0.9497059830262985,-0.31157379593736145,odom_lidar,unilidar_lidar
1786136001.6696365,-27.32498678533967,6.967135139535666,1.2536585724901321,-0.022389165596538526,0.0007076674674882595,-0.950318332017387,-0.31047269171754477,odom_lidar,unilidar_lidar
1786136001.7915926,-27.12225644907561,7.007585771234959,1.249753360835265,-0.029536963125491415,0.002747823354856763,-0.948778303103299,-0.31454689449517464,odom_lidar,unilidar_lidar
1786136001.9222357,-26.944665559119027,7.005967062816566,1.188320424672957,-0.034436160780050275,0.004229123471024872,-0.9476910491741228,-0.31729787370962254,odom_lidar,unilidar_lidar
1786136002.0582318,-26.75437200868283,6.996851381352857,1.1576151457264339,-0.0349590181944702,0.006340204715806612,-0.9471782985782813,-0.3187333361187574,odom_lidar,unilidar_lidar
1786136002.192381,-26.79224034132664,6.862175107617997,1.1458608043910075,-0.030971658844853433,0.005502153506106824,-0.946733786621785,-0.3204771753557027,odom_lidar,unilidar_lidar
1786136002.3225532,-26.900117018101703,6.7824912197294545,1.1113350949025147,-0.028238554511729713,0.004870321753667687,-0.9471602722129645,-0.3194781412656689,odom_lidar,unilidar_lidar
1786136002.4425347,-27.08914799364499,6.759327056914812,1.1574082393614336,-0.031035900877746114,0.0028577939687964523,-0.9497177721603206,-0.3115521771921617,odom_lidar,unilidar_lidar
1786136002.5644739,-27.06386135881436,6.758337941740619,1.1369168029327088,-0.030572666386973934,0.001721008327012827,-0.951849958731109,-0.30503115621836935,odom_lidar,unilidar_lidar
1786136002.678602,-27.006430838109154,6.725606070114662,1.1496448634534515,-0.028707580458501945,0.0017788679204337012,-0.9541446873622859,-0.2979607793510186,odom_lidar,unilidar_lidar
1786136002.7927814,-26.98904620834675,6.6369735032440245,1.1784519170898573,-0.02510696322070053,0.0025598377890608858,-0.9558387255200967,-0.29280611063371836,odom_lidar,unilidar_lidar
1786136002.9202862,-27.02530843538951,6.614841006953633,1.2316615463813776,-0.024255481740093884,0.0029849992661235406,-0.95745498172734,-0.28754602996813616,odom_lidar,unilidar_lidar
1786136003.0616004,-27.11466031804243,6.630137777223598,1.2284665243859956,-0.023702316503241526,0.006961746175946845,-0.958364198919122,-0.284478112537101,odom_lidar,unilidar_lidar
1786136003.1945765,-27.253197719958642,6.535579351864881,1.215197829895951,-0.022149411071966055,0.011233890854323516,-0.9591643455726229,-0.2817569191123452,odom_lidar,unilidar_lidar
1786136003.3287466,-27.24594174101508,6.494711805341737,1.1382313307661933,-0.034718109346606886,0.012410599396395678,-0.9577809963507344,-0.2851248725302894,odom_lidar,unilidar_lidar
1786136003.4586601,-27.02995218051471,6.525849077633343,1.0452327217610953,-0.040276728972442354,0.004368445377962585,-0.9564468703500849,-0.28908145216493586,odom_lidar,unilidar_lidar
1786136003.575642,-26.83574938132375,6.5764866540024345,1.009042132910643,-0.0430574019830319,-0.0021891069575798406,-0.9551902039684298,-0.2928360329398512,odom_lidar,unilidar_lidar
1786136003.694083,-26.68072429035238,6.707223072503099,1.0746842368927019,-0.03824570068379208,-0.0018672577210864481,-0.9548552317016564,-0.29459339133759416,odom_lidar,unilidar_lidar
1786136003.8256662,-26.850091751095498,6.838833077246049,1.1509471998109073,-0.03043850240161537,0.004626025688530846,-0.9558575115710459,-0.29221313288605616,odom_lidar,unilidar_lidar
1786136003.96601,-27.090722241899844,6.852259315988458,1.2277245449888707,-0.025137961105416294,0.00916046646487066,-0.9561072850897027,-0.2917927829196718,odom_lidar,unilidar_lidar
1786136004.1125875,-27.347931901637217,6.836309526461111,1.2254158011525358,-0.02329748871886321,0.010308839487890836,-0.9565184520134661,-0.2905570611869036,odom_lidar,unilidar_lidar
1786136004.2714708,-27.659516245925932,6.926141274313164,1.2413161273798867,-0.023050739531477182,0.007322532627896684,-0.9573155275124017,-0.2880312911935398,odom_lidar,unilidar_lidar
1786136004.3937058,-27.75898510973627,7.041281298396438,1.2223915445527194,-0.029248050719190094,0.0018978573668649787,-0.954159531883439,-0.2978599291319989,odom_lidar,unilidar_lidar
1786136004.5139954,-27.679159659870418,7.220741335981805,1.141341849066766,-0.0342009818510303,-0.00311883935972434,-0.950030576523173,-0.3102619366801563,odom_lidar,unilidar_lidar
1786136004.6347816,-27.53960558934297,7.506043101951088,1.088948281239096,-0.039386628563239705,-0.005560043417364097,-0.9451779087931672,-0.3241242047996322,odom_lidar,unilidar_lidar
1786136004.7732062,-27.451799080752444,7.831418480391947,1.127853090759851,-0.038776717696568375,-0.0032307859129026037,-0.941580517864264,-0.3345325941751121,odom_lidar,unilidar_lidar
1786136004.8952444,-27.522351875773523,8.112361401954669,1.2346862370742757,-0.03348408185823776,-0.001271516827796546,-0.9367288335741847,-0.34844840630689505,odom_lidar,unilidar_lidar
1786136005.0315561,-27.786607071096167,8.426427469437986,1.2852814437925602,-0.02488690112052301,0.0030508353817322847,-0.9313625620062904,-0.3632287332372951,odom_lidar,unilidar_lidar
1786136005.162531,-28.084611021885934,8.70672904114606,1.3135522727962359,-0.027720975566546763,0.002091407511599769,-0.9246017314137314,-0.3799194806731942,odom_lidar,unilidar_lidar
1786136005.298429,-28.643407396251217,8.609040778629257,1.2650725858716232,-0.03355403730143975,-0.0034385909787080647,-0.924111760093283,-0.3806307364495794,odom_lidar,unilidar_lidar
1786136005.4273448,-28.682072748143288,8.35929291959264,1.1532824966273223,-0.044857732718138484,-0.0013908607617896666,-0.9289839147140203,-0.3673890792121387,odom_lidar,unilidar_lidar
1786136005.5433726,-28.418162341158062,8.145781203642658,1.1898392175316803,-0.039819339782727024,0.002638180641921539,-0.936439697644783,-0.348551506749169,odom_lidar,unilidar_lidar
1786136005.6575668,-28.134472740717786,7.9086877680567085,1.2260295925630378,-0.033751241904238394,0.0038624829635688814,-0.944059158476843,-0.3280217068903719,odom_lidar,unilidar_lidar
1786136005.773515,-27.744610779313934,7.737347928659271,1.2368853111665905,-0.030442382362350147,0.0023799948366729556,-0.9480365277586633,-0.3166928149105683,odom_lidar,unilidar_lidar
1786136005.8988795,-27.4220789742374,7.680544255323766,1.210898193299355,-0.03157726168127272,0.0019754313705013502,-0.9508826075069963,-0.307930578144342,odom_lidar,unilidar_lidar
1786136006.032955,-27.0800289801071,7.611541447322115,1.155762890078557,-0.03187487092373599,0.003487303335894457,-0.9538671767814496,-0.2985117089462746,odom_lidar,unilidar_lidar
1786136006.1606388,-26.846481100062448,7.4028388351728704,1.1263134807936923,-0.03544847054687325,0.0012890982257012414,-0.9576250495705799,-0.28582513639740725,odom_lidar,unilidar_lidar
1786136006.2914705,-26.838481056942054,7.256775017535326,1.1186570544477503,-0.038197049059599766,0.002740985209429374,-0.9618784148629841,-0.27078291575336416,odom_lidar,unilidar_lidar
1786136006.4169934,-26.814466340482497,7.048728731896048,1.1544527777281264,-0.03336585947774808,0.004699873775082817,-0.9655869975056646,-0.2578883108165338,odom_lidar,unilidar_lidar
1786136006.5278769,-26.787235555658576,6.878700151937517,1.1351641126449765,-0.029406400930142004,0.004379756084508246,-0.9691555142710877,-0.2446500980562232,odom_lidar,unilidar_lidar
1786136006.6520715,-26.803758800973814,6.710498121376248,1.1391201024962065,-0.028431638821974463,0.0034143498680316987,-0.9722728805950956,-0.232089271161315,odom_lidar,unilidar_lidar
1786136006.7766473,-26.908492112084026,6.634271744261396,1.158835987033198,-0.029340491395457177,-0.0009991300524147394,-0.9728082359331885,-0.2297439300707838,odom_lidar,unilidar_lidar
1786136006.9169421,-26.982299324486558,6.603619797693739,1.1416647096448425,-0.02808051398968242,0.003168273385114117,-0.9727134592929411,-0.2302823764168516,odom_lidar,unilidar_lidar
1786136007.052634,-27.02280834741959,6.7285241457609475,1.1494189720463992,-0.03296381007646794,0.005043581822457194,-0.971446532654618,-0.23490334970145324,odom_lidar,unilidar_lidar
1786136007.1990414,-27.091640166312327,6.970040744711773,1.1134008256474897,-0.0370757622305137,0.0013284290931899773,-0.9709608829779752,-0.23634421265984426,odom_lidar,unilidar_lidar
1786136007.3296015,-27.0654974316515,7.1481286630231295,1.0879092783891702,-0.03451993287004964,-0.003193034065988663,-0.9693809415840117,-0.24310238349673977,odom_lidar,unilidar_lidar
1786136007.4452035,-26.931757362737553,7.266120896107074,1.1274310853759806,-0.029986513141553425,-0.002795276113180951,-0.9686204717863045,-0.24671314739498465,odom_lidar,unilidar_lidar
1786136007.56356,-26.915713036982915,7.2915787764430355,1.16716442728514,-0.030941038505247237,0.0024901518806245758,-0.9664346367856075,-0.25503047680796775,odom_lidar,unilidar_lidar
1786136007.6857026,-27.032607266119086,7.200440935647409,1.184802935879995,-0.03432649672927342,0.00833650811242535,-0.9676626116942824,-0.24976241547476147,odom_lidar,unilidar_lidar
1786136007.8330045,-27.1105115600427,7.080573398309375,1.208463052077686,-0.02946178154372119,0.003447259493367807,-0.9693600820551481,-0.2438465729681103,odom_lidar,unilidar_lidar
1786136007.9620762,-27.232394937670623,6.942804618469527,1.2956234931878228,-0.023484817662805482,0.00236889349499763,-0.9700095483669041,-0.24191801867572607,odom_lidar,unilidar_lidar
1786136008.1079504,-27.376475232158956,6.913637095833657,1.3144505837942961,-0.021039415796284062,0.005382783983685514,-0.9703674184457557,-0.24065627321650276,odom_lidar,unilidar_lidar
1786136008.2547271,-27.507710324570535,7.027880163437986,1.2573603639266164,-0.021408883228631975,0.0072132439041866,-0.9684156778064982,-0.2483157341165929,odom_lidar,unilidar_lidar
1786136008.386,-27.68021257998266,7.281650330076884,1.206329970054194,-0.028052423955685753,0.014845503670877315,-0.9681341326954803,-0.24841290956980983,odom_lidar,unilidar_lidar
1786136008.5022898,-27.798608919747284,7.577769790691979,1.2012340067924412,-0.034204180290767626,0.013416145527138405,-0.9678718690112278,-0.24874510300012745,odom_lidar,unilidar_lidar
1786136008.6294446,-27.936018429803113,7.82342196398819,1.2062587255607056,-0.03847562540086203,0.006247871663665442,-0.9676826356148508,-0.2491403361143736,odom_lidar,unilidar_lidar
1786136008.7422943,-27.940243743007876,7.883475497790749,1.262113012792987,-0.0344597097610204,0.0050647561785546824,-0.9652302947070627,-0.25907017355873857,odom_lidar,unilidar_lidar
1786136008.8721235,-27.92617040146831,7.950496308794883,1.2248529528090628,-0.026394906016320697,0.005565953401846293,-0.9629047593058598,-0.2684897644329152,odom_lidar,unilidar_lidar
1786136009.014489,-27.865424811581914,8.007013756599385,1.1583766217372997,-0.020912525850888514,0.00699822979968823,-0.9623680113107127,-0.2708532847282283,odom_lidar,unilidar_lidar
1786136009.1413724,-27.892116737529655,8.035929628277737,1.1687765734713436,-0.030111324965206344,0.004641353785801476,-0.9613641101622467,-0.2735887673787552,odom_lidar,unilidar_lidar
1786136009.271535,-27.946805308351326,8.07834252025027,1.1988833555087872,-0.03716539067002858,0.00432093146928841,-0.9607384327869165,-0.2749213106576522,odom_lidar,unilidar_lidar
1786136009.3800724,-27.87740698063104,8.090761206325196,1.193496712650413,-0.03634022666576388,0.00541713105567892,-0.9603866635281414,-0.2762381203496201,odom_lidar,unilidar_lidar
1786136009.5076094,-27.823839878525554,8.07050940234883,1.1837824693617627,-0.03358164722160135,0.0050062484053020285,-0.960165151497336,-0.2773627449692664,odom_lidar,unilidar_lidar
1786136009.6351628,-27.804053201265358,8.053766095247244,1.2140466235113605,-0.02933722349359938,0.004484028534704645,-0.9612342523425159,-0.27413123304233544,odom_lidar,unilidar_lidar
1786136009.7554698,-27.86595882121652,7.961635002805142,1.2057637503307417,-0.03422679894688084,-0.0009942057091624679,-0.9610652827728197,-0.27419164837328236,odom_lidar,unilidar_lidar
1786136009.8771706,-27.942354851180166,7.869250541988338,1.1991236746222553,-0.040075432358981165,-0.006627825964480064,-0.9609850645982143,-0.2736014204337971,odom_lidar,unilidar_lidar
1786136010.005365,-28.032608133602142,7.813124466199077,1.1786695450911646,-0.04002931964285959,-0.008608856019704549,-0.9608903487759987,-0.27388552133346034,odom_lidar,unilidar_lidar
1786136010.1476853,-28.12060114203119,7.9801322202467535,1.1922658903236778,-0.03537884975864738,-7.041138150436395e-05,-0.9630429642413424,-0.2670141963589973,odom_lidar,unilidar_lidar
1786136010.2759795,-28.208834583553696,8.129559761419808,1.2067109333402737,-0.03219061239155252,0.009479544775522467,-0.9652375420477092,-0.25921109182749613,odom_lidar,unilidar_lidar
1786136010.3923721,-28.256738534285834,8.204458958036863,1.236355512316593,-0.029294458251310843,0.013059121163657532,-0.9667434833164906,-0.25372885436089704,odom_lidar,unilidar_lidar
1786136010.5107026,-28.344408635270185,8.208753866321407,1.244601813528859,-0.026640721945197527,0.0075423814492063205,-0.96766491072448,-0.250714987523478,odom_lidar,unilidar_lidar
1786136010.6288087,-28.377827900238454,8.244830468736609,1.2364160076904667,-0.03471790869543719,-0.0003283797815537259,-0.9657812324696466,-0.2570236759365659,odom_lidar,unilidar_lidar
1786136010.7466764,-28.364090582722667,8.311838375280292,1.2051865915400675,-0.03657754607649321,0.0020920231850192032,-0.9615939177352074,-0.2720199329767415,odom_lidar,unilidar_lidar
1786136010.87293,-28.29984193083856,8.521116031345592,1.201040382886921,-0.038397460951769,0.007483595019308297,-0.9575791677187532,-0.2855026590928785,odom_lidar,unilidar_lidar
1786136011.0246267,-28.14737273249863,8.62166773622952,1.2356251905776896,-0.03636953606218137,0.012032230697327142,-0.9541227341329642,-0.29695503107660093,odom_lidar,unilidar_lidar
1786136011.1549053,-28.110067879115366,8.862684372831266,1.2440288961734882,-0.028186629726897026,0.005339323846400249,-0.9541712307133612,-0.2978829770303297,odom_lidar,unilidar_lidar
1786136011.2893589,-28.095894148310702,9.131999743795602,1.2861643527847297,-0.022579406854644726,0.003532839042777463,-0.954708501532176,-0.2966637263579379,odom_lidar,unilidar_lidar
1786136011.4131017,-28.255693533439576,9.327536121113745,1.4033277296130122,-0.021081311143737458,0.0052929725730715155,-0.9541279724990329,-0.2986090669364991,odom_lidar,unilidar_lidar
1786136011.549383,-28.536223939321914,9.395079021015043,1.404452495524406,-0.027080988970012834,0.007165479192118324,-0.953933330198456,-0.2987080137539616,odom_lidar,unilidar_lidar
1786136011.671011,-29.0872296780855,9.314055455964485,1.356902963669958,-0.033481441915581785,0.006034525014557664,-0.9489837340375364,-0.313484369765506,odom_lidar,unilidar_lidar
1786136011.8054702,-29.582465327052713,9.303301074810022,1.228932180547642,-0.03430052392991128,0.0018089946326232337,-0.9418013208351845,-0.33441063629863027,odom_lidar,unilidar_lidar
1786136011.935382,-29.86375557181383,9.446574095447671,1.2238225624268395,-0.0357362217041271,0.0002771257296593117,-0.9344924473402103,-0.35418457267891795,odom_lidar,unilidar_lidar
1786136012.0745847,-29.292606568171394,9.847383042765522,1.2661290508046072,-0.030464539846681297,-4.436836697406499e-05,-0.9344157622613998,-0.354878983712512,odom_lidar,unilidar_lidar
1786136012.202672,-28.689289747498087,10.178937489019557,1.2712115064905865,-0.03525377880352798,0.00020808153899338003,-0.9371350991291868,-0.34718141333065977,odom_lidar,unilidar_lidar
1786136012.3260002,-28.352144184952763,10.175712616619986,1.2420731133674152,-0.036840225980752456,-0.0024716513569327547,-0.9401221712213667,-0.33883180468675095,odom_lidar,unilidar_lidar
1786136012.4447424,-28.105629326054835,9.995764938431378,1.233025605586457,-0.038488906363787746,4.776697768242577e-05,-0.9405236544279731,-0.3375408971764549,odom_lidar,unilidar_lidar
1786136012.5696597,-28.09260738796539,9.630909999455499,1.237642057875255,-0.03479389998454628,0.0011086658425951117,-0.9403549093704907,-0.33840921944700514,odom_lidar,unilidar_lidar
1786136012.683751,-28.10503213944577,9.266494633385115,1.283894181469768,-0.029618490445068476,0.0036522291775090286,-0.9423784558395634,-0.333215023993863,odom_lidar,unilidar_lidar
1786136012.8028066,-28.07886212187293,8.939483079707806,1.2752088065472096,-0.024033622595302007,0.0031544361764442794,-0.9451784768217337,-0.325653314846176,odom_lidar,unilidar_lidar
1786136012.9338114,-28.051175701860544,8.723157224216402,1.2306022651757969,-0.029202740764270898,0.0067672997990082225,-0.946899892373722,-0.32012809531173436,odom_lidar,unilidar_lidar
1786136013.0559175,-28.159322386068997,8.527587311482495,1.2381199978054152,-0.03445645098764401,0.009125221684690554,-0.9499710791108499,-0.31029732865029447,odom_lidar,unilidar_lidar
1786136013.1946118,-28.148147970534097,8.321743549284406,1.2256899491323243,-0.03401985899706334,0.008113597875944113,-0.9526811508634759,-0.30195271734622703,odom_lidar,unilidar_lidar
1786136013.31493,-28.172487077685915,8.13303220779038,1.234565875202549,-0.033986422492111465,0.006199725493754633,-0.9553908850056064,-0.2933167968906551,odom_lidar,unilidar_lidar
1786136013.4352124,-28.10456919656925,7.8649858630734055,1.2060545057108922,-0.03260529049090142,0.0026557051958937387,-0.9569966098770143,-0.2882487310393891,odom_lidar,unilidar_lidar
1786136013.5556736,-28.03629816998819,7.7914075681462425,1.220544356809315,-0.026029650686590737,0.006094346131937874,-0.958614633742916,-0.28344893756070655,odom_lidar,unilidar_lidar
1786136013.6749587,-27.87548296311838,7.991517354083019,1.2290678283320977,-0.02858910419606436,0.00891045106130974,-0.95820396649566,-0.2845143679590453,odom_lidar,unilidar_lidar
1786136013.8027892,-27.807206878256643,8.201662184350512,1.2214136236236328,-0.030753686312963206,0.008466006791076989,-0.9577749610642272,-0.2857440488717047,odom_lidar,unilidar_lidar
1786136013.944896,-27.746142341537283,8.40286570834818,1.2050272476125203,-0.03202954623977162,0.007714370013385635,-0.9575468973417186,-0.28638878479126795,odom_lidar,unilidar_lidar
1786136014.0782785,-27.814360843449673,8.612916108818848,1.217884251433837,-0.03481389769932803,0.005885111240165213,-0.9549565361218639,-0.2946376963506244,odom_lidar,unilidar_lidar
1786136014.21958,-28.015611777111946,8.826964926259643,1.200472331482904,-0.0322543784433541,0.006358405794019862,-0.9514150741988504,-0.3061512409483055,odom_lidar,unilidar_lidar
1786136014.3424077,-28.247808951590525,8.924029919221038,1.2571750219371245,-0.026694488654362008,0.007087449874313714,-0.9488368656141446,-0.31455647311935386,odom_lidar,unilidar_lidar
1786136014.4639804,-28.502488465653734,8.832655347720047,1.2964249014101519,-0.02223287099210319,0.01231366866066826,-0.947347472203732,-0.3191971803145556,odom_lidar,unilidar_lidar
1786136014.5836556,-28.760308113790515,8.708747145036108,1.385865446125225,-0.02091421785823788,0.019455782850399436,-0.9457831262313502,-0.32354033155251366,odom_lidar,unilidar_lidar
1786136014.7205164,-29.10400506034567,8.551366300210981,1.3104411299360001,-0.029164475454398226,0.016893774939087988,-0.9504348892350658,-0.3090914995021788,odom_lidar,unilidar_lidar
1786136014.857042,-29.104490772185596,8.633449360831921,1.2099808181868164,-0.04245117779914634,0.009520660015769363,-0.9550982155037525,-0.2930778962628825,odom_lidar,unilidar_lidar
1786136015.006398,-28.77425687821805,8.657388751513972,1.1698297708109422,-0.049242804345506916,0.007202310719221802,-0.9579785273956981,-0.28248967058861435,odom_lidar,unilidar_lidar
1786136015.1506095,-28.290751570250045,8.623551457168995,1.1980292136254183,-0.036143343591770745,0.002814392797876145,-0.960450759031662,-0.2760798387834411,odom_lidar,unilidar_lidar
1786136015.2850697,-27.881956993164238,8.560943092373101,1.2736502628170985,-0.025035681972701274,0.00013204329854361267,-0.9603935713596433,-0.2775200628491545,odom_lidar,unilidar_lidar
1786136015.4316947,-27.5234348831551,8.481718684755783,1.219007369554134,-0.023243653953529838,0.0032145348469885893,-0.9585994551179726,-0.283789506437663,odom_lidar,unilidar_lidar
1786136015.5615113,-27.506852058518035,8.564512823696859,1.243605363705494,-0.026033626887896892,0.013908677670378573,-0.9572250539860107,-0.2878350134677891,odom_lidar,unilidar_lidar
1786136015.6920402,-27.743610039478277,8.698787929100579,1.3355275792857126,-0.03267504791159139,0.013262501056592478,-0.9591064423943673,-0.28084030954853983,odom_lidar,unilidar_lidar
1786136015.825502,-27.963706183738424,8.665278466153564,1.338652825939037,-0.033195554046293825,0.003800114667521638,-0.9610297870155632,-0.2744182260508484,odom_lidar,unilidar_lidar
1786136015.9619408,-28.274649950322488,8.337791918111089,1.162503895836602,-0.04262561213748764,-0.00662474934375644,-0.9600189362122,-0.27659141707586066,odom_lidar,unilidar_lidar
1786136016.1009254,-28.44997492983737,8.073089609239789,1.1416982382531522,-0.04821533256514167,-0.011551607880461804,-0.959057904828828,-0.2788364704380461,odom_lidar,unilidar_lidar
1786136016.2284923,-28.593988097383416,7.943338434683374,1.2241126370059052,-0.04184469019785157,0.00016164004955383264,-0.9593022421656242,-0.27926368176106664,odom_lidar,unilidar_lidar
1786136016.3484306,-28.517297014079734,7.95608514935692,1.2236592100709764,-0.03128636868318365,0.016064185222311532,-0.9596681913237002,-0.27892663488677694,odom_lidar,unilidar_lidar
1786136016.4725504,-28.387935842834096,8.174013430674036,1.274490189119312,-0.01919838198407744,0.019808346448593805,-0.9603891546545271,-0.27729356855529264,odom_lidar,unilidar_lidar
1786136016.6062903,-28.21362924298889,8.434813298877685,1.3563399344318359,-0.017668110706441448,0.020912314808656504,-0.9617171243922554,-0.2726732212816285,odom_lidar,unilidar_lidar
1786136016.734964,-28.022167367320254,8.61038073160135,1.3757929860652804,-0.02630065390147445,0.017979288140269133,-0.9622966528229957,-0.27012991831336053,odom_lidar,unilidar_lidar
1786136016.8505328,-27.90705139662401,8.919643339059737,1.2655878997675016,-0.031380733238359916,0.0034763651527824164,-0.9612006125666743,-0.2740374917200151,odom_lidar,unilidar_lidar
1786136016.9867735,-27.988731377151723,8.950614740462656,1.2007682558550947,-0.03499009663265567,0.0026538860212205855,-0.9576678034499599,-0.2857289419396515,odom_lidar,unilidar_lidar
1786136017.131445,-28.04330905882745,9.020122973694464,1.1477720904490134,-0.03712188679794964,0.00229165523244184,-0.9546386693899194,-0.29543480624716506,odom_lidar,unilidar_lidar
1786136017.2631369,-28.280239944535527,9.034704331666378,1.1628589335071502,-0.03831684093458194,-0.0007762342496525768,-0.9519145060769261,-0.30395721784735724,odom_lidar,unilidar_lidar
1786136017.3867357,-28.63020489562271,9.33248369747232,1.260490458066478,-0.036009995678652255,0.0006489737276922102,-0.9529187871021754,-0.3010791328405928,odom_lidar,unilidar_lidar
1786136017.5067203,-29.06114919553728,9.478132688072359,1.3510928186339335,-0.03430267468574044,0.005686464745161681,-0.9539276971174296,-0.2980149984486419,odom_lidar,unilidar_lidar
1786136017.640107,-29.390606756702244,9.428112735362285,1.3742848349904988,-0.0342367790853566,0.008746716145620784,-0.9540964757310781,-0.2974075535558313,odom_lidar,unilidar_lidar
1786136017.767656,-29.637782841201435,9.34195256412427,1.3417406930280116,-0.025156026624966937,0.006248123720798111,-0.9547455511395021,-0.29629220012302404,odom_lidar,unilidar_lidar
1786136017.8962817,-29.622012445790357,9.387796599958273,1.3747576372034866,-0.023022422453503933,0.004032736931576962,-0.9540264869241064,-0.29880958375604527,odom_lidar,unilidar_lidar
1786136018.0481296,-29.555515140110145,9.448030572850843,1.3787439662737193,-0.024452559205880717,0.0028135637920842916,-0.9529370246930593,-0.3021674753778287,odom_lidar,unilidar_lidar
1786136018.1790075,-29.396464645319142,9.545058444474567,1.2841085180074263,-0.02780759813663004,0.007530560858970706,-0.9533831542307221,-0.30038406976419446,odom_lidar,unilidar_lidar
1786136018.3066323,-29.287539678979208,9.659749952597137,1.2723347769687479,-0.03009930612355796,0.012607009070903931,-0.954929290884316,-0.29503414125206584,odom_lidar,unilidar_lidar
1786136018.4201238,-29.24405986192233,9.650863128952775,1.3003820364520766,-0.03475743262740338,0.01149680707087174,-0.9575610842823232,-0.2858959848832933,odom_lidar,unilidar_lidar
1786136018.5425715,-29.201142738538707,9.63114690604397,1.3247937724996484,-0.03705101147472372,0.009893133770757333,-0.9598900800611349,-0.2777415753053945,odom_lidar,unilidar_lidar
1786136018.658395,-29.221917855992675,9.632745466307327,1.3827073795093099,-0.02976416240332622,0.0079393012302088,-0.9614578193982365,-0.2732213821251778,odom_lidar,unilidar_lidar
1786136018.7892535,-29.13955262247881,9.470624376749054,1.344795347818147,-0.022227432293079656,0.011947091349732061,-0.9605829810860139,-0.27684570560123306,odom_lidar,unilidar_lidar
1786136018.9127564,-29.011956755623803,9.27300507434195,1.3490314031094888,-0.017895144318085275,0.011482646963050484,-0.9597360686333818,-0.2800974673086098,odom_lidar,unilidar_lidar
1786136019.066742,-28.939255410274555,9.24404167909296,1.3917289828621398,-0.021616606027341796,0.012014476722166162,-0.9576027273198062,-0.2870285548906593,odom_lidar,unilidar_lidar
1786136019.203099,-28.94135676701078,9.228425432542153,1.4037745645119186,-0.02825718489988347,0.009670851910036235,-0.9564136020021871,-0.2904841269847116,odom_lidar,unilidar_lidar
1786136019.327771,-28.965530707293798,9.1343561667308,1.3269285995659075,-0.03613005873793512,0.004587729723460791,-0.9528423986923701,-0.30127219394718197,odom_lidar,unilidar_lidar
1786136019.4452045,-28.938053797226157,9.162216792255741,1.193134231161163,-0.04063060580570974,0.002763859073133089,-0.9500589433751403,-0.3094018730838535,odom_lidar,unilidar_lidar
1786136019.5651658,-28.773512097390388,9.427410426742659,1.2207507396538455,-0.03790416928457878,-0.006574426822342722,-0.953688855586933,-0.29832468485207536,odom_lidar,unilidar_lidar
1786136019.693409,-28.555707701217536,9.535966224000862,1.2283578517628493,-0.03193621814738312,0.006167161411200869,-0.9575926373046016,-0.2862837492254648,odom_lidar,unilidar_lidar
1786136019.8177485,-28.447564855380985,9.457610081267061,1.3050868523370327,-0.03247531379314916,0.005051668638911298,-0.9591982479405624,-0.28081765575859857,odom_lidar,unilidar_lidar
1786136019.9599106,-28.338870817463366,9.345565129730991,1.3252878264983603,-0.02538385056367914,0.0022095361827137406,-0.9606859933085587,-0.2764655500078912,odom_lidar,unilidar_lidar
1786136020.1147244,-28.292868592626167,9.16858838128286,1.2330541637035388,-0.02920806330661027,0.002042977403677976,-0.9594725984293629,-0.28027673493247995,odom_lidar,unilidar_lidar
1786136020.2638547,-28.497939644891154,8.931647117084244,1.2070173808806985,-0.03327853700092078,0.0025470925392426236,-0.9592010127171203,-0.28074805163549327,odom_lidar,unilidar_lidar
1786136020.3968596,-28.91753540810621,8.717715335267096,1.189741658635375,-0.03681814797948472,0.003329305827455863,-0.9616395603591231,-0.2718137149857981,odom_lidar,unilidar_lidar
1786136020.5309415,-29.374881101000618,8.759200415583786,1.248821802577859,-0.04320175841044358,0.001660666263187224,-0.9640681837857125,-0.26211330998239263,odom_lidar,unilidar_lidar
1786136020.6587977,-29.588880296660747,8.68646830269784,1.2595900383014316,-0.03947656381537216,-0.0009314539149526265,-0.9651637065789326,-0.25864986527302,odom_lidar,unilidar_lidar
1786136020.774878,-29.455041735806418,8.691165640042072,1.272962947898237,-0.03307387071867782,0.0023452244096372633,-0.9633641908810648,-0.2661391642096747,odom_lidar,unilidar_lidar
1786136020.9011962,-29.281671105414564,8.82352324338171,1.288806851302357,-0.029798635271055647,0.0011368954166116872,-0.9603541521778104,-0.2771834251892299,odom_lidar,unilidar_lidar
1786136021.0397594,-29.15015808843125,8.99676163064549,1.2946050789788661,-0.030213886329429108,0.006258562253549446,-0.9580053221379502,-0.28508552089987527,odom_lidar,unilidar_lidar
1786136021.1788878,-29.08905090293981,9.381949239131664,1.2998506324491337,-0.03325425954256984,0.0026352711658771694,-0.9600408077402931,-0.2778648179268535,odom_lidar,unilidar_lidar
1786136021.2990913,-29.015458710432902,9.743129751448846,1.2914068745835425,-0.02948326496331913,0.0018458032030667145,-0.9618273268545662,-0.27205794127986394,odom_lidar,unilidar_lidar
1786136021.4294796,-28.97893124593259,9.969535320934188,1.2706105198511586,-0.030268214892328265,0.0026495300758215285,-0.961019714080488,-0.27480524795983485,odom_lidar,unilidar_lidar
1786136021.5457861,-28.848207616464638,10.029944213282203,1.3029206575074044,-0.03419341234452765,0.00532120032484548,-0.958621652597062,-0.2825721545931552,odom_lidar,unilidar_lidar
1786136021.6592107,-28.83653804411651,9.95086798652387,1.322863157251863,-0.030247958711548752,0.01070292673413909,-0.9561352948361456,-0.2911628518916951,odom_lidar,unilidar_lidar
1786136021.7788603,-28.87860677608398,9.937556777961063,1.324229531497937,-0.030764976528250963,0.009622098907570428,-0.9563778514662744,-0.2903486467276571,odom_lidar,unilidar_lidar
1786136021.9123328,-29.0438739519203,9.880308123302651,1.2547716783446834,-0.03254558188748542,1.0872244193062782e-05,-0.958978468293943,-0.28160447853328335,odom_lidar,unilidar_lidar
1786136022.0596473,-29.234342786157647,9.814040317669777,1.2394051983258758,-0.037785042334338714,-0.003304848191216807,-0.961536780415468,-0.27204482803847163,odom_lidar,unilidar_lidar
1786136022.1926646,-29.34094669941335,9.75765426185925,1.273700941320571,-0.03553528685497699,-0.0015863108193669134,-0.9644894798389928,-0.2617150555203655,odom_lidar,unilidar_lidar
1786136022.3198845,-29.40758457674446,9.771697353727673,1.2442631858539683,-0.037946942331596456,0.002234809168730894,-0.9651715002380541,-0.2588416703776382,odom_lidar,unilidar_lidar
1786136022.4322665,-29.477687826716387,9.793193241412112,1.2354237748381176,-0.04329674797359145,0.007627330251758718,-0.9647962237129715,-0.2592980180358727,odom_lidar,unilidar_lidar
1786136022.5688684,-29.500248896323207,9.775318060785857,1.2462277379159254,-0.04083630953677354,0.008069920312393801,-0.9638937597423409,-0.26301348280904296,odom_lidar,unilidar_lidar
1786136022.6815333,-29.424354542174093,9.693115408251481,1.2764951741517636,-0.027399650419684216,0.00657340212663594,-0.9627970703509656,-0.2687523969473736,odom_lidar,unilidar_lidar
1786136022.8069549,-29.32907162730234,9.529007886724106,1.3498681585008372,-0.01990898416716291,0.007419975589000162,-0.9618069954570999,-0.2729026929172312,odom_lidar,unilidar_lidar
1786136022.9469957,-29.236611267435286,9.540657056554137,1.3977124383288624,-0.020645790573445417,0.013387524740304505,-0.9633908329441314,-0.2669693400226659,odom_lidar,unilidar_lidar
1786136023.07952,-29.18882719763387,9.727748327084432,1.3782918784500504,-0.027939835311047455,0.014281554151704479,-0.9651874972712435,-0.25966997886755566,odom_lidar,unilidar_lidar
1786136023.215379,-29.146590200040688,9.93660516058772,1.368629048184367,-0.03458616588298322,0.012657020485649054,-0.9671727823993682,-0.2514366837750707,odom_lidar,unilidar_lidar
1786136023.339626,-29.129048283662044,10.199037862645628,1.3196418190050665,-0.043189791581105266,0.008619439396227172,-0.9684132978134381,-0.24543029924150894,odom_lidar,unilidar_lidar
1786136023.4700973,-29.008354628301102,10.387129096994165,1.2342001364608843,-0.035678945449155154,0.0059856565847448825,-0.9679729047890916,-0.24843437837999383,odom_lidar,unilidar_lidar
1786136023.5928338,-28.951636468841805,10.396055377225256,1.2534831747377086,-0.031514180600041096,0.006247394749893649,-0.9682787340407397,-0.24779854657444886,odom_lidar,unilidar_lidar
1786136023.7128596,-29.061875549977394,10.296162151230106,1.3213475913666952,-0.028677699059843017,0.0008370249495607645,-0.966897811909839,-0.2535458741329316,odom_lidar,unilidar_lidar
1786136023.84565,-29.250464279036876,10.270446670408914,1.3648021386433515,-0.030111102411469932,-0.002781369171420381,-0.966425638058693,-0.2551608739598345,odom_lidar,unilidar_lidar
1786136023.9741273,-29.581391210427682,10.113936447830335,1.3071608636156928,-0.032733849917776746,0.00186541204517074,-0.9654445380462561,-0.25853792616193383,odom_lidar,unilidar_lidar
1786136024.1237757,-29.87706701994929,10.041726039059734,1.3027346665096216,-0.02621911369601502,0.013431227720518552,-0.9658633066069233,-0.25737178001726546,odom_lidar,unilidar_lidar
1786136024.253876,-30.23118304859784,10.018884256032287,1.3782363524232029,-0.025016896660854698,0.020135560787363144,-0.9682555974403265,-0.24789072612486912,odom_lidar,unilidar_lidar
1786136024.3816867,-30.07285467957248,10.060104007292392,1.3844964973642229,-0.022833154683098,0.012950433600478303,-0.9693757299514978,-0.244175403138355,odom_lidar,unilidar_lidar
1786136024.4959173,-30.008353339054334,10.216283652412647,1.4322410084131376,-0.027133495757383806,0.004266351961274651,-0.970224151374696,-0.24064635409284232,odom_lidar,unilidar_lidar
1786136024.6264722,-29.828290656930736,10.316841264958928,1.3936495860617804,-0.031918033350600984,-0.002095183108297187,-0.9700264701571905,-0.24088482008867632,odom_lidar,unilidar_lidar
1786136024.7567174,-29.55611640987429,10.446241547417223,1.38606587089389,-0.03214589352035397,0.010304885201744222,-0.9676937787102933,-0.24985836291017147,odom_lidar,unilidar_lidar
1786136024.8868275,-29.272052374695217,10.635201170402889,1.371659744058597,-0.03205335840017937,0.020155912207565737,-0.9653394294861167,-0.25823653362328397,odom_lidar,unilidar_lidar
1786136025.0308738,-29.084595178065875,10.681845488112886,1.371753566481957,-0.026821354470861595,0.017833735991845647,-0.9634909151469908,-0.2657965937218454,odom_lidar,unilidar_lidar
1786136025.1618018,-29.17707577726316,10.612322243889176,1.3271644395746003,-0.02847115994731617,0.007067249019216706,-0.9609326205776505,-0.2752234469523333,odom_lidar,unilidar_lidar
1786136025.291843,-29.323078655137312,10.596565132481533,1.2941605542911188,-0.033561190713179284,-0.0023836217916086825,-0.958531537975544,-0.2829933842536014,odom_lidar,unilidar_lidar
1786136025.42048,-29.48863465308256,10.702379435794876,1.275825550582102,-0.040606779990761205,0.0006025193780790327,-0.9553074691025983,-0.2928111436847464,odom_lidar,unilidar_lidar
1786136025.5587015,-29.670887430917073,10.687338055589727,1.300739807038169,-0.03811887203962344,0.007363999296447692,-0.9538823751504814,-0.2976594320461981,odom_lidar,unilidar_lidar
1786136025.7028885,-29.701480927244475,10.715667640795747,1.3654894370628965,-0.033399594623042844,0.005302871770433559,-0.9538274902227568,-0.29844507957974403,odom_lidar,unilidar_lidar
1786136025.8283193,-29.78865456336761,10.727062730336431,1.3707778729448106,-0.02882591088563465,0.001558549398486719,-0.9555147368813455,-0.29352721405000815,odom_lidar,unilidar_lidar
1786136025.968216,-29.885256998103685,10.750980225938138,1.389142208657476,-0.023852840033167216,-0.0017818947517883022,-0.957781385784634,-0.2865007572728417,odom_lidar,unilidar_lidar
1786136026.1082926,-29.915523079168832,10.756945910550867,1.3786977821186714,-0.028397147027208868,0.0021150155780518495,-0.9597200556625718,-0.27951125828640594,odom_lidar,unilidar_lidar
1786136026.2417994,-29.8057593370946,10.7601244331119,1.3518690580865136,-0.03417296386948148,0.006990136808099622,-0.9611274951387421,-0.273892834181741,odom_lidar,unilidar_lidar
1786136026.369971,-29.695824462697097,10.720790567576252,1.3129207734552533,-0.03974588383580424,0.005652287624220857,-0.9629456392825911,-0.2666908550163758,odom_lidar,unilidar_lidar
1786136026.4987612,-29.735163573608254,10.53899519691096,1.2732188721546316,-0.04147380565098093,-0.004362842691665482,-0.9642947809702527,-0.26152717725315805,odom_lidar,unilidar_lidar
1786136026.620809,-29.731465047356966,10.420931278002213,1.2792863346626142,-0.039804712003073624,-0.005341941322112419,-0.9655046486766912,-0.25726993984716257,odom_lidar,unilidar_lidar
1786136026.7516983,-29.75103219552457,10.458247860770225,1.3250832363978733,-0.03961127436299241,0.005479853839570956,-0.9672007436620705,-0.25084584829088646,odom_lidar,unilidar_lidar
1786136026.8812292,-29.592250135121326,10.542345972323888,1.3626046326581418,-0.0338145998935128,0.006743979016386025,-0.9689602857503065,-0.24480003312857743,odom_lidar,unilidar_lidar
1786136027.0270562,-29.463137112992452,10.597329424173362,1.4239688749527202,-0.030195341984906764,0.006519544089920372,-0.9706495954984892,-0.2385059739836583,odom_lidar,unilidar_lidar
1786136027.162514,-29.438420661799203,10.654638733586058,1.4417818371346072,-0.027091089537026786,0.011451294438893998,-0.9711402323168189,-0.23668880391561795,odom_lidar,unilidar_lidar
1786136027.2898588,-29.43592206113272,10.772818755398642,1.3759501026042313,-0.02754382020617572,0.018567220166640818,-0.9707426071579561,-0.23781376527002696,odom_lidar,unilidar_lidar
1786136027.413821,-29.47445240583668,10.884078676760637,1.3568455299465632,-0.03216102915103975,0.01926660199875138,-0.9697106953723902,-0.24136203829882502,odom_lidar,unilidar_lidar
1786136027.537077,-29.569323419828123,10.903483343081916,1.2909831960407179,-0.03598835398745834,0.006236727630694867,-0.9710902144731002,-0.23590196472331987,odom_lidar,unilidar_lidar
1786136027.665711,-29.6753781572395,10.904301325551126,1.2921736915145172,-0.038459705579697225,-0.004358809319430978,-0.9713913100029837,-0.2343091433954873,odom_lidar,unilidar_lidar
1786136027.7938428,-29.72691280631012,10.861119556667454,1.3433611950284616,-0.04024504588449893,-0.00704067085982501,-0.9713827643346178,-0.23397925204862677,odom_lidar,unilidar_lidar
1786136027.9326062,-29.97930551460495,10.946349356163223,1.3363709745658692,-0.03899084436571648,-0.003500940161721146,-0.9705953897766736,-0.23751220351362987,odom_lidar,unilidar_lidar
1786136028.0883563,-30.190889847953564,11.033479129411383,1.3178876237884982,-0.037935275381719556,0.0032175944050850096,-0.9696823140425473,-0.2413851109763156,odom_lidar,unilidar_lidar
1786136028.223741,-30.26885307195269,11.105909402139787,1.362645483943749,-0.03251758753894858,0.00985958834535961,-0.9688960765632403,-0.24512402542114586,odom_lidar,unilidar_lidar
1786136028.338377,-30.443717569797148,11.144393323454738,1.4005820557456925,-0.03185471027263849,0.0156469186380313,-0.9680666200975843,-0.248168230084797,odom_lidar,unilidar_lidar
1786136028.4630735,-30.613607108083375,11.12064600384572,1.4845365750227444,-0.02575697020434752,0.01572821798955221,-0.9669529478647119,-0.25316239503628796,odom_lidar,unilidar_lidar
1786136028.586796,-30.67331833131691,11.169843592473436,1.5071613647422193,-0.022047177404563155,0.01284411660520245,-0.9654386477385567,-0.25937842641567366,odom_lidar,unilidar_lidar
1786136028.7129538,-30.59606499714936,11.323714243888551,1.4700022358250304,-0.02541350468331184,0.009002877338963173,-0.9670826405001496,-0.2530301729489775,odom_lidar,unilidar_lidar
1786136028.8437676,-30.520100228452346,11.287950196032805,1.456333546526169,-0.03209658601186293,0.005628139302438701,-0.9702267930481641,-0.2399960484379916,odom_lidar,unilidar_lidar
1786136028.9754226,-30.464824837788814,11.255117885191272,1.352567156142481,-0.03629331170838668,0.0027779706317307925,-0.9719707622931418,-0.23226690606217687,odom_lidar,unilidar_lidar
1786136029.1129558,-30.282132246919474,11.136757200654493,1.3284273411667327,-0.03545027038621949,0.002294978664329132,-0.9739697100453094,-0.2238772326895488,odom_lidar,unilidar_lidar
1786136029.2379086,-30.106309926031283,11.108609789596366,1.3057343196670712,-0.03528898863585118,0.0039408166521763405,-0.9763586039778334,-0.21322062208808298,odom_lidar,unilidar_lidar
1786136029.3637633,-29.866659703776943,11.066875928725706,1.3335602628145629,-0.03423754904696431,0.0048632743235144,-0.9768624548607515,-0.21105421834575372,odom_lidar,unilidar_lidar
1786136029.4828115,-29.6261628143741,11.008090279389044,1.3388398404581743,-0.03275423827420983,0.007565030203251357,-0.9775663598877206,-0.20792773314056004,odom_lidar,unilidar_lidar
1786136029.6040814,-29.511822871431427,10.914587217890645,1.3592159939481467,-0.03036324327422908,0.0048713633044043395,-0.9787486101844978,-0.2027449169260246,odom_lidar,unilidar_lidar
1786136029.7316377,-29.598673121161013,10.867452891913242,1.390326085855654,-0.0203641247664952,0.004920461654603744,-0.9793743902674024,-0.200964910290215,odom_lidar,unilidar_lidar
1786136029.8540068,-29.82382241179805,10.958209091267417,1.3425988933098998,-0.027311131058954066,0.003520280370051751,-0.9794350497381866,-0.19987169156924828,odom_lidar,unilidar_lidar
1786136029.9907274,-30.177697585242555,11.01046081945058,1.3005772746189974,-0.03450700548321116,0.0017880606468050374,-0.9795962291692166,-0.19798307303695645,odom_lidar,unilidar_lidar
1786136030.1321077,-30.3717349203789,10.992927601428955,1.3319464824332563,-0.035577623539672074,0.001810616772243793,-0.9808780447608385,-0.19133534873704874,odom_lidar,unilidar_lidar
1786136030.2547436,-30.238283267914316,11.217687313819852,1.3618628463265396,-0.026735870732253385,0.006461399256973423,-0.978353698115895,-0.20510359557741129,odom_lidar,unilidar_lidar
1786136030.3883207,-30.099133744176033,11.38572926215855,1.4297860131490154,-0.01821162716097939,0.013676163087161096,-0.9759744101352036,-0.21669160103844448,odom_lidar,unilidar_lidar
1786136030.513325,-30.026565754854893,11.514534760880514,1.405378621592884,-0.022372336387451397,0.009490208734723454,-0.9734966259425009,-0.22740653856321896,odom_lidar,unilidar_lidar
1786136030.632673,-30.108559575187215,11.617237753271588,1.36887910494886,-0.03324001520195492,0.001370561847381633,-0.9725570820676941,-0.23027363086026387,odom_lidar,unilidar_lidar
1786136030.7682853,-30.167440592279718,11.875464184237549,1.2901237078620482,-0.03504162675601169,-0.0013641855280868698,-0.971835016835205,-0.23303845915439436,odom_lidar,unilidar_lidar
1786136030.9108226,-30.340258747504862,12.235629281251379,1.3805058111818997,-0.02653735980473662,0.005710852456707761,-0.9737183428587058,-0.22613213721032144,odom_lidar,unilidar_lidar
1786136031.0524378,-30.48099794605277,12.409443675157558,1.561887379265254,-0.023447713595709154,0.012241013707202942,-0.9749592602556328,-0.2208048983884711,odom_lidar,unilidar_lidar
1786136031.1825464,-30.73821280397401,12.352720126178742,1.5570641358780526,-0.03661684167969593,0.01485761254799265,-0.9747730849291951,-0.21967223573405484,odom_lidar,unilidar_lidar
1786136031.3040955,-30.82460669240121,12.181155728628006,1.3861541010489085,-0.04046018776082118,0.0068710747297881045,-0.9736566641548681,-0.22429547896743518,odom_lidar,unilidar_lidar
1786136031.4239025,-30.879393488078442,12.014477252370517,1.3145559117189063,-0.03849332499232437,4.0235258036935606e-05,-0.972659795866629,-0.229022234328563,odom_lidar,unilidar_lidar
1786136031.5518193,-30.933289495252048,11.837897293076159,1.3043082944850042,-0.04008296865631067,-0.007075392614384366,-0.9737321292689474,-0.224029093807951,odom_lidar,unilidar_lidar
1786136031.6821258,-31.00204490599722,11.72349128926639,1.406049239391856,-0.04357847748883495,-0.0007938288853582274,-0.97472621994635,-0.2191097494055333,odom_lidar,unilidar_lidar
1786136031.8299255,-31.006351322724583,11.616118122437065,1.4844196860278474,-0.036274423226580595,0.011661619870731827,-0.9762733666271687,-0.21316305133869612,odom_lidar,unilidar_lidar
1786136031.9636214,-30.964113695778117,11.504607761274958,1.553596182591121,-0.029035323126657048,0.014784987674200997,-0.9779909564760084,-0.20608746493066207,odom_lidar,unilidar_lidar
1786136032.0983546,-30.848996189839948,11.481576608986458,1.5440558063622902,-0.017650451157359397,0.01927640365327613,-0.9800342194075636,-0.19710355305357966,odom_lidar,unilidar_lidar
1786136032.2301755,-30.72551241712593,11.520208650891444,1.4046546937371815,-0.023719828190523852,0.015037716952222863,-0.9805593872888857,-0.19420227809972218,odom_lidar,unilidar_lidar
1786136032.3502135,-30.509922527124168,11.602539713224493,1.4081241570308873,-0.02762241028191543,0.0128682960750195,-0.980520977679906,-0.19403613512947734,odom_lidar,unilidar_lidar
1786136032.491215,-30.560890129260393,11.68806931451809,1.3351392384489078,-0.03840341589989856,0.0028043053833741037,-0.9785391084731135,-0.2024315358514588,odom_lidar,unilidar_lidar
1786136032.6146555,-30.6382501770604,11.645966190810197,1.3109927736925409,-0.041091342333546645,-0.007473351802256958,-0.9785771792349657,-0.20159949126573984,odom_lidar,unilidar_lidar
1786136032.7427309,-30.717875406206836,11.688847456733606,1.3770864859847711,-0.03270017903764534,-0.0010056617718841431,-0.977880651398604,-0.20658925082285556,odom_lidar,unilidar_lidar
1786136032.8719459,-30.630843428654078,11.786818232630537,1.4404522797110577,-0.02635084632239048,0.010118108393561793,-0.976495860434887,-0.21367988050857656,odom_lidar,unilidar_lidar
1786136033.0248673,-30.4695322222915,11.79889740514501,1.4707642537175447,-0.021504731661668133,0.019888661588732464,-0.973303312111819,-0.22764588792361656,odom_lidar,unilidar_lidar
1786136033.1631553,-30.379265402960577,11.79598411809335,1.4881420991204877,-0.020845503628004743,0.021243696469011118,-0.9699938112677993,-0.24130100795686,odom_lidar,unilidar_lidar
1786136033.2763124,-30.4002235659145,11.830504023157951,1.4625189744564133,-0.019929336483997237,0.01857488999328378,-0.9675211612685405,-0.25131772222949206,odom_lidar,unilidar_lidar
1786136033.4042222,-30.579085313084228,11.939429436024566,1.4370154964366615,-0.023488737511431695,0.013269961756197211,-0.9650973178210861,-0.2604982811069078,odom_lidar,unilidar_lidar
1786136033.5239248,-30.889802853639758,11.889794319729102,1.470634569673701,-0.02739525248305246,0.001999307041050093,-0.9651227058421971,-0.2603529634564997,odom_lidar,unilidar_lidar
1786136033.6441827,-31.150392595537276,11.779226788900829,1.434766717943051,-0.027360864124513173,0.0004816768040416808,-0.963717062698276,-0.26551944216200735,odom_lidar,unilidar_lidar
1786136033.7637818,-31.390289118532596,11.727753714661347,1.4477765689249091,-0.03286074542835533,7.243265278150797e-05,-0.9599907351603185,-0.278097023662165,odom_lidar,unilidar_lidar
1786136033.89393,-31.57713242271933,11.787326120644257,1.4358398497027447,-0.03722907246170229,0.002734625866842928,-0.960771587616139,-0.2748171654292605,odom_lidar,unilidar_lidar
1786136034.0328927,-31.50176491337344,11.849925690848698,1.4513985868568113,-0.03383122435081616,0.008655652515919574,-0.9630280915152685,-0.2671281020239321,odom_lidar,unilidar_lidar
1786136034.1637404,-31.411804046573952,11.909132468681072,1.4521799837254294,-0.03277022525321021,0.013321389955314048,-0.9641430629046515,-0.2630148420894719,odom_lidar,unilidar_lidar
1786136034.2842753,-31.27283512410173,11.929731399087347,1.4980465347521643,-0.03073100564682134,0.01833004420775325,-0.9651717541409202,-0.25915844531833404,odom_lidar,unilidar_lidar
1786136034.400433,-31.05670523196842,11.977452899138218,1.5718207112285623,-0.02500078584828592,0.017972809498453996,-0.964731743217277,-0.2614280062553639,odom_lidar,unilidar_lidar
1786136034.5239065,-30.819888771038094,12.109278829388973,1.5371249259445265,-0.0206328521408905,0.020050398673839634,-0.9657376300009337,-0.25792071829485114,odom_lidar,unilidar_lidar
1786136034.6483696,-30.605549138314768,12.362609198239817,1.4633888049212942,-0.022424880408663226,0.0172312426280993,-0.9658807844694062,-0.2574383794404269,odom_lidar,unilidar_lidar
1786136034.7681828,-30.4138572973368,12.452671841219184,1.426144932615744,-0.028863326368689008,0.00972598660809804,-0.9649496422464835,-0.2606616609780143,odom_lidar,unilidar_lidar
1786136034.897067,-30.39443247123308,12.512097601422996,1.4162663449530437,-0.03447082789651421,0.004206839201046976,-0.966680372763307,-0.2536200335980173,odom_lidar,unilidar_lidar
1786136035.0407243,-30.421983846081822,12.474410566591459,1.3777392279112854,-0.037208985203704546,0.0009921415314474253,-0.9685552098216736,-0.24599860284681674,odom_lidar,unilidar_lidar
1786136035.1611989,-30.408753080603493,12.390903809470476,1.379743873525972,-0.038631886670668504,0.0005453334004437107,-0.9683798060569295,-0.24647075113467432,odom_lidar,unilidar_lidar
1786136035.2750778,-30.506010799664306,12.286809283218401,1.357565727373668,-0.03693443989888581,0.0007581823123124595,-0.9691837282929905,-0.24355322441108407,odom_lidar,unilidar_lidar
1786136035.3943863,-30.84986592845819,12.166515423586365,1.4049380444555521,-0.03316637197305557,0.011298306927032908,-0.969531883723899,-0.24244641979933518,odom_lidar,unilidar_lidar
1786136035.5250466,-31.184682505865357,12.077211873269322,1.4447877798869637,-0.030943874650154957,0.012548026076039187,-0.96779593962969,-0.24951160874699962,odom_lidar,unilidar_lidar
1786136035.6541507,-31.450279064258854,12.070274708603526,1.4869513305812752,-0.02897878761928644,0.011467610666432034,-0.9662561451684891,-0.2556908009644682,odom_lidar,unilidar_lidar
1786136035.7830427,-31.774522833763893,12.187500916799227,1.5120047079631727,-0.027176412896473427,0.007467270510156004,-0.9647461519076275,-0.2616687693108094,odom_lidar,unilidar_lidar
1786136035.9219737,-31.921384754849694,12.334585100534426,1.4961274089993162,-0.02601382596025114,0.004221522585128025,-0.9624201149142078,-0.2702831515549872,odom_lidar,unilidar_lidar
1786136036.0688596,-31.98080093291007,12.745593644815782,1.4731681031160235,-0.029914875716540116,0.012071587408877501,-0.9620355109215234,-0.2710111671393955,odom_lidar,unilidar_lidar
1786136036.2026768,-31.92636338295123,13.07939926670501,1.4686662375883515,-0.04052916341673151,0.015422761052334866,-0.961109789137836,-0.27274071675803585,odom_lidar,unilidar_lidar
1786136036.327076,-31.70845174947756,13.355221357791988,1.4931871205513714,-0.040209157354419454,0.014392766719719343,-0.9599374843617173,-0.2769406038274221,odom_lidar,unilidar_lidar
1786136036.4504273,-31.54273300796396,13.481124771996821,1.5198639132386442,-0.036852031566842386,0.009329070807638009,-0.9598864510823046,-0.27780010301632535,odom_lidar,unilidar_lidar
1786136036.5771985,-31.3865617347351,13.524433932005863,1.4727932776616794,-0.03231878927787107,0.0028450139986272863,-0.9607028563215299,-0.2756763022289264,odom_lidar,unilidar_lidar
1786136036.7056062,-31.430719373110875,13.574941269985917,1.4985953722023684,-0.032057364521528756,0.005743506641487088,-0.9627459072687091,-0.26843929583565673,odom_lidar,unilidar_lidar
1786136036.8529856,-31.52477777657128,13.53768360800283,1.496380544469089,-0.02737572739025175,0.009066170522911247,-0.9650987419401483,-0.26029366570749896,odom_lidar,unilidar_lidar
1786136036.9915798,-31.565579773705377,13.357160983628884,1.46215259867966,-0.024224163782359427,0.013274175263087414,-0.9656272259660551,-0.25845898443124665,odom_lidar,unilidar_lidar
1786136037.1299894,-31.670952778205105,13.048334215525614,1.4842548859027709,-0.023520006684675906,0.007582763954547716,-0.9667930338410731,-0.254363009678562,odom_lidar,unilidar_lidar
1786136037.2610958,-31.902355384258914,12.857487568875559,1.4580032151986395,-0.03254209846854945,0.0024836894390133173,-0.9671794968739154,-0.2519894123584441,odom_lidar,unilidar_lidar
1786136037.3875506,-32.01672207176371,12.739029412944484,1.487637250611334,-0.02911223791469496,-0.0037528690266340086,-0.9679930555088725,-0.24925456478119687,odom_lidar,unilidar_lidar
1786136037.5080326,-32.12852294572557,12.684948746645414,1.4752098348236458,-0.02933721086674157,-0.0034010788123236104,-0.9693861227789262,-0.2437587038140654,odom_lidar,unilidar_lidar
1786136037.6325192,-32.05876536694691,12.706867247524908,1.46527097284762,-0.03099580162971818,0.006574851458720242,-0.9702917904071163,-0.2398538577512979,odom_lidar,unilidar_lidar
1786136037.7632852,-32.0099491522981,12.882955477885472,1.4713798987438118,-0.03629090098388893,0.010068167455901384,-0.9702211940017107,-0.23927481526427402,odom_lidar,unilidar_lidar
1786136037.8999972,-31.799528901365417,13.003763761326486,1.4750666597458602,-0.030604593946980067,0.012179346483291088,-0.9702531391739813,-0.23984133978865185,odom_lidar,unilidar_lidar
1786136038.0281353,-31.62006492664369,13.10940395423632,1.4362428585332179,-0.029168727542346645,0.005344643109926767,-0.9736383653867946,-0.22616134411193858,odom_lidar,unilidar_lidar
1786136038.1571255,-31.39549361937714,13.189453276712575,1.418126606406092,-0.03344332633490734,0.004771635200244749,-0.9743696832361166,-0.22240165424637173,odom_lidar,unilidar_lidar
1786136038.276026,-31.270584897723666,13.35659868593175,1.4330077314123448,-0.0329931287657962,0.008066302670772626,-0.9753569431842486,-0.21800280181168724,odom_lidar,unilidar_lidar
1786136038.396505,-31.185168887607293,13.337749953458628,1.5177509040537498,-0.03220271781267359,0.003407377790904993,-0.9759768804692052,-0.2154541796569899,odom_lidar,unilidar_lidar
1786136038.5215304,-31.202786171909906,13.246487839027845,1.4803466757924677,-0.031908664189176074,0.002597473945625743,-0.9747924074825639,-0.2208050103442203,odom_lidar,unilidar_lidar
1786136038.6337104,-31.271229182754794,13.2028416614533,1.4679675389523483,-0.024558218204729143,0.006108296932510166,-0.9750818111601567,-0.22039746861482287,odom_lidar,unilidar_lidar
1786136038.7729962,-31.381539395414947,13.035938267926362,1.4957185366007317,-0.016965924420108264,0.014935500870249701,-0.9760642850146106,-0.2163044145209314,odom_lidar,unilidar_lidar
1786136038.9086843,-31.338139139462612,12.921574387343362,1.5703378851128478,-0.019084194009472824,0.01975514332951464,-0.9773162773646861,-0.20999624246417165,odom_lidar,unilidar_lidar
1786136039.044449,-31.318529429805295,12.81553320753954,1.6183825391037618,-0.02292706855825426,0.024166174927815063,-0.9774130715219689,-0.2086960304717705,odom_lidar,unilidar_lidar
1786136039.1816435,-31.36492865967884,12.726815074976777,1.5140980995960747,-0.02479870056064569,0.019082591851177798,-0.9771847513131501,-0.21007341797524495,odom_lidar,unilidar_lidar
1786136039.2999864,-31.569325169839434,12.85135364089393,1.5025941260814641,-0.025111636921640583,0.007965348689266509,-0.9788893328840867,-0.20268604509714438,odom_lidar,unilidar_lidar
1786136039.433919,-31.773014711971825,13.023075899142269,1.496608548194253,-0.0362399898471597,0.0013773752661372972,-0.9787497817416093,-0.20182574343726833,odom_lidar,unilidar_lidar
1786136039.5585918,-31.925720055948073,13.284308116712474,1.4751546135950577,-0.033865902781203154,0.0001056509690596692,-0.9753774593370014,-0.21792636665622422,odom_lidar,unilidar_lidar
1786136039.6913414,-32.18301196598737,13.548096197752901,1.440227658569269,-0.0287455032538658,-0.0020885818782711944,-0.9727455823438579,-0.2300768695434823,odom_lidar,unilidar_lidar
1786136039.8305295,-32.44601410224225,13.705524924833751,1.4822033870064955,-0.03263520140443837,0.0023646573357659047,-0.9704907085971564,-0.23890821784016908,odom_lidar,unilidar_lidar
1786136039.9705238,-32.570285618898914,13.898729416365928,1.5445724205096931,-0.030553875654074684,0.006564073612042105,-0.9701761486256788,-0.24037806525965683,odom_lidar,unilidar_lidar
1786136040.0986886,-32.67645961238463,14.067206059011792,1.5639971824086367,-0.0280323737928268,0.00784151885861985,-0.9706590188141017,-0.23869177990951998,odom_lidar,unilidar_lidar
1786136040.228608,-32.767456293139816,14.1389357769249,1.5586139120189955,-0.029231500311863765,0.00159844901255192,-0.9698335734503188,-0.24200372757223526,odom_lidar,unilidar_lidar
1786136040.350094,-32.65858806025439,14.210241920539591,1.5086955915285765,-0.03362118728448844,-0.0004817129561539152,-0.9691938931209482,-0.24399299427497823,odom_lidar,unilidar_lidar
1786136040.4709938,-32.63753122462583,14.213382579528206,1.4825183095259435,-0.03862480353348693,-0.0018863767745282154,-0.9693396325292968,-0.24266281738789783,odom_lidar,unilidar_lidar
1786136040.5945387,-32.695817480630595,14.175842228884026,1.4626101570994017,-0.03714631157685809,0.0035069146303239257,-0.9711291417607967,-0.2356184269299605,odom_lidar,unilidar_lidar
1786136040.724993,-32.76962766234398,14.040394718742954,1.5353751855606894,-0.034236387257839215,0.005498699797589955,-0.9729628623672387,-0.22834382527718397,odom_lidar,unilidar_lidar
1786136040.8612323,-32.841107602378216,13.928187738823274,1.5990296994277269,-0.02678531587970047,0.008895022674598362,-0.9739661236661046,-0.22492980099503362,odom_lidar,unilidar_lidar
1786136040.9951446,-32.87193690571022,13.827683928956906,1.5864324505381155,-0.028346861660693768,0.010043387954725072,-0.9751590364155712,-0.2194548689125738,odom_lidar,unilidar_lidar
1786136041.1419506,-32.73595194126073,13.762844972990047,1.5942524178077735,-0.03293266948969102,0.011558749991714488,-0.9742256260632797,-0.22285929215655956,odom_lidar,unilidar_lidar
1786136041.2614496,-32.57559414777949,13.765974174408205,1.6079811615467974,-0.03522106496483124,0.008356418785239064,-0.9732930380868836,-0.22669430707327692,odom_lidar,unilidar_lidar
1786136041.3810446,-32.47436227024007,13.820105688073799,1.533119540429241,-0.03544475359249095,0.004337202774002577,-0.9732610954420785,-0.22690900866591904,odom_lidar,unilidar_lidar
1786136041.4978778,-32.33787294174165,13.826595419908866,1.5034142451078112,-0.031774508443387105,0.002677818641689171,-0.9748988595145003,-0.22035295236921648,odom_lidar,unilidar_lidar
1786136041.6224837,-32.232367715173325,13.85084358569795,1.484241839122992,-0.03245272162848791,0.003006074216309724,-0.9766791300458227,-0.2122160722227344,odom_lidar,unilidar_lidar
1786136041.7480342,-32.16652557839845,13.881631180332649,1.479332554217066,-0.03752255443666821,0.0041173079941610275,-0.9782032668604778,-0.20418979990909836,odom_lidar,unilidar_lidar
1786136041.8916771,-32.21638619375565,13.92447737267201,1.5048964290352729,-0.04162202573396603,0.0036649254709588833,-0.978141956380459,-0.20369705069858451,odom_lidar,unilidar_lidar
1786136042.0307994,-32.315570595336446,13.951930480590837,1.5253761749481831,-0.032511857362005604,-0.0009113450113847291,-0.9761761561695873,-0.2145279951594019,odom_lidar,unilidar_lidar
1786136042.1700354,-32.412507989923,13.966979912245717,1.5626579704396364,-0.026258161927838676,-0.0004276236920143445,-0.9744431557196653,-0.22309384200656374,odom_lidar,unilidar_lidar
1786136042.3032007,-32.543822742451226,13.995685754220506,1.5474137433811002,-0.025893778341111433,0.003847730982154669,-0.9740019991296254,-0.22502180539006347,odom_lidar,unilidar_lidar
1786136042.4281588,-32.687577265070786,14.033450638151036,1.599339734620449,-0.03161521353533121,0.007776977966708627,-0.9731893382523403,-0.2276895008532298,odom_lidar,unilidar_lidar
1786136042.5526054,-32.75079537008307,13.945505180424195,1.5766356977520688,-0.03177365854707561,0.008128696727811552,-0.9725095188538742,-0.23054195854691495,odom_lidar,unilidar_lidar
1786136042.6751907,-32.72468146651341,13.893741065278812,1.5398409307267347,-0.032337450448797336,0.00544469039473388,-0.9722051602243792,-0.2318227147586412,odom_lidar,unilidar_lidar
1786136042.805626,-32.669751321554365,13.842346272146763,1.505467358654989,-0.03345552441663497,0.0032605860762826046,-0.9731490699379453,-0.22770811172059566,odom_lidar,unilidar_lidar
1786136042.9571872,-32.574160905322934,13.941579663285946,1.48743870148075,-0.036430759163859947,0.006394486088928038,-0.9745104583673656,-0.22127195228277435,odom_lidar,unilidar_lidar
1786136043.1120772,-32.469057037716816,14.003015383120099,1.4875367049282486,-0.0353923246781962,0.0010980967170234788,-0.9751208004636431,-0.21882779083246548,odom_lidar,unilidar_lidar
1786136043.2449634,-32.29431267716658,14.020427706413477,1.5696409535901217,-0.03364123795261479,0.002381804159855261,-0.9755263722624127,-0.21728067364240244,odom_lidar,unilidar_lidar
1786136043.3752098,-32.12483020322515,14.063386546680851,1.6137981413488272,-0.03214303831700363,0.005237514954058375,-0.975849617037069,-0.21600212603922062,odom_lidar,unilidar_lidar
1786136043.505099,-31.954994230562843,14.088133284161938,1.6144257129923039,-0.02699758324886812,0.011810079217524087,-0.9762953727993162,-0.2144271381570913,odom_lidar,unilidar_lidar
1786136043.632601,-31.899224822195954,14.039151245086083,1.5744827359454383,-0.023668589998072406,0.0117031435001036,-0.975858658625788,-0.2168010900913487,odom_lidar,unilidar_lidar
1786136043.7717018,-31.894688183885393,13.982470507242946,1.518305697942742,-0.022108918235728102,0.012039711744791242,-0.9756914641446226,-0.21769797397052387,odom_lidar,unilidar_lidar
1786136043.9128711,-31.923358458073498,13.945633798988322,1.4622912272865982,-0.024072236635869517,0.008560232998379913,-0.9759633458306526,-0.2164319695179024,odom_lidar,unilidar_lidar
1786136044.057137,-32.01725973311458,13.984284143824809,1.4591843543238152,-0.03180934323755861,0.004166505392253522,-0.9771848062292925,-0.2099539482606407,odom_lidar,unilidar_lidar
1786136044.1820776,-32.064072578970354,13.918613496985271,1.5092981687897042,-0.036435573166476026,0.0031867202560084055,-0.9795256926204582,-0.19796896554372326,odom_lidar,unilidar_lidar
1786136044.31041,-32.111947364642894,13.885286942333034,1.5080967562165528,-0.03394468905637812,0.003143029442265712,-0.9819533578556143,-0.1860254887021528,odom_lidar,unilidar_lidar
1786136044.441012,-31.998788266373936,13.811241252371987,1.5587299727496653,-0.02956836787609445,0.00030562202328651743,-0.9829753667365443,-0.18134234642101485,odom_lidar,unilidar_lidar
1786136044.574435,-31.850592029145833,13.603929792692147,1.5486136341152368,-0.03273266171039693,0.009150186353524542,-0.9804975724377257,-0.19357003226423103,odom_lidar,unilidar_lidar
1786136044.7110655,-31.731300494884657,13.352762719706769,1.5472965077172813,-0.03913526337719164,0.018349086118479453,-0.9722307216033503,-0.22999818731816846,odom_lidar,unilidar_lidar
1786136044.8331263,-31.617123996652893,13.04866743806113,1.4781169047253901,-0.035448625766998344,0.014374914872418529,-0.9635599098536902,-0.2647433792871706,odom_lidar,unilidar_lidar
1786136044.9671936,-31.944314157805344,13.257508830825726,1.5541000435038304,-0.0265512165850867,0.009764091704957734,-0.9589836424593112,-0.2820462176780625,odom_lidar,unilidar_lidar
1786136045.1079202,-32.30844231974253,13.549688115111255,1.5717361563684693,-0.023407343325764503,-0.0026063413330043917,-0.9584156720341838,-0.2844023608596624,odom_lidar,unilidar_lidar
1786136045.227458,-32.83119460179752,14.114022181875711,1.4937314822499255,-0.03224209349638288,-0.005403677801766377,-0.9563308222013457,-0.2904524163798324,odom_lidar,unilidar_lidar
1786136045.3438754,-33.16609723734827,14.575317448769807,1.504528128480587,-0.036727395614639016,-0.0018717489531326662,-0.9522473374692803,-0.3031049376864209,odom_lidar,unilidar_lidar
1786136045.4690206,-33.05784453411715,14.852287908939783,1.566925713564399,-0.028161382165022626,0.009451427889781247,-0.9453809772800557,-0.32461117488836805,odom_lidar,unilidar_lidar
1786136045.5997648,-32.96283470940141,15.075725533831047,1.6809468370034018,-0.031238731479381308,0.017700304733843857,-0.9390161006855924,-0.3419935723388874,odom_lidar,unilidar_lidar
1786136045.7245462,-33.05255802205121,15.05210087249456,1.7127829346064187,-0.03009291763434586,0.014925142887089618,-0.9414224498151835,-0.3355524212429869,odom_lidar,unilidar_lidar
1786136045.866166,-33.100355585382296,14.844948571843135,1.6444448412624417,-0.033725344741111114,0.01472793582123465,-0.9467011650811541,-0.320004051634545,odom_lidar,unilidar_lidar
1786136045.999545,-33.04833821403097,14.411504046889377,1.535718767886948,-0.036116405812616895,0.005363773147395214,-0.9524024182740243,-0.3026490853027516,odom_lidar,unilidar_lidar
1786136046.1388137,-32.87255115406604,13.90322483316131,1.4617793439665365,-0.03420451129265211,-0.0017287203375120457,-0.9535740339610248,-0.2992049877400509,odom_lidar,unilidar_lidar
1786136046.2639184,-32.594123297509796,13.487912083892569,1.4792427034005367,-0.03232594387456076,0.0023776217325229432,-0.9585238524124677,-0.2831632119889125,odom_lidar,unilidar_lidar
1786136046.3810422,-32.10782336413844,13.41288290800951,1.562366239830089,-0.027018600197691613,0.00571022341670868,-0.9649143154893537,-0.26110869835300554,odom_lidar,unilidar_lidar
1786136046.5053244,-31.881688020724702,13.482943642446674,1.5900295886430953,-0.029751753807363363,0.01283824533496162,-0.9673571350084732,-0.2513367978436583,odom_lidar,unilidar_lidar
1786136046.6330957,-31.846576074195344,13.596066674723442,1.5176909619764314,-0.03513904496017593,0.015796597032308977,-0.9691881697825903,-0.24328996402432757,odom_lidar,unilidar_lidar
1786136046.7669516,-32.0097410638896,13.742185145981002,1.4693708592238366,-0.039029049472508875,0.013310370382531172,-0.9668232927120717,-0.2520957913312718,odom_lidar,unilidar_lidar
1786136046.9203174,-32.17185621803609,13.877243415303287,1.4395533564303564,-0.03616604219176242,0.010529241210268804,-0.9636008893391758,-0.2646780658393691,odom_lidar,unilidar_lidar
1786136047.0571434,-32.45121981525644,13.967105710877355,1.4754211031756754,-0.038238993216073026,0.0046245740959822215,-0.960546994784537,-0.2754375855300916,odom_lidar,unilidar_lidar
1786136047.1937885,-32.7303257409077,14.07351882611767,1.551947950759855,-0.031060978609002365,0.0037231026400672967,-0.956782230114064,-0.2891178276283584,odom_lidar,unilidar_lidar
1786136047.3062074,-33.105754133384444,14.230475268821488,1.6247906358643855,-0.0285137034768502,0.009289119725948241,-0.9551568220010267,-0.29457787824894544,odom_lidar,unilidar_lidar
1786136047.429711,-33.4300168495208,14.488767153125151,1.5972465329441834,-0.027739441971519133,0.007217423313953578,-0.9555518736387448,-0.2934263944250759,odom_lidar,unilidar_lidar
1786136047.554161,-33.558116569499305,14.927023844748378,1.5729277258875838,-0.035894162657093824,0.01089458981450766,-0.9536699678447136,-0.2985071346399992,odom_lidar,unilidar_lidar
1786136047.6758473,-33.464134071127,15.219421985481771,1.5778060557359832,-0.04470060045337637,0.01116485401829811,-0.9498875410846654,-0.3091777185470937,odom_lidar,unilidar_lidar
1786136047.8180492,-33.17383040533632,15.320763017322035,1.615882530750971,-0.03635091406295568,0.003767167545878757,-0.9497963893911495,-0.31072695118866783,odom_lidar,unilidar_lidar
1786136047.9648864,-32.788391751982175,15.337553045568951,1.6280988477479827,-0.030007902422679106,-0.0013771268663968646,-0.9525950957641895,-0.3027543770778543,odom_lidar,unilidar_lidar
1786136048.1068687,-32.57193962692421,15.374709758195321,1.629334694947032,-0.027829482564485954,0.0014670547869485256,-0.9542019155552743,-0.29786250519508206,odom_lidar,unilidar_lidar
1786136048.220706,-32.752435775171655,15.235593151123092,1.5777111065585547,-0.027857030207572776,0.0055077972513471905,-0.9557234874859459,-0.2928929249830961,odom_lidar,unilidar_lidar
1786136048.345143,-32.86556085356427,15.029492877603035,1.5553671031131928,-0.031099954472536735,0.002439427469800726,-0.9592346404828805,-0.2808838666123503,odom_lidar,unilidar_lidar
1786136048.4782827,-32.96834533721936,14.8391169816656,1.5336976884249973,-0.0344388482867911,0.0012077027580346094,-0.9625297628679184,-0.26897762504743156,odom_lidar,unilidar_lidar
1786136048.6069338,-32.90270086215021,14.544801767879468,1.574575116140759,-0.03765237130230054,0.004141634889051602,-0.965122112777196,-0.2590452725379115,odom_lidar,unilidar_lidar
1786136048.757186,-32.847802834788,14.26273563472948,1.5982707212555525,-0.036877195057253134,0.005905497594815573,-0.9666235022887084,-0.2534644006679805,odom_lidar,unilidar_lidar
1786136048.889995,-32.67895827358041,14.039661254068388,1.5204918879930853,-0.03130897783623011,0.0023986357203602928,-0.9678526170717102,-0.24955020753542353,odom_lidar,unilidar_lidar
1786136049.0201042,-32.54319560515905,13.84706814257813,1.47693670997273,-0.02994605068876868,0.002774640353272923,-0.9695004794615364,-0.24323724168578092,odom_lidar,unilidar_lidar
1786136049.143522,-32.35947247445399,13.973332286975609,1.4822491750044904,-0.030197507072198326,0.004298013996061814,-0.9692735043992785,-0.24408709779883064,odom_lidar,unilidar_lidar
1786136049.2599812,-32.28920855428069,14.033053929066739,1.5468116795088123,-0.03442202296250139,0.004951049863538364,-0.9688948703594575,-0.24501702314644935,odom_lidar,unilidar_lidar
1786136049.3870907,-32.20920733569417,14.096495794818155,1.5957960252868728,-0.03378481085319328,0.008823396040699247,-0.9693094110903698,-0.2433515970968005,odom_lidar,unilidar_lidar
1786136049.516263,-32.191272043602616,14.369083908594218,1.6329481719595222,-0.03291405028870589,0.017669413863766588,-0.9721212688680995,-0.23148368348887974,odom_lidar,unilidar_lidar
1786136049.656954,-32.37389431699578,14.45904285675487,1.651830510367128,-0.030692552722701622,0.022008801250532378,-0.9733668148384632,-0.22612081648115348,odom_lidar,unilidar_lidar
1786136049.7852192,-32.721358019154266,14.477008572797404,1.6159857029561948,-0.036038992594790945,0.02279876129728078,-0.9719454431671931,-0.23130815593616855,odom_lidar,unilidar_lidar
1786136049.9242399,-33.01536114689665,14.42415613393187,1.5650865881342864,-0.04208326236911424,0.016859162470024877,-0.969731132539709,-0.23992977775264787,odom_lidar,unilidar_lidar
1786136050.054122,-33.173909677961845,14.39456723194158,1.5557049829330485,-0.0393294186084405,0.001082767740446886,-0.967943647199425,-0.24806676579545506,odom_lidar,unilidar_lidar
1786136050.1761076,-33.3266537004952,14.43760662379512,1.5231209056208377,-0.03211693580102279,-0.002900328703244408,-0.9664115675978452,-0.25496817946803024,odom_lidar,unilidar_lidar
1786136050.304973,-33.46529414074516,14.546547810309926,1.5390576096738706,-0.035987223270024175,-0.0025649530256675514,-0.9643811453700487,-0.26204455199840093,odom_lidar,unilidar_lidar
1786136050.4431155,-33.497216385068626,14.69787544720591,1.574509897461861,-0.03500919781423289,0.0017994470596222802,-0.9648625791061306,-0.2604060703965054,odom_lidar,unilidar_lidar
1786136050.5689068,-33.53775328821633,14.911059132362682,1.6069420053269265,-0.03596659378473451,0.014298169351418004,-0.9667750399253878,-0.25268159541602353,odom_lidar,unilidar_lidar
1786136050.703795,-33.53667030450815,15.050331108328377,1.708795929073784,-0.03379197936064961,0.01857213038495462,-0.9680997446488898,-0.24758041625824942,odom_lidar,unilidar_lidar
1786136050.8422327,-33.40181167882256,15.09844365917861,1.7741892671434134,-0.030915919236410738,0.02235623512317734,-0.9672343016294059,-0.251002411224196,odom_lidar,unilidar_lidar
1786136050.991769,-33.25227611005207,15.117634105063958,1.7061907655776163,-0.024165993538184834,0.017761682472361175,-0.9679711418692284,-0.24926370754774074,odom_lidar,unilidar_lidar
1786136051.139902,-33.07218805599141,15.055277069648055,1.623684764057568,-0.01757910824758307,0.010814518304070438,-0.9686762321211002,-0.2474679342273241,odom_lidar,unilidar_lidar
1786136051.2623057,-32.89826693603938,15.037844698581486,1.5647662985809723,-0.02392052324906171,0.014263869344346767,-0.9696149877352764,-0.24304552280990185,odom_lidar,unilidar_lidar
1786136051.3843186,-32.79055875471457,14.971443552880226,1.5768952326430012,-0.0340698602335954,0.016578104441416983,-0.9707159016771136,-0.237223627212765,odom_lidar,unilidar_lidar
1786136051.505958,-32.7076300576473,14.826395890981512,1.6128863036845087,-0.03603774645514152,0.009759029234220439,-0.9737090972702233,-0.2247145657763371,odom_lidar,unilidar_lidar
1786136051.634854,-32.56337062988048,14.660836663026428,1.572798243102183,-0.03278318324840471,-0.00020046711366293515,-0.9755416685496677,-0.21735610327839475,odom_lidar,unilidar_lidar
1786136051.7730453,-32.5323557100706,14.479654977671002,1.4849452946443447,-0.03352772434909746,-0.00364793593095869,-0.9767254752207316,-0.21182523531971006,odom_lidar,unilidar_lidar
1786136051.9150186,-32.674948283904705,14.380916717363277,1.4627768955580507,-0.037493225295932256,0.0014824853390706628,-0.975476821097423,-0.21688022453832503,odom_lidar,unilidar_lidar
1786136052.0483875,-32.77188851664477,14.401973975089117,1.5646945923726228,-0.0339397373561007,0.011367565793941534,-0.9758191074011917,-0.21562917777253762,odom_lidar,unilidar_lidar
1786136052.1783657,-32.98093834259725,14.460674313350907,1.6115521623860665,-0.03126328803478952,0.02493706564704479,-0.9757612876215392,-0.21515264152997185,odom_lidar,unilidar_lidar
1786136052.2981641,-33.148365790896776,14.628011946852881,1.6621263911200475,-0.02703161068921906,0.025026084560143415,-0.9752595512502966,-0.2179720046478568,odom_lidar,unilidar_lidar
1786136052.411486,-33.28293918532932,14.774154139453138,1.669192509238085,-0.02711616065775382,0.01732399500423003,-0.9733784862967528,-0.2269337247808677,odom_lidar,unilidar_lidar
1786136052.539521,-33.34791350331597,14.824726368810557,1.5958570556754363,-0.02799009012193328,0.007484566604818399,-0.9720647628528497,-0.23291765269626363,odom_lidar,unilidar_lidar
1786136052.6766763,-33.42440442903487,14.868638769181844,1.5934428241086804,-0.03330177049612402,0.003031317021751761,-0.9705266708056371,-0.23866249067221204,odom_lidar,unilidar_lidar
1786136052.8113427,-33.558354915333354,14.921774505593232,1.5554517448609937,-0.03830472898839157,0.004422246599451215,-0.9693562638541514,-0.24261414880187906,odom_lidar,unilidar_lidar
1786136052.947206,-33.669306175147895,15.048016039999352,1.5568842491380006,-0.04408246171818733,0.0038081439063317518,-0.9696982817812475,-0.24026543013789928,odom_lidar,unilidar_lidar
1786136053.083625,-33.719312500543836,15.211801485413114,1.566505813323841,-0.043592381882133074,0.007014816249491681,-0.9726947654138912,-0.22784948964446539,odom_lidar,unilidar_lidar
1786136053.198623,-33.7517964606367,15.328026497094552,1.6064524801707392,-0.04176048449448276,0.01331638698931921,-0.9752595049599377,-0.21667402649518,odom_lidar,unilidar_lidar
1786136053.3237092,-33.49552164624722,15.365150826738908,1.5880237199059577,-0.037179564372482474,0.010159074460275584,-0.9719224285254757,-0.23212338556966758,odom_lidar,unilidar_lidar
1786136053.4458728,-33.271476485339676,15.412629485671568,1.5900394601583778,-0.030469744238462833,0.007344934434339492,-0.9669183895964247,-0.25315306532699666,odom_lidar,unilidar_lidar
1786136053.5720618,-33.089629798278715,15.43864820202276,1.5965239992610694,-0.029215121178795926,0.0040937910629378115,-0.9616100883263738,-0.27282916925831996,odom_lidar,unilidar_lidar
1786136053.7099016,-33.13704313678996,15.698042354417094,1.625631325467451,-0.0350808102232689,0.006461632582554813,-0.9589772663329311,-0.2812297756551849,odom_lidar,unilidar_lidar
1786136053.8378932,-33.475860202045695,15.867542813461872,1.6550361082249392,-0.037749225399481716,0.010122836164214175,-0.9551722665732412,-0.293459478189185,odom_lidar,unilidar_lidar
1786136053.9709096,-33.80246993267948,15.926020867613705,1.6300600929775362,-0.03429082105384451,0.007234307395810182,-0.955606095049887,-0.292555628029034,odom_lidar,unilidar_lidar
1786136054.0982132,-34.14055374615821,16.052284118270805,1.5925137480331097,-0.0271765934497865,0.0035465041573325092,-0.9550610741175383,-0.295139288781045,odom_lidar,unilidar_lidar
1786136054.2262719,-34.414888552794,16.144501873697735,1.6264454363680578,-0.03390544294413744,0.005240316076964097,-0.9518824563132299,-0.30453694256898833,odom_lidar,unilidar_lidar
1786136054.3511205,-34.55341239992447,16.19093089740122,1.64301950466051,-0.038250431180438596,-0.0009791256199404757,-0.9494067504604167,-0.31170942880786157,odom_lidar,unilidar_lidar
1786136054.472427,-34.532481177741246,16.17373820057879,1.602891249558846,-0.039440644007570115,-0.011838027518610902,-0.94812270132109,-0.31522633129917293,odom_lidar,unilidar_lidar
1786136054.5952604,-34.367881140505496,16.254532203495174,1.5770652371555254,-0.04069284565148972,-0.006442641515321637,-0.9461590929186114,-0.32106939369943,odom_lidar,unilidar_lidar
1786136054.721512,-34.1888441694191,16.36917463048077,1.6209288544431129,-0.03250770515080409,0.003497527552328958,-0.9453211100087582,-0.3244980976502923,odom_lidar,unilidar_lidar
1786136054.8879752,-34.023492575728106,16.54186122795347,1.656187628710792,-0.025172674967506276,0.014285274130733085,-0.9476532411763919,-0.31798679511242184,odom_lidar,unilidar_lidar
1786136055.0294065,-33.895088635222486,16.67059493863923,1.7387934680763022,-0.02202165017156717,0.019584926711700406,-0.9501991624944043,-0.3102467230517532,odom_lidar,unilidar_lidar
1786136055.1569114,-33.834774893182164,16.743548826738962,1.7605660026520127,-0.020399072014457405,0.014895709893340462,-0.9534961186437818,-0.3003450472689129,odom_lidar,unilidar_lidar
1786136055.2825582,-33.7106844575811,16.83725918261521,1.690811608161932,-0.027372555994157378,0.011334113100953535,-0.9560100455319893,-0.2918339834571797,odom_lidar,unilidar_lidar
1786136055.4057925,-33.76958491979582,16.546190811035128,1.6251105502823215,-0.03312758940288917,0.004160297008155346,-0.9555336414139554,-0.292985861220886,odom_lidar,unilidar_lidar
1786136055.5322053,-33.77920239856312,16.22262909760914,1.5254341990184446,-0.038963363734747486,-0.007236948688161732,-0.9543872426705132,-0.29592984622699603,odom_lidar,unilidar_lidar
1786136055.662557,-33.86429039288795,16.080638031674283,1.5463539679172573,-0.03304011446265131,-0.003889828759940087,-0.9529611873864431,-0.30126100876737044,odom_lidar,unilidar_lidar
1786136055.8013763,-33.894483043512146,15.942938198713383,1.6489247526895845,-0.03161782262499509,0.005989057832721062,-0.9532318504768584,-0.30052201868614387,odom_lidar,unilidar_lidar
1786136055.9404676,-33.81331488166249,15.934878616952732,1.783624846144424,-0.024240656608291097,0.016113386900534075,-0.9533832177225067,-0.30035510565807294,odom_lidar,unilidar_lidar
1786136056.0743756,-33.81817825954046,15.890686429038798,1.851270756390934,-0.017337902845945614,0.025310848025565724,-0.9538011626890606,-0.2988680313284236,odom_lidar,unilidar_lidar
1786136056.1969004,-33.87782755461191,15.90193149071214,1.7453392487801802,-0.02554400656787418,0.020984259882329822,-0.9555312955217439,-0.29303089912872526,odom_lidar,unilidar_lidar
1786136056.3167486,-33.95616308979695,16.053474033037883,1.5654507915187508,-0.032012059684708535,0.005756576782968521,-0.9559546261330081,-0.29170677508996146,odom_lidar,unilidar_lidar
1786136056.4431574,-34.10013854133479,16.190131779712562,1.482104737538078,-0.03371886835273259,-0.006155580549573491,-0.95575286561012,-0.2921670868238802,odom_lidar,unilidar_lidar
1786136056.5599246,-34.21637288589744,16.336509876204925,1.5161899404120225,-0.04042087551701281,-0.008177218114892113,-0.9554547090631309,-0.2922423392587521,odom_lidar,unilidar_lidar
1786136056.6909518,-34.28211748553335,16.410902134046886,1.5448999042542386,-0.04035889291134097,-0.006988610208737836,-0.9543219240303622,-0.29595943033684363,odom_lidar,unilidar_lidar
1786136056.8192737,-34.252853778386445,16.328320180877448,1.5919533029424244,-0.03895001303446451,0.001332671362103504,-0.9544101418076498,-0.29594324064988803,odom_lidar,unilidar_lidar
1786136056.9830086,-34.10865466976226,16.21587260020437,1.6527740029935174,-0.02709539531245811,0.0079948368462795,-0.9563322434653737,-0.29091332428259176,odom_lidar,unilidar_lidar
1786136057.1162472,-33.98016272099544,16.183104688985555,1.7253932159338503,-0.020303088366995205,0.016346658093396343,-0.9580617987372845,-0.28537372193707433,odom_lidar,unilidar_lidar
1786136057.2352662,-34.00800433454037,16.04714329248624,1.7633139739077655,-0.017182424213046707,0.01685305132915319,-0.9606207785204735,-0.27681845826060725,odom_lidar,unilidar_lidar
1786136057.3529906,-34.03840888978302,15.998828312263228,1.7320392448176816,-0.025650948067443443,0.014303460240336211,-0.9631465377720915,-0.2673690084247379,odom_lidar,unilidar_lidar
1786136057.4840047,-34.108060944505645,15.902226116247384,1.6847175944933936,-0.028473377511033494,0.013364421614895343,-0.9657108183104419,-0.25770773059066354,odom_lidar,unilidar_lidar
1786136057.6069295,-34.093918076723725,15.804885292104807,1.6319033940414203,-0.03351697563804589,0.01783706583089187,-0.9652165081856637,-0.2586803891919481,odom_lidar,unilidar_lidar
1786136057.742905,-34.06892911219437,15.731402833531208,1.6189994347069516,-0.040483581198600196,0.022163021761151175,-0.9638559637185222,-0.26239581041622945,odom_lidar,unilidar_lidar
1786136057.8762798,-34.102083025288714,15.613999053438175,1.7017284739914431,-0.03367551074486573,0.016098065973819013,-0.9653242786636477,-0.2583715333980957,odom_lidar,unilidar_lidar
1786136058.0120447,-34.01377749327226,15.624161984037931,1.6646461978789215,-0.02902007563417831,0.010608921232871724,-0.967113184636231,-0.2524626192196154,odom_lidar,unilidar_lidar
1786136058.1331177,-33.98629611610635,15.716986988490428,1.6457389841557806,-0.02326152265487496,0.008454754525017457,-0.9683653329157828,-0.24830626390931748,odom_lidar,unilidar_lidar
1786136058.2527027,-34.04755687524364,15.810583954210255,1.709013537313532,-0.02283021544035685,0.008787729662194073,-0.9691095158787982,-0.2454145539765166,odom_lidar,unilidar_lidar
1786136058.3882556,-34.04858469867671,16.158388398461135,1.7148475756745754,-0.027836207771644517,0.01578781413426216,-0.9673039817384071,-0.2515927212277395,odom_lidar,unilidar_lidar
1786136058.5162525,-33.88864018826852,16.354669510216002,1.6888309730121362,-0.028158621046103685,0.017161172712967028,-0.9646865001633289,-0.26132841907172194,odom_lidar,unilidar_lidar
1786136058.643444,-33.8554507303447,16.499617600881866,1.7007246706845285,-0.02557742175419415,0.00830028326923424,-0.9631051321772401,-0.26777864957445674,odom_lidar,unilidar_lidar
1786136058.78781,-33.939845491865945,16.69382564985541,1.7181432063961168,-0.028632783563681163,0.004384191164415635,-0.963048250133756,-0.26776670907254324,odom_lidar,unilidar_lidar
1786136058.924249,-34.14677761344355,16.790231823089456,1.6837927868504026,-0.029588126683440578,0.0009175771438659552,-0.9637100742092836,-0.26530471853905474,odom_lidar,unilidar_lidar
1786136059.0639267,-34.245878438607846,16.88269342282616,1.6092126523780959,-0.031608670783677816,0.0011997258708212784,-0.963099789857602,-0.26727934331961894,odom_lidar,unilidar_lidar
1786136059.1862717,-34.343031456296266,16.979417509359646,1.6223439118098573,-0.03172210140904616,0.0016999210064006227,-0.9618032286542076,-0.2718921990442314,odom_lidar,unilidar_lidar
1786136059.3000202,-34.45367342855868,17.063709206350502,1.6381994888114058,-0.03306640999075705,0.0036862461921230282,-0.9602998959025197,-0.2769785804876329,odom_lidar,unilidar_lidar
1786136059.4493012,-34.57364433086593,17.13664615752817,1.6357694880491387,-0.031894114096569275,0.004244875746064727,-0.9587410233900404,-0.28245423803673686,odom_lidar,unilidar_lidar
1786136059.5659359,-34.76973252356539,17.23624138981049,1.7126441697206718,-0.031090516340090538,0.0038980719934774196,-0.9575773924520988,-0.28646766360809284,odom_lidar,unilidar_lidar
1786136059.6940339,-34.970333412808316,17.391780547895962,1.7678487625212844,-0.037744868929307084,0.011243721634711058,-0.9567119079757526,-0.28835954766698085,odom_lidar,unilidar_lidar
1786136059.841106,-34.962558495216264,17.471282844554104,1.7579631954537878,-0.03762279497963659,0.01987072110127387,-0.9580367320037139,-0.28347010401888945,odom_lidar,unilidar_lidar
1786136059.9774847,-34.85315431001699,17.597663494973354,1.7237851117519083,-0.03334973372371973,0.018301588090847684,-0.9590955725635155,-0.2805147586544642,odom_lidar,unilidar_lidar
1786136060.105105,-34.70435975465574,17.585966124797558,1.6985970821447478,-0.02314795858584371,0.006010230188043056,-0.9595089918518631,-0.28066090518954767,odom_lidar,unilidar_lidar
1786136060.2272723,-34.56290084936609,17.606913674543637,1.703268266113228,-0.02127074960654724,0.0037907104183326984,-0.9606678274137371,-0.27685828703123544,odom_lidar,unilidar_lidar
1786136060.3461199,-34.566331577463835,17.602631669338592,1.6950043203066207,-0.024560635653879996,0.009045871011414774,-0.9620101219762347,-0.27175627427750837,odom_lidar,unilidar_lidar
1786136060.4670513,-34.59109206092197,17.607725273616246,1.718737430329827,-0.02857839056499887,0.013285666284591208,-0.9630291637961929,-0.26754737214574587,odom_lidar,unilidar_lidar
1786136060.6002307,-34.593724657364625,17.524580940242952,1.6937854497596576,-0.034544680484574715,0.01157642863460947,-0.962713434762477,-0.2680587507956427,odom_lidar,unilidar_lidar
1786136060.7301617,-34.50194325834515,17.426666131019477,1.6396117424022036,-0.031646188240413126,0.0021613910024990825,-0.9627104224207945,-0.2686679916200705,odom_lidar,unilidar_lidar
1786136060.8678894,-34.50130499628884,17.270796027712585,1.6410367694909787,-0.03928053697950325,0.00537524235397186,-0.9647967444056978,-0.259991130941816,odom_lidar,unilidar_lidar
1786136061.0054495,-34.47334626134126,17.0953519592141,1.688795162130017,-0.04533887328327759,0.010292855302455658,-0.968338749467562,-0.24527231800332455,odom_lidar,unilidar_lidar
1786136061.127239,-34.36827178283007,16.863558477217786,1.6937207493661741,-0.037674103346438496,0.010794122735923681,-0.973221855184144,-0.22650247116386388,odom_lidar,unilidar_lidar
1786136061.249616,-34.2519663418725,16.506360271686937,1.6849783774774276,-0.025708518629275187,0.01227752782753184,-0.9760861720038126,-0.21550897708280226,odom_lidar,unilidar_lidar
1786136061.377412,-34.1643172222334,16.042589802773698,1.6375023185767719,-0.01583632404277392,0.008975242955919959,-0.9768101633424665,-0.21333204317579302,odom_lidar,unilidar_lidar
1786136061.505705,-34.124528326348845,15.7869041526045,1.6018094364022957,-0.025424647452969348,0.010164064298581584,-0.9758566514983504,-0.21668888948271825,odom_lidar,unilidar_lidar
1786136061.6362169,-34.07116211676423,15.786217433369425,1.6534284559593286,-0.035123995655636425,0.0134775806469427,-0.9783439026196665,-0.2035383697389969,odom_lidar,unilidar_lidar
1786136061.7746065,-34.005316861625566,15.778281472516879,1.7078512599519464,-0.039869043103307036,0.014843882120416695,-0.9809874324365708,-0.1893509333674544,odom_lidar,unilidar_lidar
1786136061.9009156,-33.931701190800766,16.03519550183924,1.6811585548954278,-0.037735302560414366,0.021453990616651625,-0.9799455727691703,-0.19447994147828576,odom_lidar,unilidar_lidar
1786136062.0391223,-33.87294833955467,16.24888516534442,1.6738096665211242,-0.02988085634879838,0.019643239336772093,-0.9794365526690016,-0.1985580944411052,odom_lidar,unilidar_lidar
1786136062.1662912,-34.09748466989263,16.323962976608733,1.6355352381122072,-0.03197834523332141,0.011214940413268544,-0.9786478205093521,-0.20273148240951747,odom_lidar,unilidar_lidar
1786136062.2795274,-34.394056757394495,16.515873923620966,1.6809245311797827,-0.03386447089367985,0.009528759567188556,-0.9767706781278174,-0.21137985405881465,odom_lidar,unilidar_lidar
1786136062.3969045,-34.60542402056965,16.792875482684597,1.670817290874699,-0.029697724730416743,0.009385539407465102,-0.9755717777374288,-0.21746186626188144,odom_lidar,unilidar_lidar
1786136062.529818,-34.77440709270955,16.983450109969983,1.667928215602031,-0.025332993018811936,0.0063643660060827886,-0.9732719387291012,-0.2281654390843323,odom_lidar,unilidar_lidar
1786136062.676763,-35.0001973956484,17.190459497026357,1.7151630023076843,-0.027433492314521447,0.008754735655604645,-0.9702454250232201,-0.24040501934140393,odom_lidar,unilidar_lidar
1786136062.797114,-35.034152700956504,17.298271653390785,1.7102704947921514,-0.02923611140709657,0.009124179978260713,-0.9687565588278398,-0.24611527554696455,odom_lidar,unilidar_lidar
1786136062.9331949,-35.12747033874061,17.379876875545772,1.7301082875233156,-0.034660222983217574,0.016015344195196932,-0.9694431317802243,-0.24232662242769273,odom_lidar,unilidar_lidar
1786136063.071944,-35.164701697334195,17.615902611649545,1.715642637253243,-0.03878913261123251,0.013067631016063123,-0.9686091097790827,-0.24519590670292452,odom_lidar,unilidar_lidar
1786136063.1855767,-35.1231046934642,17.85178236234731,1.676866595436307,-0.03748783014809981,0.0064895484571265,-0.9675335045888954,-0.24986289410302528,odom_lidar,unilidar_lidar
1786136063.3076112,-35.07538829373316,18.107107429474507,1.6756815115712262,-0.037473766378300216,0.0030495495955481337,-0.9665333605645342,-0.25377092031301995,odom_lidar,unilidar_lidar
1786136063.423982,-34.984939036810715,18.401796570324258,1.7236798579581,-0.0361036415605315,-0.004161112531772606,-0.9660385665551606,-0.25582943563362137,odom_lidar,unilidar_lidar
1786136063.5504992,-34.91733626352891,18.71772214381807,1.7074436552901635,-0.037332252991665385,-0.00023637263629353904,-0.9646119439116883,-0.2610173263932054,odom_lidar,unilidar_lidar
1786136063.688397,-34.9187477924215,18.98639472356561,1.7517072497088433,-0.029166022129586067,0.01140146931497724,-0.9649831317561188,-0.2604359903637539,odom_lidar,unilidar_lidar
1786136063.8362155,-34.856463001728365,18.873479587073465,1.7342152764441008,-0.02006675199635807,0.008704079548008567,-0.9637783934862352,-0.2658058929230699,odom_lidar,unilidar_lidar
1786136063.9781613,-34.98809842182134,18.51200310280446,1.799000266800022,-0.019087890236759476,0.013994153848474834,-0.9658657204076159,-0.25795973764495095,odom_lidar,unilidar_lidar
1786136064.1026995,-35.07120163826063,17.865279215689707,1.8361846610129058,-0.020448717616413696,0.020125261465823552,-0.9693685226494841,-0.2439292747808946,odom_lidar,unilidar_lidar
1786136064.2229984,-35.07714548231766,17.207089462168913,1.8624979609529237,-0.021210753961739184,0.01721108534693251,-0.9716117650921882,-0.23499885189506334,odom_lidar,unilidar_lidar
1786136064.3464525,-34.99562389359045,16.699138827613712,1.7562778914158015,-0.017886369052085523,0.010300357477120886,-0.9736063179368686,-0.22729874199253577,odom_lidar,unilidar_lidar
1786136064.4857063,-34.76270206661897,16.31361346398023,1.7137563877553275,-0.01961897407958531,0.006218526177090031,-0.9758902040603679,-0.21728951978239322,odom_lidar,unilidar_lidar
1786136064.6024027,-34.442476785883755,16.07749627259696,1.6367258160741998,-0.021525949782061623,0.001481678109282516,-0.9792292630271323,-0.20160478304668286,odom_lidar,unilidar_lidar
1786136064.7312095,-34.1410684049941,15.881466315732638,1.5983471672102185,-0.029101898033963597,0.004224817964931662,-0.982209341728484,-0.18547247630115477,odom_lidar,unilidar_lidar
1786136064.8692153,-34.05382740040412,15.974409710246617,1.564299401011705,-0.031791846243174514,0.004301036885076162,-0.9840297627810035,-0.1750891360288406,odom_lidar,unilidar_lidar
1786136065.0034912,-33.948650250919435,16.123729387124605,1.6282131841271767,-0.03105339583098348,0.012382260618705374,-0.9847327781890347,-0.17083243775536364,odom_lidar,unilidar_lidar
1786136065.1354964,-34.30630880538257,16.247580493561742,1.7105812531926383,-0.03410774743405936,0.01982205194455031,-0.9820498288097373,-0.18445021430306813,odom_lidar,unilidar_lidar
1786136065.2683506,-34.54455904332496,16.343310953068812,1.6814703316302761,-0.027352759525814355,0.012918413901274965,-0.9784777939800965,-0.2041228743096722,odom_lidar,unilidar_lidar
1786136065.3919933,-34.78189345140555,16.404368350012774,1.6289391416074759,-0.02178651367194596,0.009786882358713918,-0.974628524977929,-0.22255067525187447,odom_lidar,unilidar_lidar
1786136065.51999,-35.057269666720345,16.668650595978992,1.695816333284438,-0.020667726177371688,0.0020714351965654835,-0.9710096131292526,-0.23813627498023696,odom_lidar,unilidar_lidar
1786136065.6443965,-35.2962515104969,17.147206810053888,1.74079818970458,-0.028051313482156167,0.003919010796780149,-0.9696478782477083,-0.24285954248498906,odom_lidar,unilidar_lidar
1786136065.7804163,-35.41800104233135,17.621789723905277,1.7902283803861037,-0.035195618024722375,0.009650815010988995,-0.9684280112118766,-0.2466076181744821,odom_lidar,unilidar_lidar
1786136065.9223666,-35.474250448754354,18.229540818262038,1.8483339951515723,-0.04068761313167928,0.009443383546853732,-0.9653707447730198,-0.2575163408042663,odom_lidar,unilidar_lidar
1786136066.04496,-35.40463656014033,18.82693444313971,1.790198052238287,-0.03867805128800888,0.012693691268211906,-0.9604403411771528,-0.27549451825773924,odom_lidar,unilidar_lidar
1786136066.175445,-35.15741665268418,19.059398108404565,1.6605304758691193,-0.028705525509642296,0.0006955267388174223,-0.9581924321637187,-0.28468012222834976,odom_lidar,unilidar_lidar
1786136066.301208,-34.97660178078847,19.147676147403274,1.7096429080734445,-0.02397496123127848,-0.0005110520789478445,-0.9595808281613687,-0.28040965440739213,odom_lidar,unilidar_lidar
1786136066.4250011,-34.90578936782824,18.851010608642625,1.7416348003257205,-0.026481578766846495,0.006073694090394394,-0.9648748975136527,-0.2613011067219768,odom_lidar,unilidar_lidar
1786136066.552484,-34.81728447791299,18.29270440679672,1.800174578222306,-0.029327972009776805,0.011300504960499821,-0.9692651450875586,-0.24400255565019316,odom_lidar,unilidar_lidar
1786136066.683792,-34.851203281989996,17.692902508815635,1.8134954381440083,-0.032362244195405156,0.01749559826202972,-0.9748266708708923,-0.2199080511278836,odom_lidar,unilidar_lidar
1786136066.839244,-34.80898867782983,17.07178337300176,1.742900680583033,-0.03179960960951449,0.01714858225651661,-0.9789412607414574,-0.20091968289144838,odom_lidar,unilidar_lidar
1786136066.9832838,-34.70466996107038,16.389587165264246,1.6035529641866497,-0.024408870438179357,0.004219319663108036,-0.9792643738644948,-0.20106638323024498,odom_lidar,unilidar_lidar
1786136067.106178,-34.62390734354225,15.85818385836525,1.5848753128797337,-0.03449284792305126,0.003136475078826145,-0.9784299133550747,-0.2036548811549052,odom_lidar,unilidar_lidar
1786136067.2307193,-34.378177626648494,15.921474439654693,1.5592003322005532,-0.045115331412850415,-0.003011131247908885,-0.9778956523747728,-0.2041461070572592,odom_lidar,unilidar_lidar
1786136067.3441942,-34.192874572908146,15.925245781852153,1.6058354247700686,-0.04118851572776233,-0.004701952064789906,-0.9760889709804769,-0.2133816265501747,odom_lidar,unilidar_lidar
1786136067.4747832,-34.00067341920554,16.02402866399614,1.6082990399868606,-0.029480998463096778,-0.0006071283946273596,-0.974596655035153,-0.22201770676912752,odom_lidar,unilidar_lidar
1786136067.6056948,-33.985999274833866,15.984696026877504,1.6340299825740863,-0.03190282479268338,0.004214719655216644,-0.9687579747566657,-0.24591143172662516,odom_lidar,unilidar_lidar
1786136067.742269,-34.189378640874935,15.988849586834446,1.6288133680700065,-0.0315010794973812,0.009356787629877182,-0.9595164491854986,-0.27972900503559117,odom_lidar,unilidar_lidar
1786136067.8943686,-34.4167461364252,16.08462252947389,1.6318604209838792,-0.03298850324140278,0.0062552399699019046,-0.9496030129571164,-0.3116516459279134,odom_lidar,unilidar_lidar
1786136068.044365,-34.620102222568775,16.316755282287218,1.6019745857422332,-0.034186594010713,-0.002178316594842641,-0.9382801732257007,-0.34417560671597364,odom_lidar,unilidar_lidar
1786136068.1713622,-34.83681490811073,16.59126536789932,1.580268202960188,-0.03068450889983758,-0.013375184073713917,-0.9287720861181286,-0.369136800403793,odom_lidar,unilidar_lidar
1786136068.2853792,-35.09914142417736,17.000028950166875,1.5936453555509806,-0.03117588056545119,-0.02211781071697924,-0.9237234016215485,-0.38114819193690547,odom_lidar,unilidar_lidar
1786136068.4080164,-35.31504357061221,17.51490944532836,1.6973716371932313,-0.030481596941034878,0.001039104597752659,-0.924117162776597,-0.38089009172107885,odom_lidar,unilidar_lidar
1786136068.538536,-35.555341511575435,18.037975894216313,1.8483719660339342,-0.03154995527727226,0.022704412621087314,-0.92363206426888,-0.38130423525570917,odom_lidar,unilidar_lidar
1786136068.667787,-35.46061995972153,18.39185166315073,1.8452150038316808,-0.03818523581508863,0.019958584193940285,-0.9182983744189412,-0.3935373403150577,odom_lidar,unilidar_lidar
1786136068.8037283,-35.156732688675056,18.584860423589625,1.718406457036262,-0.03342215648569908,0.004157393422725799,-0.9150865122014118,-0.4018486664440108,odom_lidar,unilidar_lidar
1786136068.9563818,-34.88910721568373,18.699822349971253,1.634115786203785,-0.025478739399606435,-0.005200351262598716,-0.9155595107952154,-0.40134096772915984,odom_lidar,unilidar_lidar
1786136069.0804107,-34.64677679187803,18.612472453391252,1.622951163813535,-0.031291168389127474,-0.00890368621393864,-0.9189426807141544,-0.39304699046619174,odom_lidar,unilidar_lidar
1786136069.1962295,-34.615644237532365,18.265582026195208,1.7365895712821633,-0.03984661530864781,0.010320399322398378,-0.9246840606189867,-0.3785037973963446,odom_lidar,unilidar_lidar
1786136069.3120148,-34.707623782846824,17.886258686590317,1.7657036705137767,-0.04206868274843745,0.019910427754832427,-0.9302297999686928,-0.36401417561495697,odom_lidar,unilidar_lidar
1786136069.4404058,-34.67435713159456,17.321171258889198,1.8093308206985217,-0.02876273435736631,0.02263138672166479,-0.934875059231463,-0.3530851867103894,odom_lidar,unilidar_lidar
1786136069.5641644,-34.63438527043761,16.680706084441805,1.7362252878469775,-0.02085781088158951,0.0155493561105641,-0.9405195611230265,-0.3387419731812465,odom_lidar,unilidar_lidar
1786136069.7126875,-34.581756957921044,16.124446461940593,1.663590334505873,-0.016067174046221048,0.01129292463252634,-0.9448747008981861,-0.326842646198405,odom_lidar,unilidar_lidar
1786136069.8535898,-34.50797336923235,15.918766252382406,1.6894642730145797,-0.03225735696514888,0.012151241950082436,-0.9439426735821412,-0.328304796235591,odom_lidar,unilidar_lidar
1786136069.992681,-34.47353506888779,15.773566428829628,1.643968755923987,-0.04227394575269787,0.007557852266407913,-0.94449898121592,-0.32569535898091384,odom_lidar,unilidar_lidar
1786136070.1112742,-34.50448105747071,15.782037855156597,1.5874872106756988,-0.035600433122120086,-0.00041690944442215536,-0.9439219603185928,-0.3282434586954286,odom_lidar,unilidar_lidar
1786136070.2368243,-34.62344284141104,16.14715115086674,1.55073564188337,-0.037141181293737766,-0.005180309742537563,-0.940623471958866,-0.33737394837646495,odom_lidar,unilidar_lidar
1786136070.3530743,-34.52713091743158,16.53867728857613,1.651929282220836,-0.041138486011781314,0.000921262613277964,-0.9386566089319778,-0.3423894664737453,odom_lidar,unilidar_lidar
1786136070.4672303,-34.45090943380673,17.15589538636595,1.6822294017094896,-0.04098975004934622,0.0057772327514456,-0.9358194416951511,-0.35004062123988355,odom_lidar,unilidar_lidar
1786136070.6011233,-34.425065167853305,17.801761178111562,1.6632006494446192,-0.03707455441361977,0.007542026639030737,-0.9326079568114954,-0.35890248555992954,odom_lidar,unilidar_lidar
1786136070.7424898,-34.38871246718828,18.45014974734388,1.6643958815597726,-0.03174386874172048,0.006124236601831136,-0.9288406600346847,-0.3690661848363848,odom_lidar,unilidar_lidar
1786136070.9033787,-34.350572821665246,18.94609116758211,1.674278960853532,-0.029672297769717394,0.005664930733747702,-0.9259037521767338,-0.3765497377636754,odom_lidar,unilidar_lidar
1786136071.0342116,-34.712962454748244,18.923474769312072,1.712874358344763,-0.03388001033042782,0.0007589854223633804,-0.9246969397217916,-0.3791927458566317,odom_lidar,unilidar_lidar
1786136071.153332,-35.10263219415138,18.958419500798453,1.7476937854007577,-0.03629923511177691,0.0034803320810958185,-0.9233727943680143,-0.38216872640223976,odom_lidar,unilidar_lidar
1786136071.2817998,-35.36789933801387,19.022016156115956,1.7551435935825763,-0.03417714088995834,0.008569081781993209,-0.9172817116056544,-0.39667714256281855,odom_lidar,unilidar_lidar
1786136071.402309,-35.54000072864899,19.147314227722823,1.7722544346660942,-0.04011146128661686,0.01700046097151497,-0.9108075402417953,-0.4105261010446215,odom_lidar,unilidar_lidar
1786136071.5311873,-35.7379511247603,19.065496112653758,1.748865636890164,-0.03371795540558493,0.007458801963147275,-0.910506450288832,-0.41205032427965926,odom_lidar,unilidar_lidar
1786136071.6670523,-35.88938804909373,19.02882709558597,1.7235115827150975,-0.03510831705348165,0.0008333581533632552,-0.911623381500519,-0.4095235303244731,odom_lidar,unilidar_lidar
1786136071.8224049,-35.855390375042695,18.966411446567218,1.715916530887558,-0.04097628028365258,-0.0006281571488464428,-0.9108366892537686,-0.41072749528360764,odom_lidar,unilidar_lidar
1786136071.9756234,-35.70898092423252,18.813646886448485,1.6792059379750732,-0.04361018742098573,-0.0011311076120416035,-0.9122043038787133,-0.407406652049066,odom_lidar,unilidar_lidar
1786136072.1033254,-35.60850645801435,18.704061412486826,1.700570899119016,-0.0411615726806569,-0.002146474236802945,-0.9129307947908577,-0.40602768563897046,odom_lidar,unilidar_lidar
1786136072.2148008,-35.573996442633145,18.678658979330738,1.7205879888661173,-0.03920007878820289,0.001950119810327227,-0.9143847693910204,-0.4029392564164657,odom_lidar,unilidar_lidar
1786136072.3414629,-35.48063443129452,18.605142777082715,1.7274970347786327,-0.03651680623923958,0.007418545089487653,-0.9170735092402187,-0.3969731309555742,odom_lidar,unilidar_lidar
1786136072.456274,-35.451828173253304,18.5665519277921,1.7415910642269474,-0.0310527744587462,0.010759687645871641,-0.9206128191315242,-0.3890912381060326,odom_lidar,unilidar_lidar
1786136072.5777266,-35.3882784059174,18.541239150167034,1.8181843947143963,-0.02943959246329175,0.01565725868325937,-0.9232046709937289,-0.38285936856955916,odom_lidar,unilidar_lidar
1786136072.700376,-35.26269802114666,18.451237188224336,1.845889579840424,-0.02852455102523362,0.018847285285561628,-0.9253912546578733,-0.3774680855766491,odom_lidar,unilidar_lidar
1786136072.8503537,-35.1311147111582,18.40406309975478,1.8312307917114048,-0.03325176126800884,0.010208626151933298,-0.9274179437596074,-0.3724057758915226,odom_lidar,unilidar_lidar
1786136072.9895225,-34.90537264213926,18.3427358989774,1.716322844067819,-0.03173115675350517,0.005554845836753771,-0.9307323913647548,-0.3642794161673967,odom_lidar,unilidar_lidar
1786136073.1124225,-34.76133382126089,18.29274399790518,1.611817940341315,-0.03167070115108428,0.004810154305633081,-0.9334769931493782,-0.3572037686880566,odom_lidar,unilidar_lidar
1786136073.236822,-34.7567480974987,18.2320904107589,1.608427076546992,-0.03435191524547953,0.0018237212801257919,-0.935206343981229,-0.3524283106348342,odom_lidar,unilidar_lidar
1786136073.3673792,-34.71263508186996,18.211546458431084,1.6574965194051745,-0.0362886800498297,0.002976349495897974,-0.9363594276073289,-0.3491493883351292,odom_lidar,unilidar_lidar
1786136073.4833724,-34.722359765343654,18.200657837019207,1.727522323290288,-0.03989182192833654,0.0027098039579328144,-0.9387573079163964,-0.342251393480447,odom_lidar,unilidar_lidar
1786136073.6060631,-34.85276952940546,18.21271142766398,1.8184406268169508,-0.04626415210364351,0.007952520756482992,-0.9398469081201898,-0.33835510183927825,odom_lidar,unilidar_lidar
1786136073.7391713,-34.945682175876414,18.158069193683215,1.8107777345714304,-0.04768719957407735,0.009051436756353063,-0.9387049326533512,-0.34128734506526215,odom_lidar,unilidar_lidar
1786136073.8842077,-34.95782583632592,17.992545660536344,1.6545515235344497,-0.03337819799473999,0.0041908176577118384,-0.9342175307057057,-0.3551139792631622,odom_lidar,unilidar_lidar
1786136074.0153058,-35.00291114741546,17.94088138483803,1.5949486666548518,-0.027943913289007485,-0.0022507630429633154,-0.9312071786757249,-0.3634105972018671,odom_lidar,unilidar_lidar
1786136074.1378167,-35.25277594618572,17.91158161019348,1.6341932826155579,-0.03664302677176684,-0.0034786003103726808,-0.9324991999135078,-0.35929156696136394,odom_lidar,unilidar_lidar
1786136074.254164,-35.393002431967936,17.856026687972804,1.661509558189319,-0.034846367248350225,-0.005063928344581782,-0.9318228418881854,-0.3612011609266223,odom_lidar,unilidar_lidar
1786136074.3844037,-35.60332873741995,17.989648541527544,1.7545006305706699,-0.03371875976584032,0.007815398657468773,-0.9349107189223964,-0.35319104239446136,odom_lidar,unilidar_lidar
1786136074.5062954,-35.750576832086956,18.025060405610223,1.8879213158429025,-0.041468614372399425,0.015292084311540948,-0.9373097796820787,-0.3456832120479315,odom_lidar,unilidar_lidar
1786136074.6509948,-35.6717469519364,18.21033070004961,1.828906462937801,-0.03582975523772418,0.008666612094675024,-0.9336879731573672,-0.356185186743768,odom_lidar,unilidar_lidar
1786136074.8018186,-35.58202071746527,18.371107372924946,1.7279205413851373,-0.03350862798779868,0.005299894070222662,-0.9300317284245305,-0.36590991664192435,odom_lidar,unilidar_lidar
1786136074.9402316,-35.47446301606838,18.566754395658634,1.6952564180691978,-0.03446953081261038,0.0006710244972392647,-0.9275344046863202,-0.37214423184415535,odom_lidar,unilidar_lidar
1786136075.0602987,-35.40500151731216,18.68506222519213,1.6703180214198847,-0.0378827263611209,-0.0018307058281660093,-0.9270230894442512,-0.37308141095055286,odom_lidar,unilidar_lidar
1786136075.1817799,-35.36861643592965,18.77242626934579,1.7114303930376635,-0.04102842401318384,-0.000934621532569152,-0.9256901587751545,-0.3760498967589468,odom_lidar,unilidar_lidar
1786136075.3088636,-35.36013132963101,18.879947816913685,1.7221973046471784,-0.044805794333672024,0.0014859442656648552,-0.924189409472012,-0.37929430286196225,odom_lidar,unilidar_lidar
1786136075.4308302,-35.37810232182991,18.967527779334535,1.7296033490616471,-0.04830030987743967,0.0055412992371639755,-0.9229863743700484,-0.3817492983565792,odom_lidar,unilidar_lidar
1786136075.551306,-35.275552134341574,19.002092880274123,1.7562411632159003,-0.033231146631678345,0.004093262462147658,-0.9247189068917364,-0.3791752620265619,odom_lidar,unilidar_lidar
1786136075.6959636,-35.14242909835096,19.095712514561892,1.7824345703245084,-0.01688925827035889,0.005532546434462644,-0.9305845021833554,-0.36564549522889567,odom_lidar,unilidar_lidar
1786136075.8252482,-35.13191086136315,19.03046147655921,1.7766759723982446,-0.00748449195337024,0.008021567217726282,-0.9347960683270033,-0.35501541865100456,odom_lidar,unilidar_lidar
1786136075.9562597,-35.16244293269114,18.730030351735127,1.7572347611629966,-0.023201777600576557,0.010010567130784584,-0.9370566720251908,-0.34826176860942876,odom_lidar,unilidar_lidar
1786136076.0814035,-35.2586142072869,18.398273754533808,1.7606476969746172,-0.031052214503552153,0.008813315526658722,-0.9349393524584056,-0.35333623175172707,odom_lidar,unilidar_lidar
1786136076.2067497,-35.32674128756748,18.194264132122406,1.7534454740080494,-0.04088930452066246,0.007850598251309569,-0.9336027804894941,-0.3558823979142529,odom_lidar,unilidar_lidar
1786136076.3343914,-35.549522990244036,17.972371027859957,1.7288268399285003,-0.04028978418254087,0.008114740399743057,-0.9364406359452341,-0.34841041837071224,odom_lidar,unilidar_lidar
1786136076.463611,-35.73120708046318,17.797257773083615,1.6891786930091492,-0.03267045397776862,0.004710373824235207,-0.9367687382044771,-0.34838884158094724,odom_lidar,unilidar_lidar
1786136076.5928874,-35.91560031772546,17.651771949694204,1.7332336579874388,-0.029251695617769462,0.005357886680995177,-0.9340586137885293,-0.3558793859740264,odom_lidar,unilidar_lidar
1786136076.73578,-35.801409917259214,17.65450856635255,1.7478562144573528,-0.032090370780895223,-0.0001352271127678939,-0.9354104900738485,-0.35210425285215663,odom_lidar,unilidar_lidar
1786136076.863886,-35.65459859241559,18.144450183963947,1.7042832387138436,-0.0258404254924833,-0.0024160862215264075,-0.9347489766939795,-0.35435968380629246,odom_lidar,unilidar_lidar
1786136076.990333,-35.48843108316527,18.675101848853874,1.785658637016387,-0.03399081469311566,0.00639075428946053,-0.934569547434683,-0.3540953879731304,odom_lidar,unilidar_lidar
1786136077.1159258,-35.304541831999906,19.062305360855753,1.8064502907445368,-0.03413900421478968,0.011195087236862751,-0.9349692052033206,-0.35290477998243763,odom_lidar,unilidar_lidar
1786136077.2342818,-35.11786070992181,19.336829702772082,1.759334642922667,-0.02971635911344948,0.014530324975249774,-0.9361010146301266,-0.35017238335654294,odom_lidar,unilidar_lidar
1786136077.3599868,-34.922329453398945,19.501266434960723,1.7747261317882999,-0.024054901372648287,0.014516165290030485,-0.9350527069699531,-0.35339365847930515,odom_lidar,unilidar_lidar
1786136077.4735105,-34.85301796853297,19.511706737951016,1.745758230275399,-0.016451185246998182,0.017215231262463063,-0.9341319525056115,-0.3561326854201995,odom_lidar,unilidar_lidar
1786136077.6181061,-34.92096016929072,19.509886854957443,1.7330538696148494,-0.014028707704469,0.016403448839331314,-0.9327271918358749,-0.3599362552401204,odom_lidar,unilidar_lidar
1786136077.7529652,-35.13742591476149,19.533090697714833,1.7410322259967284,-0.013698626452154365,0.013150740409875149,-0.9315077934378493,-0.36322532459142454,odom_lidar,unilidar_lidar
1786136077.8961623,-35.46833409116343,19.578231682419002,1.8441168287013108,-0.020650089613189357,0.014211611627368354,-0.929947329034647,-0.36683725153703534,odom_lidar,unilidar_lidar
1786136078.0247002,-35.78589535168207,19.683514167783436,1.9350922450178796,-0.029179393390300738,0.014228970765826977,-0.9269698576847848,-0.3737284874560262,odom_lidar,unilidar_lidar
1786136078.153541,-36.03560433758186,19.88257406363407,1.8804133069858429,-0.033364522521447317,0.006449804652655168,-0.9239769997039197,-0.380935312979778,odom_lidar,unilidar_lidar
1786136078.2647862,-36.09259930087767,19.971707541815295,1.8270072240865451,-0.03624601158331782,0.0013305781326694848,-0.920276669951333,-0.3895835044626766,odom_lidar,unilidar_lidar
1786136078.3823218,-36.003845654112645,20.085423416226863,1.791153168606723,-0.0355648255468855,-0.00808552945208674,-0.9183781899544945,-0.39401937466729403,odom_lidar,unilidar_lidar
1786136078.5237324,-36.08691141546032,20.0971296913967,1.756161150880644,-0.04592317934806062,-0.003938261356070655,-0.9201504957407686,-0.38884266340523277,odom_lidar,unilidar_lidar
1786136078.6579337,-36.020492648811285,20.114755682924557,1.7142883736423715,-0.047306858183928206,-0.00454074963336505,-0.9203025882067806,-0.38830991347303234,odom_lidar,unilidar_lidar
1786136078.8039196,-36.044482529326295,20.06945988159713,1.7114198199929913,-0.047569482345957814,-0.0038413726861743136,-0.9232768751944815,-0.3811590218482798,odom_lidar,unilidar_lidar
1786136078.9350054,-35.99394390929499,19.977806075901565,1.7271490333411774,-0.044434862604562815,-0.007664686665885413,-0.9272825539035303,-0.3716367322934777,odom_lidar,unilidar_lidar
1786136079.0705256,-35.882614446014706,19.91741554838015,1.7187312175947,-0.036596638187339735,-0.006312748029124687,-0.9317603434854125,-0.36116962440611183,odom_lidar,unilidar_lidar
1786136079.1851728,-35.642011646700084,19.887773249063645,1.7969954096775742,-0.032773849691610256,0.007359311534941877,-0.9346246567398874,-0.35404585342010625,odom_lidar,unilidar_lidar
1786136079.30755,-35.42769102276462,19.874144321014583,1.8477269456152292,-0.029170560279451533,0.016828740786277375,-0.9345655134078847,-0.35419369424820096,odom_lidar,unilidar_lidar
1786136079.4426281,-35.404590375641135,20.03299920290045,1.8276963140326683,-0.024949160440956884,0.010792364374953987,-0.9354389441064106,-0.3524415499250526,odom_lidar,unilidar_lidar
1786136079.574855,-35.509800022788944,20.054429542319937,1.7873293795966436,-0.02613599514016743,0.005786466138839288,-0.9353201383160606,-0.35278841453211357,odom_lidar,unilidar_lidar
1786136079.7122426,-35.65796071363739,20.118027575604653,1.7578473310065017,-0.033558129550175606,0.002553507538205416,-0.9356128309560302,-0.3514199227289044,odom_lidar,unilidar_lidar
1786136079.867361,-35.76733963551536,20.073296256094967,1.7351346280676205,-0.04356696640114941,0.002687843104558599,-0.934479450400379,-0.3533310794671936,odom_lidar,unilidar_lidar
1786136079.9977367,-35.87884312860461,20.043320313782846,1.6826858326171146,-0.04305324713859287,-0.003132563806334636,-0.9317967168662186,-0.36040461066995094,odom_lidar,unilidar_lidar
1786136080.1349404,-35.83692897286384,19.94821023959076,1.6862770718559354,-0.04459053440863477,-0.008448843375091254,-0.9297724220806874,-0.3653266270407726,odom_lidar,unilidar_lidar
1786136080.262523,-35.7902928318047,19.912603012038304,1.7015323142273766,-0.04579213365908837,-0.010725383141976647,-0.9294991335798852,-0.3658133503928592,odom_lidar,unilidar_lidar
1786136080.3752837,-35.92121620283062,19.99154144923215,1.7465248931022737,-0.04391038127637046,-0.0020960635845944362,-0.9302654539492761,-0.3642439706050884,odom_lidar,unilidar_lidar
1786136080.501451,-36.05870818984713,20.059633061954152,1.744596195661204,-0.039693868103923134,0.005967887437023019,-0.9313254447006631,-0.36196919372731073,odom_lidar,unilidar_lidar
1786136080.6345973,-36.16594599163835,20.102252935799093,1.7905027982996213,-0.033262172864752276,0.007790599034442896,-0.9335961675554452,-0.3566947299145099,odom_lidar,unilidar_lidar
1786136080.7621996,-36.14657505974144,20.099494487623268,1.8603719235277878,-0.03635216168664551,0.010219694947933008,-0.9363993984117579,-0.34889861683586126,odom_lidar,unilidar_lidar
1786136080.8963585,-36.07016668597,20.077232622369127,1.865622034828109,-0.03238908807608253,0.00832683477054289,-0.942911932667754,-0.33135886592796193,odom_lidar,unilidar_lidar
1786136081.0154188,-36.03844124255767,20.03613212500239,1.7905171947997225,-0.025645274143972198,0.004222369500050092,-0.9485193210011,-0.31565105606903615,odom_lidar,unilidar_lidar
1786136081.1439903,-36.301998010265145,19.95738513231359,1.7931997068379044,-0.03576190282483754,0.008183732649739239,-0.9603621781543822,-0.2763305983723761,odom_lidar,unilidar_lidar
1786136081.2687404,-36.312288394851585,19.924207866726025,1.8239137415268076,-0.04798228823924721,0.010565554217132895,-0.9682788648257693,-0.2449940999516731,odom_lidar,unilidar_lidar
1786136081.380158,-36.10112515148912,20.037869710815322,1.7957022178999977,-0.042250225405578906,0.002185105570830075,-0.9721146300522653,-0.23065838334031866,odom_lidar,unilidar_lidar
1786136081.5164344,-35.823685830574874,20.305626353215118,1.8528396717530393,-0.04123594882526125,0.006009964847984003,-0.9740887888995855,-0.22229374302293145,odom_lidar,unilidar_lidar
1786136081.6461463,-35.57454558975844,20.545956000455714,1.8017588099255046,-0.03259550476569942,0.007264319936344519,-0.9762015752366412,-0.2142784338901897,odom_lidar,unilidar_lidar
1786136081.7825975,-35.53976502777293,20.716900401449333,1.8028508228766387,-0.023789631388231463,0.013436118260834688,-0.9724527808881224,-0.23149322475495973,odom_lidar,unilidar_lidar
1786136081.9245803,-35.7671735935741,20.696769989868518,1.8734046436835918,-0.022949892231745768,0.008198249805467819,-0.9708410967038474,-0.23848198275247,odom_lidar,unilidar_lidar
1786136082.0404646,-36.02475257348311,20.70666766693557,1.9287353924640493,-0.022937603980503957,0.005634354619266622,-0.9667422677287053,-0.2546595927084197,odom_lidar,unilidar_lidar
1786136082.1536477,-36.2727709787963,20.732247985777704,1.9436061435999668,-0.03390160660780366,0.007179140018208535,-0.9617397379945171,-0.27176426803435105,odom_lidar,unilidar_lidar
1786136082.273799,-36.41110015743718,20.563656409694783,1.8250099933446824,-0.04093281638277156,0.005080447567083778,-0.9557216559252025,-0.2913671395183085,odom_lidar,unilidar_lidar
1786136082.392925,-36.57984233078207,20.408175020542554,1.7322967641997347,-0.04827026944584798,0.006762509025772755,-0.9513787604812356,-0.30414257127947314,odom_lidar,unilidar_lidar
1786136082.5299492,-36.911646614394265,20.40032583499672,1.7884598909702927,-0.057669938263196684,0.010417727944291504,-0.9512141442039032,-0.30291467615755086,odom_lidar,unilidar_lidar
1786136082.6632462,-36.95038969896449,20.50697313636071,1.9123055898922277,-0.05860047668163237,0.013486983381140622,-0.955736718345226,-0.2880128653700397,odom_lidar,unilidar_lidar
1786136082.8057375,-36.81000330463131,20.752956288986894,1.958956280074661,-0.05229486759650828,0.009077370827369315,-0.958595393820525,-0.2797815560540018,odom_lidar,unilidar_lidar
1786136082.9427872,-36.66769407608694,20.859232559036055,1.969593825881776,-0.04828375664497147,0.0012936574498360314,-0.96004180064598,-0.27565693589510176,odom_lidar,unilidar_lidar
1786136083.065453,-36.379347194961355,20.756824147401,1.8234396111791635,-0.04374953451688992,0.0010795724641604844,-0.9614356160211489,-0.27152600059457316,odom_lidar,unilidar_lidar
1786136083.1914139,-36.095923563391864,20.636284897565126,1.7079097919932609,-0.03655738138398274,-0.0007732996262686518,-0.9632658003039728,-0.2660487884557662,odom_lidar,unilidar_lidar
1786136083.2996798,-35.96073221687772,20.500812797314605,1.7024417024445335,-0.037481151862266394,-0.004280406767614385,-0.9668611575579699,-0.25250018490813847,odom_lidar,unilidar_lidar
1786136083.4325268,-36.130317379536464,20.383598000953935,1.9121314844892632,-0.038211002714265314,0.009584049088931882,-0.9728773388263537,-0.22794242446895124,odom_lidar,unilidar_lidar
1786136083.5630867,-36.113674833443326,20.127098350610794,1.932787495147178,-0.03806307544731229,0.013291661836558485,-0.9719127643103623,-0.2318622707205832,odom_lidar,unilidar_lidar
1786136083.6903436,-36.10387245840703,20.01837221485682,1.8797756013065743,-0.04289133991146886,0.01909151862340043,-0.9718361011362756,-0.23093384205328982,odom_lidar,unilidar_lidar
1786136083.829368,-36.14376073479663,19.903806383264094,1.7803146663277194,-0.04018178941760927,0.012944700743521713,-0.9715368110389674,-0.23309672524103256,odom_lidar,unilidar_lidar
1786136083.9573135,-36.14028611774721,19.80702320328557,1.7604136909202286,-0.04008112722655728,-0.0007434895352061016,-0.9721328866061524,-0.23097749076987895,odom_lidar,unilidar_lidar
1786136084.073464,-36.19852655306485,19.709478122948738,1.7693398414986299,-0.04122058014417772,0.003334712806816801,-0.973835154541917,-0.22346103741232912,odom_lidar,unilidar_lidar
1786136084.2031608,-36.27171603493984,19.592204701549527,1.8206991318457564,-0.04421291858913624,-0.0007745946395923565,-0.9759142065246011,-0.21362602682358964,odom_lidar,unilidar_lidar
1786136084.3247344,-36.31289618257934,19.56878757336375,1.8511043307625534,-0.04267411459867262,0.0001265865062673407,-0.9775367609819544,-0.2063995756972028,odom_lidar,unilidar_lidar
1786136084.4466643,-36.31678400016404,19.867144980031547,1.7885829181103228,-0.03234018642769478,0.003451394021675924,-0.9777660375967053,-0.20716123175818257,odom_lidar,unilidar_lidar
1786136084.5882707,-36.278598146353175,20.283165314058216,1.7408784082247237,-0.02748717049622619,0.007373789969410113,-0.9747198115585107,-0.22161085631110125,odom_lidar,unilidar_lidar
1786136084.7243595,-36.235197473359165,20.7726384713206,1.724058519284683,-0.025709087746378596,0.009810209572360047,-0.9706696058658809,-0.23883743183088135,odom_lidar,unilidar_lidar
1786136084.8607578,-36.46391797508502,21.123292982110122,1.8944006358185859,-0.04107946270073275,0.010090087834427244,-0.9665951446157024,-0.25279338258162914,odom_lidar,unilidar_lidar
1786136084.986059,-36.698304716106456,21.45880087445982,2.0528860875037047,-0.04846649291396352,0.009981272176769664,-0.9615077212661488,-0.2702855438530371,odom_lidar,unilidar_lidar
1786136085.1079075,-36.76828758964713,21.702350587922425,1.951850437682138,-0.04223007710617993,0.003766954517907954,-0.9600869708021638,-0.27646959893845724,odom_lidar,unilidar_lidar
1786136085.2206926,-36.992216094264016,21.90266609749778,1.7858018978019459,-0.04004257557058451,-0.0025594223543895524,-0.960379509266349,-0.2757920225101021,odom_lidar,unilidar_lidar
1786136085.346442,-37.250673445450175,22.06972070029125,1.7603244231023063,-0.04447833103017548,-0.0053286560797997234,-0.960744876888123,-0.2737929236236372,odom_lidar,unilidar_lidar
1786136085.479735,-37.34514247497991,22.027514718301088,1.918818851018666,-0.05105433855068561,0.001651473548064518,-0.9631868463472244,-0.2639352689088,odom_lidar,unilidar_lidar
1786136085.6137114,-37.307955216590486,21.6868571257882,1.9578841963832208,-0.04329009264762095,-0.000284885180907855,-0.9661017588564595,-0.2545059493478485,odom_lidar,unilidar_lidar
1786136085.7467093,-37.000185976982024,21.160233531741103,1.9050804789023588,-0.037284654371342305,-0.0013762826289056636,-0.9697058204580686,-0.24140957347271635,odom_lidar,unilidar_lidar
1786136085.8854175,-36.677376061009326,20.747428831731767,1.8843180364825942,-0.035211607885732216,0.001272402359107026,-0.9716517531005241,-0.23377637681984959,odom_lidar,unilidar_lidar
1786136085.9970806,-36.32846163984399,20.24941187883359,1.784018959587276,-0.03255868838255682,0.003418283784786595,-0.9713473576898816,-0.23539872101534318,odom_lidar,unilidar_lidar
1786136086.1244788,-35.95393746569553,19.809104878841133,1.6640725452693637,-0.029537568755923744,0.004606168549382342,-0.9703235176050463,-0.2399553842401819,odom_lidar,unilidar_lidar
1786136086.241044,-36.08908298178192,19.483888540268783,1.677096794555566,-0.038333926808260185,-0.001251817000204003,-0.9666173481224529,-0.2533374139726967,odom_lidar,unilidar_lidar
1786136086.3627272,-36.11957692889507,19.398468889822514,1.8113921326152531,-0.041816810547373684,-0.005523382362984421,-0.9615364465120982,-0.27141943304009086,odom_lidar,unilidar_lidar
1786136086.4743626,-36.19708710809968,19.41946045581635,1.9115472320773133,-0.05068041455723774,-0.007587711729293004,-0.9542183072919463,-0.29468855464695665,odom_lidar,unilidar_lidar
1786136086.605052,-36.53612087638156,19.48632682116298,1.9233999993663815,-0.06082820498856395,-0.009495886929014876,-0.9483466826317533,-0.31120463870361775,odom_lidar,unilidar_lidar
1786136086.760524,-36.81193805378893,19.789122140863636,1.9259574345747237,-0.05035800722572699,-0.0062264009837593864,-0.9457126342242378,-0.32101856100184617,odom_lidar,unilidar_lidar
1786136086.898028,-37.09377242147551,20.092565306461193,1.859084100792056,-0.03603673557171047,-0.0022273745484121133,-0.9440157284870753,-0.32791873514786013,odom_lidar,unilidar_lidar
1786136087.0306203,-37.294401183348654,20.39083897566313,1.8156645864000596,-0.02504445797331076,-0.003397228821247708,-0.9429274662928805,-0.3320376895348598,odom_lidar,unilidar_lidar
1786136087.155655,-37.33867267423597,21.063102009602932,1.7982406488645961,-0.025066848437197732,-0.0017978370412819167,-0.9439312935895704,-0.32918404255631806,odom_lidar,unilidar_lidar
1786136087.2805018,-37.34472549502969,21.64921468474954,1.86686624776377,-0.039137703341586644,-0.004380146140330283,-0.9442528669444955,-0.3268571213298499,odom_lidar,unilidar_lidar
1786136087.4049234,-37.23771252755293,22.15250357056375,1.9377035428275888,-0.05275479467042195,-0.0028995698787162762,-0.9441011681063525,-0.32539438918644703,odom_lidar,unilidar_lidar
1786136087.5304983,-37.135722052895844,22.518315994220092,1.9525339498275072,-0.05898200824512925,-0.004470068455279106,-0.9441787045017833,-0.3240797975139933,odom_lidar,unilidar_lidar
1786136087.6913743,-36.90207489610213,22.893640522483953,1.9198765736993817,-0.04873988511286539,-0.008139937084333138,-0.9437918335360277,-0.3268258557307712,odom_lidar,unilidar_lidar
1786136087.8312936,-36.51937415775888,23.06508388179584,1.8164594226842845,-0.03012885395479554,-8.671080310683824e-05,-0.9435465957618009,-0.3298667401647583,odom_lidar,unilidar_lidar
1786136087.9583428,-36.245806233382396,23.022001226403987,1.8094190727115949,-0.018014335285407263,0.012242102725345566,-0.9431705828707823,-0.33159443036980574,odom_lidar,unilidar_lidar
1786136088.0717127,-36.101158770868444,22.702304235453255,1.7971815574077996,-0.0005442672498721377,0.03392794421965787,-0.9356707870134424,-0.3512389168412778,odom_lidar,unilidar_lidar
1786136088.1895056,-36.127852371242895,22.2798938041122,1.9195371200944593,0.008943716171161981,0.04189752541747599,-0.9348146066996051,-0.3525425625452964,odom_lidar,unilidar_lidar
1786136088.3086984,-36.25904841252333,21.768729958269244,2.0029365779735677,0.01527234261654422,0.05867979244085362,-0.940907762670098,-0.33319066562143035,odom_lidar,unilidar_lidar
1786136088.4305916,-36.30311428377306,21.28830022247244,2.026306578264039,0.009730891138821432,0.061898872177715815,-0.9487802682838263,-0.3096608497954522,odom_lidar,unilidar_lidar
1786136088.5580566,-36.36804983286958,20.848836670502077,1.902268578055811,0.004286766680247215,0.06722134436127768,-0.9559893220817633,-0.285564932299718,odom_lidar,unilidar_lidar
1786136088.692208,-36.41968568116868,20.578496328801396,1.9316070371072869,-0.015166810178454839,0.031146415019795076,-0.963914238698718,-0.26394925484701887,odom_lidar,unilidar_lidar
1786136088.836189,-36.55402879621437,20.317497509516485,1.8917663684104162,-0.03326154462749169,-0.002767420514841047,-0.969832880512001,-0.24147503993266542,odom_lidar,unilidar_lidar
1786136088.9751964,-36.76575938283358,20.13800954583729,1.8413429124488274,-0.04965956879253947,-0.02106326434488937,-0.9711308264042987,-0.23236863843853847,odom_lidar,unilidar_lidar
1786136089.1025517,-36.997306281198725,20.05816662177152,1.7641218115182744,-0.049466943197528306,-0.028754922745278112,-0.9696292447326605,-0.23779256445014416,odom_lidar,unilidar_lidar
1786136089.2201684,-36.841687665902256,20.103022118898835,1.7070306202027665,-0.04898377207262832,-0.016004068215370034,-0.966806711489832,-0.25025835149363446,odom_lidar,unilidar_lidar
1786136089.3382552,-36.71683660757275,20.156559780434684,1.725096646035377,-0.051333950151195004,0.00021788666503759312,-0.9634587072122208,-0.26289179824450953,odom_lidar,unilidar_lidar
1786136089.4894984,-36.86797487297013,20.369309533745223,1.8599963444723127,-0.049213467271351334,0.012357419786939728,-0.9612350280809826,-0.2710213083975012,odom_lidar,unilidar_lidar
1786136089.616659,-37.049274600846765,20.50888440663592,1.9859195312979754,-0.04015562856571528,0.008202782529795779,-0.9619608253814687,-0.2700955576914674,odom_lidar,unilidar_lidar
1786136089.7445989,-37.152211297337296,20.66545710593369,1.967008616342672,-0.021373822627832786,0.00847666498369853,-0.9619649739090119,-0.2722034070860651,odom_lidar,unilidar_lidar
1786136089.8936784,-37.20426093684981,20.81867907412448,1.9933493590401545,-0.00028609731973208767,0.005210614490757123,-0.9628275317322128,-0.27006649511445746,odom_lidar,unilidar_lidar
1786136090.0217538,-37.34141209761258,21.140279876947268,2.060419504081546,0.006801386389700713,0.022575953672380623,-0.9610663720335214,-0.2753098182144719,odom_lidar,unilidar_lidar
1786136090.137408,-37.49949773939133,21.514632131561658,1.9922493005949704,0.009265132100133158,0.06427195179419888,-0.9559383641608529,-0.2862955072389437,odom_lidar,unilidar_lidar
1786136090.2644947,-37.54181487596084,21.84949451862253,1.9341577299421788,0.02355002870844443,0.09620709754329204,-0.9485361658847163,-0.3007802063614704,odom_lidar,unilidar_lidar
1786136090.3918302,-37.51582233361101,22.189718183220545,1.9745869427172003,0.03560703499712669,0.12041845797388748,-0.9426080023919924,-0.3093892174340961,odom_lidar,unilidar_lidar
1786136090.5224428,-37.41300143522303,22.430445833170474,1.9182583293176843,0.03725870397118637,0.10721404514660726,-0.9451982885028949,-0.30613254141447843,odom_lidar,unilidar_lidar
1786136090.6587164,-37.45044672024901,22.590892902843677,1.8374325272875518,0.014899881089109997,0.06378045828876577,-0.9498487845944714,-0.3057733361305575,odom_lidar,unilidar_lidar
1786136090.7946098,-37.452853557256816,22.672864120880387,1.8759120488220886,-0.015517893267090683,0.016762352380643858,-0.9524027816076435,-0.30398546037144897,odom_lidar,unilidar_lidar
1786136090.9276707,-37.49302399291367,22.773487376095446,1.9663687002061976,-0.051753810986516074,-0.028710336624899777,-0.9516650407763942,-0.3013816679616082,odom_lidar,unilidar_lidar
1786136091.0619774,-37.47464584493073,22.774051881614664,2.0606107482088043,-0.06850385878505512,-0.04809196881297917,-0.9521110155871093,-0.2940731165287507,odom_lidar,unilidar_lidar
1786136091.1821034,-37.49353787200126,22.80687179590412,2.2096569461551634,-0.08476747702386321,-0.06561968011492156,-0.9523040170024101,-0.2857019279278633,odom_lidar,unilidar_lidar
1786136091.3029006,-37.45619624356218,22.90020246808209,2.1085508112285893,-0.06899539233543422,-0.04747078673475493,-0.9574324645678008,-0.276241264178417,odom_lidar,unilidar_lidar
1786136091.438705,-37.33753249638678,22.938053069564816,1.8756994347834517,-0.05173159694116765,-0.011839779758520883,-0.9604266286309618,-0.27343070879063797,odom_lidar,unilidar_lidar
1786136091.5807462,-37.18481267535714,22.952360505111994,1.7992906138160394,-0.041888341682729716,0.013010941992418597,-0.961757194429183,-0.2703686024360958,odom_lidar,unilidar_lidar
1786136091.7274709,-37.07865514383378,22.938019477544987,1.8149618901432627,-0.03303971988575044,0.025816539541102426,-0.9622940732574172,-0.26876011566012215,odom_lidar,unilidar_lidar
1786136091.871713,-37.06520625662498,22.853827557008856,1.9035075210024752,-0.04502140903947377,0.010793860426928138,-0.9642849735540767,-0.26078929250066635,odom_lidar,unilidar_lidar
1786136091.9972906,-37.048168275918464,22.784666433888304,1.9702576562945928,-0.05008018928987332,-0.009486004102175469,-0.9669470461686264,-0.2498307432495694,odom_lidar,unilidar_lidar
1786136092.1216104,-37.03646294394685,22.734605338921202,2.0086923377372154,-0.060797097976434636,-0.036990589768061494,-0.9684687240491536,-0.23875455950590613,odom_lidar,unilidar_lidar
1786136092.2494955,-36.882558804757316,22.719407592002934,1.9167157426740917,-0.05613220032158013,-0.021904192395249537,-0.9716861502085732,-0.22846314349455188,odom_lidar,unilidar_lidar
1786136092.3692534,-36.73575514300642,22.888738751609143,1.8495713354404126,-0.048348690331943486,0.00483255161066771,-0.9739006232832269,-0.22171293727849578,odom_lidar,unilidar_lidar
1786136092.504007,-36.66123196803321,23.051821574042805,1.9284210887487923,-0.04277936216994467,0.005455685126942625,-0.9739191747326009,-0.22275906886207358,odom_lidar,unilidar_lidar
1786136092.6365392,-36.819974906124635,23.20932526367716,1.9672745263846876,-0.04249616982352371,-0.00820337995500001,-0.9715351144724302,-0.2329083541968515,odom_lidar,unilidar_lidar
1786136092.7832713,-36.942010406908686,23.363115749046187,1.9277587019720628,-0.04344252202684234,-0.01079805543038831,-0.9692466381130556,-0.24198575120326693,odom_lidar,unilidar_lidar
1786136092.9168057,-37.05927206002935,23.514581023158087,1.9117375686271063,-0.047633908577492313,-0.017646435848369536,-0.9667822259342448,-0.25050297737373806,odom_lidar,unilidar_lidar
1786136093.0324545,-37.265574247441094,23.52314202864976,1.9500474319283305,-0.05970593176324182,-0.034215659038495584,-0.9620510523394902,-0.2640497359993455,odom_lidar,unilidar_lidar
1786136093.1489055,-37.34731259684994,23.420156665105036,1.9707776962173162,-0.06695065832928962,-0.03663424967841056,-0.95799600440718,-0.27644022254305356,odom_lidar,unilidar_lidar
1786136093.2636302,-37.42110792587915,23.384793439197903,1.9627670071894192,-0.05914300629182136,-0.012937755356776711,-0.9534386727197095,-0.29544782391409263,odom_lidar,unilidar_lidar
1786136093.3888428,-37.53370365713235,23.332491201763624,1.9088691140196725,-0.06026600792494121,-0.002364968541075565,-0.9482458082100752,-0.311756800125694,odom_lidar,unilidar_lidar
1786136093.5169578,-37.76856225446703,23.26219981271767,1.861781469717398,-0.0564919010322284,-0.002745275539050374,-0.9422660311346489,-0.3300543215134998,odom_lidar,unilidar_lidar
1786136093.660798,-38.072864156908494,23.0928542970814,1.8898415123574215,-0.05161562590219826,-0.014702750603973845,-0.9379995053701878,-0.3424566895429037,odom_lidar,unilidar_lidar
1786136093.793128,-38.50948256466995,23.030203051544962,2.0379664449690833,-0.04835855674570402,-0.017787304025013276,-0.935401572891364,-0.349812748820503,odom_lidar,unilidar_lidar
1786136093.9277546,-38.88152209042314,22.98653496368779,2.1204024809364834,-0.03800667585773148,-0.010409748467633529,-0.9337870894274285,-0.3556526414153814,odom_lidar,unilidar_lidar
1786136094.0557778,-39.17528161319075,22.99865467079427,2.179437965018245,-0.021491526682587792,0.012804713148828426,-0.9333494316253265,-0.3580963446988924,odom_lidar,unilidar_lidar
1786136094.1780884,-39.4939324488739,22.821547035211033,2.13972260128625,-0.013644181159662205,0.024069422990719836,-0.9275106837271051,-0.3727712847973328,odom_lidar,unilidar_lidar
1786136094.3166995,-39.741635785160646,22.577824779915748,2.133679403671784,-0.01651246554015343,0.020052894891401822,-0.9265078172194897,-0.3753777890598168,odom_lidar,unilidar_lidar
1786136094.4421558,-39.865446590266195,22.324948985845147,2.1006544074800675,-0.022565225075589217,0.025857875348847276,-0.9234284089501225,-0.38223311531521814,odom_lidar,unilidar_lidar
1786136094.5811293,-39.97067316470249,22.112307816005202,2.0312468285905316,-0.03687407867323602,0.02552087285588288,-0.9181750382722136,-0.3936287419186931,odom_lidar,unilidar_lidar
1786136094.7422128,-39.93384540018754,21.841375404091686,1.9772114286035691,-0.04885897331778172,0.025402227871091334,-0.9078619749465989,-0.41563705560450015,odom_lidar,unilidar_lidar
1786136094.8843217,-39.82336399819359,21.45825803601422,1.9265805414632735,-0.06722057962388367,0.0024808950563914474,-0.8947030501483294,-0.44156731184500553,odom_lidar,unilidar_lidar
1786136095.015098,-39.62342322010531,20.949804503159793,1.9988502132400012,-0.07291720115913669,-0.022978371751420125,-0.8780385938633019,-0.4724439690517036,odom_lidar,unilidar_lidar
1786136095.1448698,-39.40378824040427,20.3568687260388,2.037470473694715,-0.06490128788571074,-0.04374847689739982,-0.8687490215672172,-0.4890286608430397,odom_lidar,unilidar_lidar
1786136095.2612534,-39.21027567954019,19.69030381272482,2.154291315036989,-0.04292697888674051,-0.04504832392296513,-0.8620765873273392,-0.5029432180449772,odom_lidar,unilidar_lidar
1786136095.377766,-39.08369789107296,19.002328151550437,2.1494123406330274,-0.0491944867299224,-0.043177011996235276,-0.8534563465559061,-0.51703763173864,odom_lidar,unilidar_lidar
1786136095.5008025,-39.08815078042429,18.4608925032781,2.0011636282587832,-0.09108641494786299,-0.03510347204196197,-0.8354269815420499,-0.5408629861379725,odom_lidar,unilidar_lidar
1786136095.653442,-39.00390972547407,17.695673076821166,1.986911939443519,-0.07040514329734764,-0.023351007615507645,-0.8172993148071119,-0.5714190023585547,odom_lidar,unilidar_lidar
1786136095.8068326,-38.90954815955465,16.881330596083085,2.024054829971012,-0.023598192143264352,-0.0028530321320600037,-0.792571691932672,-0.6093152703504195,odom_lidar,unilidar_lidar
1786136095.9309075,-38.98838374398662,16.22579281867266,2.031173325072218,-0.03846166965805146,-0.0030842397364885957,-0.766674249887298,-0.6408757929522004,odom_lidar,unilidar_lidar
1786136096.0497556,-39.160605996217356,15.631620459821802,1.949930677949951,-0.0794643582563764,-0.025792144762804118,-0.7324563875405752,-0.6756684256249125,odom_lidar,unilidar_lidar
1786136096.1696794,-39.47198022746942,15.044899796496738,1.812062388215305,-0.12988970452477375,-0.05203760785617573,-0.694343780244041,-0.7059089649972502,odom_lidar,unilidar_lidar
1786136096.2953258,-39.775648591387586,14.42956441969453,1.9482916328282465,-0.1319452711952367,-0.05175002620323356,-0.6590116189592639,-0.7386582878935768,odom_lidar,unilidar_lidar
1786136096.4202077,-39.964834606014236,13.869528397962217,2.1356893754541693,-0.12048026707879428,-0.05002813695795522,-0.6276340280300552,-0.76750063036841,odom_lidar,unilidar_lidar
1786136096.572698,-39.82073444637345,13.36988414860898,2.140284386031668,-0.08285746702403132,-0.03475061702131514,-0.6111636780463183,-0.7863879407848876,odom_lidar,unilidar_lidar
1786136096.700719,-39.23840351846311,13.715514421389873,2.0566853592444634,-0.08455346492356634,-0.02274659765238026,-0.6410309763110688,-0.7625041582013427,odom_lidar,unilidar_lidar
1786136096.8376894,-38.53389264107,13.854853795127172,1.8240875755838633,-0.030555092428041143,-0.003063650166585756,-0.6748586407470321,-0.7373078158974303,odom_lidar,unilidar_lidar
1786136096.9626236,-37.73422521525094,13.993404097107119,1.680471888308773,-0.02267600727941841,-0.006328825632091514,-0.7000680041398522,-0.7136879810110482,odom_lidar,unilidar_lidar
1786136097.0977986,-37.11367364469932,14.272880612094523,1.6804644812283511,-0.05310081420537249,-0.02587525936120879,-0.7068238694456201,-0.7049189968114336,odom_lidar,unilidar_lidar
1786136097.2225506,-36.538322736380536,14.604709299168793,1.7053410842203642,-0.06062435898270599,-0.03669130785075982,-0.692867234410515,-0.7175746863612604,odom_lidar,unilidar_lidar
1786136097.355759,-35.9762634647758,14.928366121071292,1.710779591499917,-0.07744066505191109,-0.026975671628208214,-0.687872009275134,-0.7211846888227139,odom_lidar,unilidar_lidar
1786136097.4769976,-35.391616178980364,15.151910800431692,1.6688531643698683,-0.06778892572199385,-0.016701043830479323,-0.6882633450556417,-0.7220936951235962,odom_lidar,unilidar_lidar
1786136097.60919,-34.584949653116105,15.489837887922077,1.6684645826975832,-0.009544716906121855,0.01836413247636649,-0.7012068615673465,-0.7126574172128183,odom_lidar,unilidar_lidar
1786136097.7336328,-33.98065783148601,15.873728941544307,1.6243649414585226,0.020732469483506332,0.030340585039366864,-0.7131386654728444,-0.700059181366972,odom_lidar,unilidar_lidar
1786136097.8668218,-33.68597446325694,16.32226503302201,1.4877525285829627,-0.0203345030667481,-0.0014897976182851268,-0.7293264479399645,-0.6838619896026971,odom_lidar,unilidar_lidar
1786136097.989676,-33.448043527053244,16.77810317598095,1.4883875758247345,-0.02307523872004604,-0.0035970455240835015,-0.7412519827333252,-0.670820462355931,odom_lidar,unilidar_lidar
1786136098.121476,-33.16986370945847,17.175496135323243,1.5865905416919797,-0.014672319546757006,0.0030874923116701735,-0.7445749580161533,-0.6673704535904978,odom_lidar,unilidar_lidar
1786136098.2427583,-32.94563412066337,17.55488652622637,1.6787070432431763,-0.008299975040756505,0.018294518716957926,-0.7494242412046949,-0.6617852579908419,odom_lidar,unilidar_lidar
1786136098.35648,-32.82789484751774,17.88370280228879,1.6071445237867112,-0.02699924485102322,0.01543555308085876,-0.7580819423877789,-0.6514173417281236,odom_lidar,unilidar_lidar
1786136098.4845684,-32.82279808753873,18.171344780216494,1.6075076183288235,-0.06383866794975822,-0.01571323636710551,-0.7587052754437181,-0.6481080339658999,odom_lidar,unilidar_lidar
1786136098.6285272,-32.912242809177215,18.43903626911746,1.61652434223688,-0.06446569110033085,-0.018412381602729035,-0.7497248135873675,-0.6583447901867677,odom_lidar,unilidar_lidar
1786136098.76994,-32.906783572724805,18.66989555858328,1.631450876531518,-0.03690787572571565,-0.008413388091493739,-0.7333484609377388,-0.6787982457626764,odom_lidar,unilidar_lidar
1786136098.9007342,-32.913845976543826,18.751926698031745,1.5715127856276125,0.0018751687406780276,0.0055356497530784,-0.7097087399151076,-0.7044709680406391,odom_lidar,unilidar_lidar
1786136099.0262392,-33.19737672270658,18.81001750577836,1.584898626885555,-0.01321051808655033,-0.00534981588368028,-0.6868915556237568,-0.7266201569559375,odom_lidar,unilidar_lidar
1786136099.1543558,-33.32382112576758,18.816400604857385,1.6698651574846801,0.02131716599018025,0.010422744585084508,-0.6418331998576435,-0.76647706318582,odom_lidar,unilidar_lidar
1786136099.2758133,-33.61592676777049,18.899048419547967,1.7182769879232902,0.022226499039593856,0.018444324120042523,-0.5899126123695276,-0.8069503698589878,odom_lidar,unilidar_lidar
1786136099.3989885,-33.71290714619262,19.238714729932358,1.6864670354010034,0.06711047212437712,0.020913478808718095,-0.5909846890183506,-0.8036142782960269,odom_lidar,unilidar_lidar
1786136099.5447178,-33.778087299765815,19.604761893922863,1.6100182041157844,0.09418646048312124,0.022762142483193165,-0.6005909170636149,-0.793663244627041,odom_lidar,unilidar_lidar
1786136099.692505,-33.93720576458297,19.995287464144887,1.6133846180096336,0.023506744118903317,0.010026969675302004,-0.6445709101948353,-0.76411729112137,odom_lidar,unilidar_lidar
1786136099.8287075,-34.16057700680025,20.34624722696986,1.7017021085172415,-0.044875246444328304,-0.003844749294130811,-0.6827753115869758,-0.7292388525351172,odom_lidar,unilidar_lidar
1786136099.956196,-34.27910729362859,20.64741226679238,1.8049896857818368,-0.12641938000853542,-0.028666489867301897,-0.6993580111687443,-0.7029187328070322,odom_lidar,unilidar_lidar
1786136100.0757997,-34.084310561392876,20.87587522039693,1.750762558205249,-0.09300588398381515,-0.023720625367002663,-0.6838189918571351,-0.7233110146071875,odom_lidar,unilidar_lidar
1786136100.2123353,-33.82259933503772,20.852589974667115,1.730990467280619,-0.014187532809182722,-0.0037103427776868907,-0.6618036197051407,-0.7495337992475284,odom_lidar,unilidar_lidar
1786136100.3370697,-33.72593653105846,20.85945326484149,1.7892946336057598,0.039616979188610416,0.008167964633449246,-0.6385586647361472,-0.7685093434722214,odom_lidar,unilidar_lidar
1786136100.479646,-33.732720083961276,21.084077201340044,1.806663810976688,0.014614965941723288,0.011134566230445325,-0.6076970535518599,-0.7939563686436242,odom_lidar,unilidar_lidar
1786136100.6337795,-33.795923525732185,21.00648580784058,1.8411557418278182,0.013417857123281259,0.015724503505446193,-0.5901433247918081,-0.807033801834469,odom_lidar,unilidar_lidar
1786136100.7619834,-33.89513997110425,20.85637202583335,1.8495587402078049,0.02527035403802056,0.016666437921770725,-0.5741358064027866,-0.8182002901857313,odom_lidar,unilidar_lidar
1786136100.8927844,-33.978327851695504,20.618765105159593,1.8529296580523145,0.05443658033570452,0.031086407094124108,-0.5475277076912944,-0.8344361589274815,odom_lidar,unilidar_lidar
1786136101.0179038,-34.16469414803913,20.43240050726206,1.8299246298677683,0.06637603820569303,0.04179582046989658,-0.527916853417451,-0.845666084705531,odom_lidar,unilidar_lidar
1786136101.1396873,-34.573293967082975,20.30451552824952,1.8037341390709134,-0.01848233539883614,0.0038545473411622684,-0.5014265258950527,-0.8649942108891931,odom_lidar,unilidar_lidar
1786136101.2594707,-35.04309201482963,20.31826577707512,1.6695969113415008,-0.11521142324587365,-0.04208987526688272,-0.48506136970499675,-0.8658349946575219,odom_lidar,unilidar_lidar
1786136101.3872466,-35.522247672061816,20.574973780562416,1.7752405186368954,-0.1693677583894542,-0.06219126347839628,-0.4921801800471823,-0.8515899714849955,odom_lidar,unilidar_lidar
1786136101.5397162,-35.95986943781393,20.833283490854395,1.9195290382794563,-0.16713851786333808,-0.05033669034117904,-0.5102132244071698,-0.8421480862009852,odom_lidar,unilidar_lidar
1786136101.6688972,-36.550199690596884,21.12026509203347,2.166555929194171,-0.18245526184316974,-0.03009446640893179,-0.5366874881045728,-0.8232684499173438,odom_lidar,unilidar_lidar
1786136101.8153543,-36.945511074061066,21.474349233984096,2.2224416811775836,-0.19780543367476305,-0.06309191979365182,-0.5219902106766613,-0.8272959809060028,odom_lidar,unilidar_lidar
1786136101.9496481,-37.25347356114928,21.70785985467662,1.8992766743826297,-0.20990107740200573,-0.06501949672961904,-0.4894486516149238,-0.843892185165165,odom_lidar,unilidar_lidar
1786136102.0757194,-37.57472761725363,21.90528800637596,1.6826392686770013,-0.22668774621675603,-0.07184288674262634,-0.46197688168256246,-0.8544171265433,odom_lidar,unilidar_lidar
1786136102.193601,-37.424492591952465,21.829817499374006,1.5634951541310826,-0.18646859371028737,-0.05518135366763311,-0.4318290108979712,-0.8807429744902852,odom_lidar,unilidar_lidar
1786136102.3176172,-36.99491173903165,21.850213097739296,1.7467348573345913,-0.11108404290718961,-0.00999768827574813,-0.42925353819920226,-0.8962710424776653,odom_lidar,unilidar_lidar
1786136102.4456196,-36.50270699946661,21.912245343752048,1.9732962877765732,-0.07243404547444622,0.011311663541794428,-0.44247763164827975,-0.8937778811399688,odom_lidar,unilidar_lidar
1786136102.5763047,-36.00796460614438,21.85118344846234,2.1276934170618746,-0.03250751101944613,0.01247682728619937,-0.46680425640566814,-0.8836749270573101,odom_lidar,unilidar_lidar
1786136102.715649,-35.455986787496556,21.82685367808359,2.200701061516803,0.05270004447504334,0.005901965207101387,-0.49430097569632686,-0.8676718374735244,odom_lidar,unilidar_lidar
1786136102.860065,-35.288548784674916,21.643213106073258,1.894853385378724,0.04107489051395562,-0.006503388567976595,-0.517801238260366,-0.8544895768600296,odom_lidar,unilidar_lidar
1786136103.0008247,-35.18843589672178,21.452113644228675,1.5489721077005494,-0.016690078542329716,-0.029643097910186104,-0.53826660893614,-0.8420877541734748,odom_lidar,unilidar_lidar
1786136103.1257126,-34.977308744937105,21.287881391996937,1.2005474940532292,-0.08959703972518879,-0.01755621790111485,-0.5651480949689581,-0.8199218136130111,odom_lidar,unilidar_lidar
1786136103.2508757,-34.616732234947115,20.917860933404366,1.287276737520524,-0.09257794359657107,0.0021271522646160476,-0.5893097478658876,-0.8025825942872902,odom_lidar,unilidar_lidar
1786136103.3825624,-34.10766272671303,20.332050480195335,1.6126540776730083,-0.054182065715143495,0.01445808023560501,-0.610969485642306,-0.7896654704903316,odom_lidar,unilidar_lidar
1786136103.51576,-33.612483419981814,19.75720445371922,1.9995579515125417,-0.011562979042815051,0.025236382537680683,-0.6319310553506392,-0.7745273163649523,odom_lidar,unilidar_lidar
1786136103.6596644,-33.166916103785006,19.34935807883784,2.106720850169236,0.0349736639771726,0.029645686444815307,-0.6477386155621032,-0.7604818617251287,odom_lidar,unilidar_lidar
1786136103.7995417,-32.939522944305864,19.026800223545735,1.8206048539242214,0.037061697018788066,0.0012271167081689153,-0.6601447897820052,-0.7502224878809916,odom_lidar,unilidar_lidar
1786136103.9178104,-32.93180989695514,18.665528534774573,1.4073752807217375,-0.007304880490606765,-0.0322953035425331,-0.6627252627834195,-0.7481302548077851,odom_lidar,unilidar_lidar
1786136104.0321066,-32.98341569446602,18.630363895035288,1.2958453477622218,-0.028903060601618555,-0.020750254230270267,-0.6671853085995162,-0.7440415338045363,odom_lidar,unilidar_lidar
1786136104.151404,-32.921326851369145,18.566834817018755,1.4808094182137217,-0.03515830013847603,-0.012274550466922302,-0.6688163832301215,-0.7424943601571579,odom_lidar,unilidar_lidar
1786136104.267511,-32.86243661073657,18.52995162619501,1.6895760839817755,-0.022979114859119666,-0.0028815494730108186,-0.6579857944622033,-0.7526741334992649,odom_lidar,unilidar_lidar
1786136104.3957946,-32.90939545160692,18.60655653612091,1.815729062804832,-0.022277067882752674,-0.020494051083375625,-0.6575953044850716,-0.7527630049596787,odom_lidar,unilidar_lidar
1786136104.5268936,-33.01345828192005,18.556487161613997,1.7554741349027165,-0.004710229879230183,-0.013373475675373872,-0.6487416506674907,-0.7608766224376093,odom_lidar,unilidar_lidar
1786136104.6686254,-33.0520303857532,18.548126719876894,1.6215777241378264,0.0027925748511080503,0.006800787941302268,-0.6306503402055988,-0.7760322797459142,odom_lidar,unilidar_lidar
1786136104.8046465,-33.16992902037135,18.47040127227104,1.5253727351103392,0.010179137440787127,0.013942756785641882,-0.6164863600609282,-0.7871763160518779,odom_lidar,unilidar_lidar
1786136104.9164603,-33.28748835380713,18.48612112808949,1.5828523268004737,-0.0036313818267305975,0.006698526538609472,-0.6095007236713434,-0.7927488950811278,odom_lidar,unilidar_lidar
1786136105.0378094,-33.41126290257328,18.570349555004878,1.6343433365760167,-0.037247804475377164,-0.016319148384140513,-0.6058331217786125,-0.7945517698764262,odom_lidar,unilidar_lidar
1786136105.1569502,-33.53248214848628,18.7633312044544,1.6132041993230302,-0.06049736547644788,-0.023328378343482524,-0.6072321063351646,-0.7918743742349743,odom_lidar,unilidar_lidar
1786136105.276746,-33.53536931514199,18.83515167839085,1.6479247681948088,-0.04065456623646472,-0.020380390519079535,-0.6128527558165182,-0.788887409973384,odom_lidar,unilidar_lidar
1786136105.3987794,-33.4670186616638,18.771895295012744,1.7303877278489885,-0.008935296183678635,-0.02216130737514132,-0.6288929530090134,-0.7771246300260579,odom_lidar,unilidar_lidar
1786136105.521105,-33.41389162542415,18.83681263993771,1.8331139425353098,0.014118647193688619,0.0005654582705593368,-0.6372653178399333,-0.7705149308979894,odom_lidar,unilidar_lidar
1786136105.6513925,-33.30339794888765,18.855813892545743,1.7962521457529406,0.03865903075608368,0.032025269787177874,-0.6500106360245224,-0.7582651478810394,odom_lidar,unilidar_lidar
1786136105.7988079,-33.301013071196564,18.82697075684464,1.6560380456700763,0.04749329703247286,0.03842139775454922,-0.663246028446349,-0.7459040747185371,odom_lidar,unilidar_lidar
1786136105.9207401,-33.354090449039724,18.78335459273852,1.4922211181942593,0.03694283015722429,0.03364212981473405,-0.6864455734698919,-0.7254625483545614,odom_lidar,unilidar_lidar
1786136106.0400562,-33.26238141263058,18.555900491127616,1.5839963705982552,0.0335818927688792,0.016483963975943188,-0.7162766930137278,-0.6968129120897643,odom_lidar,unilidar_lidar
1786136106.163303,-33.16302306614141,18.25291526387869,1.616589050025845,-0.002557757120339886,-0.002294644717217331,-0.7389193549675002,-0.6737851136219535,odom_lidar,unilidar_lidar
1786136106.2878094,-33.14143696591174,18.02089544540292,1.68791781311183,-0.04061870080966748,-0.025613740606725575,-0.7479120547958059,-0.6620586195555357,odom_lidar,unilidar_lidar
1786136106.4286027,-32.8254902136947,18.450218102589044,1.6310858111412538,-0.04439202042046976,-0.0184002519207627,-0.7801480807036764,-0.6237465442201754,odom_lidar,unilidar_lidar
1786136106.5656738,-32.41643102190293,18.832844888630532,1.5444185744212726,-0.019715829838693088,0.002368227909587704,-0.8133900888759531,-0.5813796013524288,odom_lidar,unilidar_lidar
1786136106.7045107,-32.081836388655674,19.089593484554566,1.4924515024299425,-0.005415210608611997,-0.01223022102745393,-0.8324502547193123,-0.5539383274385662,odom_lidar,unilidar_lidar
1786136106.842867,-31.923403776801994,19.074468365258763,1.466416913943895,-0.003853948163490879,-0.014589563644276273,-0.8245875461970484,-0.5655330851267266,odom_lidar,unilidar_lidar
1786136106.9618309,-31.7344474235421,18.843572270046916,1.6171695390317302,0.008580824439944295,-0.0001835932462231834,-0.7959682154466975,-0.6052775691730616,odom_lidar,unilidar_lidar
1786136107.084231,-31.694300580385672,18.709258697509185,1.7683228030469036,0.016720922295189195,0.012480772790006802,-0.7714892058498138,-0.6359001858195875,odom_lidar,unilidar_lidar
1786136107.204438,-31.873431052007454,18.72305781832019,1.7801966425887144,0.015273498971515018,0.029951646064484076,-0.7491885276309389,-0.6615029623466406,odom_lidar,unilidar_lidar
1786136107.3352869,-32.07699652638297,18.64237101784205,1.6956409771841026,0.028965814737782043,0.036840316949957576,-0.7196271361049023,-0.6927774228459382,odom_lidar,unilidar_lidar
1786136107.4688296,-32.07305189939822,18.619302954979275,1.5312616970069008,0.03765041392165245,0.01899130610158324,-0.6856351181863134,-0.726722960510898,odom_lidar,unilidar_lidar
1786136107.6158583,-32.09651749552772,18.846407352793623,1.496246053310983,0.018837204870884104,-0.005842085370088674,-0.6679099453810332,-0.7439807353771242,odom_lidar,unilidar_lidar
1786136107.7470815,-32.09656458027421,19.211934484347026,1.6290617428463157,-0.012424323189922998,-0.026290199432930275,-0.6710105669980913,-0.7408773721635379,odom_lidar,unilidar_lidar
1786136107.8679163,-32.160451623714955,19.38815601469037,1.6761640287697184,-0.05021392602433067,-0.017171184829647614,-0.6546027747459137,-0.7541080289585306,odom_lidar,unilidar_lidar
1786136108.0072567,-32.06961905953003,19.439771185523313,1.6045140786492658,-0.05154545948086501,-0.005725618960163216,-0.6444637551833242,-0.7628740073887941,odom_lidar,unilidar_lidar
1786136108.1355326,-31.95295611972989,19.44659617024578,1.5101438217967926,-0.031246776639489174,0.00817964577417529,-0.6346455596514218,-0.7721280631860137,odom_lidar,unilidar_lidar
1786136108.2547727,-31.88985846777831,19.385520721656867,1.4728429827151626,-0.007736497596048411,-0.0018321116357842243,-0.6262006508523962,-0.7796214048138594,odom_lidar,unilidar_lidar
1786136108.379835,-31.863858673084472,19.397287499851036,1.5018223060850606,0.008745139820994426,-0.00457538321408501,-0.630015407051583,-0.7765199129935971,odom_lidar,unilidar_lidar
1786136108.5069268,-31.974593448779554,19.338887061778156,1.538507844973201,0.00827336687138696,-0.003329699377930812,-0.625339559700184,-0.7803018003161625,odom_lidar,unilidar_lidar
1786136108.651433,-32.01961398822178,19.294127070837252,1.6070993617263565,0.014573294196145852,-0.0007851508729291379,-0.6166227032451536,-0.7871235255517514,odom_lidar,unilidar_lidar
1786136108.779953,-32.05066953472359,19.456749676807583,1.590558035238614,-0.007319907411249615,-0.0024051127984740326,-0.6235712606112684,-0.7817285445265454,odom_lidar,unilidar_lidar
1786136108.934948,-32.06665081102688,19.65135981145722,1.5878343197659628,-0.033296476702527944,-0.0080042190788559,-0.6223123997599875,-0.782019535702978,odom_lidar,unilidar_lidar
1786136109.0493436,-31.988187928162933,19.811838565113014,1.5751841197105474,-0.03631132061787647,-0.008166526485374189,-0.6191609581122195,-0.7843816059735897,odom_lidar,unilidar_lidar
1786136109.170816,-31.85193408563437,19.91420498467026,1.5386364954646818,-0.03779371603828112,-0.007128327555228821,-0.6176429617485457,-0.7855176597485047,odom_lidar,unilidar_lidar
1786136109.293858,-31.732604521926703,20.011856836280185,1.5356459846283101,-0.01921870398903201,-0.006396631860850405,-0.6051013818880203,-0.7958907224958882,odom_lidar,unilidar_lidar
1786136109.424073,-31.607931404381173,20.121291331522137,1.5894613227199708,0.006505291341129735,-0.005609739984615077,-0.5953449404519711,-0.8034243050095702,odom_lidar,unilidar_lidar
1786136109.56109,-31.672002832124747,20.22640746051472,1.589396821407298,0.00785503811946262,-0.011549425960689379,-0.5889478984150192,-0.8080502967567382,odom_lidar,unilidar_lidar
1786136109.7021122,-31.827643704844316,20.573399744206036,1.5338753160401881,-0.0013258636494416316,-0.011213961736446358,-0.5954780482529557,-0.8032922153218014,odom_lidar,unilidar_lidar
1786136109.8325212,-31.922971020779503,20.90489919825793,1.4651952018674097,-0.012896695990814801,-0.0038907778059656195,-0.6034287235521202,-0.7973031497948845,odom_lidar,unilidar_lidar
1786136109.9497123,-32.00383317485454,21.11627603154527,1.547356043889523,-0.013528739376275214,0.001941802308880415,-0.6024988847017516,-0.7980026920680326,odom_lidar,unilidar_lidar
1786136110.073984,-31.98866131583298,21.306272405784668,1.6431852798021822,-0.00412836181491955,0.00017459168971175124,-0.6045699984029852,-0.7965413003589213,odom_lidar,unilidar_lidar
1786136110.1936862,-31.994836937211467,21.287528262417474,1.7921399285720727,0.011651980673730794,-0.00035232570444314977,-0.6074898899312634,-0.7942418654567881,odom_lidar,unilidar_lidar
1786136110.3184114,-32.06593189690224,21.204366526521667,1.8842819822553882,0.026320911187626597,-0.004926644029479879,-0.6027014095498266,-0.7975173657918128,odom_lidar,unilidar_lidar
1786136110.4465647,-32.132768530616374,21.0674341394126,1.7965338571083085,0.02979217196664128,-0.00597872439347668,-0.5923324271486545,-0.8051204736511928,odom_lidar,unilidar_lidar
1786136110.5828345,-32.24062144306862,21.058529474435375,1.576605431834944,-0.002686824608497234,0.006129301303332488,-0.5807799487529706,-0.8140330851787004,odom_lidar,unilidar_lidar
1786136110.7224553,-32.2930989984738,21.028390648627408,1.5191545285295929,-0.001536252608704655,0.007432253008858289,-0.5632074186962205,-0.8262807059762891,odom_lidar,unilidar_lidar
1786136110.846057,-32.315564214566116,20.940355778368936,1.5259647328228059,-0.003958172535020324,0.00521370065161379,-0.5454872176052107,-0.8380935780836313,odom_lidar,unilidar_lidar
1786136110.9688163,-32.34646969948597,20.921809358568787,1.6058660859046623,0.003519353648548314,0.0044100397079613945,-0.5392712122123118,-0.8421132497346983,odom_lidar,unilidar_lidar
1786136111.1024437,-32.28614688547372,20.962445729163154,1.6054495777763935,0.008923071745202063,-0.004778068248804097,-0.5765905581998362,-0.8169705484589033,odom_lidar,unilidar_lidar
1786136111.235092,-32.18455056632009,21.009820338913237,1.6525779246013816,0.01858010672070166,-0.0157699059831939,-0.6134421018487202,-0.7893635901021487,odom_lidar,unilidar_lidar
1786136111.3660576,-32.11253218458209,21.194556578804946,1.6212697843232267,0.028220101510872318,-0.02453637262980633,-0.6565838356987793,-0.7533254668388463,odom_lidar,unilidar_lidar
1786136111.5161338,-32.00795010718357,21.341484914373815,1.6338507629672,0.023725131232181194,-0.01963413832775246,-0.7056272993219037,-0.707913648132185,odom_lidar,unilidar_lidar
1786136111.6548245,-32.09366473798052,21.51596630475928,1.5907324814786188,-0.007404842659074825,0.011782064354910835,-0.7626715896998061,-0.6466362173042134,odom_lidar,unilidar_lidar
1786136111.7953227,-32.257530916947914,21.704550195863188,1.4954010409613987,-0.03937308528431354,0.022181345215664196,-0.8084282744820586,-0.5868572851192861,odom_lidar,unilidar_lidar
1786136111.9299412,-32.431003788837046,21.777700470672883,1.5296808400863986,-0.05549502559109631,0.015233485004898534,-0.8542517392178302,-0.5166645034377351,odom_lidar,unilidar_lidar
1786136112.0459955,-32.5483798959767,21.80175309122797,1.5524218004342871,-0.073538933802277,0.022917843134517356,-0.8941719794177309,-0.44104792132540765,odom_lidar,unilidar_lidar
1786136112.1743665,-32.81455431926776,21.95002103510116,1.5273594267315345,-0.10393920904760229,0.0284227280881626,-0.9289640452820609,-0.3541392267509693,odom_lidar,unilidar_lidar
1786136112.2938144,-33.123520940016284,21.67133610232199,1.3201905504612466,-0.06940780911010085,-0.003692522423191305,-0.9654574605334841,-0.25111912155972127,odom_lidar,unilidar_lidar
1786136112.4198523,-33.46753954766629,21.555409920673895,1.3978211368858893,-0.01662782730487582,-0.005740683905811474,-0.988706741975785,-0.1488272094713912,odom_lidar,unilidar_lidar
1786136112.5530183,-33.899777439353684,21.4910431914148,1.5248985483898534,0.021146470935702034,0.0012063837604664519,-0.9984662146305789,-0.051152611335793054,odom_lidar,unilidar_lidar
1786136112.6844742,-33.97938326615796,21.28776382026205,1.68992841545793,0.030197473768471345,0.039842733434722576,-0.997821672748373,-0.04304159109618385,odom_lidar,unilidar_lidar
1786136112.8130603,-33.77618034017879,21.269886302690587,1.7594583313888768,-0.012215797214854074,0.05137497341492323,-0.9935344933312285,-0.10050172618458184,odom_lidar,unilidar_lidar
1786136112.9287372,-33.494009525578704,21.0618185516308,1.653128831454496,-0.03605870933013892,0.035720989834727115,-0.9867700313107356,-0.15397625035596155,odom_lidar,unilidar_lidar
1786136113.044545,-33.20962796110476,20.821677465399056,1.5524618518931945,-0.0486059256214241,-0.007524033934169186,-0.978248191087368,-0.20152252862182546,odom_lidar,unilidar_lidar
1786136113.1794374,-32.83631288272619,20.543798980053356,1.5551580076755513,-0.039683379851199393,-0.0231968952016175,-0.9685196527596883,-0.2446565258374345,odom_lidar,unilidar_lidar
1786136113.3023498,-32.83201296941004,20.361452549549295,1.515192388218403,-0.02621833559637689,-0.001314221085901325,-0.9686110658162822,-0.24719117071558053,odom_lidar,unilidar_lidar
1786136113.4289465,-32.975422651655045,20.013943162775732,1.5359384672628742,-0.022579324058215965,0.016221775972663104,-0.9708312673754388,-0.23814633819474598,odom_lidar,unilidar_lidar
1786136113.5699708,-33.14594968406985,19.643295668283777,1.610474293737778,-0.03279061613666576,0.020207780031825526,-0.972713660693818,-0.22878932540482586,odom_lidar,unilidar_lidar
1786136113.7079337,-33.29112301557656,19.257270916647556,1.5866282612981513,-0.039113387009082484,0.016675741491059135,-0.9742570290754674,-0.221394001498336,odom_lidar,unilidar_lidar
1786136113.8461745,-33.310481226580606,18.932153324655033,1.583473383723058,-0.03351348794884467,0.01429661237689544,-0.979292921438241,-0.1991427302740488,odom_lidar,unilidar_lidar
1786136113.9606907,-33.39559565161966,18.60792579155288,1.586854655342431,-0.02285390094742442,0.015310318552273777,-0.9831250650657998,-0.18085463719982497,odom_lidar,unilidar_lidar
1786136114.0879595,-33.36155256835082,18.261975639607016,1.6040969957306441,-0.010453241423723256,0.007636419012337508,-0.9857984328211655,-0.16743316486210116,odom_lidar,unilidar_lidar
1786136114.2099802,-33.376354459434594,17.842258406748364,1.5128547322223198,-0.010167378575569572,0.008419896200308582,-0.9864962513688761,-0.16325095955623786,odom_lidar,unilidar_lidar
1786136114.3358195,-33.38800327976952,17.65786279184118,1.563567413152399,0.0029273194253020044,0.038616761557454256,-0.9789782577535194,-0.20025420688135562,odom_lidar,unilidar_lidar
1786136114.4858909,-33.46127833050344,17.442876073074576,1.610393136073418,0.014625048728738162,0.060652248695184256,-0.969840548559582,-0.23561986980632285,odom_lidar,unilidar_lidar
1786136114.6409893,-33.519009241409904,17.157786490202284,1.726526803083575,0.02041408314613228,0.06794708289354237,-0.9619842615508077,-0.2637285340347303,odom_lidar,unilidar_lidar
1786136114.7828245,-33.5329794171953,16.797447547556025,1.798596018707776,0.01505922173496999,0.05091029649261949,-0.9520992854025206,-0.30114500209663186,odom_lidar,unilidar_lidar
1786136114.906719,-33.646124526140134,16.553040007157882,1.7634146391615184,-0.010067292403518984,0.01907087922878902,-0.9409877483164989,-0.3377528811236823,odom_lidar,unilidar_lidar
1786136115.022554,-33.81666572454516,16.391527704860806,1.6519030462234408,-0.030640227057323402,0.0008570478341142027,-0.928998182685525,-0.36881271469660276,odom_lidar,unilidar_lidar
1786136115.1495094,-34.004078021132244,16.3348759341333,1.529854170392723,-0.035312179604635785,-0.011583931111170028,-0.9218465655357161,-0.38576906579142206,odom_lidar,unilidar_lidar
1786136115.2684782,-34.158956099945115,16.56305224574782,1.4851129784556447,-0.037949196547035616,-0.013307724786593622,-0.920846266752114,-0.3878465108146952,odom_lidar,unilidar_lidar
1786136115.3952568,-34.115883690850225,16.69665928541146,1.4918090929691774,-0.03512538642987975,-0.01069749952275132,-0.9208669749534363,-0.38814402632556355,odom_lidar,unilidar_lidar
1786136115.533549,-34.04618583586442,16.823891207511537,1.4898054914063685,-0.03932340027280091,-0.01643259035916444,-0.9220517811926296,-0.384713078754248,odom_lidar,unilidar_lidar
1786136115.6858766,-33.95796209743913,16.92720894085844,1.484697979198235,-0.038570767871367935,-0.017076008217794363,-0.9242136380025852,-0.37953900608394053,odom_lidar,unilidar_lidar
1786136115.8217974,-33.9074192311641,16.98973360020284,1.5092944272328168,-0.031056846193268102,-0.008484511331203058,-0.926462638880083,-0.3750072854376985,odom_lidar,unilidar_lidar
1786136115.9460683,-33.92345668639007,17.149204191726216,1.5687595785462773,-0.0376864514098764,0.0022532846194195074,-0.9278075168951128,-0.3711439958849935,odom_lidar,unilidar_lidar
1786136116.0630937,-33.97277315126527,17.29098930287101,1.6481352048978735,-0.035718410479852074,0.013621556881920474,-0.928940367491689,-0.36825051525464486,odom_lidar,unilidar_lidar
1786136116.1832743,-33.98056419140407,17.43425750452502,1.7471124644752385,-0.02768909283667303,0.024734325718235892,-0.9300148938309037,-0.3656416613596419,odom_lidar,unilidar_lidar
1786136116.31628,-34.05047953357827,17.53644128002292,1.7605772416406802,-0.0200628188202971,0.02873773535736121,-0.9307195729819385,-0.3640504118056074,odom_lidar,unilidar_lidar
1786136116.4442554,-34.21756116673888,17.53709689406273,1.7268547639704321,-0.02318971460990575,0.011486122697704396,-0.9330609335834484,-0.3587862878400849,odom_lidar,unilidar_lidar
1786136116.5831285,-34.34214844535504,17.547782842395748,1.6679235508196895,-0.03795177760394839,-0.0014756758051056047,-0.9320406913693438,-0.3603576481627308,odom_lidar,unilidar_lidar
1786136116.7200904,-34.40051182502987,17.468117796141204,1.6207964820518697,-0.04520908558800484,-0.0203257072118657,-0.9247922290170671,-0.3772298203433531,odom_lidar,unilidar_lidar
1786136116.8468618,-34.402532531288465,17.359537115067972,1.52924121567131,-0.03666124062027018,-0.02007689695881027,-0.9213106547391462,-0.38657411851909285,odom_lidar,unilidar_lidar
1786136116.9748974,-34.392727500697184,17.270387094432696,1.4748577828050962,-0.026049724582322933,-0.014276831887724672,-0.9185721585064622,-0.3941354761211093,odom_lidar,unilidar_lidar
1786136117.1029296,-34.43547572389783,17.185977751025984,1.5061267986831208,-0.035831189608449554,-0.006798177144300952,-0.9162358269145365,-0.3989759643349378,odom_lidar,unilidar_lidar
1786136117.2290926,-34.44308228429758,17.265528189432324,1.6754210320280294,-0.036332096109370826,0.003875885612229899,-0.9222067863524573,-0.38496701093534447,odom_lidar,unilidar_lidar
1786136117.361296,-34.42416864003496,17.302799530683238,1.8189724701470689,-0.03402915842566113,0.0056220554098972055,-0.9280098151156249,-0.37095578162211346,odom_lidar,unilidar_lidar
1786136117.4890456,-34.356832459990294,17.199717227937224,1.782833109382457,-0.03882661609553558,0.007932397820513547,-0.9285484090831074,-0.3690899930052525,odom_lidar,unilidar_lidar
1786136117.6246037,-34.3458706096471,17.111875189333464,1.6256187476475599,-0.034715532103635774,0.0009271045632425251,-0.9287328632115087,-0.3691195485189632,odom_lidar,unilidar_lidar
1786136117.7531593,-34.3263955244725,17.01169110978462,1.4549502705785726,-0.0343293155071324,-0.005286190257505968,-0.9284868639296424,-0.3697373362259634,odom_lidar,unilidar_lidar
1786136117.8735077,-34.346542364469016,16.87255280865711,1.4863268862956593,-0.02680451850923592,-0.015695207962187405,-0.9267005512875464,-0.37451470795933967,odom_lidar,unilidar_lidar
1786136117.9950504,-34.265476073840915,16.69073550363728,1.5600098317294655,-0.018560234425086038,-0.004573692445812991,-0.9222963901301222,-0.38601032083150644,odom_lidar,unilidar_lidar
1786136118.1140375,-34.21691459039869,16.54833682683627,1.627524568530463,-0.01425259384810881,0.0026037933468310587,-0.9184657488885654,-0.395235059107077,odom_lidar,unilidar_lidar
1786136118.2415478,-34.043348238155296,16.483259431387687,1.673283433615878,-0.01574695468036162,0.008653685685897654,-0.9157328036363908,-0.40138582372398207,odom_lidar,unilidar_lidar
1786136118.3673873,-33.86607871278935,16.39281361145043,1.7009526060850435,-0.024304575105999867,0.009015533212672186,-0.913892406424716,-0.4051279764087513,odom_lidar,unilidar_lidar
1786136118.499973,-33.69369000286975,16.253468126214276,1.6722908794285356,-0.02473544644006491,0.0074640875789189305,-0.9084107457891875,-0.41727971676173914,odom_lidar,unilidar_lidar
1786136118.638895,-33.58941415081676,16.133557325451232,1.6361521022400023,-0.016127715110476448,0.0006769430657650802,-0.8997399001243989,-0.43612790632741893,odom_lidar,unilidar_lidar
1786136118.768787,-33.612260913212964,15.998623081864418,1.5595715533999195,-0.018428339640056073,-0.001438516643301661,-0.8901487195629818,-0.45529505161857603,odom_lidar,unilidar_lidar
1786136118.8920186,-33.738003164855755,15.868521941451569,1.540727884043442,-0.028825627800160625,-0.004286015732739119,-0.8771803989578361,-0.47927576710620057,odom_lidar,unilidar_lidar
1786136119.02006,-33.4997104256912,15.794644437700184,1.6522027778628514,-0.04318316064229582,0.029658195271503623,-0.8540511910823758,-0.5175443643794745,odom_lidar,unilidar_lidar
1786136119.147139,-33.242297988567344,15.640694467921557,1.735799880680244,-0.03882827834811627,0.04319788194439193,-0.8343241111790389,-0.5482057873657906,odom_lidar,unilidar_lidar
1786136119.2748082,-33.28143414990604,15.295652089584426,1.6599011560224544,-0.0421885791209256,0.03733405000295153,-0.8053854145483902,-0.5900683236158777,odom_lidar,unilidar_lidar
1786136119.3954546,-33.44869452302204,14.909757871067942,1.5063165873434596,-0.03537745728571464,-0.002723579039025193,-0.7861299050502283,-0.6170419677938728,odom_lidar,unilidar_lidar
1786136119.5359588,-33.55800014678891,14.510675729731396,1.4216293488936256,-0.040912947702270434,-0.03674824743201484,-0.7645287094655565,-0.6422394798078964,odom_lidar,unilidar_lidar
1786136119.6750867,-33.482416984854815,14.20893128509641,1.4635445252978023,-0.04144537729871418,-0.034055281090814085,-0.7546369532423566,-0.6539461654689064,odom_lidar,unilidar_lidar
1786136119.8008928,-33.366097631459446,13.959569676917411,1.5774936234131796,-0.022417665472204085,-0.021695180961782277,-0.7499543791761657,-0.6607535066515378,odom_lidar,unilidar_lidar
1786136119.9258864,-33.274531228876995,13.831938733919001,1.677094134757042,-0.0111550121083234,-0.008444041813214377,-0.7483319514401734,-0.6631768650341037,odom_lidar,unilidar_lidar
1786136120.049941,-33.161433264194365,13.837199483096452,1.5927724001469679,-0.01707452998670106,0.008797432575978953,-0.7505630179977755,-0.6605196602826258,odom_lidar,unilidar_lidar
1786136120.1723402,-33.13385122834829,13.846852881471818,1.47788874508386,-0.018186400200311884,0.026021063095128256,-0.7536789421522145,-0.6564755983884493,odom_lidar,unilidar_lidar
1786136120.2892044,-33.155031923736104,13.777382957132065,1.493050052410071,0.0052401631769550434,0.015098401863102,-0.7527261964300213,-0.6581396904602034,odom_lidar,unilidar_lidar
1786136120.4222553,-33.20695549389608,13.754195557741262,1.5630837444432546,0.025958420102533568,0.008821500255816229,-0.7548628473179995,-0.6553094103535976,odom_lidar,unilidar_lidar
1786136120.5749056,-33.18937015577763,13.72144834470489,1.6059544515490078,0.029871122923961886,-0.0007736972032734944,-0.7515229382171993,-0.6590298860759555,odom_lidar,unilidar_lidar
1786136120.7042713,-33.19726729549911,13.773252650205283,1.5408497336023306,0.020772016647973453,0.006085668399537985,-0.7529880252565702,-0.657678129319136,odom_lidar,unilidar_lidar
1786136120.8228488,-33.14406617128219,13.772077833758965,1.4866135249961763,-0.011717250192058016,0.01541160828029849,-0.7561408534219831,-0.6541224641949139,odom_lidar,unilidar_lidar
1786136120.947218,-33.1319695326821,13.695201104971288,1.5003780187868243,-0.0452211565972338,0.0036016503696071085,-0.7481999528560809,-0.6619206188485006,odom_lidar,unilidar_lidar
1786136121.069026,-33.074190367227004,13.641181024746873,1.511769327423943,-0.05309074097358239,-0.008943528494806438,-0.7410605939352205,-0.6692761632071749,odom_lidar,unilidar_lidar
1786136121.197744,-33.06010203622906,13.638816830858907,1.5287346471967584,-0.046007909354785194,-0.011260960106158258,-0.7337308459487093,-0.6777872149559041,odom_lidar,unilidar_lidar
1786136121.3283603,-32.999277763658526,13.700324776553805,1.582928886673061,-0.010726480282673985,-0.006677260218732014,-0.7195789641980902,-0.6942956654771226,odom_lidar,unilidar_lidar
1786136121.453814,-32.955912934755496,13.867471606123825,1.501069205224244,0.005148876995139683,0.004169888107436267,-0.7063176942655092,-0.7078639811901121,odom_lidar,unilidar_lidar
1786136121.5982797,-32.92977898779723,14.053328094730155,1.481410971569257,0.012287518897780566,0.008058951508482808,-0.6927069533376736,-0.7210694467092327,odom_lidar,unilidar_lidar
1786136121.72292,-32.919183749660775,14.2631703778957,1.4995995693503228,0.018509489407650632,0.01878142633597362,-0.6799832798216705,-0.7327532981772366,odom_lidar,unilidar_lidar
1786136121.8498635,-32.8959696493808,14.434383352186439,1.5511633978370183,0.021251042888265882,0.028251616943235493,-0.6676447995206417,-0.7436401421314586,odom_lidar,unilidar_lidar
1786136121.965478,-32.77807283310858,14.612158340462946,1.5573384686106484,0.016059977423956144,0.021370503871504347,-0.6554208715855661,-0.7547906065786968,odom_lidar,unilidar_lidar
1786136122.086763,-32.72464539560646,14.78218713049401,1.5175799730983333,0.00017694815869854393,0.0018070344183871894,-0.6468557818733658,-0.7626101892664146,odom_lidar,unilidar_lidar
1786136122.214177,-32.65540004594702,14.927599539489481,1.52565574625613,-0.019145454888326863,-0.01086644538147601,-0.6427290619255753,-0.7657772031590916,odom_lidar,unilidar_lidar
1786136122.3581977,-32.6810544440381,15.235739387655741,1.5265192214411443,-0.039067280545121125,-0.016846777126124608,-0.6476251037212675,-0.7607704375968412,odom_lidar,unilidar_lidar
1786136122.4861813,-32.69855320741778,15.712026965551674,1.5256867749753344,-0.03697714912953802,-0.010146463973659777,-0.6594409891291358,-0.7507778110516254,odom_lidar,unilidar_lidar
1786136122.6341174,-32.63643489882649,16.082890035891644,1.5238950121682788,-0.027744515734782413,-0.00560082200822895,-0.6607933558125269,-0.7500340082646213,odom_lidar,unilidar_lidar
1786136122.7582402,-32.56656244486991,16.42769122575744,1.540786088915587,-0.000640241835989322,-0.002570850552632441,-0.6595352584981933,-0.7516689587947271,odom_lidar,unilidar_lidar
1786136122.8840404,-32.495922976705366,16.621164706907965,1.6058629616354039,0.03378294440631513,0.013079042918760643,-0.6723023812794054,-0.7393897209385657,odom_lidar,unilidar_lidar
1786136123.023151,-32.41686083680132,16.806630902696867,1.6733517295796183,0.06279494920152551,0.02685471460214813,-0.686959148838625,-0.723479610276148,odom_lidar,unilidar_lidar
1786136123.1485636,-32.36746216200259,16.98187676983023,1.6546307849811446,0.04119671619760415,0.031009651433010117,-0.7108953892125688,-0.7014050026117918,odom_lidar,unilidar_lidar
1786136123.295355,-32.33427229376919,17.105859721956836,1.646701653151587,0.01897472270368061,0.025438790390820858,-0.7338015695429079,-0.6786221956126514,odom_lidar,unilidar_lidar
1786136123.4349625,-32.20677649363854,17.086845297544517,1.5688528247532865,-0.0015531753654886413,0.004371986561036888,-0.7404007036290441,-0.6721497388569088,odom_lidar,unilidar_lidar
1786136123.583894,-32.11368370287877,16.954561132791742,1.4981166206176662,-0.028816042341530873,-0.013758866632320907,-0.7556429820810179,-0.6542048707587492,odom_lidar,unilidar_lidar
1786136123.7177901,-31.96759842082137,16.78472389431988,1.5033007792113084,-0.039386480742775676,-0.014997343948927534,-0.7706893294095997,-0.6358158085038137,odom_lidar,unilidar_lidar
1786136123.833854,-31.850136057439123,16.63476407727486,1.4394415994543124,-0.044386624601750184,-0.00444960357472632,-0.7848796604615318,-0.6180404090173083,odom_lidar,unilidar_lidar
1786136123.9520404,-31.82856087805062,16.53061280267227,1.4438070124555198,-0.052352737040503604,0.009728255657717514,-0.799709175613015,-0.5980215601519544,odom_lidar,unilidar_lidar
1786136124.0790548,-31.7701196187086,16.486638508802717,1.592053848030178,-0.046609832736677806,0.023646532284713553,-0.8172799385380504,-0.5738657221566799,odom_lidar,unilidar_lidar
1786136124.2067435,-31.65473517843989,16.41224736214074,1.7708346289392498,-0.03142087125468757,0.04352263973151804,-0.8373607241903528,-0.5440087556867123,odom_lidar,unilidar_lidar
1786136124.3286395,-31.57333360104643,16.3672152958869,1.882819132708485,-0.019542246748388337,0.05893114006567055,-0.8538675055579242,-0.51677413274551,odom_lidar,unilidar_lidar
1786136124.4479766,-31.491373635269788,16.44867102863403,1.7390390433364606,0.003942407328736669,0.05482619627618322,-0.8798784358356385,-0.4720089869671656,odom_lidar,unilidar_lidar
1786136124.5922003,-31.604349139450797,16.61342653643732,1.4878481434476667,0.015327149422305666,0.048362741132110094,-0.907511521596297,-0.41695198995897437,odom_lidar,unilidar_lidar
1786136124.7121775,-32.05582660670367,16.76855652943913,1.4284738551163803,0.017272994517679413,0.024401598470469937,-0.9360654309723303,-0.35055344042109154,odom_lidar,unilidar_lidar
1786136124.8373299,-32.4986640735937,16.911867053113856,1.4059011514797781,0.004413959605064266,-0.002032102748813516,-0.9601635163895613,-0.27939650912897224,odom_lidar,unilidar_lidar
1786136124.957057,-33.004374526307465,17.05337618942318,1.4294053737806627,-0.01230245372794761,-0.017280081939512942,-0.9780737766962723,-0.20717561569722945,odom_lidar,unilidar_lidar
1786136125.0870273,-33.046459303612465,17.156420473590657,1.4654733961741364,-0.016394903779663766,-0.0035980521843570097,-0.9790463313115654,-0.20294467791962192,odom_lidar,unilidar_lidar
1786136125.2086139,-33.10780999056732,17.288688286498477,1.5922520660556962,-0.024656955165072558,0.01326330591120328,-0.9714830740872836,-0.23545011369760396,odom_lidar,unilidar_lidar
1786136125.3345766,-33.10147287309158,17.346427896078733,1.690768398686035,-0.03705392509074661,0.012475025676700236,-0.9633293310881198,-0.26545805739334927,odom_lidar,unilidar_lidar
1786136125.4709475,-33.02992914763899,17.390238398870583,1.70298297464367,-0.04763202766927107,-0.0030741440205127347,-0.9538999231047859,-0.29630503924054113,odom_lidar,unilidar_lidar
1786136125.597988,-32.96879482058606,17.415217077275063,1.6988524664179205,-0.04479233461525465,-0.008039851005865769,-0.9441250249284724,-0.32643061262591483,odom_lidar,unilidar_lidar
1786136125.7298422,-32.92766692352352,17.344553386882563,1.5534054879902799,-0.04953759903457568,-0.026364501887971015,-0.9290551280954931,-0.3656603728619713,odom_lidar,unilidar_lidar
1786136125.845023,-32.920319200131104,17.318447487993254,1.4564611734416861,-0.020080693461302958,-0.007991427376687768,-0.914059762982688,-0.4050032747208699,odom_lidar,unilidar_lidar
1786136125.9679742,-32.87408802186514,17.482054565577762,1.4722656320714849,0.016594789012913783,0.03651213527171926,-0.8901303072781311,-0.4539377854072698,odom_lidar,unilidar_lidar
1786136126.1022098,-32.888284698636454,17.330282100384448,1.7414546732085168,0.026494348112264098,0.04761458731915796,-0.8602339484244609,-0.5069797378304132,odom_lidar,unilidar_lidar
1786136126.2169209,-32.97544706015875,17.326901848245654,1.857514711342901,0.0353168641757609,0.052083150625725466,-0.8260060240094323,-0.560137583836166,odom_lidar,unilidar_lidar
1786136126.3425477,-33.20066928793675,17.32836234571804,1.9085403738101974,0.03114015084447779,0.04055471168637861,-0.7858954385285813,-0.6162418081121944,odom_lidar,unilidar_lidar
1786136126.4896762,-33.34830658988773,17.59014914663939,1.6163626748928017,-0.05008925729507505,-0.009752967144575412,-0.734044230166981,-0.6771816699336073,odom_lidar,unilidar_lidar
1786136126.6338112,-33.416157271189824,17.976276903910122,1.3403950601325818,-0.1149237760457634,-0.05007748778376942,-0.6802769602385959,-0.722155127576607,odom_lidar,unilidar_lidar
1786136126.7699823,-33.119297568064155,18.376435162707956,1.2475981148524076,-0.08265762368744836,-0.0410926182888066,-0.6084726771350845,-0.7881878679278045,odom_lidar,unilidar_lidar
1786136126.8847451,-32.39650581725232,18.919614489956235,1.5265049244854723,0.01639361017628148,0.002005397238003269,-0.5389657702674792,-0.8421657357119731,odom_lidar,unilidar_lidar
1786136127.009007,-31.82891341784042,19.57149073828783,1.8593053757167854,0.09421500754961964,0.03683939607370579,-0.46607988309907156,-0.8789402333604404,odom_lidar,unilidar_lidar
1786136127.1424966,-31.336012701857157,20.42216982736854,1.9512030292444953,0.11638458619814002,0.04708286758515838,-0.425059805819317,-0.8964161941599955,odom_lidar,unilidar_lidar
1786136127.2731397,-30.9879031632101,21.235282628005397,1.9670235293817155,0.1274965145919619,0.040712774526440954,-0.38763947916864594,-0.9120431694536842,odom_lidar,unilidar_lidar
1786136127.4201968,-31.03772883948919,22.482418486017345,1.783834310264222,0.04251093265580297,0.008072664915136822,-0.4202725834643127,-0.9063656040881815,odom_lidar,unilidar_lidar
1786136127.5642622,-31.110601250754424,23.718877617792245,1.7535244492864028,-0.034980992745680374,-0.013928860198351191,-0.4487044623729615,-0.8928866795101679,odom_lidar,unilidar_lidar
1786136127.703259,-31.165386843012413,24.914193637894172,1.8427944605490811,-0.07921385896966188,-0.03104912357778616,-0.47232510599592986,-0.8773084467381581,odom_lidar,unilidar_lidar
1786136127.8349051,-31.067794706016073,25.991704347456693,1.839674300347676,-0.10323656311797019,-0.03711539393873576,-0.4843382276356261,-0.8679753111806477,odom_lidar,unilidar_lidar
1786136127.9540434,-30.831639303801747,26.047020510415823,1.6448211529456938,0.017175983041280783,-0.0068916832271795625,-0.4739893080690875,-0.8803360870400859,odom_lidar,unilidar_lidar
1786136128.063749,-30.431783733626023,25.712960676238776,1.541973059518723,0.12525858288382674,0.02052840460961534,-0.4514855789525149,-0.8832041915752166,odom_lidar,unilidar_lidar
1786136128.1927345,-30.27735117589615,25.4696635126219,1.7453900867158811,0.17697760068091548,0.027565269340938343,-0.43676750317375623,-0.8815629489462173,odom_lidar,unilidar_lidar
1786136128.3178923,-30.22151736723806,25.310065463370282,1.9535706804449617,0.2099762699220521,0.031935592098539745,-0.43525069346616146,-0.8748982328614927,odom_lidar,unilidar_lidar
1786136128.4589949,-30.50644447478493,25.40057209042304,2.014946355313292,0.15769567886286986,0.03190977120638956,-0.45626709766382534,-0.8751766535728451,odom_lidar,unilidar_lidar
1786136128.5986006,-30.54948267942586,25.394430908644534,2.0118965807662663,0.18814165475545575,0.03020976588391782,-0.4690484273161744,-0.8623709530262145,odom_lidar,unilidar_lidar
1786136128.72963,-30.669799524201313,25.29418985709608,1.8330831522646438,0.12218816987717003,0.018715711972573584,-0.460244703653163,-0.879144235052838,odom_lidar,unilidar_lidar
1786136128.8510947,-30.74004284709004,25.330470863400606,1.6089068766308898,0.06540151869297106,-0.001784202430903964,-0.45395761484932123,-0.8886179954821161,odom_lidar,unilidar_lidar
1786136128.9730508,-30.789104620204352,25.564619861915943,1.5082989902005288,-0.0196928534781385,-0.016970628074272617,-0.45572440471522935,-0.8897412299380102,odom_lidar,unilidar_lidar
1786136129.0870664,-30.80170835671605,25.854720779243735,1.495073787606613,-0.07019168790667639,-0.028315050126585438,-0.4615865970296552,-0.8838603952704994,odom_lidar,unilidar_lidar
1786136129.2232735,-30.689230080932187,25.84300695173796,1.456967492191734,-0.09719220827777465,-0.026474537933685437,-0.4635978787703147,-0.880300960064768,odom_lidar,unilidar_lidar
1786136129.357314,-30.637050179587803,25.90244732037065,1.5015565184600217,-0.08947056569231515,-0.013949032308691604,-0.47953092107482154,-0.8728404998082305,odom_lidar,unilidar_lidar
1786136129.4873972,-30.416022190204746,25.823427931438232,1.5495266736827722,-0.06362503623752397,-0.002211834428767065,-0.49319845221548075,-0.8675841453625622,odom_lidar,unilidar_lidar
1786136129.6320498,-30.07521716413716,25.57522358257999,1.625436000252014,0.08754813659481066,0.03302460975554294,-0.5151545649269784,-0.8519744556993278,odom_lidar,unilidar_lidar
1786136129.765072,-29.726083246236545,25.320582413945186,1.763329211422541,0.1911456004080661,0.047747616796865705,-0.515597627582562,-0.8338720591110446,odom_lidar,unilidar_lidar
1786136129.882631,-29.238819427358163,25.39942294363322,1.7912697285057586,0.17329771987693782,0.02430215920735014,-0.5337142600083002,-0.827361102546589,odom_lidar,unilidar_lidar
1786136130.0102768,-29.04900999027915,25.21890352083272,2.1079911444792714,0.1781338368198862,0.04404151460073476,-0.5245948801484507,-0.8313416222549743,odom_lidar,unilidar_lidar
1786136130.1382675,-28.89017165993365,25.12471358267298,2.435129591704869,0.22124899048311863,0.06753199554806677,-0.5128062981419605,-0.8267514828371556,odom_lidar,unilidar_lidar
1786136130.2699788,-28.767050219633543,24.8722837192171,2.6236317587125106,0.2305971317583369,0.053886672373923195,-0.49940975267074783,-0.8333733186889511,odom_lidar,unilidar_lidar
1786136130.41448,-28.679402909748195,24.768487969107845,2.710166602128632,0.21570999796721174,0.027844729435837025,-0.49304713048848997,-0.8423766348473208,odom_lidar,unilidar_lidar
1786136130.557635,-28.61244669483208,24.794754412514866,2.769386317068627,0.20859023418661515,0.000681453755037276,-0.4874502771506913,-0.8478690212105092,odom_lidar,unilidar_lidar
1786136130.67432,-28.667259168661506,25.025400069137575,2.3638350064623865,0.16322603916899764,0.0028779738782880346,-0.4964053951871141,-0.8526022877242834,odom_lidar,unilidar_lidar
1786136130.7961717,-28.53158209570071,25.111546454648632,2.0334660770271697,0.19017288019506692,0.030181814342946412,-0.5058281427384249,-0.8408693261946689,odom_lidar,unilidar_lidar
1786136130.9093359,-28.237941946945202,25.053859356888204,1.8428140585065913,0.22419886728451477,0.0716774682895141,-0.5228371976560316,-0.819291445820798,odom_lidar,unilidar_lidar
1786136131.0316913,-28.060717028108815,25.02575356431466,1.6758241296341843,0.24218204645373378,0.09791176689280251,-0.5548982380310852,-0.7898411787881209,odom_lidar,unilidar_lidar
1786136131.166761,-27.770164310111024,24.981434164121914,1.674713368030634,0.25553250701418373,0.1040636668218819,-0.598838954782584,-0.7518416038910942,odom_lidar,unilidar_lidar
1786136131.3022177,-27.583910027878428,25.19422460160788,1.5215382030254165,0.08944819913125797,0.0476016411218777,-0.6550780836571262,-0.7487361402702464,odom_lidar,unilidar_lidar
1786136131.4490693,-27.339037223132674,25.409863012721974,1.4157138372827713,-0.036462494664398944,-0.01848314064435212,-0.6889832102555492,-0.7236235181230137,odom_lidar,unilidar_lidar
1786136131.5964682,-27.350401180630424,25.294192669331032,1.3391564838605037,-0.09355133337157871,-0.048016063750278615,-0.6790207662125619,-0.7265489692363719,odom_lidar,unilidar_lidar
1786136131.7272608,-27.238875241182207,25.406722016610225,1.1936084644254765,-0.0961444151337077,-0.04120955106528521,-0.6782317117202744,-0.7273649493593857,odom_lidar,unilidar_lidar
1786136131.8520515,-27.1675384691857,25.541440146300385,1.1783231561137837,-0.06614568683975704,-0.03008122184506002,-0.6783198476296545,-0.7311648600120821,odom_lidar,unilidar_lidar
1786136131.980185,-27.197645018044696,25.59339540341828,1.3326192858989303,-0.051267178291111146,-0.03113803041107802,-0.6797754544446588,-0.7309633581970739,odom_lidar,unilidar_lidar
1786136132.1078532,-27.216490289524195,25.580886564901952,1.488215800712147,-0.016516985741044887,-0.021718586688917206,-0.6787126637147665,-0.7338968676097973,odom_lidar,unilidar_lidar
1786136132.236253,-27.217697039991382,25.502244871193813,1.4185334365488664,-0.032077998180795785,-0.035133810502540164,-0.6755161469451954,-0.7358087744846495,odom_lidar,unilidar_lidar
1786136132.3645158,-27.213823679056095,25.27034631540214,1.4236243052303212,0.005425169372327206,-0.011892529523724256,-0.6659697391719163,-0.7458642247662096,odom_lidar,unilidar_lidar
1786136132.5020072,-27.26609169498319,25.064682162239965,1.4630629285104484,0.03174433545335592,0.009095335173033115,-0.6538654400461837,-0.7558899115333697,odom_lidar,unilidar_lidar
1786136132.6300647,-27.552218361306306,24.665513777464643,1.772319431073388,0.13214762074302766,0.05110043794776554,-0.627014245760538,-0.7660149392713221,odom_lidar,unilidar_lidar
1786136132.760113,-27.988733692794675,24.343801726769797,1.9650809019928532,0.2083924284354698,0.07142064360144967,-0.5979947103515711,-0.7706322169685504,odom_lidar,unilidar_lidar
1786136132.8775585,-28.347628492272598,24.13954749551862,2.0600049775603133,0.27226352589974867,0.08679254983465494,-0.5455965415398143,-0.787822340136169,odom_lidar,unilidar_lidar
1786136132.992818,-28.695429015114787,24.092424908335936,2.342471746840781,0.38090402221456676,0.10835814059103985,-0.4775951518941946,-0.7842662240053301,odom_lidar,unilidar_lidar
1786136133.1139655,-28.96859636036269,24.25134316239077,2.4019840557109693,0.4606257780612261,0.12229552153148637,-0.41309507535633927,-0.7760284509701769,odom_lidar,unilidar_lidar
1786136133.2352874,-29.179616856603648,24.507612372516963,2.3640567353851543,0.574580519363312,0.13587196549050945,-0.3560373600142678,-0.7243158385925322,odom_lidar,unilidar_lidar
1786136133.3772378,-29.198254639555383,24.7094539886966,2.557603301522523,0.5607188136444712,0.11052024754923724,-0.40097695171526254,-0.7159589171872422,odom_lidar,unilidar_lidar
1786136133.5257368,-29.199991698132553,24.665700468447778,2.738789160567641,0.5331758307408793,0.08629582762921127,-0.4473978484313413,-0.7128195626289793,odom_lidar,unilidar_lidar
1786136133.6523561,-29.146478557149912,24.516599301368252,2.9423588344648595,0.4695400667001536,0.07967960942178148,-0.4629199573989912,-0.7475883885182567,odom_lidar,unilidar_lidar
1786136133.7751203,-29.04797291419682,24.318996177358915,3.1626255396104566,0.4222203192488267,0.07744107546032201,-0.47568370986145203,-0.767761610148237,odom_lidar,unilidar_lidar
1786136133.891278,-28.996955262128957,24.151936514620004,3.3250074842056887,0.37808512789092197,0.07107425273341737,-0.4954980873498313,-0.7787693702879888,odom_lidar,unilidar_lidar
1786136134.0160806,-28.999048819011417,24.246545224495602,3.307946281027179,0.3643937654938847,0.06724107102430009,-0.48388240573849206,-0.7928137482747271,odom_lidar,unilidar_lidar
1786136134.141142,-29.36604052317889,24.371697249095313,2.969983247323134,0.34777596413700984,0.0608223774457005,-0.45182779753189894,-0.8192705038922733,odom_lidar,unilidar_lidar
1786136134.2639952,-29.38792299553733,24.87106977341145,2.9757898883355756,0.3527517825783982,0.06524337435319912,-0.42982228100250736,-0.8285905434800548,odom_lidar,unilidar_lidar
1786136134.39688,-29.380743633401813,25.401411881215214,2.945537836313531,0.36869888312273374,0.07799013313650978,-0.40053559826460267,-0.8351945325732294,odom_lidar,unilidar_lidar
1786136134.5220625,-29.300518158570338,25.848267425415234,2.7296489322506847,0.36087140251210426,0.08355785987935421,-0.3832992463442196,-0.846091958745196,odom_lidar,unilidar_lidar
1786136134.6751,-29.428744925914774,26.441400823976686,2.4326935787061417,0.38634662793762065,0.0646365859491683,-0.3703336424786941,-0.8422656279859273,odom_lidar,unilidar_lidar
1786136134.791755,-29.510937159373185,26.595342565522877,2.2553138734731704,0.3413891272231751,0.05757447823803495,-0.39077467009319755,-0.8528972977345922,odom_lidar,unilidar_lidar
1786136134.9192288,-29.610840212662872,26.721770815330924,2.1590473896654108,0.30085317046069165,0.053116190973566124,-0.40947521384987784,-0.8596488174381482,odom_lidar,unilidar_lidar
1786136135.0548558,-29.52423959165806,26.54946844387781,2.2941580785589477,0.3207362395162417,0.06211107792324025,-0.41352699626389416,-0.8498622841502937,odom_lidar,unilidar_lidar
1786136135.1807263,-29.489215492066272,26.436451146401552,2.3295773221707283,0.32854272867296136,0.053467819209557337,-0.43938903180395483,-0.8343489356830763,odom_lidar,unilidar_lidar
1786136135.3171945,-29.49499512390997,26.027242692368283,2.661367322403647,0.38547797864485644,0.04298916143730099,-0.4438172959570294,-0.8078272512042312,odom_lidar,unilidar_lidar
1786136135.4639723,-29.471304620338564,25.71187089981522,2.8146694811942554,0.3834241312451134,0.033529294874853184,-0.44952292497169005,-0.8060960624448067,odom_lidar,unilidar_lidar
1786136135.6048338,-29.178597335183508,25.21139451803623,3.0766009725099037,0.3724973407912003,0.033023474465298006,-0.4760881910557573,-0.7959241267702474,odom_lidar,unilidar_lidar
1786136135.732806,-28.783704091769184,24.55304805040318,3.3017222634561127,0.34817344610169626,0.04619560182280933,-0.5017112836966137,-0.7905232479904648,odom_lidar,unilidar_lidar
1786136135.854221,-28.88044825828623,24.18942206862267,3.43484845281078,0.33114986338544206,0.04609247643883772,-0.505120247476837,-0.7956561991114488,odom_lidar,unilidar_lidar
1786136135.9822125,-29.132446088146537,24.214162862192214,3.410859161134682,0.30588930825694294,0.052881988606077464,-0.48859935341376426,-0.8154176219697531,odom_lidar,unilidar_lidar
1786136136.1021447,-29.49356215824349,24.21705691667372,3.0764144718366917,0.3354379187737819,0.06283043586474657,-0.4631723718692296,-0.8179273151783061,odom_lidar,unilidar_lidar
1786136136.243984,-29.59390921259089,24.26403804752915,2.9854009125136862,0.3732989709383622,0.06856784031609744,-0.44808829480258466,-0.8094215277787329,odom_lidar,unilidar_lidar
1786136136.3802588,-29.71856134991102,24.381493393577504,2.808746737084387,0.38614836170740524,0.07023257766383828,-0.4387105166623029,-0.8083872279763424,odom_lidar,unilidar_lidar
1786136136.532399,-29.82771365456931,24.464795918791612,2.619969498028878,0.4051308464109002,0.0749405243877226,-0.42907197171140976,-0.8038346584855396,odom_lidar,unilidar_lidar
1786136136.6644998,-29.866054364494467,24.776569700721005,2.410558281445093,0.3801741926952758,0.07895106170062904,-0.43512725507095834,-0.8123414214228227,odom_lidar,unilidar_lidar
1786136136.7860067,-29.820733711873615,25.08218821577479,2.142741371059493,0.3452792296998888,0.08110515448569519,-0.452231891105185,-0.8183462128715029,odom_lidar,unilidar_lidar
1786136136.9079733,-29.78023015082874,25.431705926076106,1.9464040259120061,0.3201320829705594,0.07720698496488466,-0.4481991433676376,-0.8310668197022902,odom_lidar,unilidar_lidar
1786136137.0326009,-29.545753237759968,25.77565377939827,1.9542711688675196,0.294640247136197,0.07081118040319193,-0.4491081438144493,-0.8405205391047664,odom_lidar,unilidar_lidar
1786136137.149346,-29.484133834045856,25.924141840413448,2.126970637400369,0.262170543521431,0.059080401902199445,-0.4597795129514439,-0.8463917010999608,odom_lidar,unilidar_lidar
1786136137.28311,-29.37682279700918,26.12195912071734,2.4025089423125197,0.2233002318908243,0.04051915621808839,-0.47559747137636205,-0.8498836682966021,odom_lidar,unilidar_lidar
1786136137.4322648,-29.498737743059227,26.064062492155664,2.2940746381985213,0.22177020613590778,0.011430298771452616,-0.48454784267795226,-0.8461091608631683,odom_lidar,unilidar_lidar
1786136137.5636473,-29.47787433339763,26.088781857460862,2.415779528301996,0.2087946109769121,0.004815532450169335,-0.49351523774752293,-0.8442892461622542,odom_lidar,unilidar_lidar
1786136137.7060084,-29.451279797847647,26.144396990514036,2.5350303522329054,0.20364658451914544,0.005974846727858566,-0.5025301044427648,-0.8402117970779802,odom_lidar,unilidar_lidar
1786136137.8312118,-29.526481225118783,26.179791291349712,2.5708952963232146,0.18871667805174558,0.0171774250951992,-0.5066722766478672,-0.8410553819866321,odom_lidar,unilidar_lidar
1786136137.9474247,-29.560793840305355,26.16881718285326,2.4731392889383508,0.191709690730454,0.018743132654438464,-0.4974618770392372,-0.84582963435371,odom_lidar,unilidar_lidar
1786136138.0608985,-29.416792288061735,26.141743329440285,2.370763703571696,0.21092974473235848,0.02924618697936767,-0.48958622874151064,-0.845552262110968,odom_lidar,unilidar_lidar
1786136138.1861935,-29.20179946472452,26.091578627851085,2.255549831477057,0.2347671692871125,0.04198611354224969,-0.4901521543071596,-0.8383748613374474,odom_lidar,unilidar_lidar
1786136138.3265657,-29.037085063149966,25.95069610079197,2.100597471959082,0.23748695785693996,0.05938866348337324,-0.491819957533984,-0.8355752873731876,odom_lidar,unilidar_lidar
1786136138.464199,-28.781365824571452,25.899376899811486,2.1778846467611714,0.23544797327927058,0.06089782933026228,-0.5107134880576528,-0.8246377625221465,odom_lidar,unilidar_lidar
1786136138.5988536,-28.949182803666904,25.85529329023091,2.1656772442204963,0.19980260773151573,0.03138242169748885,-0.5273834190260286,-0.8252034845348774,odom_lidar,unilidar_lidar
1786136138.7333272,-29.530131486444308,25.91403915243893,1.8199413491787961,0.17054585638786812,0.032208501811409884,-0.5329254126543854,-0.8281710136361609,odom_lidar,unilidar_lidar
1786136138.8531153,-30.361954307885945,26.210096821654137,1.6846961067206632,0.05872272272034207,0.009337684417463393,-0.5368782415626973,-0.8415617643539754,odom_lidar,unilidar_lidar
1786136138.9751887,-30.64586017516843,26.129127045244847,1.5739425779127396,0.021448836052680074,0.01497003233749497,-0.5419139820499473,-0.8400268338705431,odom_lidar,unilidar_lidar
1786136139.0971494,-30.550958236389206,25.952057291595192,1.5149361020774563,0.10341982526003766,0.03927369626222049,-0.5375164739227181,-0.8359652844387584,odom_lidar,unilidar_lidar
1786136139.244105,-30.291864517209703,25.91588771091635,1.6106439793031588,0.17044859816946295,0.05864778082023114,-0.5255028245357121,-0.8314772964981761,odom_lidar,unilidar_lidar
1786136139.3830752,-30.085810506884123,25.813914686152383,1.7195303294570046,0.1948566615194809,0.06105084628391726,-0.519525989049357,-0.8296965845004952,odom_lidar,unilidar_lidar
1786136139.5217912,-29.522278965152804,25.843320904682177,2.1565771112333625,0.19752744578755826,0.06283003762822233,-0.5095791111639296,-0.8350834832504227,odom_lidar,unilidar_lidar
1786136139.655416,-29.132584967692797,25.86500175684146,2.3862392398441568,0.16497651701846983,0.04150569517520908,-0.4982618778529933,-0.850173586498008,odom_lidar,unilidar_lidar
1786136139.7878504,-28.963677615764876,25.759930386995883,2.425285042555127,0.22050904617581044,0.03808318603807954,-0.4948433316388244,-0.8396758354439003,odom_lidar,unilidar_lidar
1786136139.9141796,-28.905385372770468,25.859725874892554,2.274687584177745,0.23193977235295693,0.05191961424042743,-0.47334745300603825,-0.8482042704388372,odom_lidar,unilidar_lidar
1786136140.0444405,-28.707786414338905,26.032081175067812,2.376119904491526,0.22673222841988783,0.050358915573893125,-0.46541588158781144,-0.8540752504222411,odom_lidar,unilidar_lidar
1786136140.1609113,-28.70129888905581,26.2565329085423,2.411610618191114,0.21763329928030467,0.04636256496594192,-0.46134674222003264,-0.8588628779130641,odom_lidar,unilidar_lidar
1786136140.2839115,-28.434628481366293,26.43553069887033,2.6527879504548397,0.2077694222278488,0.04118490337911617,-0.4491619235011941,-0.8679799752283841,odom_lidar,unilidar_lidar
1786136140.4280863,-28.148941799319424,26.506800604066562,2.9460039460537883,0.20046410631417952,0.03688184693940035,-0.43130626926624777,-0.8788792713095622,odom_lidar,unilidar_lidar
1786136140.5747967,-28.091360190970494,26.525439641567583,2.844593507011997,0.21186099550847998,0.04206612976802644,-0.42518243309967085,-0.878956914696016,odom_lidar,unilidar_lidar
1786136140.7089992,-28.436660868376485,26.730587177532037,2.555809686253852,0.24221780212416336,0.04757932988330152,-0.42705239436616976,-0.8698810241453236,odom_lidar,unilidar_lidar
1786136140.8331914,-28.85938283269766,27.09497006108781,2.3442971124921805,0.23406653406186465,0.04426385606774771,-0.44735849080661677,-0.8620463731038522,odom_lidar,unilidar_lidar
1786136140.9471092,-29.361606690707877,27.259516633706475,2.105912270023995,0.20997248650189368,0.04621662900604956,-0.46685626141307207,-0.8577999821024355,odom_lidar,unilidar_lidar
1786136141.080234,-29.84950332803561,27.591546753692263,1.5302059529247103,0.16993438281552187,0.0653926266077008,-0.48210573773502347,-0.8569831781111121,odom_lidar,unilidar_lidar
1786136141.2110686,-30.157981877377697,27.94101902395893,1.5051958259916538,0.12434492011256437,0.04015798317547972,-0.49137848178451615,-0.8610881864644422,odom_lidar,unilidar_lidar
1786136141.3417048,-30.429652261580927,28.151395776566964,1.5624346218903473,0.12560393428959363,0.010771697131415237,-0.48570498778745735,-0.8649845588623363,odom_lidar,unilidar_lidar
1786136141.4861696,-30.416852369939605,27.731072562605394,1.589809262619821,0.1355305271392456,-0.00018568385518440497,-0.48872735373885823,-0.8618451226538775,odom_lidar,unilidar_lidar
1786136141.6221323,-30.367922417921527,27.371241071770136,1.563314522379472,0.11812591450733864,0.00792901881107518,-0.4983778383012366,-0.8588381275145421,odom_lidar,unilidar_lidar
1786136141.749122,-30.170989713836427,27.07524792391244,1.4908425584779235,0.0956637370442672,0.02413733654019247,-0.5096643650560049,-0.8546976502784656,odom_lidar,unilidar_lidar
1786136141.8692038,-29.83323114356132,26.67285344666732,1.5853122564210782,0.11173504906626214,0.04259117929890919,-0.5167593884521471,-0.8477387597029235,odom_lidar,unilidar_lidar
1786136141.9940703,-29.409606660778685,26.228815305790047,1.7734393296355577,0.13106864849979485,0.047344568022288744,-0.5264049821913049,-0.8387355339935183,odom_lidar,unilidar_lidar
1786136142.1138775,-29.433090883790356,25.981335648167654,2.0313155355484973,0.16256848448395156,0.03907337906955498,-0.5253504287949857,-0.834297120854197,odom_lidar,unilidar_lidar
1786136142.2362094,-29.57640277648277,25.650099826533094,2.2936955035464983,0.16778548294812864,0.037586474709333434,-0.5357685738554907,-0.8266724405105336,odom_lidar,unilidar_lidar
1786136142.3620658,-29.80984760923159,25.477192346617294,2.5381063832606983,0.1771752686703834,0.027161527211678547,-0.5359928968803704,-0.8249744178487569,odom_lidar,unilidar_lidar
1786136142.4921017,-29.887239103755654,25.429014785655284,2.669802317365606,0.16513360582435102,0.002323223806007517,-0.5278911835603252,-0.8331004700382028,odom_lidar,unilidar_lidar
1786136142.6333382,-29.839832766727707,25.552783152236046,2.6097289295608914,0.14875656890455288,-0.01207629913990044,-0.5271947575659175,-0.8365353153345304,odom_lidar,unilidar_lidar
1786136142.7589817,-29.850463368893866,25.903548538022385,2.1878590274905005,0.13284645845890067,-0.013272387051167468,-0.5276926010604038,-0.8388779297388848,odom_lidar,unilidar_lidar
1786136142.8867402,-29.79212178775259,26.255433316982124,1.7150472785638227,0.11274006436640276,-0.0048131344090190055,-0.5173432644516716,-0.8483056397020522,odom_lidar,unilidar_lidar
1786136143.0103989,-29.61394932462143,26.689922052362856,1.3545085828083732,0.10035213151078352,0.029324127068630662,-0.531330262676926,-0.8406888230710423,odom_lidar,unilidar_lidar
1786136143.122951,-29.65781371501882,26.93529195788045,1.3700220550014428,0.10002817816522247,0.0406223782422085,-0.5301046292140607,-0.8410310743633179,odom_lidar,unilidar_lidar
1786136143.2477767,-29.679223640648015,27.24200451764845,1.5152862082398921,0.11308869054042034,0.038797150003623944,-0.5173134957814273,-0.8474033728430921,odom_lidar,unilidar_lidar
1786136143.3702326,-29.504165261928836,27.510412327381786,1.668579450565968,0.13533649293030658,0.032488585295514,-0.5171962063367439,-0.8444741616282297,odom_lidar,unilidar_lidar
1786136143.5230584,-29.309998200674137,27.380418183891262,1.9140409892970074,0.16065323156400121,0.027972122114391124,-0.514852179232308,-0.8416265995750162,odom_lidar,unilidar_lidar
1786136143.6599526,-28.948740555416787,27.216193742200915,2.010873166133355,0.17490081171709448,0.040895756219826704,-0.5164901655935704,-0.8372425885184271,odom_lidar,unilidar_lidar
1786136143.7920148,-28.91961272967447,27.139552462144433,2.0712918373466174,0.17362923737671387,0.0503925783938209,-0.5176145523344647,-0.8362945959304025,odom_lidar,unilidar_lidar
1786136143.9197145,-28.93315483787929,27.18064596788378,2.2637321534229926,0.17843532331328205,0.04772064396206673,-0.5112834079577354,-0.8393288105868011,odom_lidar,unilidar_lidar
1786136144.0525239,-28.945164425714186,27.113826363852695,2.3849154219844104,0.17685231241785918,0.034363343204952865,-0.5150263956304109,-0.8380275842955184,odom_lidar,unilidar_lidar
1786136144.1761675,-28.97750264014837,27.028546154022816,2.360975054786377,0.17175342910876198,0.02008882957103381,-0.5104407391080451,-0.8423463957153733,odom_lidar,unilidar_lidar
1786136144.3197153,-28.8691708839589,27.01129035955364,2.2556668174480516,0.16006343762541267,0.014026285916828758,-0.510930898642011,-0.8444717733896036,odom_lidar,unilidar_lidar
1786136144.452307,-28.846048551318134,27.255142391819422,1.8072873031403887,0.13042788625854398,0.020848716541392615,-0.5108169800103171,-0.8494821425067419,odom_lidar,unilidar_lidar
1786136144.5894685,-28.801151241929865,27.502263579147428,1.487143449615976,0.11812379088057103,0.029327878794637375,-0.5073298627247405,-0.8531137415029173,odom_lidar,unilidar_lidar
1786136144.7205043,-28.763155475400243,27.71588882482078,1.4581795593110218,0.10597515989495603,0.024194875274848662,-0.5104452975994894,-0.8530119997129243,odom_lidar,unilidar_lidar
1786136144.8452275,-28.959721251383932,27.521968087513763,1.563398270814238,0.10131726807106863,0.015737401595819718,-0.5155551274246244,-0.8506997448969915,odom_lidar,unilidar_lidar
1786136144.9668946,-28.96025147824643,27.4297086866696,1.7304562802221382,0.11630367613192004,0.01752672333715069,-0.5257479816464111,-0.8424697790912085,odom_lidar,unilidar_lidar
1786136145.0952482,-28.979028565522874,27.220200379665663,1.8929067231380516,0.12806892906717585,0.022555670395085183,-0.53829538421063,-0.8326629993449602,odom_lidar,unilidar_lidar
1786136145.214124,-28.925767102397643,26.9892399255062,2.012795296236307,0.15324207868569342,0.03191674243944052,-0.5412149277780994,-0.8261867759909309,odom_lidar,unilidar_lidar
1786136145.3494263,-28.859082016365036,26.79330657233595,2.093631942298363,0.16274198913285523,0.03701448926552324,-0.5451275624523486,-0.8215722203265243,odom_lidar,unilidar_lidar
1786136145.4821568,-28.8840996712695,26.59399726496894,2.2490030901662155,0.16807520462956835,0.03505146977935765,-0.5539210010601594,-0.814673949896243,odom_lidar,unilidar_lidar
1786136145.6093788,-28.997557219395247,26.43583772815785,2.500607855538553,0.17246266081767891,0.030733560487347857,-0.5521340711264252,-0.8151441874814642,odom_lidar,unilidar_lidar
1786136145.737765,-29.028633176728583,26.488634957475725,2.4781453721805304,0.18100740599013712,0.022159750289244107,-0.5575230579151546,-0.8098847475639823,odom_lidar,unilidar_lidar
1786136145.8561113,-29.046687168154325,26.785380276660195,2.2988594722585183,0.1716486874438909,0.01205041519879613,-0.5461691163349359,-0.8198114490260803,odom_lidar,unilidar_lidar
1786136145.9722521,-28.97328692515884,27.132195219781686,2.0703981167000602,0.15940158327764237,0.009847791580490825,-0.5380037532343569,-0.8276751281483051,odom_lidar,unilidar_lidar
1786136146.0921245,-29.001067629877905,27.32659519316291,1.848901626352338,0.1416885440352536,0.01725592100104182,-0.5380861478533909,-0.8307164902467477,odom_lidar,unilidar_lidar
1786136146.222353,-29.15959200054313,27.380250895613646,1.582567306600358,0.12684628083280258,0.030011734771523173,-0.5452916896926002,-0.8280496905180743,odom_lidar,unilidar_lidar
1786136146.3546908,-28.951533657968827,27.347780370695922,1.504780028675357,0.12091585940087211,0.03066282400250517,-0.5473163333683437,-0.8275771730767905,odom_lidar,unilidar_lidar
1786136146.4893441,-28.70921922452545,27.47699504315296,1.459159789380231,0.1173808033633108,0.03753652532714461,-0.5546584891642853,-0.8229014015458601,odom_lidar,unilidar_lidar
1786136146.6284144,-28.690369151798382,27.737611620094146,1.533342573183826,0.11962272633095196,0.03554904861064502,-0.5440961528932517,-0.829690330722729,odom_lidar,unilidar_lidar
1786136146.754163,-28.616898126247385,27.932781948004546,1.6309821401769073,0.1275122208692894,0.021241383707471587,-0.5309222445693051,-0.8375028402152821,odom_lidar,unilidar_lidar
1786136146.8788674,-28.491629885155515,28.116975376662104,1.8456345626716817,0.14343104580015165,0.0071564507226711035,-0.5252605561868369,-0.8387357560209435,odom_lidar,unilidar_lidar
1786136147.006835,-28.31233050990588,28.2110146103126,1.839977143992191,0.15178557160772477,0.020079053668018567,-0.5311069751378579,-0.8333566780289384,odom_lidar,unilidar_lidar
1786136147.129205,-28.165092081865893,28.282695044332733,1.7048767436659564,0.15210310872357427,0.038725824576198935,-0.5346459206957029,-0.8303726237725823,odom_lidar,unilidar_lidar
1786136147.2510378,-28.31891477523147,28.147186510311656,1.7323507312288422,0.1436988985415866,0.0347731998539114,-0.523957888588767,-0.8388143907417516,odom_lidar,unilidar_lidar
1786136147.3996332,-28.578203307022346,27.87340477503,1.8164445503993405,0.14857885211776448,0.03416734119993891,-0.48731240123890285,-0.8598159925806621,odom_lidar,unilidar_lidar
1786136147.550417,-28.82552000930735,27.501344380204994,1.8259590489317536,0.15132005828897876,0.04336843621098924,-0.45257829028807256,-0.877721088877303,odom_lidar,unilidar_lidar
1786136147.675529,-28.751955720452095,27.186168867721324,2.038590257620904,0.15580673300952647,0.047418696057449104,-0.42720269689240675,-0.8893669574371222,odom_lidar,unilidar_lidar
1786136147.797255,-28.29411204571427,26.92721676745174,2.173974335723203,0.1521603165202496,0.04707500744804316,-0.42140285646104314,-0.8927770238512512,odom_lidar,unilidar_lidar
1786136147.9164271,-27.85959440721702,26.743534646468426,2.314857170939137,0.1584583658809537,0.04991834175027758,-0.41268849218785975,-0.8955932747932798,odom_lidar,unilidar_lidar
1786136148.0340042,-27.42592493944268,26.429720374012994,2.503203215894203,0.15623077793519827,0.05603479900777943,-0.4227433510676046,-0.8909209305286596,odom_lidar,unilidar_lidar
1786136148.1680992,-27.022457552275505,26.139847698547765,2.6206398076779696,0.15053277364137754,0.06519765679770417,-0.4277224939381882,-0.8888996668844122,odom_lidar,unilidar_lidar
1786136148.3037972,-26.74625124324357,26.056374471639916,2.737746491822154,0.15584671633019148,0.06768597805135189,-0.42125290436397933,-0.8908851777581895,odom_lidar,unilidar_lidar
1786136148.4542336,-26.70679905944834,25.90117376052266,2.804238373771818,0.15630615469185596,0.05892866014189121,-0.42856446005164384,-0.8879348526778135,odom_lidar,unilidar_lidar
1786136148.5709398,-26.923435353752385,26.195209966089443,2.648994493855826,0.15799430509239817,0.06219312848521579,-0.42509789057333947,-0.8890790728375564,odom_lidar,unilidar_lidar
1786136148.710418,-27.128200503742367,26.57339263490572,2.3414664311837683,0.1572756154151017,0.07468609264846536,-0.4266096327613651,-0.8875193460403662,odom_lidar,unilidar_lidar
1786136148.8322415,-27.508059512032425,27.1359766404434,2.079715431798266,0.15091110258752144,0.06813322973000739,-0.42391920114972675,-0.8904359679499443,odom_lidar,unilidar_lidar
1786136148.954308,-27.894502244323764,27.51372248510753,1.9466201422236824,0.14321853246163904,0.06200144536823827,-0.42994671530131456,-0.8892637936705814,odom_lidar,unilidar_lidar
1786136149.083839,-28.226623587340477,27.90136742141909,1.68898633060741,0.13506297486457883,0.05723449602229512,-0.4382601757735427,-0.8867977354598666,odom_lidar,unilidar_lidar
1786136149.220265,-28.45018723888286,28.291561058396276,1.4975530673681128,0.12910366132652557,0.051937577774726386,-0.4357937565746298,-0.8892235570302625,odom_lidar,unilidar_lidar
1786136149.3571763,-28.44519696703812,28.52961328998126,1.4567843072663926,0.11905284005026882,0.05071852780520258,-0.432762848387923,-0.8921717151246219,odom_lidar,unilidar_lidar
1786136149.5152426,-28.212568862610787,28.555963748776605,1.4799927280648322,0.11739897923253005,0.05026102088815265,-0.4143437458763795,-0.901116290890122,odom_lidar,unilidar_lidar
1786136149.6682167,-27.9364153679975,28.41312909386939,1.596387456159995,0.12731870951013644,0.05672453543267295,-0.40598172746007927,-0.9031894099562676,odom_lidar,unilidar_lidar
1786136149.7824438,-27.785479962422002,28.1557731954409,1.6775605292030271,0.13297390660836744,0.056412481006836226,-0.405343987144192,-0.9026803555157338,odom_lidar,unilidar_lidar
1786136149.9006636,-27.748213063578277,28.23595045954719,1.7178744908686128,0.13136930834202273,0.04653180570073663,-0.39917165789410525,-0.9062223145663755,odom_lidar,unilidar_lidar
1786136150.0232794,-27.639171784550406,28.329519465466134,1.8250884867394503,0.12938275761241358,0.03672992116463877,-0.3964155266183976,-0.9081661440395724,odom_lidar,unilidar_lidar
1786136150.1428523,-27.479356358682253,28.054195772287503,1.9335116334607498,0.12726712955561129,0.04044428641323289,-0.4016275783884586,-0.9060146939807446,odom_lidar,unilidar_lidar
1786136150.281813,-27.53886189470505,27.719039326002367,2.078251913915168,0.15399383712965597,0.054536898927071996,-0.413679463393013,-0.8956455361069869,odom_lidar,unilidar_lidar
1786136150.4183345,-27.756218682843627,27.3466985263849,2.0986004705174963,0.15647565443108438,0.0637531486030554,-0.4306744027247123,-0.8865497529474999,odom_lidar,unilidar_lidar
1786136150.565022,-27.868638081085084,27.04293791192237,2.11473597401371,0.15593685181670472,0.06910408617354695,-0.4417228631064297,-0.8807889847907231,odom_lidar,unilidar_lidar
1786136150.6907547,-27.906579756068197,27.183454731628682,2.1038705559327786,0.14684217725968962,0.058130883599407816,-0.4428475095229082,-0.8825781884110573,odom_lidar,unilidar_lidar
1786136150.8175263,-27.83247480095608,27.362205971948914,2.0468416576353494,0.13884278944125875,0.05915216483560418,-0.44227016721214474,-0.8840932079874685,odom_lidar,unilidar_lidar
1786136150.9423845,-27.733453028140715,27.637730483482013,1.9088913079433025,0.1343841324224478,0.0621205015190438,-0.4289466129995604,-0.89111545348529,odom_lidar,unilidar_lidar
1786136151.0702713,-27.613641552012968,27.88457412741197,1.832922945289569,0.13449437040974527,0.059478691875682145,-0.4126703081809074,-0.8989309018421378,odom_lidar,unilidar_lidar
1786136151.1893692,-27.36906859834189,28.007422547530652,1.800083853062675,0.1307445658708562,0.052058976800354304,-0.40895136947020894,-0.901639894213972,odom_lidar,unilidar_lidar
1786136151.3283324,-27.171029992270256,28.142934773887944,1.791583722946003,0.12577906445200973,0.039132113615159225,-0.40592822431323855,-0.904361974728863,odom_lidar,unilidar_lidar
1786136151.4869728,-27.091805813200782,28.006237359139163,1.9326484451606079,0.11937635074047667,0.030369492501418047,-0.4171056502084969,-0.9004720192061718,odom_lidar,unilidar_lidar
1786136151.6204066,-27.124339001207822,27.77345209341832,1.9543996224385538,0.11471447904447835,0.03352486673287261,-0.4170054151626956,-0.9010122947735425,odom_lidar,unilidar_lidar
1786136151.7504492,-27.146754081580074,27.574405153853675,1.997900027173142,0.12872406260573696,0.058758734058483045,-0.42879547100588616,-0.8922510694434382,odom_lidar,unilidar_lidar
1786136151.8622077,-27.179315278577825,27.435216401009825,2.0421391829948172,0.13818110095539593,0.07071132575491895,-0.44809394878670566,-0.8804076923843145,odom_lidar,unilidar_lidar
1786136151.9984274,-27.335489972772717,27.349158744226592,1.949126426809859,0.13992633403995217,0.058194141152970884,-0.4739278599394401,-0.8674251821055405,odom_lidar,unilidar_lidar
1786136152.1463263,-27.524567206911936,27.260259469133917,1.9312760510240634,0.13925059939581888,0.04327323221054291,-0.4975471791458023,-0.8550926864767424,odom_lidar,unilidar_lidar
1786136152.2816808,-27.9645083089437,27.199332014329286,1.94189868775445,0.1352421272697291,0.024797040998106527,-0.4896352376806558,-0.8610180066588065,odom_lidar,unilidar_lidar
1786136152.4284978,-28.199028547976294,27.274478827991,1.8920956463830447,0.12716604111002877,0.01676798618212246,-0.47600925826693014,-0.8700361019359862,odom_lidar,unilidar_lidar
1786136152.5591552,-28.332836330279854,27.1365436537761,1.8529159013487808,0.11626445081504831,0.024794445866406667,-0.46896673559339225,-0.8751788467723214,odom_lidar,unilidar_lidar
1786136152.679266,-27.83486157986267,27.267909893952858,1.8843465149828447,0.12024946916669353,0.0506703961592934,-0.4586041952047373,-0.8790078317391741,odom_lidar,unilidar_lidar
1786136152.795455,-27.300042850136947,27.36004450402914,2.1270476311564623,0.13983098578843628,0.06183436445143489,-0.4476539174445479,-0.8810390326102874,odom_lidar,unilidar_lidar
1786136152.9094765,-26.65409652543715,27.56002986687594,2.371359218974538,0.16486990101318721,0.06813581245375895,-0.45186418032147574,-0.8740676114257803,odom_lidar,unilidar_lidar
1786136153.037724,-26.236380804099436,27.657380992595854,2.4397694847974645,0.1662966591788959,0.06424960538719529,-0.4423435725804761,-0.8789479922897991,odom_lidar,unilidar_lidar
1786136153.1734662,-26.103776152259037,27.822079669398093,2.4902224946332794,0.1702961424114993,0.055741885481566375,-0.41289262102398766,-0.8929791428620627,odom_lidar,unilidar_lidar
1786136153.3123512,-26.03195262553028,28.123149775053598,2.3496821819155076,0.14741802164275236,0.05715904437366792,-0.40750442750619037,-0.8994114253799971,odom_lidar,unilidar_lidar
1786136153.462412,-26.170261822244868,28.358516322710447,2.2284223635380114,0.1331004666755732,0.05509645339088827,-0.40318383494319127,-0.9037098216988636,odom_lidar,unilidar_lidar
1786136153.5961738,-26.162650216849247,28.443592931427865,2.221978495026837,0.12313279390151412,0.04434324326645622,-0.4103749611542974,-0.9024768047436057,odom_lidar,unilidar_lidar
1786136153.7173622,-26.199989390937187,28.40175511615172,2.111554922750603,0.1297608939763099,0.030637499960150236,-0.4308184909683251,-0.8925350871704911,odom_lidar,unilidar_lidar
1786136153.84544,-26.53221307994517,28.228100376601805,2.17172355785478,0.13831266607501103,0.03710160006224085,-0.4431517324703755,-0.8849348109801924,odom_lidar,unilidar_lidar
1786136153.9714487,-26.79950150476641,28.20681605272923,2.045606794847224,0.1422430213211516,0.049306121441656164,-0.4567541613799977,-0.8767619205553274,odom_lidar,unilidar_lidar
1786136154.0989094,-27.09958557911997,28.197434847433065,1.948994442555621,0.14196375268885802,0.046755639108653484,-0.466888858940068,-0.8715933665027973,odom_lidar,unilidar_lidar
1786136154.226912,-27.341317067192783,28.062064165285236,1.8596674208381851,0.14008308831142272,0.04526295561862189,-0.48478611386929676,-0.8621545203832699,odom_lidar,unilidar_lidar
1786136154.3712978,-27.590511377788363,27.94426284079651,1.7636543794696289,0.12808511362443245,0.0509951310441864,-0.49679815017409906,-0.8568461345312797,odom_lidar,unilidar_lidar
1786136154.5130107,-27.817298531980473,27.768206081609954,1.8138444618620857,0.12741833021496746,0.02743167410684186,-0.5127413974573741,-0.8485919700977524,odom_lidar,unilidar_lidar
1786136154.6432738,-28.000684494101005,27.760158354133985,1.8712715913481484,0.12342536965144074,0.014924149326399377,-0.526882920346973,-0.8407959539269524,odom_lidar,unilidar_lidar
1786136154.763191,-27.9158461131711,27.655631771401588,1.9433540458280154,0.1315460460237705,0.02710429714447375,-0.5430631975973272,-0.8288807865231178,odom_lidar,unilidar_lidar
1786136154.888667,-27.66710040709811,27.679630082393253,1.9989754575518575,0.1453546304815911,0.03850199663886307,-0.5123256579661634,-0.8455247174636107,odom_lidar,unilidar_lidar
1786136155.0020652,-27.136184360746537,27.95036458896885,1.9547184097125467,0.14139674999804155,0.04274183617434805,-0.48918722944051585,-0.8595789370864951,odom_lidar,unilidar_lidar
1786136155.1241314,-26.439902006673808,28.271432630068503,1.8837062601469297,0.13609041743813116,0.051415240605986255,-0.4847324805919337,-0.8624791554432689,odom_lidar,unilidar_lidar
1786136155.271712,-25.932598811791046,28.374644520233453,1.8335776716465713,0.12633730337101917,0.07731537587794503,-0.48516697501521033,-0.8617854865245653,odom_lidar,unilidar_lidar
1786136155.4242318,-25.92364557475661,28.42670538673445,2.064028002669347,0.1328055370620338,0.06459782673646869,-0.47633448136171164,-0.8667729068057325,odom_lidar,unilidar_lidar
1786136155.5544465,-26.012753782087245,28.529613300215814,2.2458828675696885,0.14408948058249052,0.047717541061666466,-0.46054438274877735,-0.8745628218596101,odom_lidar,unilidar_lidar
1786136155.6823738,-25.92370591436098,28.356834267688765,2.4646108599731913,0.1572257269809502,0.02991607627605936,-0.4620954088870464,-0.872268841723164,odom_lidar,unilidar_lidar
1786136155.8080273,-25.916077391389805,28.234806814762884,2.471818368235918,0.15929974310621522,0.03704766694733633,-0.4793839887019289,-0.8622308586430215,odom_lidar,unilidar_lidar
1786136155.9433875,-25.962032375680433,28.041657841439406,2.448711059528764,0.15351246239791402,0.04383794248702586,-0.48994983629656513,-0.8570071858508552,odom_lidar,unilidar_lidar
1786136156.0654898,-26.067855286066187,28.062326536438675,2.2492135578238552,0.1459472936769267,0.05568492868567331,-0.4967547040168073,-0.8537173655389859,odom_lidar,unilidar_lidar
1786136156.190353,-26.172006516725183,28.111267440758898,2.1004751596760474,0.13394940961484159,0.049279918831315196,-0.5069065289342949,-0.850102826831907,odom_lidar,unilidar_lidar
1786136156.3240812,-26.331928289829538,28.17425496449998,2.013016082745437,0.12982934514097888,0.032436391954963395,-0.5092307942321661,-0.8501624667220296,odom_lidar,unilidar_lidar
1786136156.4625366,-26.668691593423976,28.249961484048317,1.9327318276470424,0.12734532451357483,0.021729116085676032,-0.5150020651126126,-0.8473983046763852,odom_lidar,unilidar_lidar
1786136156.5932202,-26.972187777298718,28.307812232700574,1.827141325235929,0.12792047669245687,0.023417210502453083,-0.5141787433070405,-0.8477665986733914,odom_lidar,unilidar_lidar
1786136156.7161045,-27.16013887581977,28.56324572041886,1.7293324588098389,0.12759022375938908,0.030415239051832257,-0.5184700625255234,-0.844976001019691,odom_lidar,unilidar_lidar
1786136156.8347964,-27.17649182095343,28.669017156819717,1.677628209663458,0.1244966027965285,0.03728491191102868,-0.5300747583822918,-0.8379326833116519,odom_lidar,unilidar_lidar
1786136156.9491446,-27.184550080624554,28.73964443623016,1.7693416708429206,0.13111033403038824,0.03717728759052037,-0.5438468547791121,-0.8280450036952818,odom_lidar,unilidar_lidar
1786136157.0825508,-27.098864683524457,28.47052546715695,1.907553601780557,0.13858963156837112,0.03657258032426849,-0.5538361823232457,-0.8201956129727718,odom_lidar,unilidar_lidar
1786136157.205459,-27.137931145894118,28.24068992661676,2.01486604477574,0.14836500959551824,0.037190440523655485,-0.555203313755643,-0.8175291893603136,odom_lidar,unilidar_lidar
1786136157.340413,-26.802953621367347,27.961432164104988,2.2411848779415893,0.15862208131044422,0.03854053163608451,-0.5546296511220506,-0.8159286812204749,odom_lidar,unilidar_lidar
1786136157.471229,-26.67005247396869,27.986648828359584,2.1178888875125663,0.15001698664609617,0.0377374086452815,-0.5485495297647557,-0.8216837622231741,odom_lidar,unilidar_lidar
1786136157.5907538,-26.535189942801047,28.128561593585616,2.0974520319341807,0.1436417098854007,0.034076823783530844,-0.5367283275671187,-0.8307397496502912,odom_lidar,unilidar_lidar
1786136157.7073686,-26.21591746795628,28.237421324216328,2.1398375282040956,0.13613602678970968,0.04316454615526452,-0.5394475585684142,-0.8298193392056483,odom_lidar,unilidar_lidar
1786136157.8352387,-26.079785532155796,28.38790482756643,2.1205710766666397,0.1288411592237754,0.03804486044568737,-0.546738643543234,-0.8264559274032987,odom_lidar,unilidar_lidar
1786136157.9625742,-26.052759124668395,28.444941972686124,2.044523379770923,0.12950774467269774,0.02514775779149427,-0.552472017846596,-0.8230249108285618,odom_lidar,unilidar_lidar
1786136158.0877323,-26.34679506337845,28.329149342169853,2.016428806983878,0.12917074178960092,0.013547355786748948,-0.5529994882775727,-0.8229963271980344,odom_lidar,unilidar_lidar
1786136158.2107258,-26.85459490991873,28.20858785821781,1.8681844723504004,0.13246585389955537,0.01980941255261377,-0.5470217108875615,-0.8263338505365897,odom_lidar,unilidar_lidar
1786136158.3404117,-27.066006796379263,28.20397445241815,1.7489887435466551,0.1284952977107546,0.022134324821597544,-0.5549753407566241,-0.8215846890509738,odom_lidar,unilidar_lidar
1786136158.471382,-27.07910805744552,28.283219090788748,1.6802025721779235,0.1221707268276321,0.02419944982814436,-0.5606040181335542,-0.8186646657740501,odom_lidar,unilidar_lidar
1786136158.6014392,-26.841607636892327,28.415216294635016,1.6647608913153125,0.11807751859109909,0.02446595542157913,-0.5779094404412579,-0.8071429831681313,odom_lidar,unilidar_lidar
1786136158.7159677,-26.8674496769949,28.46526154985168,1.6570488111077426,0.11885125698390481,0.01996980117949752,-0.58334000199376,-0.8032372176562271,odom_lidar,unilidar_lidar
1786136158.8323846,-26.89356605538172,28.568112082398052,1.708839117050497,0.1263301157612661,0.026633301589950385,-0.5817830150600269,-0.8030316883447555,odom_lidar,unilidar_lidar
1786136158.954421,-27.167544769468055,28.70589046735446,1.7753517482862473,0.13149238379903197,0.029676275499196457,-0.5724034554784344,-0.8088160210033503,odom_lidar,unilidar_lidar
1786136159.0736582,-27.258094582838226,28.88449015565645,1.7504715227302787,0.13112229573032913,0.040015473333310445,-0.5700618353893165,-0.8100834582244493,odom_lidar,unilidar_lidar
1786136159.1993058,-27.235693361281324,29.022960430608084,1.7508808069403994,0.13192967183045104,0.03906267924226489,-0.5701497249525098,-0.8099370098456441,odom_lidar,unilidar_lidar
1786136159.3473487,-26.941823230809273,29.39150717964797,1.5625769460170158,0.12656140155804319,0.022655364499386647,-0.5574919061424679,-0.8201656666068761,odom_lidar,unilidar_lidar
1786136159.4884756,-26.67776770166363,29.45951960403584,1.4888309367496422,0.11816903784671999,0.011071614116561823,-0.5496776173442186,-0.8269026634653062,odom_lidar,unilidar_lidar
1786136159.623565,-26.46109478193882,29.576393270125514,1.4996913082256786,0.10732256442682443,0.01999719772970831,-0.5437960052164547,-0.8320864642321943,odom_lidar,unilidar_lidar
1786136159.7558315,-26.478063291210965,29.61529768287167,1.546961691600856,0.12187549168651544,0.036249650872989196,-0.5238131635823436,-0.8422897939519471,odom_lidar,unilidar_lidar
1786136159.8824203,-26.487970126350827,29.53939957906231,1.6627892756087281,0.13623053914633124,0.0418718526099946,-0.5048221849746695,-0.8513768552881312,odom_lidar,unilidar_lidar
1786136160.0050209,-26.45362566726667,29.49869340100921,1.832356027418533,0.14071970189877764,0.03330604141749179,-0.5110217301462598,-0.8473166258376728,odom_lidar,unilidar_lidar
1786136160.1331716,-26.42045629647249,29.47939082894476,1.978511384168896,0.1487780118050459,0.028706318971386136,-0.5218114779913497,-0.8394961774129373,odom_lidar,unilidar_lidar
1786136160.2711658,-26.477489791203887,29.42754790647931,2.0074717724549407,0.15072132566982666,0.03327728253332326,-0.5307200139793244,-0.8333738484121717,odom_lidar,unilidar_lidar
1786136160.416805,-26.6020124168817,29.277470470244115,1.8339795295808157,0.14318748899721256,0.03880239580686964,-0.528874453660049,-0.8356336095084406,odom_lidar,unilidar_lidar
1786136160.5514817,-26.669335142272196,29.14807397374112,1.654376341413676,0.12276319233719721,0.0316081652342163,-0.5280427971863149,-0.839702880093524,odom_lidar,unilidar_lidar
1786136160.6777165,-26.64301350299822,29.182112068792502,1.5869679480866175,0.11117623176269362,0.02871726816675106,-0.52196123567884,-0.8452050830707925,odom_lidar,unilidar_lidar
1786136160.7994604,-26.509875769647646,29.30079009414949,1.6208581201402517,0.1134211902028401,0.02332451857045753,-0.5219348756709864,-0.8450890994473538,odom_lidar,unilidar_lidar
1786136160.930149,-26.319656905221876,29.42404904540686,1.7484325577483362,0.12607206078712493,0.027777016761978083,-0.5218654462433248,-0.8432026617877507,odom_lidar,unilidar_lidar
1786136161.049693,-26.2020800126338,29.575673077717365,1.859395919748196,0.13991614003647576,0.03474503151244338,-0.5227962856331875,-0.8401787311463171,odom_lidar,unilidar_lidar
1786136161.174361,-26.17883788579561,29.657988755762492,2.065716663224376,0.1555445708782523,0.04077478882544081,-0.5203016383315695,-0.8387070455266401,odom_lidar,unilidar_lidar
1786136161.3045835,-26.07215463975223,29.630901973335813,2.221728085486795,0.1681002275887164,0.0483205206047208,-0.516039991449373,-0.838516647418548,odom_lidar,unilidar_lidar
1786136161.4461875,-25.960038140285906,29.63740411802456,2.08015087163757,0.16291977223601456,0.05280049613632445,-0.5176110744177725,-0.8383006805809012,odom_lidar,unilidar_lidar
1786136161.5734875,-25.905462326861045,29.4216063836363,1.874187386248374,0.13961001502675865,0.03927022657992558,-0.5264522984472262,-0.8377439169986388,odom_lidar,unilidar_lidar
1786136161.6905432,-25.937780367860086,29.20700212180755,1.7506219043543412,0.12050715091614556,0.018512512125760713,-0.5294269530846387,-0.8395489353339581,odom_lidar,unilidar_lidar
1786136161.819137,-26.057334183925818,29.097341385076856,1.7031534298520916,0.10890618507124869,0.01554823310781967,-0.5297686602521116,-0.840977325446492,odom_lidar,unilidar_lidar
1786136161.9469643,-25.996269995988754,28.894455866292123,1.7418548864530567,0.1112814870029233,0.020407752225219147,-0.5323627506361733,-0.8389218414337656,odom_lidar,unilidar_lidar
1786136162.0658681,-26.010213888125527,29.06953543152793,1.8407482283676861,0.1308040152713831,0.03491657729166639,-0.5249369930531471,-0.8403048824941096,odom_lidar,unilidar_lidar
1786136162.1948094,-25.940532435017374,29.215657137979555,1.949997834903716,0.14330194345701028,0.04203837964713948,-0.5229895378050834,-0.8391539018466828,odom_lidar,unilidar_lidar
1786136162.3324814,-25.90175873275658,29.42301435355733,2.0711143232569067,0.15801765297152645,0.04298251624214412,-0.5185807623257709,-0.8392001653911221,odom_lidar,unilidar_lidar
1786136162.4797199,-25.934065435056954,29.718422572726126,2.115852786345054,0.162886424163718,0.03582784159145977,-0.5170825989176825,-0.8395296090589003,odom_lidar,unilidar_lidar
1786136162.6078548,-26.05624781077313,29.88433523443376,1.9269886891272807,0.14347295484060876,0.039638404103632494,-0.5175356469801407,-0.8426156669883781,odom_lidar,unilidar_lidar
1786136162.7214792,-26.152068742981026,29.959088416199457,1.779895667566191,0.13041969731737224,0.0334581753590677,-0.5211767047811928,-0.8427609954469324,odom_lidar,unilidar_lidar
1786136162.8435707,-26.151073520581896,29.932343260106958,1.5941123492373552,0.11898307963763925,0.025256609584893744,-0.5286762664648064,-0.8400634117190515,odom_lidar,unilidar_lidar
1786136162.9671726,-26.03850586170986,29.67387096910984,1.5305669913608857,0.1139539937089297,0.02313551173540107,-0.5394792196625525,-0.8339312963109189,odom_lidar,unilidar_lidar
1786136163.083759,-25.959821984166794,29.375065756519383,1.543175590118706,0.10776450734284676,0.02214975552748785,-0.5448287167694286,-0.8312989045286924,odom_lidar,unilidar_lidar
1786136163.211762,-25.758160295137277,29.007426204716445,1.83864245273818,0.12247738619747296,0.01898187473051947,-0.5459027030259572,-0.8286309293834642,odom_lidar,unilidar_lidar
1786136163.368155,-25.483258283228285,28.6696925638479,2.103165475319236,0.1322491299960729,0.022961776736412975,-0.5513127335137078,-0.8234301392893221,odom_lidar,unilidar_lidar
1786136163.4919622,-25.322362090938515,28.361660483798392,2.4978539864911173,0.14784011900353083,0.029794822641241333,-0.5505097432421745,-0.8210935332544241,odom_lidar,unilidar_lidar
1786136163.6114147,-24.93254987309566,28.21086054810211,2.81062626599942,0.16924341977881696,0.03957275148102929,-0.5540229744237982,-0.8141555170926494,odom_lidar,unilidar_lidar
1786136163.748037,-24.650995269986602,28.133334528005786,3.008811554041038,0.18185600634867335,0.03568580602352943,-0.5544376565474474,-0.8113284176001339,odom_lidar,unilidar_lidar
1786136163.8727622,-24.712500118355948,28.38667795420084,2.7864873057159967,0.17070694696408278,0.04140409542348136,-0.5473791151068014,-0.818242594519046,odom_lidar,unilidar_lidar
1786136164.000167,-24.882018263386655,28.78786432430916,2.489350821792206,0.1605285668974738,0.041667776395163114,-0.5387734136157973,-0.825964638710948,odom_lidar,unilidar_lidar
1786136164.133031,-25.154396955137724,29.43230668395807,2.08020966179962,0.14955627444176608,0.03474741717938083,-0.5279167529848676,-0.835302005081022,odom_lidar,unilidar_lidar
1786136164.2774205,-25.52330744797968,30.034001953893032,1.898851569230767,0.13422146997868845,0.02646158531116433,-0.5210562679964007,-0.8424872385272331,odom_lidar,unilidar_lidar
1786136164.4243677,-25.83119875959642,30.61951318905147,1.7370028935547772,0.1263706868253633,0.02710886373717635,-0.5224557128142898,-0.8428140881391799,odom_lidar,unilidar_lidar
1786136164.5528262,-25.817783689214423,30.76035439890324,1.5414008393289174,0.12357846369116081,0.01123724606195202,-0.5245514693438937,-0.8422872690607629,odom_lidar,unilidar_lidar
1786136164.6804383,-25.521094252829624,30.794127718984036,1.5611487519838128,0.12091563217016599,0.027783262195663936,-0.5246320607495839,-0.8422402870157074,odom_lidar,unilidar_lidar
1786136164.797304,-25.197904438977403,30.598526843957867,1.780691015732919,0.13057777981517943,0.04024568282694567,-0.5277906339915457,-0.838311860290151,odom_lidar,unilidar_lidar
1786136164.9109044,-25.034489036824453,30.14184389022683,2.1427889524882318,0.1475347311475592,0.036491364357449284,-0.537244957545696,-0.8296202378343193,odom_lidar,unilidar_lidar
1786136165.0498934,-24.897332517081644,29.726947552790815,2.355508728255294,0.15888397276662822,0.034006344873073184,-0.551544536990011,-0.8181675106130416,odom_lidar,unilidar_lidar
1786136165.1888592,-24.84469969773401,29.324328096125374,2.5564310934199983,0.17183427684675384,0.02520788307803912,-0.5616951769108007,-0.808910422832109,odom_lidar,unilidar_lidar
1786136165.329991,-24.883733531633002,29.035504432237495,2.6049502441879566,0.17154581576991024,0.024291533910934943,-0.5647782954226981,-0.8068503154188648,odom_lidar,unilidar_lidar
1786136165.4619696,-25.106513649259664,29.01286394524229,2.446475571240121,0.17367535694723565,0.021518521063758417,-0.560884506953833,-0.8091862538993322,odom_lidar,unilidar_lidar
1786136165.5856419,-25.150404526218313,29.26963669560081,2.3350681861760396,0.16680066222047896,0.02501729289756032,-0.5582182593539202,-0.8123694043123282,odom_lidar,unilidar_lidar
1786136165.7136073,-24.846406638998758,29.606975407435655,2.32352545908927,0.15585725968668118,0.02968981352506172,-0.558336292382671,-0.8143019183227913,odom_lidar,unilidar_lidar
1786136165.8334782,-24.585784832858995,29.892086101862848,2.2614622567645495,0.1493917305503865,0.0374248568921285,-0.560561452989187,-0.8136659931153667,odom_lidar,unilidar_lidar
1786136165.9556305,-24.44183705146593,30.158637049065245,2.142203932882779,0.14188330449877518,0.03866994960005034,-0.5508962038806814,-0.8215151462099113,odom_lidar,unilidar_lidar
1786136166.0904486,-24.372926515115758,30.35871242555336,1.9932882817010777,0.1368450113110988,0.032975203135220045,-0.5403648394418837,-0.8295733356083739,odom_lidar,unilidar_lidar
1786136166.2250462,-24.47136747740161,30.352359750621765,2.018376139591128,0.13698933168366484,0.021774607725833804,-0.5360842740600313,-0.8326904830540447,odom_lidar,unilidar_lidar
1786136166.370589,-24.518595470321404,30.3422630666704,1.9912480909306107,0.14090830437086066,0.016752247378488412,-0.5447720459344686,-0.826491155388533,odom_lidar,unilidar_lidar
1786136166.5034783,-24.59559694852313,30.36897090502558,1.9819648132770384,0.13997191710500106,0.029721874807301218,-0.5557129203318392,-0.8189674125117242,odom_lidar,unilidar_lidar
1786136166.6197946,-24.723913589162315,30.32872381515849,1.9308073935943155,0.13756273319535703,0.04245131805284173,-0.5713370748175004,-0.8079903012848492,odom_lidar,unilidar_lidar
1786136166.7333603,-24.975825628038177,30.209848696762446,1.9716942744141495,0.1417618473865629,0.043481761212545905,-0.5827509559270682,-0.7990082843334556,odom_lidar,unilidar_lidar
1786136166.85122,-25.34139946759985,30.11573911468707,1.9354445811272314,0.13693850110774677,0.030474995253109975,-0.5920071574627462,-0.7936287841879007,odom_lidar,unilidar_lidar
1786136166.9800327,-25.780193944000576,29.999352371137686,1.9434249883612298,0.13814870764901604,0.008385511813372326,-0.5935045780420891,-0.7928410519200026,odom_lidar,unilidar_lidar
1786136167.102344,-26.087952634935313,29.795665568418748,1.8999999111852826,0.15137887828889082,0.008864545794066987,-0.5970966442515389,-0.7877064506904925,odom_lidar,unilidar_lidar
1786136167.2218933,-26.364754922012644,29.751254435515573,1.9411411257801967,0.16117654001280451,0.004830604187849049,-0.60179979659605,-0.7821993307524842,odom_lidar,unilidar_lidar
1786136167.3663776,-26.468942821022708,29.901422737495732,2.0224076374137896,0.16518537344503384,0.006879948392513923,-0.6044487738447218,-0.7792997744819086,odom_lidar,unilidar_lidar
1786136167.4966786,-26.296996323879533,30.138437696905626,1.9226225771427976,0.16199197299809082,0.01968952773134576,-0.6028470186164517,-0.780990649961418,odom_lidar,unilidar_lidar
1786136167.6170704,-26.16851450586342,30.376014410235978,1.753611940635046,0.15555286363543905,0.024842057744479572,-0.5898221603308329,-0.7920202004775533,odom_lidar,unilidar_lidar
1786136167.738559,-26.060686214467175,30.53272546419878,1.6281964811697065,0.1459814509960492,0.023009433081851806,-0.5740245623560986,-0.8053916958637141,odom_lidar,unilidar_lidar
1786136167.8631716,-26.014237834134374,30.541613578192603,1.548157754524778,0.1332868483239428,0.01747240259916161,-0.5507578258408649,-0.8237688683643773,odom_lidar,unilidar_lidar
1786136167.9825702,-26.029048223903764,30.54007232694403,1.5442476940036338,0.119815596613299,0.013123247818918826,-0.5259777268075513,-0.8419141488757885,odom_lidar,unilidar_lidar
1786136168.1273417,-25.926161352148473,30.32960707955329,1.5582035655336919,0.12577272666961997,0.012463533131789955,-0.502743836149341,-0.8551459037975955,odom_lidar,unilidar_lidar
1786136168.2524018,-25.88803042046298,30.09379911206937,1.7082425409195288,0.12931742376087269,0.0330010167867542,-0.4873974008010268,-0.8629204543266398,odom_lidar,unilidar_lidar
1786136168.413517,-25.68990398593664,29.9142082848108,1.8719609257373209,0.13670402279393729,0.04305372067504726,-0.4779787553174048,-0.8665995019345525,odom_lidar,unilidar_lidar
1786136168.5391734,-25.309204166666106,29.93461556689626,2.1456516057640265,0.1518393624829148,0.04499112845269079,-0.47572360075578884,-0.8652211636600682,odom_lidar,unilidar_lidar
1786136168.6695497,-24.91939973971132,30.024954067550375,2.349314254481951,0.16299179534724273,0.04171275161710676,-0.470788544471223,-0.8660553489221571,odom_lidar,unilidar_lidar
1786136168.7895072,-24.582520375351663,30.028169550140536,2.4897917149958557,0.1665622996246374,0.040585580100281654,-0.4644448365699588,-0.8688502775594771,odom_lidar,unilidar_lidar
1786136168.9176493,-24.28171094474766,29.758430733211714,2.5835850490693097,0.17166390385793198,0.04057309033807819,-0.4580269731769721,-0.8712615108536669,odom_lidar,unilidar_lidar
1786136169.0373893,-23.979223509104763,29.574471708530048,2.668359435395447,0.17447181087950164,0.04974936146113779,-0.456762253087831,-0.8708919751592415,odom_lidar,unilidar_lidar
1786136169.184073,-23.780926072263906,29.607212600035847,2.676804252786182,0.17016286696284205,0.0535744929288256,-0.4564846782636645,-0.8716628424597002,odom_lidar,unilidar_lidar
1786136169.3337493,-23.832567606175694,29.5995268305864,2.618359196160104,0.15992925462057286,0.04796089958412847,-0.4594918530276576,-0.8723471915635419,odom_lidar,unilidar_lidar
1786136169.4783401,-24.03928729551327,29.54912141983754,2.549093905655564,0.1533095253482224,0.04128870443478419,-0.47013625598960407,-0.8681954463873196,odom_lidar,unilidar_lidar
1786136169.597922,-24.31816271260505,29.60435724836693,2.455327050405558,0.15217403866120832,0.03622032309939073,-0.48147151461307386,-0.8623898948667624,odom_lidar,unilidar_lidar
1786136169.7247975,-24.778875608312482,29.651411704835784,2.2402265716274146,0.13886792045383076,0.03037816534900465,-0.4956532033760272,-0.8568084790208019,odom_lidar,unilidar_lidar
1786136169.8500335,-25.289878647168866,29.783967581084934,1.9110977888857141,0.13001401361187928,0.026402981423376645,-0.5116653606359648,-0.8488803199284073,odom_lidar,unilidar_lidar
1786136169.9806213,-25.783451802653335,29.971889615693463,1.6371040909931913,0.12328873788181345,0.0249901010666723,-0.526367248828211,-0.8409000542996814,odom_lidar,unilidar_lidar
1786136170.1246974,-26.177041839451807,30.218110119894956,1.4554094970253102,0.11207837512359076,0.03495484653133344,-0.5341046486998683,-0.8372268633834064,odom_lidar,unilidar_lidar
1786136170.2611666,-25.794535393503132,30.44061385144746,1.5219689588115117,0.11578498178720331,0.03891482178741924,-0.5198966438260707,-0.8454507403605359,odom_lidar,unilidar_lidar
1786136170.3947253,-25.437148642339174,30.623486967278367,1.7151762788270206,0.1255406229165979,0.0354249513217644,-0.5065828886583211,-0.8522666259687482,odom_lidar,unilidar_lidar
1786136170.525528,-25.09589316808148,30.79863308870349,1.8740110278702014,0.13652257482505623,0.0316648040366828,-0.494435910162348,-0.8578415107060197,odom_lidar,unilidar_lidar
1786136170.6477885,-24.650412102280914,30.808246423858556,1.9966410355554232,0.14805544439839002,0.03409901140045561,-0.4860802277605285,-0.8606060974602607,odom_lidar,unilidar_lidar
1786136170.7623043,-24.347631136469907,30.880140240996724,2.13145472871818,0.15838736008655913,0.041252485671173005,-0.4843052121539153,-0.8594533949384988,odom_lidar,unilidar_lidar
1786136170.8840685,-24.147372885582712,30.939541694791885,2.208283194275432,0.16499204382639818,0.04317876329815103,-0.4841297253417321,-0.8582142092243458,odom_lidar,unilidar_lidar
1786136171.0000334,-24.094662176518664,31.021922287553192,2.2578335044536315,0.16098212420085664,0.060852176659448205,-0.47663641844073856,-0.862090188379135,odom_lidar,unilidar_lidar
1786136171.1281292,-24.256159374794333,31.092388360310785,2.076827231268646,0.14749776151350777,0.05022755817986548,-0.47052037646170564,-0.8685229865018701,odom_lidar,unilidar_lidar
1786136171.2724214,-24.298287514004052,31.099970333392253,1.88243816187601,0.1322720691806218,0.04289157431360512,-0.4626675992898063,-0.8755587388262335,odom_lidar,unilidar_lidar
1786136171.4029815,-24.344211939011664,31.221782617499297,1.7863568967579702,0.12951889339708195,0.03803822468543861,-0.47664086895323526,-0.8686722234303801,odom_lidar,unilidar_lidar
1786136171.5365195,-24.319272217648713,31.240616251575624,1.7546130809921814,0.12624150003188184,0.028632524568993022,-0.4893382536270757,-0.8624333804669844,odom_lidar,unilidar_lidar
1786136171.6587636,-24.44593208894634,31.2309235734211,1.7561244140563848,0.13690884636292125,0.029254362932249988,-0.504320304184931,-0.8520922372747102,odom_lidar,unilidar_lidar
1786136171.7881234,-24.69508507599493,31.335774509342755,1.7377872763758972,0.13983146604386554,0.038775409269550976,-0.5095480509538045,-0.8481181595209367,odom_lidar,unilidar_lidar
1786136171.914696,-24.83719411385381,31.40700600034755,1.7561841617503267,0.1414247913257161,0.04678759043229398,-0.5132278671390218,-0.8452260680858987,odom_lidar,unilidar_lidar
1786136172.04096,-24.91874587020877,31.36195510872487,1.8704586668195986,0.14735941224368346,0.044939645239077765,-0.5147055399574373,-0.8434120221138095,odom_lidar,unilidar_lidar
1786136172.1782663,-24.953277119222914,31.328810465265256,1.9507861294809477,0.14932064270724094,0.02787609188539377,-0.5138228138153975,-0.8443413913610542,odom_lidar,unilidar_lidar
1786136172.3206232,-24.666408738496408,31.17668857661221,1.8927235162509208,0.14270287943599932,0.026818385058901308,-0.5163668340135592,-0.8439679823040213,odom_lidar,unilidar_lidar
1786136172.4571466,-24.41618456041067,31.058735192566584,1.772210538912171,0.1341421294783659,0.032183118814421936,-0.518403648314098,-0.8439358941157907,odom_lidar,unilidar_lidar
1786136172.5835807,-24.285032935469438,31.066128688476613,1.835565956566681,0.13043860182146144,0.03378315720594925,-0.5158207984466249,-0.8460339079102839,odom_lidar,unilidar_lidar
1786136172.7005756,-24.2206998656139,30.89086139399826,1.9215721630031477,0.12894051288323402,0.03457741548832682,-0.5180238101802727,-0.8448846539983247,odom_lidar,unilidar_lidar
1786136172.8198464,-24.1726109694511,30.76360331357561,2.0127830064816545,0.13417116681201197,0.03606801687339373,-0.5244762264152465,-0.8400130261373016,odom_lidar,unilidar_lidar
1786136172.9396563,-24.451440261754804,30.817377685425843,2.0106741008999633,0.14586021782667039,0.032883857984841364,-0.5276476565928222,-0.8362005735657517,odom_lidar,unilidar_lidar
1786136173.0835936,-24.689630169615846,31.011348839815582,1.9336484443409956,0.15742788911111025,0.026460564047020532,-0.5297666928657805,-0.8329847233955658,odom_lidar,unilidar_lidar
1786136173.2227974,-24.942871752197412,31.300381995849584,1.8726048454649467,0.16554104033476374,0.02245715061745049,-0.5312944372408126,-0.830552864848468,odom_lidar,unilidar_lidar
1786136173.3531728,-25.035642852119878,31.417889367195713,1.7963948746032432,0.15420372790875841,0.0221393329440948,-0.5351027537739741,-0.8302988035275866,odom_lidar,unilidar_lidar
1786136173.4806106,-24.92796241583771,31.486399396787967,1.7690278968956514,0.14048471469969645,0.030295862132274712,-0.5413197133909972,-0.8284438264406924,odom_lidar,unilidar_lidar
1786136173.602113,-24.74250486962974,31.502828242831065,1.7377632772639333,0.1352790477320937,0.027875922383807802,-0.5384411126876182,-0.8312663113369082,odom_lidar,unilidar_lidar
1786136173.7257404,-24.464095110990975,31.44764300948794,1.7519808381145576,0.13630467965584778,0.025745842850496033,-0.5299713095964017,-0.8365934477896113,odom_lidar,unilidar_lidar
1786136173.8465538,-24.446417165985693,31.465148916747406,1.7371807985035976,0.13873228638676427,0.021805450438845325,-0.534444529166431,-0.8334548099861995,odom_lidar,unilidar_lidar
1786136173.9789574,-24.50899986325811,31.46368482644632,1.784651730087611,0.13602153910222198,0.018070576316608217,-0.5385068516319961,-0.8313735417471763,odom_lidar,unilidar_lidar
1786136174.1176171,-24.603798704092874,31.463446958508914,1.7533408013370415,0.1290668192047961,0.016555492062060854,-0.5434735988360024,-0.8292792769816352,odom_lidar,unilidar_lidar
1786136174.2466834,-24.700104687132264,31.392552319611035,1.7185584660944344,0.13098563938076552,0.022959251479789108,-0.5464543257538583,-0.8268635346370016,odom_lidar,unilidar_lidar
1786136174.3846455,-24.643705193365975,31.382314469441607,1.7326223826946456,0.13398951148314836,0.021401000301635845,-0.5482718762666287,-0.8252192179619104,odom_lidar,unilidar_lidar
1786136174.517385,-24.501158763513818,31.459032604044545,1.7851326231607119,0.13808895069366633,0.021599013194710925,-0.554127866807005,-0.8206139357537473,odom_lidar,unilidar_lidar
1786136174.639753,-24.326916398545595,31.5018438355053,1.893044272777888,0.1416892537990273,0.024163361438365973,-0.5600055705082188,-0.8159252712850842,odom_lidar,unilidar_lidar
1786136174.7562852,-24.179281501104956,31.487474309079516,1.9430930121832768,0.14579884835202075,0.031941818054093234,-0.5588284445612915,-0.8157408814248746,odom_lidar,unilidar_lidar
1786136174.884035,-24.037628587959997,31.45125385254604,1.993019008940267,0.15175347736777592,0.042978300236236326,-0.55619525415081,-0.8159476619708569,odom_lidar,unilidar_lidar
1786136175.0121481,-23.95801781188368,31.45661423748915,2.0077222551776184,0.14584364011908013,0.04363569069395519,-0.54760325444914,-0.8227735015489914,odom_lidar,unilidar_lidar
1786136175.1401923,-23.79563706235232,31.485232405608347,1.9828935289967318,0.14561031096772395,0.026283074723485886,-0.5425547129793412,-0.8268864618234278,odom_lidar,unilidar_lidar
1786136175.2763658,-23.595914067672012,31.593024376709042,2.0194402200760218,0.1462573506590575,0.019215638810715384,-0.5429452830583874,-0.8267103278706134,odom_lidar,unilidar_lidar
1786136175.4097261,-23.51043715073737,31.611475098551182,2.0124168636104853,0.1517666090985733,0.022181315156584416,-0.5483028736769925,-0.8220941821581011,odom_lidar,unilidar_lidar
1786136175.5286071,-23.467130273393753,31.696155911032452,2.0373511333586394,0.1556828407161621,0.030594672441730822,-0.5547547423376482,-0.8167459794689037,odom_lidar,unilidar_lidar
1786136175.6400816,-23.518860516815252,31.756465379000325,2.0385296575510905,0.15866474125797617,0.03747144543246173,-0.5561927908293194,-0.8149054976426621,odom_lidar,unilidar_lidar
1786136175.7686052,-23.643749294208966,31.87734959897751,1.9965717646629038,0.15703632077593874,0.026878318654190658,-0.5519947091852191,-0.8184857915535282,odom_lidar,unilidar_lidar
1786136175.8864777,-23.712023678796623,32.03401207420659,1.9470427774489154,0.15142963384615887,0.021859118851254147,-0.551028376634237,-0.8203407664258205,odom_lidar,unilidar_lidar
1786136176.0200489,-23.60922926272577,32.200479043453015,1.8455059246890497,0.14016294688822864,0.025960571104842168,-0.551718068734486,-0.8217588269677467,odom_lidar,unilidar_lidar
1786136176.1676006,-23.57684573486965,32.32965170360498,1.7024559672125283,0.12549577670310527,0.030695184189836147,-0.5561026331489474,-0.8210106437203136,odom_lidar,unilidar_lidar
1786136176.312347,-23.628438941802997,32.42828067349919,1.6611655769790266,0.12391964310870789,0.029466151045188446,-0.561810886056399,-0.8174008785797313,odom_lidar,unilidar_lidar
1786136176.4486325,-23.67846048525774,32.49362362878694,1.6315330927205078,0.12056453840714884,0.024180444606577783,-0.5672206103051998,-0.8143342541133195,odom_lidar,unilidar_lidar
1786136176.5816882,-23.810362559053754,32.327991935779785,1.6661001995490778,0.12660713098943982,0.02032348670373263,-0.5668456277131583,-0.8137835244174594,odom_lidar,unilidar_lidar
1786136176.701654,-23.8149003359623,31.97244360844293,1.75415107683243,0.1383109766413099,0.015162902331290192,-0.5719806994756502,-0.8083800093772513,odom_lidar,unilidar_lidar
1786136176.82343,-23.80227463091089,31.61708314303029,1.8727486611068236,0.15106171587956158,0.01429494354687765,-0.5746647333226245,-0.8041992643989119,odom_lidar,unilidar_lidar
1786136176.9459255,-23.82980126954491,31.26814610833442,2.0112233961408488,0.15496576394023154,0.01861549303477451,-0.5805192977672756,-0.7991473082888297,odom_lidar,unilidar_lidar
1786136177.0791616,-23.732882731697696,31.16782006182484,2.1486891538645088,0.1499887457085919,0.027458259886372276,-0.5941663654677426,-0.7897567665247501,odom_lidar,unilidar_lidar
1786136177.2036638,-23.659052336123867,31.080821101049715,2.143621373537594,0.1378931154109683,0.02587261670977099,-0.6072635933676318,-0.7820147214708161,odom_lidar,unilidar_lidar
1786136177.3284159,-23.544936621436808,31.058826903380837,2.126385372352697,0.13280736150993425,0.021888336092038427,-0.6199764004345772,-0.7729892420830164,odom_lidar,unilidar_lidar
1786136177.4588542,-23.303102021800655,31.02954230026747,2.2201132402416768,0.14856132819130807,0.0060840100225326935,-0.6260089219536225,-0.7655098603039309,odom_lidar,unilidar_lidar
1786136177.5844457,-23.234417705678737,30.932138988212564,2.3106837867834553,0.16132943162176255,0.004586271425824309,-0.6155875353612618,-0.7713648727514465,odom_lidar,unilidar_lidar
1786136177.7025146,-23.205510588425447,30.731892157080953,2.479202949236342,0.17151148491880036,0.022097617503216507,-0.594026299813163,-0.7856387598457141,odom_lidar,unilidar_lidar
1786136177.8207345,-23.378528134589104,30.75730014993918,2.5046020895187544,0.16912335757115543,0.0242438174088602,-0.5896811518485464,-0.7893577556443443,odom_lidar,unilidar_lidar
1786136177.9405577,-23.284438661997868,30.846470062375623,2.416041525846244,0.1604326854740297,0.022856176761101545,-0.602614671762547,-0.7814054683657992,odom_lidar,unilidar_lidar
1786136178.0708416,-23.199171671625816,31.004524292303444,2.30436618780359,0.15558057372219744,0.027584294302589747,-0.6177074224228879,-0.7703709055200437,odom_lidar,unilidar_lidar
1786136178.2036238,-23.153639146192656,31.127315389418108,2.2599429844651535,0.15172925516864055,0.030370669241442327,-0.6294038328147303,-0.7615160345087446,odom_lidar,unilidar_lidar
1786136178.3426316,-23.20961348280747,31.18812609667086,2.1611225541516554,0.14335793014090703,0.027291617648556546,-0.6272925887025946,-0.7649886794133866,odom_lidar,unilidar_lidar
1786136178.470411,-23.227696573521907,31.37540266953383,2.139258709072405,0.13770827536482014,0.014832661932875036,-0.6114787711467661,-0.7790443732374124,odom_lidar,unilidar_lidar
1786136178.601516,-23.07998040041155,31.63939734006111,2.004192578806097,0.1392440075486485,0.013255751221145095,-0.6025184652465787,-0.785752435858943,odom_lidar,unilidar_lidar
1786136178.718425,-22.957289369802968,31.954446037216282,1.935217406134272,0.13899475020031343,0.021286144812393167,-0.5974220848356119,-0.7895025091831241,odom_lidar,unilidar_lidar
1786136178.8405497,-22.97118982335529,32.22579449279989,1.950284715119369,0.142440313081827,0.02840297320475753,-0.5878346148801898,-0.7958357204039912,odom_lidar,unilidar_lidar
1786136178.9654922,-23.071318937353904,32.338136800705634,2.0020805688963335,0.1523648623455078,0.020500689227781425,-0.582822996005133,-0.7979235713971742,odom_lidar,unilidar_lidar
1786136179.0876646,-23.218523239894658,32.447214293624974,2.027497558299574,0.15746396662082077,0.011215880549569934,-0.5787642474670333,-0.8000695276620987,odom_lidar,unilidar_lidar
1786136179.2240944,-23.344266109762643,32.58695356818373,1.9754198604885547,0.16014784837949417,0.010510387696476164,-0.5790538316359352,-0.7993365114128282,odom_lidar,unilidar_lidar
1786136179.368603,-23.408724482715552,32.677892650094535,1.8686708309235842,0.16415026014560874,0.014535071633829366,-0.5782222273526322,-0.7990635015955175,odom_lidar,unilidar_lidar
1786136179.5038323,-23.49938416473138,32.589107062662045,1.77440503701537,0.1523446579336418,0.02023172139635131,-0.5784313562859226,-0.8011235539625896,odom_lidar,unilidar_lidar
1786136179.6325452,-23.5678849777081,32.20837737700794,1.8124989811962473,0.14044831948446346,0.0284163063842865,-0.5785799936724014,-0.8029395830369235,odom_lidar,unilidar_lidar
1786136179.7617614,-23.61742944764471,31.72025678571704,1.9055064060527716,0.13410937966204334,0.03416873098952457,-0.5783455453910828,-0.8039674136652049,odom_lidar,unilidar_lidar
1786136179.8865378,-23.7173364672786,31.20832200467185,2.061933703044699,0.13730947438134086,0.03282456794048045,-0.5648269125526475,-0.8130431814122079,odom_lidar,unilidar_lidar
1786136180.0254219,-23.892232148234225,30.813190708396007,2.138837170527648,0.14362586382602704,0.023247872794392874,-0.5507980920609508,-0.8218592394277623,odom_lidar,unilidar_lidar
1786136180.1647272,-23.88009282025447,30.25727907662671,2.307144443656771,0.15132912225165415,0.026740346920759238,-0.5262193785244426,-0.8363477842802304,odom_lidar,unilidar_lidar
1786136180.301511,-23.876850293923805,29.890384070185508,2.495456820335942,0.15679276499267547,0.024023246494703884,-0.5011808456455039,-0.8506801234493868,odom_lidar,unilidar_lidar
1786136180.4400716,-23.678766652185846,29.873961501355396,2.5847914749087244,0.16361025921095654,0.035880134015323334,-0.48039905919157955,-0.8609071047400012,odom_lidar,unilidar_lidar
1786136180.5675204,-23.56735849184235,30.241428546281938,2.480038192781306,0.1625406205055458,0.03931928685383342,-0.4681467011508062,-0.8676826646698641,odom_lidar,unilidar_lidar
1786136180.6930923,-23.44231105216722,30.76944673982629,2.313490324789242,0.1652808283874936,0.038599583518443115,-0.460936322321765,-0.8710511045192656,odom_lidar,unilidar_lidar
1786136180.8151171,-23.220595057083557,31.319350314408638,2.2668442739250985,0.15723704325885393,0.049034366864494895,-0.4561788090433537,-0.8745130286469146,odom_lidar,unilidar_lidar
1786136180.9478216,-23.04638591806555,31.79295094676148,2.1221359795700865,0.14642239386495184,0.0564256764618114,-0.4505407952625354,-0.8788569948603049,odom_lidar,unilidar_lidar
1786136181.073653,-22.862925767776378,32.255540917019395,1.9883689610539343,0.13406244608694212,0.06328048592979828,-0.4446836719858387,-0.883334179412789,odom_lidar,unilidar_lidar
1786136181.2204814,-22.735599970539617,32.67768876576449,1.7760200751892552,0.12189551929502958,0.05858258647032148,-0.43176552746099506,-0.8917892644759586,odom_lidar,unilidar_lidar
1786136181.3601685,-22.770182195006946,32.929150913128645,1.5915953433030483,0.11298002226784477,0.045778450192136166,-0.418751816189339,-0.899881528038271,odom_lidar,unilidar_lidar
1786136181.4909604,-22.780594681169212,33.21830820767306,1.4638525483864053,0.11272299889095427,0.04664392950074244,-0.4122552420152319,-0.9028640455753693,odom_lidar,unilidar_lidar
1786136181.6077886,-22.793217690333208,33.3199899531476,1.4896441749942548,0.12444316596338384,0.04766517742749351,-0.4138218689039148,-0.9005517142966786,odom_lidar,unilidar_lidar
1786136181.7431455,-22.8855255768494,33.30898354152088,1.6664868545669222,0.13853176957702804,0.04952453648205893,-0.41516125757848776,-0.8977735790888163,odom_lidar,unilidar_lidar
1786136181.8679712,-22.84473496178152,33.22534326165725,1.9192272117534355,0.15365945338095705,0.05144560365611568,-0.4170356922087412,-0.8943284372505994,odom_lidar,unilidar_lidar
1786136181.9982216,-22.721394518085937,32.9924024868745,2.1817381991348532,0.16195464224768463,0.05895142168991567,-0.4165046390811816,-0.8926473600246724,odom_lidar,unilidar_lidar
1786136182.1266136,-22.73909895666313,32.706816276506274,2.223203293206395,0.1677011628269623,0.053915335597240786,-0.4239272184614397,-0.8884003433258388,odom_lidar,unilidar_lidar
1786136182.2707317,-22.781315691412928,32.40666499508082,2.094632757131055,0.15398190117227215,0.04764190212212382,-0.4336981791626134,-0.8865245132902939,odom_lidar,unilidar_lidar
1786136182.4046476,-22.929120692710722,31.894840541802825,1.9552905448583549,0.137173623945334,0.04443486907813291,-0.43646329733851624,-0.8880927481857418,odom_lidar,unilidar_lidar
1786136182.5269537,-23.149837746931,31.322232880048006,1.8427010122999408,0.11735295346388573,0.05078276185343655,-0.4346889823509989,-0.8914566080491486,odom_lidar,unilidar_lidar
1786136182.6517954,-23.426512628555532,30.876200712063113,1.8142242001139808,0.10625763075684752,0.050237367955427686,-0.4334671842968598,-0.8934717247370532,odom_lidar,unilidar_lidar
1786136182.7796123,-23.635004813481995,30.72447264578823,1.826314123169134,0.11702788434395553,0.03453562751205891,-0.4353665319058344,-0.8919460452373856,odom_lidar,unilidar_lidar
1786136182.899454,-23.65406132259565,30.744045801039768,1.9205427955313727,0.1202922892318808,0.028053106146882854,-0.4438569522585218,-0.887543685864894,odom_lidar,unilidar_lidar
1786136183.0275095,-23.624426815204696,30.767419892080557,1.9629670997275737,0.13266010391196334,0.02987746746813335,-0.4477638171077376,-0.8837512081218709,odom_lidar,unilidar_lidar
1786136183.164221,-23.577342520205733,30.856139746994565,2.1084044614588193,0.14878898370467708,0.03256990092116123,-0.4513437053423747,-0.8792553096398855,odom_lidar,unilidar_lidar
1786136183.3124592,-23.57660395419479,30.8380818583796,2.312352309242043,0.1611214425522165,0.05336777614141447,-0.4488533164634007,-0.8773382822602803,odom_lidar,unilidar_lidar
1786136183.4460726,-23.529195333358718,30.935305671531676,2.5141816429041537,0.17108733931469125,0.06729692509077972,-0.4487420328748495,-0.8745460731893394,odom_lidar,unilidar_lidar
1786136183.5649245,-23.40741874850659,31.002965687740677,2.536464854938873,0.17499738542971832,0.05312996758580053,-0.43999516495179536,-0.8791799454355955,odom_lidar,unilidar_lidar
1786136183.6875243,-23.27692061159966,30.965131389162302,2.482940917469611,0.18297789950031,0.03697862595165938,-0.4295842871825143,-0.8835208032203162,odom_lidar,unilidar_lidar
1786136183.8085203,-22.94125566702647,31.098781356902467,2.459497099529145,0.1760973478614709,0.03430512354616132,-0.40763446316431606,-0.8953474336900613,odom_lidar,unilidar_lidar
1786136183.946122,-22.461670339985332,31.527931232401176,2.388184837045761,0.15871259551747807,0.05392907541498358,-0.3982452670458931,-0.9018329524499179,odom_lidar,unilidar_lidar
1786136184.068539,-21.962281513313197,31.878456272639994,2.341767209487993,0.1472952108138423,0.07374287269781793,-0.3890345182536886,-0.906376441223347,odom_lidar,unilidar_lidar
1786136184.209667,-21.485942502255245,32.24466506954266,2.3986762013589464,0.13657716815737783,0.08676831852587774,-0.3775586629103903,-0.9117386643658486,odom_lidar,unilidar_lidar
1786136184.343072,-21.570895237874996,32.55098031913176,2.3133883176685073,0.12896811364332686,0.0729670553203246,-0.3783071518787501,-0.9137432535119212,odom_lidar,unilidar_lidar
1786136184.4654434,-22.00338932236813,32.746823986776675,2.057563597631855,0.12804045371826958,0.05316333967449146,-0.37894925276624647,-0.9149736418903978,odom_lidar,unilidar_lidar
1786136184.5849884,-22.469879667920857,33.00870145617852,1.703861536334725,0.1283437948789976,0.04328210149412676,-0.38185251777113727,-0.9142445978391961,odom_lidar,unilidar_lidar
1786136184.7017906,-22.87237424981246,33.293503444405665,1.5312556253143994,0.1288769178678131,0.04789204329452779,-0.3846302577030578,-0.9127741544814071,odom_lidar,unilidar_lidar
1786136184.8237557,-23.20981802143277,33.28461360358315,1.5974575904010615,0.12358630329993131,0.06295955999255984,-0.38601132438335967,-0.9120075530882434,odom_lidar,unilidar_lidar
1786136184.9465346,-23.322135201027347,33.08684285365693,1.7215146624435809,0.13210504924103705,0.056909835972388294,-0.3967203499257689,-0.9065994101527942,odom_lidar,unilidar_lidar
1786136185.0776,-23.463407131958885,32.74444909261204,1.842748506380394,0.1429077634584711,0.05133012765861361,-0.4120437802035926,-0.8984222349949836,odom_lidar,unilidar_lidar
1786136185.2217126,-23.405682784720028,32.35501361354903,1.9633247046070479,0.15791933583357498,0.0495749616089523,-0.4296499800050867,-0.8876962888471384,odom_lidar,unilidar_lidar
1786136185.3487706,-23.254830448267715,31.899550852963067,2.088343636727105,0.15462325596676735,0.05234523607781162,-0.44944799302799043,-0.8782642691908314,odom_lidar,unilidar_lidar
1786136185.4707282,-23.13811830585448,31.39437232602079,2.2214505809477894,0.14850228143290672,0.0533842271394561,-0.4656702061919985,-0.8707746297217474,odom_lidar,unilidar_lidar
1786136185.592825,-22.981724893024463,30.91547133248085,2.3846614291112607,0.14175789124281407,0.059196371277526194,-0.4692352486703426,-0.8696084011227385,odom_lidar,unilidar_lidar
1786136185.71783,-22.652760975220144,30.541307707860238,2.5471213144052127,0.14043081027726587,0.0557826120083632,-0.47413757357808783,-0.8673874849476897,odom_lidar,unilidar_lidar
1786136185.8371756,-22.452298152194974,30.3212040193508,2.669643428224002,0.15728961762328916,0.03533272378537736,-0.47012815992026347,-0.8677505909348682,odom_lidar,unilidar_lidar
1786136185.958552,-22.300219171482578,30.269442427008563,2.796876502709608,0.1692623414278455,0.0360192775217872,-0.45562182906102416,-0.8731904834022521,odom_lidar,unilidar_lidar
1786136186.1016173,-22.293955599562278,30.68884444521312,2.7305235038861504,0.16982041766576378,0.059103170587706144,-0.46114255843225144,-0.8689162110197184,odom_lidar,unilidar_lidar
1786136186.2296805,-22.701642360031364,31.285470395652805,2.4042102591513776,0.161775331185022,0.06567340835750962,-0.46762015027323456,-0.8665143626698416,odom_lidar,unilidar_lidar
1786136186.3607771,-23.186678482125146,31.929537226748415,2.091207158340506,0.14963553483459122,0.05363843001555306,-0.45457585036858245,-0.8764091064120185,odom_lidar,unilidar_lidar
1786136186.50784,-23.469069212141665,32.68887387270504,1.7636438343358507,0.1389252116832393,0.041709991868283204,-0.4352143409780409,-0.8885654390894149,odom_lidar,unilidar_lidar
1786136186.6296551,-23.46341831684396,33.227824753857064,1.487848075445573,0.12414008684334284,0.04237228364013195,-0.41647376889153415,-0.8996351639653312,odom_lidar,unilidar_lidar
1786136186.7541823,-22.834270853607695,33.436508264957595,1.569284778804599,0.12620806241239307,0.05521620065328487,-0.4113960701943729,-0.9009861095467302,odom_lidar,unilidar_lidar
1786136186.8851235,-22.266756477819158,33.41284921593379,1.8354630998829398,0.13063991052878846,0.06513229196699362,-0.4108374559094929,-0.899946433484778,odom_lidar,unilidar_lidar
1786136187.0080266,-21.73651608547812,33.23711534418627,2.0715931044630085,0.12928662915681866,0.059215959791849695,-0.40679090599461676,-0.9023855032231383,odom_lidar,unilidar_lidar
1786136187.1555462,-21.27353884091433,32.68680883317111,2.282316599252884,0.13096387189097877,0.05765353287819315,-0.4036888539376837,-0.9036370087664991,odom_lidar,unilidar_lidar
1786136187.2999556,-21.00078765452896,32.214518493920636,2.447549576052841,0.14220849860276544,0.05390826672986569,-0.399108894676522,-0.9042028156854047,odom_lidar,unilidar_lidar
1786136187.435571,-20.734352802434678,31.795166538591907,2.670872843856722,0.1581594612083779,0.049290850665444697,-0.3960156332797743,-0.9031764030736034,odom_lidar,unilidar_lidar
1786136187.568658,-20.39227093151324,31.5366244120651,3.04098998286643,0.17335942035783,0.07105117884086468,-0.3996004302844717,-0.8973392543932232,odom_lidar,unilidar_lidar
1786136187.6916506,-20.045024893445767,31.402236861885026,3.2207989837471342,0.18718066785942156,0.08633686470195386,-0.3966966552856155,-0.8945060687655189,odom_lidar,unilidar_lidar
1786136187.822175,-20.219031859338937,31.534918319159686,2.9695839252758702,0.1808283062668027,0.060986522255200175,-0.398194848956187,-0.8972305333751492,odom_lidar,unilidar_lidar
1786136187.9469385,-20.445268496914895,31.618278683925098,2.7128157523262026,0.16258034612168965,0.04331639087306468,-0.3958164322976176,-0.9027849540504477,odom_lidar,unilidar_lidar
1786136188.0971313,-20.518478469290535,31.883338902442564,2.647020789585454,0.14320741653388216,0.045943948809311415,-0.4027742579325353,-0.9028586193665066,odom_lidar,unilidar_lidar
1786136188.2297645,-20.651577673976632,32.25028488467633,2.553269188979608,0.12744681437469324,0.05957154838331771,-0.4137408675550974,-0.8994593012714428,odom_lidar,unilidar_lidar
1786136188.3535254,-21.128197682899014,32.56342140585522,2.2096274569411873,0.11586269190423028,0.062179474444594984,-0.42148131810695744,-0.897253056873768,odom_lidar,unilidar_lidar
1786136188.468711,-21.789772268638558,32.85505932669354,1.79699373276231,0.11670111666561404,0.0530338320856654,-0.42597165560523104,-0.8956095190674599,odom_lidar,unilidar_lidar
1786136188.5859013,-22.445056119448125,33.08330971539369,1.4884498362304588,0.11979649770650494,0.039051307545270586,-0.4285169036824149,-0.8947050115958309,odom_lidar,unilidar_lidar
1786136188.7110524,-23.105657851649113,33.23107925344513,1.452136769436274,0.12444650272593553,0.04220069107075993,-0.43246863322375817,-0.8920218892549715,odom_lidar,unilidar_lidar
1786136188.8309367,-23.645559797968573,33.36403910860744,1.51034732225778,0.13486850290499366,0.04942863306908123,-0.4478537325732772,-0.8824932472134115,odom_lidar,unilidar_lidar
1786136188.9588544,-23.897347415391874,33.51852060863647,1.5795443682438393,0.14407437641091622,0.05144196360520752,-0.4590093117748711,-0.8751609852742553,odom_lidar,unilidar_lidar
1786136189.0896335,-23.77917840882303,33.4994954417112,1.6292949554165257,0.1528838721399363,0.03958929430031558,-0.4610024796662741,-0.8732330291267327,odom_lidar,unilidar_lidar
1786136189.2243426,-23.50506158469894,33.085770020592825,1.6961755554295666,0.15153978296438364,0.0326905812984171,-0.46659490741628884,-0.8707790836065505,odom_lidar,unilidar_lidar
1786136189.3627534,-23.3127442718032,32.654544615807694,1.7899037600038734,0.14655544423903855,0.032802464736970634,-0.46459044764744256,-0.872697665876234,odom_lidar,unilidar_lidar
1786136189.4826543,-23.21006976608346,32.13525382607336,1.912893245371664,0.13362374258240078,0.042492095985598555,-0.46595014745445024,-0.8736301146848128,odom_lidar,unilidar_lidar
1786136189.5983377,-22.87906720774646,31.793776405439626,2.0284522950383512,0.12729170650465185,0.05854201829071582,-0.4666708416171871,-0.8732628350811051,odom_lidar,unilidar_lidar
1786136189.7195566,-22.554278017711997,31.39731804556111,2.120837886663856,0.12827745567972923,0.056171893723249065,-0.46647654502222974,-0.873378065710379,odom_lidar,unilidar_lidar
1786136189.830455,-22.356208640024647,31.28130959613504,2.1330090355493616,0.1335373715761574,0.04408304814683696,-0.46857561728164726,-0.8721590142558513,odom_lidar,unilidar_lidar
1786136189.9523072,-22.15539614561187,31.15000103858369,2.128610969295108,0.13794082339705793,0.03444139046388599,-0.4702557767482795,-0.8710026545874175,odom_lidar,unilidar_lidar
1786136190.076889,-22.062688545189815,30.980058037156414,2.268528608851034,0.14151226289647006,0.03924584383493392,-0.4712081764076257,-0.8697108126717779,odom_lidar,unilidar_lidar
1786136190.2187877,-21.987021067567778,30.850737507828928,2.4671507836608453,0.14423325280270322,0.0475046300410759,-0.46977917129159075,-0.8696249818923087,odom_lidar,unilidar_lidar
1786136190.3494945,-21.88748623716554,30.774471577685926,2.6939484159332165,0.1510479407874067,0.056426605679730395,-0.47013794459245867,-0.8677389416234164,odom_lidar,unilidar_lidar
1786136190.4855921,-21.984250748872018,30.965632790121273,2.5894370296995888,0.15602887862262171,0.04314366048077268,-0.47262893591477795,-0.8662652610673891,odom_lidar,unilidar_lidar
1786136190.6137002,-22.140005813179904,31.267537974094072,2.4498291107013754,0.15633703298785548,0.04136508770881541,-0.4721387517754925,-0.8665637083949893,odom_lidar,unilidar_lidar
1786136190.730752,-22.250477438344948,31.602921111670476,2.375905438833261,0.15479045006136546,0.045618810552348926,-0.4695993017227364,-0.8680065302260733,odom_lidar,unilidar_lidar
1786136190.8446205,-22.15986701518614,32.12319611130385,2.3470464779466327,0.14951084873293316,0.053342182877473825,-0.45810629262533714,-0.8746083365107452,odom_lidar,unilidar_lidar
1786136190.9759815,-22.049225917243344,32.65770668159546,2.2478890271788474,0.14460736733020194,0.0574085425409759,-0.45125926276410744,-0.8787252393818806,odom_lidar,unilidar_lidar
1786136191.0998104,-21.861671211819466,33.15726482941936,2.0923776022682947,0.14349790591000353,0.05407109946925911,-0.44339072685931075,-0.883113430164439,odom_lidar,unilidar_lidar
1786136191.227827,-21.72986479274637,33.707963438902496,1.8351662957583617,0.13928357122510548,0.050520522364128045,-0.43044688034523326,-0.8903725325996378,odom_lidar,unilidar_lidar
1786136191.369813,-21.72396910771385,34.19563747288456,1.5934751560582165,0.12770596855151217,0.04382066029725337,-0.4194908472627115,-0.8976627230704443,odom_lidar,unilidar_lidar
1786136191.492301,-21.44013360438445,34.188128438144226,1.6426427467529656,0.12126301624236521,0.04683170396363508,-0.4205397221535115,-0.8979133669161595,odom_lidar,unilidar_lidar
1786136191.619795,-21.0791027452572,33.96375334058374,1.8242986773225622,0.1291106147209111,0.0501187335613224,-0.41624246683569216,-0.8986438507635467,odom_lidar,unilidar_lidar
1786136191.7451918,-20.76434733147858,33.75003793864561,1.9646625393221828,0.13485373408681472,0.051522835068818496,-0.41772692837216296,-0.8970307024745986,odom_lidar,unilidar_lidar
1786136191.8773098,-20.506739809130025,33.53558220268757,2.0946744116320786,0.14026768810751938,0.053167886860658965,-0.4198706902636601,-0.8951015333118704,odom_lidar,unilidar_lidar
1786136192.0371742,-20.511622655959318,33.389833218179426,2.2644375997322497,0.14658212307977866,0.05447763309414025,-0.42401655530999066,-0.8920514724548884,odom_lidar,unilidar_lidar
1786136192.1747744,-20.571342978518267,33.21853252276684,2.370775296021161,0.1538464198884739,0.051208931109298444,-0.4282949133791559,-0.8889726607920426,odom_lidar,unilidar_lidar
1786136192.3094893,-20.710765423075514,33.04949222299776,2.351474857609581,0.15240031959529385,0.04932319232758019,-0.4319044489786088,-0.887580932782106,odom_lidar,unilidar_lidar
1786136192.4468167,-20.721180511805837,32.641236624835074,2.4481028667095726,0.15231889871074347,0.05293987347910154,-0.43428405103494616,-0.8862243992963855,odom_lidar,unilidar_lidar
1786136192.5748396,-20.534910952227655,32.287865857380574,2.525979298497895,0.15237179357295288,0.04185942413851313,-0.4399841745845425,-0.883993524438563,odom_lidar,unilidar_lidar
1786136192.708005,-20.236840722749907,32.084259017814176,2.6210007644983966,0.157979478668209,0.03883065784603919,-0.44866184381463386,-0.87877028524855,odom_lidar,unilidar_lidar
1786136192.835964,-20.100067963857658,31.807717798723676,2.8045208488027256,0.16829947286301988,0.04608505955966241,-0.4529868788462125,-0.8742736083815974,odom_lidar,unilidar_lidar
1786136192.9640534,-20.027480977495543,31.5657709785361,2.993887442514082,0.1738124132647984,0.050285815536183005,-0.4523501560507311,-0.8732925730085005,odom_lidar,unilidar_lidar
1786136193.1108854,-20.05604666597973,31.606202570474213,3.091868946862901,0.17558049617535224,0.04789295508036523,-0.45622355971730993,-0.8710555767431568,odom_lidar,unilidar_lidar
1786136193.2444649,-20.262843835502125,31.751376709568568,3.0353733317386906,0.1711289157094745,0.047657324207043585,-0.4612824141600591,-0.8692883342391016,odom_lidar,unilidar_lidar
1786136193.3747437,-20.41073394217332,31.800588331047766,2.857352455444315,0.17396374514927765,0.04481667115949736,-0.46093561010333517,-0.8690606680194916,odom_lidar,unilidar_lidar
1786136193.4988556,-20.854796154248138,31.635634839466704,2.803034266477271,0.164781564464779,0.054640815189433097,-0.45019432171200724,-0.8758918255276961,odom_lidar,unilidar_lidar
1786136193.6222806,-21.302575224394726,31.53417828462034,2.618927826609442,0.1553571839102811,0.05506213927543646,-0.42851793513611514,-0.8883719297076872,odom_lidar,unilidar_lidar
1786136193.7448223,-21.703388239309568,31.72218480789826,2.284734903600177,0.1463459123927117,0.050897736610874475,-0.40770899384718995,-0.8998698076221621,odom_lidar,unilidar_lidar
1786136193.8527782,-21.98822206135378,32.12922025185367,1.980000438635221,0.1323918159662442,0.04595817411101404,-0.38171272289734404,-0.9135949050185413,odom_lidar,unilidar_lidar
1786136193.98906,-22.02159191231039,32.69163214448537,1.8582268391290606,0.12608719189155937,0.0511375840253033,-0.36439153747054975,-0.9212522862716843,odom_lidar,unilidar_lidar
1786136194.1159813,-21.47123807176661,33.25349986469932,1.917904787346692,0.12589905906143092,0.05291419881943419,-0.36436143660447606,-0.9211895885246784,odom_lidar,unilidar_lidar
1786136194.2609098,-20.7715385203756,33.93511148639167,1.9317477997038206,0.135312237635321,0.05730643360767521,-0.38018049723959313,-0.9131644761662312,odom_lidar,unilidar_lidar
1786136194.387972,-20.374247742509265,34.49517970004184,2.050238647963911,0.13925989355077584,0.062049862567416125,-0.4037662922385466,-0.9020694418145024,odom_lidar,unilidar_lidar
1786136194.5079126,-20.125905987103796,34.345352389290305,2.176841889530242,0.14065472223660255,0.05896222165408274,-0.41476958427384125,-0.8970540103535929,odom_lidar,unilidar_lidar
1786136194.6278923,-20.03208697633772,34.059962866000944,2.2609815725768567,0.14017938149258674,0.05165490957943476,-0.4302073545877262,-0.8902826199467936,odom_lidar,unilidar_lidar
1786136194.7391052,-20.05168158426106,33.681579683584744,2.256575997413808,0.1432954685173478,0.046495268186651104,-0.44010607765012116,-0.885218187315461,odom_lidar,unilidar_lidar
1786136194.8566213,-20.14279857217414,33.26150889691212,2.333811584807745,0.1501015981668733,0.04326212037380626,-0.4542560265175073,-0.8770686184906163,odom_lidar,unilidar_lidar
1786136194.989737,-20.226158224534974,32.833326687943114,2.4844345049636445,0.1567247091211121,0.046302329538433114,-0.46795499385037764,-0.8685111303608667,odom_lidar,unilidar_lidar
1786136195.1338298,-20.2969339107595,32.43082312846121,2.625778874559948,0.15856748838142945,0.044526159041479836,-0.47943894479996874,-0.861981479498551,odom_lidar,unilidar_lidar
1786136195.2610142,-20.286263021212527,32.00016324594917,2.7854546064944485,0.16161484453574523,0.04514083761578671,-0.49198306483581167,-0.8542807563791858,odom_lidar,unilidar_lidar
1786136195.4028182,-20.353459005348363,31.670576125704052,2.8340496254738805,0.15765052660375053,0.03695821663097959,-0.5043139969240055,-0.8482026846170391,odom_lidar,unilidar_lidar
1786136195.5250754,-20.438789371229017,31.468350569980313,2.8594288473956206,0.15641880342296757,0.03255684977490851,-0.513565558560933,-0.8430442613104355,odom_lidar,unilidar_lidar
1786136195.6580224,-20.577465672844383,31.321822045857193,2.833762619251082,0.1532296035521919,0.030013707972709358,-0.5229086368295842,-0.8379656457504646,odom_lidar,unilidar_lidar
1786136195.7894826,-20.666842049471985,31.341807985376462,2.8376094270651384,0.1526326565462991,0.0407463612419957,-0.5348775745479099,-0.8300295093831914,odom_lidar,unilidar_lidar
1786136195.9127333,-20.705835395157177,31.346994056402607,2.7760995225323803,0.14896105988766203,0.04103451361309118,-0.5406226782127089,-0.826954588312925,odom_lidar,unilidar_lidar
1786136196.059075,-20.76975241539897,31.280577640317567,2.662804469705505,0.13682228610036573,0.0278590089373777,-0.5436904083146342,-0.8275894377974885,odom_lidar,unilidar_lidar
1786136196.2142646,-20.794741357851564,31.25601250708916,2.548816626386821,0.12537510815151992,0.017099121629488085,-0.545704896588304,-0.8283687995905225,odom_lidar,unilidar_lidar
1786136196.3524835,-20.83311514465629,31.2353184713128,2.4777562833303937,0.12012853285870737,0.01584197222413334,-0.5513649862003573,-0.825417966548793,odom_lidar,unilidar_lidar
1786136196.4808595,-20.858838596240304,31.202798594569927,2.4128757473445233,0.11715538685771779,0.024063944020107034,-0.5563156800445587,-0.8223189199240011,odom_lidar,unilidar_lidar
1786136196.6058478,-20.724452223551193,31.3609195956543,2.5583234236456383,0.14187643356573962,0.03408787575173268,-0.5529828932599432,-0.8203164109581517,odom_lidar,unilidar_lidar
1786136196.7230415,-20.589691177889513,31.511567932046173,2.7402829775433104,0.1633806971315767,0.034882070622410555,-0.5448743439064968,-0.8217067228070839,odom_lidar,unilidar_lidar
1786136196.8454022,-20.399671493909572,31.683178204028884,2.827765849009493,0.1702900806673473,0.02755832917934251,-0.5352353277928119,-0.8269008228328671,odom_lidar,unilidar_lidar
1786136196.9705262,-20.050685296738276,31.9713952664013,2.8184828094741534,0.1730153038173368,0.026877314526049582,-0.5257066410492732,-0.8324517056055283,odom_lidar,unilidar_lidar
1786136197.1030025,-19.801223694946916,32.112396335036074,2.8660307011497195,0.17798110061071898,0.029307131314307365,-0.5111797952489575,-0.8403326941210587,odom_lidar,unilidar_lidar
1786136197.2387779,-19.571683581053197,32.36607713555342,2.945369837525491,0.17290700874582915,0.033350455322448624,-0.5019257863977871,-0.8467947912011022,odom_lidar,unilidar_lidar
1786136197.3641698,-19.31980286693133,32.54646341570201,2.9435871345184825,0.16582315104820178,0.03159299673884905,-0.4916571438079357,-0.8542703425006205,odom_lidar,unilidar_lidar
1786136197.489157,-19.190504062709167,32.93501263197829,2.8229044121066074,0.15808849455376425,0.033985522301815944,-0.48895746510817345,-0.857189366172135,odom_lidar,unilidar_lidar
1786136197.6144946,-19.1275655545804,33.40807043415707,2.671581061626359,0.1519816177776558,0.04208333863533067,-0.4898894917681203,-0.8574023946328606,odom_lidar,unilidar_lidar
1786136197.7449672,-19.079702414670386,33.733942804279216,2.5470647110376694,0.14005729489246196,0.04833210728197487,-0.4879247065065805,-0.8602194152270436,odom_lidar,unilidar_lidar
1786136197.8697708,-19.077725687799138,34.02639219556291,2.3874713381494956,0.1327907784688978,0.05198041323286057,-0.48400930168223827,-0.8633653002517748,odom_lidar,unilidar_lidar
1786136197.9947672,-19.142395480031457,34.35322330721767,2.1803259796845254,0.12711241627699132,0.04806335568092118,-0.4776433481007768,-0.867979941867319,odom_lidar,unilidar_lidar
1786136198.1417515,-19.29115813240181,34.61940219443656,2.0891285545026586,0.12405121187002723,0.04341953357720812,-0.47525616795874775,-0.8699756408973081,odom_lidar,unilidar_lidar
1786136198.2696395,-19.62689343532276,34.86404025360287,1.955224539029238,0.12420233708087533,0.0395492879058411,-0.48610668141565716,-0.8641237918104362,odom_lidar,unilidar_lidar
1786136198.3921697,-20.0387695824054,34.95882053552936,1.8831643694310856,0.1316235497388517,0.03857051007443129,-0.4979556716107734,-0.8562871632912674,odom_lidar,unilidar_lidar
1786136198.5114841,-20.38962127297098,34.84080188791402,1.8250517293882322,0.13833422015835467,0.03889281600031451,-0.5106148086211388,-0.8477166446481651,odom_lidar,unilidar_lidar
1786136198.6338935,-20.855388655712307,34.70329934131853,1.7865018770001309,0.14059079712546269,0.036505605963885246,-0.5211961458436457,-0.840985223446028,odom_lidar,unilidar_lidar
1786136198.761852,-21.296634781878733,34.49845676825991,1.8135257974422347,0.14505133903855655,0.03651432853483244,-0.5303608166855993,-0.8344724183454816,odom_lidar,unilidar_lidar
1786136198.8888793,-21.752690153120536,34.10942270584424,1.904412602130069,0.1479148036806567,0.02546319149448874,-0.5559020126579066,-0.8175853405326666,odom_lidar,unilidar_lidar
1786136199.027793,-21.913762166766492,33.42758784169022,2.016175035721661,0.15502876191489745,0.019468977985177802,-0.5745221451783817,-0.8034372076117569,odom_lidar,unilidar_lidar
1786136199.1727955,-21.79844974455584,32.685544108754975,2.2565362913447675,0.1625293564596946,0.016946439672005587,-0.5944807243957034,-0.7873307404091374,odom_lidar,unilidar_lidar
1786136199.3017223,-20.59022965997711,32.19784376499636,2.6350936932561098,0.1681290065903352,0.015496410064090207,-0.592527577721406,-0.7876570116857184,odom_lidar,unilidar_lidar
1786136199.422894,-19.4355544246966,31.62880726673098,3.0951224560183075,0.17085234752968756,0.028680437087876435,-0.578657635002759,-0.7969581226921882,odom_lidar,unilidar_lidar
1786136199.547778,-18.571409320536926,31.47196631530459,3.3531939948659173,0.16479492095541726,0.04433630897875901,-0.5606722232569183,-0.8102614292940163,odom_lidar,unilidar_lidar
1786136199.663795,-18.27757978055019,31.73796659550985,3.451343209069829,0.1648787413628572,0.045218468560751915,-0.5448688683948002,-0.8209069417429665,odom_lidar,unilidar_lidar
1786136199.7861152,-17.89856775984335,32.07063510336759,3.3128853583514326,0.1606467536884559,0.04053025463078252,-0.5197696850546456,-0.8380867458008862,odom_lidar,unilidar_lidar
1786136199.906079,-17.681074294496405,32.42253746003468,3.0780748016702484,0.14735552873885133,0.029630833486075182,-0.49458990052426755,-0.8560310696209625,odom_lidar,unilidar_lidar
1786136200.053036,-17.773057057469682,33.159151511478726,2.8884699912662337,0.14424022555873917,0.04127406585406006,-0.4888981705360175,-0.859342648578071,odom_lidar,unilidar_lidar
1786136200.1970088,-18.183120611966526,33.87684233646181,2.7387718212009777,0.14921395801449786,0.04690067425257134,-0.4980903360935198,-0.8529018340808903,odom_lidar,unilidar_lidar
1786136200.342822,-18.589369644492557,34.39816077454111,2.5313817355008155,0.15215872374896838,0.050349395146331605,-0.5075693586212402,-0.8465730963031524,odom_lidar,unilidar_lidar
1786136200.4619005,-19.08744563485825,34.85942951588952,2.2586110850821375,0.15333745666939252,0.04936322121910118,-0.5132256111639928,-0.8430008118729082,odom_lidar,unilidar_lidar
1786136200.5979083,-19.587871051321127,35.139545806647135,2.0262108730411796,0.1399435288609464,0.039656352887249356,-0.5181211878200633,-0.8428485137541347,odom_lidar,unilidar_lidar
1786136200.722446,-20.21949610950581,35.323830087860685,1.7529261175593687,0.12835086200479132,0.024718878899757244,-0.5239296490844755,-0.8416725943374803,odom_lidar,unilidar_lidar
1786136200.8457904,-20.67460001397387,35.43842028779365,1.6150125545883554,0.12544483313819452,0.03387416748934486,-0.5243630627619048,-0.841522140544614,odom_lidar,unilidar_lidar
1786136200.9755018,-21.182096753816527,35.38851425632964,1.5134243733261667,0.12481713546729632,0.0329023562376203,-0.5275202087574742,-0.8396788356271834,odom_lidar,unilidar_lidar
1786136201.1101224,-21.290798414402264,34.9038431777794,1.6294417780629114,0.13507541389457198,0.026935500038583415,-0.5489960397873271,-0.8243982409592546,odom_lidar,unilidar_lidar
1786136201.242154,-21.42228905070515,34.499422150090595,1.7398274755265852,0.14530271254804114,0.01892178813615868,-0.567224880758675,-0.810422742960869,odom_lidar,unilidar_lidar
1786136201.3729174,-21.511682965223343,34.11168407234172,1.882998248467024,0.15551240521168752,0.01033049831720701,-0.5856853094109508,-0.7954130316822783,odom_lidar,unilidar_lidar
1786136201.4928157,-21.103710654770687,33.657023953848444,2.2298275833133205,0.1755956342463736,0.01744324329860568,-0.5907334318177082,-0.7873346931449882,odom_lidar,unilidar_lidar
1786136201.6089094,-20.7355511854046,33.22422894740563,2.3687624094193556,0.17982278945386876,0.0183033567136317,-0.5907698814302325,-0.7863330711097889,odom_lidar,unilidar_lidar
1786136201.7289522,-20.481296332209073,32.60291355436686,2.5929972375498673,0.17948260694404763,0.029249052906548927,-0.5826595076009282,-0.7921100838336061,odom_lidar,unilidar_lidar
1786136201.8480616,-20.1320157292619,32.045360647643754,2.7846915130418544,0.16438917204502568,0.027778340593055263,-0.5726740315723292,-0.8026512427392998,odom_lidar,unilidar_lidar
1786136201.975444,-19.768578659791462,31.483218575941315,2.923227432622914,0.15299105678138095,0.024295008255217652,-0.5636089173822174,-0.8113867618873506,odom_lidar,unilidar_lidar
1786136202.1141458,-19.461369726887852,31.147757697943998,2.927444570917451,0.14203856050870242,0.017471823146615762,-0.56240864154459,-0.8143809321444837,odom_lidar,unilidar_lidar
1786136202.2589047,-19.049846253716105,31.248646398888805,3.099782400329725,0.1513413064890522,0.02710773178538024,-0.5696885781259322,-0.8073511650951477,odom_lidar,unilidar_lidar
1786136202.3818107,-18.70976417434052,31.40125824519455,3.2503562140375406,0.15451654291057934,0.030155127669350433,-0.5723508890522044,-0.8047544756280387,odom_lidar,unilidar_lidar
1786136202.5018368,-18.412249613457977,31.539855404398608,3.33633552495062,0.1594009865755907,0.03621965222432254,-0.5750985901547958,-0.8015865978629156,odom_lidar,unilidar_lidar
1786136202.6280196,-18.213405249213164,31.648829919298592,3.3747918780007935,0.1659092363554557,0.04474126754342551,-0.5716404884292549,-0.802308853409284,odom_lidar,unilidar_lidar
1786136202.76151,-18.0290180938307,31.662447367284805,3.4000310255472246,0.1751318847523617,0.032309788993219284,-0.5615226289616483,-0.808070069760227,odom_lidar,unilidar_lidar
1786136202.8897738,-17.818580827508036,31.674746732717818,3.432058380713805,0.18230967699196718,0.022983178311680556,-0.5481041035828207,-0.815976008731538,odom_lidar,unilidar_lidar
1786136203.020517,-17.938845599828543,31.81217480572602,3.3918275375918814,0.1781753813261797,0.015860047617255145,-0.5456300570019064,-0.8187123018954492,odom_lidar,unilidar_lidar
1786136203.1619651,-18.179565522268724,32.29330457910951,3.2290961569845296,0.1600546341719797,0.04407530340894326,-0.5642240536390231,-0.8087589869699329,odom_lidar,unilidar_lidar
1786136203.304531,-18.487532041482865,32.43331237242798,2.9605512484317433,0.13070473242337655,0.05556577027551443,-0.5665889640164888,-0.811668444594555,odom_lidar,unilidar_lidar
1786136203.4260345,-18.68904224233689,32.627322430545476,2.459365550097741,0.09981302992907463,0.03959774752814921,-0.5668504855207558,-0.8167924488583119,odom_lidar,unilidar_lidar
1786136203.5539753,-18.897809102956426,32.86555186052418,1.992272325873154,0.08538716565263525,0.03096644598627079,-0.5625751493334671,-0.8217416336764349,odom_lidar,unilidar_lidar
1786136203.6931558,-19.08523338974442,33.02067378071879,1.6696741122523895,0.07937158286077937,0.02931951750123885,-0.5600254938492245,-0.824143169580748,odom_lidar,unilidar_lidar
1786136203.8320544,-19.116220601879526,33.393043380711845,1.768161042616888,0.07803804666434504,0.034583350970414824,-0.5744121232092566,-0.8141036591360491,odom_lidar,unilidar_lidar
1786136203.959655,-19.226269160704458,33.62084772836951,2.33782990190023,0.08936203011474034,0.0454618510776487,-0.571188153648518,-0.8146727814294294,odom_lidar,unilidar_lidar
1786136204.1124926,-19.50319250951418,33.80765083583647,2.5296762542085656,0.10992510447981067,0.03831640337679999,-0.5685148283481328,-0.8143949991163146,odom_lidar,unilidar_lidar
1786136204.2564425,-19.617908898918984,33.84694971387552,2.4298792045254856,0.14662917065150835,0.026952932814799054,-0.5616458780543367,-0.8138349546384112,odom_lidar,unilidar_lidar
1786136204.3983943,-19.70305851819248,33.86038624378767,2.3119948732799394,0.17532657781243755,0.024496129224473404,-0.5572825404932746,-0.8112315950620754,odom_lidar,unilidar_lidar
1786136204.5171056,-19.880367073304384,34.01674117016699,2.3051436522863433,0.19020051295888854,0.015230324157345022,-0.5559202138560871,-0.8090392561071684,odom_lidar,unilidar_lidar
1786136204.6448839,-20.042290571740498,34.191748134523145,2.33162236126409,0.1860157900311403,0.027121561084071325,-0.556511468388651,-0.8092944657758145,odom_lidar,unilidar_lidar
1786136204.773715,-20.087166472051578,34.34008667894439,2.3159676035050243,0.1736036109630907,0.034909376818299954,-0.5614044811434191,-0.8083737565154019,odom_lidar,unilidar_lidar
1786136204.9007316,-20.079953863213692,34.387855590800385,2.26504304473215,0.15608567302590073,0.032402717335176454,-0.5630181118692632,-0.810924122401423,odom_lidar,unilidar_lidar
1786136205.0541887,-19.989221572136156,34.441695604805915,2.165265504349109,0.13345126511195576,0.0373190101003224,-0.5608261683162961,-0.8162548990706349,odom_lidar,unilidar_lidar
1786136205.1901264,-19.864632618518982,34.40575741973845,2.0701369137915546,0.12472940112877222,0.039055330466122744,-0.5546988576350074,-0.8217216286520989,odom_lidar,unilidar_lidar
1786136205.3182685,-19.593716939828678,34.041617373398,2.2173133684777504,0.13602061306610638,0.0372207010383239,-0.5521720961558334,-0.8217170975842047,odom_lidar,unilidar_lidar
1786136205.435022,-19.338166970448846,33.95656618705804,2.3559671701565126,0.14367849220701215,0.02924373172254438,-0.5599690492889423,-0.8154360544337599,odom_lidar,unilidar_lidar
1786136205.5649147,-19.049865016159387,33.90141968857713,2.5368398058382073,0.1485353759168464,0.02787258461380496,-0.5693317071045271,-0.8080976230713913,odom_lidar,unilidar_lidar
1786136205.6928897,-18.784130074537266,33.845349393023916,2.7046913358002245,0.15457160357412225,0.03006684172468162,-0.5797454264508435,-0.7994365796650519,odom_lidar,unilidar_lidar
1786136205.8089948,-18.533127848731077,33.998388571097756,2.6906198808411412,0.1637150889708031,0.03632126930377057,-0.5804588142815875,-0.7968348009231643,odom_lidar,unilidar_lidar
1786136205.9551368,-18.373895478272395,33.99515275441124,2.70268756393716,0.16436337633480805,0.041712954854727355,-0.5680018591087291,-0.8053686099955331,odom_lidar,unilidar_lidar
1786136206.08308,-18.266001828648243,34.06608833521881,2.589627141290136,0.1609150262936874,0.03309750007760705,-0.5520891810022835,-0.8174401788643267,odom_lidar,unilidar_lidar
1786136206.209423,-18.141189361263077,34.19360070026448,2.5847911620668587,0.15886482021195222,0.02908071329665071,-0.5380274922611736,-0.8273105212580912,odom_lidar,unilidar_lidar
1786136206.3352518,-17.917341119406764,34.46932858505281,2.570218255334729,0.1564780029355995,0.028103509781135946,-0.5229115753547365,-0.8374295861117494,odom_lidar,unilidar_lidar
1786136206.4516037,-17.62690135141106,34.82930361062872,2.4935316246176398,0.15188388917343565,0.03012216596976865,-0.5172031365746981,-0.8417391845721188,odom_lidar,unilidar_lidar
1786136206.5657494,-17.458222634587948,35.075942783594805,2.454798458386525,0.15080079338266902,0.033941249340308524,-0.5133964989938267,-0.8441156005721364,odom_lidar,unilidar_lidar
1786136206.6851702,-17.572726424478816,35.34710578706307,2.4898548909469986,0.15215512490404978,0.04072708290012414,-0.5159746856314561,-0.8419977710608261,odom_lidar,unilidar_lidar
1786136206.8163471,-17.836873818200118,35.70843434546113,2.3770733183624353,0.1478513406376712,0.040933536208035214,-0.5224186504061367,-0.8387748091072952,odom_lidar,unilidar_lidar
1786136206.9560556,-18.167033248139404,36.078635173789394,2.336204487904792,0.1463595856529483,0.04184743797434634,-0.5307969038197942,-0.8337159651330905,odom_lidar,unilidar_lidar
1786136207.087465,-18.454471099554194,36.33683018900625,2.2105532051583667,0.1463705088138005,0.035766657227426224,-0.535010578748266,-0.8313002472078367,odom_lidar,unilidar_lidar
1786136207.215976,-18.70600085744967,36.25208579488077,2.077105347703892,0.15165522567747305,0.02940276437829478,-0.5353235924698738,-0.8304003981916058,odom_lidar,unilidar_lidar
1786136207.3429182,-18.90597650212211,36.26544389780837,1.8353827978513981,0.16003717164418194,0.02255527595164971,-0.5330814453751401,-0.8304839166507846,odom_lidar,unilidar_lidar
1786136207.467947,-19.157139508347196,36.32204008778092,1.6596974464600966,0.15567527784866406,0.01607579240353937,-0.5416475634222379,-0.8259084052145809,odom_lidar,unilidar_lidar
1786136207.5933268,-19.14554581156374,36.41871262894462,1.8002623235833282,0.1482752709801551,0.02266061101392074,-0.5483216620015147,-0.8227054732430885,odom_lidar,unilidar_lidar
1786136207.7158623,-19.08095245390764,36.44309149974475,1.9819245086689412,0.14023051954497626,0.033675033049212044,-0.5577968723454944,-0.8173518475778131,odom_lidar,unilidar_lidar
1786136207.8385055,-18.98286284284272,36.346033422174116,2.043364239711537,0.13305887613610168,0.04257350152644879,-0.5626643328780955,-0.8147954841283934,odom_lidar,unilidar_lidar
1786136207.963113,-19.125266975364777,36.08742209959634,1.9607712710995977,0.1297617870318167,0.033114101759195554,-0.5664190994616456,-0.8131634144844747,odom_lidar,unilidar_lidar
1786136208.1129594,-19.302944087092158,35.89674979351744,1.8748340531459373,0.13020064026533346,0.021941050795000513,-0.5722395735449998,-0.809387579614084,odom_lidar,unilidar_lidar
1786136208.2776206,-19.276932832183284,35.59236759560559,1.9266819085749405,0.12986438695660812,0.01673688665028397,-0.5791479356616632,-0.8046382952883077,odom_lidar,unilidar_lidar
1786136208.4071002,-19.160000480212,35.0895980332706,2.0099824739946106,0.13908523091817332,0.018554639819333217,-0.5798613508008225,-0.8025408635883028,odom_lidar,unilidar_lidar
1786136208.5345533,-19.07010546064912,34.60700868875163,2.1873121649498093,0.15162050392738155,0.021321565008640072,-0.5740427210430872,-0.8043827248715859,odom_lidar,unilidar_lidar
1786136208.662811,-19.030766290146587,34.18990135076444,2.406535759350398,0.16393462684609536,0.025283785738476904,-0.5701467068096462,-0.8046234529353951,odom_lidar,unilidar_lidar
1786136208.7877214,-18.928511574822664,33.8001346575667,2.5643689230348867,0.16392560258569716,0.019658922040453865,-0.5648168593490781,-0.808531903511647,odom_lidar,unilidar_lidar
1786136208.9225025,-18.58294067404255,33.647416703807046,2.6971969877411315,0.17096081802698865,0.018801402205051675,-0.5651176284130806,-0.8068834934681971,odom_lidar,unilidar_lidar
1786136209.0659783,-18.271607652212207,33.443695827725904,2.838748146398157,0.17322603467495276,0.019106562721659105,-0.5643822868258342,-0.8069078723677178,odom_lidar,unilidar_lidar
1786136209.2040641,-17.902077446972847,33.26549481219617,2.938946095365467,0.17612538248474274,0.024239031911870008,-0.5622853391972895,-0.8076060402822451,odom_lidar,unilidar_lidar
1786136209.3510618,-17.538524267980197,33.08778845429923,3.0160342826274857,0.18025494362294817,0.02742309573116805,-0.5613325875269667,-0.8072557558173787,odom_lidar,unilidar_lidar
1786136209.4711545,-17.174821967437865,33.003855209254695,3.1105876913338375,0.18086933680715733,0.02994106008563224,-0.5627085814455948,-0.8060700145095178,odom_lidar,unilidar_lidar
1786136209.596196,-16.917504199142375,33.015845792443024,3.2806079178998475,0.18225020568008063,0.032756333712806576,-0.5733344852278187,-0.7981224550028748,odom_lidar,unilidar_lidar
1786136209.7271943,-16.73641936949534,33.14299168829429,3.452773410079609,0.17532682122765636,0.03786812809020756,-0.5853721957748476,-0.7906743343797639,odom_lidar,unilidar_lidar
1786136209.8464098,-17.25879062752071,32.90186911165137,3.4293433570122724,0.15647348393966007,0.03565131687666918,-0.5855491824929895,-0.7945924661803282,odom_lidar,unilidar_lidar
1786136209.9831793,-18.055159449190214,32.54669952583672,3.0513748031140775,0.13958061170100686,0.026621851105167488,-0.5532341569161645,-0.8208169695505618,odom_lidar,unilidar_lidar
1786136210.1271236,-18.8519225062498,32.33080656263015,2.834745581935104,0.11992991505737605,0.02219719491428865,-0.5205787286266799,-0.845057327826756,odom_lidar,unilidar_lidar
1786136210.2648108,-19.91647974231668,32.109900290717654,2.618359096322107,0.09911243607127446,0.015689131366496127,-0.4827283718812984,-0.8700022385912655,odom_lidar,unilidar_lidar
1786136210.384737,-20.47930621817038,32.30793095048256,2.492141083281816,0.11160181307415286,0.02370603271219662,-0.49442603536888663,-0.8616994573985843,odom_lidar,unilidar_lidar
1786136210.5062642,-20.849907941326034,32.771576833505506,2.3501344590846043,0.13680317091022823,0.03642800771335707,-0.5017720934336115,-0.8533361933811279,odom_lidar,unilidar_lidar
1786136210.6320446,-21.194456032200517,33.295823974393684,2.0854941378024976,0.14841142852442582,0.028470797680052326,-0.5229963664784743,-0.8388314861836759,odom_lidar,unilidar_lidar
1786136210.7687218,-21.550424556294946,33.87266627321573,1.942741075834146,0.1460178872178905,0.029810626526797286,-0.5343382677202879,-0.8320292776147876,odom_lidar,unilidar_lidar
1786136210.896913,-21.63162606395277,34.253704738278905,1.765244074709487,0.14296082782159208,0.027800223534461245,-0.537021730107789,-0.8309013242690352,odom_lidar,unilidar_lidar
1786136211.0494938,-21.475339485260527,34.72689707700775,1.7862880739685463,0.09841641938071673,0.013379553034223245,-0.5198078882149927,-0.8484898086048843,odom_lidar,unilidar_lidar
1786136211.1909516,-21.17595039020316,34.890133156083145,1.6668753397741423,0.09044869740463919,0.012563598478720003,-0.5007390962829311,-0.8607679981184378,odom_lidar,unilidar_lidar
1786136211.312994,-20.67695308658437,35.16480050496582,1.7343128031379382,0.10417123288939505,0.025109737886060156,-0.48756742179913337,-0.8664847745354461,odom_lidar,unilidar_lidar
1786136211.432885,-20.03109938355963,35.37087768039393,1.8618334541533699,0.13166432238501233,0.04574034887183857,-0.47325903375350303,-0.8698265422868393,odom_lidar,unilidar_lidar
1786136211.5542037,-19.467101461539546,35.61131012887631,1.980631527539999,0.15682619104940715,0.05857815622753988,-0.4599562874424024,-0.8720174075419129,odom_lidar,unilidar_lidar
1786136211.6766438,-18.98609377718411,35.861681884641825,2.1463549977275678,0.16851894555317432,0.06275889961439218,-0.4475097906556258,-0.8760123702187058,odom_lidar,unilidar_lidar
1786136211.8042188,-18.405996813917284,36.27658657855616,2.144702423210994,0.1651910861262189,0.05553535749733856,-0.43710039581781857,-0.8823666885756677,odom_lidar,unilidar_lidar
1786136211.9270003,-17.64459329018651,36.70205055216685,2.1233831302604678,0.14362164542671285,0.04612722208812099,-0.42495695112087445,-0.8925562682774725,odom_lidar,unilidar_lidar
1786136212.0614555,-16.887022772228693,37.046187451266725,2.1608554617655673,0.12367122676562436,0.048523527954877285,-0.4110380400318094,-0.9018861483313214,odom_lidar,unilidar_lidar
1786136212.2107782,-16.167110118872746,37.3775891794609,2.2138647077862883,0.11282490143616977,0.058221419730166674,-0.3997336091381619,-0.9077961498188355,odom_lidar,unilidar_lidar
1786136212.3413312,-15.456072217050052,37.59687335657368,2.3422683928571812,0.10946467013155231,0.06923658575163015,-0.39254356235270654,-0.9105675882886972,odom_lidar,unilidar_lidar
1786136212.460152,-14.793824277016284,37.68024179428693,2.5005906899160015,0.1698569958907759,0.059014041545583935,-0.38511248053639274,-0.9051819271188105,odom_lidar,unilidar_lidar
1786136212.5851452,-14.537755164293008,38.23115402369036,2.4532237078868953,0.13878080739424073,0.05444631095192487,-0.36163513279201714,-0.9203235938805596,odom_lidar,unilidar_lidar
1786136212.7110755,-14.34339177313985,38.82995057893669,2.36836828415716,0.11365244679283013,0.0616948774969949,-0.3661581208526464,-0.9215232465664079,odom_lidar,unilidar_lidar
1786136212.843571,-14.175424107973978,39.47057180600339,2.2674160931377907,0.10366310590303622,0.07226281879610932,-0.35756717721616377,-0.9252987405545525,odom_lidar,unilidar_lidar
1786136212.9714699,-14.226776489627184,39.904195218737875,2.1281837164417308,0.13514178769408067,0.06559037602475531,-0.35759658259481114,-0.9217154028811126,odom_lidar,unilidar_lidar
1786136213.1216927,-14.457204220193054,40.164209797361444,1.949556255414756,0.16207695394783314,0.058150348880551726,-0.37714259356584867,-0.9100071769181204,odom_lidar,unilidar_lidar
1786136213.262968,-14.407091805935458,40.29024524309235,1.9683975406957317,0.15301611144181015,0.055240868185979536,-0.394372430143251,-0.904436234603741,odom_lidar,unilidar_lidar
1786136213.3794508,-14.265850912830956,40.13532753215086,2.1231732633914935,0.1553914217001247,0.052326745550094145,-0.4020102366511383,-0.9008347170207449,odom_lidar,unilidar_lidar
1786136213.5104752,-14.133014305751066,40.311908269325045,1.9774158173157812,0.18108711175960368,0.07018661584596039,-0.4097343265732352,-0.8912906812809354,odom_lidar,unilidar_lidar
1786136213.6293807,-13.99387520686646,40.33649149953758,1.913733411363153,0.1582907882624115,0.06930790683169032,-0.40451097449897555,-0.8980597485199765,odom_lidar,unilidar_lidar
1786136213.7550926,-13.999466428438776,40.141165195819944,1.9234128386931315,0.130295497994504,0.056138971110036254,-0.4202961253368097,-0.896226905505484,odom_lidar,unilidar_lidar
1786136213.8889887,-14.208751634487879,40.043718455914295,2.0603408425268537,0.1237066286188203,0.04686132882480098,-0.42770650944349725,-0.8941855666897106,odom_lidar,unilidar_lidar
1786136214.032833,-14.320815040312326,39.92796209508049,2.122427913877667,0.17150088380337172,0.04097228684755952,-0.43754353856550526,-0.8817394005173638,odom_lidar,unilidar_lidar
1786136214.165768,-14.324919151574017,39.98560039637073,2.13289267338105,0.21662598345681988,0.05032331368482168,-0.4256540604269397,-0.8771313289543383,odom_lidar,unilidar_lidar
1786136214.2913504,-14.372451164037667,39.9836588457278,2.122541414047766,0.197772185182475,0.06415089398317539,-0.408868590237371,-0.8885928772427861,odom_lidar,unilidar_lidar
1786136214.411692,-14.310674148623946,39.923649198282874,2.105785441504765,0.16207113994681507,0.07287854103978354,-0.3920457127903949,-0.9026194230875622,odom_lidar,unilidar_lidar
1786136214.5331354,-14.226748943700166,39.839200042633614,2.0819395971511168,0.08389962650011833,0.0698889980691919,-0.3836073924041631,-0.9170178564863957,odom_lidar,unilidar_lidar
1786136214.6613846,-14.187152392367242,40.002410805978954,1.9639242495804607,0.013205628662932702,0.058799152325430884,-0.39408433984069546,-0.9170963985044053,odom_lidar,unilidar_lidar
1786136214.7803452,-14.433683801277013,40.25413654037061,1.862281256381537,-0.07330741549819028,0.0512957315781378,-0.40270200396117595,-0.910947784870512,odom_lidar,unilidar_lidar
1786136214.908122,-14.730285762161605,40.294227540314985,1.750515791437834,-0.10761696219558671,0.05184227283563195,-0.4137736957402838,-0.9025088902102055,odom_lidar,unilidar_lidar
1786136215.030153,-14.956245024137806,40.07464105853134,1.6102906624999465,-0.10972732922419233,0.05191537761420075,-0.44489001617288443,-0.8873204496111826,odom_lidar,unilidar_lidar
1786136215.1743433,-15.055376027996074,39.89585195012975,1.7031321519358662,-0.05278448890689751,0.0654440076846841,-0.45133917789204014,-0.8883827024929863,odom_lidar,unilidar_lidar
1786136215.3026292,-14.864381944938225,39.777990857097116,1.9580480312321367,0.10645972045040661,0.052016875939958726,-0.43865193038254785,-0.8908114595753317,odom_lidar,unilidar_lidar
1786136215.4290884,-14.579537025925415,39.82830549047748,2.0913210921610794,0.1711497641667179,0.051358136379409246,-0.4276666690683361,-0.8860989336531815,odom_lidar,unilidar_lidar
1786136215.5470371,-14.35556025550292,39.88638579199068,2.1641348987738493,0.21891019229822206,0.04891437106612816,-0.4164136061382713,-0.8810706104700583,odom_lidar,unilidar_lidar
1786136215.660667,-14.335955650497741,40.042146537849206,2.1013503320702185,0.1864551623831268,0.05131973632515009,-0.41541628644947226,-0.888836355037714,odom_lidar,unilidar_lidar
1786136215.782344,-14.433699748892273,40.2327632331318,2.045194275122984,0.16369177788359832,0.050040474387461745,-0.41718015719506474,-0.8925590564321699,odom_lidar,unilidar_lidar
1786136215.927104,-14.512294007340605,40.4377305610171,2.009656714379762,0.13161133135436726,0.04489740550354705,-0.4383181392866477,-0.8879976853632401,odom_lidar,unilidar_lidar
1786136216.0796,-14.421540969724724,40.397769532090955,2.0068738401655297,0.1770571707782983,0.04460243286318116,-0.4440489946484126,-0.877201158007902,odom_lidar,unilidar_lidar
1786136216.2132514,-14.1076934941397,40.13184070526898,2.0030694825750865,0.16157532098965063,0.04548392129471139,-0.43916150326960224,-0.8825881273826038,odom_lidar,unilidar_lidar
1786136216.3551588,-13.84863118101754,39.90291614528381,1.9904357617787654,0.1289106687107892,0.05160643073992639,-0.4396583706780669,-0.8873665155343253,odom_lidar,unilidar_lidar
1786136216.4692986,-13.740020189576343,39.935450369256614,2.1415424894947774,0.05729301639071349,0.046007924505096706,-0.45246113421845313,-0.8887517669053254,odom_lidar,unilidar_lidar
1786136216.5902014,-13.956983821219321,40.23245318962214,2.2285825715115957,-0.016533097910349164,0.02959510331530279,-0.45763446955667014,-0.8884939385312814,odom_lidar,unilidar_lidar
1786136216.725732,-13.886771779405194,40.466765744919556,2.0242448299712863,-0.037058520647596495,0.02507562577918812,-0.486298281888611,-0.8726464691221633,odom_lidar,unilidar_lidar
1786136216.885296,-13.7282903168078,40.75212948943766,1.8147259396503634,-0.014091409106057577,0.052465053271023326,-0.48423832641124825,-0.8732480138019828,odom_lidar,unilidar_lidar
1786136217.0215697,-13.61080177997087,40.89728403207986,1.6896828091351703,0.0264556925558923,0.09462171297790228,-0.46606423923318063,-0.879278654734955,odom_lidar,unilidar_lidar
1786136217.1708388,-13.62525027048334,40.783394360419976,1.8721738916562767,0.08934169545085134,0.0813538705173002,-0.42991263604523294,-0.8947484197105132,odom_lidar,unilidar_lidar
1786136217.3017423,-13.653088266316512,40.554124164574304,2.0732733319761265,0.1961180488740819,0.05162600209515875,-0.3760287359269391,-0.9041431615461583,odom_lidar,unilidar_lidar
1786136217.4291897,-13.693563871378027,40.44541351632312,2.200783582363668,0.21930409847428736,0.04478028777487123,-0.3404036881189506,-0.9132501121457343,odom_lidar,unilidar_lidar
1786136217.5472007,-13.624110181428359,40.386945237451364,2.124763127630994,0.21798831036104035,0.07676365205267233,-0.309298141607657,-0.9224549299925308,odom_lidar,unilidar_lidar
1786136217.6667309,-13.56971515053047,40.28171549948756,2.016383624296894,0.1869815250624245,0.07805691041466142,-0.31859809831846453,-0.9259807124177618,odom_lidar,unilidar_lidar
1786136217.793966,-13.744903752737182,40.25472183361963,1.9140288736960127,0.13285636012239221,0.07022917952930689,-0.3237644076330192,-0.9341272173894247,odom_lidar,unilidar_lidar
1786136217.9460025,-13.899684655866766,40.21110939900734,1.8525917188586942,0.08249654058532083,0.06839730983669531,-0.33545771537540203,-0.9359403025800703,odom_lidar,unilidar_lidar
1786136218.0796092,-14.141811945252988,40.211656906735286,1.903395527802065,0.08965522034981302,0.06717649077755086,-0.3373233269907379,-0.9346990069636001,odom_lidar,unilidar_lidar
1786136218.2158875,-14.34795819424059,40.23517884302927,2.019196989468135,0.09128126405267704,0.07360743359340496,-0.35626107340260016,-0.9269993118286363,odom_lidar,unilidar_lidar
1786136218.3330233,-14.375900180409044,40.30872205619092,2.110613503029529,0.17687882849235742,0.061564758407213094,-0.36604054310088024,-0.9115579967066524,odom_lidar,unilidar_lidar
1786136218.452664,-14.249345182859688,40.553314743624355,2.0506408336891626,0.19914247025813017,0.04966664973736055,-0.39595142646755827,-0.8950407634972063,odom_lidar,unilidar_lidar
1786136218.5795758,-14.136774348115177,40.56340847747628,1.9465536994596784,0.1700039702708787,0.048977355913576354,-0.42800657847867085,-0.8862901542265008,odom_lidar,unilidar_lidar
1786136218.702109,-13.83623696911944,40.55132443544568,1.9431928434746772,0.15651511516520802,0.05808890038192632,-0.42500910947716275,-0.8896605842896882,odom_lidar,unilidar_lidar
1786136218.821415,-13.526355886047103,40.48584852671895,2.0222207255746114,0.10148247754491001,0.056274624431063056,-0.41792620228169863,-0.9010394901683756,odom_lidar,unilidar_lidar
1786136218.9469192,-13.239720587225161,40.330922299505005,2.0907246998918954,0.06423399475413688,0.061430689572669,-0.4191047063384014,-0.9035770633551706,odom_lidar,unilidar_lidar
1786136219.0888855,-12.934698247787168,40.12667641238247,2.293865508343713,0.041533305147221616,0.06072229501191277,-0.4172192035446715,-0.9058233401969636,odom_lidar,unilidar_lidar
1786136219.219125,-12.775165259333631,39.87673879265189,2.5006891005820275,0.08614702651207247,0.05833032686985726,-0.4095757788504849,-0.9063244144175983,odom_lidar,unilidar_lidar
1786136219.3390572,-13.035153719419144,39.869645492642796,2.5185823457003225,0.09443971061863007,0.05147988513121885,-0.41541207108200684,-0.9032517775706305,odom_lidar,unilidar_lidar
1786136219.4641364,-13.279758835189732,39.91246357750014,2.479373664556515,0.13121363993181953,0.03384744028474597,-0.4424408600061991,-0.8865006581379329,odom_lidar,unilidar_lidar
1786136219.5832052,-13.491176051491305,39.82536793708944,2.209261537390282,0.21442797470248484,0.03160978703412079,-0.4845326532488925,-0.8474960607367074,odom_lidar,unilidar_lidar
1786136219.7051487,-13.732123358527339,39.80687612290557,1.9452119416742397,0.2770413962449778,0.03910950637044329,-0.5208463028983901,-0.806497141988223,odom_lidar,unilidar_lidar
1786136219.8215141,-13.74616457672865,39.396457517172514,2.066058427322723,0.19873033735415452,0.04363419181304493,-0.572143149275665,-0.794515278051247,odom_lidar,unilidar_lidar
1786136219.9615953,-13.934195057845585,39.190379246186886,2.313207370766757,0.08161942067370935,-0.003644709935834072,-0.6351096281575309,-0.7680890224967251,odom_lidar,unilidar_lidar
1786136220.1109881,-13.524713111145918,39.02401191671843,2.5304005812918646,0.029829964409314912,-0.026584098777491207,-0.6560927395929389,-0.7536217724886667,odom_lidar,unilidar_lidar
1786136220.2455223,-12.861644061999922,39.03275010876077,2.7119266592486415,0.07398639038277308,-0.014631911486026994,-0.6621532238389124,-0.7455635649387169,odom_lidar,unilidar_lidar
1786136220.367096,-12.497765458472482,38.80292506051519,2.8550927303513953,0.16358181709461447,0.0023215749033671518,-0.6564843150560636,-0.7363857300975918,odom_lidar,unilidar_lidar
1786136220.492167,-12.209540515193822,38.63298479625686,2.9299737802253065,0.2115423972826691,0.008176691038527362,-0.6519787153337387,-0.728084274399145,odom_lidar,unilidar_lidar
1786136220.6258392,-11.925935183180894,38.61482293196673,2.965923204745729,0.21212860003510628,0.016734462530412345,-0.6659939847273971,-0.7149639341378612,odom_lidar,unilidar_lidar
1786136220.7450125,-11.90492068275286,38.38979288023738,2.9654749457134097,0.19468632115507695,0.01380505157804192,-0.6684781220796158,-0.7176654214931497,odom_lidar,unilidar_lidar
1786136220.881985,-11.949127447410577,38.10325185485141,2.9827589128483742,0.1729048843691831,-0.002776377297864696,-0.6722321344122977,-0.719861202006238,odom_lidar,unilidar_lidar
1786136221.0227027,-11.90742963284466,38.15141268697832,3.006969264375452,0.1772214312851343,0.004708806987504879,-0.6706476317331568,-0.7202792135559036,odom_lidar,unilidar_lidar
1786136221.1553288,-12.142430340400765,38.51266529894113,2.86891084029046,0.15132045963351595,0.012591224334621797,-0.6691463524218696,-0.7274522242776937,odom_lidar,unilidar_lidar
1786136221.2770162,-12.569885107190649,38.82837774770643,2.7792398785696353,0.11908742060242801,0.00686163838332748,-0.6694978550911105,-0.7331737353461044,odom_lidar,unilidar_lidar
1786136221.4027312,-12.776720526695167,39.344598422938276,2.6638629049272726,0.09334357133101047,-0.009239402795159762,-0.6870047005600738,-0.7205734886432645,odom_lidar,unilidar_lidar
1786136221.5249941,-12.965961939875106,39.7633596603924,2.5647805606984275,0.07336865388064187,-0.02512497958877248,-0.6927807283857418,-0.7169662742456773,odom_lidar,unilidar_lidar
1786136221.6359868,-13.117244017401728,39.70085634407969,2.558813018031628,0.07726265276239196,-0.027378741419249373,-0.6656059051123981,-0.741788154452416,odom_lidar,unilidar_lidar
1786136221.7551692,-13.10959327453945,39.49938609664893,2.5420850478596284,0.14879208377688405,0.0016960195464476129,-0.6440528210722863,-0.7503692444336058,odom_lidar,unilidar_lidar
1786136221.883156,-13.188788839653382,39.362850812556886,2.589319965389328,0.15352512517557196,0.0020507300487129926,-0.6319159728530113,-0.7596762690115604,odom_lidar,unilidar_lidar
1786136222.02342,-13.230720405217113,39.19335248972144,2.537765160331373,0.1669529542555104,0.011826134579466638,-0.6338711490329332,-0.7551120579291097,odom_lidar,unilidar_lidar
1786136222.1561933,-13.112574094208508,39.02146212694963,2.5906000415411627,0.16903012334048043,0.012396408595097367,-0.6554936073402531,-0.7359370062671857,odom_lidar,unilidar_lidar
1786136222.278005,-12.906403937271673,39.18329567261029,2.5325751411341475,0.15330127925617018,0.008048146284601192,-0.6721660189806492,-0.7243112508083172,odom_lidar,unilidar_lidar
1786136222.3972447,-12.667612075177367,39.49267529645138,2.4701327222587315,0.1322309298929392,0.004675222005311985,-0.6850149594461927,-0.7164130294835381,odom_lidar,unilidar_lidar
1786136222.5277274,-12.689014464638083,39.808831235852814,2.5598703319737117,0.08815003159512111,-0.02457733714391887,-0.6857206942955326,-0.7220890913478378,odom_lidar,unilidar_lidar
1786136222.658127,-12.688180778731883,40.09574915649805,2.677526291381813,0.061642676230656564,-0.0441925093705136,-0.6817379576473072,-0.7276541484012429,odom_lidar,unilidar_lidar
1786136222.794302,-12.588764574227563,39.99567048279855,2.649934303581448,0.14596439230684655,-0.007212183710849598,-0.6777810483482736,-0.7205936657260659,odom_lidar,unilidar_lidar
1786136222.947173,-12.4654539400998,39.87950389073198,2.6121146270489786,0.22591346111672456,0.035364332105306095,-0.6712590977747903,-0.7050699935152414,odom_lidar,unilidar_lidar
1786136223.0845506,-12.492819572362194,39.71957224801276,2.4932690296922955,0.25068077070767436,0.044019031063272124,-0.6729670468078001,-0.6945047372138259,odom_lidar,unilidar_lidar
1786136223.2197304,-12.552309910717593,39.61525755259648,2.381031678450663,0.2551481226755916,0.024191190936090838,-0.6715704978435946,-0.6952030553747023,odom_lidar,unilidar_lidar
1786136223.3451264,-12.477030177129423,39.513776230058106,2.32469173358295,0.2645479481051433,0.016939424263864127,-0.6737997667933562,-0.6897255347804561,odom_lidar,unilidar_lidar
1786136223.4743936,-12.321208188871923,39.440084200570126,2.418917790739184,0.23117533407206642,0.020067288480891045,-0.6681595953120691,-0.7069073659554731,odom_lidar,unilidar_lidar
1786136223.5941393,-12.161699581563017,39.48881201164349,2.5929633977378,0.21374136979111644,0.018969195818060437,-0.6551465502903143,-0.7243878754455614,odom_lidar,unilidar_lidar
1786136223.7166545,-12.210185891443809,39.62778875116242,2.7331207414000125,0.1465670444831622,0.0021030799111100684,-0.6678105939082496,-0.7297552255313212,odom_lidar,unilidar_lidar
1786136223.84464,-12.241851247329915,39.633536298882035,2.7500863482980153,0.1566508699449668,-0.004770799950326172,-0.6826823454246916,-0.7137104172272961,odom_lidar,unilidar_lidar
1786136223.9728532,-12.318997882312855,39.70403982113004,2.6734397582139318,0.14151724669234692,-0.010335961482154033,-0.6960225215852612,-0.7038598484321659,odom_lidar,unilidar_lidar
1786136224.1093628,-12.268560657755469,39.590656442884274,2.5802710931544395,0.1631875004045745,0.003686301874281225,-0.6999341411986705,-0.6953045727410962,odom_lidar,unilidar_lidar
1786136224.244046,-12.277246100895246,39.489256549148195,2.5028898434835978,0.18807084633198068,0.012214695398005179,-0.7119711521256316,-0.6764445553903198,odom_lidar,unilidar_lidar
1786136224.3854427,-12.318616601940494,39.543271949580856,2.5831427710940886,0.16103538801746564,0.006512035871600999,-0.7013787121592838,-0.6943292441807818,odom_lidar,unilidar_lidar
1786136224.5115333,-12.424712522166747,39.564409162911026,2.7206495410481355,0.1560473107798467,-0.006426186213426563,-0.6786013947236827,-0.7177103092531143,odom_lidar,unilidar_lidar
1786136224.6259058,-12.214902397952486,39.64656315131183,2.8346330793663332,0.1540460147897281,-0.004240950707815737,-0.6675431589168384,-0.7284490171918868,odom_lidar,unilidar_lidar
1786136224.7589152,-12.001885915356961,39.600887892560095,2.748739587190907,0.16679069891631162,0.003987567553151862,-0.6644266655209577,-0.7284930804096349,odom_lidar,unilidar_lidar
1786136224.903197,-11.794347079931919,39.49966866305564,2.6476106373370074,0.16267192237946435,-0.0031361536401492973,-0.6793759040521485,-0.7155252554613575,odom_lidar,unilidar_lidar
1786136225.062578,-11.520350861846314,39.43753109648617,2.7596305056867783,0.1588840696354105,-0.004904377127767972,-0.6911528712195519,-0.7050102893618279,odom_lidar,unilidar_lidar
1786136225.2087107,-11.219855161488415,39.40954786511162,2.82376415327065,0.1518471925617901,-0.017269408795414415,-0.7135501414245895,-0.6837326914108378,odom_lidar,unilidar_lidar
1786136225.3303394,-10.8509772900696,39.3557932384716,2.9632773151793597,0.15447751972775453,-0.008430969884552698,-0.7209657812821504,-0.6754805377401969,odom_lidar,unilidar_lidar
1786136225.460984,-10.483574974751997,39.490693669061564,3.0135888220192957,0.1670239770102583,0.00656671761108495,-0.7218904648983462,-0.6715162142587048,odom_lidar,unilidar_lidar
1786136225.5834928,-10.822011825980208,39.7164013197451,2.858872489392025,0.1626377608604731,0.014816793202915957,-0.6888222331231612,-0.7062955136036864,odom_lidar,unilidar_lidar
1786136225.7116761,-11.152596641427772,39.742250931000285,2.7751229771440893,0.15562772820483003,0.009783604297714311,-0.6626257492786165,-0.7325376493353098,odom_lidar,unilidar_lidar
1786136225.8311226,-11.497631438789606,40.109038256606716,2.6424282778323747,0.1677584438035866,0.006273854686670114,-0.6289652834456431,-0.7590918360120279,odom_lidar,unilidar_lidar
1786136225.9562552,-11.769933461062964,40.54912523833898,2.516915507747934,0.16984995434183783,0.010070771057449064,-0.6139117042984003,-0.7708190396622399,odom_lidar,unilidar_lidar
1786136226.087371,-12.092478720088346,40.744979722418144,2.471480117232786,0.16176380093581624,-0.0013522847055843347,-0.6201406963498104,-0.7676302239774337,odom_lidar,unilidar_lidar
1786136226.2302084,-12.41490073997258,40.98509218237508,2.414405036523809,0.16153627748596752,0.0036165891777866005,-0.6402962721966404,-0.7509418320680914,odom_lidar,unilidar_lidar
1786136226.3450575,-12.26034277924972,41.073855171496,2.359750952281678,0.16493814052929642,0.009975956676124517,-0.6416588873527322,-0.7489791468181126,odom_lidar,unilidar_lidar
1786136226.468021,-12.194231543870714,41.0788597784866,2.303893339230483,0.16494127857101762,0.01324062889571641,-0.6381202745880862,-0.7519451944985284,odom_lidar,unilidar_lidar
1786136226.5896318,-12.088089980973526,41.03512882065099,2.3375696936889576,0.16744152809491922,0.008359517198003215,-0.6340588889454952,-0.7548925608923821,odom_lidar,unilidar_lidar
1786136226.7083502,-11.864690647438517,41.04877282260448,2.3664387414646457,0.15700079671641975,0.0019582525003908227,-0.6332529217521013,-0.7578506793359633,odom_lidar,unilidar_lidar
1786136226.8420563,-11.725637115926247,40.828717359959455,2.5130673304682363,0.16287020077603595,0.000126235507330796,-0.635341944602786,-0.7548601825451657,odom_lidar,unilidar_lidar
1786136226.9779973,-11.912874239107815,41.094570309379534,2.302948322871824,0.14954066256928733,0.008785436481645132,-0.6253997841916002,-0.7657907783965966,odom_lidar,unilidar_lidar
1786136227.1227636,-12.045174831122667,41.325486661462456,2.1730459070102395,0.15926733628337947,0.017202770390580567,-0.6328434456024018,-0.7575269986226009,odom_lidar,unilidar_lidar
1786136227.258889,-12.11931876330996,41.36116107579443,2.25831631155414,0.1746850549290253,0.008783342147865882,-0.6429565351537739,-0.745664051961881,odom_lidar,unilidar_lidar
1786136227.385022,-12.222016123673065,41.56163971728366,2.178258332071989,0.17447598421029026,0.016395988601910907,-0.6431653617467359,-0.7454043331915955,odom_lidar,unilidar_lidar
1786136227.5090857,-12.029234372877982,41.28484152195311,2.1731005468990676,0.15936981195985572,0.0331554902502173,-0.647934572128347,-0.7440986270266893,odom_lidar,unilidar_lidar
1786136227.63405,-11.897299957451551,41.07742594451562,2.193276546161957,0.15251363017934816,0.04013911705456707,-0.6374320530389085,-0.7541941538159781,odom_lidar,unilidar_lidar
1786136227.7560031,-11.916413289700547,41.21388774328613,2.1883912280601896,0.1519084600990873,0.023382823332825473,-0.625343453619939,-0.765063806710262,odom_lidar,unilidar_lidar
1786136227.881256,-11.876157465188463,41.42699063105991,2.233166973143547,0.15514569476790852,0.010435554403874165,-0.6302972287954506,-0.7606223215052542,odom_lidar,unilidar_lidar
1786136228.0143893,-11.918911149739456,41.5512411444644,2.2565750840856924,0.1616666543559677,0.009269136547183289,-0.6579895359922735,-0.7354099173261743,odom_lidar,unilidar_lidar
1786136228.1532252,-11.96036460015808,41.68589890322995,2.2232230873107515,0.16993420885070729,-0.0005272687325623488,-0.664282793865725,-0.7279082747324107,odom_lidar,unilidar_lidar
1786136228.2861717,-12.022642470680044,41.621498414618266,2.1812402303546694,0.1673968722857223,0.007765551945226375,-0.6549401839898124,-0.7368658892548456,odom_lidar,unilidar_lidar
1786136228.411429,-12.076485148084847,41.5957241951058,2.1037050094574337,0.15877610479861876,0.01750394754154534,-0.6454976940711925,-0.7468711316647699,odom_lidar,unilidar_lidar
1786136228.5361843,-12.086339847975147,41.57889546047693,2.070966677724986,0.15497583110979032,0.019197564848805207,-0.6352192490750753,-0.7563798324123954,odom_lidar,unilidar_lidar
1786136228.655328,-12.099152158329021,41.64777073965318,2.205124379093835,0.16537090136619928,-0.00454322406960361,-0.6629444534796668,-0.7301619516908083,odom_lidar,unilidar_lidar
1786136228.7784646,-12.115650913628105,41.56497111410908,2.199988240959899,0.1518324340166848,-0.008357483104171354,-0.6748879724086179,-0.7220826054925553,odom_lidar,unilidar_lidar
1786136228.9288926,-12.10271911652117,41.31617247182291,2.276526425416062,0.1601761267708335,-0.005089405553645722,-0.6914451049376078,-0.7044298213602439,odom_lidar,unilidar_lidar
1786136229.0703104,-12.15346641451854,41.141491457649245,2.3292904540406925,0.16835172382432756,-0.0007939985056268737,-0.697806818594446,-0.6962203031906269,odom_lidar,unilidar_lidar
1786136229.2029648,-12.103757378700621,41.25687429851744,2.2775017631713403,0.16343461525650935,-0.0012674247536182915,-0.6846258182864853,-0.7103344346897531,odom_lidar,unilidar_lidar
1786136229.3192837,-12.094326188749587,41.382669072613645,2.2970032550132307,0.16257948792851293,-0.0015554596828961287,-0.6718838265445757,-0.7225909038161883,odom_lidar,unilidar_lidar
1786136229.4332078,-11.955309135608038,41.488037253280524,2.242026161087903,0.16125757777685754,-0.0013631971434798712,-0.666513312531772,-0.7278421116705279,odom_lidar,unilidar_lidar
1786136229.5502427,-11.932878604609547,41.77595620283106,2.145330448377694,0.16011179592881297,0.0034493746257107565,-0.6536997970978781,-0.7396140141271899,odom_lidar,unilidar_lidar
1786136229.6699488,-11.85719466664965,42.02538666006484,2.1027755723656814,0.16062021089220715,0.010187944942351037,-0.6428971426515573,-0.7488528677926378,odom_lidar,unilidar_lidar
1786136229.7923446,-11.756841805369495,42.14668089456396,2.1016243099727934,0.15926710369611524,0.008287263133000499,-0.6385205801511669,-0.7528989173012752,odom_lidar,unilidar_lidar
1786136229.9202034,-11.715376874130099,42.192994771659556,2.1186892124435355,0.1713749160074347,0.008878659441816553,-0.6342736968791797,-0.7538227145802782,odom_lidar,unilidar_lidar
1786136230.059463,-11.682377132271448,42.15925862533711,2.1420919947007637,0.168539006344102,0.012980608464807275,-0.6296560041562664,-0.758260788630396,odom_lidar,unilidar_lidar
1786136230.1875367,-11.66854642987744,42.100058651920705,2.111231255887392,0.16343561827003844,0.006944765136250213,-0.6384734244260425,-0.7520586780428609,odom_lidar,unilidar_lidar
1786136230.3304312,-11.644008228206209,42.041681041518665,2.0920491652207036,0.15574173343206818,0.009086245607489316,-0.6478482227194434,-0.7456236536803226,odom_lidar,unilidar_lidar
1786136230.4614623,-11.482037310364914,41.92836833990797,2.2627967401301654,0.16053237229937448,0.00036438175718725424,-0.6520542902490657,-0.7409820694440975,odom_lidar,unilidar_lidar
1786136230.58868,-11.466306974270848,41.813562953124055,2.3013163568014656,0.16361119318808168,0.0023234496532484007,-0.6611542459174607,-0.732189211987308,odom_lidar,unilidar_lidar
1786136230.7040274,-11.536307041982376,41.93424164292759,2.2033975415529654,0.16241916489789943,0.004483078323527023,-0.6560513274748417,-0.7370187057335196,odom_lidar,unilidar_lidar
1786136230.8314266,-11.609423467994835,42.094447952782076,2.1266070541112767,0.16099812287836215,0.00764483124135467,-0.6502142258226387,-0.7424571513042364,odom_lidar,unilidar_lidar
1786136230.967815,-11.703729865809665,42.29616890262507,2.0515898337705507,0.1590514324865436,0.009250649114271545,-0.6437974591383425,-0.7484262815548085,odom_lidar,unilidar_lidar
1786136231.1032598,-11.64014520020263,42.628502800500435,1.953008863484189,0.15652168178429418,0.018415610786097967,-0.6423654762800125,-0.7500189486235291,odom_lidar,unilidar_lidar
1786136231.2280886,-11.578872507242536,42.692788606644115,1.9008857936883448,0.14499920637183591,0.015768019244742935,-0.6404998308757868,-0.7539804814242366,odom_lidar,unilidar_lidar
1786136231.3474333,-11.421471170524914,42.612542469818834,1.9449807586814951,0.1513635181775779,0.014541478641454279,-0.641062233565175,-0.7522744469010332,odom_lidar,unilidar_lidar
1786136231.472432,-11.289470587550074,42.484049338513934,2.0782893556530837,0.16496870533314853,0.009325719028033062,-0.6401568308039114,-0.7502650126458034,odom_lidar,unilidar_lidar
1786136231.6034076,-11.338389058825937,42.26867493664901,2.217722379361555,0.17391219527458504,0.00030064349293286354,-0.6405498023676323,-0.7479641760372298,odom_lidar,unilidar_lidar
1786136231.723204,-11.43700897779577,42.111140407488314,2.236871386871914,0.16863839668998865,0.004838277102083347,-0.6367309021838413,-0.7524037748713552,odom_lidar,unilidar_lidar
1786136231.8576958,-11.47716041229638,41.96811564356741,2.1988879304395836,0.16471166711681384,0.010021739463905638,-0.6327709162908209,-0.7565517820679512,odom_lidar,unilidar_lidar
1786136232.0085106,-11.546166910594177,41.88239519611649,2.1353745256807133,0.16366731721435968,0.014652256134433677,-0.6365411748594946,-0.7535341089655595,odom_lidar,unilidar_lidar
1786136232.142568,-11.720410850338844,41.94491431662776,2.0512885246795003,0.153672925590215,0.024445780268399744,-0.6452271433678438,-0.7479765833426775,odom_lidar,unilidar_lidar
1786136232.273605,-11.522677719956885,42.308096470664985,2.0675863961521967,0.15048013551226044,0.028668236594006087,-0.6484006663717761,-0.7457281253080364,odom_lidar,unilidar_lidar
1786136232.3991637,-11.314762896855479,42.45789275505746,2.14984214201205,0.15350639563781424,0.020472582348266644,-0.6458461046290949,-0.747595792528091,odom_lidar,unilidar_lidar
1786136232.5290568,-11.225560159603386,42.47353460560133,2.117864958572582,0.16315658526156404,0.007275131196932757,-0.6415820922560851,-0.7494660899921742,odom_lidar,unilidar_lidar
1786136232.6453712,-11.268398392807832,42.50895165200528,2.094035897188531,0.17197425533238322,-0.003882375589844395,-0.6349608637544255,-0.7531497089974115,odom_lidar,unilidar_lidar
1786136232.7677736,-11.343632671556652,42.719408140948865,2.102416141429715,0.1667750225212172,0.00826177944116736,-0.6320601889321659,-0.7567151065166784,odom_lidar,unilidar_lidar
1786136232.8981755,-11.37299066688927,42.84172631166864,2.0786869568131143,0.16357982822992842,0.01652540242102357,-0.6339043785080929,-0.7557339411323002,odom_lidar,unilidar_lidar
1786136233.0283139,-11.427081159381979,42.916177478475824,1.9604984660540987,0.16502015849748586,0.01660707886639776,-0.6395249785251048,-0.7506666064661823,odom_lidar,unilidar_lidar
1786136233.1450684,-11.380267828293158,42.78857290848688,1.9671230959693011,0.1622153309077331,0.01467800575179634,-0.6468690948181608,-0.7450041051798159,odom_lidar,unilidar_lidar
1786136233.2733588,-11.38725507837997,42.50228728339518,2.0631786965854118,0.1585919078157216,0.013595826747908098,-0.652717984137768,-0.7406908892740204,odom_lidar,unilidar_lidar
1786136233.3902373,-11.387057486153596,42.223592904466216,2.1757402376531356,0.1570994738078494,0.012574239961779287,-0.6568410457974857,-0.7373747245290863,odom_lidar,unilidar_lidar
1786136233.5182319,-11.382291087226513,42.03632242702261,2.1755706331773195,0.15652532521061555,0.00947974948149647,-0.6520955273691217,-0.7417421250695329,odom_lidar,unilidar_lidar
1786136233.6344252,-11.418533674323962,42.03745326343166,2.168044766172761,0.15954642610452288,0.011817822238456014,-0.6431360654492391,-0.7488533089419359,odom_lidar,unilidar_lidar
1786136233.7700996,-11.350881746189485,42.06098049858212,2.2271514890245125,0.1659132355526962,0.012889425857015746,-0.6357179807632922,-0.7537700643457224,odom_lidar,unilidar_lidar
1786136233.9093127,-11.26903827567194,42.211544261974105,2.2774143806891596,0.16923385159058463,0.017657968954639055,-0.6300929494826797,-0.7576483185623989,odom_lidar,unilidar_lidar
1786136234.0588317,-11.222570522588914,42.38042071556912,2.2176467901583408,0.16354326173413106,0.014630266840949042,-0.6344022552236471,-0.7553630487392634,odom_lidar,unilidar_lidar
1786136234.1877222,-11.29839585789505,42.483099194562755,2.1114911692281875,0.1542909141352821,0.007619482245171588,-0.6450696410430551,-0.748345786057621,odom_lidar,unilidar_lidar
1786136234.3071487,-11.337643988836433,42.63041465929726,2.0410455329243287,0.1518031644441106,0.003164269064866012,-0.647831244908847,-0.7464988042762647,odom_lidar,unilidar_lidar
1786136234.4243455,-11.37885226510137,42.772719542288954,2.0238521870885786,0.1594334578905435,0.007363484377440005,-0.647964396284933,-0.7447609634976782,odom_lidar,unilidar_lidar
1786136234.5361888,-11.38729453053009,42.786119364447664,2.0466843356875937,0.16877425062176757,0.006537150244387883,-0.6482434361248095,-0.7424641173247657,odom_lidar,unilidar_lidar
1786136234.660091,-11.458823194258784,42.70757560953657,2.068109805401093,0.17533455612801604,0.009631558379520093,-0.6443659821066842,-0.7442832173401883,odom_lidar,unilidar_lidar
1786136234.798274,-11.437912302814643,42.605543813551364,2.106633763954219,0.17112446309688303,0.00974122167281037,-0.6458241933098777,-0.7439977406321678,odom_lidar,unilidar_lidar
1786136234.940269,-11.301215011444782,42.516868854742164,2.077196923492009,0.15808456525429995,0.012654453751262826,-0.649707018906844,-0.7434580853093187,odom_lidar,unilidar_lidar
1786136235.0767262,-11.379472646049576,42.35845155053793,2.1193156535415656,0.1627990430283835,0.011736328926278199,-0.6381114605214794,-0.7524443461967945,odom_lidar,unilidar_lidar
1786136235.2070088,-11.500165147638649,42.375311815801,2.0762036042712415,0.15866219802580914,0.004160149468739076,-0.6447465213552679,-0.7477372020130455,odom_lidar,unilidar_lidar
1786136235.3452098,-11.536206818212865,42.346249662515305,2.0486778375261774,0.15084196857157042,0.008037626457551898,-0.6579817312726469,-0.7377276857959396,odom_lidar,unilidar_lidar
1786136235.4692008,-11.51971969343206,42.26404247095644,2.0207189091910047,0.1491961202149148,0.012833018205823568,-0.6698928908409638,-0.7271996604490972,odom_lidar,unilidar_lidar
1786136235.6063797,-11.443954417432897,42.240708767842484,2.032326088398168,0.1468810701300882,0.01703192841582098,-0.6804315139204852,-0.7177386847006054,odom_lidar,unilidar_lidar
1786136235.7344105,-11.428324329249365,42.185854737138186,2.1203398091944106,0.15448361210034495,0.008283117220312731,-0.6782169650045461,-0.7183926168478955,odom_lidar,unilidar_lidar
1786136235.8787985,-11.521937668642288,42.21441382972857,2.224152455021491,0.17036850316975327,0.004122551882799756,-0.6698883935302782,-0.7226389955621649,odom_lidar,unilidar_lidar
1786136236.0214682,-11.598327552760347,42.12707195891323,2.2028974279816516,0.16967171151245974,-0.004058610451317014,-0.6475693107772773,-0.7428654156259257,odom_lidar,unilidar_lidar
1786136236.1741314,-11.666579467212635,42.119337306814295,2.193452024024597,0.1619568569694882,-0.0003997392985744686,-0.6271929693548168,-0.761839087918798,odom_lidar,unilidar_lidar
1786136236.2984686,-11.641782319707442,42.2853236880112,2.084767333607457,0.16406363115415246,0.011976904860029183,-0.613035807810692,-0.7727397861016219,odom_lidar,unilidar_lidar
1786136236.4232955,-11.59315141747517,42.60178003582492,1.9569587130876391,0.15209928307235535,0.025078327918717707,-0.609059156168537,-0.7779998906458448,odom_lidar,unilidar_lidar
1786136236.5459995,-11.45419514949645,42.78696500855006,1.9256256832400416,0.1561022859594875,0.03153738345822565,-0.6117340194682209,-0.7748670590417982,odom_lidar,unilidar_lidar
1786136236.6623445,-11.319278138552127,42.912527732860454,1.927946127385108,0.1591243681095039,0.029826404779990278,-0.6154621119627712,-0.7713599741949129,odom_lidar,unilidar_lidar
1786136236.8024812,-11.38643178566645,42.782134094609894,1.9427639249189548,0.15873840254518787,0.011964007846955244,-0.6253829067136353,-0.7639078491965142,odom_lidar,unilidar_lidar
1786136236.9323242,-11.487389281935519,42.67972529733542,2.018087208340141,0.16020574290538736,0.008217124626662626,-0.6355584484283756,-0.7552033219168987,odom_lidar,unilidar_lidar
1786136237.0802796,-11.581295142269722,42.53655182983312,2.071674279939943,0.16233449817203285,0.00922433340131496,-0.6424993298470133,-0.7488371208231296,odom_lidar,unilidar_lidar
1786136237.2106822,-11.667364788070081,42.39615967793989,2.0998464408305115,0.157005031554064,0.010764147596310631,-0.6511347619551128,-0.7424668847611258,odom_lidar,unilidar_lidar
1786136237.3353431,-11.725217485520226,42.19025918312695,2.0927786857420307,0.15154878271986033,0.008013006394413442,-0.6583154817408312,-0.7372852125771878,odom_lidar,unilidar_lidar
1786136237.4624202,-11.680389449207857,41.973251802672614,2.0960899523153316,0.15258169784902795,0.006500691969464494,-0.6641215427096654,-0.7318600569742553,odom_lidar,unilidar_lidar
1786136237.5956912,-11.7180994635969,41.87361159428304,2.0647094809440607,0.15910130874111436,0.010745848253367208,-0.6576888844921942,-0.7362177881018589,odom_lidar,unilidar_lidar
1786136237.7191548,-11.859139498422728,41.85380734094189,2.095444327849,0.15907402573823134,0.02148100680064357,-0.6482646143195291,-0.7443030367420354,odom_lidar,unilidar_lidar
1786136237.8635068,-11.935051473393676,41.82466340061572,2.0958499224822407,0.15842622981980017,0.0255437196738494,-0.6416133645855523,-0.7500539570427683,odom_lidar,unilidar_lidar
1786136238.007136,-11.912672809565304,41.92087693025433,2.0475694219771152,0.15956330511619052,0.019018524845939657,-0.6360975615489819,-0.7546904925626935,odom_lidar,unilidar_lidar
1786136238.135895,-11.771055769275684,42.225614963371825,2.089715147038021,0.16282007796803674,0.004933720085917186,-0.6337225647362373,-0.7562149109616405,odom_lidar,unilidar_lidar
1786136238.2574263,-11.558908432650226,42.64679876287401,2.0567703905942945,0.16544487699443627,-0.0008789824201642944,-0.6334045060580829,-0.7559272132761972,odom_lidar,unilidar_lidar
1786136238.3794115,-11.2254962686286,43.0217009201472,1.9733383100986535,0.16684938601984134,0.0009722378307789269,-0.6341579654796659,-0.7549861005058924,odom_lidar,unilidar_lidar
1786136238.4920805,-10.940469575377621,43.355037373199636,1.9335167712860455,0.16666787008157122,0.006438825178177011,-0.6374541869282287,-0.7522184005862048,odom_lidar,unilidar_lidar
1786136238.6214013,-10.988156469896595,43.10305556481466,1.9777263774989586,0.1673101653118471,0.018083488978337767,-0.6322370864125518,-0.7562780987006436,odom_lidar,unilidar_lidar
1786136238.7459283,-11.206446808038589,42.78299521272573,1.9931478010844614,0.15974680426888,0.024456608648803287,-0.6310598927679844,-0.7587135457858518,odom_lidar,unilidar_lidar
1786136238.8851683,-11.441501716430261,42.450424157701946,2.0035704613205336,0.15101418573318495,0.03257832957114743,-0.6305294860533085,-0.7606352183320514,odom_lidar,unilidar_lidar
1786136239.0296474,-11.63727884664152,42.089960839176754,2.1393655709512056,0.15989937669928223,0.01939127825504588,-0.6301616789201928,-0.759573845046879,odom_lidar,unilidar_lidar
1786136239.1712806,-11.687100028705332,41.91886955140417,2.238745376349267,0.1572597194106698,-0.0015646070140412278,-0.6462855086925917,-0.7467141179258143,odom_lidar,unilidar_lidar
1786136239.2924552,-11.624913123939857,41.82704427964884,2.240025262174201,0.16873969019871926,-0.014703625576671714,-0.656152744625973,-0.7353735758553906,odom_lidar,unilidar_lidar
1786136239.4294784,-11.595983776937057,41.84564626917384,2.2316637942060282,0.17308971906837806,-0.01122399131066422,-0.6661765224688981,-0.7253432374284149,odom_lidar,unilidar_lidar
1786136239.5598392,-11.619917405886007,42.07402752843466,2.0099818158334597,0.15016970136381796,0.019742089714429225,-0.6787315181800173,-0.7185978269623823,odom_lidar,unilidar_lidar
1786136239.6846657,-11.722526088714076,42.14342855108474,1.9724527712833657,0.14876701486565633,0.00999637422843035,-0.6722677364810627,-0.725137599547062,odom_lidar,unilidar_lidar
1786136239.8204036,-11.857198250010006,42.16305535224883,1.9534940097154443,0.14794417299671825,0.004810112628171551,-0.6625010598347533,-0.7342899496865323,odom_lidar,unilidar_lidar
1786136239.9655585,-12.035242070993046,42.07667553129537,1.9624284576065993,0.15893302254713612,0.009596299420319176,-0.6545023128753781,-0.7391041386856442,odom_lidar,unilidar_lidar
1786136240.1011775,-12.075352979319092,42.09646335364637,2.022800649268407,0.16143197235462892,0.0038178290239592365,-0.6543606989180175,-0.7387402914385824,odom_lidar,unilidar_lidar
1786136240.235102,-11.85862695745484,42.13494182695184,2.084537051449045,0.16144367866246845,-0.0028879311057939637,-0.65380090660552,-0.739237426674041,odom_lidar,unilidar_lidar
1786136240.3540199,-11.624576859936964,42.12618764083209,2.140172117475177,0.16082599986569474,0.008831827571365171,-0.6491804233637847,-0.7433853472528004,odom_lidar,unilidar_lidar
1786136240.4842615,-11.399570335376897,42.15895273248151,2.1328595236803927,0.159971043828674,0.021256666829778635,-0.6476387689699993,-0.7446619663838595,odom_lidar,unilidar_lidar
1786136240.610008,-11.21189137956474,42.10759583167121,2.204966569966304,0.1646580862514776,0.02487270190257731,-0.647389066218157,-0.7437448892417677,odom_lidar,unilidar_lidar
1786136240.7325683,-11.060898309221473,42.05870280750816,2.3043637024324624,0.16170871516632024,0.019563501309883373,-0.6505724796919953,-0.7417701864615243,odom_lidar,unilidar_lidar
1786136240.8575606,-11.028975046321552,41.98538956898935,2.286127143370671,0.15895596184393995,0.01232591714392049,-0.6480213622489649,-0.7447478687648761,odom_lidar,unilidar_lidar
1786136240.9964132,-10.914163161522296,42.02973648550135,2.220614069152732,0.15420474975743445,0.014558300257816586,-0.6504755012104643,-0.7435661190310152,odom_lidar,unilidar_lidar
1786136241.1309464,-10.868642957364816,42.20954376137814,2.20149244305464,0.1514859012803356,0.011694854331749218,-0.6567458320954453,-0.7386475236001978,odom_lidar,unilidar_lidar
1786136241.2517169,-10.932609796923224,42.51147412614129,2.195659862004551,0.1600452232410803,0.00451137878234906,-0.6588813328894815,-0.7350105870999244,odom_lidar,unilidar_lidar
1786136241.3750334,-11.137883852629411,42.7293460846032,2.135878994029164,0.16853651870181555,-0.0022871652132595848,-0.6583060797293402,-0.7336370465908518,odom_lidar,unilidar_lidar
1786136241.5013156,-11.29590286312368,42.88305654121404,2.0383115344976224,0.17207697962482563,-0.006520897431532605,-0.6618179965268317,-0.7296190310381818,odom_lidar,unilidar_lidar
1786136241.6192818,-11.465082944835688,42.93650275989567,1.9933514597226538,0.1694721940261522,-0.003289994995916803,-0.6666564106004665,-0.7258357814204197,odom_lidar,unilidar_lidar
1786136241.749404,-11.462107792874507,42.99380320116432,1.8595918217258012,0.15939146733298834,0.009474228174017656,-0.6754278776541776,-0.7199317892894556,odom_lidar,unilidar_lidar
1786136241.8885932,-11.179013946593836,42.79047282399116,1.9782020590688247,0.1486713822847898,0.0037750462644550887,-0.6869589948576476,-0.7113156180623351,odom_lidar,unilidar_lidar
1786136242.0244513,-10.972237038103616,42.64535487940762,2.0814102204463873,0.147475631693988,-0.010557625276179402,-0.7214903207158356,-0.6764548704225196,odom_lidar,unilidar_lidar
1786136242.158148,-10.782091846053817,42.62516663685228,2.1935752844609597,0.14878317214533354,-0.020743528617337872,-0.7541832976917001,-0.6392502070314457,odom_lidar,unilidar_lidar
1786136242.2720604,-10.806600590630904,42.83461711222407,2.1939497758864204,0.1588333950462641,-0.03367949098270275,-0.7832032511166662,-0.6001918959345484,odom_lidar,unilidar_lidar
1786136242.392383,-11.096902855689983,43.09538770005925,2.0319647395002347,0.1630954263384114,-0.03777518916470366,-0.8023215358133228,-0.5729337397650918,odom_lidar,unilidar_lidar
1786136242.5247796,-11.287857180339792,43.30960936975181,1.9090078917077284,0.15333887667028576,-0.03800994781966907,-0.825759362405201,-0.5414461267461398,odom_lidar,unilidar_lidar
1786136242.6502955,-11.428381924805029,43.345061555566055,1.8205710092821281,0.1468605788486483,-0.03592527965849786,-0.8493136336026629,-0.5057743532825093,odom_lidar,unilidar_lidar
1786136242.7926009,-11.523467066351166,43.129730979320236,1.7912130227807492,0.1499456227222118,-0.04777461306057453,-0.8579855667474009,-0.48897307065573853,odom_lidar,unilidar_lidar
1786136242.927359,-11.397867099025468,42.84977455795296,1.9633713392703835,0.15199069590528932,-0.0581203924832353,-0.8680784164523557,-0.4689996921378424,odom_lidar,unilidar_lidar
1786136243.0654767,-11.259625195487228,42.61564157264952,2.1137449450109425,0.15229295289583372,-0.06084466695818509,-0.879237879208224,-0.44726450201915124,odom_lidar,unilidar_lidar
1786136243.1933904,-11.229247429157974,42.442156617907266,2.145619125393222,0.15157996992758943,-0.05097484029034688,-0.8819440408504389,-0.4433957455620478,odom_lidar,unilidar_lidar
1786136243.3154466,-11.341785363543938,42.45586859504383,2.126306347743434,0.14747484846580083,-0.0412391544565255,-0.8762754675549095,-0.45682798313054856,odom_lidar,unilidar_lidar
1786136243.434661,-11.36556320933826,42.60181879901745,2.0572672295295726,0.14111137238297555,-0.053554282202893475,-0.8690190468316379,-0.4711957296981349,odom_lidar,unilidar_lidar
1786136243.5693922,-11.321985896084358,42.71851126934052,2.01736156311975,0.14569954520097889,-0.056446043229884356,-0.8652951608655619,-0.4762874880936506,odom_lidar,unilidar_lidar
1786136243.6847544,-11.382679118515329,42.92582504721152,1.9809714756257177,0.1477430304835437,-0.04647515557279016,-0.8644613746131843,-0.47824532267436504,odom_lidar,unilidar_lidar
1786136243.829577,-11.397917221266624,42.93614455759754,1.9750719880597227,0.15032935333822992,-0.0526872300111559,-0.8610106402040266,-0.48299670679427364,odom_lidar,unilidar_lidar
1786136243.9686089,-11.323725480491175,42.872291997169214,2.00382491113423,0.1451771332350341,-0.053795777346414456,-0.8605376233760015,-0.4852881752935416,odom_lidar,unilidar_lidar
1786136244.1097915,-11.249014526284821,42.561597783570804,2.0650040530689946,0.14450719878797577,-0.052350171766335926,-0.8593026498691709,-0.4878279255457899,odom_lidar,unilidar_lidar
1786136244.2373464,-11.202836409374303,42.420873179564886,2.1069202006636836,0.14447210754525597,-0.04729206267635854,-0.8597369270803638,-0.4875896708951706,odom_lidar,unilidar_lidar
1786136244.3573754,-11.182368634279428,42.47506410296818,2.146030685645093,0.14804790427342077,-0.0408359098904428,-0.8566533219337833,-0.49250312945552105,odom_lidar,unilidar_lidar
1786136244.4910777,-11.373654624111303,42.49936180307146,2.125294889154578,0.16500411667999482,-0.04410224999406891,-0.8563063807822847,-0.48740949442502685,odom_lidar,unilidar_lidar
1786136244.618806,-11.713435878767779,42.76389011006503,1.9282043691381228,0.16055324718583655,-0.03228789629166139,-0.8683433277721433,-0.4681452890767382,odom_lidar,unilidar_lidar
1786136244.750259,-12.109150249436517,42.85129615313288,1.69825505364137,0.1505610835421653,-0.0311556593028599,-0.8778116883292784,-0.453659922021458,odom_lidar,unilidar_lidar
1786136244.8942,-12.015730998713016,42.75548288263687,1.7446864742136488,0.14488785706776178,-0.05224730853221271,-0.8819060848685029,-0.44555514260006107,odom_lidar,unilidar_lidar
1786136245.033364,-11.712303362079009,42.730993258357366,1.8974657436049114,0.14542078741977868,-0.05213125235618128,-0.8762387790830815,-0.45644356622147564,odom_lidar,unilidar_lidar
1786136245.1691096,-11.343401848456608,42.6978314641732,2.066008651542859,0.1498476618172139,-0.0517219507073693,-0.8702493815858461,-0.46640811733115345,odom_lidar,unilidar_lidar
1786136245.2935262,-10.932850285386943,42.63541559835686,2.2130664364587043,0.15642777807175165,-0.049888764586850015,-0.864481033705398,-0.47509367895098276,odom_lidar,unilidar_lidar
1786136245.4095128,-10.708316277754276,42.70293930884681,2.166923309038964,0.1509302490650575,-0.04759818320640516,-0.8600465057795807,-0.4850510084196742,odom_lidar,unilidar_lidar
1786136245.5245054,-10.520742384331642,42.77967737743406,2.1860361263831254,0.15084823244711615,-0.040493829621063265,-0.8544489417686534,-0.4955018329336729,odom_lidar,unilidar_lidar
1786136245.6493382,-10.551070705461512,42.89544278027273,2.1665587583752415,0.1473487027975732,-0.042621706497126835,-0.8487175237940018,-0.5061129466078923,odom_lidar,unilidar_lidar
1786136245.7691019,-10.791344326719411,43.14681997142748,2.079621246361653,0.15018275306608886,-0.0450563508715423,-0.8546928330738325,-0.49488910578012996,odom_lidar,unilidar_lidar
1786136245.902624,-11.046155235126095,43.359877499587384,2.0160876863835684,0.14918826272392427,-0.049086349313524846,-0.8629358020148687,-0.4802865750543558,odom_lidar,unilidar_lidar
1786136246.036142,-11.236010768422933,43.500651494648785,1.8994983071808624,0.152793269990253,-0.05248092798621298,-0.866436701046329,-0.4724271498584159,odom_lidar,unilidar_lidar
1786136246.149621,-11.23505685399083,43.53136513022772,1.8437138449825876,0.15865532046997488,-0.050872098756205776,-0.8650270955941206,-0.47325325433926846,odom_lidar,unilidar_lidar
1786136246.2720115,-11.119094717012267,43.48673070767596,1.8718416599408325,0.16113999964528555,-0.051672144960820336,-0.8646989700971784,-0.4729266127660236,odom_lidar,unilidar_lidar
1786136246.3964357,-11.059577423624598,43.252427720803624,1.959217494520812,0.15638978433169273,-0.06003146882947769,-0.869791298260822,-0.464113731295052,odom_lidar,unilidar_lidar
1786136246.524555,-11.022398134662584,43.087879535248035,2.0087775100472256,0.1422218974944366,-0.06801152333922694,-0.8733795338099595,-0.4608205230760213,odom_lidar,unilidar_lidar
1786136246.6493833,-11.015087747224552,42.93572765848127,2.0825128055359703,0.13701473921206211,-0.053345650257704325,-0.8742040116871845,-0.4627618704984954,odom_lidar,unilidar_lidar
1786136246.7889483,-11.096428810222442,42.770222877149045,2.134446956521443,0.14180903961824376,-0.048389341370713226,-0.8745578126850516,-0.4611911753229873,odom_lidar,unilidar_lidar
1786136246.928365,-11.146045265017126,42.57781660064053,2.1703181182102136,0.15184203352197906,-0.05022681992406787,-0.878379765990384,-0.45041120114280436,odom_lidar,unilidar_lidar
1786136247.077296,-11.23624683482383,42.39815219680952,2.135064981288767,0.1602087361808313,-0.05867499892043877,-0.8863674884061044,-0.4303987463384181,odom_lidar,unilidar_lidar
1786136247.2044442,-11.317940341787967,42.511352495854474,2.0889214067297406,0.1537826824374161,-0.05890564193766318,-0.8980507353181824,-0.40790426416591513,odom_lidar,unilidar_lidar
1786136247.3250282,-11.443095735809633,42.928028699556414,1.9262264382409806,0.13898762801352213,-0.060975723130553224,-0.8926009644206764,-0.42453258857614157,odom_lidar,unilidar_lidar
1786136247.4436667,-11.47586286623475,43.24600955923964,1.8587102544806733,0.13859609147272148,-0.060065527310684354,-0.8874952766491797,-0.4353566236808284,odom_lidar,unilidar_lidar
1786136247.5716248,-11.501430098372056,43.56009126751903,1.7677062491196085,0.13892983010365267,-0.0573439635762824,-0.8823718444537414,-0.445903689448781,odom_lidar,unilidar_lidar
1786136247.6966684,-11.432840059741297,43.73019264131127,1.7519549052781744,0.13798174891416543,-0.04909381639867516,-0.8802034584889513,-0.4514340547877293,odom_lidar,unilidar_lidar
1786136247.841493,-11.250134382123367,43.79616472834023,1.7730033785522363,0.15033822882202172,-0.04812079881869554,-0.8774479429773067,-0.4529546478849747,odom_lidar,unilidar_lidar
1786136247.985908,-11.04620005019749,43.54886414666065,1.918414590751202,0.16012795083795406,-0.06186129765684581,-0.880567945709962,-0.44173783197818406,odom_lidar,unilidar_lidar
1786136248.1261024,-10.912088897474723,43.27856356872806,2.0744562787212573,0.16882222369106548,-0.0719416803857208,-0.8864840338184197,-0.4248170302569163,odom_lidar,unilidar_lidar
1786136248.2495835,-10.877144558928261,43.16154554435733,2.029856731124393,0.1633289465578878,-0.06822288440006515,-0.897204910176033,-0.40458947393183914,odom_lidar,unilidar_lidar
1786136248.3771966,-10.830189011427246,43.10691916757495,1.9790499097342042,0.14825215742428915,-0.06066614363115708,-0.9044368590494882,-0.3953920647011823,odom_lidar,unilidar_lidar
1786136248.5076196,-10.88232997954264,43.313130479556335,1.8790432126675802,0.12849509842319548,-0.05120349265376279,-0.9033188966055328,-0.40605687170226845,odom_lidar,unilidar_lidar
1786136248.6408985,-10.925655385099997,43.445158779311775,1.912241845090752,0.13412715657173938,-0.05490119153375697,-0.8969566773288312,-0.4176894588487683,odom_lidar,unilidar_lidar
1786136248.7663808,-10.952406217538329,43.56940683289266,1.9666940900547492,0.14789072548177962,-0.05982915886606355,-0.8907990695207044,-0.42547129492704816,odom_lidar,unilidar_lidar
1786136248.9027753,-11.265464092314293,43.67964069859648,1.8774523264342218,0.15919374127370126,-0.05428960526310366,-0.8886038003039463,-0.42672388916610093,odom_lidar,unilidar_lidar
1786136249.0421088,-11.548582971796636,43.729654209054104,1.7832787398056333,0.16034593631628452,-0.04754949262755558,-0.8896516527292425,-0.42490959421251423,odom_lidar,unilidar_lidar
1786136249.1774442,-11.786134959530068,43.54610080617498,1.6930339520015316,0.14869791040120953,-0.04348084659504574,-0.8935716374105547,-0.42134080770453786,odom_lidar,unilidar_lidar
1786136249.2916377,-11.740030169553728,43.385131489109305,1.7168227721327243,0.14154279372851897,-0.05959742480260229,-0.9007194742512061,-0.4063474045752662,odom_lidar,unilidar_lidar
1786136249.4157093,-11.642884565140747,43.21090269417157,1.7614714391991533,0.1396501822756453,-0.0726277545946939,-0.9072403180910423,-0.39004876757012874,odom_lidar,unilidar_lidar
1786136249.5332365,-11.393362767572658,43.129369658103236,1.861489825220916,0.1369897772599234,-0.06619226446590144,-0.9036037745930247,-0.40044051192704144,odom_lidar,unilidar_lidar
1786136249.6551514,-11.186433823858831,43.0186522924927,2.015043682630916,0.14128942650800397,-0.06139212432343045,-0.8989052591298654,-0.4101678194797407,odom_lidar,unilidar_lidar
1786136249.783458,-10.97118577722094,42.85068464682922,2.1654845884230918,0.14435646383950007,-0.05386860538040548,-0.8966082460848129,-0.41515423369494975,odom_lidar,unilidar_lidar
1786136249.9326258,-10.97115468718176,42.7444776316987,2.1885463451569334,0.14691712776159102,-0.045219472556640335,-0.8949839404998282,-0.4187771520980863,odom_lidar,unilidar_lidar
1786136250.0605533,-10.869741324976001,42.68285360353762,2.174309941871174,0.15175063556803764,-0.04896800284020924,-0.8908897566212071,-0.4253108520246624,odom_lidar,unilidar_lidar
1786136250.1759913,-10.917332400590974,42.721586213119444,2.0587176054855894,0.15087395097685877,-0.05698788998480322,-0.8885678990643187,-0.4294607316904948,odom_lidar,unilidar_lidar
1786136250.291459,-11.092888906242024,42.86031237917153,2.013706220501857,0.1512413374787243,-0.05763146626226993,-0.8945232532009741,-0.4166927182191372,odom_lidar,unilidar_lidar
1786136250.4136777,-11.321525520660881,43.01138112724304,1.9624460847031928,0.14403515922293844,-0.05570409439221172,-0.900202580855096,-0.40716856484432923,odom_lidar,unilidar_lidar
1786136250.5336313,-11.614782065408793,43.186933612205195,1.8846546047929564,0.13361832307420432,-0.05330768730025756,-0.9068200187297105,-0.39620939898566615,odom_lidar,unilidar_lidar
1786136250.6528637,-11.839878771470692,43.28275463147273,1.7955030874017115,0.1308931290489844,-0.058552809327093544,-0.9103184556011141,-0.38827679132247084,odom_lidar,unilidar_lidar
1786136250.7824795,-11.966072958420103,43.23815952426443,1.741844554737166,0.13416369234132924,-0.06503089422177127,-0.9070792846554062,-0.3936727801145192,odom_lidar,unilidar_lidar
1786136250.9243157,-12.098179499246665,43.152311528669415,1.7195367588826433,0.13988261157200954,-0.06510655366623462,-0.9040447789244985,-0.39861890239783454,odom_lidar,unilidar_lidar
1786136251.0604687,-11.859630123240368,43.27133963533449,1.765647254875589,0.1453473695951902,-0.058135519901798854,-0.8992020076608009,-0.40857086643113877,odom_lidar,unilidar_lidar
1786136251.1863222,-11.60557171004013,43.34857345153042,1.833185531986296,0.14013888537568994,-0.04656715116719743,-0.8954131907561579,-0.4200331070971755,odom_lidar,unilidar_lidar
1786136251.3165743,-11.327443141763277,43.28880399111919,1.8520770978884706,0.14680125925027243,-0.04154412645317787,-0.891836838547753,-0.42585270839684214,odom_lidar,unilidar_lidar
1786136251.4374459,-11.060119420578719,43.2261023262017,1.9321855282538665,0.1531730506538898,-0.04138039344079847,-0.8879193104576348,-0.43176958867954573,odom_lidar,unilidar_lidar
1786136251.5636823,-10.91351412570433,43.14128536347405,2.0037608752740184,0.14139725608044945,-0.05464655294958422,-0.8862019809145286,-0.43779746372816475,odom_lidar,unilidar_lidar
1786136251.6940057,-10.852543581589897,43.189529639127905,2.0339342449925653,0.14225169322167094,-0.06549932336442178,-0.8867661133995735,-0.4348794712797849,odom_lidar,unilidar_lidar
1786136251.825147,-10.819021443523166,43.258023107621256,2.0723619778386717,0.14337828685555856,-0.06771731342059853,-0.8910796284633192,-0.4252459618375398,odom_lidar,unilidar_lidar
1786136251.978423,-10.869751552733735,43.31019227204109,2.082942688896001,0.15091343013587238,-0.06746003649094508,-0.894893190753919,-0.4145364365451313,odom_lidar,unilidar_lidar
1786136252.1178758,-10.973644076059667,43.330140291610704,1.9719927813714035,0.14770218120674689,-0.061888998025298986,-0.9003946120854007,-0.4045285652679855,odom_lidar,unilidar_lidar
1786136252.2364423,-11.168878766434206,43.24469307409021,1.8687517776412683,0.14899878932303393,-0.06037657364338872,-0.9036828294563617,-0.3968770261442441,odom_lidar,unilidar_lidar
1786136252.3533175,-11.424506798731153,43.061932907634315,1.8996087693213553,0.1487549769588928,-0.060677812256377674,-0.9056399865676624,-0.3924364593911522,odom_lidar,unilidar_lidar
1786136252.4823003,-11.736298491351006,42.9240382297661,1.9375536237804318,0.1424482075636025,-0.06688815982022067,-0.9064453243065134,-0.391907331241253,odom_lidar,unilidar_lidar
1786136252.6166236,-11.90460008381251,42.89930183057326,1.925523478186308,0.14820852922604608,-0.07830810782057804,-0.9021197690079809,-0.39759526465892436,odom_lidar,unilidar_lidar
1786136252.7496948,-12.007482075309857,43.04439998721428,1.7659051438180695,0.14497002878834125,-0.07822195331910359,-0.9025209664495237,-0.39789561682816943,odom_lidar,unilidar_lidar
1786136252.8870416,-11.877100709721125,43.180719525374535,1.7034102776666145,0.1468213504640547,-0.05776288219228391,-0.8978298741040649,-0.4111063824061002,odom_lidar,unilidar_lidar
1786136253.0430338,-11.711810963013146,43.319491994764434,1.7282531406269117,0.15028973564090237,-0.045890679356146935,-0.8904993846100885,-0.4269869868254451,odom_lidar,unilidar_lidar
1786136253.1666117,-11.525946357003164,43.35697800130333,1.833234227237352,0.15199754716237482,-0.049323951695098005,-0.8830650435327589,-0.44120292648200776,odom_lidar,unilidar_lidar
1786136253.2814915,-11.283925676539967,43.46658120592173,1.885908874994907,0.15150423809501012,-0.04698005115759547,-0.8759339195351586,-0.4556085043546208,odom_lidar,unilidar_lidar
