time_s,x_m,y_m,z_m,qx,qy,qz,qw,frame_id,child_frame_id
1786133625.4916496,0.0,0.0,0.0,0.0,0.0,0.0,1.0,odom,base_link
1786133625.5402792,0.0,0.0,0.0,0.0,0.0,0.0,1.0,odom,base_link
1786133625.6050572,0.0,0.0,0.0,0.0,0.0,0.0,1.0,odom,base_link
1786133625.6525297,0.0,0.0,0.0,0.0,0.0,0.0,1.0,odom,base_link
1786133625.7005641,0.0,0.0,0.0,0.0,0.0,0.0,1.0,odom,base_link
1786133625.7482817,0.0,0.0,0.0,0.0,0.0,0.0,1.0,odom,base_link
1786133625.7964003,0.0,0.0,0.0,0.0,0.0,0.0,1.0,odom,base_link
1786133625.8446066,0.0,0.0,0.0,0.0,0.0,0.0,1.0,odom,base_link
1786133625.8925126,0.0,0.0,0.0,0.0,0.0,0.0,1.0,odom,base_link
1786133625.940326,0.0,0.0,0.0,0.0,0.0,0.0,1.0,odom,base_link
1786133626.0042617,0.0,0.0,0.0,0.0,0.0,0.0,1.0,odom,base_link
1786133626.052114,0.0,0.0,0.0,0.0,0.0,0.0,1.0,odom,base_link
1786133626.100123,0.0,0.0,0.0,0.0,0.0,0.0,1.0,odom,base_link
1786133626.148282,0.0,0.0,0.0,0.0,0.0,0.0,1.0,odom,base_link
1786133626.1955094,0.0,0.0,0.0,0.0,0.0,0.0,1.0,odom,base_link
1786133626.243171,0.0,0.0,0.0,0.0,0.0,0.0,1.0,odom,base_link
1786133626.291818,0.0,0.0,0.0,0.0,0.0,0.0,1.0,odom,base_link
1786133626.3396897,0.0,0.0,0.0,0.0,0.0,0.0,1.0,odom,base_link
1786133626.403966,0.0,0.0,0.0,0.0,0.0,0.0,1.0,odom,base_link
1786133626.4518015,0.0,0.0,0.0,0.0,0.0,0.0,1.0,odom,base_link
1786133626.4997954,0.0,0.0,0.0,0.0,0.0,0.0,1.0,odom,base_link
1786133626.5475152,0.0,0.0,0.0,0.0,0.0,0.0,1.0,odom,base_link
1786133626.595384,0.0,0.0,0.0,0.0,0.0,0.0,1.0,odom,base_link
1786133626.6433923,0.0,0.0,0.0,0.0,0.0,0.0,1.0,odom,base_link
1786133626.6914787,0.0,0.0,0.0,0.0,0.0,0.0,1.0,odom,base_link
1786133626.754585,0.0,0.0,0.0,0.0,0.0,0.0,1.0,odom,base_link
1786133626.8034487,0.0,0.0,0.0,0.0,0.0,0.0,1.0,odom,base_link
1786133626.850675,0.0,0.0,0.0,0.0,0.0,0.0,1.0,odom,base_link
1786133626.8994217,0.0,0.0,0.0,0.0,0.0,0.0,1.0,odom,base_link
1786133626.9471538,0.0,0.0,0.0,0.0,0.0,0.0,1.0,odom,base_link
1786133626.9950535,0.0,0.0,0.0,0.0,0.0,0.0,1.0,odom,base_link
1786133627.0426855,0.0,0.0,0.0,0.0,0.0,0.0,1.0,odom,base_link
1786133627.0909963,0.0,0.0,0.0,0.0,0.0,0.0,1.0,odom,base_link
1786133627.1544342,0.0,0.0,0.0,0.0,0.0,0.0,1.0,odom,base_link
1786133627.2021496,0.0,0.0,0.0,0.0,0.0,0.0,1.0,odom,base_link
1786133627.2504754,0.0,0.0,0.0,0.0,0.0,0.0,1.0,odom,base_link
1786133627.2985034,0.0,0.0,0.0,0.0,0.0,0.0,1.0,odom,base_link
1786133627.3466337,0.0,0.0,0.0,0.0,0.0,0.0,1.0,odom,base_link
1786133627.3943403,0.0,0.0,0.0,0.0,0.0,0.0,1.0,odom,base_link
1786133627.4425018,0.0,0.0,0.0,0.0,0.0,0.0,1.0,odom,base_link
1786133627.4901423,0.0,0.0,0.0,0.0,0.0,0.0,1.0,odom,base_link
1786133627.55399,0.0,0.0,0.0,0.0,0.0,0.0,1.0,odom,base_link
1786133627.6018407,0.0,0.0,0.0,0.0,0.0,0.0,1.0,odom,base_link
1786133627.6494808,0.0,0.0,0.0,0.0,0.0,0.0,1.0,odom,base_link
1786133627.6983106,0.0,0.0,0.0,0.0,0.0,0.0,1.0,odom,base_link
1786133627.7460861,0.0,0.0,0.0,0.0,0.0,0.0,1.0,odom,base_link
1786133627.7940106,0.0,0.0,0.0,0.0,0.0,0.0,1.0,odom,base_link
1786133627.8419068,0.0,0.0,0.0,0.0,0.0,0.0,1.0,odom,base_link
1786133627.889804,0.0,0.0,0.0,0.0,0.0,0.0,1.0,odom,base_link
1786133627.9538188,0.0,0.0,0.0,0.0,0.0,0.0,1.0,odom,base_link
1786133628.0018904,0.0,0.0,0.0,0.0,0.0,0.0,1.0,odom,base_link
1786133628.0495663,0.0,0.0,0.0,0.0,0.0,0.0,1.0,odom,base_link
1786133628.097344,0.0,0.0,0.0,0.0,0.0,0.0,1.0,odom,base_link
1786133628.1456254,0.0,0.0,0.0,0.0,0.0,0.0,1.0,odom,base_link
1786133628.192612,0.0,0.0,0.0,0.0,0.0,0.0,1.0,odom,base_link
1786133628.2413144,0.0,0.0,0.0,0.0,0.0,0.0,1.0,odom,base_link
1786133628.3053904,0.0,0.0,0.0,0.0,0.0,0.0,1.0,odom,base_link
1786133628.3520405,0.0,0.0,0.0,0.0,0.0,0.0,1.0,odom,base_link
1786133628.4013216,0.0,0.0,0.0,0.0,0.0,0.0,1.0,odom,base_link
1786133628.449091,0.0,0.0,0.0,0.0,0.0,0.0,1.0,odom,base_link
1786133628.496907,0.0,0.0,0.0,0.0,0.0,0.0,1.0,odom,base_link
1786133628.5449152,0.0,0.0,0.0,0.0,0.0,0.0,1.0,odom,base_link
1786133628.5929163,0.0,0.0,0.0,0.0,0.0,0.0,1.0,odom,base_link
1786133628.6409063,0.0,0.0,0.0,0.0,0.0,0.0,1.0,odom,base_link
1786133628.704912,0.0,0.0,0.0,0.0,0.0,0.0,1.0,odom,base_link
1786133628.7530518,0.0,0.0,0.0,0.0,0.0,0.0,1.0,odom,base_link
1786133628.8007238,0.0,0.0,0.0,0.0,0.0,0.0,1.0,odom,base_link
1786133628.848344,0.0,0.0,0.0,0.0,0.0,0.0,1.0,odom,base_link
1786133628.8964188,0.0,0.0,0.0,0.0,0.0,0.0,1.0,odom,base_link
1786133628.9443383,0.0,0.0,0.0,0.0,0.0,0.0,1.0,odom,base_link
1786133628.9925225,0.0,0.0,0.0,0.0,0.0,0.0,1.0,odom,base_link
1786133629.0404882,0.0,0.0,0.0,0.0,0.0,0.0,1.0,odom,base_link
1786133629.1043353,0.0,0.0,0.0,0.0,0.0,0.0,1.0,odom,base_link
1786133629.1529508,0.0,0.0,0.0,0.0,0.0,0.0,1.0,odom,base_link
1786133629.1997685,0.0,0.0,0.0,0.0,0.0,0.0,1.0,odom,base_link
1786133629.248093,0.0,0.0,0.0,0.0,0.0,0.0,1.0,odom,base_link
1786133629.295771,0.0,0.0,0.0,0.0,0.0,0.0,1.0,odom,base_link
1786133629.3437262,0.0,0.0,0.0,0.0,0.0,0.0,1.0,odom,base_link
1786133629.3917475,0.0,0.0,0.0,0.0,0.0,0.0,1.0,odom,base_link
1786133629.440031,0.0,0.0,0.0,0.0,0.0,0.0,1.0,odom,base_link
1786133629.5038757,0.0,0.0,0.0,0.0,0.0,0.0,1.0,odom,base_link
1786133629.5516229,0.0,0.0,0.0,0.0,0.0,0.0,1.0,odom,base_link
1786133629.6000998,0.0,0.0,0.0,0.0,0.0,0.0,1.0,odom,base_link
1786133629.6475165,0.0,0.0,0.0,0.0,0.0,0.0,1.0,odom,base_link
1786133629.6955433,0.0,0.0,0.0,0.0,0.0,0.0,1.0,odom,base_link
1786133629.7436311,0.0,0.0,0.0,0.0,0.0,0.0,1.0,odom,base_link
1786133629.791627,0.0,0.0,0.0,0.0,0.0,0.0,1.0,odom,base_link
1786133629.8555167,0.0,0.0,0.0,0.0,0.0,0.0,1.0,odom,base_link
1786133629.9033961,0.0,0.0,0.0,0.0,0.0,0.0,1.0,odom,base_link
1786133629.9513426,0.0,0.0,0.0,0.0,0.0,0.0,1.0,odom,base_link
1786133629.9991922,0.0,0.0,0.0,0.0,0.0,0.0,1.0,odom,base_link
1786133630.0472977,0.0,0.0,0.0,0.0,0.0,0.0,1.0,odom,base_link
1786133630.0952642,0.0,0.0,0.0,0.0,0.0,0.0,1.0,odom,base_link
1786133630.1429572,0.0,0.0,0.0,0.0,0.0,0.0,1.0,odom,base_link
1786133630.1901042,0.0,0.0,0.0,0.0,0.0,0.0,1.0,odom,base_link
1786133630.254904,0.0,0.0,0.0,0.0,0.0,0.0,1.0,odom,base_link
1786133630.3025293,0.0,0.0,0.0,0.0,0.0,0.0,1.0,odom,base_link
1786133630.350668,0.0,0.0,0.0,0.0,0.0,0.0,1.0,odom,base_link
1786133630.3983607,0.0,0.0,0.0,0.0,0.0,0.0,1.0,odom,base_link
1786133630.446392,0.0,0.0,0.0,0.0,0.0,0.0,1.0,odom,base_link
1786133630.4947221,0.0,0.0,0.0,0.0,0.0,0.0,1.0,odom,base_link
1786133630.542374,0.0,0.0,0.0,0.0,0.0,0.0,1.0,odom,base_link
1786133630.5907352,0.0,0.0,0.0,0.0,0.0,0.0,1.0,odom,base_link
1786133630.6542323,0.0,0.0,0.0,0.0,0.0,0.0,1.0,odom,base_link
1786133630.7021759,0.0,0.0,0.0,0.0,0.0,0.0,1.0,odom,base_link
1786133630.7500646,0.0,0.0,0.0,0.0,0.0,0.0,1.0,odom,base_link
1786133630.798278,0.0,0.0,0.0,0.0,0.0,0.0,1.0,odom,base_link
1786133630.846293,0.0,0.0,0.0,0.0,0.0,0.0,1.0,odom,base_link
1786133630.8940568,0.0,0.0,0.0,0.0,0.0,0.0,1.0,odom,base_link
1786133630.9418404,0.0,0.0,0.0,0.0,0.0,0.0,1.0,odom,base_link
1786133630.9898686,0.0,0.0,0.0,0.0,0.0,0.0,1.0,odom,base_link
1786133631.0535932,0.0,0.0,0.0,0.0,0.0,0.0,1.0,odom,base_link
1786133631.101687,0.0,0.0,0.0,0.0,0.0,0.0,1.0,odom,base_link
1786133631.1500385,0.0,0.0,0.0,0.0,0.0,0.0,1.0,odom,base_link
1786133631.1963904,0.0,0.0,0.0,0.0,0.0,0.0,1.0,odom,base_link
1786133631.244702,0.0,0.0,0.0,0.0,0.0,0.0,1.0,odom,base_link
1786133631.2934413,0.0,0.0,0.0,0.0,0.0,0.0,1.0,odom,base_link
1786133631.3414664,0.0,0.0,0.0,0.0,0.0,0.0,1.0,odom,base_link
1786133631.4054143,0.0,0.0,0.0,0.0,0.0,0.0,1.0,odom,base_link
1786133631.4533358,0.0,0.0,0.0,0.0,0.0,0.0,1.0,odom,base_link
1786133631.5013473,0.0,0.0,0.0,0.0,0.0,0.0,1.0,odom,base_link
1786133631.5488548,0.0,0.0,0.0,0.0,0.0,0.0,1.0,odom,base_link
1786133631.5967085,0.0,0.0,0.0,0.0,0.0,0.0,1.0,odom,base_link
1786133631.6451423,0.0,0.0,0.0,0.0,0.0,0.0,1.0,odom,base_link
1786133631.6931098,0.0,0.0,0.0,0.0,0.0,0.0,1.0,odom,base_link
1786133631.7406003,0.0,0.0,0.0,0.0,0.0,0.0,1.0,odom,base_link
1786133631.804895,0.0,0.0,0.0,0.0,0.0,0.0,1.0,odom,base_link
1786133631.8519852,0.0,0.0,0.0,0.0,0.0,0.0,1.0,odom,base_link
1786133631.9007604,0.0,0.0,0.0,0.0,0.0,0.0,1.0,odom,base_link
1786133631.9479353,0.0,0.0,0.0,0.0,0.0,0.0,1.0,odom,base_link
1786133631.9964933,0.0,0.0,0.0,0.0,0.0,0.0,1.0,odom,base_link
1786133632.0442588,0.0,0.0,0.0,0.0,0.0,0.0,1.0,odom,base_link
1786133632.0920072,0.0,0.0,0.0,0.0,0.0,0.0,1.0,odom,base_link
1786133632.1397288,0.0,0.0,0.0,0.0,0.0,0.0,1.0,odom,base_link
1786133632.2041798,0.0,0.0,0.0,0.0,0.0,0.0,1.0,odom,base_link
1786133632.2521396,0.0,0.0,0.0,0.0,0.0,0.0,1.0,odom,base_link
1786133632.3000026,0.0,0.0,0.0,0.0,0.0,0.0,1.0,odom,base_link
1786133632.3478675,0.0,0.0,0.0,0.0,0.0,0.0,1.0,odom,base_link
1786133632.3951561,0.0,0.0,0.0,0.0,0.0,0.0,1.0,odom,base_link
1786133632.4437432,0.0,0.0,0.0,0.0,0.0,0.0,1.0,odom,base_link
1786133632.49143,0.0,0.0,0.0,0.0,0.0,0.0,1.0,odom,base_link
1786133632.539703,0.0,0.0,0.0,0.0,0.0,0.0,1.0,odom,base_link
1786133632.6036303,0.0,0.0,0.0,0.0,0.0,0.0,1.0,odom,base_link
1786133632.6508775,0.0,0.0,0.0,0.0,0.0,0.0,1.0,odom,base_link
1786133632.699422,0.0,0.0,0.0,0.0,0.0,0.0,1.0,odom,base_link
1786133632.7471309,0.0,0.0,0.0,0.0,0.0,0.0,1.0,odom,base_link
1786133632.7956805,0.0,0.0,0.0,0.0,0.0,0.0,1.0,odom,base_link
1786133632.8431687,0.0,0.0,0.0,0.0,0.0,0.0,1.0,odom,base_link
1786133632.8912058,0.0,0.0,0.0,0.0,0.0,0.0,1.0,odom,base_link
1786133632.9544866,0.0,0.0,0.0,0.0,0.0,0.0,1.0,odom,base_link
1786133633.0030591,0.0,0.0,0.0,0.0,0.0,0.0,1.0,odom,base_link
1786133633.0507965,0.0,0.0,0.0,0.0,0.0,0.0,1.0,odom,base_link
1786133633.0989583,0.0,0.0,0.0,0.0,0.0,0.0,1.0,odom,base_link
1786133633.1469572,0.0,0.0,0.0,0.0,0.0,0.0,1.0,odom,base_link
1786133633.1940458,0.0,0.0,0.0,0.0,0.0,0.0,1.0,odom,base_link
1786133633.2426558,0.0,0.0,0.0,0.0,0.0,0.0,1.0,odom,base_link
1786133633.2895668,0.0,0.0,0.0,0.0,0.0,0.0,1.0,odom,base_link
1786133633.3545682,0.0,0.0,0.0,0.0,0.0,0.0,1.0,odom,base_link
1786133633.4022593,0.0,0.0,0.0,0.0,0.0,0.0,1.0,odom,base_link
1786133633.4501355,0.0,0.0,0.0,0.0,0.0,0.0,1.0,odom,base_link
1786133633.498503,0.0,0.0,0.0,0.0,0.0,0.0,1.0,odom,base_link
1786133633.546063,0.0,0.0,0.0,0.0,0.0,0.0,1.0,odom,base_link
1786133633.5942779,0.0,0.0,0.0,0.0,0.0,0.0,1.0,odom,base_link
1786133633.6422532,0.0,0.0,0.0,0.0,0.0,0.0,1.0,odom,base_link
1786133633.6902294,0.0,0.0,0.0,0.0,0.0,0.0,1.0,odom,base_link
1786133633.754094,0.0,0.0,0.0,0.0,0.0,0.0,1.0,odom,base_link
1786133633.80181,0.0,0.0,0.0,0.0,0.0,0.0,1.0,odom,base_link
1786133633.8496232,0.0,0.0,0.0,0.0,0.0,0.0,1.0,odom,base_link
1786133633.8978374,0.0,0.0,0.0,0.0,0.0,0.0,1.0,odom,base_link
1786133633.9457834,0.0,0.0,0.0,0.0,0.0,0.0,1.0,odom,base_link
1786133633.9938042,0.0,0.0,0.0,0.0,0.0,0.0,1.0,odom,base_link
1786133634.0416908,0.0,0.0,0.0,0.0,0.0,0.0,1.0,odom,base_link
1786133634.089428,0.0,0.0,0.0,0.0,0.0,0.0,1.0,odom,base_link
1786133634.1529026,0.0,0.0,0.0,0.0,0.0,0.0,1.0,odom,base_link
1786133634.2012374,0.0,0.0,0.0,0.0,0.0,0.0,1.0,odom,base_link
1786133634.2489142,0.0,0.0,0.0,0.0,0.0,0.0,1.0,odom,base_link
1786133634.2973256,0.0,0.0,0.0,0.0,0.0,0.0,1.0,odom,base_link
1786133634.3449357,0.0,0.0,0.0,0.0,0.0,0.0,1.0,odom,base_link
1786133634.42527,0.0,0.0,0.0,0.0,0.0,0.0,1.0,odom,base_link
1786133634.552758,0.0006411413578754681,0.0,0.0,0.0,0.0,0.0,1.0,odom,base_link
1786133634.7449193,0.008655225818851434,5.4086726360425024e-05,0.0,0.0,0.0,0.0033744217953776837,0.9999943066225662,odom,base_link
1786133634.9366753,0.02500409215607285,0.00014235650500665835,0.0,0.0,0.0,0.0026995392806439425,0.9999963562371976,odom,base_link
1786133635.0486255,0.04007057094270767,0.00024403955056425753,0.0,0.0,0.0,0.003374421795377687,0.9999943066225662,odom,base_link
1786133635.1282673,0.05257209854380534,0.00037903842085324933,0.0,0.0,0.0,0.005399058888326249,0.9999854249753445,odom,base_link
1786133635.1761346,0.060906176952967496,0.0004915362496614809,0.0,0.0,0.0,0.006748805167041566,0.9999772265550938,odom,base_link
1786133635.2395515,0.07244466095546778,0.0007096026070992318,0.0,0.0,0.0,0.009448258378831193,0.9999553642106266,odom,base_link
1786133635.2884285,0.0810977907464632,0.0009081931457733528,0.0,0.0,0.0,0.011472804177770374,0.9999341852163564,odom,base_link
1786133635.3675745,0.09615797024967299,0.001355536191959097,0.0,0.0,0.0,0.01484693856730326,0.9998897781331594,odom,base_link
1786133635.447694,0.11185550338795006,0.0019278677391649864,0.0,0.0,0.0,0.01822090389838615,0.9998339855501641,odom,base_link
1786133635.5590575,0.1352325242022669,0.0030014449948944314,0.0,0.0,0.0,0.022944098195291248,0.999736749528597,odom,base_link
1786133635.639725,0.15380117159454854,0.003954691298713975,0.0,0.0,0.0,0.02564284321809545,0.9996711682306798,odom,base_link
1786133635.7036424,0.16980395618149569,0.004862868566799025,0.0,0.0,0.0,0.028341401368023118,0.9995983018035278,odom,base_link
1786133635.7507663,0.18196416488994976,0.0055859128862149575,0.0,0.0,0.0,0.029690604220035003,0.9995591368303575,odom,base_link
1786133635.8155594,0.19859886597261167,0.006665169415814917,0.0,0.0,0.0,0.03238884518771586,0.9994753437215979,odom,base_link
1786133635.863203,0.21107151182306483,0.0075251243827522555,0.0,0.0,0.0,0.03441237209109488,0.9994077189250962,odom,base_link
1786133635.927283,0.2283346487498988,0.008809054666230862,0.0,0.0,0.0,0.03711018709519056,0.9993111797702255,odom,base_link
1786133635.9910088,0.245912033944863,0.010187948895864751,0.0,0.0,0.0,0.03913337194617337,0.9992339962191651,odom,base_link
1786133636.039496,0.2586928330488667,0.011225287111904897,0.0,0.0,0.0,0.040482073238270036,0.9991802648903406,odom,base_link
1786133636.1026165,0.27625640551440894,0.012770195470452647,0.0,0.0,0.0,0.043853498421905,0.9990379725897109,odom,base_link
1786133636.1826982,0.29732237602421174,0.014737850594654066,0.0,0.0,0.0,0.04655028088001951,0.9989159480907246,odom,base_link
1786133636.3106945,0.32444230881882297,0.017381790386282084,0.0,0.0,0.0,0.048572646174416416,0.9988196524115928,odom,base_link
1786133636.3898501,0.33879413464598473,0.018839650057470153,0.0,0.0,0.0,0.05059481235815891,0.9987192623367404,odom,base_link
1786133636.502308,0.35122716551518846,0.02015348431696168,0.0,0.0,0.0,0.052616771141914126,0.9986147782776897,odom,base_link
1786133636.5662446,0.354414201109803,0.02049896968296168,0.0,0.0,0.0,0.05396462434908858,0.9985428480134749,odom,base_link
1786133636.6302748,0.3553701710194019,0.0206039057286887,0.0,0.0,0.0,0.0546385142371994,0.9985062006627456,odom,base_link
1786133636.6782296,0.3553701710194019,0.0206039057286887,0.0,0.0,0.0,0.0546385142371994,0.9985062006627456,odom,base_link
1786133636.7415092,0.3553701710194019,0.0206039057286887,0.0,0.0,0.0,0.0546385142371994,0.9985062006627456,odom,base_link
1786133636.7898858,0.3553701710194019,0.0206039057286887,0.0,0.0,0.0,0.0546385142371994,0.9985062006627456,odom,base_link
1786133636.8539999,0.3553701710194019,0.0206039057286887,0.0,0.0,0.0,0.0546385142371994,0.9985062006627456,odom,base_link
1786133636.917807,0.3553701710194019,0.0206039057286887,0.0,0.0,0.0,0.0546385142371994,0.9985062006627456,odom,base_link
1786133636.9658654,0.3553701710194019,0.0206039057286887,0.0,0.0,0.0,0.0546385142371994,0.9985062006627456,odom,base_link
1786133637.0139518,0.3553701710194019,0.0206039057286887,0.0,0.0,0.0,0.0546385142371994,0.9985062006627456,odom,base_link
1786133637.061926,0.3553701710194019,0.0206039057286887,0.0,0.0,0.0,0.0546385142371994,0.9985062006627456,odom,base_link
1786133637.1100566,0.3553701710194019,0.0206039057286887,0.0,0.0,0.0,0.0546385142371994,0.9985062006627456,odom,base_link
1786133637.1565912,0.3553701710194019,0.0206039057286887,0.0,0.0,0.0,0.0546385142371994,0.9985062006627456,odom,base_link
1786133637.2050202,0.3553701710194019,0.0206039057286887,0.0,0.0,0.0,0.0546385142371994,0.9985062006627456,odom,base_link
1786133637.252829,0.3553701710194019,0.0206039057286887,0.0,0.0,0.0,0.0546385142371994,0.9985062006627456,odom,base_link
1786133637.3013139,0.3553701710194019,0.0206039057286887,0.0,0.0,0.0,0.0546385142371994,0.9985062006627456,odom,base_link
1786133637.3493953,0.3553701710194019,0.0206039057286887,0.0,0.0,0.0,0.0546385142371994,0.9985062006627456,odom,base_link
1786133637.3975577,0.3553701710194019,0.0206039057286887,0.0,0.0,0.0,0.0546385142371994,0.9985062006627456,odom,base_link
1786133637.4452925,0.3553701710194019,0.0206039057286887,0.0,0.0,0.0,0.0546385142371994,0.9985062006627456,odom,base_link
1786133637.4931538,0.3553701710194019,0.0206039057286887,0.0,0.0,0.0,0.0546385142371994,0.9985062006627456,odom,base_link
1786133637.5408928,0.3553701710194019,0.0206039057286887,0.0,0.0,0.0,0.0546385142371994,0.9985062006627456,odom,base_link
1786133637.5890708,0.3553701710194019,0.0206039057286887,0.0,0.0,0.0,0.0546385142371994,0.9985062006627456,odom,base_link
1786133637.6530254,0.3553701710194019,0.0206039057286887,0.0,0.0,0.0,0.0546385142371994,0.9985062006627456,odom,base_link
1786133637.7011268,0.3553701710194019,0.0206039057286887,0.0,0.0,0.0,0.0546385142371994,0.9985062006627456,odom,base_link
1786133637.7490823,0.3553701710194019,0.0206039057286887,0.0,0.0,0.0,0.0546385142371994,0.9985062006627456,odom,base_link
1786133637.7966387,0.3553701710194019,0.0206039057286887,0.0,0.0,0.0,0.0546385142371994,0.9985062006627456,odom,base_link
1786133637.8449855,0.3553701710194019,0.0206039057286887,0.0,0.0,0.0,0.0546385142371994,0.9985062006627456,odom,base_link
1786133637.8924868,0.3553701710194019,0.0206039057286887,0.0,0.0,0.0,0.0546385142371994,0.9985062006627456,odom,base_link
1786133638.0046368,0.3553701710194019,0.0206039057286887,0.0,0.0,0.0,0.0546385142371994,0.9985062006627456,odom,base_link
1786133638.1798809,0.3556886834041675,0.020640174461028376,0.0,0.0,0.0,0.05666003335641618,0.9983935299369933,odom,base_link
1786133638.3875978,0.3572766653185372,0.020858010281084735,0.0,0.0,0.0,0.06811067774989962,0.9976777714154251,odom,base_link
1786133638.5156984,0.35664405593063203,0.02075376248440469,0.0,0.0,0.0,0.08157043248575865,0.9966675797597142,odom,base_link
1786133638.5799043,0.356327821880134,0.020701211694684564,0.0,0.0,0.0,0.08224305049553304,0.9966123020739756,odom,base_link
1786133638.6438556,0.356327821880134,0.020701211694684564,0.0,0.0,0.0,0.08224305049553304,0.9966123020739756,odom,base_link
1786133638.7078602,0.356327821880134,0.020701211694684564,0.0,0.0,0.0,0.08224305049553304,0.9966123020739756,odom,base_link
1786133638.7551255,0.356327821880134,0.020701211694684564,0.0,0.0,0.0,0.08224305049553304,0.9966123020739756,odom,base_link
1786133638.8190112,0.356327821880134,0.020701211694684564,0.0,0.0,0.0,0.08224305049553304,0.9966123020739756,odom,base_link
1786133638.8672876,0.356327821880134,0.020701211694684564,0.0,0.0,0.0,0.08224305049553304,0.9966123020739756,odom,base_link
1786133638.915117,0.356327821880134,0.020701211694684564,0.0,0.0,0.0,0.08224305049553304,0.9966123020739756,odom,base_link
1786133638.9632576,0.356327821880134,0.020701211694684564,0.0,0.0,0.0,0.08224305049553304,0.9966123020739756,odom,base_link
1786133639.0110822,0.356327821880134,0.020701211694684564,0.0,0.0,0.0,0.08224305049553304,0.9966123020739756,odom,base_link
1786133639.0749989,0.356327821880134,0.020701211694684564,0.0,0.0,0.0,0.08224305049553304,0.9966123020739756,odom,base_link
1786133639.1868742,0.35727715463590703,0.020855021189085336,0.0,0.0,0.0,0.08022508531378068,0.9967767732478504,odom,base_link
1786133639.298725,0.35664244157147756,0.02076445868790006,0.0,0.0,0.0,0.07080369990410683,0.9974902686642558,odom,base_link
1786133639.3946538,0.3569606497872929,0.020803305715871453,0.0,0.0,0.0,0.0607023665208748,0.9981559110172946,odom,base_link
1786133639.5068924,0.3575989314671831,0.02086379321784489,0.0,0.0,0.0,0.04722442425650332,0.9988843044885838,odom,base_link
1786133639.5704432,0.35791811283854374,0.020893606174272186,0.0,0.0,0.0,0.04655028088001949,0.9989159480907246,odom,base_link
1786133639.6346912,0.3582373341598091,0.02092298828182436,0.0,0.0,0.0,0.04587611630125083,0.9989471367160097,odom,base_link
1786133639.6818027,0.3582373341598091,0.02092298828182436,0.0,0.0,0.0,0.04587611630125083,0.9989471367160097,odom,base_link
1786133639.7461183,0.3582373341598091,0.02092298828182436,0.0,0.0,0.0,0.04587611630125083,0.9989471367160097,odom,base_link
1786133639.794388,0.3582373341598091,0.02092298828182436,0.0,0.0,0.0,0.04587611630125083,0.9989471367160097,odom,base_link
1786133639.8575935,0.3582373341598091,0.02092298828182436,0.0,0.0,0.0,0.04587611630125083,0.9989471367160097,odom,base_link
1786133639.9060047,0.3582373341598091,0.02092298828182436,0.0,0.0,0.0,0.04587611630125083,0.9989471367160097,odom,base_link
1786133639.9695797,0.3582373341598091,0.02092298828182436,0.0,0.0,0.0,0.04587611630125083,0.9989471367160097,odom,base_link
1786133640.0659637,0.3582373341598091,0.02092298828182436,0.0,0.0,0.0,0.04587611630125083,0.9989471367160097,odom,base_link
1786133640.2089128,0.3582373341598091,0.02092298828182436,0.0,0.0,0.0,0.04587611630125083,0.9989471367160097,odom,base_link
1786133640.2736294,0.3582373341598091,0.02092298828182436,0.0,0.0,0.0,0.04587611630125083,0.9989471367160097,odom,base_link
1786133640.3377817,0.3582373341598091,0.02092298828182436,0.0,0.0,0.0,0.04587611630125083,0.9989471367160097,odom,base_link
1786133640.3856812,0.3582373341598091,0.02092298828182436,0.0,0.0,0.0,0.04587611630125083,0.9989471367160097,odom,base_link
1786133640.4495373,0.3582373341598091,0.02092298828182436,0.0,0.0,0.0,0.04587611630125083,0.9989471367160097,odom,base_link
1786133640.5136492,0.3582373341598091,0.02092298828182436,0.0,0.0,0.0,0.04587611630125083,0.9989471367160097,odom,base_link
1786133640.5771127,0.3582373341598091,0.02092298828182436,0.0,0.0,0.0,0.04587611630125083,0.9989471367160097,odom,base_link
1786133640.6569314,0.3582373341598091,0.02092298828182436,0.0,0.0,0.0,0.04587611630125083,0.9989471367160097,odom,base_link
1786133640.817152,0.3595148353771517,0.021033621020205603,0.0,0.0,0.0,0.04317925210471308,0.99906734116759,odom,base_link
1786133641.0402632,0.3611132739814882,0.02115250345386103,0.0,0.0,0.0,0.03711018709519055,0.9993111797702255,odom,base_link
1786133641.2154424,0.36335431763228077,0.02126755042156339,0.0,0.0,0.0,0.02564284321809543,0.9996711682306798,odom,base_link
1786133641.2803748,0.3636744886174778,0.021283553559772444,0.0,0.0,0.0,0.02496817371349976,0.9996882465556012,odom,base_link
1786133641.344402,0.3639946377104482,0.02129998884087278,0.0,0.0,0.0,0.025642843218095426,0.9996711682306798,odom,base_link
1786133641.408192,0.3639946377104482,0.02129998884087278,0.0,0.0,0.0,0.025642843218095426,0.9996711682306798,odom,base_link
1786133641.4562485,0.3639946377104482,0.02129998884087278,0.0,0.0,0.0,0.025642843218095426,0.9996711682306798,odom,base_link
1786133641.5196087,0.3639946377104482,0.02129998884087278,0.0,0.0,0.0,0.025642843218095426,0.9996711682306798,odom,base_link
1786133641.5676959,0.3639946377104482,0.02129998884087278,0.0,0.0,0.0,0.025642843218095426,0.9996711682306798,odom,base_link
1786133641.6152596,0.3639946377104482,0.02129998884087278,0.0,0.0,0.0,0.025642843218095426,0.9996711682306798,odom,base_link
1786133641.6635497,0.3639946377104482,0.02129998884087278,0.0,0.0,0.0,0.025642843218095426,0.9996711682306798,odom,base_link
1786133641.7116416,0.3639946377104482,0.02129998884087278,0.0,0.0,0.0,0.025642843218095426,0.9996711682306798,odom,base_link
1786133641.759768,0.3639946377104482,0.02129998884087278,0.0,0.0,0.0,0.025642843218095426,0.9996711682306798,odom,base_link
1786133641.8075013,0.3639946377104482,0.02129998884087278,0.0,0.0,0.0,0.025642843218095426,0.9996711682306798,odom,base_link
1786133641.8553095,0.3639946377104482,0.02129998884087278,0.0,0.0,0.0,0.025642843218095426,0.9996711682306798,odom,base_link
1786133641.951375,0.3639946377104482,0.02129998884087278,0.0,0.0,0.0,0.025642843218095426,0.9996711682306798,odom,base_link
1786133642.1268907,0.3675149774296371,0.021504539678190316,0.0,0.0,0.0,0.029016009401998787,0.9995789469563587,odom,base_link
1786133642.3668165,0.38159407622518027,0.022360753227534173,0.0,0.0,0.0,0.030365185514873588,0.9995388714345467,odom,base_link
1786133642.5584545,0.410083292952693,0.023900406615226605,0.0,0.0,0.0,0.026992146881315664,0.9996356456263139,odom,base_link
1786133642.653735,0.43121313308873765,0.024985135167848845,0.0,0.0,0.0,0.02564284321809544,0.9996711682306798,odom,base_link
1786133642.7019625,0.44274005567669533,0.025545689949678506,0.0,0.0,0.0,0.024293492836634806,0.9997048695519075,odom,base_link
1786133642.7662985,0.4587496703821921,0.026324238257775256,0.0,0.0,0.0,0.024293492836634806,0.9997048695519075,odom,base_link
1786133642.830273,0.47539966967590874,0.027133928498195875,0.0,0.0,0.0,0.024293492836634806,0.9997048695519075,odom,base_link
1786133642.8779566,0.48788633809859444,0.027758050888348925,0.0,0.0,0.0,0.024968173713499773,0.9996882465556012,odom,base_link
1786133642.9421782,0.5048542400260242,0.028629120786666785,0.0,0.0,0.0,0.02564284321809544,0.9996711682306798,odom,base_link
1786133642.9902182,0.5176602037448391,0.029286532030680264,0.0,0.0,0.0,0.02564284321809544,0.9996711682306798,odom,base_link
1786133643.0534139,0.53558855295118,0.030206907772299136,0.0,0.0,0.0,0.02564284321809544,0.9996711682306798,odom,base_link
1786133643.1019146,0.5487137442674391,0.0308984709282866,0.0,0.0,0.0,0.026317501043129674,0.9996536345849221,odom,base_link
1786133643.1656787,0.5663194399979246,0.03184994212292799,0.0,0.0,0.0,0.02699214688131567,0.9996356456263139,odom,base_link
1786133643.2455096,0.5884049542579165,0.03307341748360483,0.0,0.0,0.0,0.027666780425372066,0.9996172013630489,odom,base_link
1786133643.3732173,0.619450356356594,0.034835281383689826,0.0,0.0,0.0,0.028341401368023118,0.9995983018035278,odom,base_link
1786133643.5975533,0.6520741284986105,0.03704036176553669,0.0,0.0,0.0,0.03373787838750757,0.9994307157386698,odom,base_link
1786133643.6770208,0.653992816767294,0.03717525244209181,0.0,0.0,0.0,0.035086850120858125,0.9993842669106796,odom,base_link
1786133643.7411785,0.653992816767294,0.03717525244209181,0.0,0.0,0.0,0.035086850120858125,0.9993842669106796,odom,base_link
1786133643.78836,0.653992816767294,0.03717525244209181,0.0,0.0,0.0,0.035086850120858125,0.9993842669106796,odom,base_link
1786133643.852698,0.653992816767294,0.03717525244209181,0.0,0.0,0.0,0.035086850120858125,0.9993842669106796,odom,base_link
1786133643.9007978,0.653992816767294,0.03717525244209181,0.0,0.0,0.0,0.035086850120858125,0.9993842669106796,odom,base_link
1786133644.0287023,0.6546324985740003,0.037218489312324105,0.0,0.0,0.0,0.03373787838750757,0.9994307157386698,odom,base_link
1786133644.20354,0.6552727967599411,0.03725135987452478,0.0,0.0,0.0,0.02564284321809545,0.9996711682306798,odom,base_link
1786133644.3164406,0.6562341224787636,0.037278616141360556,0.0,0.0,0.0,0.01417212398464351,0.9998995704078305,odom,base_link
1786133644.3961256,0.6568752352187884,0.03728467381056712,0.0,0.0,0.0,0.0047241819066068625,0.9999888409903949,odom,base_link
1786133644.4921255,0.6575163292698346,0.03727688545440825,0.0,0.0,0.0,-0.006073933410932987,0.999981553496323,odom,base_link
1786133644.5561879,0.6578368707471101,0.037272558614838705,0.0,0.0,0.0,-0.006748805167041569,0.9999772265550938,odom,base_link
1786133644.6196465,0.6581574060921491,0.03726779912166204,0.0,0.0,0.0,-0.007423673849267748,0.9999724441536275,odom,base_link
1786133644.6678655,0.6584779475694246,0.037263472282092494,0.0,0.0,0.0,-0.006748805167041569,0.9999772265550938,odom,base_link
1786133644.7319303,0.6584779475694246,0.037263472282092494,0.0,0.0,0.0,-0.006748805167041569,0.9999772265550938,odom,base_link
1786133644.7797256,0.6584779475694246,0.037263472282092494,0.0,0.0,0.0,-0.006748805167041569,0.9999772265550938,odom,base_link
1786133644.843668,0.6584779475694246,0.037263472282092494,0.0,0.0,0.0,-0.006748805167041569,0.9999772265550938,odom,base_link
1786133644.8914647,0.6584779475694246,0.037263472282092494,0.0,0.0,0.0,-0.006748805167041569,0.9999772265550938,odom,base_link
1786133644.9553373,0.6584779475694246,0.037263472282092494,0.0,0.0,0.0,-0.006748805167041569,0.9999772265550938,odom,base_link
1786133645.0833294,0.6610422793876283,0.037228857565536115,0.0,0.0,0.0,-0.006748805167041569,0.9999772265550938,odom,base_link
1786133645.2591472,0.6709797441192384,0.037161790024849185,0.0,0.0,0.0,-0.003374421795377687,0.9999943066225662,odom,base_link
1786133645.4029517,0.6911750345921801,0.03699823231064025,0.0,0.0,0.0,-0.004049302773161483,0.9999918015399183,odom,base_link
1786133645.466651,0.7030358795944245,0.03691818395562682,0.0,0.0,0.0,-0.0033744217953776906,0.9999943066225662,odom,base_link
1786133645.530833,0.7161788464101484,0.036811741633681325,0.0,0.0,0.0,-0.004049302773161485,0.9999918015399183,odom,base_link
1786133645.5786598,0.7264367717297379,0.03672866469947996,0.0,0.0,0.0,-0.004049302773161485,0.9999918015399183,odom,base_link
1786133645.6582983,0.7431059003740706,0.036593664681402745,0.0,0.0,0.0,-0.004049302773161485,0.9999918015399183,odom,base_link
1786133645.7225492,0.7572105476885062,0.03647943389687587,0.0,0.0,0.0,-0.004049302773161485,0.9999918015399183,odom,base_link
1786133645.7864287,0.7716358997182629,0.036382077789427106,0.0,0.0,0.0,-0.003374421795377689,0.9999943066225662,odom,base_link
1786133645.8502855,0.7860613700158111,0.03630419269062161,0.0,0.0,0.0,-0.0026995392806439407,0.9999963562371976,odom,base_link
1786133645.8982267,0.7969607333848545,0.036274769323861096,0.0,0.0,0.0,-0.0013497708698837546,0.9999990890588845,odom,base_link
1786133645.9620628,0.811386400796107,0.03625529796047349,0.0,0.0,0.0,-0.0006748855886371522,0.9999997722646952,odom,base_link
1786133646.025599,0.8258120813483051,0.03625529796047349,0.0,0.0,0.0,6.505213034913027e-19,1.0,odom,base_link
1786133646.1380925,0.8514576422166426,0.0363245294116747,0.0,0.0,0.0,0.0013497708698837524,0.9999990890588845,odom,base_link
1786133646.329723,0.882552743139569,0.036450443922378735,0.0,0.0,0.0,0.002024655536349394,0.9999979503828791,odom,base_link
1786133646.4086058,0.8883228839514717,0.03648938636535824,0.0,0.0,0.0,0.003374421795377687,0.9999943066225662,odom,base_link
1786133646.4574442,0.8889639966914966,0.036495444034564804,0.0,0.0,0.0,0.004724181906606871,0.9999888409903949,odom,base_link
1786133646.5212946,0.8889639966914966,0.036495444034564804,0.0,0.0,0.0,0.004724181906606871,0.9999888409903949,odom,base_link
1786133646.585449,0.8889639966914966,0.036495444034564804,0.0,0.0,0.0,0.004724181906606871,0.9999888409903949,odom,base_link
1786133646.633242,0.8889639966914966,0.036495444034564804,0.0,0.0,0.0,0.004724181906606871,0.9999888409903949,odom,base_link
1786133646.696646,0.8889639966914966,0.036495444034564804,0.0,0.0,0.0,0.004724181906606871,0.9999888409903949,odom,base_link
1786133646.7454178,0.8889639966914966,0.036495444034564804,0.0,0.0,0.0,0.004724181906606871,0.9999888409903949,odom,base_link
1786133646.792889,0.8889639966914966,0.036495444034564804,0.0,0.0,0.0,0.004724181906606871,0.9999888409903949,odom,base_link
1786133646.8410344,0.8889639966914966,0.036495444034564804,0.0,0.0,0.0,0.004724181906606871,0.9999888409903949,odom,base_link
1786133646.9207864,0.8889639966914966,0.036495444034564804,0.0,0.0,0.0,0.004724181906606871,0.9999888409903949,odom,base_link
1786133647.0479856,0.8892845626981088,0.03649717481453826,0.0,0.0,0.0,0.0026995392806439403,0.9999963562371976,odom,base_link
1786133647.1287148,0.8896051330850255,0.036497607511502425,0.0,0.0,0.0,0.0006748855886371527,0.9999997722646952,odom,base_link
1786133647.2079382,0.8896051330850255,0.036497607511502425,0.0,0.0,0.0,0.0006748855886371527,0.9999997722646952,odom,base_link
1786133647.2562435,0.8896051330850255,0.036497607511502425,0.0,0.0,0.0,0.0006748855886371527,0.9999997722646952,odom,base_link
1786133647.319832,0.8896051330850255,0.036497607511502425,0.0,0.0,0.0,0.0006748855886371527,0.9999997722646952,odom,base_link
1786133647.4477775,0.8892845635741713,0.03649847290464244,0.0,0.0,0.0,-0.0013497708698837492,0.9999990890588845,odom,base_link
1786133647.6241755,0.8896050288392855,0.03649025256098212,0.0,0.0,0.0,-0.01282247576172732,0.9999177886783193,odom,base_link
1786133647.7194235,0.8899251779322559,0.03647381727988178,0.0,0.0,0.0,-0.025642843218095457,0.9996711682306798,odom,base_link
1786133647.7838473,0.8902448656531232,0.0364500407931507,0.0,0.0,0.0,-0.03711018709519058,0.9993111797702255,odom,base_link
1786133647.8469481,0.8912017843551239,0.03635414168203519,0.0,0.0,0.0,-0.049920779598688514,0.998753180602825,odom,base_link
1786133647.8957038,0.8918382007867546,0.036276447626092403,0.0,0.0,0.0,-0.06070236652087483,0.9981559110172946,odom,base_link
1786133647.9749444,0.8927883501324971,0.03612776587692184,0.0,0.0,0.0,-0.07753395493918294,0.9969897119988194,odom,base_link
1786133648.023295,0.8927883501324971,0.03612776587692184,0.0,0.0,0.0,-0.08426067854375668,0.9964437455528263,odom,base_link
1786133648.087341,0.8934200945199333,0.036018398287018624,0.0,0.0,0.0,-0.08560557252846523,0.9963291052418742,odom,base_link
1786133648.1512735,0.8937358926153169,0.03596328818679505,0.0,0.0,0.0,-0.08627796118772156,0.9962711043753553,odom,base_link
1786133648.198656,0.8937358926153169,0.03596328818679505,0.0,0.0,0.0,-0.08627796118772156,0.9962711043753553,odom,base_link
1786133648.2629683,0.8937358926153169,0.03596328818679505,0.0,0.0,0.0,-0.08627796118772156,0.9962711043753553,odom,base_link
1786133648.310957,0.8937358926153169,0.03596328818679505,0.0,0.0,0.0,-0.08627796118772156,0.9962711043753553,odom,base_link
1786133648.3748887,0.8937358926153169,0.03596328818679505,0.0,0.0,0.0,-0.08627796118772156,0.9962711043753553,odom,base_link
1786133648.4226146,0.8937358926153169,0.03596328818679505,0.0,0.0,0.0,-0.08627796118772156,0.9962711043753553,odom,base_link
1786133648.4708922,0.8937358926153169,0.03596328818679505,0.0,0.0,0.0,-0.08627796118772156,0.9962711043753553,odom,base_link
1786133648.5187793,0.8937358926153169,0.03596328818679505,0.0,0.0,0.0,-0.08627796118772156,0.9962711043753553,odom,base_link
1786133648.5665927,0.8937358926153169,0.03596328818679505,0.0,0.0,0.0,-0.08627796118772156,0.9962711043753553,odom,base_link
1786133648.6141376,0.8937358926153169,0.03596328818679505,0.0,0.0,0.0,-0.08627796118772156,0.9962711043753553,odom,base_link
1786133648.694653,0.8940516160370192,0.035907751881703615,0.0,0.0,0.0,-0.08695031054990233,0.996212649736629,odom,base_link
1786133648.8059728,0.8962622027047048,0.03552198118013858,0.0,0.0,0.0,-0.08627796118772157,0.9962711043753553,odom,base_link
1786133648.9653134,0.899421659870411,0.03497940727961655,0.0,0.0,0.0,-0.0849331448783866,0.9963866523097682,odom,base_link
1786133649.110101,0.9063756626469028,0.03380451302108494,0.0,0.0,0.0,-0.08358817383086414,0.9965003849450442,odom,base_link
1786133649.2211018,0.9145940295645749,0.032416001624638494,0.0,0.0,0.0,-0.08358817383086414,0.9965003849450442,odom,base_link
1786133649.2858279,0.9199663468492981,0.03150087655750069,0.0,0.0,0.0,-0.08426067854375668,0.9964437455528263,odom,base_link
1786133649.3337688,0.9240736411647162,0.030795530486822053,0.0,0.0,0.0,-0.08493314487838659,0.9963866523097682,odom,base_link
1786133649.397535,0.9300752128453603,0.029756538382741525,0.0,0.0,0.0,-0.08560557252846522,0.9963291052418742,odom,base_link
1786133649.4457166,0.9344974235574138,0.02899096525341903,0.0,0.0,0.0,-0.08560557252846522,0.9963291052418742,odom,base_link
1786133649.509272,0.9404975873697033,0.027943873349171075,0.0,0.0,0.0,-0.08627796118772155,0.9962711043753553,odom,base_link
1786133649.573378,0.9468135492773766,0.026841671344699544,0.0,0.0,0.0,-0.08627796118772155,0.9962711043753553,odom,base_link
1786133649.621488,0.9518663188035151,0.02595990974112232,0.0,0.0,0.0,-0.08627796118772155,0.9962711043753553,odom,base_link
1786133649.685334,0.9584996348715954,0.024811550047138576,0.0,0.0,0.0,-0.08560557252846522,0.9963291052418742,odom,base_link
1786133649.7325246,0.9635535899710851,0.023936609327912868,0.0,0.0,0.0,-0.08560557252846522,0.9963291052418742,odom,base_link
1786133649.8291109,0.9739797986179156,0.02214611545619018,0.0,0.0,0.0,-0.08493314487838659,0.9963866523097682,odom,base_link
1786133649.924317,0.9840900615481755,0.020409878974519697,0.0,0.0,0.0,-0.08493314487838659,0.9963866523097682,odom,base_link
1786133650.0528884,0.997678864091887,0.01809515086352408,0.0,0.0,0.0,-0.08426067854375668,0.9964437455528263,odom,base_link
1786133650.1958954,1.015055878503271,0.015110994410652934,0.0,0.0,0.0,-0.0849331448783866,0.9963866523097682,odom,base_link
1786133650.3239872,1.0337009796678984,0.01193497211882174,0.0,0.0,0.0,-0.0842606785437567,0.9964437455528263,odom,base_link
1786133650.4035635,1.046660712114997,0.009745396455194653,0.0,0.0,0.0,-0.08358817383086416,0.9965003849450442,odom,base_link
1786133650.4680781,1.0570940855347721,0.00799713613835167,0.0,0.0,0.0,-0.08291563104601514,0.9965565704606242,odom,base_link
1786133650.547704,1.0706921497061874,0.005737452180386266,0.0,0.0,0.0,-0.0822430504955331,0.9966123020739756,odom,base_link
1786133650.6596382,1.0896746353744218,0.0026356374606072877,0.0,0.0,0.0,-0.08089777732304972,0.9967224034926627,odom,base_link
1786133650.7713318,1.1099314780104073,-0.0006182926213086836,0.0,0.0,0.0,-0.07955235676434327,0.9968306890005136,odom,base_link
1786133650.8515499,1.1244973441838246,-0.0029177421184425887,0.0,0.0,0.0,-0.07820679127061163,0.9969371584002449,odom,base_link
1786133650.9633858,1.1460385919579685,-0.006258789061059243,0.0,0.0,0.0,-0.07686108329331662,0.9970418114978818,odom,base_link
1786133651.0595658,1.1653743361471416,-0.009177632348213291,0.0,0.0,0.0,-0.07484225953390336,0.9971953851617344,odom,base_link
1786133651.123419,1.1783731282807277,-0.011121934216479362,0.0,0.0,0.0,-0.07416924969517745,0.9972456680275199,odom,base_link
1786133651.187063,1.1916942923419516,-0.013077704202247159,0.0,0.0,0.0,-0.07282312897853707,0.9973448710881183,odom,base_link
1786133651.234346,1.2018477363038276,-0.0145404103765395,0.0,0.0,0.0,-0.07147687558673202,0.997442257103818,odom,base_link
1786133651.2990801,1.215808721751407,-0.016551631366191467,0.0,0.0,0.0,-0.07147687558673202,0.997442257103818,odom,base_link
1786133651.3629425,1.2297750856985308,-0.018525156798818963,0.0,0.0,0.0,-0.07013049197247741,0.9975378258971929,odom,base_link
1786133651.4108634,1.240571353486229,-0.02002101422560353,0.0,0.0,0.0,-0.06878398058872562,0.9976315772941281,odom,base_link
1786133651.474849,1.2545481690532823,-0.02191910567264287,0.0,0.0,0.0,-0.06743734388866181,0.9977235111238195,odom,base_link
1786133651.5227854,1.2650326926709379,-0.023328523837255612,0.0,0.0,0.0,-0.06676397931169582,0.997768796398478,odom,base_link
1786133651.5868483,1.2787016692566457,-0.02510970319352043,0.0,0.0,0.0,-0.06474370435347591,0.9979019254148124,odom,base_link
1786133651.6346579,1.2895134598347033,-0.026488895740332384,0.0,0.0,0.0,-0.06339670642584783,0.9979884055510639,odom,base_link
1786133651.6987298,1.303194145963169,-0.02817778527319747,0.0,0.0,0.0,-0.06137599373636147,0.9981147165495928,odom,base_link
1786133651.7469099,1.3133784775002295,-0.02940714477411823,0.0,0.0,0.0,-0.06002871165724435,0.9981966508543151,odom,base_link
1786133651.8102112,1.3264334234281205,-0.030929410686159987,0.0,0.0,0.0,-0.05800758424585158,0.9983161423967662,odom,base_link
1786133651.8743703,1.3404522252823046,-0.03248739627976287,0.0,0.0,0.0,-0.05531237923907286,0.9984690985217884,odom,base_link
1786133651.9223075,1.350650739185071,-0.03359294945096287,0.0,0.0,0.0,-0.053964624349088615,0.9985428480134749,odom,base_link
1786133651.9861243,1.3643608954799995,-0.035023031675329365,0.0,0.0,0.0,-0.05194280843675805,0.9986500611584131,odom,base_link
1786133652.0340292,1.373928779364774,-0.035994938122788075,0.0,0.0,0.0,-0.050594812358158936,0.9987192623367402,odom,base_link
1786133652.0980535,1.3873274411746042,-0.03731944176154366,0.0,0.0,0.0,-0.04924672410177021,0.9987866439661897,odom,base_link
1786133652.1457682,1.3969004329873789,-0.038239676474911374,0.0,0.0,0.0,-0.0478985461236499,0.9988522059239998,odom,base_link
1786133652.2092202,1.4103093819500072,-0.03945562709105659,0.0,0.0,0.0,-0.04520193082725957,0.9989778703502333,odom,base_link
1786133652.2580314,1.4198895123857576,-0.04029830437753718,0.0,0.0,0.0,-0.04385349842190502,0.9990379725897109,odom,base_link
1786133652.3379211,1.4365027158660624,-0.04166926932537088,0.0,0.0,0.0,-0.04115639638029791,0.9991527165738918,odom,base_link
1786133652.401944,1.4499240128779347,-0.04274035975217066,0.0,0.0,0.0,-0.03980773165784762,0.9992073581095452,odom,base_link
1786133652.4497693,1.4601519287320526,-0.04352882086113796,0.0,0.0,0.0,-0.03845899441039837,0.9992601792070677,odom,base_link
1786133652.5135863,1.4732604291529037,-0.04448596421699778,0.0,0.0,0.0,-0.036435757930099906,0.9993359973222515,odom,base_link
1786133652.561545,1.4828538704963217,-0.045160417599773406,0.0,0.0,0.0,-0.03508685012085813,0.9993842669106796,odom,base_link
1786133652.6255195,1.4956475066304458,-0.046025155004419234,0.0,0.0,0.0,-0.033737878387507574,0.9994307157386698,odom,base_link
1786133652.6736767,1.505563470180302,-0.04668194281256834,0.0,0.0,0.0,-0.03306336931730822,0.999453257340926,odom,base_link
1786133652.736334,1.5180416356541664,-0.0474577027386064,0.0,0.0,0.0,-0.03103975297926265,0.9995181507781569,odom,base_link
1786133652.801147,1.5311629018802342,-0.04822011949588085,0.0,0.0,0.0,-0.029016009401998815,0.9995789469563587,odom,base_link
1786133652.8490353,1.5407652993845784,-0.04875206530487078,0.0,0.0,0.0,-0.027666780425372076,0.9996172013630489,odom,base_link
1786133652.9126384,1.5535703640833678,-0.04942676106680977,0.0,0.0,0.0,-0.026317501043129687,0.9996536345849221,odom,base_link
1786133652.960861,1.5634963252007759,-0.04990946101782976,0.0,0.0,0.0,-0.02429349283663482,0.9997048695519075,odom,base_link
1786133653.0238056,1.576305651674374,-0.0504977225278185,0.0,0.0,0.0,-0.02294409819529125,0.999736749528597,odom,base_link
1786133653.0717773,1.5859138025502524,-0.05091298259271544,0.0,0.0,0.0,-0.021594661752502877,0.999766808102667,odom,base_link
1786133653.1368518,1.5987261183861357,-0.05143207722082741,0.0,0.0,0.0,-0.02024518596678397,0.9997950452193541,odom,base_link
1786133653.1848001,1.6083363712365224,-0.05179545626091188,0.0,0.0,0.0,-0.018895673296720487,0.9998214608272137,odom,base_link
1786133653.2486281,1.6217920495409788,-0.05226786450624314,0.0,0.0,0.0,-0.017546126200965587,0.9998460548781196,odom,base_link
1786133653.3124704,1.634929114241406,-0.05267583232839464,0.0,0.0,0.0,-0.01552174638761884,0.9998795304380815,odom,base_link
1786133653.3605773,1.6451832552421792,-0.05296656584130965,0.0,0.0,0.0,-0.014172123984643504,0.9998995704078305,odom,base_link
1786133653.4244053,1.6580018658467468,-0.053295379587722395,0.0,0.0,0.0,-0.012822475761727306,0.9999177886783193,odom,base_link
1786133653.4724844,1.6676164545034085,-0.05351603574180475,0.0,0.0,0.0,-0.01147280417777036,0.9999341852163564,odom,base_link
1786133653.5364263,1.6804366535611905,-0.053775636262228456,0.0,0.0,0.0,-0.01012311169171534,0.9999487599920693,odom,base_link
1786133653.5842736,1.6900522934205553,-0.05394437946989758,0.0,0.0,0.0,-0.00877340076254301,0.9999615129789045,odom,base_link
1786133653.6480873,1.7025534110342986,-0.05411312621310993,0.0,0.0,0.0,-0.006748805167041547,0.9999772265550938,odom,base_link
1786133653.6961565,1.7124903688255135,-0.05423384573357243,0.0,0.0,0.0,-0.006073933410932964,0.999981553496323,odom,base_link
1786133653.7596743,1.7249922153087631,-0.05433509574713034,0.0,0.0,0.0,-0.0040493027731614605,0.9999918015399183,odom,base_link
1786133653.8239396,1.7378148555732504,-0.05440432694606856,0.0,0.0,0.0,-0.0026995392806439195,0.9999963562371976,odom,base_link
1786133653.8718355,1.747431940898877,-0.05443028874026901,0.0,0.0,0.0,-0.0013497708698837314,0.9999990890588845,odom,base_link
1786133653.9516191,1.7637810306316297,-0.05440822119509639,0.0,0.0,0.0,0.0006748855886371696,0.9999997722646952,odom,base_link
1786133654.0313427,1.780129896968851,-0.05431995141645016,0.0,0.0,0.0,0.0026995392806439564,0.9999963562371976,odom,base_link
1786133654.1272097,1.8000041203346986,-0.05410533782778561,0.0,0.0,0.0,0.0053990588883262676,0.9999854249753445,odom,base_link
1786133654.190367,1.8134668623802683,-0.053923610565864616,0.0,0.0,0.0,0.006748805167041583,0.9999772265550938,odom,base_link
1786133654.2392988,1.8230827212450176,-0.05376784642248809,0.0,0.0,0.0,0.008098539150228687,0.9999672062941025,odom,base_link
1786133654.3032036,1.8368644352321333,-0.053488775863032606,0.0,0.0,0.0,0.010123111691715377,0.9999487599920693,odom,base_link
1786133654.35066,1.8467998088901727,-0.05327417478627026,0.0,0.0,0.0,0.010797960393819687,0.9999417003262407,odom,base_link
1786133654.4307554,1.8634634105258296,-0.052824224461980276,0.0,0.0,0.0,0.013497302946997842,0.9999089072576346,odom,base_link
1786133654.606969,1.8967852694357388,-0.05174440139642941,0.0,0.0,0.0,0.01619654713823517,0.9998688273272645,odom,base_link
1786133654.7665365,1.914083724566435,-0.05109031912427737,0.0,0.0,0.0,0.018895673296720514,0.9998214608272137,odom,base_link
1786133654.8301764,1.9160057751365125,-0.05101764331626048,0.0,0.0,0.0,0.01889567329672051,0.9998214608272137,odom,base_link
1786133654.894037,1.9160057751365125,-0.05101764331626048,0.0,0.0,0.0,0.018895673296720508,0.9998214608272137,odom,base_link
1786133654.9585173,1.9160057751365125,-0.05101764331626048,0.0,0.0,0.0,0.018895673296720504,0.9998214608272137,odom,base_link
1786133655.0066059,1.9160057751365125,-0.05101764331626048,0.0,0.0,0.0,0.0188956732967205,0.9998214608272137,odom,base_link
1786133655.0691452,1.9160057751365125,-0.05101764331626048,0.0,0.0,0.0,0.018895673296720497,0.9998214608272137,odom,base_link
1786133655.1502762,1.9160057751365125,-0.05101764331626048,0.0,0.0,0.0,0.018895673296720494,0.9998214608272137,odom,base_link
1786133655.2447572,1.9166465217224389,-0.050995147685530415,0.0,0.0,0.0,0.017546126200965594,0.9998460548781196,odom,base_link
1786133655.4044096,1.9176082258746943,-0.05099125342231276,0.0,0.0,0.0,0.0020246555363493883,0.9999979503828791,odom,base_link
1786133655.5004163,1.9182491564049227,-0.0510076941096334,0.0,0.0,0.0,-0.01282247576172732,0.9999177886783193,odom,base_link
1786133655.565478,1.9192096036838338,-0.05105699995293441,0.0,0.0,0.0,-0.025642843218095457,0.9996711682306798,odom,base_link
1786133655.6288764,1.9195291583745926,-0.051082502105953456,0.0,0.0,0.0,-0.03980773165784762,0.9992073581095452,odom,base_link
1786133655.6934984,1.9208037849207245,-0.05122241683358948,0.0,0.0,0.0,-0.05463851423719941,0.9985062006627456,odom,base_link
1786133655.7416255,1.9217570955078567,-0.05134925912233058,0.0,0.0,0.0,-0.06609058432569945,0.9978136272187745,odom,base_link
1786133655.8055336,1.923021459649037,-0.051562876260245416,0.0,0.0,0.0,-0.08358817383086414,0.9965003849450442,odom,base_link
1786133655.8691669,1.9239637876762021,-0.05175499062975012,0.0,0.0,0.0,-0.10038857394079154,0.9949483073115579,odom,base_link
1786133655.9330113,1.9245871257538882,-0.051905030230139655,0.0,0.0,0.0,-0.11783060817306652,0.9930337092856241,odom,base_link
1786133656.013104,1.925511900078562,-0.052169004642110973,0.0,0.0,0.0,-0.13857901577594783,0.9903513802618592,odom,base_link
1786133656.1250587,1.926423176597049,-0.05247635647406564,0.0,0.0,0.0,-0.16193126945364555,0.9868020388979397,odom,base_link
1786133656.188683,1.9279384791102985,-0.05299884790768435,0.0,0.0,0.0,-0.16526023382559057,0.9862499962564821,odom,base_link
1786133656.2358675,1.9282408274726393,-0.05310538911090833,0.0,0.0,0.0,-0.16858731641976366,0.9856867234280791,odom,base_link
1786133656.3004205,1.9276372900058878,-0.05288904501691557,0.0,0.0,0.0,-0.17124760215587448,0.9852280237365679,odom,base_link
1786133656.3642225,1.9276372900058878,-0.05288904501691557,0.0,0.0,0.0,-0.1712476021558745,0.9852280237365679,odom,base_link
1786133656.4124722,1.9276372900058878,-0.05288904501691557,0.0,0.0,0.0,-0.1712476021558745,0.9852280237365679,odom,base_link
1786133656.4763541,1.9276372900058878,-0.05288904501691557,0.0,0.0,0.0,-0.1712476021558745,0.9852280237365679,odom,base_link
1786133656.5243163,1.9276372900058878,-0.05288904501691557,0.0,0.0,0.0,-0.1712476021558745,0.9852280237365679,odom,base_link
1786133656.572234,1.9276372900058878,-0.05288904501691557,0.0,0.0,0.0,-0.1712476021558745,0.9852280237365679,odom,base_link
1786133656.6202614,1.9276372900058878,-0.05288904501691557,0.0,0.0,0.0,-0.1712476021558745,0.9852280237365679,odom,base_link
1786133656.6681838,1.9276372900058878,-0.05288904501691557,0.0,0.0,0.0,-0.1712476021558745,0.9852280237365679,odom,base_link
1786133656.7161143,1.9276372900058878,-0.05288904501691557,0.0,0.0,0.0,-0.1712476021558745,0.9852280237365679,odom,base_link
1786133656.76376,1.9276372900058878,-0.05288904501691557,0.0,0.0,0.0,-0.1712476021558745,0.9852280237365679,odom,base_link
1786133656.8114643,1.9276372900058878,-0.05288904501691557,0.0,0.0,0.0,-0.1712476021558745,0.9852280237365679,odom,base_link
1786133656.8760738,1.9276372900058878,-0.05288904501691557,0.0,0.0,0.0,-0.1712476021558745,0.9852280237365679,odom,base_link
1786133656.9556835,1.9276372900058878,-0.05288904501691557,0.0,0.0,0.0,-0.1712476021558745,0.9852280237365679,odom,base_link
1786133657.0515013,1.9276372900058878,-0.05288904501691557,0.0,0.0,0.0,-0.1712476021558745,0.9852280237365679,odom,base_link
1786133657.1153216,1.9276372900058878,-0.05288904501691557,0.0,0.0,0.0,-0.1712476021558745,0.9852280237365679,odom,base_link
1786133657.1947005,1.9273356675548836,-0.0527804657498118,0.0,0.0,0.0,-0.17191247935149093,0.98511222682658,odom,base_link
1786133657.2750285,1.9273356675548836,-0.0527804657498118,0.0,0.0,0.0,-0.17191247935149093,0.98511222682658,odom,base_link
1786133657.3552485,1.9273356675548836,-0.0527804657498118,0.0,0.0,0.0,-0.17191247935149093,0.98511222682658,odom,base_link
1786133657.4505775,1.9273356675548836,-0.0527804657498118,0.0,0.0,0.0,-0.17191247935149093,0.98511222682658,odom,base_link
1786133657.5953503,1.9279365324186595,-0.0530041254383073,0.0,0.0,0.0,-0.1772286526471127,0.9841697031919288,odom,base_link
1786133657.754592,1.9276387449106784,-0.05288543188210048,0.0,0.0,0.0,-0.18850817466409864,0.9820716206493342,odom,base_link
1786133657.8346746,1.928229728003849,-0.05313403040254075,0.0,0.0,0.0,-0.19777862687133158,0.980246711166577,odom,base_link
1786133657.8983676,1.9288152048835896,-0.05339533303181883,0.0,0.0,0.0,-0.2083517616052571,0.9780539573234117,odom,base_link
1786133657.9620795,1.9291052382651555,-0.05353188411300114,0.0,0.0,0.0,-0.2182420351098492,0.9758946736769862,odom,base_link
1786133658.010284,1.929393212313187,-0.053672726251066935,0.0,0.0,0.0,-0.2254807450344732,0.9742476243844267,odom,base_link
1786133658.0899858,1.929962147334486,-0.05396831918453787,0.0,0.0,0.0,-0.23729891993996366,0.9714366796633359,odom,base_link
1786133658.1539838,1.930243564375205,-0.054121844457335526,0.0,0.0,0.0,-0.2471207227510851,0.9689846997692901,odom,base_link
1786133658.2169042,1.930523938894934,-0.054277265462612335,0.0,0.0,0.0,-0.2503890788898277,0.968145293420726,odom,base_link
1786133658.2820692,1.9308041033765129,-0.054433064767669154,0.0,0.0,0.0,-0.251042409173631,0.9679760889589676,odom,base_link
1786133658.3298771,1.9308041033765129,-0.054433064767669154,0.0,0.0,0.0,-0.251042409173631,0.9679760889589676,odom,base_link
1786133658.394034,1.9308041033765129,-0.054433064767669154,0.0,0.0,0.0,-0.251042409173631,0.9679760889589676,odom,base_link
1786133658.4417057,1.9308041033765129,-0.054433064767669154,0.0,0.0,0.0,-0.251042409173631,0.9679760889589676,odom,base_link
1786133658.521512,1.9308041033765129,-0.054433064767669154,0.0,0.0,0.0,-0.251042409173631,0.9679760889589676,odom,base_link
1786133658.601909,1.9313635891252772,-0.054746174872437485,0.0,0.0,0.0,-0.2523487264163996,0.9676363574587413,odom,base_link
1786133658.6656153,1.931641409583893,-0.05490611658985079,0.0,0.0,0.0,-0.258221430265892,0.9660857585905286,odom,base_link
1786133658.729491,1.9319172666285915,-0.0550694213695871,0.0,0.0,0.0,-0.2640846075502587,0.9644995179133196,odom,base_link
1786133658.7776725,1.9327374728181548,-0.05557156860731096,0.0,0.0,0.0,-0.27123746032414814,0.9625124623177126,odom,base_link
1786133658.8413808,1.9330069624696102,-0.05574517992017114,0.0,0.0,0.0,-0.2822623258882156,0.9593372605002762,odom,base_link
1786133658.88912,1.933804721344455,-0.05628227471567556,0.0,0.0,0.0,-0.29195934100246707,0.9564307310001102,odom,base_link
1786133658.984798,1.9353523683172644,-0.057424355717426045,0.0,0.0,0.0,-0.312545056575441,0.9499029358888488,odom,base_link
1786133659.049028,1.9356074549808977,-0.057618511207255974,0.0,0.0,0.0,-0.31958821371637824,0.9475565279462617,odom,base_link
1786133659.0969405,1.9366235937361604,-0.05840063075896581,0.0,0.0,0.0,-0.32214501528055456,0.9466903343384738,odom,base_link
1786133659.160622,1.9368763030466132,-0.058597870624624626,0.0,0.0,0.0,-0.32533771368505926,0.9455978913122525,odom,base_link
1786133659.2079382,1.9368763030466132,-0.058597870624624626,0.0,0.0,0.0,-0.32533771368505926,0.9455978913122525,odom,base_link
1786133659.2722836,1.9368763030466132,-0.058597870624624626,0.0,0.0,0.0,-0.32533771368505926,0.9455978913122525,odom,base_link
1786133659.3364792,1.9368763030466132,-0.058597870624624626,0.0,0.0,0.0,-0.32533771368505926,0.9455978913122525,odom,base_link
1786133659.3845797,1.9368763030466132,-0.058597870624624626,0.0,0.0,0.0,-0.32533771368505926,0.9455978913122525,odom,base_link
1786133659.4485567,1.9368763030466132,-0.058597870624624626,0.0,0.0,0.0,-0.32533771368505926,0.9455978913122525,odom,base_link
1786133659.4965284,1.9368763030466132,-0.058597870624624626,0.0,0.0,0.0,-0.32533771368505926,0.9455978913122525,odom,base_link
1786133659.592697,1.9368763030466132,-0.058597870624624626,0.0,0.0,0.0,-0.32533771368505926,0.9455978913122525,odom,base_link
1786133659.6727386,1.9371292783554876,-0.05879476921094374,0.0,0.0,0.0,-0.32469946920468357,0.9458172417006346,odom,base_link
1786133659.7358856,1.9371292783554876,-0.05879476921094374,0.0,0.0,0.0,-0.32469946920468357,0.9458172417006346,odom,base_link
1786133659.832156,1.9371292783554876,-0.05879476921094374,0.0,0.0,0.0,-0.32469946920468357,0.9458172417006346,odom,base_link
1786133660.0236588,1.9399149276659426,-0.060956895641730895,0.0,0.0,0.0,-0.3240610768332427,0.9460361612970611,odom,base_link
1786133660.1196172,1.9421964809689873,-0.06272283021048716,0.0,0.0,0.0,-0.3234225368615056,0.9462546500018206,odom,base_link
1786133660.1838348,1.9439728747269942,-0.06409393839952619,0.0,0.0,0.0,-0.3227838495803085,0.9464727077153978,odom,base_link
1786133660.247743,1.9467672563039666,-0.06624476716672824,0.0,0.0,0.0,-0.32214501528055467,0.9466903343384737,odom,base_link
1786133660.295751,1.9493128723418318,-0.06819320115514646,0.0,0.0,0.0,-0.3208669067893245,0.9471242939168285,odom,base_link
1786133660.3589563,1.9526255890977497,-0.07072169623482295,0.0,0.0,0.0,-0.3202276331799891,0.9473406266744514,odom,base_link
1786133660.407509,1.9556897710580134,-0.07304742828783704,0.0,0.0,0.0,-0.31894864868972905,0.9477719976339224,odom,base_link
1786133660.4712265,1.9595239190259517,-0.07594942077641098,0.0,0.0,0.0,-0.3183089383913444,0.9479870356392937,odom,base_link
1786133660.5354412,1.9633619805261326,-0.0788462354002027,0.0,0.0,0.0,-0.3176690831125935,0.9482016418644318,odom,base_link
1786133660.5828636,1.9664324297262774,-0.08116368709923608,0.0,0.0,0.0,-0.3176690831125935,0.9482016418644318,odom,base_link
1786133660.6470597,1.970274397766205,-0.08405531858059048,0.0,0.0,0.0,-0.3170290831449116,0.9484158162115901,odom,base_link
1786133660.6954153,1.973347972198147,-0.08636862376567402,0.0,0.0,0.0,-0.3170290831449116,0.9484158162115901,odom,base_link
1786133660.7590904,1.9766810574341998,-0.08887020776028509,0.0,0.0,0.0,-0.31638893877980007,0.9486295585832185,odom,base_link
1786133660.8551629,1.9818192516116429,-0.09270494173707264,0.0,0.0,0.0,-0.3151082180236209,0.9490557470106686,odom,base_link
1786133660.9988897,1.9882741979060652,-0.0974549042061609,0.0,0.0,0.0,-0.31190390959586195,0.9501136517168967,odom,base_link
1786133661.1580017,1.9952800022395234,-0.10253769861702978,0.0,0.0,0.0,-0.3086960495947421,0.9511607377118761,odom,base_link
1786133661.2867224,2.0017732046093535,-0.1072352296819678,0.0,0.0,0.0,-0.30805405461939395,0.9513688556141363,odom,base_link
1786133661.41421,2.008539298884317,-0.11210241438709811,0.0,0.0,0.0,-0.3067696440324672,0.9517837913624047,odom,base_link
1786133661.494212,2.0132235179977536,-0.11547200379834219,0.0,0.0,0.0,-0.3067696440324672,0.9517837913624047,odom,base_link
1786133661.5423117,2.0158258619496627,-0.11734399791570001,0.0,0.0,0.0,-0.3067696440324672,0.9517837913624047,odom,base_link
1786133661.6055765,2.0197331644663454,-0.12014671768173256,0.0,0.0,0.0,-0.3061272290058999,0.9519906090194217,odom,base_link
1786133661.6539135,2.022859006479692,-0.1223888934945586,0.0,0.0,0.0,-0.3061272290058999,0.9519906090194217,odom,base_link
1786133661.7177582,2.0267700884665487,-0.12518633674436164,0.0,0.0,0.0,-0.305484674547377,0.9521969930726957,odom,base_link
1786133661.765103,2.0301629622205155,-0.1276062101630615,0.0,0.0,0.0,-0.30484198094956316,0.9524029434282247,odom,base_link
1786133661.8295438,2.0346040643700873,-0.13076466842514223,0.0,0.0,0.0,-0.3041991485051864,0.9526084599922046,odom,base_link
1786133661.8929782,2.0385264419868037,-0.13354625158508301,0.0,0.0,0.0,-0.30355617750703806,0.9528135426710284,odom,base_link
1786133661.9412417,2.0416643440801767,-0.13577151811303564,0.0,0.0,0.0,-0.30355617750703806,0.9528135426710284,odom,base_link
1786133662.0055587,2.046122434202729,-0.1389059525684747,0.0,0.0,0.0,-0.3016264361188219,0.953426186463461,odom,base_link
1786133662.0533133,2.049009815680845,-0.14093022058022073,0.0,0.0,0.0,-0.3009829138347601,0.9536295326695463,odom,base_link
1786133662.1168585,2.05321757647822,-0.14386326208723912,0.0,0.0,0.0,-0.2996954582931906,0.9540349219386229,odom,base_link
1786133662.1645048,2.056113131158328,-0.14587582162127813,0.0,0.0,0.0,-0.29905152562208115,0.9542369648169713,odom,base_link
1786133662.2286358,2.0597983825693746,-0.14843726102823687,0.0,0.0,0.0,-0.29905152562208115,0.9542369648169713,odom,base_link
1786133662.3250806,2.0650728864110297,-0.1520822347321482,0.0,0.0,0.0,-0.29776325194567455,0.9546397466011651,odom,base_link
1786133662.4847705,2.0748579437828303,-0.1587858683839059,0.0,0.0,0.0,-0.2958298249968402,0.9552406579717694,odom,base_link
1786133662.5802531,2.082276519899389,-0.16383888011903863,0.0,0.0,0.0,-0.2945401994994305,0.9556390902840024,odom,base_link
1786133662.75633,2.09716801889649,-0.17386464963512116,0.0,0.0,0.0,-0.2919593410024673,0.9564307310001101,odom,base_link
1786133662.8683188,2.109444607056581,-0.18203394021137645,0.0,0.0,0.0,-0.28937635484433094,0.9572154017027765,odom,base_link
1786133662.9320037,2.1174654310226164,-0.1873401052183293,0.0,0.0,0.0,-0.28808406977408896,0.9576051215101128,odom,base_link
1786133662.9801052,2.123620214743595,-0.1913998612074148,0.0,0.0,0.0,-0.28743773027106323,0.957799327216625,odom,base_link
1786133663.0443542,2.131662459219903,-0.19667350396725697,0.0,0.0,0.0,-0.2861446588011453,0.9581864297930628,odom,base_link
1786133663.0921986,2.13784450127745,-0.20069163006553495,0.0,0.0,0.0,-0.2842040748542182,0.9587638102453898,odom,base_link
1786133663.155635,2.146184121244603,-0.20609611358854352,0.0,0.0,0.0,-0.2835569542524751,0.9589553971353724,odom,base_link
1786133663.2032802,2.1521128935766223,-0.20991556247146748,0.0,0.0,0.0,-0.28226232588821576,0.9593372605002761,odom,base_link
1786133663.2672114,2.160211613778353,-0.21510205794232462,0.0,0.0,0.0,-0.28096718327524034,0.9597173760656714,odom,base_link
1786133663.3316534,2.1685875176299554,-0.22045013591629994,0.0,0.0,0.0,-0.2803194198628219,0.9599067782070148,odom,base_link
1786133663.379723,2.175083242026107,-0.22457306293982726,0.0,0.0,0.0,-0.27902351030130906,0.9602842707756569,odom,base_link
1786133663.4437835,2.1837590163337386,-0.2300468983230213,0.0,0.0,0.0,-0.27772709239182075,0.9606600138194495,odom,base_link
1786133663.5235,2.1949031602166764,-0.23701518102419655,0.0,0.0,0.0,-0.27578151754208824,0.9612203465294432,odom,base_link
1786133663.5873113,2.2036156787955576,-0.24243034063882665,0.0,0.0,0.0,-0.27448383909808,0.9615917127731392,odom,base_link
1786133663.6514478,2.2123427840641785,-0.24782196073576254,0.0,0.0,0.0,-0.27318566057684257,0.9619613271099801,odom,base_link
1786133663.7311997,2.2230054645284993,-0.2543498748261727,0.0,0.0,0.0,-0.27123746032414825,0.9625124623177126,odom,base_link
1786133663.8106632,2.2339595814234228,-0.2610156245487258,0.0,0.0,0.0,-0.269938041959257,0.9628776939483032,odom,base_link
1786133663.8912125,2.2452151256184645,-0.26780249654991944,0.0,0.0,0.0,-0.2679879930357449,0.9634222519688206,odom,base_link
1786133663.954928,2.2540142082409567,-0.27307583312573397,0.0,0.0,0.0,-0.26668734962335827,0.9637830967343579,odom,base_link
1786133664.018929,2.2630955941566984,-0.27850170862202855,0.0,0.0,0.0,-0.2660368455666753,0.9639628606958532,odom,base_link
1786133664.0666227,2.2697108670216872,-0.2824299560167115,0.0,0.0,0.0,-0.2647354742337574,0.9643210713669113,odom,base_link
1786133664.130491,2.278828664299572,-0.2877944194429374,0.0,0.0,0.0,-0.26278251363143545,0.9648550930215088,odom,base_link
1786133664.1787105,2.2857415656394005,-0.29184907974774976,0.0,0.0,0.0,-0.2621312869891762,0.9650322214213358,odom,base_link
1786133664.2422829,2.2940501518781424,-0.29669226040600805,0.0,0.0,0.0,-0.2608284758220355,0.9653851595090707,odom,base_link
1786133664.2905293,2.30042507403309,-0.3003967642677018,0.0,0.0,0.0,-0.2601768918905462,0.9655609690362256,odom,base_link
1786133664.354143,2.30875320365909,-0.3052062612380392,0.0,0.0,0.0,-0.2588733688156163,0.9659112686567302,odom,base_link
1786133664.4184575,2.3173789913319234,-0.3101411868069005,0.0,0.0,0.0,-0.25691720062661927,0.9664334183078426,odom,base_link
1786133664.4660633,2.324340637165816,-0.31411157248150057,0.0,0.0,0.0,-0.256264910131109,0.9666065879330094,odom,base_link
1786133664.5302484,2.3335511563555644,-0.31931522805303786,0.0,0.0,0.0,-0.25430733950643136,0.9671234549286666,odom,base_link
1786133664.5780685,2.3405341370693638,-0.323247969523352,0.0,0.0,0.0,-0.25365458390950757,0.9672948630390293,odom,base_link
1786133664.6421206,2.350045394798357,-0.32857084130441366,0.0,0.0,0.0,-0.25234872641639966,0.9676363574587413,odom,base_link
1786133664.6900659,2.356769342356252,-0.33231002462577724,0.0,0.0,0.0,-0.2510424091736311,0.9679760889589676,odom,base_link
1786133664.753972,2.3663091999566306,-0.3375814669852706,0.0,0.0,0.0,-0.249735634561158,0.9683140569207573,odom,base_link
1786133664.801997,2.372767440410683,-0.34113872879466595,0.0,0.0,0.0,-0.24908207648524658,0.968482379382195,odom,base_link
1786133664.8650558,2.382054202754408,-0.3462050627969886,0.0,0.0,0.0,-0.2471207227510851,0.9689846997692901,odom,base_link
1786133664.9298866,2.3910727775642155,-0.35109354334202264,0.0,0.0,0.0,-0.24581259031754663,0.9693173734342009,odom,base_link
1786133664.9776978,2.3978465815093513,-0.3547416308937346,0.0,0.0,0.0,-0.2445040100424177,0.9696482811170127,odom,base_link
1786133665.0416825,2.4074567203524326,-0.3598838307149837,0.0,0.0,0.0,-0.24319498430977748,0.9699774222148508,odom,base_link
1786133665.0894055,2.41425012180873,-0.3634952929293319,0.0,0.0,0.0,-0.24188551550451665,0.9703047961280591,odom,base_link
1786133665.153401,2.4236110800978667,-0.36842318852085637,0.0,0.0,0.0,-0.23992048675439573,0.9707925422228654,odom,base_link
1786133665.2167432,2.432701239833862,-0.3731772320222729,0.0,0.0,0.0,-0.2386099207067671,0.9711154955721334,odom,base_link
1786133665.2810297,2.441804200174645,-0.37790671895780786,0.0,0.0,0.0,-0.2372989199399638,0.9714366796633359,odom,base_link
1786133665.3451312,2.4512113006608316,-0.3827459498362334,0.0,0.0,0.0,-0.23533160891634144,0.9719151371621115,odom,base_link
1786133665.392844,2.458342833819729,-0.3864024112301461,0.0,0.0,0.0,-0.23467562380357673,0.97207373773413,odom,base_link
1786133665.4569113,2.467775924489681,-0.39119078208716895,0.0,0.0,0.0,-0.23270702833355708,0.9725468826561345,odom,base_link
1786133665.5363867,2.4795198189974843,-0.3970924639217566,0.0,0.0,0.0,-0.23073747894291857,0.9730160408806559,odom,base_link
1786133665.632747,2.494731718604712,-0.4046599317232247,0.0,0.0,0.0,-0.22876698370530552,0.9734812104845046,odom,base_link
1786133665.6967993,2.5047974662490526,-0.4096165974975969,0.0,0.0,0.0,-0.22679555069823945,0.9739423895608417,odom,base_link
1786133665.744773,2.5131431930006305,-0.4137122880512952,0.0,0.0,0.0,-0.22613819936600812,0.974095228808508,odom,base_link
1786133665.8084207,2.5246848729825513,-0.4192992836219295,0.0,0.0,0.0,-0.22350776703879263,0.9747021483885899,odom,base_link
1786133665.8558543,2.5339302491751754,-0.4237439380175069,0.0,0.0,0.0,-0.22219193886966998,0.9750029447654693,odom,base_link
1786133665.9205382,2.5457988499249256,-0.42939063819815704,0.0,0.0,0.0,-0.2202174383511916,0.9754508085219055,odom,base_link
1786133665.9841273,2.5582702853322585,-0.4352623346889963,0.0,0.0,0.0,-0.21824203510984924,0.9758946736769861,odom,base_link
1786133666.047652,2.5701842268890887,-0.4408127313655911,0.0,0.0,0.0,-0.2162657372432836,0.9763345384112041,odom,base_link
1786133666.111793,2.5827028054757464,-0.44658323489383667,0.0,0.0,0.0,-0.21428855285280252,0.9767704009214507,odom,base_link
1786133666.159607,2.5920305157439287,-0.4508523981364539,0.0,0.0,0.0,-0.21296994141482067,0.9770587515875224,odom,base_link
1786133666.222735,2.6048719171932992,-0.45668785299043485,0.0,0.0,0.0,-0.21165094197068685,0.9773453221676159,odom,base_link
1786133666.2718647,2.6142225409736253,-0.4609065931528614,0.0,0.0,0.0,-0.2103315569234627,0.9776301121396334,odom,base_link
1786133666.3359084,2.627395770767788,-0.4667859023116182,0.0,0.0,0.0,-0.20835176160525717,0.9780539573234117,odom,base_link
1786133666.3838582,2.6367746530576053,-0.4709414408607144,0.0,0.0,0.0,-0.20703142306830136,0.9783342935123526,odom,base_link
1786133666.447844,2.6494000341370247,-0.4764743671569206,0.0,0.0,0.0,-0.20505020878939184,0.9787514556185481,odom,base_link
1786133666.4955084,2.658806747757415,-0.48056651482082996,0.0,0.0,0.0,-0.20372893179707569,0.9790273348322929,odom,base_link
1786133666.5594952,2.6714691819549907,-0.48601410887617935,0.0,0.0,0.0,-0.20174632111706345,0.979437809110783,odom,base_link
1786133666.6232097,2.6847435428951614,-0.4916613737915284,0.0,0.0,0.0,-0.19976288343162354,0.9798442684442684,odom,base_link
1786133666.6714687,2.693603247951838,-0.49540231357770964,0.0,0.0,0.0,-0.19844013620883108,0.9801130099847775,odom,base_link
1786133666.7353544,2.7060209281749157,-0.5006061262242856,0.0,0.0,0.0,-0.19711702745148055,0.9803799658748094,odom,base_link
1786133666.7834044,2.7154926865540734,-0.5045453808296801,0.0,0.0,0.0,-0.19579355957012026,0.9806451356280017,odom,base_link
1786133666.8471096,2.728530928857507,-0.5099266782730204,0.0,0.0,0.0,-0.19446973497595282,0.9809085187612465,odom,base_link
1786133666.894745,2.737732240295919,-0.5136808188085299,0.0,0.0,0.0,-0.19248333452429228,0.9813002424999239,odom,base_link
1786133666.9588523,2.750516331234657,-0.5188364506485557,0.0,0.0,0.0,-0.1904961450383559,0.9816879436590457,odom,base_link
1786133667.0068743,2.7600403961181637,-0.5226475032241611,0.0,0.0,0.0,-0.18917091771791797,0.9819441755465331,odom,base_link
1786133667.0709856,2.7728589902739125,-0.5277167403137059,0.0,0.0,0.0,-0.1871824312785599,0.9823251688828131,odom,base_link
1786133667.1348112,2.7853927983251703,-0.5326342705797535,0.0,0.0,0.0,-0.1858563468686755,0.9825769274355217,odom,base_link
1786133667.1827576,2.7946488330717623,-0.5362513860212201,0.0,0.0,0.0,-0.18519317753457007,0.9827021354381241,odom,base_link
1786133667.2463832,2.806909956682565,-0.540985702707685,0.0,0.0,0.0,-0.18320316464036557,0.983075073667192,odom,base_link
1786133667.294409,2.8161853855414964,-0.5445527915529356,0.0,0.0,0.0,-0.18253965971877062,0.983198490961899,odom,base_link
1786133667.3583648,2.8290712330450583,-0.5494485504230974,0.0,0.0,0.0,-0.18054864731430248,0.9835660557140916,odom,base_link
1786133667.406236,2.838670501394058,-0.5530660054405319,0.0,0.0,0.0,-0.17922089403450694,0.9838088590480735,odom,base_link
1786133667.4697843,2.851589095965241,-0.557874688743185,0.0,0.0,0.0,-0.17722865264711288,0.9841697031919286,odom,base_link
1786133667.5337207,2.8645270564384746,-0.5626310213212177,0.0,0.0,0.0,-0.17523568475795723,0.9845265129936369,odom,base_link
1786133667.5819435,2.8744611067952253,-0.5662678246650161,0.0,0.0,0.0,-0.17457120209535454,0.9846445528204495,odom,base_link
1786133667.646181,2.8874245584170475,-0.5709542351088943,0.0,0.0,0.0,-0.1725772782460257,0.9849959812269256,odom,base_link
1786133667.6938288,2.8970811578850717,-0.5744157406127784,0.0,0.0,0.0,-0.1712476021558747,0.9852280237365679,odom,base_link
1786133667.757246,2.909767663121736,-0.5789247352971131,0.0,0.0,0.0,-0.16991761407276024,0.9854582712767804,odom,base_link
1786133667.8056564,2.9191449118088233,-0.5822148584570473,0.0,0.0,0.0,-0.16792205226192744,0.9858002761026914,odom,base_link
1786133667.8695345,2.9324671130589626,-0.5868487637633232,0.0,0.0,0.0,-0.1665912947986191,0.9860260343912425,odom,base_link
1786133667.9179757,2.9424634459275585,-0.5903107031377413,0.0,0.0,0.0,-0.16592580209926808,0.9861382399023549,odom,base_link
1786133667.981478,2.956113813229517,-0.5949762933378868,0.0,0.0,0.0,-0.16392887176787915,0.9864721612903783,odom,base_link
1786133668.0455186,2.969175443327828,-0.5993816695959038,0.0,0.0,0.0,-0.16193126945364586,0.9868020388979396,odom,base_link
1786133668.0930405,2.9789045409956114,-0.6026338369055605,0.0,0.0,0.0,-0.16059916529734833,0.9870197100898214,odom,base_link
1786133668.1572196,2.9913867179795206,-0.6067501659047411,0.0,0.0,0.0,-0.15860046121003019,0.9873428450664773,odom,base_link
1786133668.2043335,3.0008286539098865,-0.6098497705946779,0.0,0.0,0.0,-0.15793408163392644,0.9874496573792754,odom,base_link
1786133668.2688744,3.013632244209688,-0.6140146863943198,0.0,0.0,0.0,-0.15660110698227073,0.9876619326935343,odom,base_link
1786133668.3171203,3.023395891448055,-0.617161609692399,0.0,0.0,0.0,-0.15526784702184082,0.9878724086040678,odom,base_link
1786133668.3810828,3.0368325384424426,-0.6214523721054168,0.0,0.0,0.0,-0.15393430418167942,0.9880810847274135,odom,base_link
1786133668.428893,3.046613033799614,-0.6245465350306065,0.0,0.0,0.0,-0.15260048089134445,0.9882879606833883,odom,base_link
1786133668.4928136,3.059772302803096,-0.6286510642476806,0.0,0.0,0.0,-0.1505992254276811,0.98859489847995,odom,base_link
1786133668.5565097,3.0729480844023778,-0.6327022739494672,0.0,0.0,0.0,-0.14859735262251608,0.9888977837944525,odom,base_link
1786133668.6047916,3.0830639180641963,-0.6357976906222816,0.0,0.0,0.0,-0.14792992591873458,0.9889978447993089,odom,base_link
1786133668.668916,3.096261380345885,-0.6397777044568327,0.0,0.0,0.0,-0.1459272427571152,0.9892953248758967,odom,base_link
1786133668.716696,3.106090707525011,-0.6427130512583139,0.0,0.0,0.0,-0.14459178781476023,0.9894913920275059,odom,base_link
1786133668.7805786,3.119314729592951,-0.6466039073526006,0.0,0.0,0.0,-0.14258811223191784,0.9897821125127176,odom,base_link
1786133668.8285706,3.129163643008097,-0.6494728510920682,0.0,0.0,0.0,-0.14125200327954218,0.9899736721597783,odom,base_link
1786133668.8925285,3.1424136225492125,-0.6532743722296969,0.0,0.0,0.0,-0.13924735809083943,0.9902576297432509,odom,base_link
1786133668.9403107,3.1522816736130044,-0.6560767822356863,0.0,0.0,0.0,-0.13791061034238816,0.9904446797045204,odom,base_link
1786133669.0041554,3.164939549758963,-0.6596161435001923,0.0,0.0,0.0,-0.1359050183742285,0.9907218711528986,odom,base_link
1786133669.0668824,3.1779158950290545,-0.6632068135789726,0.0,0.0,0.0,-0.13456764705092056,0.9909044092984847,odom,base_link
1786133669.1161509,3.1874972421949996,-0.6658441398448415,0.0,0.0,0.0,-0.13389886929956388,0.9909950014002585,odom,base_link
1786133669.1796076,3.2001833668980586,-0.6692808747350483,0.0,0.0,0.0,-0.1318921713420693,0.9912640693269752,odom,base_link
1786133669.2274292,3.2100919374960393,-0.6719364655062521,0.0,0.0,0.0,-0.13055407183092765,0.9914411905546213,odom,base_link
1786133669.2918413,3.2231062981627328,-0.6753868081878552,0.0,0.0,0.0,-0.12921573446564233,0.9916165054931794,odom,base_link
1786133669.3400779,3.2330290620340096,-0.6779888632976006,0.0,0.0,0.0,-0.12787716168450644,0.991790013823246,odom,base_link
1786133669.403747,3.2463768251040475,-0.6814313539404279,0.0,0.0,0.0,-0.1258688664429032,0.9920468882368305,odom,base_link
1786133669.4511287,3.256316923762778,-0.6839663829923286,0.0,0.0,0.0,-0.12452971579247672,0.9922158786698815,odom,base_link
1786133669.515379,3.2693722376907344,-0.687258377285425,0.0,0.0,0.0,-0.12319033826357378,0.9923830614024537,odom,base_link
1786133669.5795252,3.2833742418079916,-0.6907288441264104,0.0,0.0,0.0,-0.12118085191109952,0.9926304453975306,odom,base_link
1786133669.6272092,3.293337848392052,-0.6931698434048497,0.0,0.0,0.0,-0.11984091786272177,0.9927931075535428,odom,base_link
1786133669.6913085,3.306739617062302,-0.6963956948132246,0.0,0.0,0.0,-0.11783060817306695,0.993033709285624,odom,base_link
1786133669.7386577,3.3173432114134447,-0.6989177523901593,0.0,0.0,0.0,-0.11649013286271495,0.9931918490128818,odom,base_link
1786133669.8031309,3.3307664455219075,-0.7020530844091356,0.0,0.0,0.0,-0.11447902272678319,0.9934256657422943,odom,base_link
1786133669.850999,3.3407620914004745,-0.7043593795137466,0.0,0.0,0.0,-0.11313802141812071,0.9935792812400995,odom,base_link
1786133669.9149585,3.354514615063144,-0.707493421224456,0.0,0.0,0.0,-0.11179681398530734,0.9937310865534672,odom,base_link
1786133669.9627416,3.36452256707801,-0.7097457156340338,0.0,0.0,0.0,-0.1104554028718651,0.9938810814058259,odom,base_link
1786133670.0264554,3.377982897641884,-0.7127177556591755,0.0,0.0,0.0,-0.10844290964663907,0.9941026784730895,odom,base_link
1786133670.090446,3.3917644186856566,-0.7157217200825333,0.0,0.0,0.0,-0.10710100002445758,0.9942481459845732,odom,base_link
1786133670.138696,3.401793204247211,-0.7178793562426928,0.0,0.0,0.0,-0.10575889527686724,0.9943918020930265,odom,base_link
1786133670.2018259,3.4152810146006756,-0.72072408692745,0.0,0.0,0.0,-0.10374537764421672,0.9946038893034045,odom,base_link
1786133670.249778,3.4253241332383007,-0.7228139916309844,0.0,0.0,0.0,-0.10240279578143185,0.9947430157664573,odom,base_link
1786133670.3144484,3.439141128494545,-0.7256503214118223,0.0,0.0,0.0,-0.10106002735281296,0.9948803299248853,odom,base_link
1786133670.3621893,3.4491953842720338,-0.7276859722659971,0.0,0.0,0.0,-0.09971707480472596,0.9950158315285182,odom,base_link
1786133670.4255588,3.463027491656745,-0.7304476619362104,0.0,0.0,0.0,-0.09837394058387225,0.9951495203304882,odom,base_link
1786133670.4894207,3.4771852862139427,-0.7332148107703437,0.0,0.0,0.0,-0.09635890396912683,0.9953466539984291,odom,base_link
1786133670.5381105,3.487258326567028,-0.7351553755552431,0.0,0.0,0.0,-0.09501532627283601,0.9954758097378693,odom,base_link
1786133670.601946,3.5017457998447847,-0.7379058379523781,0.0,0.0,0.0,-0.0936715754698106,0.9956031518376203,odom,base_link
1786133670.6501434,3.5121416410395665,-0.7398649655400555,0.0,0.0,0.0,-0.09299963591830888,0.9956661426999825,odom,base_link
1786133670.714139,3.526328489765475,-0.7424790777454221,0.0,0.0,0.0,-0.0909835643364897,0.9958523941933503,odom,base_link
1786133670.7616951,3.5367398561135674,-0.7443539499591302,0.0,0.0,0.0,-0.08896711979172817,0.9960345634544839,odom,base_link
1786133670.8256457,3.5506349723104487,-0.7467787943689675,0.0,0.0,0.0,-0.086277961187722,0.9962711043753553,odom,base_link
1786133670.8739479,3.5607452352407085,-0.7485150308506381,0.0,0.0,0.0,-0.08493314487838703,0.9963866523097682,odom,base_link
1786133670.9380105,3.57433403778442,-0.7508297589616337,0.0,0.0,0.0,-0.08426067854375713,0.9964437455528263,odom,base_link
1786133671.001566,3.5879321019558352,-0.7530894429195991,0.0,0.0,0.0,-0.08224305049553352,0.9966123020739756,odom,base_link
1786133671.0495594,3.5983747622693385,-0.7547813473580076,0.0,0.0,0.0,-0.08022508531378114,0.9967767732478504,odom,base_link
1786133671.1130583,3.6123043484365605,-0.7569996245604067,0.0,0.0,0.0,-0.07887959198114575,0.9968841507260952,odom,base_link
1786133671.160985,3.6224392747911476,-0.758585563218226,0.0,0.0,0.0,-0.07753395493918336,0.9969897119988194,odom,base_link
1786133671.224809,3.636386368960387,-0.7606909583761732,0.0,0.0,0.0,-0.07484225953390372,0.9971953851617343,odom,base_link
1786133671.2726214,3.64653380673949,-0.7621947669273194,0.0,0.0,0.0,-0.07349620607453854,0.997295496677213,odom,base_link
1786133671.3368175,3.6601774970632612,-0.7641602783490247,0.0,0.0,0.0,-0.07147687558673241,0.997442257103818,odom,base_link
1786133671.3850014,3.670334852661169,-0.7655955695727538,0.0,0.0,0.0,-0.0701304919724778,0.9975378258971929,odom,base_link
1786133671.496662,3.6941545813767154,-0.7688631068735992,0.0,0.0,0.0,-0.06811067774990007,0.9976777714154251,odom,base_link
1786133671.6241193,3.7195025081992728,-0.7727595399916852,0.0,0.0,0.0,-0.07618817663948617,0.9970934568737028,odom,base_link
1786133671.688359,3.7334073294067918,-0.775128098988983,0.0,0.0,0.0,-0.08426067854375711,0.9964437455528263,odom,base_link
1786133671.816568,3.760311846164454,-0.781144830762624,0.0,0.0,0.0,-0.10978462169861038,0.9939553998236003,odom,base_link
1786133671.9282377,3.7831141365375363,-0.787686983418078,0.0,0.0,0.0,-0.1392473580908395,0.9902576297432509,odom,base_link
1786133672.0721323,3.812856947294446,-0.7987581379986051,0.0,0.0,0.0,-0.177228652647113,0.9841697031919286,odom,base_link
1786133672.1514885,3.8292528235401715,-0.8052420459038367,0.0,0.0,0.0,-0.18718243127856007,0.9823251688828131,odom,base_link
1786133672.2154078,3.8413885139634676,-0.8102892158669985,0.0,0.0,0.0,-0.19579355957012043,0.9806451356280016,odom,base_link
1786133672.2797325,3.853475975734748,-0.8154508216844697,0.0,0.0,0.0,-0.2004241207144444,0.9797092282079627,odom,base_link
1786133672.3276155,3.863188005938226,-0.819644646237149,0.0,0.0,0.0,-0.202407283634639,0.9793014303735326,odom,base_link
1786133672.391263,3.8758208436994064,-0.8251605261215831,0.0,0.0,0.0,-0.2043896168399657,0.978889618153146,odom,base_link
1786133672.455374,3.8881598945359084,-0.8305481297296349,0.0,0.0,0.0,-0.2043896168399657,0.978889618153146,odom,base_link
1786133672.5355885,3.9034368146191967,-0.8372184961015086,0.0,0.0,0.0,-0.2043896168399657,0.978889618153146,odom,base_link
1786133672.5994532,3.9157758654556987,-0.8426060997095604,0.0,0.0,0.0,-0.2043896168399657,0.978889618153146,odom,base_link
1786133672.6467476,3.9251770470454144,-0.8467109405537904,0.0,0.0,0.0,-0.2043896168399657,0.978889618153146,odom,base_link
1786133672.7108486,3.9375160978819164,-0.8520985441618422,0.0,0.0,0.0,-0.2043896168399657,0.978889618153146,odom,base_link
1786133672.7589793,3.947216771302944,-0.8563185714402487,0.0,0.0,0.0,-0.20372893179707594,0.9790273348322928,odom,base_link
1786133672.8550065,3.9660301985437236,-0.8645028667680674,0.0,0.0,0.0,-0.20372893179707594,0.9790273348322928,odom,base_link
1786133672.9345794,3.982207466300683,-0.8715144163477478,0.0,0.0,0.0,-0.20306815396164538,0.9791646055932626,odom,base_link
1786133673.0304523,4.0013372227620785,-0.8797749798606012,0.0,0.0,0.0,-0.20240728363463897,0.9793014303735326,odom,base_link
1786133673.0946066,4.014286596366715,-0.8853667459308403,0.0,0.0,0.0,-0.20240728363463897,0.9793014303735326,odom,base_link
1786133673.1576138,4.026949030564291,-0.8908143399861898,0.0,0.0,0.0,-0.20174632111706367,0.979437809110783,odom,base_link
1786133673.2384045,4.043154557579723,-0.8977603254267704,0.0,0.0,0.0,-0.2010852667099685,0.9795737417428975,odom,base_link
1786133673.3025126,4.05583165163253,-0.9031737168938744,0.0,0.0,0.0,-0.20042412071444435,0.9797092282079627,odom,base_link
1786133673.3507047,4.0652657681369435,-0.9072022872879982,0.0,0.0,0.0,-0.20042412071444435,0.9797092282079627,odom,base_link
1786133673.4142413,4.077950157479774,-0.912598562651554,0.0,0.0,0.0,-0.19976288343162374,0.9798442684442684,odom,base_link
1786133673.4775934,4.090641819003164,-0.9179777120801835,0.0,0.0,0.0,-0.19910155516268083,0.9799788623903078,odom,base_link
1786133673.5264392,4.100677086254216,-0.922230993023751,0.0,0.0,0.0,-0.1991015551626808,0.9799788623903078,odom,base_link
1786133673.5903168,4.113375996835453,-0.9275930067172774,0.0,0.0,0.0,-0.1984401362088312,0.9801130099847775,odom,base_link
1786133673.6700792,4.129323465937471,-0.9343266983324036,0.0,0.0,0.0,-0.1984401362088312,0.9801130099847775,odom,base_link
1786133673.7332678,4.142029602440636,-0.9396715665218695,0.0,0.0,0.0,-0.19777862687133177,0.9802467111665769,odom,base_link
1786133673.781532,4.15178635118734,-0.9437602764584648,0.0,0.0,0.0,-0.19711702745148058,0.9803799658748094,odom,base_link
1786133673.845946,4.164506870073985,-0.9490708244579033,0.0,0.0,0.0,-0.19645533825061673,0.9805127740487809,odom,base_link
1786133673.9418936,4.183746379281649,-0.9570724353751109,0.0,0.0,0.0,-0.19579355957012026,0.9806451356280017,odom,base_link
1786133674.0216463,4.199442771238809,-0.9635756452067108,0.0,0.0,0.0,-0.19513169171141181,0.9807770505521847,odom,base_link
1786133674.0848253,4.212488265183703,-0.9689393391083503,0.0,0.0,0.0,-0.1938076896652451,0.9810395401953074,odom,base_link
1786133674.1496584,4.225244334234089,-0.9741639178647268,0.0,0.0,0.0,-0.19314555608083075,0.9811701147946907,odom,base_link
1786133674.1968505,4.234747684206833,-0.9780263358813093,0.0,0.0,0.0,-0.1918210252972521,0.9814299232517373,odom,base_link
1786133674.2607367,4.247524804578344,-0.9831992186184051,0.0,0.0,0.0,-0.19115862870137257,0.9815591569910653,odom,base_link
1786133674.3401792,4.263894291096871,-0.9897494652327269,0.0,0.0,0.0,-0.18917091771791797,0.9819441755465331,odom,base_link
1786133674.4687877,4.2898571792030475,-0.9999357779266828,0.0,0.0,0.0,-0.1858563468686755,0.9825769274355217,odom,base_link
1786133674.548064,4.305698649362586,-1.006077136226852,0.0,0.0,0.0,-0.18386658611830342,0.982951208610682,odom,base_link
1786133674.6596544,4.328461935375562,-1.014760838523424,0.0,0.0,0.0,-0.18121240075347533,0.9834439820412558,odom,base_link
1786133674.787828,4.353985838526936,-1.0243008353958174,0.0,0.0,0.0,-0.1778928142353491,0.9840498699981762,odom,base_link
1786133674.9001286,4.376852931456372,-1.0327073766965262,0.0,0.0,0.0,-0.17523568475795717,0.9845265129936369,odom,base_link
1786133674.9642675,4.389810045688952,-1.0374112805607327,0.0,0.0,0.0,-0.17324199853668215,0.984879286990551,odom,base_link
1786133675.0281959,4.402773497310774,-1.042097691004611,0.0,0.0,0.0,-0.17257727824602564,0.9849959812269256,odom,base_link
1786133675.1395466,4.425125911299182,-1.0500421102103432,0.0,0.0,0.0,-0.16991761407276015,0.9854582712767804,odom,base_link
1786133675.2999415,4.448417787070333,-1.0582143516075992,0.0,0.0,0.0,-0.16792205226192738,0.9858002761026914,odom,base_link
1786133675.379603,4.455684442297682,-1.0607419363201134,0.0,0.0,0.0,-0.16659129479861903,0.9860260343912425,odom,base_link
1786133675.4439237,4.457804876542536,-1.061476287096505,0.0,0.0,0.0,-0.16592580209926802,0.9861382399023549,odom,base_link
1786133675.507684,4.457804876542536,-1.061476287096505,0.0,0.0,0.0,-0.16592580209926802,0.9861382399023549,odom,base_link
1786133675.5558476,4.457804876542536,-1.061476287096505,0.0,0.0,0.0,-0.16592580209926802,0.9861382399023549,odom,base_link
1786133675.6195698,4.457804876542536,-1.061476287096505,0.0,0.0,0.0,-0.16592580209926802,0.9861382399023549,odom,base_link
1786133675.682922,4.457804876542536,-1.061476287096505,0.0,0.0,0.0,-0.16592580209926802,0.9861382399023549,odom,base_link
1786133675.7315974,4.457804876542536,-1.061476287096505,0.0,0.0,0.0,-0.16592580209926802,0.9861382399023549,odom,base_link
1786133675.779304,4.457804876542536,-1.061476287096505,0.0,0.0,0.0,-0.16592580209926802,0.9861382399023549,odom,base_link
1786133675.8267741,4.457804876542536,-1.061476287096505,0.0,0.0,0.0,-0.16592580209926802,0.9861382399023549,odom,base_link
1786133675.8912404,4.457804876542536,-1.061476287096505,0.0,0.0,0.0,-0.16592580209926802,0.9861382399023549,odom,base_link
1786133675.9871573,4.457804876542536,-1.061476287096505,0.0,0.0,0.0,-0.16592580209926802,0.9861382399023549,odom,base_link
1786133676.1307106,4.45840782778076,-1.06169425967529,0.0,0.0,0.0,-0.17257727824602567,0.9849959812269256,odom,base_link
1786133676.2264562,4.458108620398214,-1.0615791922931852,0.0,0.0,0.0,-0.18253965971877065,0.983198490961899,odom,base_link
1786133676.2906046,4.458701925935441,-1.0618221959562726,0.0,0.0,0.0,-0.19314555608083075,0.9811701147946907,odom,base_link
1786133676.354412,4.458701925935441,-1.0618221959562726,0.0,0.0,0.0,-0.20505020878939192,0.9787514556185481,odom,base_link
1786133676.4186041,4.459282727834962,-1.0620937312105052,0.0,0.0,0.0,-0.21692460210160255,0.9761883614359789,odom,base_link
1786133676.4661944,4.459857530584217,-1.0623777453654821,0.0,0.0,0.0,-0.22745279873176308,0.9737891067110415,odom,base_link
1786133676.5466516,4.460984852435443,-1.0629888054336114,0.0,0.0,0.0,-0.2458125903175467,0.9693173734342009,odom,base_link
1786133676.6581826,4.46208116285056,-1.063653901243867,0.0,0.0,0.0,-0.26928814820556896,0.9630596519614013,odom,base_link
1786133676.7379603,4.462888928061981,-1.0641758259558423,0.0,0.0,0.0,-0.2829097044988732,0.9591465472493556,odom,base_link
1786133676.865857,4.464992808460668,-1.0656423467093514,0.0,0.0,0.0,-0.29969545829319055,0.954034921938623,odom,base_link
1786133676.9460938,4.4660407744120025,-1.0663812758859013,0.0,0.0,0.0,-0.30226982102090694,0.9532224059997693,odom,base_link
1786133677.0099585,4.466302516314908,-1.066566361640237,0.0,0.0,0.0,-0.3029130682479724,0.9530181913712871,odom,base_link
1786133677.0739787,4.466302516314908,-1.066566361640237,0.0,0.0,0.0,-0.3029130682479724,0.9530181913712871,odom,base_link
1786133677.121794,4.466302516314908,-1.066566361640237,0.0,0.0,0.0,-0.3029130682479724,0.9530181913712871,odom,base_link
1786133677.1849957,4.466302516314908,-1.066566361640237,0.0,0.0,0.0,-0.3029130682479724,0.9530181913712871,odom,base_link
1786133677.24903,4.466302516314908,-1.066566361640237,0.0,0.0,0.0,-0.3029130682479724,0.9530181913712871,odom,base_link
1786133677.2973278,4.466302516314908,-1.066566361640237,0.0,0.0,0.0,-0.3029130682479724,0.9530181913712871,odom,base_link
1786133677.3450978,4.466302516314908,-1.066566361640237,0.0,0.0,0.0,-0.3029130682479724,0.9530181913712871,odom,base_link
1786133677.409199,4.466302516314908,-1.066566361640237,0.0,0.0,0.0,-0.3029130682479724,0.9530181913712871,odom,base_link
1786133677.537127,4.468919935343963,-1.0684172191835934,0.0,0.0,0.0,-0.3029130682479724,0.9530181913712871,odom,base_link
1786133677.7130945,4.4749571875254786,-1.0726497795717898,0.0,0.0,0.0,-0.30098291383476,0.9536295326695464,odom,base_link
1786133677.7767534,4.479681993580578,-1.075962218136465,0.0,0.0,0.0,-0.30098291383476,0.9536295326695464,odom,base_link
1786133677.840896,4.485724953249229,-1.080186625761919,0.0,0.0,0.0,-0.3003392544618269,0.9538324445254072,odom,base_link
1786133677.9043033,4.492825549594799,-1.0851361333050127,0.0,0.0,0.0,-0.29969545829319055,0.954034921938623,odom,base_link
1786133677.9526236,4.498353426711368,-1.0889782924154507,0.0,0.0,0.0,-0.2990515256220811,0.9542369648169713,odom,base_link
1786133678.016711,4.506521274405595,-1.0946390315360006,0.0,0.0,0.0,-0.2984074567417909,0.9544385730684276,odom,base_link
1786133678.064282,4.512586953823499,-1.0988307512954987,0.0,0.0,0.0,-0.29776325194567455,0.9546397466011651,odom,base_link
1786133678.1280296,4.521026159970147,-1.104662709221757,0.0,0.0,0.0,-0.29776325194567455,0.9546397466011651,odom,base_link
1786133678.1762035,4.527613133917105,-1.1092278214157487,0.0,0.0,0.0,-0.2984074567417909,0.9544385730684276,odom,base_link
1786133678.239984,4.536588146074679,-1.1154121681360065,0.0,0.0,0.0,-0.2971189115271482,0.9548404853235554,odom,base_link
1786133678.3039334,4.545307281288982,-1.1214028589281122,0.0,0.0,0.0,-0.2964744357796902,0.9550407891441676,odom,base_link
1786133678.3517332,4.551648470535747,-1.1257597249587346,0.0,0.0,0.0,-0.2964744357796902,0.9550407891441676,odom,base_link
1786133678.4159963,4.5606318219686655,-1.1319319518354496,0.0,0.0,0.0,-0.2964744357796902,0.9550407891441676,odom,base_link
1786133678.463705,4.567243347219882,-1.1364614340325832,0.0,0.0,0.0,-0.2958298249968402,0.9552406579717694,odom,base_link
1786133678.52678,4.576235021561536,-1.1426215298206848,0.0,0.0,0.0,-0.2958298249968402,0.9552406579717694,odom,base_link
1786133678.5757716,4.583111007822802,-1.1473321913057037,0.0,0.0,0.0,-0.2958298249968402,0.9552406579717694,odom,base_link
1786133678.6395926,4.591846283371756,-1.153299322621149,0.0,0.0,0.0,-0.2951850794721994,0.9554400917153264,odom,base_link
1786133678.7022524,4.601119503517454,-1.1596155872900649,0.0,0.0,0.0,-0.29454019949943056,0.9556390902840024,odom,base_link
1786133678.7506454,4.607478283045933,-1.163946740205893,0.0,0.0,0.0,-0.29454019949943056,0.9556390902840024,odom,base_link
1786133678.8154051,4.616760020254331,-1.170250482398641,0.0,0.0,0.0,-0.29389518537225745,0.9558376535871593,odom,base_link
1786133678.8630211,4.622865033377185,-1.1743847049510352,0.0,0.0,0.0,-0.29325003738446515,0.9560357815343575,odom,base_link
1786133678.9273915,4.6313589646785465,-1.180136666763062,0.0,0.0,0.0,-0.29325003738446515,0.9560357815343575,odom,base_link
1786133678.9751968,4.637729413154568,-1.184450638122082,0.0,0.0,0.0,-0.29325003738446515,0.9560357815343575,odom,base_link
1786133679.0391805,4.6467542151622645,-1.1905620975473605,0.0,0.0,0.0,-0.29325003738446515,0.9560357815343575,odom,base_link
1786133679.0871654,4.653396158439131,-1.1950468566968033,0.0,0.0,0.0,-0.2926047558298995,0.9562334740353555,odom,base_link
1786133679.1506357,4.662445633606948,-1.2011217218617287,0.0,0.0,0.0,-0.29131379319613615,0.9566275523387766,odom,base_link
1786133679.2142963,4.671769702166097,-1.2073626798605201,0.0,0.0,0.0,-0.29066811270493403,0.9568239379617087,odom,base_link
1786133679.2625408,4.678435762115225,-1.2118115134016032,0.0,0.0,0.0,-0.29002229982294936,0.9570198877794585,odom,base_link
1786133679.3269088,4.687517903941482,-1.2178374313758795,0.0,0.0,0.0,-0.28873027806328794,0.9574104796426121,odom,base_link
1786133679.3747032,4.6942019239131785,-1.2222592355483402,0.0,0.0,0.0,-0.28808406977408907,0.9576051215101128,odom,base_link
1786133679.438537,4.703048392837117,-1.2280602425841665,0.0,0.0,0.0,-0.28614465880114537,0.9581864297930628,odom,base_link
1786133679.486667,4.709482188418163,-1.2322791567920401,0.0,0.0,0.0,-0.28614465880114537,0.9581864297930628,odom,base_link
1786133679.5505044,4.7186128335399635,-1.2382313250729866,0.0,0.0,0.0,-0.2848510660093581,0.9585717866666702,odom,base_link
1786133679.5981245,4.725057994802411,-1.242432855624243,0.0,0.0,0.0,-0.2848510660093581,0.9585717866666702,odom,base_link
1786133679.661973,4.733943412128034,-1.2481740274559714,0.0,0.0,0.0,-0.2829097044988733,0.9591465472493556,odom,base_link
1786133679.7262802,4.7428365706260625,-1.2539032007803572,0.0,0.0,0.0,-0.2822623258882158,0.9593372605002761,odom,base_link
1786133679.7738972,4.749855461467562,-1.2583981635217667,0.0,0.0,0.0,-0.2809671832752404,0.9597173760656714,odom,base_link
1786133679.8381336,4.759049845553085,-1.2642513924488492,0.0,0.0,0.0,-0.2796715287731463,0.9600957431390326,odom,base_link
1786133679.8861434,4.76609290266262,-1.268708394271082,0.0,0.0,0.0,-0.2783753647424635,0.9604723610310192,odom,base_link
1786133679.9493608,4.775318754667432,-1.274511896866089,0.0,0.0,0.0,-0.27707869354465003,0.9608472290554778,odom,base_link
1786133679.9981256,4.782108223049308,-1.2787700178382004,0.0,0.0,0.0,-0.27643016849627783,0.961034006653833,odom,base_link
1786133680.0614772,4.7913574995554935,-1.2845361145853151,0.0,0.0,0.0,-0.27513274097752277,0.9614062485974363,odom,base_link
1786133680.1096246,4.798442353197426,-1.2889263728424056,0.0,0.0,0.0,-0.2738348121993157,0.9617767389720784,odom,base_link
1786133680.173376,4.808268524814227,-1.2949786878845504,0.0,0.0,0.0,-0.2725363845263301,0.9621454771027697,odom,base_link
1786133680.237181,4.817845495785598,-1.3008241509330958,0.0,0.0,0.0,-0.27058781276410065,0.962695297372715,odom,base_link
1786133680.2850704,4.824971513483858,-1.3051472736997582,0.0,0.0,0.0,-0.26928814820556884,0.9630596519614014,odom,base_link
1786133680.349326,4.834023472416851,-1.3106221010511303,0.0,0.0,0.0,-0.2686381317990437,0.9632411713291327,odom,base_link
1786133680.3972902,4.840897755715673,-1.3147418952509855,0.0,0.0,0.0,-0.26668734962335827,0.9637830967343579,odom,base_link
1786133680.460813,4.850261872239368,-1.3203195568860802,0.0,0.0,0.0,-0.2653862203380281,0.9641421856005967,odom,base_link
1786133680.5091062,4.857152781473732,-1.3244114812555416,0.0,0.0,0.0,-0.2647354742337574,0.9643210713669113,odom,base_link
1786133680.5732732,4.8668231725260345,-1.3301010636772963,0.0,0.0,0.0,-0.26278251363143545,0.9648550930215088,odom,base_link
1786133680.6212025,4.873736073865863,-1.3341557239821087,0.0,0.0,0.0,-0.2621312869891762,0.9650322214213358,odom,base_link
1786133680.7330651,4.89040530138281,-1.3437522270269069,0.0,0.0,0.0,-0.25822143026589206,0.9660857585905286,odom,base_link
1786133680.7972174,4.899037742216836,-1.348675505263411,0.0,0.0,0.0,-0.256264910131109,0.9666065879330094,odom,base_link
1786133680.8443706,4.905731187349055,-1.3524690201156382,0.0,0.0,0.0,-0.2549599792738362,0.9669516063219943,odom,base_link
1786133680.9088125,4.914669402662718,-1.3575029291976404,0.0,0.0,0.0,-0.2536545839095075,0.9672948630390293,odom,base_link
1786133680.9568484,4.921668250987771,-1.3614073622223613,0.0,0.0,0.0,-0.25169562511499527,0.96780644361255,odom,base_link
1786133681.0203257,4.931200984658562,-1.366691676401773,0.0,0.0,0.0,-0.2503890788898277,0.968145293420726,odom,base_link
1786133681.0842903,4.9410360395314745,-1.3720916307428004,0.0,0.0,0.0,-0.24842840495976987,0.9686502607283728,odom,base_link
1786133681.1323245,4.948628697662911,-1.376247065242464,0.0,0.0,0.0,-0.24777462028245617,0.9688177008828259,odom,base_link
1786133681.1957693,4.958492763861138,-1.381593840838595,0.0,0.0,0.0,-0.24581259031754663,0.9693173734342009,odom,base_link
1786133681.2443647,4.965831051468368,-1.385545935686283,0.0,0.0,0.0,-0.2445040100424177,0.9696482811170127,odom,base_link
1786133681.3082628,4.97545503686479,-1.3906621738232763,0.0,0.0,0.0,-0.24188551550451662,0.9703047961280591,odom,base_link
1786133681.3563232,4.982536568025626,-1.3944145586036154,0.0,0.0,0.0,-0.24123061569515267,0.9704678202039146,odom,base_link
1786133681.419874,4.9919041693174,-1.3993298145573043,0.0,0.0,0.0,-0.23926525821972783,0.9709542400180592,odom,base_link
1786133681.468426,4.999295131081322,-1.4031825023068876,0.0,0.0,0.0,-0.23795447451400015,0.971276308811641,odom,base_link
1786133681.5320983,5.008695691145322,-1.408034426207265,0.0,0.0,0.0,-0.23598748684247467,0.9717560939113131,odom,base_link
1786133681.595971,5.018394576241422,-1.4130072137029863,0.0,0.0,0.0,-0.23467562380357665,0.97207373773413,odom,base_link
1786133681.6440177,5.025821609293243,-1.416789897768397,0.0,0.0,0.0,-0.2333633332133296,0.9723896105530768,odom,base_link
1786133681.7079024,5.035547201400383,-1.421710247933833,0.0,0.0,0.0,-0.2320506174625724,0.9727037117926707,odom,base_link
1786133681.7558599,5.042994549137039,-1.425452777877718,0.0,0.0,0.0,-0.23073747894291854,0.9730160408806559,odom,base_link
1786133681.819545,5.053040143217284,-1.4304501622749137,0.0,0.0,0.0,-0.2287669837053055,0.9734812104845046,odom,base_link
1786133681.8671935,5.059937776208344,-1.4338583321346363,0.0,0.0,0.0,-0.22745279873176302,0.9737891067110415,odom,base_link
1786133681.931496,5.069722421365367,-1.4386601762320756,0.0,0.0,0.0,-0.22613819936600818,0.974095228808508,odom,base_link
1786133682.0111089,5.081544902877233,-1.444402809564331,0.0,0.0,0.0,-0.2241655285713444,0.9745510842435761,odom,base_link
1786133682.1070485,5.096000163870452,-1.4513280770757266,0.0,0.0,0.0,-0.22153387283242015,0.975152676860331,odom,base_link
1786133682.2023582,5.110193685157985,-1.4580574205420374,0.0,0.0,0.0,-0.21955907050681034,0.9755992079528281,odom,base_link
1786133682.3147802,5.124396276587841,-1.4647675998767375,0.0,0.0,0.0,-0.2189006026597253,0.9757471630269847,odom,base_link
1786133682.4106774,5.133694962680976,-1.4690996167950554,0.0,0.0,0.0,-0.21626573724328368,0.9763345384112041,odom,base_link
1786133682.5709116,5.147395037137369,-1.4753699503076494,0.0,0.0,0.0,-0.21296994141482078,0.9770587515875224,odom,base_link
1786133682.7619417,5.15525064213239,-1.47900389630946,0.0,0.0,0.0,-0.21494771231872295,0.9766255582202155,odom,base_link
1786133682.8423493,5.155541408534041,-1.4791388794931004,0.0,0.0,0.0,-0.2156067738822777,0.9764802706947419,odom,base_link
1786133682.905539,5.155541408534041,-1.4791388794931004,0.0,0.0,0.0,-0.2156067738822777,0.9764802706947419,odom,base_link
1786133683.0014884,5.155541408534041,-1.4791388794931004,0.0,0.0,0.0,-0.2156067738822777,0.9764802706947419,odom,base_link
1786133683.0648174,5.155541408534041,-1.4791388794931004,0.0,0.0,0.0,-0.2156067738822777,0.9764802706947419,odom,base_link
1786133683.1289861,5.155541408534041,-1.4791388794931004,0.0,0.0,0.0,-0.2156067738822777,0.9764802706947419,odom,base_link
1786133683.2086217,5.155541408534041,-1.4791388794931004,0.0,0.0,0.0,-0.2156067738822777,0.9764802706947419,odom,base_link
1786133683.3213391,5.157588101257955,-1.4800589671755586,0.0,0.0,0.0,-0.20967172054984085,0.977771839235345,odom,base_link
1786133683.4176488,5.158471013094635,-1.480440223953075,0.0,0.0,0.0,-0.20240728363463886,0.9793014303735326,odom,base_link
1786133683.4815996,5.159063660472064,-1.4806848283823177,0.0,0.0,0.0,-0.19446973497595285,0.9809085187612465,odom,base_link
1786133683.5455427,5.159958932475726,-1.4810360805441782,0.0,0.0,0.0,-0.18585634686867553,0.9825769274355217,odom,base_link
1786133683.5932913,5.16086022977139,-1.4813715700769214,0.0,0.0,0.0,-0.17722865264711288,0.9841697031919286,odom,base_link
1786133683.6565692,5.161466350776689,-1.481580566650369,0.0,0.0,0.0,-0.16526023382559082,0.9862499962564821,odom,base_link
1786133683.7211058,5.162384051951726,-1.481868168102187,0.0,0.0,0.0,-0.1512663795809048,0.9884930360950883,odom,base_link
1786133683.7688596,5.1629998505054795,-1.4820466460615371,0.0,0.0,0.0,-0.1405838521470032,0.9900687756492018,odom,base_link
1786133683.8491027,5.163311006152529,-1.4821237675468923,0.0,0.0,0.0,-0.12118085191109935,0.9926304453975308,odom,base_link
1786133683.929005,5.163625115494918,-1.4821878056700606,0.0,0.0,0.0,-0.1003885739407918,0.9949483073115578,odom,base_link
1786133684.024585,5.163625115494918,-1.4821878056700606,0.0,0.0,0.0,-0.076188176639486,0.9970934568737028,odom,base_link
1786133684.1043203,5.163943724627968,-1.4822232144335517,0.0,0.0,0.0,-0.055312379239073096,0.9984690985217884,odom,base_link
1786133684.1678786,5.1636246249008755,-1.482192539943106,0.0,0.0,0.0,-0.04789854612365015,0.9988522059239998,odom,base_link
1786133684.231645,5.16234758214253,-1.4820767351225208,0.0,0.0,0.0,-0.04520193082725982,0.9989778703502333,odom,base_link
1786133684.2958088,5.162667030947493,-1.482103531040157,0.0,0.0,0.0,-0.04183070077679707,0.9991247131727461,odom,base_link
1786133684.344114,5.162667030947493,-1.482103531040157,0.0,0.0,0.0,-0.04183070077679707,0.9991247131727461,odom,base_link
1786133684.4082656,5.162667030947493,-1.482103531040157,0.0,0.0,0.0,-0.04183070077679707,0.9991247131727461,odom,base_link
1786133684.455218,5.162667030947493,-1.482103531040157,0.0,0.0,0.0,-0.04183070077679707,0.9991247131727461,odom,base_link
1786133684.5196776,5.162667030947493,-1.482103531040157,0.0,0.0,0.0,-0.04183070077679707,0.9991247131727461,odom,base_link
1786133684.5681214,5.162667030947493,-1.482103531040157,0.0,0.0,0.0,-0.04183070077679707,0.9991247131727461,odom,base_link
1786133684.6157548,5.162667030947493,-1.482103531040157,0.0,0.0,0.0,-0.04183070077679707,0.9991247131727461,odom,base_link
1786133684.663526,5.162667030947493,-1.482103531040157,0.0,0.0,0.0,-0.04183070077679707,0.9991247131727461,odom,base_link
1786133684.7274196,5.162667030947493,-1.482103531040157,0.0,0.0,0.0,-0.04183070077679707,0.9991247131727461,odom,base_link
1786133684.8555038,5.163306070902694,-1.482155397950959,0.0,0.0,0.0,-0.04048207323827031,0.9991802648903406,odom,base_link
1786133684.9512107,5.162986259470631,-1.4821333478236016,0.0,0.0,0.0,-0.034412372091095156,0.9994077189250962,odom,base_link
1786133685.0469584,5.162666306509762,-1.4821134565434468,0.0,0.0,0.0,-0.03103975297926291,0.9995181507781569,odom,base_link
1786133685.1112306,5.162666306509762,-1.4821134565434468,0.0,0.0,0.0,-0.028341401368023385,0.9995983018035278,odom,base_link
1786133685.206147,5.162986519529432,-1.4821285953091932,0.0,0.0,0.0,-0.023618800894798116,0.9997210372120274,odom,base_link
1786133685.2869174,5.162986519529432,-1.4821285953091932,0.0,0.0,0.0,-0.023618800894798116,0.9997210372120274,odom,base_link
1786133685.3352263,5.162986519529432,-1.4821285953091932,0.0,0.0,0.0,-0.023618800894798116,0.9997210372120274,odom,base_link
1786133685.39887,5.162986519529432,-1.4821285953091932,0.0,0.0,0.0,-0.023618800894798116,0.9997210372120274,odom,base_link
1786133685.4628162,5.162986519529432,-1.4821285953091932,0.0,0.0,0.0,-0.023618800894798116,0.9997210372120274,odom,base_link
1786133685.5587401,5.162986519529432,-1.4821285953091932,0.0,0.0,0.0,-0.023618800894798116,0.9997210372120274,odom,base_link
1786133685.6700125,5.162986519529432,-1.4821285953091932,0.0,0.0,0.0,-0.023618800894798116,0.9997210372120274,odom,base_link
1786133685.7495883,5.162986519529432,-1.4821285953091932,0.0,0.0,0.0,-0.023618800894798116,0.9997210372120274,odom,base_link
1786133685.8139875,5.162666286367592,-1.4821138887714433,0.0,0.0,0.0,-0.02294409819529151,0.999736749528597,odom,base_link
1786133685.9100857,5.162346033647009,-1.482099614488484,0.0,0.0,0.0,-0.02226938504542252,0.9997520064944599,odom,base_link
1786133685.989498,5.162346033647009,-1.482099614488484,0.0,0.0,0.0,-0.022269385045422523,0.9997520064944599,odom,base_link
1786133686.053322,5.162346033647009,-1.482099614488484,0.0,0.0,0.0,-0.022269385045422526,0.9997520064944599,odom,base_link
1786133686.14965,5.162346033647009,-1.482099614488484,0.0,0.0,0.0,-0.02091992862385002,0.9997811543464765,odom,base_link
1786133686.2934892,5.16298668388818,-1.4821247045117119,0.0,0.0,0.0,-0.01957043408863128,0.999808480714973,odom,base_link
1786133686.405159,5.163948045521006,-1.4821506631842671,0.0,0.0,0.0,-0.013497302946998089,0.9999089072576346,odom,base_link
1786133686.5492864,5.163627475134089,-1.4821510958812314,0.0,0.0,0.0,0.0006748855886368794,0.9999997722646952,odom,base_link
1786133686.613605,5.163627475134089,-1.4821510958812314,0.0,0.0,0.0,0.01282247576172705,0.9999177886783193,odom,base_link
1786133686.6933534,5.163627475134089,-1.4821510958812314,0.0,0.0,0.0,0.03036518551487334,0.9995388714345467,odom,base_link
1786133686.7561755,5.163308026329126,-1.4821778917988675,0.0,0.0,0.0,0.041830700776796535,0.9991247131727461,odom,base_link
1786133686.8205984,5.163308026329126,-1.4821778917988675,0.0,0.0,0.0,0.04587611630125059,0.9989471367160097,odom,base_link
1786133686.8847842,5.1623509790569955,-1.4822724992016358,0.0,0.0,0.0,0.049246724101769924,0.9987866439661897,odom,base_link
1786133686.9327908,5.162669951957662,-1.482240532831264,0.0,0.0,0.0,0.04992077959868824,0.998753180602825,odom,base_link
1786133686.9968736,5.162669951957662,-1.482240532831264,0.0,0.0,0.0,0.04992077959868824,0.998753180602825,odom,base_link
1786133687.044595,5.162669951957662,-1.482240532831264,0.0,0.0,0.0,0.04992077959868824,0.998753180602825,odom,base_link
1786133687.1085763,5.162669951957662,-1.482240532831264,0.0,0.0,0.0,0.04992077959868824,0.998753180602825,odom,base_link
1786133687.156536,5.162669951957662,-1.482240532831264,0.0,0.0,0.0,0.04992077959868824,0.998753180602825,odom,base_link
1786133687.219466,5.162669951957662,-1.482240532831264,0.0,0.0,0.0,0.04992077959868824,0.998753180602825,odom,base_link
1786133687.3326943,5.163626999229793,-1.4821459254284957,0.0,0.0,0.0,0.049246724101769924,0.9987866439661897,odom,base_link
1786133687.4920025,5.171601321746465,-1.4813467661691997,0.0,0.0,0.0,0.04992077959868824,0.998753180602825,odom,base_link
1786133687.603804,5.181173062732798,-1.480413610948625,0.0,0.0,0.0,0.04857264617441615,0.9988196524115928,odom,base_link
1786133687.7158017,5.194259498958584,-1.479191279735106,0.0,0.0,0.0,0.046550280880019244,0.9989159480907247,odom,base_link
1786133687.7788987,5.203196577356683,-1.4783565169551416,0.0,0.0,0.0,0.046550280880019244,0.9989159480907247,odom,base_link
1786133687.827275,5.211177110388316,-1.4776219642663373,0.0,0.0,0.0,0.04587611630125059,0.9989471367160097,odom,base_link
1786133687.891658,5.222030635311338,-1.4766229726095634,0.0,0.0,0.0,0.04587611630125059,0.9989471367160097,odom,base_link
1786133687.9392676,5.2309665788298005,-1.4757761475819353,0.0,0.0,0.0,0.047224424256503084,0.9988843044885838,odom,base_link
1786133688.0034435,5.243411468186408,-1.4745798424545573,0.0,0.0,0.0,0.047898546123649625,0.9988522059239998,odom,base_link
1786133688.0672617,5.255851411312417,-1.4733331540100558,0.0,0.0,0.0,0.04992077959868824,0.998753180602825,odom,base_link
1786133688.1154118,5.2657382246600175,-1.4723288506810153,0.0,0.0,0.0,0.05059481235815865,0.9987192623367404,odom,base_link
1786133688.179451,5.279129540110878,-1.4709320261827967,0.0,0.0,0.0,0.05194280843675777,0.9986500611584131,odom,base_link
1786133688.2266266,5.289649797000204,-1.4698203202709192,0.0,0.0,0.0,0.05261677114191388,0.9986147782776897,odom,base_link
1786133688.2907305,5.3036727536165085,-1.4683001846605193,0.0,0.0,0.0,0.053964624349088344,0.9985428480134749,odom,base_link
1786133688.3391123,5.314185268236741,-1.4671175049019618,0.0,0.0,0.0,0.05598621904778293,0.9984315416075024,odom,base_link
1786133688.4029691,5.328197646402954,-1.4655027657082171,0.0,0.0,0.0,0.05733382185806903,0.9983550635275744,odom,base_link
1786133688.4506857,5.338385259534989,-1.4643009036898222,0.0,0.0,0.0,0.05868132021288385,0.9982767665622961,odom,base_link
1786133688.5147808,5.353025236119513,-1.4625336994072486,0.0,0.0,0.0,0.06002871165724409,0.9981966508543151,odom,base_link
1786133688.5785604,5.366703630171785,-1.4608263456212462,0.0,0.0,0.0,0.062049592996886546,0.9980730674699727,odom,base_link
1786133688.6267538,5.377195610508919,-1.4594735545593658,0.0,0.0,0.0,0.06407021998071269,0.9979453927503363,odom,base_link
1786133688.690688,5.390544343483403,-1.4577157786466788,0.0,0.0,0.0,0.06541715923738414,0.9978580035642901,odom,base_link
1786133688.7386184,5.40071115426416,-1.4563490701234179,0.0,0.0,0.0,0.06676397931169557,0.997768796398478,odom,base_link
1786133688.802548,5.414050202344866,-1.4545192492349444,0.0,0.0,0.0,0.06811067774989941,0.9976777714154251,odom,base_link
1786133688.8502402,5.4238938582689435,-1.4531553792281702,0.0,0.0,0.0,0.06878398058872537,0.9976315772941281,odom,base_link
1786133688.9143717,5.437540189154177,-1.4512082854526867,0.0,0.0,0.0,0.07080369990410663,0.9974902686642558,odom,base_link
1786133688.9619193,5.447691649548679,-1.4497318757879447,0.0,0.0,0.0,0.0721500187137408,0.9973937912377472,odom,base_link
1786133689.026106,5.461010161633752,-1.4477581270645654,0.0,0.0,0.0,0.0734962060745379,0.9972954966772131,odom,base_link
1786133689.0903718,5.474323296977117,-1.445748431686525,0.0,0.0,0.0,0.0748422595339031,0.9971953851617344,odom,base_link
1786133689.1380258,5.484462467706139,-1.4441898584392905,0.0,0.0,0.0,0.07618817663948553,0.9970934568737028,odom,base_link
1786133689.2012053,5.497764558546535,-1.4421083139509026,0.0,0.0,0.0,0.07753395493918273,0.9969897119988194,odom,base_link
1786133689.2493453,5.507895166668152,-1.440495021440067,0.0,0.0,0.0,0.07887959198114514,0.9968841507260952,odom,base_link
1786133689.3132586,5.521185825248974,-1.4383416885184561,0.0,0.0,0.0,0.0802250853137805,0.9967767732478504,odom,base_link
1786133689.3615906,5.5309934428442284,-1.4367390842465704,0.0,0.0,0.0,0.08089777732304948,0.9967224034926627,odom,base_link
1786133689.425234,5.543956118911222,-1.4345670032468563,0.0,0.0,0.0,0.08291563104601492,0.9965565704606243,odom,base_link
1786133689.4896352,5.557228902791127,-1.432306106022163,0.0,0.0,0.0,0.08426067854375649,0.9964437455528263,odom,base_link
1786133689.537405,5.567023220004816,-1.4306241269305446,0.0,0.0,0.0,0.08493314487838641,0.9963866523097683,odom,base_link
1786133689.6016645,5.579973979947258,-1.4283820913375287,0.0,0.0,0.0,0.08560557252846504,0.9963291052418742,odom,base_link
1786133689.649301,5.589445682598327,-1.4267160021847858,0.0,0.0,0.0,0.08695031054990214,0.996212649736629,odom,base_link
1786133689.7135072,5.6020685765520835,-1.424460465764425,0.0,0.0,0.0,0.08829489015811345,0.996094379249259,odom,base_link
1786133689.7610116,5.611848951000291,-1.4226992221697297,0.0,0.0,0.0,0.08896711979172753,0.9960345634544839,odom,base_link
1786133689.8252716,5.625093290971653,-1.4202772587294057,0.0,0.0,0.0,0.09031145718706841,0.9959135708989753,odom,base_link
1786133689.8730948,5.6348664534272785,-1.4184764258768199,0.0,0.0,0.0,0.09098356433648906,0.9958523941933503,odom,base_link
1786133689.937006,5.64841254952957,-1.4159236232625734,0.0,0.0,0.0,0.09299963591830823,0.9956661426999825,odom,base_link
1786133690.0010476,5.6616368408042,-1.413394479441629,0.0,0.0,0.0,0.0943434723566621,0.9955397075072836,odom,base_link
1786133690.0489917,5.671395098646252,-1.4115145573062577,0.0,0.0,0.0,0.09501532627283539,0.9954758097378693,odom,base_link
1786133690.1128159,5.68460904023297,-1.4089318850610668,0.0,0.0,0.0,0.09635890396912619,0.9953466539984291,odom,base_link
1786133690.160914,5.6946714565476935,-1.4069369636218962,0.0,0.0,0.0,0.09770230611084207,0.9952156848546064,odom,base_link
1786133690.223764,5.707871261541346,-1.4042829861704433,0.0,0.0,0.0,0.09904553025046252,0.9950829025450114,odom,base_link
1786133690.2725322,5.717611321825788,-1.4023109494054615,0.0,0.0,0.0,0.09971707480472536,0.9950158315285184,odom,base_link
1786133690.3363912,5.731118023548491,-1.3995573101092273,0.0,0.0,0.0,0.10038857394079133,0.9949483073115579,odom,base_link
1786133690.3845074,5.741163953929916,-1.397480963218453,0.0,0.0,0.0,0.10173143473496109,0.9948118993994626,odom,base_link
1786133690.4478228,5.75465176428338,-1.3946362325336958,0.0,0.0,0.0,0.10374537764421608,0.9946038893034045,odom,base_link
1786133690.512197,5.768135722615632,-1.3917732989868072,0.0,0.0,0.0,0.10441659784902418,0.9945336465367248,odom,base_link
1786133690.5598485,5.778164508177187,-1.3896156628266476,0.0,0.0,0.0,0.10575889527686659,0.9943918020930265,odom,base_link
1786133690.6239884,5.791636763076994,-1.3866981521215374,0.0,0.0,0.0,0.10642997188852384,0.9943202004806138,odom,base_link
1786133690.6718957,5.801656729495863,-1.384499924061486,0.0,0.0,0.0,0.10777197937903221,0.9941756386377235,odom,base_link
1786133690.7357185,5.815425973590916,-1.3814401787146295,0.0,0.0,0.0,0.10911379052168638,0.9940292655239027,odom,base_link
1786133690.7836835,5.825749799788623,-1.3791314328014883,0.0,0.0,0.0,0.10978462169860968,0.9939553998236003,odom,base_link
1786133690.8476586,5.839506541161759,-1.3760159567015335,0.0,0.0,0.0,0.11112613373592949,0.9938063103044297,odom,base_link
1786133690.895839,5.849820933908761,-1.3736654254185015,0.0,0.0,0.0,0.11179681398530666,0.9937310865534673,odom,base_link
1786133690.959546,5.863248387769275,-1.3705482145460073,0.0,0.0,0.0,0.11380854799067562,0.9935026997468371,odom,base_link
1786133691.0714107,5.886341533180057,-1.3651213514869212,0.0,0.0,0.0,0.11514944532105911,0.993348179261558,odom,base_link
1786133691.2473476,5.9081583658990695,-1.3598699654732875,0.0,0.0,0.0,0.11783060817306625,0.9930337092856241,odom,base_link
1786133691.3263834,5.910651718209814,-1.3592698070717295,0.0,0.0,0.0,0.11783060817306625,0.9930337092856241,odom,base_link
1786133691.391084,5.910651718209814,-1.3592698070717295,0.0,0.0,0.0,0.11783060817306625,0.9930337092856241,odom,base_link
1786133691.4547632,5.910651718209814,-1.3592698070717295,0.0,0.0,0.0,0.11783060817306625,0.9930337092856241,odom,base_link
1786133691.5030663,5.910340150714424,-1.3593452474853753,0.0,0.0,0.0,0.11850076547830454,0.9929539609574333,odom,base_link
1786133691.566947,5.9100286853301265,-1.3594211083750287,0.0,0.0,0.0,0.11917086880992693,0.9928737603678965,odom,base_link
1786133691.6150098,5.9100286853301265,-1.3594211083750287,0.0,0.0,0.0,0.11917086880992693,0.9928737603678965,odom,base_link
1786133691.6625826,5.9100286853301265,-1.3594211083750287,0.0,0.0,0.0,0.11917086880992693,0.9928737603678965,odom,base_link
1786133691.7107787,5.9100286853301265,-1.3594211083750287,0.0,0.0,0.0,0.11917086880992693,0.9928737603678965,odom,base_link
1786133691.757792,5.9100286853301265,-1.3594211083750287,0.0,0.0,0.0,0.11917086880992693,0.9928737603678965,odom,base_link
1786133691.806497,5.9100286853301265,-1.3594211083750287,0.0,0.0,0.0,0.11917086880992693,0.9928737603678965,odom,base_link
1786133691.8544204,5.9100286853301265,-1.3594211083750287,0.0,0.0,0.0,0.11917086880992693,0.9928737603678965,odom,base_link
1786133691.9024227,5.9100286853301265,-1.3594211083750287,0.0,0.0,0.0,0.11917086880992693,0.9928737603678965,odom,base_link
1786133691.94982,5.9100286853301265,-1.3594211083750287,0.0,0.0,0.0,0.11917086880992693,0.9928737603678965,odom,base_link
1786133691.9983716,5.9100286853301265,-1.3594211083750287,0.0,0.0,0.0,0.11917086880992693,0.9928737603678965,odom,base_link
1786133692.0460212,5.9100286853301265,-1.3594211083750287,0.0,0.0,0.0,0.11917086880992693,0.9928737603678965,odom,base_link
1786133692.094067,5.9100286853301265,-1.3594211083750287,0.0,0.0,0.0,0.11917086880992693,0.9928737603678965,odom,base_link
1786133692.142249,5.9100286853301265,-1.3594211083750287,0.0,0.0,0.0,0.11917086880992693,0.9928737603678965,odom,base_link
1786133692.189881,5.9100286853301265,-1.3594211083750287,0.0,0.0,0.0,0.11917086880992693,0.9928737603678965,odom,base_link
1786133692.253155,5.9100286853301265,-1.3594211083750287,0.0,0.0,0.0,0.11917086880992693,0.9928737603678965,odom,base_link
1786133692.3019717,5.9100286853301265,-1.3594211083750287,0.0,0.0,0.0,0.11917086880992693,0.9928737603678965,odom,base_link
1786133692.3495886,5.9100286853301265,-1.3594211083750287,0.0,0.0,0.0,0.11917086880992693,0.9928737603678965,odom,base_link
1786133692.397944,5.9100286853301265,-1.3594211083750287,0.0,0.0,0.0,0.11917086880992693,0.9928737603678965,odom,base_link
1786133692.445628,5.9100286853301265,-1.3594211083750287,0.0,0.0,0.0,0.11917086880992693,0.9928737603678965,odom,base_link
1786133692.4926686,5.9100286853301265,-1.3594211083750287,0.0,0.0,0.0,0.11917086880992693,0.9928737603678965,odom,base_link
1786133692.5417829,5.9100286853301265,-1.3594211083750287,0.0,0.0,0.0,0.11917086880992693,0.9928737603678965,odom,base_link
1786133692.5896287,5.9100286853301265,-1.3594211083750287,0.0,0.0,0.0,0.11917086880992693,0.9928737603678965,odom,base_link
1786133692.6528983,5.9100286853301265,-1.3594211083750287,0.0,0.0,0.0,0.11917086880992693,0.9928737603678965,odom,base_link
1786133692.7012906,5.9100286853301265,-1.3594211083750287,0.0,0.0,0.0,0.11917086880992693,0.9928737603678965,odom,base_link
1786133692.7972453,5.9100286853301265,-1.3594211083750287,0.0,0.0,0.0,0.11917086880992693,0.9928737603678965,odom,base_link
1786133692.957122,5.912830949681894,-1.3587345773279678,0.0,0.0,0.0,0.11984091786272107,0.9927931075535429,odom,base_link
1786133693.100894,5.919054062622897,-1.3571921476208633,0.0,0.0,0.0,0.1211808519110988,0.9926304453975308,odom,base_link
1786133693.2443585,5.932429267115563,-1.3538578672518524,0.0,0.0,0.0,0.12185073629638182,0.9925484361299601,odom,base_link
1786133693.340524,5.946727944274754,-1.3502523496927468,0.0,0.0,0.0,0.12319033826357306,0.9923830614024538,odom,base_link
1786133693.4045448,5.9576036597725315,-1.347494338878813,0.0,0.0,0.0,0.12386005523533196,0.9922996960178414,odom,base_link
1786133693.4524114,5.966611874182005,-1.3451969688005279,0.0,0.0,0.0,0.12452971579247597,0.9922158786698816,odom,base_link
1786133693.516324,5.978101146436197,-1.342250330890049,0.0,0.0,0.0,0.12519931962999445,0.9921316093967506,odom,base_link
1786133693.5962973,5.993300742795891,-1.3382864463647866,0.0,0.0,0.0,0.12720778777507777,0.9918760904111817,odom,base_link
1786133693.6758533,6.008494974973784,-1.3343020494779891,0.0,0.0,0.0,0.12787716168450572,0.9917900138232462,odom,base_link
1786133693.7241175,6.01810424129488,-1.3317683359745984,0.0,0.0,0.0,0.1285464773496449,0.9917034855041084,odom,base_link
1786133693.7880013,6.030494423808532,-1.3284655684093962,0.0,0.0,0.0,0.12988493272766904,0.9915290738300763,odom,base_link
1786133693.8518448,6.043809065549569,-1.324897118310591,0.0,0.0,0.0,0.13055407183092696,0.9914411905546214,odom,base_link
1786133693.899536,6.053710431171468,-1.3222147886401858,0.0,0.0,0.0,0.1318921713420686,0.9912640693269753,odom,base_link
1786133693.963513,6.066696422313757,-1.3186591617987313,0.0,0.0,0.0,0.13323003056120689,0.991085142132935,odom,base_link
1786133694.0114458,6.076895920909763,-1.3158516854511935,0.0,0.0,0.0,0.13389886929956318,0.9909950014002585,odom,base_link
1786133694.107398,6.096661996136475,-1.3103535035072171,0.0,0.0,0.0,0.13523636351066828,0.9908133658688756,odom,base_link
1786133694.2507305,6.12607806509923,-1.3024697184052056,0.0,0.0,0.0,0.13055407183092693,0.9914411905546214,odom,base_link
1786133694.3791819,6.1531395253518335,-1.2957236162632533,0.0,0.0,0.0,0.1218507362963818,0.9925484361299601,odom,base_link
1786133694.5070062,6.180137963251914,-1.2901434339942972,0.0,0.0,0.0,0.10173143473496096,0.9948118993994626,odom,base_link
1786133694.6027668,6.200086866924203,-1.2869941879438747,0.0,0.0,0.0,0.07820679127061128,0.9969371584002449,odom,base_link
1786133694.6827009,6.217868955045118,-1.2845304227703471,0.0,0.0,0.0,0.06878398058872527,0.9976315772941281,odom,base_link
1786133694.730488,6.227731775277268,-1.2833128512466536,0.0,0.0,0.0,0.061375993736361135,0.9981147165495929,odom,base_link
1786133694.794198,6.240478040738586,-1.2819137039702933,0.0,0.0,0.0,0.05463851423719909,0.9985062006627458,odom,base_link
1786133694.8585057,6.253552343939832,-1.2805677832857734,0.0,0.0,0.0,0.05126882207317898,0.9986848891833844,odom,base_link
1786133694.9062247,6.263121530959839,-1.2796087921746182,0.0,0.0,0.0,0.0499207795986882,0.998753180602825,odom,base_link
1786133694.9701355,6.276521968340705,-1.2783023748658138,0.0,0.0,0.0,0.04857264617441611,0.9988196524115928,odom,base_link
1786133695.0179505,6.2854555932612834,-1.2774314299932774,0.0,0.0,0.0,0.04857264617441611,0.9988196524115928,odom,base_link
1786133695.0816731,6.298214509287959,-1.276152775178404,0.0,0.0,0.0,0.04992077959868821,0.998753180602825,odom,base_link
1786133695.1299598,6.307783696307966,-1.275193784067249,0.0,0.0,0.0,0.04992077959868821,0.998753180602825,odom,base_link
1786133695.1933215,6.320863342360418,-1.273900816229416,0.0,0.0,0.0,0.04924672410176989,0.9987866439661897,odom,base_link
1786133695.2418659,6.330751502281092,-1.272909858747889,0.0,0.0,0.0,0.04992077959868821,0.998753180602825,odom,base_link
1786133695.3058622,6.34382761025695,-1.271581586603029,0.0,0.0,0.0,0.05059481235815862,0.9987192623367404,odom,base_link
1786133695.3693902,6.357222647695634,-1.2702209175765866,0.0,0.0,0.0,0.05059481235815862,0.9987192623367404,odom,base_link
1786133695.4178646,6.367108096457551,-1.2692032702297547,0.0,0.0,0.0,0.051268822073178996,0.9986848891833844,odom,base_link
1786133695.4973102,6.384006661193161,-1.2674406107439076,0.0,0.0,0.0,0.051942808436757734,0.9986500611584131,odom,base_link
1786133695.545665,6.394526918082487,-1.26632890483203,0.0,0.0,0.0,0.05261677114191385,0.9986147782776897,odom,base_link
1786133695.6096616,6.408233163857719,-1.264861816713082,0.0,0.0,0.0,0.053290709881677126,0.9985790405572845,odom,base_link
1786133695.6569662,6.4187503813199465,-1.263721715005282,0.0,0.0,0.0,0.053964624349088296,0.9985428480134749,odom,base_link
1786133695.7216218,6.432452616690864,-1.2622176316831948,0.0,0.0,0.0,0.054638514237199114,0.9985062006627458,odom,base_link
1786133695.7848287,6.446790027678098,-1.260624237326101,0.0,0.0,0.0,0.05531237923907255,0.9984690985217886,odom,base_link
1786133695.8334801,6.457302542298331,-1.2594415575675435,0.0,0.0,0.0,0.05598621904778289,0.9984315416075024,odom,base_link
1786133695.8973467,6.471314920464543,-1.2578268183737988,0.0,0.0,0.0,0.057333821858069,0.9983550635275744,odom,base_link
1786133695.9452002,6.481822559869919,-1.2566015799567896,0.0,0.0,0.0,0.058007584245851285,0.9983161423967662,odom,base_link
1786133696.0090897,6.49551216501609,-1.2549865778695715,0.0,0.0,0.0,0.05868132021288382,0.9982767665622961,odom,base_link
1786133696.0571795,6.506016458554885,-1.2537329781317188,0.0,0.0,0.0,0.05935502945229966,0.9982369360420985,odom,base_link
1786133696.1212344,6.520017620050761,-1.2520237089009774,0.0,0.0,0.0,0.06070236652087455,0.9981559110172946,odom,base_link
1786133696.1685348,6.530516751265631,-1.2507275843757553,0.0,0.0,0.0,0.06137599373636117,0.9981147165495929,odom,base_link
1786133696.231656,6.544510876624907,-1.2489616342163168,0.0,0.0,0.0,0.06272316399564588,0.9980309637974041,odom,base_link
1786133696.2964272,6.558820599448807,-1.2471362323161246,0.0,0.0,0.0,0.06339670642584753,0.9979884055510639,odom,base_link
1786133696.3770134,6.575986290975044,-1.2448994024268618,0.0,0.0,0.0,0.06474370435347562,0.9979019254148124,odom,base_link
1786133696.4565263,6.593460497004471,-1.2425503721525073,0.0,0.0,0.0,0.06676397931169553,0.997768796398478,odom,base_link
1786133696.5044115,6.604262733459025,-1.2410982443465426,0.0,0.0,0.0,0.06676397931169553,0.997768796398478,odom,base_link
1786133696.5682814,6.6185519114133315,-1.2391184330463865,0.0,0.0,0.0,0.06878398058872531,0.9976315772941281,odom,base_link
1786133696.6323493,6.6328384040594175,-1.2371193364335646,0.0,0.0,0.0,0.06945725209846969,0.9975849287809683,odom,base_link
1786133696.67987,6.643948011744629,-1.2355494866576109,0.0,0.0,0.0,0.0701304919724771,0.9975378258971929,odom,base_link
1786133696.7602432,6.662030300572335,-1.2329196319422895,0.0,0.0,0.0,0.07215001871374074,0.9973937912377472,odom,base_link
1786133696.824143,6.676617242379796,-1.230757907150017,0.0,0.0,0.0,0.07349620607453784,0.9972954966772131,odom,base_link
1786133696.903386,6.694688733882586,-1.2280548533331592,0.0,0.0,0.0,0.0741692496951771,0.9972456680275199,odom,base_link
1786133696.9679081,6.70926680262139,-1.2258340793197882,0.0,0.0,0.0,0.07551523528417936,0.9971446481027589,odom,base_link
1786133697.047938,6.727319640190498,-1.2230091260855476,0.0,0.0,0.0,0.07753395493918265,0.9969897119988194,odom,base_link
1786133697.1438136,6.749792074989795,-1.219399297400922,0.0,0.0,0.0,0.07955235676434294,0.9968306890005136,odom,base_link
1786133697.2230358,6.769407310180304,-1.2161940888571505,0.0,0.0,0.0,0.08089777732304938,0.9967224034926627,odom,base_link
1786133697.2867134,6.78553161455632,-1.2134922320038477,0.0,0.0,0.0,0.08291563104601483,0.9965565704606243,odom,base_link
1786133697.3514345,6.80165225735637,-1.2107686134954336,0.0,0.0,0.0,0.08358817383086385,0.9965003849450442,odom,base_link
1786133697.4149508,6.81839348362343,-1.2078703723629984,0.0,0.0,0.0,0.08560557252846494,0.9963291052418742,odom,base_link
1786133697.4791005,6.835130782678764,-1.204949537051149,0.0,0.0,0.0,0.0862779611877213,0.9962711043753553,odom,base_link
1786133697.5270011,6.847756709591164,-1.2027110407000017,0.0,0.0,0.0,0.08762262030877185,0.9961537413523199,odom,base_link
1786133697.5909402,6.864793490888042,-1.1996430679866612,0.0,0.0,0.0,0.08896711979172744,0.9960345634544839,odom,base_link
1786133697.6540647,6.881821927994078,-1.196529114991959,0.0,0.0,0.0,0.09031145718706834,0.9959135708989754,odom,base_link
1786133697.7024302,6.894747723499907,-1.1941473683159585,0.0,0.0,0.0,0.09098356433648898,0.9958523941933503,odom,base_link
1786133697.7665112,6.911763411660484,-1.1909644875532794,0.0,0.0,0.0,0.09232765400820556,0.9957286800656798,odom,base_link
1786133697.8140032,6.924361214510707,-1.1885727811209883,0.0,0.0,0.0,0.09367157546980989,0.9956031518376204,odom,base_link
1786133697.8785572,6.941359470106538,-1.1852980780464706,0.0,0.0,0.0,0.09501532627283531,0.9954758097378693,odom,base_link
1786133697.9262576,6.953944176379602,-1.1828383901939077,0.0,0.0,0.0,0.09635890396912611,0.9953466539984293,odom,base_link
1786133697.99046,6.970924503910698,-1.1794719602653072,0.0,0.0,0.0,0.09770230611084199,0.9952156848546064,odom,base_link
1786133698.0385025,6.983813513064634,-1.176898567618063,0.0,0.0,0.0,0.09837394058387154,0.9951495203304883,odom,base_link
1786133698.1664574,7.017099910727405,-1.1700655913278626,0.0,0.0,0.0,0.10106002735281225,0.9948803299248854,odom,base_link
1786133698.3899426,7.062895731927539,-1.1604067383051988,0.0,0.0,0.0,0.10374537764421601,0.9946038893034046,odom,base_link
1786133698.4858458,7.070730720647504,-1.1587210850550742,0.0,0.0,0.0,0.10575889527686654,0.9943918020930265,odom,base_link
1786133698.549704,7.071983586196938,-1.1584479973802235,0.0,0.0,0.0,0.10710100002445687,0.9942481459845732,odom,base_link
1786133698.5976398,7.072296710147527,-1.1583793027533469,0.0,0.0,0.0,0.10777197937903217,0.9941756386377235,odom,base_link
1786133698.6607907,7.072296710147527,-1.1583793027533469,0.0,0.0,0.0,0.10777197937903217,0.9941756386377235,odom,base_link
1786133698.7096105,7.072296710147527,-1.1583793027533469,0.0,0.0,0.0,0.10777197937903217,0.9941756386377235,odom,base_link
1786133698.7731771,7.072296710147527,-1.1583793027533469,0.0,0.0,0.0,0.10777197937903217,0.9941756386377235,odom,base_link
1786133698.8214662,7.072296710147527,-1.1583793027533469,0.0,0.0,0.0,0.10777197937903217,0.9941756386377235,odom,base_link
1786133698.8695705,7.072296710147527,-1.1583793027533469,0.0,0.0,0.0,0.10777197937903217,0.9941756386377235,odom,base_link
1786133698.9173346,7.072296710147527,-1.1583793027533469,0.0,0.0,0.0,0.10777197937903217,0.9941756386377235,odom,base_link
1786133698.9653056,7.072296710147527,-1.1583793027533469,0.0,0.0,0.0,0.10777197937903217,0.9941756386377235,odom,base_link
1786133699.0130622,7.072296710147527,-1.1583793027533469,0.0,0.0,0.0,0.10777197937903217,0.9941756386377235,odom,base_link
1786133699.0612845,7.072296710147527,-1.1583793027533469,0.0,0.0,0.0,0.10777197937903217,0.9941756386377235,odom,base_link
1786133699.1091354,7.072296710147527,-1.1583793027533469,0.0,0.0,0.0,0.10777197937903217,0.9941756386377235,odom,base_link
1786133699.1562264,7.072296710147527,-1.1583793027533469,0.0,0.0,0.0,0.10777197937903217,0.9941756386377235,odom,base_link
1786133699.2040868,7.072296710147527,-1.1583793027533469,0.0,0.0,0.0,0.10777197937903217,0.9941756386377235,odom,base_link
1786133699.2531092,7.072296710147527,-1.1583793027533469,0.0,0.0,0.0,0.10777197937903217,0.9941756386377235,odom,base_link
1786133699.3007917,7.072296710147527,-1.1583793027533469,0.0,0.0,0.0,0.10777197937903217,0.9941756386377235,odom,base_link
1786133699.3484313,7.072296710147527,-1.1583793027533469,0.0,0.0,0.0,0.10777197937903217,0.9941756386377235,odom,base_link
1786133699.3962317,7.072296710147527,-1.1583793027533469,0.0,0.0,0.0,0.10777197937903217,0.9941756386377235,odom,base_link
1786133699.4447665,7.072296710147527,-1.1583793027533469,0.0,0.0,0.0,0.10777197937903217,0.9941756386377235,odom,base_link
1786133699.4926822,7.072296710147527,-1.1583793027533469,0.0,0.0,0.0,0.10777197937903217,0.9941756386377235,odom,base_link
1786133699.5405161,7.072296710147527,-1.1583793027533469,0.0,0.0,0.0,0.10777197937903217,0.9941756386377235,odom,base_link
1786133699.5877936,7.072296710147527,-1.1583793027533469,0.0,0.0,0.0,0.10777197937903217,0.9941756386377235,odom,base_link
1786133699.6364639,7.072296710147527,-1.1583793027533469,0.0,0.0,0.0,0.10777197937903217,0.9941756386377235,odom,base_link
1786133699.6837142,7.072296710147527,-1.1583793027533469,0.0,0.0,0.0,0.10777197937903217,0.9941756386377235,odom,base_link
1786133699.748425,7.072296710147527,-1.1583793027533469,0.0,0.0,0.0,0.10777197937903217,0.9941756386377235,odom,base_link
1786133699.7964456,7.072296710147527,-1.1583793027533469,0.0,0.0,0.0,0.10777197937903217,0.9941756386377235,odom,base_link
1786133699.8443265,7.072296710147527,-1.1583793027533469,0.0,0.0,0.0,0.10777197937903217,0.9941756386377235,odom,base_link
1786133699.8921807,7.072296710147527,-1.1583793027533469,0.0,0.0,0.0,0.10777197937903217,0.9941756386377235,odom,base_link
1786133699.9396799,7.072296710147527,-1.1583793027533469,0.0,0.0,0.0,0.10777197937903217,0.9941756386377235,odom,base_link
1786133699.9878943,7.072296710147527,-1.1583793027533469,0.0,0.0,0.0,0.10777197937903217,0.9941756386377235,odom,base_link
1786133700.035851,7.072296710147527,-1.1583793027533469,0.0,0.0,0.0,0.10777197937903217,0.9941756386377235,odom,base_link
1786133700.0838578,7.072296710147527,-1.1583793027533469,0.0,0.0,0.0,0.10777197937903217,0.9941756386377235,odom,base_link
1786133700.1478531,7.072296710147527,-1.1583793027533469,0.0,0.0,0.0,0.10777197937903217,0.9941756386377235,odom,base_link
1786133700.1954556,7.072296710147527,-1.1583793027533469,0.0,0.0,0.0,0.10777197937903217,0.9941756386377235,odom,base_link
1786133700.243107,7.072296710147527,-1.1583793027533469,0.0,0.0,0.0,0.10777197937903217,0.9941756386377235,odom,base_link
1786133700.2916288,7.072296710147527,-1.1583793027533469,0.0,0.0,0.0,0.10777197937903217,0.9941756386377235,odom,base_link
1786133700.33958,7.072296710147527,-1.1583793027533469,0.0,0.0,0.0,0.10777197937903217,0.9941756386377235,odom,base_link
1786133700.3875175,7.072296710147527,-1.1583793027533469,0.0,0.0,0.0,0.10777197937903217,0.9941756386377235,odom,base_link
1786133700.4354298,7.072296710147527,-1.1583793027533469,0.0,0.0,0.0,0.10777197937903217,0.9941756386377235,odom,base_link
1786133700.499334,7.072296710147527,-1.1583793027533469,0.0,0.0,0.0,0.10777197937903217,0.9941756386377235,odom,base_link
1786133700.5474482,7.072296710147527,-1.1583793027533469,0.0,0.0,0.0,0.10777197937903217,0.9941756386377235,odom,base_link
1786133700.5953736,7.072296710147527,-1.1583793027533469,0.0,0.0,0.0,0.10777197937903217,0.9941756386377235,odom,base_link
1786133700.6432483,7.072296710147527,-1.1583793027533469,0.0,0.0,0.0,0.10777197937903217,0.9941756386377235,odom,base_link
1786133700.6911054,7.072296710147527,-1.1583793027533469,0.0,0.0,0.0,0.10777197937903217,0.9941756386377235,odom,base_link
1786133700.7390316,7.072296710147527,-1.1583793027533469,0.0,0.0,0.0,0.10777197937903217,0.9941756386377235,odom,base_link
1786133700.7871091,7.072296710147527,-1.1583793027533469,0.0,0.0,0.0,0.10777197937903217,0.9941756386377235,odom,base_link
1786133700.834758,7.072296710147527,-1.1583793027533469,0.0,0.0,0.0,0.10777197937903217,0.9941756386377235,odom,base_link
1786133700.8990197,7.072296710147527,-1.1583793027533469,0.0,0.0,0.0,0.10777197937903217,0.9941756386377235,odom,base_link
1786133700.9468374,7.072296710147527,-1.1583793027533469,0.0,0.0,0.0,0.10777197937903217,0.9941756386377235,odom,base_link
1786133700.9948514,7.072296710147527,-1.1583793027533469,0.0,0.0,0.0,0.10777197937903217,0.9941756386377235,odom,base_link
1786133701.0429332,7.072296710147527,-1.1583793027533469,0.0,0.0,0.0,0.10777197937903217,0.9941756386377235,odom,base_link
1786133701.0908277,7.072296710147527,-1.1583793027533469,0.0,0.0,0.0,0.10777197937903217,0.9941756386377235,odom,base_link
1786133701.138624,7.072296710147527,-1.1583793027533469,0.0,0.0,0.0,0.10777197937903217,0.9941756386377235,odom,base_link
1786133701.1864512,7.072296710147527,-1.1583793027533469,0.0,0.0,0.0,0.10777197937903217,0.9941756386377235,odom,base_link
1786133701.2339559,7.072296710147527,-1.1583793027533469,0.0,0.0,0.0,0.10777197937903217,0.9941756386377235,odom,base_link
1786133701.2969196,7.072296710147527,-1.1583793027533469,0.0,0.0,0.0,0.10777197937903217,0.9941756386377235,odom,base_link
1786133701.3463023,7.072296710147527,-1.1583793027533469,0.0,0.0,0.0,0.10777197937903217,0.9941756386377235,odom,base_link
1786133701.3940985,7.072296710147527,-1.1583793027533469,0.0,0.0,0.0,0.10777197937903217,0.9941756386377235,odom,base_link
1786133701.4420934,7.072296710147527,-1.1583793027533469,0.0,0.0,0.0,0.10777197937903217,0.9941756386377235,odom,base_link
1786133701.4899457,7.072296710147527,-1.1583793027533469,0.0,0.0,0.0,0.10777197937903217,0.9941756386377235,odom,base_link
1786133701.5380042,7.072296710147527,-1.1583793027533469,0.0,0.0,0.0,0.10777197937903217,0.9941756386377235,odom,base_link
1786133701.5858836,7.072296710147527,-1.1583793027533469,0.0,0.0,0.0,0.10777197937903217,0.9941756386377235,odom,base_link
1786133701.6338665,7.072296710147527,-1.1583793027533469,0.0,0.0,0.0,0.10777197937903217,0.9941756386377235,odom,base_link
1786133701.6977828,7.072296710147527,-1.1583793027533469,0.0,0.0,0.0,0.10777197937903217,0.9941756386377235,odom,base_link
1786133701.745754,7.072296710147527,-1.1583793027533469,0.0,0.0,0.0,0.10777197937903217,0.9941756386377235,odom,base_link
1786133701.7934783,7.072296710147527,-1.1583793027533469,0.0,0.0,0.0,0.10777197937903217,0.9941756386377235,odom,base_link
1786133701.8414497,7.072296710147527,-1.1583793027533469,0.0,0.0,0.0,0.10777197937903217,0.9941756386377235,odom,base_link
1786133701.8897147,7.072296710147527,-1.1583793027533469,0.0,0.0,0.0,0.10777197937903217,0.9941756386377235,odom,base_link
1786133701.9375913,7.072296710147527,-1.1583793027533469,0.0,0.0,0.0,0.10777197937903217,0.9941756386377235,odom,base_link
1786133701.985445,7.072296710147527,-1.1583793027533469,0.0,0.0,0.0,0.10777197937903217,0.9941756386377235,odom,base_link
1786133702.0492203,7.072296710147527,-1.1583793027533469,0.0,0.0,0.0,0.10777197937903217,0.9941756386377235,odom,base_link
1786133702.0971906,7.072296710147527,-1.1583793027533469,0.0,0.0,0.0,0.10777197937903217,0.9941756386377235,odom,base_link
1786133702.1450596,7.072296710147527,-1.1583793027533469,0.0,0.0,0.0,0.10777197937903217,0.9941756386377235,odom,base_link
1786133702.1926386,7.072296710147527,-1.1583793027533469,0.0,0.0,0.0,0.10777197937903217,0.9941756386377235,odom,base_link
1786133702.2411366,7.072296710147527,-1.1583793027533469,0.0,0.0,0.0,0.10777197937903217,0.9941756386377235,odom,base_link
1786133702.2890477,7.072296710147527,-1.1583793027533469,0.0,0.0,0.0,0.10777197937903217,0.9941756386377235,odom,base_link
1786133702.3368351,7.072296710147527,-1.1583793027533469,0.0,0.0,0.0,0.10777197937903217,0.9941756386377235,odom,base_link
1786133702.3849256,7.072296710147527,-1.1583793027533469,0.0,0.0,0.0,0.10777197937903217,0.9941756386377235,odom,base_link
1786133702.4484942,7.072296710147527,-1.1583793027533469,0.0,0.0,0.0,0.10777197937903217,0.9941756386377235,odom,base_link
1786133702.4966242,7.072296710147527,-1.1583793027533469,0.0,0.0,0.0,0.10777197937903217,0.9941756386377235,odom,base_link
1786133702.5447118,7.072296710147527,-1.1583793027533469,0.0,0.0,0.0,0.10777197937903217,0.9941756386377235,odom,base_link
1786133702.592891,7.072296710147527,-1.1583793027533469,0.0,0.0,0.0,0.10777197937903217,0.9941756386377235,odom,base_link
1786133702.6400023,7.072296710147527,-1.1583793027533469,0.0,0.0,0.0,0.10777197937903217,0.9941756386377235,odom,base_link
1786133702.688429,7.072296710147527,-1.1583793027533469,0.0,0.0,0.0,0.10777197937903217,0.9941756386377235,odom,base_link
1786133702.7365398,7.072296710147527,-1.1583793027533469,0.0,0.0,0.0,0.10777197937903217,0.9941756386377235,odom,base_link
1786133702.784634,7.072296710147527,-1.1583793027533469,0.0,0.0,0.0,0.10777197937903217,0.9941756386377235,odom,base_link
1786133702.8473778,7.072296710147527,-1.1583793027533469,0.0,0.0,0.0,0.10777197937903217,0.9941756386377235,odom,base_link
1786133702.8961132,7.072296710147527,-1.1583793027533469,0.0,0.0,0.0,0.10777197937903217,0.9941756386377235,odom,base_link
1786133702.9432924,7.072296710147527,-1.1583793027533469,0.0,0.0,0.0,0.10777197937903217,0.9941756386377235,odom,base_link
1786133702.992294,7.072296710147527,-1.1583793027533469,0.0,0.0,0.0,0.10777197937903217,0.9941756386377235,odom,base_link
1786133703.0399709,7.072296710147527,-1.1583793027533469,0.0,0.0,0.0,0.10777197937903217,0.9941756386377235,odom,base_link
1786133703.087944,7.072296710147527,-1.1583793027533469,0.0,0.0,0.0,0.10777197937903217,0.9941756386377235,odom,base_link
1786133703.1359324,7.072296710147527,-1.1583793027533469,0.0,0.0,0.0,0.10777197937903217,0.9941756386377235,odom,base_link
1786133703.1838856,7.072296710147527,-1.1583793027533469,0.0,0.0,0.0,0.10777197937903217,0.9941756386377235,odom,base_link
1786133703.247326,7.072296710147527,-1.1583793027533469,0.0,0.0,0.0,0.10777197937903217,0.9941756386377235,odom,base_link
1786133703.295458,7.072296710147527,-1.1583793027533469,0.0,0.0,0.0,0.10777197937903217,0.9941756386377235,odom,base_link
1786133703.3434913,7.072296710147527,-1.1583793027533469,0.0,0.0,0.0,0.10777197937903217,0.9941756386377235,odom,base_link
1786133703.3915803,7.072296710147527,-1.1583793027533469,0.0,0.0,0.0,0.10777197937903217,0.9941756386377235,odom,base_link
1786133703.4393494,7.072296710147527,-1.1583793027533469,0.0,0.0,0.0,0.10777197937903217,0.9941756386377235,odom,base_link
1786133703.4874105,7.072296710147527,-1.1583793027533469,0.0,0.0,0.0,0.10777197937903217,0.9941756386377235,odom,base_link
1786133703.535391,7.072296710147527,-1.1583793027533469,0.0,0.0,0.0,0.10777197937903217,0.9941756386377235,odom,base_link
1786133703.5994482,7.072296710147527,-1.1583793027533469,0.0,0.0,0.0,0.10777197937903217,0.9941756386377235,odom,base_link
1786133703.6470013,7.072296710147527,-1.1583793027533469,0.0,0.0,0.0,0.10777197937903217,0.9941756386377235,odom,base_link
1786133703.694968,7.072296710147527,-1.1583793027533469,0.0,0.0,0.0,0.10777197937903217,0.9941756386377235,odom,base_link
1786133703.7432518,7.072296710147527,-1.1583793027533469,0.0,0.0,0.0,0.10777197937903217,0.9941756386377235,odom,base_link
1786133703.7909486,7.072296710147527,-1.1583793027533469,0.0,0.0,0.0,0.10777197937903217,0.9941756386377235,odom,base_link
1786133703.8390663,7.072296710147527,-1.1583793027533469,0.0,0.0,0.0,0.10777197937903217,0.9941756386377235,odom,base_link
1786133703.8867118,7.072296710147527,-1.1583793027533469,0.0,0.0,0.0,0.10777197937903217,0.9941756386377235,odom,base_link
1786133703.9347618,7.072296710147527,-1.1583793027533469,0.0,0.0,0.0,0.10777197937903217,0.9941756386377235,odom,base_link
1786133703.998845,7.072296710147527,-1.1583793027533469,0.0,0.0,0.0,0.10777197937903217,0.9941756386377235,odom,base_link
1786133704.046578,7.072296710147527,-1.1583793027533469,0.0,0.0,0.0,0.10777197937903217,0.9941756386377235,odom,base_link
1786133704.0946188,7.072296710147527,-1.1583793027533469,0.0,0.0,0.0,0.10777197937903217,0.9941756386377235,odom,base_link
1786133704.1424408,7.072296710147527,-1.1583793027533469,0.0,0.0,0.0,0.10777197937903217,0.9941756386377235,odom,base_link
1786133704.1893706,7.072296710147527,-1.1583793027533469,0.0,0.0,0.0,0.10777197937903217,0.9941756386377235,odom,base_link
1786133704.2378733,7.072296710147527,-1.1583793027533469,0.0,0.0,0.0,0.10777197937903217,0.9941756386377235,odom,base_link
1786133704.2863262,7.072296710147527,-1.1583793027533469,0.0,0.0,0.0,0.10777197937903217,0.9941756386377235,odom,base_link
1786133704.3342366,7.072296710147527,-1.1583793027533469,0.0,0.0,0.0,0.10777197937903217,0.9941756386377235,odom,base_link
1786133704.3980887,7.072296710147527,-1.1583793027533469,0.0,0.0,0.0,0.10777197937903217,0.9941756386377235,odom,base_link
1786133704.44623,7.072296710147527,-1.1583793027533469,0.0,0.0,0.0,0.10777197937903217,0.9941756386377235,odom,base_link
1786133704.4941914,7.072296710147527,-1.1583793027533469,0.0,0.0,0.0,0.10777197937903217,0.9941756386377235,odom,base_link
1786133704.5418963,7.072296710147527,-1.1583793027533469,0.0,0.0,0.0,0.10777197937903217,0.9941756386377235,odom,base_link
1786133704.5899127,7.072296710147527,-1.1583793027533469,0.0,0.0,0.0,0.10777197937903217,0.9941756386377235,odom,base_link
1786133704.6377754,7.072296710147527,-1.1583793027533469,0.0,0.0,0.0,0.10777197937903217,0.9941756386377235,odom,base_link
1786133704.6857975,7.072296710147527,-1.1583793027533469,0.0,0.0,0.0,0.10777197937903217,0.9941756386377235,odom,base_link
1786133704.7336764,7.072296710147527,-1.1583793027533469,0.0,0.0,0.0,0.10777197937903217,0.9941756386377235,odom,base_link
1786133704.797421,7.072296710147527,-1.1583793027533469,0.0,0.0,0.0,0.10777197937903217,0.9941756386377235,odom,base_link
1786133704.8454905,7.072296710147527,-1.1583793027533469,0.0,0.0,0.0,0.10777197937903217,0.9941756386377235,odom,base_link
1786133704.8933778,7.072296710147527,-1.1583793027533469,0.0,0.0,0.0,0.10777197937903217,0.9941756386377235,odom,base_link
1786133704.941375,7.072296710147527,-1.1583793027533469,0.0,0.0,0.0,0.10777197937903217,0.9941756386377235,odom,base_link
1786133704.989223,7.072296710147527,-1.1583793027533469,0.0,0.0,0.0,0.10777197937903217,0.9941756386377235,odom,base_link
1786133705.0376308,7.072296710147527,-1.1583793027533469,0.0,0.0,0.0,0.10777197937903217,0.9941756386377235,odom,base_link
1786133705.0851676,7.072296710147527,-1.1583793027533469,0.0,0.0,0.0,0.10777197937903217,0.9941756386377235,odom,base_link
1786133705.149157,7.072296710147527,-1.1583793027533469,0.0,0.0,0.0,0.10777197937903217,0.9941756386377235,odom,base_link
1786133705.1966462,7.072296710147527,-1.1583793027533469,0.0,0.0,0.0,0.10777197937903217,0.9941756386377235,odom,base_link
1786133705.2447038,7.072296710147527,-1.1583793027533469,0.0,0.0,0.0,0.10777197937903217,0.9941756386377235,odom,base_link
1786133705.2928104,7.072296710147527,-1.1583793027533469,0.0,0.0,0.0,0.10777197937903217,0.9941756386377235,odom,base_link
1786133705.3408015,7.072296710147527,-1.1583793027533469,0.0,0.0,0.0,0.10777197937903217,0.9941756386377235,odom,base_link
1786133705.3884041,7.072296710147527,-1.1583793027533469,0.0,0.0,0.0,0.10777197937903217,0.9941756386377235,odom,base_link
1786133705.4365582,7.072296710147527,-1.1583793027533469,0.0,0.0,0.0,0.10777197937903217,0.9941756386377235,odom,base_link
1786133705.484622,7.072296710147527,-1.1583793027533469,0.0,0.0,0.0,0.10777197937903217,0.9941756386377235,odom,base_link
1786133705.5478096,7.072296710147527,-1.1583793027533469,0.0,0.0,0.0,0.10777197937903217,0.9941756386377235,odom,base_link
1786133705.5966704,7.072296710147527,-1.1583793027533469,0.0,0.0,0.0,0.10777197937903217,0.9941756386377235,odom,base_link
1786133705.6444542,7.072296710147527,-1.1583793027533469,0.0,0.0,0.0,0.10777197937903217,0.9941756386377235,odom,base_link
1786133705.6924462,7.072296710147527,-1.1583793027533469,0.0,0.0,0.0,0.10777197937903217,0.9941756386377235,odom,base_link
1786133705.7404442,7.072296710147527,-1.1583793027533469,0.0,0.0,0.0,0.10777197937903217,0.9941756386377235,odom,base_link
1786133705.7876625,7.072296710147527,-1.1583793027533469,0.0,0.0,0.0,0.10777197937903217,0.9941756386377235,odom,base_link
1786133705.8354166,7.072296710147527,-1.1583793027533469,0.0,0.0,0.0,0.10777197937903217,0.9941756386377235,odom,base_link
1786133705.8838277,7.072296710147527,-1.1583793027533469,0.0,0.0,0.0,0.10777197937903217,0.9941756386377235,odom,base_link
1786133705.947744,7.072296710147527,-1.1583793027533469,0.0,0.0,0.0,0.10777197937903217,0.9941756386377235,odom,base_link
1786133705.9959633,7.072296710147527,-1.1583793027533469,0.0,0.0,0.0,0.10777197937903217,0.9941756386377235,odom,base_link
1786133706.0441372,7.072296710147527,-1.1583793027533469,0.0,0.0,0.0,0.10777197937903217,0.9941756386377235,odom,base_link
1786133706.091617,7.072296710147527,-1.1583793027533469,0.0,0.0,0.0,0.10777197937903217,0.9941756386377235,odom,base_link
1786133706.1397038,7.072296710147527,-1.1583793027533469,0.0,0.0,0.0,0.10777197937903217,0.9941756386377235,odom,base_link
1786133706.1876113,7.072296710147527,-1.1583793027533469,0.0,0.0,0.0,0.10777197937903217,0.9941756386377235,odom,base_link
1786133706.234812,7.072296710147527,-1.1583793027533469,0.0,0.0,0.0,0.10777197937903217,0.9941756386377235,odom,base_link
1786133706.2833295,7.072296710147527,-1.1583793027533469,0.0,0.0,0.0,0.10777197937903217,0.9941756386377235,odom,base_link
1786133706.347292,7.072296710147527,-1.1583793027533469,0.0,0.0,0.0,0.10777197937903217,0.9941756386377235,odom,base_link
1786133706.3957272,7.072296710147527,-1.1583793027533469,0.0,0.0,0.0,0.10777197937903217,0.9941756386377235,odom,base_link
1786133706.4429972,7.072296710147527,-1.1583793027533469,0.0,0.0,0.0,0.10777197937903217,0.9941756386377235,odom,base_link
1786133706.4913538,7.072296710147527,-1.1583793027533469,0.0,0.0,0.0,0.10777197937903217,0.9941756386377235,odom,base_link
1786133706.539311,7.072296710147527,-1.1583793027533469,0.0,0.0,0.0,0.10777197937903217,0.9941756386377235,odom,base_link
1786133706.587223,7.072296710147527,-1.1583793027533469,0.0,0.0,0.0,0.10777197937903217,0.9941756386377235,odom,base_link
1786133706.6344512,7.072296710147527,-1.1583793027533469,0.0,0.0,0.0,0.10777197937903217,0.9941756386377235,odom,base_link
1786133706.698653,7.072296710147527,-1.1583793027533469,0.0,0.0,0.0,0.10777197937903217,0.9941756386377235,odom,base_link
1786133706.7468994,7.072296710147527,-1.1583793027533469,0.0,0.0,0.0,0.10777197937903217,0.9941756386377235,odom,base_link
1786133706.794907,7.072296710147527,-1.1583793027533469,0.0,0.0,0.0,0.10777197937903217,0.9941756386377235,odom,base_link
1786133706.8428276,7.072296710147527,-1.1583793027533469,0.0,0.0,0.0,0.10777197937903217,0.9941756386377235,odom,base_link
1786133706.8906183,7.072296710147527,-1.1583793027533469,0.0,0.0,0.0,0.10777197937903217,0.9941756386377235,odom,base_link
1786133706.9386287,7.072296710147527,-1.1583793027533469,0.0,0.0,0.0,0.10777197937903217,0.9941756386377235,odom,base_link
1786133706.9865766,7.072296710147527,-1.1583793027533469,0.0,0.0,0.0,0.10777197937903217,0.9941756386377235,odom,base_link
1786133707.0345643,7.072296710147527,-1.1583793027533469,0.0,0.0,0.0,0.10777197937903217,0.9941756386377235,odom,base_link
1786133707.0986004,7.072296710147527,-1.1583793027533469,0.0,0.0,0.0,0.10777197937903217,0.9941756386377235,odom,base_link
1786133707.1463697,7.072296710147527,-1.1583793027533469,0.0,0.0,0.0,0.10777197937903217,0.9941756386377235,odom,base_link
1786133707.1935742,7.072296710147527,-1.1583793027533469,0.0,0.0,0.0,0.10777197937903217,0.9941756386377235,odom,base_link
1786133707.2416532,7.072296710147527,-1.1583793027533469,0.0,0.0,0.0,0.10777197937903217,0.9941756386377235,odom,base_link
1786133707.290196,7.072296710147527,-1.1583793027533469,0.0,0.0,0.0,0.10777197937903217,0.9941756386377235,odom,base_link
1786133707.3380096,7.072296710147527,-1.1583793027533469,0.0,0.0,0.0,0.10777197937903217,0.9941756386377235,odom,base_link
1786133707.3861747,7.072296710147527,-1.1583793027533469,0.0,0.0,0.0,0.10777197937903217,0.9941756386377235,odom,base_link
1786133707.4341855,7.072296710147527,-1.1583793027533469,0.0,0.0,0.0,0.10777197937903217,0.9941756386377235,odom,base_link
1786133707.4979506,7.072296710147527,-1.1583793027533469,0.0,0.0,0.0,0.10777197937903217,0.9941756386377235,odom,base_link
1786133707.5456681,7.072296710147527,-1.1583793027533469,0.0,0.0,0.0,0.10777197937903217,0.9941756386377235,odom,base_link
1786133707.5938675,7.072296710147527,-1.1583793027533469,0.0,0.0,0.0,0.10777197937903217,0.9941756386377235,odom,base_link
1786133707.6418202,7.072296710147527,-1.1583793027533469,0.0,0.0,0.0,0.10777197937903217,0.9941756386377235,odom,base_link
1786133707.689844,7.072296710147527,-1.1583793027533469,0.0,0.0,0.0,0.10777197937903217,0.9941756386377235,odom,base_link
1786133707.7377374,7.072296710147527,-1.1583793027533469,0.0,0.0,0.0,0.10777197937903217,0.9941756386377235,odom,base_link
1786133707.784977,7.072296710147527,-1.1583793027533469,0.0,0.0,0.0,0.10777197937903217,0.9941756386377235,odom,base_link
1786133707.849112,7.072296710147527,-1.1583793027533469,0.0,0.0,0.0,0.10777197937903217,0.9941756386377235,odom,base_link
1786133707.8974142,7.072296710147527,-1.1583793027533469,0.0,0.0,0.0,0.10777197937903217,0.9941756386377235,odom,base_link
1786133707.9455175,7.072296710147527,-1.1583793027533469,0.0,0.0,0.0,0.10777197937903217,0.9941756386377235,odom,base_link
1786133707.9934955,7.072296710147527,-1.1583793027533469,0.0,0.0,0.0,0.10777197937903217,0.9941756386377235,odom,base_link
1786133708.0407288,7.072296710147527,-1.1583793027533469,0.0,0.0,0.0,0.10777197937903217,0.9941756386377235,odom,base_link
1786133708.089326,7.072296710147527,-1.1583793027533469,0.0,0.0,0.0,0.10777197937903217,0.9941756386377235,odom,base_link
1786133708.1370666,7.072296710147527,-1.1583793027533469,0.0,0.0,0.0,0.10777197937903217,0.9941756386377235,odom,base_link
1786133708.1850228,7.072296710147527,-1.1583793027533469,0.0,0.0,0.0,0.10777197937903217,0.9941756386377235,odom,base_link
1786133708.2487648,7.072296710147527,-1.1583793027533469,0.0,0.0,0.0,0.10777197937903217,0.9941756386377235,odom,base_link
1786133708.296586,7.072296710147527,-1.1583793027533469,0.0,0.0,0.0,0.10777197937903217,0.9941756386377235,odom,base_link
1786133708.3450353,7.072296710147527,-1.1583793027533469,0.0,0.0,0.0,0.10777197937903217,0.9941756386377235,odom,base_link
1786133708.3929267,7.072296710147527,-1.1583793027533469,0.0,0.0,0.0,0.10777197937903217,0.9941756386377235,odom,base_link
1786133708.440288,7.072296710147527,-1.1583793027533469,0.0,0.0,0.0,0.10777197937903217,0.9941756386377235,odom,base_link
1786133708.4887245,7.072296710147527,-1.1583793027533469,0.0,0.0,0.0,0.10777197937903217,0.9941756386377235,odom,base_link
1786133708.5364833,7.072296710147527,-1.1583793027533469,0.0,0.0,0.0,0.10777197937903217,0.9941756386377235,odom,base_link
1786133708.584791,7.072296710147527,-1.1583793027533469,0.0,0.0,0.0,0.10777197937903217,0.9941756386377235,odom,base_link
1786133708.6479726,7.072296710147527,-1.1583793027533469,0.0,0.0,0.0,0.10777197937903217,0.9941756386377235,odom,base_link
1786133708.6965365,7.072296710147527,-1.1583793027533469,0.0,0.0,0.0,0.10777197937903217,0.9941756386377235,odom,base_link
1786133708.7444444,7.072296710147527,-1.1583793027533469,0.0,0.0,0.0,0.10777197937903217,0.9941756386377235,odom,base_link
1786133708.792462,7.072296710147527,-1.1583793027533469,0.0,0.0,0.0,0.10777197937903217,0.9941756386377235,odom,base_link
1786133708.8402839,7.072296710147527,-1.1583793027533469,0.0,0.0,0.0,0.10777197937903217,0.9941756386377235,odom,base_link
1786133708.8882353,7.072296710147527,-1.1583793027533469,0.0,0.0,0.0,0.10777197937903217,0.9941756386377235,odom,base_link
1786133708.935938,7.072296710147527,-1.1583793027533469,0.0,0.0,0.0,0.10777197937903217,0.9941756386377235,odom,base_link
1786133708.9839752,7.072296710147527,-1.1583793027533469,0.0,0.0,0.0,0.10777197937903217,0.9941756386377235,odom,base_link
1786133709.0481064,7.072296710147527,-1.1583793027533469,0.0,0.0,0.0,0.10777197937903217,0.9941756386377235,odom,base_link
1786133709.0959244,7.072296710147527,-1.1583793027533469,0.0,0.0,0.0,0.10777197937903217,0.9941756386377235,odom,base_link
1786133709.1441123,7.072296710147527,-1.1583793027533469,0.0,0.0,0.0,0.10777197937903217,0.9941756386377235,odom,base_link
1786133709.191262,7.072296710147527,-1.1583793027533469,0.0,0.0,0.0,0.10777197937903217,0.9941756386377235,odom,base_link
1786133709.239296,7.072296710147527,-1.1583793027533469,0.0,0.0,0.0,0.10777197937903217,0.9941756386377235,odom,base_link
1786133709.2873511,7.072296710147527,-1.1583793027533469,0.0,0.0,0.0,0.10777197937903217,0.9941756386377235,odom,base_link
1786133709.3354304,7.072296710147527,-1.1583793027533469,0.0,0.0,0.0,0.10777197937903217,0.9941756386377235,odom,base_link
1786133709.399925,7.072296710147527,-1.1583793027533469,0.0,0.0,0.0,0.10777197937903217,0.9941756386377235,odom,base_link
1786133709.4468546,7.072296710147527,-1.1583793027533469,0.0,0.0,0.0,0.10777197937903217,0.9941756386377235,odom,base_link
1786133709.495449,7.072296710147527,-1.1583793027533469,0.0,0.0,0.0,0.10777197937903217,0.9941756386377235,odom,base_link
1786133709.5430346,7.072296710147527,-1.1583793027533469,0.0,0.0,0.0,0.10777197937903217,0.9941756386377235,odom,base_link
1786133709.5911088,7.072296710147527,-1.1583793027533469,0.0,0.0,0.0,0.10777197937903217,0.9941756386377235,odom,base_link
1786133709.6388857,7.072296710147527,-1.1583793027533469,0.0,0.0,0.0,0.10777197937903217,0.9941756386377235,odom,base_link
1786133709.6871457,7.072296710147527,-1.1583793027533469,0.0,0.0,0.0,0.10777197937903217,0.9941756386377235,odom,base_link
1786133709.7350998,7.072296710147527,-1.1583793027533469,0.0,0.0,0.0,0.10777197937903217,0.9941756386377235,odom,base_link
1786133709.7987983,7.072296710147527,-1.1583793027533469,0.0,0.0,0.0,0.10777197937903217,0.9941756386377235,odom,base_link
1786133709.8469176,7.072296710147527,-1.1583793027533469,0.0,0.0,0.0,0.10777197937903217,0.9941756386377235,odom,base_link
1786133709.895085,7.072296710147527,-1.1583793027533469,0.0,0.0,0.0,0.10777197937903217,0.9941756386377235,odom,base_link
1786133709.942739,7.072296710147527,-1.1583793027533469,0.0,0.0,0.0,0.10777197937903217,0.9941756386377235,odom,base_link
1786133709.990602,7.072296710147527,-1.1583793027533469,0.0,0.0,0.0,0.10777197937903217,0.9941756386377235,odom,base_link
1786133710.038686,7.072296710147527,-1.1583793027533469,0.0,0.0,0.0,0.10777197937903217,0.9941756386377235,odom,base_link
1786133710.0863497,7.072296710147527,-1.1583793027533469,0.0,0.0,0.0,0.10777197937903217,0.9941756386377235,odom,base_link
1786133710.1346254,7.072296710147527,-1.1583793027533469,0.0,0.0,0.0,0.10777197937903217,0.9941756386377235,odom,base_link
1786133710.1980076,7.072296710147527,-1.1583793027533469,0.0,0.0,0.0,0.10777197937903217,0.9941756386377235,odom,base_link
1786133710.246054,7.072296710147527,-1.1583793027533469,0.0,0.0,0.0,0.10777197937903217,0.9941756386377235,odom,base_link
1786133710.294411,7.072296710147527,-1.1583793027533469,0.0,0.0,0.0,0.10777197937903217,0.9941756386377235,odom,base_link
1786133710.342047,7.072296710147527,-1.1583793027533469,0.0,0.0,0.0,0.10777197937903217,0.9941756386377235,odom,base_link
1786133710.3900304,7.072296710147527,-1.1583793027533469,0.0,0.0,0.0,0.10777197937903217,0.9941756386377235,odom,base_link
1786133710.438041,7.072296710147527,-1.1583793027533469,0.0,0.0,0.0,0.10777197937903217,0.9941756386377235,odom,base_link
1786133710.4859114,7.072296710147527,-1.1583793027533469,0.0,0.0,0.0,0.10777197937903217,0.9941756386377235,odom,base_link
1786133710.533875,7.072296710147527,-1.1583793027533469,0.0,0.0,0.0,0.10777197937903217,0.9941756386377235,odom,base_link
1786133710.5978024,7.072296710147527,-1.1583793027533469,0.0,0.0,0.0,0.10777197937903217,0.9941756386377235,odom,base_link
1786133710.6458504,7.072296710147527,-1.1583793027533469,0.0,0.0,0.0,0.10777197937903217,0.9941756386377235,odom,base_link
1786133710.693269,7.072296710147527,-1.1583793027533469,0.0,0.0,0.0,0.10777197937903217,0.9941756386377235,odom,base_link
1786133710.741733,7.072296710147527,-1.1583793027533469,0.0,0.0,0.0,0.10777197937903217,0.9941756386377235,odom,base_link
1786133710.7894008,7.072296710147527,-1.1583793027533469,0.0,0.0,0.0,0.10777197937903217,0.9941756386377235,odom,base_link
1786133710.8376145,7.072296710147527,-1.1583793027533469,0.0,0.0,0.0,0.10777197937903217,0.9941756386377235,odom,base_link
1786133710.8854496,7.072296710147527,-1.1583793027533469,0.0,0.0,0.0,0.10777197937903217,0.9941756386377235,odom,base_link
1786133710.9489048,7.072296710147527,-1.1583793027533469,0.0,0.0,0.0,0.10777197937903217,0.9941756386377235,odom,base_link
1786133710.997518,7.072296710147527,-1.1583793027533469,0.0,0.0,0.0,0.10777197937903217,0.9941756386377235,odom,base_link
1786133711.0450585,7.072296710147527,-1.1583793027533469,0.0,0.0,0.0,0.10777197937903217,0.9941756386377235,odom,base_link
1786133711.093027,7.072296710147527,-1.1583793027533469,0.0,0.0,0.0,0.10777197937903217,0.9941756386377235,odom,base_link
1786133711.1410325,7.072296710147527,-1.1583793027533469,0.0,0.0,0.0,0.10777197937903217,0.9941756386377235,odom,base_link
1786133711.1885383,7.072296710147527,-1.1583793027533469,0.0,0.0,0.0,0.10777197937903217,0.9941756386377235,odom,base_link
1786133711.2362669,7.072296710147527,-1.1583793027533469,0.0,0.0,0.0,0.10777197937903217,0.9941756386377235,odom,base_link
1786133711.2848768,7.072296710147527,-1.1583793027533469,0.0,0.0,0.0,0.10777197937903217,0.9941756386377235,odom,base_link
1786133711.3484452,7.072296710147527,-1.1583793027533469,0.0,0.0,0.0,0.10777197937903217,0.9941756386377235,odom,base_link
1786133711.3964772,7.072296710147527,-1.1583793027533469,0.0,0.0,0.0,0.10777197937903217,0.9941756386377235,odom,base_link
1786133711.4446256,7.072296710147527,-1.1583793027533469,0.0,0.0,0.0,0.10777197937903217,0.9941756386377235,odom,base_link
1786133711.4923546,7.072296710147527,-1.1583793027533469,0.0,0.0,0.0,0.10777197937903217,0.9941756386377235,odom,base_link
1786133711.5404735,7.072296710147527,-1.1583793027533469,0.0,0.0,0.0,0.10777197937903217,0.9941756386377235,odom,base_link
1786133711.5884697,7.072296710147527,-1.1583793027533469,0.0,0.0,0.0,0.10777197937903217,0.9941756386377235,odom,base_link
1786133711.6365025,7.072296710147527,-1.1583793027533469,0.0,0.0,0.0,0.10777197937903217,0.9941756386377235,odom,base_link
1786133711.683885,7.072296710147527,-1.1583793027533469,0.0,0.0,0.0,0.10777197937903217,0.9941756386377235,odom,base_link
1786133711.7479098,7.072296710147527,-1.1583793027533469,0.0,0.0,0.0,0.10777197937903217,0.9941756386377235,odom,base_link
1786133711.796206,7.072296710147527,-1.1583793027533469,0.0,0.0,0.0,0.10777197937903217,0.9941756386377235,odom,base_link
1786133711.8442338,7.072296710147527,-1.1583793027533469,0.0,0.0,0.0,0.10777197937903217,0.9941756386377235,odom,base_link
1786133711.8922596,7.072296710147527,-1.1583793027533469,0.0,0.0,0.0,0.10777197937903217,0.9941756386377235,odom,base_link
1786133711.9401681,7.072296710147527,-1.1583793027533469,0.0,0.0,0.0,0.10777197937903217,0.9941756386377235,odom,base_link
1786133711.9881182,7.072296710147527,-1.1583793027533469,0.0,0.0,0.0,0.10777197937903217,0.9941756386377235,odom,base_link
1786133712.036155,7.072296710147527,-1.1583793027533469,0.0,0.0,0.0,0.10777197937903217,0.9941756386377235,odom,base_link
1786133712.0840087,7.072296710147527,-1.1583793027533469,0.0,0.0,0.0,0.10777197937903217,0.9941756386377235,odom,base_link
1786133712.148303,7.072296710147527,-1.1583793027533469,0.0,0.0,0.0,0.10777197937903217,0.9941756386377235,odom,base_link
1786133712.1954613,7.072296710147527,-1.1583793027533469,0.0,0.0,0.0,0.10777197937903217,0.9941756386377235,odom,base_link
1786133712.2428446,7.072296710147527,-1.1583793027533469,0.0,0.0,0.0,0.10777197937903217,0.9941756386377235,odom,base_link
1786133712.2915728,7.072296710147527,-1.1583793027533469,0.0,0.0,0.0,0.10777197937903217,0.9941756386377235,odom,base_link
1786133712.3553436,7.072296710147527,-1.1583793027533469,0.0,0.0,0.0,0.10777197937903217,0.9941756386377235,odom,base_link
1786133712.4672265,7.0741754538510655,-1.1579671349920873,0.0,0.0,0.0,0.10777197937903217,0.9941756386377235,odom,base_link
1786133712.5474315,7.079804926859428,-1.1567002193866998,0.0,0.0,0.0,0.11045540287186438,0.993881081405826,odom,base_link
1786133712.6111503,7.084183405865931,-1.1557148405825095,0.0,0.0,0.0,0.11045540287186437,0.993881081405826,odom,base_link
1786133712.6750448,7.0894985104873705,-1.154511133907527,0.0,0.0,0.0,0.11112613373592942,0.9938063103044297,odom,base_link
1786133712.7230864,7.094811985538857,-1.1533002541556618,0.0,0.0,0.0,0.1117968139853066,0.9937310865534673,odom,base_link
1786133712.7871706,7.101373665057747,-1.1517956033864847,0.0,0.0,0.0,0.11246744331452074,0.9936554101872012,odom,base_link
1786133712.8350227,7.107308579798146,-1.1504262406681218,0.0,0.0,0.0,0.11313802141811993,0.9935792812400996,odom,base_link
1786133712.8991182,7.114800617440078,-1.1486762879133443,0.0,0.0,0.0,0.11447902272678243,0.9934256657422944,odom,base_link
1786133712.9468257,7.120729938559063,-1.1472829041549304,0.0,0.0,0.0,0.11514944532105903,0.993348179261558,odom,base_link
1786133713.0744224,7.136936728578901,-1.1433818745448026,0.0,0.0,0.0,0.11783060817306616,0.9930337092856241,odom,base_link
1786133713.170387,7.150018274719397,-1.1401957171793629,0.0,0.0,0.0,0.11917086880992686,0.9928737603678965,odom,base_link
1786133713.2337034,7.159356058517599,-1.1378946743911516,0.0,0.0,0.0,0.12051091233149923,0.9927120025511074,odom,base_link
1786133713.2814944,7.166199186397567,-1.1361887635046808,0.0,0.0,0.0,0.12185073629638175,0.9925484361299601,odom,base_link
1786133713.3459742,7.176146092247439,-1.1336805773766072,0.0,0.0,0.0,0.123190338263573,0.9923830614024538,odom,base_link
1786133713.4421036,7.1913616149624495,-1.129778273116784,0.0,0.0,0.0,0.1251993196299944,0.9921316093967506,odom,base_link
1786133713.55413,7.209042778074746,-1.1251672237710706,0.0,0.0,0.0,0.1272077877750777,0.9918760904111817,odom,base_link
1786133713.6177542,7.220507810090643,-1.1221276361706107,0.0,0.0,0.0,0.12921573446564155,0.9916165054931795,odom,base_link
1786133713.6658814,7.2288711832873584,-1.1198982680640992,0.0,0.0,0.0,0.129884932727669,0.9915290738300763,odom,base_link
1786133713.729868,7.240633343632548,-1.1167288749147632,0.0,0.0,0.0,0.13122315147064212,0.9913528557068432,odom,base_link
1786133713.8253853,7.258559735104317,-1.1117945225463635,0.0,0.0,0.0,0.13389886929956313,0.9909950014002585,odom,base_link
1786133713.9218745,7.276774727607038,-1.106701295360855,0.0,0.0,0.0,0.13590501837422775,0.9907218711528987,odom,base_link
1786133713.985599,7.289105051936022,-1.1031816365345708,0.0,0.0,0.0,0.13857901577594747,0.9903513802618592,odom,base_link
1786133714.0334046,7.298345635393234,-1.1005169373873072,0.0,0.0,0.0,0.13991563698265086,0.9901634281913966,odom,base_link
1786133714.1132865,7.3137345626044,-1.0960342127943892,0.0,0.0,0.0,0.1412520032795414,0.9899736721597784,odom,base_link
1786133714.177121,7.325723668930896,-1.0924891110260422,0.0,0.0,0.0,0.14325606944319555,0.9896856564423303,odom,base_link
1786133714.256961,7.341081992648281,-1.0879026316487277,0.0,0.0,0.0,0.14459178781475948,0.989491392027506,odom,base_link
1786133714.3213837,7.353660485770758,-1.0840907531807134,0.0,0.0,0.0,0.14659487068199417,0.9891966153852981,odom,base_link
1786133714.3689296,7.3631671548330155,-1.0811957667061802,0.0,0.0,0.0,0.1472624318372188,0.9890974553447139,odom,base_link
1786133714.4332874,7.376337456225093,-1.0771267764086165,0.0,0.0,0.0,0.14926471164457,0.9887972723757198,odom,base_link
1786133714.4810858,7.386440672673335,-1.0739904230401525,0.0,0.0,0.0,0.1499320026809355,0.9886963105888905,odom,base_link
1786133714.5441573,7.3995888133897125,-1.0698503848154297,0.0,0.0,0.0,0.15193346483673786,0.9883907234807011,odom,base_link
1786133714.6086643,7.412420220312924,-1.0657719728016404,0.0,0.0,0.0,0.15326742744091548,0.9881847477499558,odom,base_link
1786133714.656305,7.421886948877152,-1.0627489356470141,0.0,0.0,0.0,0.15393430418167867,0.9880810847274136,odom,base_link
1786133714.720373,7.435001130155623,-1.0585025524571432,0.0,0.0,0.0,0.1559345125138488,0.9877673955983101,odom,base_link
1786133714.7684033,7.44475195450188,-1.0553161189951505,0.0,0.0,0.0,0.15726763012348954,0.9875560199377761,odom,base_link
1786133714.8323286,7.45753857482686,-1.0510993917276972,0.0,0.0,0.0,0.15860046121002944,0.9873428450664774,odom,base_link
1786133714.8803983,7.467880395718073,-1.0476579199147893,0.0,0.0,0.0,0.15993300334520721,0.9871278713727933,odom,base_link
1786133714.943894,7.480644063318913,-1.0433722183901226,0.0,0.0,0.0,0.16126525410128809,0.9869110992483806,odom,base_link
1786133715.008121,7.493396114992365,-1.0390520764594822,0.0,0.0,0.0,0.16259721105106806,0.9866925290881726,odom,base_link
1786133715.0719125,7.506433769831253,-1.0345762438998545,0.0,0.0,0.0,0.16459459028073342,0.9863613034027224,odom,base_link
1786133715.1362486,7.519453193780253,-1.0300476546232666,0.0,0.0,0.0,0.16659129479861828,0.9860260343912426,odom,base_link
1786133715.1825027,7.529440144583254,-1.0265587423700933,0.0,0.0,0.0,0.16725671162053068,0.9859133797742511,odom,base_link
1786133715.2471716,7.542434928653643,-1.0219599264612131,0.0,0.0,0.0,0.16925250379103185,0.9855727218021341,odom,base_link
1786133715.29558,7.552096191564369,-1.0185114583072208,0.0,0.0,0.0,0.17058264696200778,0.9853433719041474,odom,base_link
1786133715.3585835,7.564764334506548,-1.0139511290888625,0.0,0.0,0.0,0.17191247935149032,0.9851122268265801,odom,base_link
1786133715.4078913,7.574406838121491,-1.010450549468988,0.0,0.0,0.0,0.17324199853668143,0.9848792869905512,odom,base_link
1786133715.4711666,7.587652238597158,-1.0056014783439233,0.0,0.0,0.0,0.17457120209535373,0.9846445528204496,odom,base_link
1786133715.5353386,7.60028303409927,-1.0009387052240823,0.0,0.0,0.0,0.17590008760585488,0.9844080247439334,odom,base_link
1786133715.583354,7.609896871919686,-0.9973601502081544,0.0,0.0,0.0,0.17722865264711202,0.9841697031919289,odom,base_link
1786133715.6474493,7.623102567637237,-0.9924039697077895,0.0,0.0,0.0,0.17855689479863604,0.9839295885986298,odom,base_link
1786133715.6952522,7.6326969445064625,-0.988773561172854,0.0,0.0,0.0,0.17988481164052622,0.9836876814014966,odom,base_link
1786133715.7588599,7.6452766551978435,-0.9839746730615905,0.0,0.0,0.0,0.18121240075347447,0.9834439820412559,odom,base_link
1786133715.8070993,7.654851291439321,-0.980292516834235,0.0,0.0,0.0,0.18253965971876976,0.9831984909618992,odom,base_link
1786133715.870742,7.667404909301598,-0.9754257800680632,0.0,0.0,0.0,0.18386658611830253,0.9829512086106822,odom,base_link
1786133715.918836,7.677263295867217,-0.9715886054076206,0.0,0.0,0.0,0.18452992385041433,0.9828268958487859,odom,base_link
1786133715.9828508,7.690088720654537,-0.9665366751008366,0.0,0.0,0.0,0.18651943155067646,0.9824512718980074,odom,base_link
1786133716.0468764,7.7028935834977235,-0.9614328521839434,0.0,0.0,0.0,0.18850817466409794,0.9820716206493343,odom,base_link
1786133716.1425817,7.721951984008512,-0.9538364645867068,0.0,0.0,0.0,0.18850817466409794,0.9820716206493343,odom,base_link
1786133716.2540822,7.743304043071605,-0.9459541576460233,0.0,0.0,0.0,0.1759000876058548,0.9844080247439334,odom,base_link
1786133716.3501203,7.763397303582288,-0.9393278719400253,0.0,0.0,0.0,0.15860046121002924,0.9873428450664774,odom,base_link
1786133716.4621716,7.787124011132657,-0.9325204968796206,0.0,0.0,0.0,0.1392473580908384,0.9902576297432512,odom,base_link
1786133716.5259652,7.80070293407657,-0.9287038260502177,0.0,0.0,0.0,0.1365736113370454,0.9906299251922273,odom,base_link
1786133716.5899465,7.813398290155233,-0.9253013503746128,0.0,0.0,0.0,0.1305540718309266,0.9914411905546214,odom,base_link
1786133716.6380577,7.8233210540265095,-0.9226992952648676,0.0,0.0,0.0,0.12787716168450536,0.9917900138232462,odom,base_link
1786133716.7019463,7.836983972382845,-0.9191951853172713,0.0,0.0,0.0,0.1251993196299941,0.9921316093967506,odom,base_link
1786133716.7493289,7.8469274836951,-0.9166735754302461,0.0,0.0,0.0,0.12386005523533158,0.9922996960178415,odom,base_link
1786133716.8136702,7.860293638430865,-0.9133032003206474,0.0,0.0,0.0,0.1231903382635727,0.9923830614024539,odom,base_link
1786133716.8776839,7.873348952358821,-0.9100112060275509,0.0,0.0,0.0,0.1231903382635727,0.9923830614024539,odom,base_link
1786133716.925293,7.883295858208693,-0.9075030198994775,0.0,0.0,0.0,0.1231903382635727,0.9923830614024539,odom,base_link
1786133716.9896076,7.896351172136649,-0.904211025606381,0.0,0.0,0.0,0.1231903382635727,0.9923830614024539,odom,base_link
1786133717.0374656,7.906605418177411,-0.9016106154103862,0.0,0.0,0.0,0.12386005523533158,0.9922996960178415,odom,base_link
1786133717.101563,7.919656276774744,-0.8983010024336656,0.0,0.0,0.0,0.12386005523533158,0.9922996960178415,odom,base_link
1786133717.1493127,7.9295929446702615,-0.8957525588354137,0.0,0.0,0.0,0.1251993196299941,0.9921316093967506,odom,base_link
1786133717.2120762,7.942634821283128,-0.8924077266127082,0.0,0.0,0.0,0.1251993196299941,0.9921316093967506,odom,base_link
1786133717.260418,7.952257627217341,-0.8899259310329954,0.0,0.0,0.0,0.12586886644290213,0.9920468882368307,odom,base_link
1786133717.32456,7.965591341169369,-0.8864294194792752,0.0,0.0,0.0,0.12787716168450536,0.9917900138232462,odom,base_link
1786133717.3888688,7.9789203234857276,-0.8829149136519914,0.0,0.0,0.0,0.12854647734964453,0.9917034855041084,odom,base_link
1786133717.4371052,7.988832469496649,-0.8802726995998297,0.0,0.0,0.0,0.12988493272766868,0.9915290738300764,odom,base_link
1786133717.5007565,8.002147111237685,-0.8767042495010245,0.0,0.0,0.0,0.1305540718309266,0.9914411905546214,odom,base_link
1786133717.5482063,8.012048476859585,-0.8740219198306193,0.0,0.0,0.0,0.13189217134206827,0.9912640693269753,odom,base_link
1786133717.6122708,8.025034468001873,-0.8704662929891649,0.0,0.0,0.0,0.13323003056120655,0.991085142132935,odom,base_link
1786133717.660485,8.034921207255277,-0.8677305443577132,0.0,0.0,0.0,0.13456764705091956,0.9909044092984848,odom,base_link
1786133717.7248516,8.047897552525368,-0.8641398742789329,0.0,0.0,0.0,0.1345676470509196,0.9909044092984848,odom,base_link
1786133717.7726126,8.057776870492946,-0.8613774459749283,0.0,0.0,0.0,0.1359050183742275,0.9907218711528988,odom,base_link
1786133717.8360052,8.07073364039328,-0.8577167681779844,0.0,0.0,0.0,0.13724214209459737,0.9905375280287397,odom,base_link
1786133717.9001822,8.083680480938712,-0.8540211264103859,0.0,0.0,0.0,0.1385790157759472,0.9903513802618593,odom,base_link
1786133717.947928,8.09384906988887,-0.8511036799559266,0.0,0.0,0.0,0.13924735809083844,0.9902576297432512,odom,base_link
1786133718.0120764,8.10678083951769,-0.8473556428095753,0.0,0.0,0.0,0.14058385214700228,0.9900687756492019,odom,base_link
1786133718.0600677,8.116937531477058,-0.8443970445782494,0.0,0.0,0.0,0.14125200327954116,0.9899736721597785,odom,base_link
1786133718.123944,8.12985401814807,-0.8405966735094111,0.0,0.0,0.0,0.14258811223191684,0.9897821125127177,odom,base_link
1786133718.1719031,8.139383820612721,-0.8377787721038019,0.0,0.0,0.0,0.1432560694431953,0.9896856564423304,odom,base_link
1786133718.2358234,8.152586642979035,-0.8338165754449534,0.0,0.0,0.0,0.14525954836666424,0.9893935837715508,odom,base_link
1786133718.283741,8.16210109253095,-0.8309472631456258,0.0,0.0,0.0,0.1459272427571142,0.9892953248758969,odom,base_link
1786133718.3798063,8.182026219440592,-0.8248502303052339,0.0,0.0,0.0,0.14792992591873358,0.988997844799309,odom,base_link
1786133718.4436646,8.195212889430175,-0.820834603905075,0.0,0.0,0.0,0.14726243183721854,0.989097455344714,odom,base_link
1786133718.491688,8.205337042431195,-0.8177665066015513,0.0,0.0,0.0,0.1465948706819939,0.9891966153852981,odom,base_link
1786133718.5554206,8.21884690717812,-0.8137121658343573,0.0,0.0,0.0,0.1452595483666642,0.9893935837715508,odom,base_link
1786133718.603295,8.228983400831593,-0.8106850894453298,0.0,0.0,0.0,0.14459178781475918,0.989491392027506,odom,base_link
1786133718.6669743,8.242196871195471,-0.8067585487613793,0.0,0.0,0.0,0.14392396140554442,0.9895887495992137,odom,base_link
1786133718.7152336,8.252341499625585,-0.8037588472650857,0.0,0.0,0.0,0.14325606944319522,0.9896856564423304,odom,base_link
1786133718.779153,8.265867670865735,-0.7997592452700275,0.0,0.0,0.0,0.14325606944319522,0.9896856564423304,odom,base_link
1786133718.8430483,8.279091692933674,-0.7958683891757408,0.0,0.0,0.0,0.14258811223191675,0.9897821125127177,odom,base_link
1786133718.8905065,8.289244382211187,-0.7928960844325825,0.0,0.0,0.0,0.14192009007594386,0.989878117766443,odom,base_link
1786133718.9870558,8.30926564636848,-0.7871225696135112,0.0,0.0,0.0,0.1399156369826505,0.9901634281913967,odom,base_link
1786133719.1144993,8.335836258112002,-0.7797702451664849,0.0,0.0,0.0,0.13456764705091945,0.9909044092984849,odom,base_link
1786133719.1776066,8.349450635842114,-0.7760820418696777,0.0,0.0,0.0,0.13189217134206815,0.9912640693269753,odom,base_link
1786133719.274285,8.370551358980363,-0.7706096170522128,0.0,0.0,0.0,0.12653835592624071,0.9919617152287098,odom,base_link
1786133719.3381515,8.384232997095285,-0.7671793250778975,0.0,0.0,0.0,0.1225205651822352,0.9924659747857484,odom,base_link
1786133719.401919,8.398881441920908,-0.7636533944687436,0.0,0.0,0.0,0.11783060817306573,0.9930337092856242,odom,base_link
1786133719.466043,8.41324569488797,-0.7603187037679358,0.0,0.0,0.0,0.11380854799067511,0.9935026997468372,odom,base_link
1786133719.561603,8.434544409228344,-0.7556762132954736,0.0,0.0,0.0,0.1071010000244564,0.9942481459845733,odom,base_link
1786133719.641842,8.452433714301614,-0.7519535705423032,0.0,0.0,0.0,0.10240279578143066,0.9947430157664574,odom,base_link
1786133719.705963,8.466560803900494,-0.7490337077271517,0.0,0.0,0.0,0.10173143473496049,0.9948118993994626,odom,base_link
1786133719.7536142,8.476923550342677,-0.7469064603915233,0.0,0.0,0.0,0.10106002735281176,0.9948803299248855,odom,base_link
1786133719.8173835,8.490119761050632,-0.744234668645419,0.0,0.0,0.0,0.09971707480472476,0.9950158315285184,odom,base_link
1786133719.8655212,8.50017401682812,-0.7421990177912442,0.0,0.0,0.0,0.09971707480472476,0.9950158315285184,odom,base_link
1786133719.929798,8.513680718550823,-0.7394453784950101,0.0,0.0,0.0,0.10038857394079075,0.9949483073115579,odom,base_link
1786133719.9778326,8.523732217507252,-0.7373961585536266,0.0,0.0,0.0,0.10038857394079076,0.9949483073115579,odom,base_link
1786133720.0410936,8.537235190144036,-0.7346242908132623,0.0,0.0,0.0,0.10106002735281178,0.9948803299248855,odom,base_link
1786133720.1053615,8.550734409094076,-0.7318341996787843,0.0,0.0,0.0,0.1017314347349605,0.9948118993994626,odom,base_link
1786133720.1531298,8.560774697690523,-0.7297307409700502,0.0,0.0,0.0,0.10307411018643699,0.9946736790572445,odom,base_link
1786133720.2167418,8.574262508043986,-0.7268860102852931,0.0,0.0,0.0,0.10374537764421551,0.9946038893034046,odom,base_link
1786133720.264953,8.584294196784345,-0.7247419126532244,0.0,0.0,0.0,0.10508777049514029,0.994462950789199,odom,base_link
1786133720.3286076,8.597770377382684,-0.72184258906301,0.0,0.0,0.0,0.10575889527686602,0.9943918020930266,odom,base_link
1786133720.3770607,8.607793301778155,-0.7196578876642044,0.0,0.0,0.0,0.10710100002445637,0.9942481459845733,odom,base_link
1786133720.4408784,8.621257631653512,-0.7167040187085103,0.0,0.0,0.0,0.10777197937903167,0.9941756386377236,odom,base_link
1786133720.4885912,8.631587652783926,-0.7144231507822388,0.0,0.0,0.0,0.10844290964663782,0.9941026784730896,odom,base_link
1786133720.5526597,8.644727067944645,-0.7114847468927863,0.0,0.0,0.0,0.10978462169860911,0.9939553998236004,odom,base_link
1786133720.6165164,8.658483809317781,-0.7083692707928316,0.0,0.0,0.0,0.11112613373592892,0.9938063103044297,odom,base_link
1786133720.7284958,8.681634207458096,-0.7031920829876058,0.0,0.0,0.0,0.10978462169860911,0.9939553998236004,odom,base_link
1786133720.8565428,8.708586568654773,-0.6973934358071772,0.0,0.0,0.0,0.10575889527686598,0.9943918020930266,odom,base_link
1786133720.9361525,8.725529555661275,-0.6938438492361885,0.0,0.0,0.0,0.1030741101864369,0.9946736790572445,odom,base_link
1786133720.9842362,8.735581054617704,-0.691794629294805,0.0,0.0,0.0,0.10038857394079066,0.9949483073115579,odom,base_link
1786133721.0634599,8.752260174259703,-0.6885580529316567,0.0,0.0,0.0,0.09568713691231942,0.9954114585584812,odom,base_link
1786133721.1441884,8.769280143079726,-0.6853981423486049,0.0,0.0,0.0,0.09165563004556955,0.9957907639062283,odom,base_link
1786133721.2078388,8.782849754080015,-0.6829734406967172,0.0,0.0,0.0,0.0882948901581128,0.9960943792492591,odom,base_link
1786133721.2871013,8.799914761925606,-0.6800665728363972,0.0,0.0,0.0,0.08426067854375584,0.9964437455528264,odom,base_link
1786133721.350979,8.813512826097021,-0.6778068888784318,0.0,0.0,0.0,0.08224305049553222,0.9966123020739757,odom,base_link
1786133721.3996882,8.823632315712958,-0.6761252636073878,0.0,0.0,0.0,0.08224305049553222,0.9966123020739757,odom,base_link
1786133721.4636242,8.836920055680721,-0.6739539933035426,0.0,0.0,0.0,0.08089777732304881,0.9967224034926627,odom,base_link
1786133721.5112176,8.847044048037112,-0.6722996921196605,0.0,0.0,0.0,0.0808977773230488,0.9967224034926627,odom,base_link
1786133721.575514,8.860331788004876,-0.6701284218158152,0.0,0.0,0.0,0.08089777732304879,0.9967224034926627,odom,base_link
1786133721.6234622,8.870455780361267,-0.6684741206319331,0.0,0.0,0.0,0.08089777732304879,0.9967224034926627,odom,base_link
1786133721.687424,8.884056882201229,-0.6662327930033122,0.0,0.0,0.0,0.08157043248575778,0.9966675797597143,odom,base_link
1786133721.7346199,8.894178632407712,-0.6645648282564315,0.0,0.0,0.0,0.08157043248575778,0.9966675797597143,odom,base_link
1786133721.7990913,8.907776696579127,-0.6623051442984661,0.0,0.0,0.0,0.08224305049553216,0.9966123020739757,odom,base_link
1786133721.862327,8.921371698307924,-0.6600271081280343,0.0,0.0,0.0,0.0829156310460142,0.9965565704606243,odom,base_link
1786133721.9109676,8.931170520402071,-0.6583715753091943,0.0,0.0,0.0,0.08358817383086324,0.9965003849450442,odom,base_link
1786133721.9749496,8.944759322945783,-0.6560568471981987,0.0,0.0,0.0,0.08426067854375577,0.9964437455528264,odom,base_link
1786133722.022439,8.954867233144762,-0.6543069657597472,0.0,0.0,0.0,0.08560557252846432,0.9963291052418743,odom,base_link
1786133722.086558,8.96844655124626,-0.6519372314501335,0.0,0.0,0.0,0.08627796118772067,0.9962711043753554,odom,base_link
1786133722.1346567,8.978552090298537,-0.650173708242979,0.0,0.0,0.0,0.08627796118772069,0.9962711043753554,odom,base_link
1786133722.198195,8.992121701298826,-0.6477490065910914,0.0,0.0,0.0,0.08829489015811276,0.9960943792492591,odom,base_link
1786133722.2457714,9.002533067646919,-0.6458741343773833,0.0,0.0,0.0,0.08896711979172682,0.996034563454484,odom,base_link
1786133722.3105056,9.01577740761828,-0.6434521709370593,0.0,0.0,0.0,0.09031145718706772,0.9959135708989754,odom,base_link
1786133722.3737307,9.029333729734148,-0.6409542414963758,0.0,0.0,0.0,0.09098356433648837,0.9958523941933504,odom,base_link
1786133722.4223006,9.039104452575273,-0.6391402187542534,0.0,0.0,0.0,0.09165563004556951,0.9957907639062283,odom,base_link
1786133722.5021663,9.05579654135182,-0.6359712077314675,0.0,0.0,0.0,0.09367157546980927,0.9956031518376204,odom,base_link
1786133722.5662987,9.069335696704417,-0.6333818462005009,0.0,0.0,0.0,0.0943434723566614,0.9955397075072836,odom,base_link
1786133722.6611753,9.088847119681851,-0.629595662530403,0.0,0.0,0.0,0.09568713691231938,0.9954114585584812,odom,base_link
1786133722.7576628,9.108337816451217,-0.6257041907223753,0.0,0.0,0.0,0.09837394058387093,0.9951495203304883,odom,base_link
1786133722.853688,9.128126705021687,-0.6216697889627765,0.0,0.0,0.0,0.10038857394079062,0.9949483073115579,odom,base_link
1786133722.9337013,9.145079212540342,-0.6181659535845948,0.0,0.0,0.0,0.10173143473496038,0.9948118993994626,odom,base_link
1786133722.9975665,9.158257091323177,-0.6154051640293814,0.0,0.0,0.0,0.10307411018643686,0.9946736790572445,odom,base_link
1786133723.044939,9.168297379919624,-0.6133017053206473,0.0,0.0,0.0,0.10307411018643686,0.9946736790572445,odom,base_link
1786133723.1097145,9.181467757825544,-0.6105053516236864,0.0,0.0,0.0,0.10441659784902353,0.9945336465367249,odom,base_link
1786133723.157404,9.191496543387098,-0.6083477154635268,0.0,0.0,0.0,0.10575889527686594,0.9943918020930266,odom,base_link
1786133723.2371376,9.208410228304455,-0.6046610318530422,0.0,0.0,0.0,0.10710100002445627,0.9942481459845733,odom,base_link
1786133723.3332868,9.227499407618051,-0.6004191121676278,0.0,0.0,0.0,0.10911379052168571,0.9940292655239028,odom,base_link
1786133723.444932,9.24221186195531,-0.597170603302938,0.0,0.0,0.0,0.10844290964663772,0.9941026784730898,odom,base_link
1786133723.5246458,9.248779580465065,-0.5956925350966527,0.0,0.0,0.0,0.11045540287186377,0.9938810814058261,odom,base_link
1786133723.5890255,9.250654924600884,-0.595265165772465,0.0,0.0,0.0,0.11179681398530601,0.9937310865534674,odom,base_link
1786133723.6370218,9.250654924600884,-0.595265165772465,0.0,0.0,0.0,0.11179681398530601,0.9937310865534674,odom,base_link
1786133723.7007022,9.250654924600884,-0.595265165772465,0.0,0.0,0.0,0.11179681398530601,0.9937310865534674,odom,base_link
1786133723.748284,9.250654924600884,-0.595265165772465,0.0,0.0,0.0,0.11179681398530601,0.9937310865534674,odom,base_link
1786133723.8122654,9.250654924600884,-0.595265165772465,0.0,0.0,0.0,0.11179681398530601,0.9937310865534674,odom,base_link
1786133723.8606381,9.250654924600884,-0.595265165772465,0.0,0.0,0.0,0.11179681398530601,0.9937310865534674,odom,base_link
1786133723.924441,9.250654924600884,-0.595265165772465,0.0,0.0,0.0,0.11179681398530601,0.9937310865534674,odom,base_link
1786133723.972388,9.250654924600884,-0.595265165772465,0.0,0.0,0.0,0.11179681398530601,0.9937310865534674,odom,base_link
1786133724.0203295,9.250654924600884,-0.595265165772465,0.0,0.0,0.0,0.11179681398530601,0.9937310865534674,odom,base_link
1786133724.0675623,9.250654924600884,-0.595265165772465,0.0,0.0,0.0,0.11179681398530601,0.9937310865534674,odom,base_link
1786133724.1162064,9.250654924600884,-0.595265165772465,0.0,0.0,0.0,0.11179681398530601,0.9937310865534674,odom,base_link
1786133724.1638625,9.250654924600884,-0.595265165772465,0.0,0.0,0.0,0.11179681398530601,0.9937310865534674,odom,base_link
1786133724.2119324,9.250654924600884,-0.595265165772465,0.0,0.0,0.0,0.11179681398530601,0.9937310865534674,odom,base_link
1786133724.2602923,9.250654924600884,-0.595265165772465,0.0,0.0,0.0,0.11179681398530601,0.9937310865534674,odom,base_link
1786133724.3078377,9.250654924600884,-0.595265165772465,0.0,0.0,0.0,0.11179681398530601,0.9937310865534674,odom,base_link
1786133724.3557096,9.250654924600884,-0.595265165772465,0.0,0.0,0.0,0.11179681398530601,0.9937310865534674,odom,base_link
1786133724.4039354,9.250654924600884,-0.595265165772465,0.0,0.0,0.0,0.11179681398530601,0.9937310865534674,odom,base_link
1786133724.4517496,9.250654924600884,-0.595265165772465,0.0,0.0,0.0,0.11179681398530601,0.9937310865534674,odom,base_link
1786133724.4997463,9.250654924600884,-0.595265165772465,0.0,0.0,0.0,0.11179681398530601,0.9937310865534674,odom,base_link
1786133724.5474198,9.250654924600884,-0.595265165772465,0.0,0.0,0.0,0.11179681398530601,0.9937310865534674,odom,base_link
1786133724.5955558,9.250654924600884,-0.595265165772465,0.0,0.0,0.0,0.11179681398530601,0.9937310865534674,odom,base_link
1786133724.6433523,9.250654924600884,-0.595265165772465,0.0,0.0,0.0,0.11179681398530601,0.9937310865534674,odom,base_link
1786133724.691359,9.250654924600884,-0.595265165772465,0.0,0.0,0.0,0.11179681398530601,0.9937310865534674,odom,base_link
1786133724.739192,9.250654924600884,-0.595265165772465,0.0,0.0,0.0,0.11179681398530601,0.9937310865534674,odom,base_link
1786133724.7872486,9.250654924600884,-0.595265165772465,0.0,0.0,0.0,0.11179681398530601,0.9937310865534674,odom,base_link
1786133724.8345537,9.250654924600884,-0.595265165772465,0.0,0.0,0.0,0.11179681398530601,0.9937310865534674,odom,base_link
1786133724.8989174,9.250654924600884,-0.595265165772465,0.0,0.0,0.0,0.11179681398530601,0.9937310865534674,odom,base_link
1786133724.9470675,9.250654924600884,-0.595265165772465,0.0,0.0,0.0,0.11179681398530601,0.9937310865534674,odom,base_link
1786133724.9951155,9.250654924600884,-0.595265165772465,0.0,0.0,0.0,0.11179681398530601,0.9937310865534674,odom,base_link
1786133725.0426261,9.250654924600884,-0.595265165772465,0.0,0.0,0.0,0.11179681398530601,0.9937310865534674,odom,base_link
1786133725.089923,9.250654924600884,-0.595265165772465,0.0,0.0,0.0,0.11179681398530601,0.9937310865534674,odom,base_link
1786133725.138807,9.250654924600884,-0.595265165772465,0.0,0.0,0.0,0.11179681398530601,0.9937310865534674,odom,base_link
1786133725.186703,9.250654924600884,-0.595265165772465,0.0,0.0,0.0,0.11179681398530601,0.9937310865534674,odom,base_link
1786133725.2503424,9.250654924600884,-0.595265165772465,0.0,0.0,0.0,0.11179681398530601,0.9937310865534674,odom,base_link
1786133725.2970068,9.250654924600884,-0.595265165772465,0.0,0.0,0.0,0.11179681398530601,0.9937310865534674,odom,base_link
1786133725.3454788,9.250654924600884,-0.595265165772465,0.0,0.0,0.0,0.11179681398530601,0.9937310865534674,odom,base_link
1786133725.3945167,9.250654924600884,-0.595265165772465,0.0,0.0,0.0,0.11179681398530601,0.9937310865534674,odom,base_link
1786133725.4422755,9.250654924600884,-0.595265165772465,0.0,0.0,0.0,0.11179681398530601,0.9937310865534674,odom,base_link
1786133725.490457,9.250654924600884,-0.595265165772465,0.0,0.0,0.0,0.11179681398530601,0.9937310865534674,odom,base_link
1786133725.5382493,9.250654924600884,-0.595265165772465,0.0,0.0,0.0,0.11179681398530601,0.9937310865534674,odom,base_link
1786133725.5862157,9.250654924600884,-0.595265165772465,0.0,0.0,0.0,0.11179681398530601,0.9937310865534674,odom,base_link
1786133725.6498427,9.250654924600884,-0.595265165772465,0.0,0.0,0.0,0.11179681398530601,0.9937310865534674,odom,base_link
1786133725.6976395,9.250654924600884,-0.595265165772465,0.0,0.0,0.0,0.11179681398530601,0.9937310865534674,odom,base_link
1786133725.745831,9.250654924600884,-0.595265165772465,0.0,0.0,0.0,0.11179681398530601,0.9937310865534674,odom,base_link
1786133725.7938652,9.250654924600884,-0.595265165772465,0.0,0.0,0.0,0.11179681398530601,0.9937310865534674,odom,base_link
1786133725.8415065,9.250654924600884,-0.595265165772465,0.0,0.0,0.0,0.11179681398530601,0.9937310865534674,odom,base_link
1786133725.8898065,9.250654924600884,-0.595265165772465,0.0,0.0,0.0,0.11179681398530601,0.9937310865534674,odom,base_link
1786133725.9376783,9.250654924600884,-0.595265165772465,0.0,0.0,0.0,0.11179681398530601,0.9937310865534674,odom,base_link
1786133725.9854105,9.250654924600884,-0.595265165772465,0.0,0.0,0.0,0.11179681398530601,0.9937310865534674,odom,base_link
1786133726.0495188,9.250654924600884,-0.595265165772465,0.0,0.0,0.0,0.11179681398530601,0.9937310865534674,odom,base_link
1786133726.0975683,9.250654924600884,-0.595265165772465,0.0,0.0,0.0,0.11179681398530601,0.9937310865534674,odom,base_link
1786133726.145799,9.250654924600884,-0.595265165772465,0.0,0.0,0.0,0.11179681398530601,0.9937310865534674,odom,base_link
1786133726.1927843,9.250654924600884,-0.595265165772465,0.0,0.0,0.0,0.11179681398530601,0.9937310865534674,odom,base_link
1786133726.2403638,9.250654924600884,-0.595265165772465,0.0,0.0,0.0,0.11179681398530601,0.9937310865534674,odom,base_link
1786133726.289335,9.250654924600884,-0.595265165772465,0.0,0.0,0.0,0.11179681398530601,0.9937310865534674,odom,base_link
1786133726.3372428,9.250654924600884,-0.595265165772465,0.0,0.0,0.0,0.11179681398530601,0.9937310865534674,odom,base_link
1786133726.3852253,9.250654924600884,-0.595265165772465,0.0,0.0,0.0,0.11179681398530601,0.9937310865534674,odom,base_link
1786133726.4487188,9.250654924600884,-0.595265165772465,0.0,0.0,0.0,0.11179681398530601,0.9937310865534674,odom,base_link
1786133726.4970047,9.250654924600884,-0.595265165772465,0.0,0.0,0.0,0.11179681398530601,0.9937310865534674,odom,base_link
1786133726.5449114,9.250654924600884,-0.595265165772465,0.0,0.0,0.0,0.11179681398530601,0.9937310865534674,odom,base_link
1786133726.5926526,9.250654924600884,-0.595265165772465,0.0,0.0,0.0,0.11179681398530601,0.9937310865534674,odom,base_link
1786133726.6406333,9.250654924600884,-0.595265165772465,0.0,0.0,0.0,0.11179681398530601,0.9937310865534674,odom,base_link
1786133726.6887152,9.250654924600884,-0.595265165772465,0.0,0.0,0.0,0.11179681398530601,0.9937310865534674,odom,base_link
1786133726.7363389,9.250654924600884,-0.595265165772465,0.0,0.0,0.0,0.11179681398530601,0.9937310865534674,odom,base_link
1786133726.7844586,9.250654924600884,-0.595265165772465,0.0,0.0,0.0,0.11179681398530601,0.9937310865534674,odom,base_link
1786133726.8484068,9.250654924600884,-0.595265165772465,0.0,0.0,0.0,0.11179681398530601,0.9937310865534674,odom,base_link
1786133726.8964472,9.250654924600884,-0.595265165772465,0.0,0.0,0.0,0.11179681398530601,0.9937310865534674,odom,base_link
1786133726.9443245,9.250654924600884,-0.595265165772465,0.0,0.0,0.0,0.11179681398530601,0.9937310865534674,odom,base_link
1786133726.9923728,9.250654924600884,-0.595265165772465,0.0,0.0,0.0,0.11179681398530601,0.9937310865534674,odom,base_link
1786133727.0405083,9.250654924600884,-0.595265165772465,0.0,0.0,0.0,0.11179681398530601,0.9937310865534674,odom,base_link
1786133727.088383,9.250654924600884,-0.595265165772465,0.0,0.0,0.0,0.11179681398530601,0.9937310865534674,odom,base_link
1786133727.1362104,9.250654924600884,-0.595265165772465,0.0,0.0,0.0,0.11179681398530601,0.9937310865534674,odom,base_link
1786133727.1992667,9.250654924600884,-0.595265165772465,0.0,0.0,0.0,0.11179681398530601,0.9937310865534674,odom,base_link
1786133727.247704,9.250654924600884,-0.595265165772465,0.0,0.0,0.0,0.11179681398530601,0.9937310865534674,odom,base_link
1786133727.295846,9.250654924600884,-0.595265165772465,0.0,0.0,0.0,0.11179681398530601,0.9937310865534674,odom,base_link
1786133727.3437824,9.250654924600884,-0.595265165772465,0.0,0.0,0.0,0.11179681398530601,0.9937310865534674,odom,base_link
1786133727.3918593,9.250654924600884,-0.595265165772465,0.0,0.0,0.0,0.11179681398530601,0.9937310865534674,odom,base_link
1786133727.4397876,9.250654924600884,-0.595265165772465,0.0,0.0,0.0,0.11179681398530601,0.9937310865534674,odom,base_link
1786133727.4876091,9.250654924600884,-0.595265165772465,0.0,0.0,0.0,0.11179681398530601,0.9937310865534674,odom,base_link
1786133727.5357559,9.250654924600884,-0.595265165772465,0.0,0.0,0.0,0.11179681398530601,0.9937310865534674,odom,base_link
1786133727.5996718,9.250654924600884,-0.595265165772465,0.0,0.0,0.0,0.11179681398530601,0.9937310865534674,odom,base_link
1786133727.6474423,9.250654924600884,-0.595265165772465,0.0,0.0,0.0,0.11179681398530601,0.9937310865534674,odom,base_link
1786133727.695428,9.250654924600884,-0.595265165772465,0.0,0.0,0.0,0.11179681398530601,0.9937310865534674,odom,base_link
1786133727.7433224,9.250654924600884,-0.595265165772465,0.0,0.0,0.0,0.11179681398530601,0.9937310865534674,odom,base_link
1786133727.791292,9.250654924600884,-0.595265165772465,0.0,0.0,0.0,0.11179681398530601,0.9937310865534674,odom,base_link
1786133727.8391907,9.250654924600884,-0.595265165772465,0.0,0.0,0.0,0.11179681398530601,0.9937310865534674,odom,base_link
1786133727.8872423,9.250654924600884,-0.595265165772465,0.0,0.0,0.0,0.11179681398530601,0.9937310865534674,odom,base_link
1786133727.9350128,9.250654924600884,-0.595265165772465,0.0,0.0,0.0,0.11179681398530601,0.9937310865534674,odom,base_link
1786133727.9991348,9.250654924600884,-0.595265165772465,0.0,0.0,0.0,0.11179681398530601,0.9937310865534674,odom,base_link
1786133728.046773,9.250654924600884,-0.595265165772465,0.0,0.0,0.0,0.11179681398530601,0.9937310865534674,odom,base_link
1786133728.0943193,9.250654924600884,-0.595265165772465,0.0,0.0,0.0,0.11179681398530601,0.9937310865534674,odom,base_link
1786133728.1428075,9.250654924600884,-0.595265165772465,0.0,0.0,0.0,0.11179681398530601,0.9937310865534674,odom,base_link
1786133728.1901746,9.250654924600884,-0.595265165772465,0.0,0.0,0.0,0.11179681398530601,0.9937310865534674,odom,base_link
1786133728.238331,9.250654924600884,-0.595265165772465,0.0,0.0,0.0,0.11179681398530601,0.9937310865534674,odom,base_link
1786133728.286496,9.250654924600884,-0.595265165772465,0.0,0.0,0.0,0.11179681398530601,0.9937310865534674,odom,base_link
1786133728.3502896,9.250654924600884,-0.595265165772465,0.0,0.0,0.0,0.11179681398530601,0.9937310865534674,odom,base_link
1786133728.3984685,9.250654924600884,-0.595265165772465,0.0,0.0,0.0,0.11179681398530601,0.9937310865534674,odom,base_link
1786133728.4463305,9.250654924600884,-0.595265165772465,0.0,0.0,0.0,0.11179681398530601,0.9937310865534674,odom,base_link
1786133728.4939694,9.250654924600884,-0.595265165772465,0.0,0.0,0.0,0.11179681398530601,0.9937310865534674,odom,base_link
1786133728.5420554,9.250654924600884,-0.595265165772465,0.0,0.0,0.0,0.11179681398530601,0.9937310865534674,odom,base_link
1786133728.5899622,9.250654924600884,-0.595265165772465,0.0,0.0,0.0,0.11179681398530601,0.9937310865534674,odom,base_link
1786133728.637916,9.250654924600884,-0.595265165772465,0.0,0.0,0.0,0.11179681398530601,0.9937310865534674,odom,base_link
1786133728.6861434,9.250654924600884,-0.595265165772465,0.0,0.0,0.0,0.11179681398530601,0.9937310865534674,odom,base_link
1786133728.7497518,9.250654924600884,-0.595265165772465,0.0,0.0,0.0,0.11179681398530601,0.9937310865534674,odom,base_link
1786133728.7979143,9.250654924600884,-0.595265165772465,0.0,0.0,0.0,0.11179681398530601,0.9937310865534674,odom,base_link
1786133728.8460147,9.250654924600884,-0.595265165772465,0.0,0.0,0.0,0.11179681398530601,0.9937310865534674,odom,base_link
1786133728.8934643,9.250654924600884,-0.595265165772465,0.0,0.0,0.0,0.11179681398530601,0.9937310865534674,odom,base_link
1786133728.9416554,9.250654924600884,-0.595265165772465,0.0,0.0,0.0,0.11179681398530601,0.9937310865534674,odom,base_link
1786133728.989899,9.250654924600884,-0.595265165772465,0.0,0.0,0.0,0.11179681398530601,0.9937310865534674,odom,base_link
1786133729.0376263,9.250654924600884,-0.595265165772465,0.0,0.0,0.0,0.11179681398530601,0.9937310865534674,odom,base_link
1786133729.085721,9.250654924600884,-0.595265165772465,0.0,0.0,0.0,0.11179681398530601,0.9937310865534674,odom,base_link
1786133729.149813,9.250654924600884,-0.595265165772465,0.0,0.0,0.0,0.11179681398530601,0.9937310865534674,odom,base_link
1786133729.1969676,9.250654924600884,-0.595265165772465,0.0,0.0,0.0,0.11179681398530601,0.9937310865534674,odom,base_link
1786133729.2452679,9.250654924600884,-0.595265165772465,0.0,0.0,0.0,0.11179681398530601,0.9937310865534674,odom,base_link
1786133729.2932887,9.250654924600884,-0.595265165772465,0.0,0.0,0.0,0.11179681398530601,0.9937310865534674,odom,base_link
1786133729.341364,9.250654924600884,-0.595265165772465,0.0,0.0,0.0,0.11179681398530601,0.9937310865534674,odom,base_link
1786133729.3893726,9.250654924600884,-0.595265165772465,0.0,0.0,0.0,0.11179681398530601,0.9937310865534674,odom,base_link
1786133729.4372187,9.250654924600884,-0.595265165772465,0.0,0.0,0.0,0.11179681398530601,0.9937310865534674,odom,base_link
1786133729.4852667,9.250654924600884,-0.595265165772465,0.0,0.0,0.0,0.11179681398530601,0.9937310865534674,odom,base_link
1786133729.5483363,9.250654924600884,-0.595265165772465,0.0,0.0,0.0,0.11179681398530601,0.9937310865534674,odom,base_link
1786133729.5965726,9.250654924600884,-0.595265165772465,0.0,0.0,0.0,0.11179681398530601,0.9937310865534674,odom,base_link
1786133729.6448631,9.250654924600884,-0.595265165772465,0.0,0.0,0.0,0.11179681398530601,0.9937310865534674,odom,base_link
1786133729.6926906,9.250654924600884,-0.595265165772465,0.0,0.0,0.0,0.11179681398530601,0.9937310865534674,odom,base_link
1786133729.7406757,9.250654924600884,-0.595265165772465,0.0,0.0,0.0,0.11179681398530601,0.9937310865534674,odom,base_link
1786133729.788501,9.250654924600884,-0.595265165772465,0.0,0.0,0.0,0.11179681398530601,0.9937310865534674,odom,base_link
1786133729.8363473,9.250654924600884,-0.595265165772465,0.0,0.0,0.0,0.11179681398530601,0.9937310865534674,odom,base_link
1786133729.900718,9.250654924600884,-0.595265165772465,0.0,0.0,0.0,0.11179681398530601,0.9937310865534674,odom,base_link
1786133729.948344,9.250654924600884,-0.595265165772465,0.0,0.0,0.0,0.11179681398530601,0.9937310865534674,odom,base_link
1786133729.9962256,9.250654924600884,-0.595265165772465,0.0,0.0,0.0,0.11179681398530601,0.9937310865534674,odom,base_link
1786133730.0441258,9.250654924600884,-0.595265165772465,0.0,0.0,0.0,0.11179681398530601,0.9937310865534674,odom,base_link
1786133730.091706,9.250654924600884,-0.595265165772465,0.0,0.0,0.0,0.11179681398530601,0.9937310865534674,odom,base_link
1786133730.1402328,9.250654924600884,-0.595265165772465,0.0,0.0,0.0,0.11179681398530601,0.9937310865534674,odom,base_link
1786133730.1880243,9.250654924600884,-0.595265165772465,0.0,0.0,0.0,0.11179681398530601,0.9937310865534674,odom,base_link
1786133730.2355285,9.250654924600884,-0.595265165772465,0.0,0.0,0.0,0.11179681398530601,0.9937310865534674,odom,base_link
1786133730.3001661,9.250654924600884,-0.595265165772465,0.0,0.0,0.0,0.11179681398530601,0.9937310865534674,odom,base_link
1786133730.347451,9.250654924600884,-0.595265165772465,0.0,0.0,0.0,0.11179681398530601,0.9937310865534674,odom,base_link
1786133730.3960025,9.250654924600884,-0.595265165772465,0.0,0.0,0.0,0.11179681398530601,0.9937310865534674,odom,base_link
1786133730.4437842,9.250654924600884,-0.595265165772465,0.0,0.0,0.0,0.11179681398530601,0.9937310865534674,odom,base_link
1786133730.491723,9.250654924600884,-0.595265165772465,0.0,0.0,0.0,0.11179681398530601,0.9937310865534674,odom,base_link
1786133730.5396981,9.250654924600884,-0.595265165772465,0.0,0.0,0.0,0.11179681398530601,0.9937310865534674,odom,base_link
1786133730.5874777,9.250654924600884,-0.595265165772465,0.0,0.0,0.0,0.11179681398530601,0.9937310865534674,odom,base_link
1786133730.6355653,9.250654924600884,-0.595265165772465,0.0,0.0,0.0,0.11179681398530601,0.9937310865534674,odom,base_link
1786133730.6993005,9.250654924600884,-0.595265165772465,0.0,0.0,0.0,0.11179681398530601,0.9937310865534674,odom,base_link
1786133730.7472706,9.250654924600884,-0.595265165772465,0.0,0.0,0.0,0.11179681398530601,0.9937310865534674,odom,base_link
1786133730.7953212,9.250654924600884,-0.595265165772465,0.0,0.0,0.0,0.11179681398530601,0.9937310865534674,odom,base_link
1786133730.843179,9.250654924600884,-0.595265165772465,0.0,0.0,0.0,0.11179681398530601,0.9937310865534674,odom,base_link
1786133730.891295,9.250654924600884,-0.595265165772465,0.0,0.0,0.0,0.11179681398530601,0.9937310865534674,odom,base_link
1786133730.939124,9.250654924600884,-0.595265165772465,0.0,0.0,0.0,0.11179681398530601,0.9937310865534674,odom,base_link
1786133730.9871087,9.250654924600884,-0.595265165772465,0.0,0.0,0.0,0.11179681398530601,0.9937310865534674,odom,base_link
1786133731.0351295,9.250654924600884,-0.595265165772465,0.0,0.0,0.0,0.11179681398530601,0.9937310865534674,odom,base_link
1786133731.0989344,9.250654924600884,-0.595265165772465,0.0,0.0,0.0,0.11179681398530601,0.9937310865534674,odom,base_link
1786133731.1469488,9.250654924600884,-0.595265165772465,0.0,0.0,0.0,0.11179681398530601,0.9937310865534674,odom,base_link
1786133731.1944296,9.250654924600884,-0.595265165772465,0.0,0.0,0.0,0.11179681398530601,0.9937310865534674,odom,base_link
1786133731.2423115,9.250654924600884,-0.595265165772465,0.0,0.0,0.0,0.11179681398530601,0.9937310865534674,odom,base_link
1786133731.290715,9.250654924600884,-0.595265165772465,0.0,0.0,0.0,0.11179681398530601,0.9937310865534674,odom,base_link
1786133731.338549,9.250654924600884,-0.595265165772465,0.0,0.0,0.0,0.11179681398530601,0.9937310865534674,odom,base_link
1786133731.386657,9.250654924600884,-0.595265165772465,0.0,0.0,0.0,0.11179681398530601,0.9937310865534674,odom,base_link
1786133731.4506361,9.250654924600884,-0.595265165772465,0.0,0.0,0.0,0.11179681398530601,0.9937310865534674,odom,base_link
1786133731.4985287,9.250654924600884,-0.595265165772465,0.0,0.0,0.0,0.11179681398530601,0.9937310865534674,odom,base_link
1786133731.5464656,9.250654924600884,-0.595265165772465,0.0,0.0,0.0,0.11179681398530601,0.9937310865534674,odom,base_link
1786133731.5941494,9.250654924600884,-0.595265165772465,0.0,0.0,0.0,0.11179681398530601,0.9937310865534674,odom,base_link
1786133731.642282,9.250654924600884,-0.595265165772465,0.0,0.0,0.0,0.11179681398530601,0.9937310865534674,odom,base_link
1786133731.6903372,9.250654924600884,-0.595265165772465,0.0,0.0,0.0,0.11179681398530601,0.9937310865534674,odom,base_link
1786133731.7381165,9.250654924600884,-0.595265165772465,0.0,0.0,0.0,0.11179681398530601,0.9937310865534674,odom,base_link
1786133731.7855587,9.250654924600884,-0.595265165772465,0.0,0.0,0.0,0.11179681398530601,0.9937310865534674,odom,base_link
1786133731.8495789,9.250654924600884,-0.595265165772465,0.0,0.0,0.0,0.11179681398530601,0.9937310865534674,odom,base_link
1786133731.8980045,9.250654924600884,-0.595265165772465,0.0,0.0,0.0,0.11179681398530601,0.9937310865534674,odom,base_link
1786133731.9459023,9.250654924600884,-0.595265165772465,0.0,0.0,0.0,0.11179681398530601,0.9937310865534674,odom,base_link
1786133731.9937396,9.250654924600884,-0.595265165772465,0.0,0.0,0.0,0.11179681398530601,0.9937310865534674,odom,base_link
1786133732.0417268,9.250654924600884,-0.595265165772465,0.0,0.0,0.0,0.11179681398530601,0.9937310865534674,odom,base_link
1786133732.089954,9.250654924600884,-0.595265165772465,0.0,0.0,0.0,0.11179681398530601,0.9937310865534674,odom,base_link
1786133732.137438,9.250654924600884,-0.595265165772465,0.0,0.0,0.0,0.11179681398530601,0.9937310865534674,odom,base_link
1786133732.185728,9.250654924600884,-0.595265165772465,0.0,0.0,0.0,0.11179681398530601,0.9937310865534674,odom,base_link
1786133732.2495265,9.250654924600884,-0.595265165772465,0.0,0.0,0.0,0.11179681398530601,0.9937310865534674,odom,base_link
1786133732.2973845,9.250654924600884,-0.595265165772465,0.0,0.0,0.0,0.11179681398530601,0.9937310865534674,odom,base_link
1786133732.345702,9.250654924600884,-0.595265165772465,0.0,0.0,0.0,0.11179681398530601,0.9937310865534674,odom,base_link
1786133732.3932347,9.250654924600884,-0.595265165772465,0.0,0.0,0.0,0.11179681398530601,0.9937310865534674,odom,base_link
1786133732.4415944,9.250654924600884,-0.595265165772465,0.0,0.0,0.0,0.11179681398530601,0.9937310865534674,odom,base_link
1786133732.4893959,9.250654924600884,-0.595265165772465,0.0,0.0,0.0,0.11179681398530601,0.9937310865534674,odom,base_link
1786133732.5370016,9.250654924600884,-0.595265165772465,0.0,0.0,0.0,0.11179681398530601,0.9937310865534674,odom,base_link
1786133732.5850284,9.250654924600884,-0.595265165772465,0.0,0.0,0.0,0.11179681398530601,0.9937310865534674,odom,base_link
1786133732.6485636,9.250654924600884,-0.595265165772465,0.0,0.0,0.0,0.11179681398530601,0.9937310865534674,odom,base_link
1786133732.697133,9.250654924600884,-0.595265165772465,0.0,0.0,0.0,0.11179681398530601,0.9937310865534674,odom,base_link
1786133732.7451365,9.250654924600884,-0.595265165772465,0.0,0.0,0.0,0.11179681398530601,0.9937310865534674,odom,base_link
1786133732.7928345,9.250654924600884,-0.595265165772465,0.0,0.0,0.0,0.11179681398530601,0.9937310865534674,odom,base_link
1786133732.8410096,9.250654924600884,-0.595265165772465,0.0,0.0,0.0,0.11179681398530601,0.9937310865534674,odom,base_link
1786133732.8884535,9.250654924600884,-0.595265165772465,0.0,0.0,0.0,0.11179681398530601,0.9937310865534674,odom,base_link
1786133732.9364202,9.250654924600884,-0.595265165772465,0.0,0.0,0.0,0.11179681398530601,0.9937310865534674,odom,base_link
1786133732.9846756,9.250654924600884,-0.595265165772465,0.0,0.0,0.0,0.11179681398530601,0.9937310865534674,odom,base_link
1786133733.0485373,9.250654924600884,-0.595265165772465,0.0,0.0,0.0,0.11179681398530601,0.9937310865534674,odom,base_link
1786133733.0965834,9.250654924600884,-0.595265165772465,0.0,0.0,0.0,0.11179681398530601,0.9937310865534674,odom,base_link
1786133733.1444044,9.250654924600884,-0.595265165772465,0.0,0.0,0.0,0.11179681398530601,0.9937310865534674,odom,base_link
1786133733.1920848,9.250654924600884,-0.595265165772465,0.0,0.0,0.0,0.11179681398530601,0.9937310865534674,odom,base_link
1786133733.240169,9.250654924600884,-0.595265165772465,0.0,0.0,0.0,0.11179681398530601,0.9937310865534674,odom,base_link
1786133733.287893,9.250654924600884,-0.595265165772465,0.0,0.0,0.0,0.11179681398530601,0.9937310865534674,odom,base_link
1786133733.3361511,9.250654924600884,-0.595265165772465,0.0,0.0,0.0,0.11179681398530601,0.9937310865534674,odom,base_link
1786133733.399999,9.250654924600884,-0.595265165772465,0.0,0.0,0.0,0.11179681398530601,0.9937310865534674,odom,base_link
1786133733.4476182,9.250654924600884,-0.595265165772465,0.0,0.0,0.0,0.11179681398530601,0.9937310865534674,odom,base_link
1786133733.495679,9.250654924600884,-0.595265165772465,0.0,0.0,0.0,0.11179681398530601,0.9937310865534674,odom,base_link
1786133733.5436482,9.250654924600884,-0.595265165772465,0.0,0.0,0.0,0.11179681398530601,0.9937310865534674,odom,base_link
1786133733.5917509,9.250654924600884,-0.595265165772465,0.0,0.0,0.0,0.11179681398530601,0.9937310865534674,odom,base_link
1786133733.6398983,9.250654924600884,-0.595265165772465,0.0,0.0,0.0,0.11179681398530601,0.9937310865534674,odom,base_link
1786133733.6879177,9.250654924600884,-0.595265165772465,0.0,0.0,0.0,0.11179681398530601,0.9937310865534674,odom,base_link
1786133733.7358115,9.250654924600884,-0.595265165772465,0.0,0.0,0.0,0.11179681398530601,0.9937310865534674,odom,base_link
1786133733.7991364,9.250654924600884,-0.595265165772465,0.0,0.0,0.0,0.11179681398530601,0.9937310865534674,odom,base_link
1786133733.8477054,9.250654924600884,-0.595265165772465,0.0,0.0,0.0,0.11179681398530601,0.9937310865534674,odom,base_link
1786133733.8955798,9.250654924600884,-0.595265165772465,0.0,0.0,0.0,0.11179681398530601,0.9937310865534674,odom,base_link
1786133733.9433658,9.250654924600884,-0.595265165772465,0.0,0.0,0.0,0.11179681398530601,0.9937310865534674,odom,base_link
1786133733.9912236,9.250654924600884,-0.595265165772465,0.0,0.0,0.0,0.11179681398530601,0.9937310865534674,odom,base_link
1786133734.039333,9.250654924600884,-0.595265165772465,0.0,0.0,0.0,0.11179681398530601,0.9937310865534674,odom,base_link
1786133734.0867124,9.250654924600884,-0.595265165772465,0.0,0.0,0.0,0.11179681398530601,0.9937310865534674,odom,base_link
1786133734.135185,9.250654924600884,-0.595265165772465,0.0,0.0,0.0,0.11179681398530601,0.9937310865534674,odom,base_link
1786133734.198321,9.250654924600884,-0.595265165772465,0.0,0.0,0.0,0.11179681398530601,0.9937310865534674,odom,base_link
1786133734.2462516,9.250654924600884,-0.595265165772465,0.0,0.0,0.0,0.11179681398530601,0.9937310865534674,odom,base_link
1786133734.2949371,9.250654924600884,-0.595265165772465,0.0,0.0,0.0,0.11179681398530601,0.9937310865534674,odom,base_link
1786133734.3423452,9.250654924600884,-0.595265165772465,0.0,0.0,0.0,0.11179681398530601,0.9937310865534674,odom,base_link
1786133734.3908513,9.250654924600884,-0.595265165772465,0.0,0.0,0.0,0.11179681398530601,0.9937310865534674,odom,base_link
1786133734.4386864,9.250654924600884,-0.595265165772465,0.0,0.0,0.0,0.11179681398530601,0.9937310865534674,odom,base_link
1786133734.4866478,9.250654924600884,-0.595265165772465,0.0,0.0,0.0,0.11179681398530601,0.9937310865534674,odom,base_link
1786133734.5506349,9.250654924600884,-0.595265165772465,0.0,0.0,0.0,0.11179681398530601,0.9937310865534674,odom,base_link
1786133734.5983336,9.250654924600884,-0.595265165772465,0.0,0.0,0.0,0.11179681398530601,0.9937310865534674,odom,base_link
1786133734.6467595,9.250654924600884,-0.595265165772465,0.0,0.0,0.0,0.11179681398530601,0.9937310865534674,odom,base_link
1786133734.6938887,9.250654924600884,-0.595265165772465,0.0,0.0,0.0,0.11179681398530601,0.9937310865534674,odom,base_link
1786133734.742546,9.250654924600884,-0.595265165772465,0.0,0.0,0.0,0.11179681398530601,0.9937310865534674,odom,base_link
1786133734.7903712,9.250654924600884,-0.595265165772465,0.0,0.0,0.0,0.11179681398530601,0.9937310865534674,odom,base_link
1786133734.8382027,9.250654924600884,-0.595265165772465,0.0,0.0,0.0,0.11179681398530601,0.9937310865534674,odom,base_link
1786133734.8854558,9.250654924600884,-0.595265165772465,0.0,0.0,0.0,0.11179681398530601,0.9937310865534674,odom,base_link
1786133734.9498253,9.250654924600884,-0.595265165772465,0.0,0.0,0.0,0.11179681398530601,0.9937310865534674,odom,base_link
1786133734.9980426,9.250654924600884,-0.595265165772465,0.0,0.0,0.0,0.11179681398530601,0.9937310865534674,odom,base_link
1786133735.045925,9.250654924600884,-0.595265165772465,0.0,0.0,0.0,0.11179681398530601,0.9937310865534674,odom,base_link
1786133735.09392,9.250654924600884,-0.595265165772465,0.0,0.0,0.0,0.11179681398530601,0.9937310865534674,odom,base_link
1786133735.1413865,9.250654924600884,-0.595265165772465,0.0,0.0,0.0,0.11179681398530601,0.9937310865534674,odom,base_link
1786133735.1895533,9.250654924600884,-0.595265165772465,0.0,0.0,0.0,0.11179681398530601,0.9937310865534674,odom,base_link
1786133735.2370796,9.250654924600884,-0.595265165772465,0.0,0.0,0.0,0.11179681398530601,0.9937310865534674,odom,base_link
1786133735.2858248,9.250654924600884,-0.595265165772465,0.0,0.0,0.0,0.11179681398530601,0.9937310865534674,odom,base_link
1786133735.3495538,9.250654924600884,-0.595265165772465,0.0,0.0,0.0,0.11179681398530601,0.9937310865534674,odom,base_link
1786133735.3972843,9.250654924600884,-0.595265165772465,0.0,0.0,0.0,0.11179681398530601,0.9937310865534674,odom,base_link
1786133735.445093,9.250654924600884,-0.595265165772465,0.0,0.0,0.0,0.11179681398530601,0.9937310865534674,odom,base_link
1786133735.4930673,9.250654924600884,-0.595265165772465,0.0,0.0,0.0,0.11179681398530601,0.9937310865534674,odom,base_link
1786133735.5412056,9.250654924600884,-0.595265165772465,0.0,0.0,0.0,0.11179681398530601,0.9937310865534674,odom,base_link
1786133735.589097,9.250654924600884,-0.595265165772465,0.0,0.0,0.0,0.11179681398530601,0.9937310865534674,odom,base_link
1786133735.6368003,9.250654924600884,-0.595265165772465,0.0,0.0,0.0,0.11179681398530601,0.9937310865534674,odom,base_link
1786133735.684376,9.250654924600884,-0.595265165772465,0.0,0.0,0.0,0.11179681398530601,0.9937310865534674,odom,base_link
1786133735.7485478,9.250654924600884,-0.595265165772465,0.0,0.0,0.0,0.11179681398530601,0.9937310865534674,odom,base_link
1786133735.7965233,9.250654924600884,-0.595265165772465,0.0,0.0,0.0,0.11179681398530601,0.9937310865534674,odom,base_link
1786133735.844812,9.250654924600884,-0.595265165772465,0.0,0.0,0.0,0.11179681398530601,0.9937310865534674,odom,base_link
1786133735.8929589,9.250654924600884,-0.595265165772465,0.0,0.0,0.0,0.11179681398530601,0.9937310865534674,odom,base_link
1786133735.9403389,9.250654924600884,-0.595265165772465,0.0,0.0,0.0,0.11179681398530601,0.9937310865534674,odom,base_link
1786133735.9887266,9.250654924600884,-0.595265165772465,0.0,0.0,0.0,0.11179681398530601,0.9937310865534674,odom,base_link
1786133736.0363996,9.250654924600884,-0.595265165772465,0.0,0.0,0.0,0.11179681398530601,0.9937310865534674,odom,base_link
1786133736.0845895,9.250654924600884,-0.595265165772465,0.0,0.0,0.0,0.11179681398530601,0.9937310865534674,odom,base_link
1786133736.148307,9.250654924600884,-0.595265165772465,0.0,0.0,0.0,0.11179681398530601,0.9937310865534674,odom,base_link
1786133736.1956882,9.250654924600884,-0.595265165772465,0.0,0.0,0.0,0.11179681398530601,0.9937310865534674,odom,base_link
1786133736.244108,9.250654924600884,-0.595265165772465,0.0,0.0,0.0,0.11179681398530601,0.9937310865534674,odom,base_link
1786133736.2924595,9.250654924600884,-0.595265165772465,0.0,0.0,0.0,0.11179681398530601,0.9937310865534674,odom,base_link
1786133736.34031,9.250654924600884,-0.595265165772465,0.0,0.0,0.0,0.11179681398530601,0.9937310865534674,odom,base_link
1786133736.3882198,9.250654924600884,-0.595265165772465,0.0,0.0,0.0,0.11179681398530601,0.9937310865534674,odom,base_link
1786133736.436081,9.250654924600884,-0.595265165772465,0.0,0.0,0.0,0.11179681398530601,0.9937310865534674,odom,base_link
1786133736.4999814,9.250654924600884,-0.595265165772465,0.0,0.0,0.0,0.11179681398530601,0.9937310865534674,odom,base_link
1786133736.5476158,9.250654924600884,-0.595265165772465,0.0,0.0,0.0,0.11179681398530601,0.9937310865534674,odom,base_link
1786133736.595694,9.250654924600884,-0.595265165772465,0.0,0.0,0.0,0.11179681398530601,0.9937310865534674,odom,base_link
1786133736.6436899,9.250654924600884,-0.595265165772465,0.0,0.0,0.0,0.11179681398530601,0.9937310865534674,odom,base_link
1786133736.6916018,9.250654924600884,-0.595265165772465,0.0,0.0,0.0,0.11179681398530601,0.9937310865534674,odom,base_link
1786133736.7393172,9.250654924600884,-0.595265165772465,0.0,0.0,0.0,0.11179681398530601,0.9937310865534674,odom,base_link
1786133736.7874286,9.250654924600884,-0.595265165772465,0.0,0.0,0.0,0.11179681398530601,0.9937310865534674,odom,base_link
1786133736.835622,9.250654924600884,-0.595265165772465,0.0,0.0,0.0,0.11179681398530601,0.9937310865534674,odom,base_link
1786133736.8997326,9.250654924600884,-0.595265165772465,0.0,0.0,0.0,0.11179681398530601,0.9937310865534674,odom,base_link
1786133736.9474406,9.250654924600884,-0.595265165772465,0.0,0.0,0.0,0.11179681398530601,0.9937310865534674,odom,base_link
1786133736.9953554,9.250654924600884,-0.595265165772465,0.0,0.0,0.0,0.11179681398530601,0.9937310865534674,odom,base_link
1786133737.0433958,9.250654924600884,-0.595265165772465,0.0,0.0,0.0,0.11179681398530601,0.9937310865534674,odom,base_link
1786133737.090966,9.250654924600884,-0.595265165772465,0.0,0.0,0.0,0.11179681398530601,0.9937310865534674,odom,base_link
1786133737.139271,9.250654924600884,-0.595265165772465,0.0,0.0,0.0,0.11179681398530601,0.9937310865534674,odom,base_link
1786133737.1869566,9.250654924600884,-0.595265165772465,0.0,0.0,0.0,0.11179681398530601,0.9937310865534674,odom,base_link
1786133737.2349606,9.250654924600884,-0.595265165772465,0.0,0.0,0.0,0.11179681398530601,0.9937310865534674,odom,base_link
1786133737.2980244,9.250654924600884,-0.595265165772465,0.0,0.0,0.0,0.11179681398530601,0.9937310865534674,odom,base_link
1786133737.3466985,9.250654924600884,-0.595265165772465,0.0,0.0,0.0,0.11179681398530601,0.9937310865534674,odom,base_link
1786133737.394852,9.250654924600884,-0.595265165772465,0.0,0.0,0.0,0.11179681398530601,0.9937310865534674,odom,base_link
1786133737.4426281,9.250654924600884,-0.595265165772465,0.0,0.0,0.0,0.11179681398530601,0.9937310865534674,odom,base_link
1786133737.4906056,9.250654924600884,-0.595265165772465,0.0,0.0,0.0,0.11179681398530601,0.9937310865534674,odom,base_link
1786133737.5385566,9.250654924600884,-0.595265165772465,0.0,0.0,0.0,0.11179681398530601,0.9937310865534674,odom,base_link
1786133737.5864272,9.250654924600884,-0.595265165772465,0.0,0.0,0.0,0.11179681398530601,0.9937310865534674,odom,base_link
1786133737.6344645,9.250654924600884,-0.595265165772465,0.0,0.0,0.0,0.11179681398530601,0.9937310865534674,odom,base_link
1786133737.6985164,9.250654924600884,-0.595265165772465,0.0,0.0,0.0,0.11179681398530601,0.9937310865534674,odom,base_link
1786133737.7465618,9.250654924600884,-0.595265165772465,0.0,0.0,0.0,0.11179681398530601,0.9937310865534674,odom,base_link
1786133737.794083,9.250654924600884,-0.595265165772465,0.0,0.0,0.0,0.11179681398530601,0.9937310865534674,odom,base_link
1786133737.8423202,9.250654924600884,-0.595265165772465,0.0,0.0,0.0,0.11179681398530601,0.9937310865534674,odom,base_link
1786133737.8903015,9.250654924600884,-0.595265165772465,0.0,0.0,0.0,0.11179681398530601,0.9937310865534674,odom,base_link
1786133737.9382808,9.250654924600884,-0.595265165772465,0.0,0.0,0.0,0.11179681398530601,0.9937310865534674,odom,base_link
1786133737.9861474,9.250654924600884,-0.595265165772465,0.0,0.0,0.0,0.11179681398530601,0.9937310865534674,odom,base_link
1786133738.0499063,9.250654924600884,-0.595265165772465,0.0,0.0,0.0,0.11179681398530601,0.9937310865534674,odom,base_link
1786133738.0979238,9.250654924600884,-0.595265165772465,0.0,0.0,0.0,0.11179681398530601,0.9937310865534674,odom,base_link
1786133738.1461015,9.250654924600884,-0.595265165772465,0.0,0.0,0.0,0.11179681398530601,0.9937310865534674,odom,base_link
1786133738.1934614,9.250654924600884,-0.595265165772465,0.0,0.0,0.0,0.11179681398530601,0.9937310865534674,odom,base_link
1786133738.2415922,9.250654924600884,-0.595265165772465,0.0,0.0,0.0,0.11179681398530601,0.9937310865534674,odom,base_link
1786133738.2898319,9.250654924600884,-0.595265165772465,0.0,0.0,0.0,0.11179681398530601,0.9937310865534674,odom,base_link
1786133738.337758,9.250654924600884,-0.595265165772465,0.0,0.0,0.0,0.11179681398530601,0.9937310865534674,odom,base_link
1786133738.385587,9.250654924600884,-0.595265165772465,0.0,0.0,0.0,0.11179681398530601,0.9937310865534674,odom,base_link
1786133738.4489994,9.250654924600884,-0.595265165772465,0.0,0.0,0.0,0.11179681398530601,0.9937310865534674,odom,base_link
1786133738.4974976,9.250654924600884,-0.595265165772465,0.0,0.0,0.0,0.11179681398530601,0.9937310865534674,odom,base_link
1786133738.5457187,9.250654924600884,-0.595265165772465,0.0,0.0,0.0,0.11179681398530601,0.9937310865534674,odom,base_link
1786133738.593544,9.250654924600884,-0.595265165772465,0.0,0.0,0.0,0.11179681398530601,0.9937310865534674,odom,base_link
1786133738.6413484,9.250654924600884,-0.595265165772465,0.0,0.0,0.0,0.11179681398530601,0.9937310865534674,odom,base_link
1786133738.7052448,9.250654924600884,-0.595265165772465,0.0,0.0,0.0,0.11179681398530601,0.9937310865534674,odom,base_link
1786133738.7688355,9.25096757781391,-0.595194359497466,0.0,0.0,0.0,0.11112613373592883,0.9938063103044297,odom,base_link
1786133738.881056,9.251593639700602,-0.595056125077692,0.0,0.0,0.0,0.10844290964663772,0.9941026784730898,odom,base_link
1786133739.0088072,9.251280149427465,-0.5951231281286942,0.0,0.0,0.0,0.10508777049514016,0.994462950789199,odom,base_link
1786133739.104895,9.251280149427465,-0.5951231281286942,0.0,0.0,0.0,0.09971707480472464,0.9950158315285185,odom,base_link
1786133739.1846497,9.251280149427465,-0.5951231281286942,0.0,0.0,0.0,0.09299963591830754,0.9956661426999827,odom,base_link
1786133739.2482889,9.251280149427465,-0.5951231281286942,0.0,0.0,0.0,0.08627796118772069,0.9962711043753554,odom,base_link
1786133739.3123302,9.251280149427465,-0.5951231281286942,0.0,0.0,0.0,0.07820679127061068,0.996937158400245,odom,base_link
1786133739.3762171,9.251597627041823,-0.5950787037595203,0.0,0.0,0.0,0.06945725209846904,0.9975849287809684,odom,base_link
1786133739.4561987,9.251916040357138,-0.5950415753226412,0.0,0.0,0.0,0.058007584245850646,0.9983161423967662,odom,base_link
1786133739.535588,9.252873584471219,-0.5949521364533593,0.0,0.0,0.0,0.0465502808800186,0.9989159480907247,odom,base_link
1786133739.6001198,9.253512259833602,-0.594895957967594,0.0,0.0,0.0,0.04385349842190409,0.9990379725897109,odom,base_link
1786133739.6639035,9.253831635137939,-0.5948682997829987,0.0,0.0,0.0,0.043179252104712185,0.99906734116759,odom,base_link
1786133739.7117066,9.254151047483553,-0.5948410727070808,0.0,0.0,0.0,0.042504986120640006,0.9990962546996581,odom,base_link
1786133739.7758384,9.253831672179217,-0.594868730891676,0.0,0.0,0.0,0.043179252104712185,0.99906734116759,odom,base_link
1786133739.8237693,9.253831672179217,-0.594868730891676,0.0,0.0,0.0,0.043179252104712185,0.99906734116759,odom,base_link
1786133739.8876007,9.253831672179217,-0.594868730891676,0.0,0.0,0.0,0.043179252104712185,0.99906734116759,odom,base_link
1786133739.935489,9.253831672179217,-0.594868730891676,0.0,0.0,0.0,0.043179252104712185,0.99906734116759,odom,base_link
1786133740.047267,9.255747924005231,-0.5947027817841042,0.0,0.0,0.0,0.043179252104712185,0.99906734116759,odom,base_link
1786133740.191189,9.26341111143528,-0.5940182957842297,0.0,0.0,0.0,0.044527724765116336,0.9990081489793975,odom,base_link
1786133740.3192277,9.276509983410136,-0.5929373426522839,0.0,0.0,0.0,0.041156396380296986,0.9991527165738918,odom,base_link
1786133740.4471078,9.296000702043742,-0.5913554018728228,0.0,0.0,0.0,0.04048207323826913,0.9991802648903407,odom,base_link
1786133740.51088,9.308781501147745,-0.5903180636567826,0.0,0.0,0.0,0.04048207323826913,0.9991802648903407,odom,base_link
1786133740.5747843,9.32284038016215,-0.5891769916191385,0.0,0.0,0.0,0.04048207323826913,0.9991802648903407,odom,base_link
1786133740.6225822,9.334343099355753,-0.5882433872247024,0.0,0.0,0.0,0.04048207323826913,0.9991802648903407,odom,base_link
1786133740.6866622,9.349680058280557,-0.5869985813654542,0.0,0.0,0.0,0.04048207323826913,0.9991802648903407,odom,base_link
1786133740.7500923,9.365973777078548,-0.5856539811281558,0.0,0.0,0.0,0.04115639638029698,0.9991527165738918,odom,base_link
1786133740.7984848,9.378753164371089,-0.5845993927067453,0.0,0.0,0.0,0.04115639638029698,0.9991527165738918,odom,base_link
1786133740.8623688,9.394727398486767,-0.5832811571799822,0.0,0.0,0.0,0.04115639638029698,0.9991527165738918,odom,base_link
1786133740.9101562,9.407506785779308,-0.5822265687585717,0.0,0.0,0.0,0.04115639638029698,0.9991527165738918,odom,base_link
1786133740.9741497,9.424437572442375,-0.5808063851238571,0.0,0.0,0.0,0.04183070077679588,0.9991247131727461,odom,base_link
1786133741.022393,9.436894653921378,-0.5797445291630559,0.0,0.0,0.0,0.042504986120640006,0.9990962546996581,odom,base_link
1786133741.086051,9.454142920584612,-0.578274267063485,0.0,0.0,0.0,0.042504986120640006,0.9990962546996581,odom,base_link
1786133741.1339955,9.46691941440923,-0.5771851840267658,0.0,0.0,0.0,0.042504986120640006,0.9990962546996581,odom,base_link
1786133741.1970696,9.48384630553902,-0.5757193002432143,0.0,0.0,0.0,0.043179252104712185,0.99906734116759,odom,base_link
1786133741.2615447,9.501092571973144,-0.5742257582750675,0.0,0.0,0.0,0.043179252104712185,0.99906734116759,odom,base_link
1786133741.3097954,9.513864551023227,-0.5730849482752768,0.0,0.0,0.0,0.044527724765116336,0.9990081489793975,odom,base_link
1786133741.373837,9.531106722740837,-0.5715448547755593,0.0,0.0,0.0,0.044527724765116336,0.9990081489793975,odom,base_link
1786133741.4218009,9.544196411013878,-0.5703578553645604,0.0,0.0,0.0,0.04520193082725864,0.9989778703502334,odom,base_link
1786133741.4854126,9.561436488251543,-0.5687944902866594,0.0,0.0,0.0,0.04520193082725864,0.9989778703502334,odom,base_link
1786133741.5336373,9.574524562423422,-0.5675898238770203,0.0,0.0,0.0,0.04587611630124995,0.9989471367160097,odom,base_link
1786133741.5973928,9.591758167780457,-0.5659566613237376,0.0,0.0,0.0,0.047224424256502445,0.9988843044885838,odom,base_link
1786133741.64537,9.604841256591248,-0.5646990072154684,0.0,0.0,0.0,0.04789854612364899,0.9988522059239999,odom,base_link
1786133741.7093046,9.622072641854242,-0.5630425847314066,0.0,0.0,0.0,0.04789854612364899,0.9988522059239999,odom,base_link
1786133741.7730622,9.639299492752595,-0.5613396514815779,0.0,0.0,0.0,0.04924672410176929,0.9987866439661898,odom,base_link
1786133741.8212295,9.652377381679939,-0.5600290302963327,0.0,0.0,0.0,0.04992077959868761,0.998753180602825,odom,base_link
1786133741.885134,9.669918502135358,-0.5582472018093251,0.0,0.0,0.0,0.05059481235815802,0.9987192623367404,odom,base_link
1786133741.9329257,9.682992805336603,-0.5569012811248053,0.0,0.0,0.0,0.0512688220731784,0.9986848891833844,odom,base_link
1786133741.9970567,9.700207771155501,-0.5550821259962786,0.0,0.0,0.0,0.052616771141913245,0.9986147782776897,odom,base_link
1786133742.0447898,9.713276517127234,-0.5536832745340259,0.0,0.0,0.0,0.05329070988167653,0.9985790405572845,odom,base_link
1786133742.1090486,9.730805212897614,-0.5517831050210259,0.0,0.0,0.0,0.0539646243490877,0.998542848013475,odom,base_link
1786133742.1562579,9.743553355276072,-0.550401163557026,0.0,0.0,0.0,0.0539646243490877,0.998542848013475,odom,base_link
1786133742.2201567,9.760758248460752,-0.5484890903285133,0.0,0.0,0.0,0.05531237923907194,0.9984690985217886,odom,base_link
1786133742.284389,9.777641984062944,-0.546589634958709,0.0,0.0,0.0,0.05598621904778227,0.9984315416075024,odom,base_link
1786133742.332745,9.790063967068802,-0.5451751543974616,0.0,0.0,0.0,0.056660033356415285,0.9983935299369933,odom,base_link
1786133742.3967354,9.807579439776566,-0.5431567304052807,0.0,0.0,0.0,0.05733382185806838,0.9983550635275745,odom,base_link
1786133742.444572,9.819997559073828,-0.5417087213669971,0.0,0.0,0.0,0.05800758424585067,0.9983161423967662,odom,base_link
1786133742.5083482,9.836870793323762,-0.5397181373990305,0.0,0.0,0.0,0.05868132021288321,0.9982767665622961,odom,base_link
1786133742.5564206,9.849284958415065,-0.5382366104361137,0.0,0.0,0.0,0.059355029452299056,0.9982369360420985,odom,base_link
1786133742.6204934,9.866152757523322,-0.5362004837627137,0.0,0.0,0.0,0.06002871165724345,0.9981966508543152,odom,base_link
1786133742.6679502,9.879199294371752,-0.5346077556158866,0.0,0.0,0.0,0.060702366520873956,0.9981559110172947,odom,base_link
1786133742.7319138,9.895740608109383,-0.5325430487118837,0.0,0.0,0.0,0.0620495929968859,0.9980730674699728,odom,base_link
1786133742.7957435,9.912912275498064,-0.530352566431653,0.0,0.0,0.0,0.06339670642584692,0.9979884055510639,odom,base_link
1786133742.843843,9.925311888623769,-0.5287538133585216,0.0,0.0,0.0,0.06407021998071205,0.9979453927503364,odom,base_link
1786133742.9079812,9.942153708996438,-0.5265129329240955,0.0,0.0,0.0,0.06609058432569856,0.9978136272187746,odom,base_link
1786133742.9554393,9.954864516824866,-0.5248217024075476,0.0,0.0,0.0,0.06609058432569856,0.9978136272187746,odom,base_link
1786133743.018371,9.971697125117185,-0.5225126427149502,0.0,0.0,0.0,0.06811067774989875,0.9976777714154252,odom,base_link
1786133743.066325,9.98408107934425,-0.5207968062548151,0.0,0.0,0.0,0.06878398058872469,0.9976315772941281,odom,base_link
1786133743.1315722,10.00122161691572,-0.5183747523147723,0.0,0.0,0.0,0.07013049197247649,0.997537825897193,odom,base_link
1786133743.179343,10.013918311413105,-0.5165806382851109,0.0,0.0,0.0,0.0701304919724765,0.997537825897193,odom,base_link
1786133743.2430267,10.030731667691498,-0.5141353347778822,0.0,0.0,0.0,0.07215001871374015,0.9973937912377473,odom,base_link
1786133743.3066669,10.047855468943734,-0.5115976578478232,0.0,0.0,0.0,0.07349620607453725,0.9972954966772131,odom,base_link
1786133743.3550992,10.06022017365617,-0.5097481999731311,0.0,0.0,0.0,0.07416924969517652,0.99724566802752,odom,base_link
1786133743.419238,10.077333558697374,-0.5071412043922173,0.0,0.0,0.0,0.07551523528417878,0.997144648102759,odom,base_link
1786133743.46651,10.090324371193935,-0.5051442824191983,0.0,0.0,0.0,0.07618817663948485,0.9970934568737028,odom,base_link
1786133743.5306444,10.1074270594173,-0.5024680109341282,0.0,0.0,0.0,0.07753395493918205,0.9969897119988195,odom,base_link
1786133743.5792377,10.120090319569321,-0.5004513952955836,0.0,0.0,0.0,0.07887959198114447,0.9968841507260953,odom,base_link
1786133743.6426995,10.137178309173235,-0.4976828243963697,0.0,0.0,0.0,0.08022508531377986,0.9967767732478505,odom,base_link
1786133743.7069879,10.15489137203458,-0.4947638860893284,0.0,0.0,0.0,0.08157043248575782,0.9966675797597143,odom,base_link
1786133743.7544873,10.167537885270672,-0.4926447826749733,0.0,0.0,0.0,0.08291563104601427,0.9965565704606243,odom,base_link
1786133743.8184736,10.184914899682056,-0.4896606262221022,0.0,0.0,0.0,0.08493314487838574,0.9963866523097683,odom,base_link
1786133743.866468,10.1978656596245,-0.4874185906290864,0.0,0.0,0.0,0.08560557252846437,0.9963291052418743,odom,base_link
1786133743.9304247,10.215546171239826,-0.4843085575439661,0.0,0.0,0.0,0.08695031054990147,0.9962126497366292,odom,base_link
1786133743.9784894,10.228487746325035,-0.4820140987840401,0.0,0.0,0.0,0.08762262030877127,0.99615374135232,odom,base_link
1786133744.0421093,10.245835790018454,-0.47886589300933646,0.0,0.0,0.0,0.08963930890343264,0.9959742939952391,odom,base_link
1786133744.0903616,10.258764788561926,-0.4765015953652107,0.0,0.0,0.0,0.09031145718706775,0.9959135708989754,odom,base_link
1786133744.154127,10.276415126597506,-0.4732246510568606,0.0,0.0,0.0,0.09165563004556954,0.9957907639062283,odom,base_link
1786133744.2171576,10.293426503098058,-0.4700188059133884,0.0,0.0,0.0,0.09299963591830758,0.9956661426999827,odom,base_link
1786133744.2658389,10.306339251019537,-0.4675673068202899,0.0,0.0,0.0,0.0936715754698093,0.9956031518376204,odom,base_link
1786133744.3292756,10.323967071637435,-0.46417131844671594,0.0,0.0,0.0,0.09501532627283472,0.9954758097378694,odom,base_link
1786133744.377883,10.337181013224154,-0.46158864620152495,0.0,0.0,0.0,0.09635890396912553,0.9953466539984293,odom,base_link
1786133744.441595,10.354480403566077,-0.4581832220889599,0.0,0.0,0.0,0.0970306271372829,0.99528139608723,odom,base_link
1786133744.4897425,10.367683778796938,-0.4555470637673927,0.0,0.0,0.0,0.09837394058387094,0.9951495203304883,odom,base_link
1786133744.5533254,10.38465033542145,-0.4521119029509728,0.0,0.0,0.0,0.09971707480472466,0.9950158315285185,odom,base_link
1786133744.601847,10.397528818459374,-0.4494863399010752,0.0,0.0,0.0,0.10038857394079063,0.9949483073115579,odom,base_link
1786133744.6655872,10.414790428617792,-0.44589431619187564,0.0,0.0,0.0,0.10240279578143054,0.9947430157664574,odom,base_link
1786133744.729582,10.431728609061677,-0.4423218637040411,0.0,0.0,0.0,0.1037453776442154,0.9946038893034046,odom,base_link
1786133744.7775323,10.444585406541266,-0.43959208985700776,0.0,0.0,0.0,0.10441659784902353,0.9945336465367249,odom,base_link
1786133744.84059,10.461190743975912,-0.43599608829024405,0.0,0.0,0.0,0.1064299718885232,0.9943202004806139,odom,base_link
1786133744.8892882,10.47403261585761,-0.43319693962302425,0.0,0.0,0.0,0.10710100002445626,0.9942481459845733,odom,base_link
1786133744.9530318,10.491562348684981,-0.42932637586935135,0.0,0.0,0.0,0.10844290964663772,0.9941026784730898,odom,base_link
1786133745.0009873,10.504392780682643,-0.42647524952341703,0.0,0.0,0.0,0.1091137905216857,0.9940292655239028,odom,base_link
1786133745.0649014,10.52128119970773,-0.42267450270725454,0.0,0.0,0.0,0.11045540287186377,0.9938810814058261,odom,base_link
1786133745.1131763,10.53378349394652,-0.4198253738793369,0.0,0.0,0.0,0.11179681398530601,0.9937310865534674,odom,base_link
1786133745.1768003,10.550651146366603,-0.4159335008903058,0.0,0.0,0.0,0.11313802141811936,0.9935792812400998,odom,base_link
1786133745.2407124,10.567201263915608,-0.4120913572567664,0.0,0.0,0.0,0.113808547990675,0.9935026997468372,odom,base_link
1786133745.288407,10.579684045218734,-0.40915791776536853,0.0,0.0,0.0,0.11514944532105849,0.993348179261558,odom,base_link
1786133745.3519795,10.596525048011726,-0.405152296907884,0.0,0.0,0.0,0.11649013286271363,0.9931918490128819,odom,base_link
1786133745.4008706,10.608684078576129,-0.40224293395529165,0.0,0.0,0.0,0.11716039719944839,0.993113005316146,odom,base_link
1786133745.4647968,10.625508723327185,-0.39816915161841737,0.0,0.0,0.0,0.11850076547830393,0.9929539609574333,odom,base_link
1786133745.5122306,10.63796323155726,-0.3951179025203684,0.0,0.0,0.0,0.11984091786272046,0.992793107553543,odom,base_link
1786133745.576516,10.655387947792068,-0.3907990993404755,0.0,0.0,0.0,0.1211808519110982,0.9926304453975309,odom,base_link
1786133745.6397796,10.672179049114927,-0.38658919555381593,0.0,0.0,0.0,0.1225205651822351,0.9924659747857484,odom,base_link
1786133745.6883953,10.684923522235074,-0.38337558207722183,0.0,0.0,0.0,0.12319033826357247,0.9923830614024539,odom,base_link
1786133745.7522156,10.70169743872168,-0.3790977205521393,0.0,0.0,0.0,0.12452971579247542,0.9922158786698817,odom,base_link
1786133745.7996716,10.714428794462812,-0.3758325271918791,0.0,0.0,0.0,0.12519931962999387,0.9921316093967507,odom,base_link
1786133745.8632715,10.731489565886958,-0.37138326905127833,0.0,0.0,0.0,0.12720778777507719,0.9918760904111819,odom,base_link
1786133745.9118662,10.744203107097032,-0.3680493859419173,0.0,0.0,0.0,0.12787716168450514,0.9917900138232463,odom,base_link
1786133745.9756584,10.761239608053303,-0.3635080805397644,0.0,0.0,0.0,0.12988493272766846,0.9915290738300764,odom,base_link
1786133746.0232408,10.773934964131966,-0.3601056048641595,0.0,0.0,0.0,0.13055407183092638,0.9914411905546215,odom,base_link
1786133746.087007,10.79095914357895,-0.3555183253059101,0.0,0.0,0.0,0.13122315147064162,0.9913528557068432,odom,base_link
1786133746.1508396,10.807661573200258,-0.3509693453902893,0.0,0.0,0.0,0.13256113114048684,0.9911748314554575,odom,base_link
1786133746.1990838,10.820642753231539,-0.3473961936752411,0.0,0.0,0.0,0.13389886929956268,0.9909950014002586,odom,base_link
1786133746.2635589,10.837320379204076,-0.34275710266001114,0.0,0.0,0.0,0.1352363635106678,0.9908133658688757,odom,base_link
1786133746.3105063,10.849664854607633,-0.3392874019060086,0.0,0.0,0.0,0.13657361133704524,0.9906299251922273,odom,base_link
1786133746.3752072,10.866317190777782,-0.3345583350209013,0.0,0.0,0.0,0.13791061034238697,0.9904446797045205,odom,base_link
1786133746.4230487,10.878652254607521,-0.33105532251341446,0.0,0.0,0.0,0.13791061034238697,0.9904446797045205,odom,base_link
1786133746.4868855,10.89529176379869,-0.3262813192242994,0.0,0.0,0.0,0.13924735809083827,0.9902576297432512,odom,base_link
1786133746.5348365,10.907920561190215,-0.3226395637230391,0.0,0.0,0.0,0.13991563698265044,0.9901634281913967,odom,base_link
1786133746.59842,10.924540602578274,-0.3177982211626876,0.0,0.0,0.0,0.14125200327954102,0.9899736721597785,odom,base_link
1786133746.662401,10.941448316628462,-0.31279871866886483,0.0,0.0,0.0,0.14325606944319516,0.9896856564423304,odom,base_link
1786133746.710848,10.954047206975416,-0.30905480778416783,0.0,0.0,0.0,0.14392396140554437,0.9895887495992137,odom,base_link
1786133746.77474,10.97062749552846,-0.3040790259335208,0.0,0.0,0.0,0.14525954836666413,0.9893935837715508,odom,base_link
1786133746.8542778,10.991174167372693,-0.2978221196821105,0.0,0.0,0.0,0.14726243183721846,0.989097455344714,odom,base_link
1786133746.9664152,11.016003940906247,-0.29022427875792967,0.0,0.0,0.0,0.14792992591873347,0.988997844799309,odom,base_link
1786133747.1740174,11.044134846625006,-0.2813665225561975,0.0,0.0,0.0,0.1519334648367375,0.9883907234807011,odom,base_link
1786133747.2699049,11.045969470911013,-0.2807888428039106,0.0,0.0,0.0,0.1519334648367375,0.9883907234807011,odom,base_link
1786133747.3338122,11.045969470911013,-0.2807888428039106,0.0,0.0,0.0,0.1519334648367375,0.9883907234807011,odom,base_link
1786133747.445888,11.045969470911013,-0.2807888428039106,0.0,0.0,0.0,0.1519334648367375,0.9883907234807011,odom,base_link
1786133747.5736115,11.046582551739002,-0.280601241793437,0.0,0.0,0.0,0.14792992591873347,0.988997844799309,odom,base_link
1786133747.6693606,11.046890208989836,-0.2805111719527352,0.0,0.0,0.0,0.14192009007594386,0.989878117766443,odom,base_link
1786133747.7332268,11.046890208989836,-0.2805111719527352,0.0,0.0,0.0,0.1352363635106679,0.9908133658688757,odom,base_link
1786133747.7970858,11.046890208989836,-0.2805111719527352,0.0,0.0,0.0,0.12720778777507735,0.9918760904111817,odom,base_link
1786133747.8610964,11.047201776485226,-0.2804357315390894,0.0,0.0,0.0,0.1185007654783041,0.9929539609574333,odom,base_link
1786133747.9571152,11.047201776485226,-0.2804357315390894,0.0,0.0,0.0,0.10642997188852338,0.9943202004806139,odom,base_link
1786133748.0370588,11.047201776485226,-0.2804357315390894,0.0,0.0,0.0,0.10106002735281185,0.9948803299248854,odom,base_link
1786133748.1010091,11.047201776485226,-0.2804357315390894,0.0,0.0,0.0,0.10106002735281186,0.9948803299248854,odom,base_link
1786133748.1486275,11.047201776485226,-0.2804357315390894,0.0,0.0,0.0,0.10106002735281186,0.9948803299248854,odom,base_link
1786133748.227939,11.046887841160807,-0.2805006173794261,0.0,0.0,0.0,0.1017314347349606,0.9948118993994626,odom,base_link
1786133748.3725479,11.049395037551195,-0.27996120833938626,0.0,0.0,0.0,0.10575889527686616,0.9943918020930266,odom,base_link
1786133748.5326183,11.063777085350383,-0.2767041196894336,0.0,0.0,0.0,0.11112613373592907,0.9938063103044297,odom,base_link
1786133748.5964668,11.073781988167209,-0.2744383188894665,0.0,0.0,0.0,0.11112613373592907,0.9938063103044297,odom,base_link
1786133748.6604352,11.086288116688241,-0.2716060678895077,0.0,0.0,0.0,0.11112613373592907,0.9938063103044297,odom,base_link
1786133748.70799,11.096918325931119,-0.2691986545395427,0.0,0.0,0.0,0.11112613373592907,0.9938063103044297,odom,base_link
1786133748.77232,11.111617505452953,-0.26589059712547536,0.0,0.0,0.0,0.11045540287186402,0.9938810814058261,odom,base_link
1786133748.8202796,11.123501948470606,-0.26321599751410174,0.0,0.0,0.0,0.11045540287186402,0.9938810814058261,odom,base_link
1786133748.884253,11.139139373493833,-0.25969678749913644,0.0,0.0,0.0,0.11045540287186402,0.9938810814058261,odom,base_link
1786133748.948371,11.15508468735815,-0.2560856674741889,0.0,0.0,0.0,0.11112613373592907,0.9938063103044297,odom,base_link
1786133748.9959776,11.167281878876267,-0.253340683662516,0.0,0.0,0.0,0.11045540287186402,0.9938810814058261,odom,base_link
1786133749.0597863,11.183852499166635,-0.24958795108757056,0.0,0.0,0.0,0.11112613373592908,0.9938063103044297,odom,base_link
1786133749.107921,11.196042236049456,-0.24681005048035087,0.0,0.0,0.0,0.11179681398530626,0.9937310865534673,odom,base_link
1786133749.171532,11.212602665311419,-0.24301259853909432,0.0,0.0,0.0,0.11246744331452042,0.9936554101872013,odom,base_link
1786133749.218731,11.225101102490258,-0.24014659707399502,0.0,0.0,0.0,0.11246744331452042,0.9936554101872013,odom,base_link
1786133749.2834666,11.241963486408112,-0.23623196016435108,0.0,0.0,0.0,0.11380854799067523,0.9935026997468372,odom,base_link
1786133749.331328,11.254762384046414,-0.23324245754160622,0.0,0.0,0.0,0.1144790227267821,0.9934256657422944,odom,base_link
1786133749.3952425,11.271619468740763,-0.2293050638433569,0.0,0.0,0.0,0.1144790227267821,0.9934256657422944,odom,base_link
1786133749.4591289,11.28846586286294,-0.2253221781297467,0.0,0.0,0.0,0.11581981546814726,0.993270240339921,odom,base_link
1786133749.6031327,11.326273635328931,-0.21665252369782134,0.0,0.0,0.0,0.11246744331452042,0.9936554101872013,odom,base_link
1786133749.730223,11.361453881676436,-0.20948025390297909,0.0,0.0,0.0,0.10038857394079084,0.9949483073115579,odom,base_link
1786133749.9069068,11.409161127219422,-0.2034599692685297,0.0,0.0,0.0,0.06272316399564548,0.9980309637974041,odom,base_link
1786133750.0022817,11.435669277479281,-0.20116433994711888,0.0,0.0,0.0,0.04317925210471242,0.99906734116759,odom,base_link
1786133750.06636,11.454205429139424,-0.19971023330495954,0.0,0.0,0.0,0.03913337194617269,0.9992339962191651,odom,base_link
1786133750.1144056,11.467001353049165,-0.19888003597449805,0.0,0.0,0.0,0.03238884518771518,0.9994753437215979,odom,base_link
1786133750.1781363,11.484284360403068,-0.19789920452496623,0.0,0.0,0.0,0.02834140136802243,0.9995983018035278,odom,base_link
1786133750.2253475,11.497409551719327,-0.19720764136897878,0.0,0.0,0.0,0.026317501043128994,0.9996536345849221,odom,base_link
1786133750.290235,11.515020127895374,-0.1963512382300724,0.0,0.0,0.0,0.024293492836634123,0.9997048695519075,odom,base_link
1786133750.3378627,11.528469920692652,-0.19573356364458425,0.0,0.0,0.0,0.022944098195290558,0.999736749528597,odom,base_link
1786133750.402117,11.54576251143201,-0.19493941060609948,0.0,0.0,0.0,0.022944098195290558,0.999736749528597,odom,base_link
1786133750.4499152,11.558891245238486,-0.19431872121049912,0.0,0.0,0.0,0.02361880089479716,0.9997210372120274,odom,base_link
1786133750.5139756,11.575861436826314,-0.1934934600039166,0.0,0.0,0.0,0.024293492836634123,0.9997048695519075,odom,base_link
1786133750.577881,11.593470841012152,-0.19261328740241873,0.0,0.0,0.0,0.024968173713499096,0.9996882465556012,odom,base_link
1786133750.6258154,11.606275905710941,-0.19193859164047974,0.0,0.0,0.0,0.026317501043128997,0.9996536345849221,odom,base_link
1786133750.6897435,11.62356022121876,-0.1909810891842979,0.0,0.0,0.0,0.02766678042537139,0.9996172013630489,odom,base_link
1786133750.7378435,11.634435794144409,-0.19026074126568276,0.0,0.0,0.0,0.03306336931730753,0.999453257340926,odom,base_link
1786133750.801568,11.6484962005378,-0.18913864653284493,0.0,0.0,0.0,0.03980773165784693,0.9992073581095452,odom,base_link
1786133750.8486521,11.657428641744353,-0.18825564410700787,0.0,0.0,0.0,0.04924672410176951,0.9987866439661897,odom,base_link
1786133750.9134445,11.668245928450581,-0.18692024308102154,0.0,0.0,0.0,0.061375993736360754,0.9981147165495929,odom,base_link
1786133750.9616275,11.674921475155228,-0.18605036479075268,0.0,0.0,0.0,0.06474370435347519,0.9979019254148124,odom,base_link
1786133751.0253484,11.680960187691303,-0.1852551804492991,0.0,0.0,0.0,0.06541715923738367,0.9978580035642901,odom,base_link
1786133751.089271,11.684776767334743,-0.18477355767854314,0.0,0.0,0.0,0.06272316399564545,0.9980309637974041,odom,base_link
1786133751.1370723,11.686686944797,-0.1845482085500941,0.0,0.0,0.0,0.05868132021288339,0.9982767665622961,odom,base_link
1786133751.20012,11.68891786971323,-0.18430636879389412,0.0,0.0,0.0,0.05396462434908788,0.998542848013475,odom,base_link
1786133751.2488723,11.690831707117232,-0.1841145705716631,0.0,0.0,0.0,0.0499207795986878,0.998753180602825,odom,base_link
1786133751.3132777,11.693386102927247,-0.18388640857170496,0.0,0.0,0.0,0.04452772476511654,0.9990081489793975,odom,base_link
1786133751.360591,11.695303222792848,-0.18373080783929893,0.0,0.0,0.0,0.04048207323826933,0.9991802648903407,odom,base_link
1786133751.423895,11.696901661397185,-0.1836119254056435,0.0,0.0,0.0,0.037110187095189866,0.9993111797702255,odom,base_link
1786133751.472448,11.699780229527363,-0.1834173594895982,0.0,0.0,0.0,0.03373787838750686,0.9994307157386698,odom,base_link
1786133751.536764,11.704899476901256,-0.18309909900712104,0.0,0.0,0.0,0.031039752979261936,0.9995181507781569,odom,base_link
1786133751.6005132,11.709058512570868,-0.1828348983792435,0.0,0.0,0.0,0.03171430630595576,0.9994969748706256,odom,base_link
1786133751.647987,11.711298183296947,-0.18269565941815974,0.0,0.0,0.0,0.031039752979261932,0.9995181507781569,odom,base_link
1786133751.7123551,11.713539069619236,-0.1825775876598204,0.0,0.0,0.0,0.02631750104312897,0.9996536345849221,odom,base_link
1786133751.7602198,11.715780971490274,-0.18248069364467778,0.0,0.0,0.0,0.021594661752502166,0.999766808102667,odom,base_link
1786133751.824444,11.718664465138135,-0.18238335527345237,0.0,0.0,0.0,0.016871340511799532,0.999857668805583,odom,base_link
1786133751.8721197,11.720907642281396,-0.18232278503749025,0.0,0.0,0.0,0.0134973029469971,0.9999089072576346,odom,base_link
1786133751.936317,11.723792187069398,-0.1822643749203949,0.0,0.0,0.0,0.010123111691714638,0.9999487599920693,odom,base_link
1786133751.983922,11.726677060364876,-0.182225433364269,0.0,0.0,0.0,0.006748805167040845,0.9999772265550938,odom,base_link
1786133752.048096,11.730203257527705,-0.18220163520467042,0.0,0.0,0.0,0.0033744217953769642,0.9999943066225662,odom,base_link
1786133752.1115482,11.734050102170706,-0.18220682756824044,0.0,0.0,0.0,-0.0006748855886378713,0.9999997722646952,odom,base_link
1786133752.1596234,11.73661464657672,-0.1822172122701542,0.0,0.0,0.0,-0.002024655536350111,0.9999979503828791,odom,base_link
1786133752.2227533,11.740461210882998,-0.18226394240710742,0.0,0.0,0.0,-0.006073933410933704,0.999981553496323,odom,base_link
1786133752.271535,11.742704804994595,-0.18230634419883143,0.0,0.0,0.0,-0.009448258378831915,0.9999553642106266,odom,base_link
1786133752.3358889,11.746229922910851,-0.18239676797909493,0.0,0.0,0.0,-0.012822475761728042,0.9999177886783193,odom,base_link
1786133752.383542,11.749754645773304,-0.1825014652877767,0.0,0.0,0.0,-0.014846938567303987,0.9998897781331594,odom,base_link
1786133752.4474251,11.753278581783938,-0.18262994788000658,0.0,0.0,0.0,-0.01822090389838688,0.9998339855501641,odom,base_link
1786133752.5111928,11.756801146564177,-0.1827917197952535,0.0,0.0,0.0,-0.022944098195291977,0.999736749528597,odom,base_link
1786133752.5589364,11.758721767916594,-0.18289551665285073,0.0,0.0,0.0,-0.0269921468813164,0.9996356456263139,odom,base_link
1786133752.62314,11.76096124866177,-0.18303777852940017,0.0,0.0,0.0,-0.031714306305957195,0.9994969748706256,odom,base_link
1786133752.7188187,11.764476725700764,-0.18331355737532695,0.0,0.0,0.0,-0.0391333719461741,0.9992339962191651,odom,base_link
1786133752.879,11.765115765655963,-0.18336542428612895,0.0,0.0,0.0,-0.040482073238270765,0.9991802648903406,odom,base_link
1786133753.086337,11.762560175216255,-0.18315105694503994,0.0,0.0,0.0,-0.04183070077679753,0.999124713172746,odom,base_link
1786133753.165983,11.761921277606328,-0.18309746510976768,0.0,0.0,0.0,-0.04183070077679753,0.999124713172746,odom,base_link
1786133753.229857,11.761921277606328,-0.18309746510976768,0.0,0.0,0.0,-0.04183070077679753,0.999124713172746,odom,base_link
1786133753.278206,11.761921277606328,-0.18309746510976768,0.0,0.0,0.0,-0.04183070077679753,0.999124713172746,odom,base_link
1786133753.3421357,11.761921277606328,-0.18309746510976768,0.0,0.0,0.0,-0.04183070077679753,0.999124713172746,odom,base_link
1786133753.3899128,11.761921277606328,-0.18309746510976768,0.0,0.0,0.0,-0.04183070077679753,0.999124713172746,odom,base_link
1786133753.438143,11.761921277606328,-0.18309746510976768,0.0,0.0,0.0,-0.04183070077679753,0.999124713172746,odom,base_link
1786133753.4860053,11.761921277606328,-0.18309746510976768,0.0,0.0,0.0,-0.04183070077679753,0.999124713172746,odom,base_link
1786133753.5337481,11.761921277606328,-0.18309746510976768,0.0,0.0,0.0,-0.04183070077679753,0.999124713172746,odom,base_link
1786133753.581724,11.761921277606328,-0.18309746510976768,0.0,0.0,0.0,-0.04183070077679753,0.999124713172746,odom,base_link
1786133753.6300023,11.761921277606328,-0.18309746510976768,0.0,0.0,0.0,-0.04183070077679753,0.999124713172746,odom,base_link
1786133753.6774714,11.761921277606328,-0.18309746510976768,0.0,0.0,0.0,-0.04183070077679753,0.999124713172746,odom,base_link
1786133753.7416625,11.761921277606328,-0.18309746510976768,0.0,0.0,0.0,-0.04183070077679753,0.999124713172746,odom,base_link
1786133753.7896879,11.761921277606328,-0.18309746510976768,0.0,0.0,0.0,-0.04183070077679753,0.999124713172746,odom,base_link
1786133753.8374174,11.761921277606328,-0.18309746510976768,0.0,0.0,0.0,-0.04183070077679753,0.999124713172746,odom,base_link
1786133753.8854487,11.761921277606328,-0.18309746510976768,0.0,0.0,0.0,-0.04183070077679753,0.999124713172746,odom,base_link
1786133753.9333472,11.761921277606328,-0.18309746510976768,0.0,0.0,0.0,-0.04183070077679753,0.999124713172746,odom,base_link
1786133754.0134234,11.761921277606328,-0.18309746510976768,0.0,0.0,0.0,-0.04183070077679753,0.999124713172746,odom,base_link
1786133754.1409447,11.761921277606328,-0.18309746510976768,0.0,0.0,0.0,-0.04183070077679753,0.999124713172746,odom,base_link
1786133754.2527277,11.763518701017896,-0.183229288662444,0.0,0.0,0.0,-0.04115639638029862,0.9991527165738918,odom,base_link
1786133754.3651254,11.764796350400358,-0.18333819696611595,0.0,0.0,0.0,-0.04250498612064166,0.9990962546996581,odom,base_link
1786133754.4283655,11.767670045686627,-0.18359487921606887,0.0,0.0,0.0,-0.04452772476511798,0.9990081489793974,odom,base_link
1786133754.4922645,11.771180142684644,-0.18393229861097038,0.0,0.0,0.0,-0.047898546123650625,0.9988522059239998,odom,base_link
1786133754.540503,11.77373157838725,-0.18419147366362604,0.0,0.0,0.0,-0.05059481235815966,0.9987192623367402,odom,base_link
1786133754.6044316,11.777555458025647,-0.18461121784653411,0.0,0.0,0.0,-0.054638514237200134,0.9985062006627456,odom,base_link
1786133754.6522696,11.78074008942706,-0.18497820402693066,0.0,0.0,0.0,-0.05733382185807,0.9983550635275744,odom,base_link
1786133754.7162023,11.784878144457494,-0.18547204634790293,0.0,0.0,0.0,-0.059355029452300666,0.9982369360420984,odom,base_link
1786133754.7797143,11.789012772404552,-0.18599380434955523,0.0,0.0,0.0,-0.0627231639956469,0.9980309637974041,odom,base_link
1786133754.8280823,11.79219104216038,-0.1864123224240045,0.0,0.0,0.0,-0.06541715923738511,0.99785800356429,odom,base_link
1786133754.8921413,11.796954101478484,-0.1870722595240565,0.0,0.0,0.0,-0.06878398058872633,0.997631577294128,odom,base_link
1786133754.9399793,11.799809199714437,-0.18748749974226517,0.0,0.0,0.0,-0.07215001871374176,0.9973937912377472,odom,base_link
1786133755.004084,11.80361138873782,-0.18807196470997808,0.0,0.0,0.0,-0.07618817663948649,0.9970934568737027,odom,base_link
1786133755.099828,11.808984936337836,-0.18897983754611616,0.0,0.0,0.0,-0.08358817383086489,0.9965003849450441,odom,base_link
1786133755.1949074,11.808668917674028,-0.18892600665981393,0.0,0.0,0.0,-0.08426067854375742,0.9964437455528262,odom,base_link
1786133755.2594364,11.807089189091176,-0.18865471970955291,0.0,0.0,0.0,-0.08493314487838734,0.9963866523097682,odom,base_link
1786133755.3072557,11.806457297658035,-0.1885462049294485,0.0,0.0,0.0,-0.08493314487838734,0.9963866523097682,odom,base_link
1786133755.3714435,11.806141425464316,-0.1884915211344969,0.0,0.0,0.0,-0.08560557252846597,0.9963291052418741,odom,base_link
1786133755.419514,11.806141425464316,-0.1884915211344969,0.0,0.0,0.0,-0.08560557252846597,0.9963291052418741,odom,base_link
1786133755.4834812,11.805825479747746,-0.1884372637444447,0.0,0.0,0.0,-0.08493314487838734,0.9963866523097682,odom,base_link
1786133755.5473568,11.805825479747746,-0.1884372637444447,0.0,0.0,0.0,-0.08493314487838734,0.9963866523097682,odom,base_link
1786133755.5949063,11.805825479747746,-0.1884372637444447,0.0,0.0,0.0,-0.08493314487838734,0.9963866523097682,odom,base_link
1786133755.6432152,11.805825479747746,-0.1884372637444447,0.0,0.0,0.0,-0.08493314487838734,0.9963866523097682,odom,base_link
1786133755.6907039,11.805825479747746,-0.1884372637444447,0.0,0.0,0.0,-0.08493314487838734,0.9963866523097682,odom,base_link
1786133755.739003,11.805825479747746,-0.1884372637444447,0.0,0.0,0.0,-0.08493314487838734,0.9963866523097682,odom,base_link
1786133755.786914,11.805825479747746,-0.1884372637444447,0.0,0.0,0.0,-0.08493314487838734,0.9963866523097682,odom,base_link
1786133755.8347127,11.805825479747746,-0.1884372637444447,0.0,0.0,0.0,-0.08493314487838734,0.9963866523097682,odom,base_link
1786133755.882777,11.805825479747746,-0.1884372637444447,0.0,0.0,0.0,-0.08493314487838734,0.9963866523097682,odom,base_link
1786133755.930739,11.805825479747746,-0.1884372637444447,0.0,0.0,0.0,-0.08493314487838734,0.9963866523097682,odom,base_link
1786133755.978282,11.805825479747746,-0.1884372637444447,0.0,0.0,0.0,-0.08493314487838734,0.9963866523097682,odom,base_link
1786133756.0265715,11.805825479747746,-0.1884372637444447,0.0,0.0,0.0,-0.08493314487838734,0.9963866523097682,odom,base_link
1786133756.0744834,11.805825479747746,-0.1884372637444447,0.0,0.0,0.0,-0.08493314487838734,0.9963866523097682,odom,base_link
1786133756.1227317,11.805825479747746,-0.1884372637444447,0.0,0.0,0.0,-0.08493314487838734,0.9963866523097682,odom,base_link
1786133756.1704786,11.805825479747746,-0.1884372637444447,0.0,0.0,0.0,-0.08493314487838734,0.9963866523097682,odom,base_link
1786133756.217845,11.805825479747746,-0.1884372637444447,0.0,0.0,0.0,-0.08493314487838734,0.9963866523097682,odom,base_link
1786133756.2659833,11.805825479747746,-0.1884372637444447,0.0,0.0,0.0,-0.08493314487838734,0.9963866523097682,odom,base_link
1786133756.314048,11.805825479747746,-0.1884372637444447,0.0,0.0,0.0,-0.08493314487838734,0.9963866523097682,odom,base_link
1786133756.3615785,11.805825479747746,-0.1884372637444447,0.0,0.0,0.0,-0.08493314487838734,0.9963866523097682,odom,base_link
1786133756.410069,11.805825479747746,-0.1884372637444447,0.0,0.0,0.0,-0.08493314487838734,0.9963866523097682,odom,base_link
1786133756.4577675,11.805825479747746,-0.1884372637444447,0.0,0.0,0.0,-0.08493314487838734,0.9963866523097682,odom,base_link
1786133756.5057964,11.805825479747746,-0.1884372637444447,0.0,0.0,0.0,-0.08493314487838734,0.9963866523097682,odom,base_link
1786133756.5539536,11.805825479747746,-0.1884372637444447,0.0,0.0,0.0,-0.08493314487838734,0.9963866523097682,odom,base_link
1786133756.601803,11.805825479747746,-0.1884372637444447,0.0,0.0,0.0,-0.08493314487838734,0.9963866523097682,odom,base_link
1786133756.649863,11.805825479747746,-0.1884372637444447,0.0,0.0,0.0,-0.08493314487838734,0.9963866523097682,odom,base_link
1786133756.697759,11.805825479747746,-0.1884372637444447,0.0,0.0,0.0,-0.08493314487838734,0.9963866523097682,odom,base_link
1786133756.745456,11.805825479747746,-0.1884372637444447,0.0,0.0,0.0,-0.08493314487838734,0.9963866523097682,odom,base_link
1786133756.7936885,11.805825479747746,-0.1884372637444447,0.0,0.0,0.0,-0.08493314487838734,0.9963866523097682,odom,base_link
1786133756.8576095,11.805825479747746,-0.1884372637444447,0.0,0.0,0.0,-0.08493314487838734,0.9963866523097682,odom,base_link
1786133756.9056656,11.805825479747746,-0.1884372637444447,0.0,0.0,0.0,-0.08493314487838734,0.9963866523097682,odom,base_link
1786133756.953542,11.805825479747746,-0.1884372637444447,0.0,0.0,0.0,-0.08493314487838734,0.9963866523097682,odom,base_link
1786133757.0011823,11.805825479747746,-0.1884372637444447,0.0,0.0,0.0,-0.08493314487838734,0.9963866523097682,odom,base_link
1786133757.0493526,11.805825479747746,-0.1884372637444447,0.0,0.0,0.0,-0.08493314487838734,0.9963866523097682,odom,base_link
1786133757.097024,11.805825479747746,-0.1884372637444447,0.0,0.0,0.0,-0.08493314487838734,0.9963866523097682,odom,base_link
1786133757.145016,11.805825479747746,-0.1884372637444447,0.0,0.0,0.0,-0.08493314487838734,0.9963866523097682,odom,base_link
1786133757.2086232,11.805825479747746,-0.1884372637444447,0.0,0.0,0.0,-0.08493314487838734,0.9963866523097682,odom,base_link
1786133757.2562187,11.805825479747746,-0.1884372637444447,0.0,0.0,0.0,-0.08493314487838734,0.9963866523097682,odom,base_link
1786133757.3050542,11.805825479747746,-0.1884372637444447,0.0,0.0,0.0,-0.08493314487838734,0.9963866523097682,odom,base_link
1786133757.3521807,11.805825479747746,-0.1884372637444447,0.0,0.0,0.0,-0.08493314487838734,0.9963866523097682,odom,base_link
1786133757.4011178,11.805825479747746,-0.1884372637444447,0.0,0.0,0.0,-0.08493314487838734,0.9963866523097682,odom,base_link
1786133757.4488025,11.805825479747746,-0.1884372637444447,0.0,0.0,0.0,-0.08493314487838734,0.9963866523097682,odom,base_link
1786133757.4967792,11.805825479747746,-0.1884372637444447,0.0,0.0,0.0,-0.08493314487838734,0.9963866523097682,odom,base_link
1786133757.5448399,11.805825479747746,-0.1884372637444447,0.0,0.0,0.0,-0.08493314487838734,0.9963866523097682,odom,base_link
1786133757.6085293,11.805825479747746,-0.1884372637444447,0.0,0.0,0.0,-0.08493314487838734,0.9963866523097682,odom,base_link
1786133757.6562908,11.805825479747746,-0.1884372637444447,0.0,0.0,0.0,-0.08493314487838734,0.9963866523097682,odom,base_link
1786133757.7046745,11.805825479747746,-0.1884372637444447,0.0,0.0,0.0,-0.08493314487838734,0.9963866523097682,odom,base_link
1786133757.7525172,11.805825479747746,-0.1884372637444447,0.0,0.0,0.0,-0.08493314487838734,0.9963866523097682,odom,base_link
1786133757.8003857,11.805825479747746,-0.1884372637444447,0.0,0.0,0.0,-0.08493314487838734,0.9963866523097682,odom,base_link
1786133757.84855,11.805825479747746,-0.1884372637444447,0.0,0.0,0.0,-0.08493314487838734,0.9963866523097682,odom,base_link
1786133757.8958833,11.805825479747746,-0.1884372637444447,0.0,0.0,0.0,-0.08493314487838734,0.9963866523097682,odom,base_link
1786133757.9442315,11.805825479747746,-0.1884372637444447,0.0,0.0,0.0,-0.08493314487838734,0.9963866523097682,odom,base_link
1786133758.0083013,11.805825479747746,-0.1884372637444447,0.0,0.0,0.0,-0.08493314487838734,0.9963866523097682,odom,base_link
1786133758.0560188,11.805825479747746,-0.1884372637444447,0.0,0.0,0.0,-0.08493314487838734,0.9963866523097682,odom,base_link
1786133758.104377,11.805825479747746,-0.1884372637444447,0.0,0.0,0.0,-0.08493314487838734,0.9963866523097682,odom,base_link
1786133758.1511595,11.805825479747746,-0.1884372637444447,0.0,0.0,0.0,-0.08493314487838734,0.9963866523097682,odom,base_link
1786133758.1990113,11.805825479747746,-0.1884372637444447,0.0,0.0,0.0,-0.08493314487838734,0.9963866523097682,odom,base_link
1786133758.2470107,11.805825479747746,-0.1884372637444447,0.0,0.0,0.0,-0.08493314487838734,0.9963866523097682,odom,base_link
1786133758.295743,11.805825479747746,-0.1884372637444447,0.0,0.0,0.0,-0.08493314487838734,0.9963866523097682,odom,base_link
1786133758.3436067,11.805825479747746,-0.1884372637444447,0.0,0.0,0.0,-0.08493314487838734,0.9963866523097682,odom,base_link
1786133758.406969,11.805825479747746,-0.1884372637444447,0.0,0.0,0.0,-0.08493314487838734,0.9963866523097682,odom,base_link
1786133758.4556742,11.805825479747746,-0.1884372637444447,0.0,0.0,0.0,-0.08493314487838734,0.9963866523097682,odom,base_link
1786133758.5032728,11.805825479747746,-0.1884372637444447,0.0,0.0,0.0,-0.08493314487838734,0.9963866523097682,odom,base_link
1786133758.5510514,11.805825479747746,-0.1884372637444447,0.0,0.0,0.0,-0.08493314487838734,0.9963866523097682,odom,base_link
1786133758.599397,11.805825479747746,-0.1884372637444447,0.0,0.0,0.0,-0.08493314487838734,0.9963866523097682,odom,base_link
1786133758.647321,11.805825479747746,-0.1884372637444447,0.0,0.0,0.0,-0.08493314487838734,0.9963866523097682,odom,base_link
1786133758.694568,11.805825479747746,-0.1884372637444447,0.0,0.0,0.0,-0.08493314487838734,0.9963866523097682,odom,base_link
1786133758.7585003,11.805825479747746,-0.1884372637444447,0.0,0.0,0.0,-0.08493314487838734,0.9963866523097682,odom,base_link
1786133758.8069606,11.805825479747746,-0.1884372637444447,0.0,0.0,0.0,-0.08493314487838734,0.9963866523097682,odom,base_link
1786133758.854914,11.805825479747746,-0.1884372637444447,0.0,0.0,0.0,-0.08493314487838734,0.9963866523097682,odom,base_link
1786133758.902785,11.805825479747746,-0.1884372637444447,0.0,0.0,0.0,-0.08493314487838734,0.9963866523097682,odom,base_link
1786133758.9502704,11.805825479747746,-0.1884372637444447,0.0,0.0,0.0,-0.08493314487838734,0.9963866523097682,odom,base_link
1786133758.9987988,11.805825479747746,-0.1884372637444447,0.0,0.0,0.0,-0.08493314487838734,0.9963866523097682,odom,base_link
1786133759.0458696,11.805825479747746,-0.1884372637444447,0.0,0.0,0.0,-0.08493314487838734,0.9963866523097682,odom,base_link
1786133759.0946705,11.805825479747746,-0.1884372637444447,0.0,0.0,0.0,-0.08493314487838734,0.9963866523097682,odom,base_link
1786133759.158436,11.805825479747746,-0.1884372637444447,0.0,0.0,0.0,-0.08493314487838734,0.9963866523097682,odom,base_link
1786133759.2056835,11.805825479747746,-0.1884372637444447,0.0,0.0,0.0,-0.08493314487838734,0.9963866523097682,odom,base_link
1786133759.2542975,11.805825479747746,-0.1884372637444447,0.0,0.0,0.0,-0.08493314487838734,0.9963866523097682,odom,base_link
1786133759.3021545,11.805825479747746,-0.1884372637444447,0.0,0.0,0.0,-0.08493314487838734,0.9963866523097682,odom,base_link
1786133759.3500044,11.805825479747746,-0.1884372637444447,0.0,0.0,0.0,-0.08493314487838734,0.9963866523097682,odom,base_link
1786133759.3982341,11.805825479747746,-0.1884372637444447,0.0,0.0,0.0,-0.08493314487838734,0.9963866523097682,odom,base_link
1786133759.4461734,11.805825479747746,-0.1884372637444447,0.0,0.0,0.0,-0.08493314487838734,0.9963866523097682,odom,base_link
1786133759.4939687,11.805825479747746,-0.1884372637444447,0.0,0.0,0.0,-0.08493314487838734,0.9963866523097682,odom,base_link
1786133759.5570679,11.805825479747746,-0.1884372637444447,0.0,0.0,0.0,-0.08493314487838734,0.9963866523097682,odom,base_link
1786133759.6060157,11.805825479747746,-0.1884372637444447,0.0,0.0,0.0,-0.08493314487838734,0.9963866523097682,odom,base_link
1786133759.653559,11.805825479747746,-0.1884372637444447,0.0,0.0,0.0,-0.08493314487838734,0.9963866523097682,odom,base_link
1786133759.7020323,11.805825479747746,-0.1884372637444447,0.0,0.0,0.0,-0.08493314487838734,0.9963866523097682,odom,base_link
1786133759.749568,11.805825479747746,-0.1884372637444447,0.0,0.0,0.0,-0.08493314487838734,0.9963866523097682,odom,base_link
1786133759.797756,11.805825479747746,-0.1884372637444447,0.0,0.0,0.0,-0.08493314487838734,0.9963866523097682,odom,base_link
1786133759.8450632,11.805825479747746,-0.1884372637444447,0.0,0.0,0.0,-0.08493314487838734,0.9963866523097682,odom,base_link
1786133759.8936038,11.805825479747746,-0.1884372637444447,0.0,0.0,0.0,-0.08493314487838734,0.9963866523097682,odom,base_link
1786133759.957847,11.805825479747746,-0.1884372637444447,0.0,0.0,0.0,-0.08493314487838734,0.9963866523097682,odom,base_link
1786133760.005436,11.805825479747746,-0.1884372637444447,0.0,0.0,0.0,-0.08493314487838734,0.9963866523097682,odom,base_link
1786133760.0532613,11.805825479747746,-0.1884372637444447,0.0,0.0,0.0,-0.08493314487838734,0.9963866523097682,odom,base_link
1786133760.1012073,11.805825479747746,-0.1884372637444447,0.0,0.0,0.0,-0.08493314487838734,0.9963866523097682,odom,base_link
1786133760.1491477,11.805825479747746,-0.1884372637444447,0.0,0.0,0.0,-0.08493314487838734,0.9963866523097682,odom,base_link
1786133760.1961403,11.805825479747746,-0.1884372637444447,0.0,0.0,0.0,-0.08493314487838734,0.9963866523097682,odom,base_link
1786133760.24485,11.805825479747746,-0.1884372637444447,0.0,0.0,0.0,-0.08493314487838734,0.9963866523097682,odom,base_link
1786133760.309044,11.805825479747746,-0.1884372637444447,0.0,0.0,0.0,-0.08493314487838734,0.9963866523097682,odom,base_link
1786133760.356159,11.805825479747746,-0.1884372637444447,0.0,0.0,0.0,-0.08493314487838734,0.9963866523097682,odom,base_link
1786133760.4048524,11.805825479747746,-0.1884372637444447,0.0,0.0,0.0,-0.08493314487838734,0.9963866523097682,odom,base_link
1786133760.4521706,11.805825479747746,-0.1884372637444447,0.0,0.0,0.0,-0.08493314487838734,0.9963866523097682,odom,base_link
1786133760.5008605,11.805825479747746,-0.1884372637444447,0.0,0.0,0.0,-0.08493314487838734,0.9963866523097682,odom,base_link
1786133760.5487998,11.805825479747746,-0.1884372637444447,0.0,0.0,0.0,-0.08493314487838734,0.9963866523097682,odom,base_link
1786133760.5969265,11.805825479747746,-0.1884372637444447,0.0,0.0,0.0,-0.08493314487838734,0.9963866523097682,odom,base_link
1786133760.6445425,11.805825479747746,-0.1884372637444447,0.0,0.0,0.0,-0.08493314487838734,0.9963866523097682,odom,base_link
1786133760.7086308,11.805825479747746,-0.1884372637444447,0.0,0.0,0.0,-0.08493314487838734,0.9963866523097682,odom,base_link
1786133760.7563026,11.805825479747746,-0.1884372637444447,0.0,0.0,0.0,-0.08493314487838734,0.9963866523097682,odom,base_link
1786133760.8044941,11.805825479747746,-0.1884372637444447,0.0,0.0,0.0,-0.08493314487838734,0.9963866523097682,odom,base_link
1786133760.8520777,11.805825479747746,-0.1884372637444447,0.0,0.0,0.0,-0.08493314487838734,0.9963866523097682,odom,base_link
1786133760.900278,11.805825479747746,-0.1884372637444447,0.0,0.0,0.0,-0.08493314487838734,0.9963866523097682,odom,base_link
1786133760.94819,11.805825479747746,-0.1884372637444447,0.0,0.0,0.0,-0.08493314487838734,0.9963866523097682,odom,base_link
1786133760.9957824,11.805825479747746,-0.1884372637444447,0.0,0.0,0.0,-0.08493314487838734,0.9963866523097682,odom,base_link
1786133761.0439513,11.805825479747746,-0.1884372637444447,0.0,0.0,0.0,-0.08493314487838734,0.9963866523097682,odom,base_link
1786133761.108222,11.805825479747746,-0.1884372637444447,0.0,0.0,0.0,-0.08493314487838734,0.9963866523097682,odom,base_link
1786133761.1556191,11.805825479747746,-0.1884372637444447,0.0,0.0,0.0,-0.08493314487838734,0.9963866523097682,odom,base_link
1786133761.2036092,11.805825479747746,-0.1884372637444447,0.0,0.0,0.0,-0.08493314487838734,0.9963866523097682,odom,base_link
1786133761.251668,11.805825479747746,-0.1884372637444447,0.0,0.0,0.0,-0.08493314487838734,0.9963866523097682,odom,base_link
1786133761.2997901,11.805825479747746,-0.1884372637444447,0.0,0.0,0.0,-0.08493314487838734,0.9963866523097682,odom,base_link
1786133761.347511,11.805825479747746,-0.1884372637444447,0.0,0.0,0.0,-0.08493314487838734,0.9963866523097682,odom,base_link
1786133761.3957257,11.805825479747746,-0.1884372637444447,0.0,0.0,0.0,-0.08493314487838734,0.9963866523097682,odom,base_link
1786133761.443661,11.805825479747746,-0.1884372637444447,0.0,0.0,0.0,-0.08493314487838734,0.9963866523097682,odom,base_link
1786133761.5073252,11.805825479747746,-0.1884372637444447,0.0,0.0,0.0,-0.08493314487838734,0.9963866523097682,odom,base_link
1786133761.555327,11.805825479747746,-0.1884372637444447,0.0,0.0,0.0,-0.08493314487838734,0.9963866523097682,odom,base_link
1786133761.6033893,11.805825479747746,-0.1884372637444447,0.0,0.0,0.0,-0.08493314487838734,0.9963866523097682,odom,base_link
1786133761.651197,11.805825479747746,-0.1884372637444447,0.0,0.0,0.0,-0.08493314487838734,0.9963866523097682,odom,base_link
1786133761.6991365,11.805825479747746,-0.1884372637444447,0.0,0.0,0.0,-0.08493314487838734,0.9963866523097682,odom,base_link
1786133761.7472763,11.805825479747746,-0.1884372637444447,0.0,0.0,0.0,-0.08493314487838734,0.9963866523097682,odom,base_link
1786133761.7951002,11.805825479747746,-0.1884372637444447,0.0,0.0,0.0,-0.08493314487838734,0.9963866523097682,odom,base_link
1786133761.8587012,11.805825479747746,-0.1884372637444447,0.0,0.0,0.0,-0.08493314487838734,0.9963866523097682,odom,base_link
1786133761.9067526,11.805825479747746,-0.1884372637444447,0.0,0.0,0.0,-0.08493314487838734,0.9963866523097682,odom,base_link
1786133761.9548144,11.805825479747746,-0.1884372637444447,0.0,0.0,0.0,-0.08493314487838734,0.9963866523097682,odom,base_link
1786133762.0027015,11.805825479747746,-0.1884372637444447,0.0,0.0,0.0,-0.08493314487838734,0.9963866523097682,odom,base_link
1786133762.0507805,11.805825479747746,-0.1884372637444447,0.0,0.0,0.0,-0.08493314487838734,0.9963866523097682,odom,base_link
1786133762.0987113,11.805825479747746,-0.1884372637444447,0.0,0.0,0.0,-0.08493314487838734,0.9963866523097682,odom,base_link
1786133762.146381,11.805825479747746,-0.1884372637444447,0.0,0.0,0.0,-0.08493314487838734,0.9963866523097682,odom,base_link
1786133762.1943376,11.805825479747746,-0.1884372637444447,0.0,0.0,0.0,-0.08493314487838734,0.9963866523097682,odom,base_link
1786133762.2584019,11.805825479747746,-0.1884372637444447,0.0,0.0,0.0,-0.08493314487838734,0.9963866523097682,odom,base_link
1786133762.306093,11.805825479747746,-0.1884372637444447,0.0,0.0,0.0,-0.08493314487838734,0.9963866523097682,odom,base_link
1786133762.3543642,11.805825479747746,-0.1884372637444447,0.0,0.0,0.0,-0.08493314487838734,0.9963866523097682,odom,base_link
1786133762.402341,11.805825479747746,-0.1884372637444447,0.0,0.0,0.0,-0.08493314487838734,0.9963866523097682,odom,base_link
1786133762.4501193,11.805825479747746,-0.1884372637444447,0.0,0.0,0.0,-0.08493314487838734,0.9963866523097682,odom,base_link
1786133762.4982407,11.805825479747746,-0.1884372637444447,0.0,0.0,0.0,-0.08493314487838734,0.9963866523097682,odom,base_link
1786133762.546179,11.805825479747746,-0.1884372637444447,0.0,0.0,0.0,-0.08493314487838734,0.9963866523097682,odom,base_link
1786133762.594388,11.805825479747746,-0.1884372637444447,0.0,0.0,0.0,-0.08493314487838734,0.9963866523097682,odom,base_link
1786133762.657783,11.805825479747746,-0.1884372637444447,0.0,0.0,0.0,-0.08493314487838734,0.9963866523097682,odom,base_link
1786133762.7060542,11.805825479747746,-0.1884372637444447,0.0,0.0,0.0,-0.08493314487838734,0.9963866523097682,odom,base_link
1786133762.7531202,11.805825479747746,-0.1884372637444447,0.0,0.0,0.0,-0.08493314487838734,0.9963866523097682,odom,base_link
1786133762.8018913,11.805825479747746,-0.1884372637444447,0.0,0.0,0.0,-0.08493314487838734,0.9963866523097682,odom,base_link
1786133762.8495529,11.805825479747746,-0.1884372637444447,0.0,0.0,0.0,-0.08493314487838734,0.9963866523097682,odom,base_link
1786133762.9457417,11.805825479747746,-0.1884372637444447,0.0,0.0,0.0,-0.08493314487838734,0.9963866523097682,odom,base_link
1786133763.0895588,11.806141351941465,-0.1884919475393963,0.0,0.0,0.0,-0.08560557252846597,0.9963291052418741,odom,base_link
1786133763.2323086,11.8067730963289,-0.1886013151292995,0.0,0.0,0.0,-0.08560557252846597,0.9963291052418741,odom,base_link
1786133763.3451388,11.80708904204547,-0.18865557251935172,0.0,0.0,0.0,-0.08493314487838734,0.9963866523097682,odom,base_link
1786133763.4732401,11.807720933478612,-0.18876408729945612,0.0,0.0,0.0,-0.08493314487838734,0.9963866523097682,odom,base_link
1786133763.536771,11.807720933478612,-0.18876408729945612,0.0,0.0,0.0,-0.08493314487838734,0.9963866523097682,odom,base_link
1786133763.6007314,11.80803680567233,-0.18881877109440773,0.0,0.0,0.0,-0.08560557252846597,0.9963291052418741,odom,base_link
1786133763.648818,11.80803680567233,-0.18881877109440773,0.0,0.0,0.0,-0.08560557252846597,0.9963291052418741,odom,base_link
1786133763.7125757,11.8083527513889,-0.18887302848445994,0.0,0.0,0.0,-0.08493314487838734,0.9963866523097682,odom,base_link
1786133763.7600927,11.8083527513889,-0.18887302848445994,0.0,0.0,0.0,-0.08493314487838734,0.9963866523097682,odom,base_link
1786133763.8239088,11.8083527513889,-0.18887302848445994,0.0,0.0,0.0,-0.08493314487838734,0.9963866523097682,odom,base_link
1786133763.8722875,11.8083527513889,-0.18887302848445994,0.0,0.0,0.0,-0.08493314487838734,0.9963866523097682,odom,base_link
1786133763.936301,11.8083527513889,-0.18887302848445994,0.0,0.0,0.0,-0.08493314487838734,0.9963866523097682,odom,base_link
1786133764.0002568,11.8083527513889,-0.18887302848445994,0.0,0.0,0.0,-0.08493314487838734,0.9963866523097682,odom,base_link
1786133764.0639503,11.8083527513889,-0.18887302848445994,0.0,0.0,0.0,-0.08493314487838734,0.9963866523097682,odom,base_link
1786133764.191419,11.8083527513889,-0.18887302848445994,0.0,0.0,0.0,-0.08493314487838734,0.9963866523097682,odom,base_link
1786133764.3518867,11.8083527513889,-0.18887302848445994,0.0,0.0,0.0,-0.08493314487838734,0.9963866523097682,odom,base_link
1786133764.4315193,11.8083527513889,-0.18887302848445994,0.0,0.0,0.0,-0.08493314487838734,0.9963866523097682,odom,base_link
1786133764.5435433,11.8083527513889,-0.18887302848445994,0.0,0.0,0.0,-0.08493314487838734,0.9963866523097682,odom,base_link
1786133764.6075537,11.80866862358262,-0.18892771227941155,0.0,0.0,0.0,-0.08560557252846597,0.9963291052418741,odom,base_link
1786133764.654873,11.809300070426024,-0.1890387848895944,0.0,0.0,0.0,-0.08695031054990307,0.9962126497366289,odom,base_link
1786133764.7509031,11.810876777565472,-0.18932711387058537,0.0,0.0,0.0,-0.09031145718706934,0.9959135708989753,odom,base_link
1786133764.847095,11.81465119000371,-0.19007011549514505,0.0,0.0,0.0,-0.09703062713728451,0.9952813960872299,odom,base_link
1786133764.8950438,11.81716337095939,-0.19058581181893378,0.0,0.0,0.0,-0.10106002735281328,0.9948803299248853,odom,base_link
1786133764.9588099,11.820923070001196,-0.19140000085291803,0.0,0.0,0.0,-0.10642997188852482,0.9943202004806136,odom,base_link
1786133765.022815,11.824360140225377,-0.19218815125582034,0.0,0.0,0.0,-0.11246744331452183,0.993655410187201,odom,base_link
1786133765.070718,11.82685349253612,-0.19278830965737848,0.0,0.0,0.0,-0.11783060817306724,0.993033709285624,odom,base_link
1786133765.1343796,11.829959773366973,-0.19358050623609746,0.0,0.0,0.0,-0.12452971579247701,0.9922158786698815,odom,base_link
1786133765.1827304,11.83212883347809,-0.194155563349698,0.0,0.0,0.0,-0.12921573446564263,0.9916165054931794,odom,base_link
1786133765.2467678,11.835216120342958,-0.19501882219469943,0.0,0.0,0.0,-0.1359050183742288,0.9907218711528986,odom,base_link
1786133765.2946048,11.837371415281094,-0.19564349505242465,0.0,0.0,0.0,-0.1405838521470036,0.9900687756492018,odom,base_link
1786133765.358633,11.840438082720532,-0.19657736165711276,0.0,0.0,0.0,-0.14726243183721988,0.9890974553447138,odom,base_link
1786133765.4066877,11.842578477720872,-0.19725132136811413,0.0,0.0,0.0,-0.15193346483673892,0.9883907234807009,odom,base_link
1786133765.4705145,11.845622911131581,-0.1982553040508411,0.0,0.0,0.0,-0.15860046121003055,0.9873428450664772,odom,base_link
1786133765.5347846,11.84865351615808,-0.19930028691807852,0.0,0.0,0.0,-0.16526023382559124,0.9862499962564821,odom,base_link
1786133765.5825877,11.85197934814383,-0.20047224015354226,0.0,0.0,0.0,-0.16858731641976432,0.985686723428079,odom,base_link
1786133765.6461027,11.855597055573176,-0.20178007562625247,0.0,0.0,0.0,-0.1725772782460261,0.9849959812269254,odom,base_link
1786133765.6940615,11.858905121061824,-0.20300127811002033,0.0,0.0,0.0,-0.17590008760585613,0.9844080247439332,odom,base_link
1786133765.758,11.862804823828604,-0.20447086921085308,0.0,0.0,0.0,-0.17922089403450736,0.9838088590480734,odom,base_link
1786133765.8057938,11.86549769027152,-0.2055064756497968,0.0,0.0,0.0,-0.1825396597187711,0.9831984909618989,odom,base_link
1786133765.8692567,11.869673409969717,-0.20715129016828462,0.0,0.0,0.0,-0.1865194315506777,0.9824512718980072,odom,base_link
1786133765.9176774,11.872350604014688,-0.20822676328340126,0.0,0.0,0.0,-0.18983357460994432,0.9818162831970199,odom,base_link
1786133765.9817262,11.876501442997155,-0.20993339316119566,0.0,0.0,0.0,-0.19380768966524548,0.9810395401953073,odom,base_link
1786133766.0455172,11.880941329737386,-0.21177991875747437,0.0,0.0,0.0,-0.19579355957012068,0.9806451356280016,odom,base_link
1786133766.0937126,11.884191736749823,-0.21314721061989586,0.0,0.0,0.0,-0.19777862687133216,0.9802467111665769,odom,base_link
1786133766.157233,11.888611425935851,-0.21504157028550877,0.0,0.0,0.0,-0.20108526670996885,0.9795737417428975,odom,base_link
1786133766.2044845,11.892138943543497,-0.2165761256594748,0.0,0.0,0.0,-0.2037289317970762,0.9790273348322928,odom,base_link
1786133766.2692623,11.896244654755849,-0.21838863365639785,0.0,0.0,0.0,-0.2063711122043767,0.9784737932349178,odom,base_link
1786133766.3173559,11.899464777594423,-0.2198257981174273,0.0,0.0,0.0,-0.20835176160525776,0.9780539573234116,odom,base_link
1786133766.3812206,11.904137238059363,-0.22194147687692561,0.0,0.0,0.0,-0.2109912974972428,0.9774879397621384,odom,base_link
1786133766.4449956,11.908504184077964,-0.22395444322398803,0.0,0.0,0.0,-0.21428855285280313,0.9767704009214506,odom,base_link
1786133766.4930475,11.9122817753033,-0.2257143250970547,0.0,0.0,0.0,-0.2162657372432842,0.976334538411204,odom,base_link
1786133766.5568414,11.917206058198975,-0.22804899527924416,0.0,0.0,0.0,-0.21955907050681087,0.975599207952828,odom,base_link
1786133766.6048357,11.920673074271209,-0.2297157406775857,0.0,0.0,0.0,-0.22219193886967062,0.9750029447654692,odom,base_link
1786133766.6687403,11.92527149626525,-0.2319878539174008,0.0,0.0,0.0,-0.2274527987317636,0.9737891067110414,odom,base_link
1786133766.71655,11.928711062039307,-0.23371053437353662,0.0,0.0,0.0,-0.23008075189234595,0.9731715406898481,odom,base_link
1786133766.7808502,11.932984043886579,-0.23591595432825366,0.0,0.0,0.0,-0.23598748684247534,0.971756093911313,odom,base_link
1786133766.8283343,11.936106577650504,-0.23755437297948329,0.0,0.0,0.0,-0.23926525821972855,0.9709542400180591,odom,base_link
1786133766.8924997,11.940063693644714,-0.2396717493764682,0.0,0.0,0.0,-0.2431949843097781,0.9699774222148507,odom,base_link
1786133766.9562204,11.94371941793022,-0.2416725141355655,0.0,0.0,0.0,-0.2477746202824568,0.9688177008828257,odom,base_link
1786133767.0044422,11.946801227227589,-0.24338630649119047,0.0,0.0,0.0,-0.25104240917363174,0.9679760889589675,odom,base_link
1786133767.0685403,11.95098142638949,-0.24576289774982618,0.0,0.0,0.0,-0.25561250291446447,0.9667793172972842,odom,base_link
1786133767.1162004,11.95375530316304,-0.2473698089684724,0.0,0.0,0.0,-0.25952518945613,0.9657363387787372,odom,base_link
1786133767.180257,11.957057625314219,-0.24934285460348862,0.0,0.0,0.0,-0.2660368455666759,0.963962860695853,odom,base_link
1786133767.227619,11.959244841819721,-0.25068191390408556,0.0,0.0,0.0,-0.27123746032414886,0.9625124623177124,odom,base_link
1786133767.2920277,11.961956021290856,-0.2523924874613337,0.0,0.0,0.0,-0.27772709239182136,0.9606600138194494,odom,base_link
1786133767.3394692,11.96464857199559,-0.2541322365012514,0.0,0.0,0.0,-0.28290970449887376,0.9591465472493554,odom,base_link
1786133767.4036283,11.968391623179741,-0.2566084468378294,0.0,0.0,0.0,-0.2880840697740895,0.9576051215101126,odom,base_link
1786133767.467764,11.973457828741077,-0.25998956032905246,0.0,0.0,0.0,-0.2900222998229498,0.9570198877794583,odom,base_link
1786133767.5159807,11.977716405290638,-0.2628483204066644,0.0,0.0,0.0,-0.2913137931961367,0.9566275523387765,odom,base_link
1786133767.5797684,11.98356131537428,-0.2667949084581741,0.0,0.0,0.0,-0.29260475582990003,0.9562334740353553,odom,base_link
1786133767.627366,11.98753555257958,-0.26950187903056666,0.0,0.0,0.0,-0.2945401994994311,0.9556390902840022,odom,base_link
1786133767.6913178,11.99335369480065,-0.2734878233640442,0.0,0.0,0.0,-0.2958298249968408,0.9552406579717692,odom,base_link
1786133767.7396214,11.99730957268189,-0.2762215536419777,0.0,0.0,0.0,-0.29776325194567516,0.9546397466011649,odom,base_link
1786133767.8033698,12.003100682042106,-0.2802466727100557,0.0,0.0,0.0,-0.29905152562208176,0.9542369648169711,odom,base_link
1786133767.8508053,12.007038020421355,-0.28300703818061845,0.0,0.0,0.0,-0.3009829138347607,0.9536295326695462,odom,base_link
1786133767.9153395,12.012779806774223,-0.28710220858149516,0.0,0.0,0.0,-0.30484198094956383,0.9524029434282245,odom,base_link
1786133767.979071,12.0190193623379,-0.2916034205338338,0.0,0.0,0.0,-0.3074119193344784,0.9515765401958437,odom,base_link
1786133768.0269668,12.023944540468687,-0.29518685291219254,0.0,0.0,0.0,-0.30933790396811306,0.9509521865838547,odom,base_link
1786133768.0906773,12.030657684614885,-0.30012681388004436,0.0,0.0,0.0,-0.3119039095958626,0.9501136517168964,odom,base_link
1786133768.13867,12.035811364665975,-0.30394071031398673,0.0,0.0,0.0,-0.31318606119993364,0.9496917874079314,odom,base_link
1786133768.2020345,12.04223410738778,-0.30873412778497117,0.0,0.0,0.0,-0.3151082180236216,0.9490557470106684,odom,base_link
1786133768.2507064,12.047110470198183,-0.3123837103599466,0.0,0.0,0.0,-0.31574865030882626,0.9488428688819632,odom,base_link
1786133768.3147547,12.053783387728208,-0.3173778759888604,0.0,0.0,0.0,-0.31574865030882626,0.9488428688819632,odom,base_link
1786133768.3622456,12.059441089788182,-0.3215884505974812,0.0,0.0,0.0,-0.3144676422158847,0.9492681928723739,odom,base_link
1786133768.4266229,12.067686977869926,-0.327690684891789,0.0,0.0,0.0,-0.31318606119993364,0.9496917874079314,odom,base_link
1786133768.490578,12.076732870355373,-0.3343284285129372,0.0,0.0,0.0,-0.31126262055321957,0.9503239347961002,odom,base_link
1786133768.5383527,12.08371803547852,-0.33943954987563474,0.0,0.0,0.0,-0.31062118973960096,0.950533785030682,odom,base_link
1786133768.6021411,12.09379774424802,-0.3468358927677713,0.0,0.0,0.0,-0.31126262055321957,0.9503239347961002,odom,base_link
1786133768.7300441,12.114114038008832,-0.3619556834078188,0.0,0.0,0.0,-0.31446764221588475,0.9492681928723739,odom,base_link
1786133768.8262155,12.122293553673767,-0.3681466007167766,0.0,0.0,0.0,-0.3183089383913451,0.9479870356392933,odom,base_link
1786133768.889929,12.123830340889738,-0.36930325330931835,0.0,0.0,0.0,-0.31702908314491235,0.9484158162115899,odom,base_link
1786133768.9380553,12.126375956927603,-0.37125168729773655,0.0,0.0,0.0,-0.3208669067893252,0.9471242939168283,odom,base_link
1786133769.0015035,12.128655124545249,-0.37302069983201697,0.0,0.0,0.0,-0.3240610768332435,0.9460361612970609,odom,base_link
1786133769.0500731,12.130168180142498,-0.37420822790605907,0.0,0.0,0.0,-0.326613757809877,0.9451578985594475,odom,base_link
1786133769.113935,12.13092550869737,-0.3748009702630112,0.0,0.0,0.0,-0.325975809983669,0.9453781102318219,odom,base_link
1786133769.1780815,12.131685231236585,-0.3753906411077713,0.0,0.0,0.0,-0.3240610768332435,0.9460361612970609,odom,base_link
1786133769.2250025,12.132192772310301,-0.3757823863046396,0.0,0.0,0.0,-0.32278384958030926,0.9464727077153975,odom,base_link
1786133769.2736435,12.132954876376749,-0.376368975968422,0.0,0.0,0.0,-0.3221450152805554,0.9466903343384735,odom,base_link
1786133769.321471,12.133719349474267,-0.37695247483296274,0.0,0.0,0.0,-0.3202276331799898,0.9473406266744512,odom,base_link
1786133769.3695223,12.134997398796914,-0.3779198056624874,0.0,0.0,0.0,-0.3183089383913451,0.9479870356392933,odom,base_link
1786133769.4336958,12.136792137000942,-0.37926681242881644,0.0,0.0,0.0,-0.31638893877980073,0.9486295585832183,odom,base_link
1786133769.5448215,12.141688133049477,-0.38289001404106165,0.0,0.0,0.0,-0.31318606119993364,0.9496917874079314,odom,base_link
1786133769.6889586,12.153048838527662,-0.391249947986657,0.0,0.0,0.0,-0.3119039095958626,0.9501136517168964,odom,base_link
1786133769.8489301,12.173466710137674,-0.40623228358867725,0.0,0.0,0.0,-0.31126262055321957,0.9503239347961002,odom,base_link
1786133769.992816,12.197055721185126,-0.4233950386639743,0.0,0.0,0.0,-0.30933790396811306,0.9509521865838547,odom,base_link
1786133770.0557857,12.208461396856423,-0.4316935136454367,0.0,0.0,0.0,-0.30933790396811306,0.9509521865838547,odom,base_link
1786133770.1206224,12.221150686580026,-0.4409521332152054,0.0,0.0,0.0,-0.3099796174471596,0.9507432023250614,odom,base_link
1786133770.1673844,12.230722949896933,-0.4479562624900131,0.0,0.0,0.0,-0.31062118973960084,0.9505337850306821,odom,base_link
1786133770.2321658,12.244421015660611,-0.45800770283060893,0.0,0.0,0.0,-0.31126262055321946,0.9503239347961002,odom,base_link
1786133770.2793796,12.25449073187991,-0.46541764428238663,0.0,0.0,0.0,-0.3119039095958625,0.9501136517168964,odom,base_link
1786133770.343876,12.267917020172309,-0.4752975662180902,0.0,0.0,0.0,-0.3119039095958625,0.9501136517168964,odom,base_link
1786133770.4077575,12.28210378408973,-0.48576664206746967,0.0,0.0,0.0,-0.31254505657544174,0.9499029358888486,odom,base_link
1786133770.4558723,12.292421430575125,-0.4933805154124729,0.0,0.0,0.0,-0.31254505657544174,0.9499029358888486,odom,base_link
1786133770.5202255,12.30686613565468,-0.5040399380954774,0.0,0.0,0.0,-0.31254505657544174,0.9499029358888486,odom,base_link
1786133770.5681026,12.317431179759414,-0.5118584257850592,0.0,0.0,0.0,-0.3131860611999335,0.9496917874079314,odom,base_link
1786133770.6314275,12.325926250085052,-0.5181628270424656,0.0,0.0,0.0,-0.31382692317737904,0.9494802063703168,odom,base_link
1786133770.6799529,12.332104483049152,-0.5227478461387611,0.0,0.0,0.0,-0.31382692317737904,0.9494802063703168,odom,base_link
1786133770.7438002,12.33879756876026,-0.527714950159748,0.0,0.0,0.0,-0.31382692317737904,0.9494802063703168,odom,base_link
1786133770.7911463,12.345226775646593,-0.5324996940331808,0.0,0.0,0.0,-0.31446764221588447,0.9492681928723739,odom,base_link
1786133770.8552217,12.355513506664725,-0.5401552842306732,0.0,0.0,0.0,-0.31446764221588447,0.9492681928723739,odom,base_link
1786133770.982809,12.379125368694046,-0.5578269472252912,0.0,0.0,0.0,-0.31574865030882604,0.9488428688819633,odom,base_link
1786133771.1595025,12.407642346378855,-0.5791097207964622,0.0,0.0,0.0,-0.3151082180236214,0.9490557470106684,odom,base_link
1786133771.2714698,12.4130537104325,-0.5831143120521016,0.0,0.0,0.0,-0.3131860611999334,0.9496917874079314,odom,base_link
1786133771.3346453,12.413311651594634,-0.5833046588857267,0.0,0.0,0.0,-0.3125450565754417,0.9499029358888486,odom,base_link
1786133771.3992712,12.413311651594634,-0.5833046588857267,0.0,0.0,0.0,-0.3125450565754417,0.9499029358888486,odom,base_link
1786133771.4467845,12.413311651594634,-0.5833046588857267,0.0,0.0,0.0,-0.3125450565754417,0.9499029358888486,odom,base_link
1786133771.5110085,12.413311651594634,-0.5833046588857267,0.0,0.0,0.0,-0.3125450565754417,0.9499029358888486,odom,base_link
1786133771.5586987,12.413311651594634,-0.5833046588857267,0.0,0.0,0.0,-0.3125450565754417,0.9499029358888486,odom,base_link
1786133771.6222978,12.413311651594634,-0.5833046588857267,0.0,0.0,0.0,-0.3125450565754417,0.9499029358888486,odom,base_link
1786133771.67084,12.413311651594634,-0.5833046588857267,0.0,0.0,0.0,-0.3125450565754417,0.9499029358888486,odom,base_link
1786133771.718206,12.413311651594634,-0.5833046588857267,0.0,0.0,0.0,-0.3125450565754417,0.9499029358888486,odom,base_link
1786133771.766694,12.413311651594634,-0.5833046588857267,0.0,0.0,0.0,-0.3125450565754417,0.9499029358888486,odom,base_link
1786133771.8145127,12.413311651594634,-0.5833046588857267,0.0,0.0,0.0,-0.3125450565754417,0.9499029358888486,odom,base_link
1786133771.8622932,12.413311651594634,-0.5833046588857267,0.0,0.0,0.0,-0.3125450565754417,0.9499029358888486,odom,base_link
1786133771.9104414,12.413311651594634,-0.5833046588857267,0.0,0.0,0.0,-0.3125450565754417,0.9499029358888486,odom,base_link
1786133771.9580312,12.413311651594634,-0.5833046588857267,0.0,0.0,0.0,-0.3125450565754417,0.9499029358888486,odom,base_link
1786133772.0223243,12.413311651594634,-0.5833046588857267,0.0,0.0,0.0,-0.3125450565754417,0.9499029358888486,odom,base_link
1786133772.0698802,12.413311651594634,-0.5833046588857267,0.0,0.0,0.0,-0.3125450565754417,0.9499029358888486,odom,base_link
1786133772.118154,12.413311651594634,-0.5833046588857267,0.0,0.0,0.0,-0.3125450565754417,0.9499029358888486,odom,base_link
1786133772.1655638,12.413311651594634,-0.5833046588857267,0.0,0.0,0.0,-0.3125450565754417,0.9499029358888486,odom,base_link
1786133772.2133586,12.413311651594634,-0.5833046588857267,0.0,0.0,0.0,-0.3125450565754417,0.9499029358888486,odom,base_link
1786133772.2617564,12.413311651594634,-0.5833046588857267,0.0,0.0,0.0,-0.3125450565754417,0.9499029358888486,odom,base_link
1786133772.3101509,12.413311651594634,-0.5833046588857267,0.0,0.0,0.0,-0.3125450565754417,0.9499029358888486,odom,base_link
1786133772.3571804,12.413311651594634,-0.5833046588857267,0.0,0.0,0.0,-0.3125450565754417,0.9499029358888486,odom,base_link
1786133772.4220078,12.413311651594634,-0.5833046588857267,0.0,0.0,0.0,-0.3125450565754417,0.9499029358888486,odom,base_link
1786133772.469523,12.413311651594634,-0.5833046588857267,0.0,0.0,0.0,-0.3125450565754417,0.9499029358888486,odom,base_link
1786133772.5171251,12.413311651594634,-0.5833046588857267,0.0,0.0,0.0,-0.3125450565754417,0.9499029358888486,odom,base_link
1786133772.565875,12.413311651594634,-0.5833046588857267,0.0,0.0,0.0,-0.3125450565754417,0.9499029358888486,odom,base_link
1786133772.6132002,12.413311651594634,-0.5833046588857267,0.0,0.0,0.0,-0.3125450565754417,0.9499029358888486,odom,base_link
1786133772.6617506,12.413311651594634,-0.5833046588857267,0.0,0.0,0.0,-0.3125450565754417,0.9499029358888486,odom,base_link
1786133772.7094996,12.413311651594634,-0.5833046588857267,0.0,0.0,0.0,-0.3125450565754417,0.9499029358888486,odom,base_link
1786133772.7574818,12.413311651594634,-0.5833046588857267,0.0,0.0,0.0,-0.3125450565754417,0.9499029358888486,odom,base_link
1786133772.821631,12.413311651594634,-0.5833046588857267,0.0,0.0,0.0,-0.3125450565754417,0.9499029358888486,odom,base_link
1786133772.8693037,12.413311651594634,-0.5833046588857267,0.0,0.0,0.0,-0.3125450565754417,0.9499029358888486,odom,base_link
1786133772.9170742,12.413311651594634,-0.5833046588857267,0.0,0.0,0.0,-0.3125450565754417,0.9499029358888486,odom,base_link
1786133772.9644022,12.413311651594634,-0.5833046588857267,0.0,0.0,0.0,-0.3125450565754417,0.9499029358888486,odom,base_link
1786133773.0131264,12.413311651594634,-0.5833046588857267,0.0,0.0,0.0,-0.3125450565754417,0.9499029358888486,odom,base_link
1786133773.06053,12.413311651594634,-0.5833046588857267,0.0,0.0,0.0,-0.3125450565754417,0.9499029358888486,odom,base_link
1786133773.108501,12.413311651594634,-0.5833046588857267,0.0,0.0,0.0,-0.3125450565754417,0.9499029358888486,odom,base_link
1786133773.1567774,12.413311651594634,-0.5833046588857267,0.0,0.0,0.0,-0.3125450565754417,0.9499029358888486,odom,base_link
1786133773.2198653,12.413311651594634,-0.5833046588857267,0.0,0.0,0.0,-0.3125450565754417,0.9499029358888486,odom,base_link
1786133773.2681248,12.413311651594634,-0.5833046588857267,0.0,0.0,0.0,-0.3125450565754417,0.9499029358888486,odom,base_link
1786133773.3166132,12.413311651594634,-0.5833046588857267,0.0,0.0,0.0,-0.3125450565754417,0.9499029358888486,odom,base_link
1786133773.3642704,12.413311651594634,-0.5833046588857267,0.0,0.0,0.0,-0.3125450565754417,0.9499029358888486,odom,base_link
1786133773.4123707,12.413311651594634,-0.5833046588857267,0.0,0.0,0.0,-0.3125450565754417,0.9499029358888486,odom,base_link
1786133773.460202,12.413311651594634,-0.5833046588857267,0.0,0.0,0.0,-0.3125450565754417,0.9499029358888486,odom,base_link
1786133773.5076447,12.413311651594634,-0.5833046588857267,0.0,0.0,0.0,-0.3125450565754417,0.9499029358888486,odom,base_link
1786133773.5722733,12.413311651594634,-0.5833046588857267,0.0,0.0,0.0,-0.3125450565754417,0.9499029358888486,odom,base_link
1786133773.6202412,12.413311651594634,-0.5833046588857267,0.0,0.0,0.0,-0.3125450565754417,0.9499029358888486,odom,base_link
1786133773.668129,12.413311651594634,-0.5833046588857267,0.0,0.0,0.0,-0.3125450565754417,0.9499029358888486,odom,base_link
1786133773.7161677,12.413311651594634,-0.5833046588857267,0.0,0.0,0.0,-0.3125450565754417,0.9499029358888486,odom,base_link
1786133773.7635245,12.413311651594634,-0.5833046588857267,0.0,0.0,0.0,-0.3125450565754417,0.9499029358888486,odom,base_link
1786133773.8119333,12.413311651594634,-0.5833046588857267,0.0,0.0,0.0,-0.3125450565754417,0.9499029358888486,odom,base_link
1786133773.8599606,12.413311651594634,-0.5833046588857267,0.0,0.0,0.0,-0.3125450565754417,0.9499029358888486,odom,base_link
1786133773.9080963,12.413311651594634,-0.5833046588857267,0.0,0.0,0.0,-0.3125450565754417,0.9499029358888486,odom,base_link
1786133773.9717717,12.413311651594634,-0.5833046588857267,0.0,0.0,0.0,-0.3125450565754417,0.9499029358888486,odom,base_link
1786133774.019564,12.413311651594634,-0.5833046588857267,0.0,0.0,0.0,-0.3125450565754417,0.9499029358888486,odom,base_link
1786133774.0675156,12.413311651594634,-0.5833046588857267,0.0,0.0,0.0,-0.3125450565754417,0.9499029358888486,odom,base_link
1786133774.115787,12.413311651594634,-0.5833046588857267,0.0,0.0,0.0,-0.3125450565754417,0.9499029358888486,odom,base_link
1786133774.1637821,12.413311651594634,-0.5833046588857267,0.0,0.0,0.0,-0.3125450565754417,0.9499029358888486,odom,base_link
1786133774.211132,12.413311651594634,-0.5833046588857267,0.0,0.0,0.0,-0.3125450565754417,0.9499029358888486,odom,base_link
1786133774.2590253,12.413311651594634,-0.5833046588857267,0.0,0.0,0.0,-0.3125450565754417,0.9499029358888486,odom,base_link
1786133774.3072934,12.413311651594634,-0.5833046588857267,0.0,0.0,0.0,-0.3125450565754417,0.9499029358888486,odom,base_link
1786133774.3714492,12.413311651594634,-0.5833046588857267,0.0,0.0,0.0,-0.3125450565754417,0.9499029358888486,odom,base_link
1786133774.419467,12.413311651594634,-0.5833046588857267,0.0,0.0,0.0,-0.3125450565754417,0.9499029358888486,odom,base_link
1786133774.4674466,12.413311651594634,-0.5833046588857267,0.0,0.0,0.0,-0.3125450565754417,0.9499029358888486,odom,base_link
1786133774.515463,12.413311651594634,-0.5833046588857267,0.0,0.0,0.0,-0.3125450565754417,0.9499029358888486,odom,base_link
1786133774.5625887,12.413311651594634,-0.5833046588857267,0.0,0.0,0.0,-0.3125450565754417,0.9499029358888486,odom,base_link
1786133774.6112525,12.413311651594634,-0.5833046588857267,0.0,0.0,0.0,-0.3125450565754417,0.9499029358888486,odom,base_link
1786133774.6590457,12.413311651594634,-0.5833046588857267,0.0,0.0,0.0,-0.3125450565754417,0.9499029358888486,odom,base_link
1786133774.7069087,12.413311651594634,-0.5833046588857267,0.0,0.0,0.0,-0.3125450565754417,0.9499029358888486,odom,base_link
1786133774.7707884,12.413311651594634,-0.5833046588857267,0.0,0.0,0.0,-0.3125450565754417,0.9499029358888486,odom,base_link
1786133774.8187852,12.413311651594634,-0.5833046588857267,0.0,0.0,0.0,-0.3125450565754417,0.9499029358888486,odom,base_link
1786133774.8668413,12.413311651594634,-0.5833046588857267,0.0,0.0,0.0,-0.3125450565754417,0.9499029358888486,odom,base_link
1786133774.9147105,12.413311651594634,-0.5833046588857267,0.0,0.0,0.0,-0.3125450565754417,0.9499029358888486,odom,base_link
1786133774.9627748,12.413311651594634,-0.5833046588857267,0.0,0.0,0.0,-0.3125450565754417,0.9499029358888486,odom,base_link
1786133775.010659,12.413311651594634,-0.5833046588857267,0.0,0.0,0.0,-0.3125450565754417,0.9499029358888486,odom,base_link
1786133775.0586572,12.413311651594634,-0.5833046588857267,0.0,0.0,0.0,-0.3125450565754417,0.9499029358888486,odom,base_link
1786133775.1224723,12.413311651594634,-0.5833046588857267,0.0,0.0,0.0,-0.3125450565754417,0.9499029358888486,odom,base_link
1786133775.1689727,12.413311651594634,-0.5833046588857267,0.0,0.0,0.0,-0.3125450565754417,0.9499029358888486,odom,base_link
1786133775.217368,12.413311651594634,-0.5833046588857267,0.0,0.0,0.0,-0.3125450565754417,0.9499029358888486,odom,base_link
1786133775.2661822,12.413311651594634,-0.5833046588857267,0.0,0.0,0.0,-0.3125450565754417,0.9499029358888486,odom,base_link
1786133775.3139946,12.413311651594634,-0.5833046588857267,0.0,0.0,0.0,-0.3125450565754417,0.9499029358888486,odom,base_link
1786133775.3616476,12.413311651594634,-0.5833046588857267,0.0,0.0,0.0,-0.3125450565754417,0.9499029358888486,odom,base_link
1786133775.409625,12.413311651594634,-0.5833046588857267,0.0,0.0,0.0,-0.3125450565754417,0.9499029358888486,odom,base_link
1786133775.457382,12.413311651594634,-0.5833046588857267,0.0,0.0,0.0,-0.3125450565754417,0.9499029358888486,odom,base_link
1786133775.52217,12.413311651594634,-0.5833046588857267,0.0,0.0,0.0,-0.3125450565754417,0.9499029358888486,odom,base_link
1786133775.5698073,12.413311651594634,-0.5833046588857267,0.0,0.0,0.0,-0.3125450565754417,0.9499029358888486,odom,base_link
1786133775.6177523,12.413311651594634,-0.5833046588857267,0.0,0.0,0.0,-0.3125450565754417,0.9499029358888486,odom,base_link
1786133775.6657975,12.413311651594634,-0.5833046588857267,0.0,0.0,0.0,-0.3125450565754417,0.9499029358888486,odom,base_link
1786133775.7134604,12.413311651594634,-0.5833046588857267,0.0,0.0,0.0,-0.3125450565754417,0.9499029358888486,odom,base_link
1786133775.7616296,12.413311651594634,-0.5833046588857267,0.0,0.0,0.0,-0.3125450565754417,0.9499029358888486,odom,base_link
1786133775.8095925,12.413311651594634,-0.5833046588857267,0.0,0.0,0.0,-0.3125450565754417,0.9499029358888486,odom,base_link
1786133775.857317,12.413311651594634,-0.5833046588857267,0.0,0.0,0.0,-0.3125450565754417,0.9499029358888486,odom,base_link
1786133775.9216273,12.413311651594634,-0.5833046588857267,0.0,0.0,0.0,-0.3125450565754417,0.9499029358888486,odom,base_link
1786133775.9692316,12.413311651594634,-0.5833046588857267,0.0,0.0,0.0,-0.3125450565754417,0.9499029358888486,odom,base_link
1786133776.0174663,12.413311651594634,-0.5833046588857267,0.0,0.0,0.0,-0.3125450565754417,0.9499029358888486,odom,base_link
1786133776.0651314,12.413311651594634,-0.5833046588857267,0.0,0.0,0.0,-0.3125450565754417,0.9499029358888486,odom,base_link
1786133776.1132846,12.413311651594634,-0.5833046588857267,0.0,0.0,0.0,-0.3125450565754417,0.9499029358888486,odom,base_link
1786133776.1611958,12.413311651594634,-0.5833046588857267,0.0,0.0,0.0,-0.3125450565754417,0.9499029358888486,odom,base_link
1786133776.2083213,12.413311651594634,-0.5833046588857267,0.0,0.0,0.0,-0.3125450565754417,0.9499029358888486,odom,base_link
1786133776.2569833,12.413311651594634,-0.5833046588857267,0.0,0.0,0.0,-0.3125450565754417,0.9499029358888486,odom,base_link
1786133776.320837,12.413311651594634,-0.5833046588857267,0.0,0.0,0.0,-0.3125450565754417,0.9499029358888486,odom,base_link
1786133776.3687928,12.413311651594634,-0.5833046588857267,0.0,0.0,0.0,-0.3125450565754417,0.9499029358888486,odom,base_link
1786133776.4168494,12.413311651594634,-0.5833046588857267,0.0,0.0,0.0,-0.3125450565754417,0.9499029358888486,odom,base_link
1786133776.4647465,12.413311651594634,-0.5833046588857267,0.0,0.0,0.0,-0.3125450565754417,0.9499029358888486,odom,base_link
1786133776.512898,12.413311651594634,-0.5833046588857267,0.0,0.0,0.0,-0.3125450565754417,0.9499029358888486,odom,base_link
1786133776.5608084,12.413311651594634,-0.5833046588857267,0.0,0.0,0.0,-0.3125450565754417,0.9499029358888486,odom,base_link
1786133776.6088538,12.413311651594634,-0.5833046588857267,0.0,0.0,0.0,-0.3125450565754417,0.9499029358888486,odom,base_link
1786133776.6721566,12.413311651594634,-0.5833046588857267,0.0,0.0,0.0,-0.3125450565754417,0.9499029358888486,odom,base_link
1786133776.7201905,12.413311651594634,-0.5833046588857267,0.0,0.0,0.0,-0.3125450565754417,0.9499029358888486,odom,base_link
1786133776.7681727,12.413311651594634,-0.5833046588857267,0.0,0.0,0.0,-0.3125450565754417,0.9499029358888486,odom,base_link
1786133776.816173,12.413311651594634,-0.5833046588857267,0.0,0.0,0.0,-0.3125450565754417,0.9499029358888486,odom,base_link
1786133776.8644123,12.413311651594634,-0.5833046588857267,0.0,0.0,0.0,-0.3125450565754417,0.9499029358888486,odom,base_link
1786133776.9118943,12.413311651594634,-0.5833046588857267,0.0,0.0,0.0,-0.3125450565754417,0.9499029358888486,odom,base_link
1786133776.9602482,12.413311651594634,-0.5833046588857267,0.0,0.0,0.0,-0.3125450565754417,0.9499029358888486,odom,base_link
1786133777.007884,12.413311651594634,-0.5833046588857267,0.0,0.0,0.0,-0.3125450565754417,0.9499029358888486,odom,base_link
1786133777.0719903,12.413311651594634,-0.5833046588857267,0.0,0.0,0.0,-0.3125450565754417,0.9499029358888486,odom,base_link
1786133777.1198769,12.413311651594634,-0.5833046588857267,0.0,0.0,0.0,-0.3125450565754417,0.9499029358888486,odom,base_link
1786133777.1677225,12.413311651594634,-0.5833046588857267,0.0,0.0,0.0,-0.3125450565754417,0.9499029358888486,odom,base_link
1786133777.2149158,12.413311651594634,-0.5833046588857267,0.0,0.0,0.0,-0.3125450565754417,0.9499029358888486,odom,base_link
1786133777.2631464,12.413311651594634,-0.5833046588857267,0.0,0.0,0.0,-0.3125450565754417,0.9499029358888486,odom,base_link
1786133777.311293,12.413311651594634,-0.5833046588857267,0.0,0.0,0.0,-0.3125450565754417,0.9499029358888486,odom,base_link
1786133777.3597074,12.413311651594634,-0.5833046588857267,0.0,0.0,0.0,-0.3125450565754417,0.9499029358888486,odom,base_link
1786133777.407635,12.413311651594634,-0.5833046588857267,0.0,0.0,0.0,-0.3125450565754417,0.9499029358888486,odom,base_link
1786133777.4715917,12.413311651594634,-0.5833046588857267,0.0,0.0,0.0,-0.3125450565754417,0.9499029358888486,odom,base_link
1786133777.5194938,12.413311651594634,-0.5833046588857267,0.0,0.0,0.0,-0.3125450565754417,0.9499029358888486,odom,base_link
1786133777.5673668,12.413311651594634,-0.5833046588857267,0.0,0.0,0.0,-0.3125450565754417,0.9499029358888486,odom,base_link
1786133777.6151788,12.413311651594634,-0.5833046588857267,0.0,0.0,0.0,-0.3125450565754417,0.9499029358888486,odom,base_link
1786133777.663041,12.413311651594634,-0.5833046588857267,0.0,0.0,0.0,-0.3125450565754417,0.9499029358888486,odom,base_link
1786133777.7110002,12.413311651594634,-0.5833046588857267,0.0,0.0,0.0,-0.3125450565754417,0.9499029358888486,odom,base_link
1786133777.7590098,12.413311651594634,-0.5833046588857267,0.0,0.0,0.0,-0.3125450565754417,0.9499029358888486,odom,base_link
1786133777.8071237,12.413311651594634,-0.5833046588857267,0.0,0.0,0.0,-0.3125450565754417,0.9499029358888486,odom,base_link
1786133777.8708234,12.413311651594634,-0.5833046588857267,0.0,0.0,0.0,-0.3125450565754417,0.9499029358888486,odom,base_link
1786133777.9189074,12.413311651594634,-0.5833046588857267,0.0,0.0,0.0,-0.3125450565754417,0.9499029358888486,odom,base_link
1786133777.9668446,12.413311651594634,-0.5833046588857267,0.0,0.0,0.0,-0.3125450565754417,0.9499029358888486,odom,base_link
1786133778.0148928,12.413311651594634,-0.5833046588857267,0.0,0.0,0.0,-0.3125450565754417,0.9499029358888486,odom,base_link
1786133778.062588,12.413311651594634,-0.5833046588857267,0.0,0.0,0.0,-0.3125450565754417,0.9499029358888486,odom,base_link
1786133778.1104867,12.413311651594634,-0.5833046588857267,0.0,0.0,0.0,-0.3125450565754417,0.9499029358888486,odom,base_link
1786133778.1582701,12.413311651594634,-0.5833046588857267,0.0,0.0,0.0,-0.3125450565754417,0.9499029358888486,odom,base_link
1786133778.2217238,12.413311651594634,-0.5833046588857267,0.0,0.0,0.0,-0.3125450565754417,0.9499029358888486,odom,base_link
1786133778.2698982,12.413311651594634,-0.5833046588857267,0.0,0.0,0.0,-0.3125450565754417,0.9499029358888486,odom,base_link
1786133778.318334,12.413311651594634,-0.5833046588857267,0.0,0.0,0.0,-0.3125450565754417,0.9499029358888486,odom,base_link
1786133778.3659916,12.413311651594634,-0.5833046588857267,0.0,0.0,0.0,-0.3125450565754417,0.9499029358888486,odom,base_link
1786133778.4144118,12.413311651594634,-0.5833046588857267,0.0,0.0,0.0,-0.3125450565754417,0.9499029358888486,odom,base_link
1786133778.4623141,12.413311651594634,-0.5833046588857267,0.0,0.0,0.0,-0.3125450565754417,0.9499029358888486,odom,base_link
1786133778.509517,12.413311651594634,-0.5833046588857267,0.0,0.0,0.0,-0.3125450565754417,0.9499029358888486,odom,base_link
1786133778.558203,12.413311651594634,-0.5833046588857267,0.0,0.0,0.0,-0.3125450565754417,0.9499029358888486,odom,base_link
1786133778.6218288,12.413311651594634,-0.5833046588857267,0.0,0.0,0.0,-0.3125450565754417,0.9499029358888486,odom,base_link
1786133778.701623,12.413827533918905,-0.5836853525529768,0.0,0.0,0.0,-0.3125450565754417,0.9499029358888486,odom,base_link
1786133778.7978356,12.419789591656173,-0.5880231917478321,0.0,0.0,0.0,-0.3093379039681129,0.9509521865838548,odom,base_link
1786133778.8615408,12.424191998294974,-0.5912353658842825,0.0,0.0,0.0,-0.30997961744715946,0.9507432023250614,odom,base_link
1786133778.909173,12.429635616229001,-0.5951960016708895,0.0,0.0,0.0,-0.3093379039681129,0.9509521865838548,odom,base_link
1786133778.9734707,12.43871721443904,-0.6017848092405343,0.0,0.0,0.0,-0.3086960495947426,0.951160737711876,odom,base_link
1786133779.0373561,12.449366066325561,-0.6094887601870327,0.0,0.0,0.0,-0.3080540546193945,0.9513688556141362,odom,base_link
1786133779.1170154,12.464213815888955,-0.6201390952979564,0.0,0.0,0.0,-0.30612722900590045,0.9519906090194215,odom,base_link
1786133779.2448168,12.489554222271808,-0.638160886558064,0.0,0.0,0.0,-0.3041991485051869,0.9526084599922043,odom,base_link
1786133779.3252587,12.505535703029663,-0.6494295565004482,0.0,0.0,0.0,-0.3022698210209075,0.953222405999769,odom,base_link
1786133779.405134,12.521810034997227,-0.6608390671121075,0.0,0.0,0.0,-0.30098291383476056,0.9536295326695462,odom,base_link
1786133779.468646,12.534433317389352,-0.6696381916331627,0.0,0.0,0.0,-0.2996954582931911,0.9540349219386228,odom,base_link
1786133779.5326405,12.54708030736751,-0.6784032070456271,0.0,0.0,0.0,-0.2984074567417914,0.9544385730684274,odom,base_link
1786133779.5964174,12.560026902079658,-0.687298475191481,0.0,0.0,0.0,-0.2964744357796907,0.9550407891441675,odom,base_link
1786133779.6444912,12.569556293587608,-0.6938080729901486,0.0,0.0,0.0,-0.2951850794721998,0.9554400917153263,odom,base_link
1786133779.708391,12.582285533187695,-0.702453205140203,0.0,0.0,0.0,-0.29389518537225784,0.9558376535871592,odom,base_link
1786133779.7563057,12.591849931506383,-0.7089112583154008,0.0,0.0,0.0,-0.2926047558298998,0.9562334740353554,odom,base_link
1786133779.820072,12.604370823571525,-0.7172919733423492,0.0,0.0,0.0,-0.2906681127049343,0.9568239379617086,odom,base_link
1786133779.8841894,12.616903016275884,-0.7256557803995852,0.0,0.0,0.0,-0.2900222998229497,0.9570198877794583,odom,base_link
1786133779.932442,12.62651940173898,-0.7320361641370542,0.0,0.0,0.0,-0.2887302780632882,0.957410479642612,odom,base_link
1786133780.0121512,12.642321802322792,-0.7424290006519881,0.0,0.0,0.0,-0.28679125984859966,0.9579930966736937,odom,base_link
1786133780.140137,12.667878702222133,-0.758991127577337,0.0,0.0,0.0,-0.2835569542524755,0.9589553971353723,odom,base_link
1786133780.283458,12.697084392846737,-0.7775837371104223,0.0,0.0,0.0,-0.27967152877314677,0.9600957431390325,odom,base_link
1786133780.4273832,12.725208391225983,-0.7954877314756156,0.0,0.0,0.0,-0.27967152877314677,0.9600957431390325,odom,base_link
1786133780.523208,12.742869944512272,-0.8071374660529914,0.0,0.0,0.0,-0.2874377302710636,0.9577993272166249,odom,base_link
1786133780.6033216,12.758752263692188,-0.8179867957174373,0.0,0.0,0.0,-0.29518507947219974,0.9554400917153263,odom,base_link
1786133780.7470202,12.784930632463826,-0.8375792916462529,0.0,0.0,0.0,-0.31574865030882604,0.9488428688819633,odom,base_link
1786133780.9228802,12.813420311546555,-0.8629485896987976,0.0,0.0,0.0,-0.3557938469225171,0.9345644645994606,odom,base_link
1786133781.1148694,12.834549844909255,-0.8866287095325706,0.0,0.0,0.0,-0.40879074117527703,0.9126281443881553,odom,base_link
1786133781.1940944,12.842241603740653,-0.8956577126882903,0.0,0.0,0.0,-0.4192342406887783,0.9078781038410958,odom,base_link
1786133781.2582045,12.847560494697529,-0.9020747928405418,0.0,0.0,0.0,-0.4253517857191419,0.9050280981193551,odom,base_link
1786133781.3222892,12.852422107826039,-0.9080378189565994,0.0,0.0,0.0,-0.42901303127700974,0.9032983001171382,odom,base_link
1786133781.4345093,12.860686045912532,-0.9182582022170128,0.0,0.0,0.0,-0.43084101986886286,0.9024278450925359,odom,base_link
1786133781.578429,12.873765528836685,-0.9344789179305366,0.0,0.0,0.0,-0.4314499572985897,0.9021368711825524,odom,base_link
1786133781.6583543,12.883238823716324,-0.9461949670339374,0.0,0.0,0.0,-0.43084101986886286,0.9024278450925359,odom,base_link
1786133781.7063053,12.889688726613098,-0.9541718515298697,0.0,0.0,0.0,-0.43084101986886286,0.9024278450925359,odom,base_link
1786133781.7702167,12.898960462027212,-0.9656386229927726,0.0,0.0,0.0,-0.43084101986886286,0.9024278450925359,odom,base_link
1786133781.8340428,12.908853353758252,-0.9778398853547232,0.0,0.0,0.0,-0.43023188620371405,0.9027184079731588,odom,base_link
1786133781.8820293,12.916311053982648,-0.987063158053145,0.0,0.0,0.0,-0.43084101986886286,0.9024278450925359,odom,base_link
1786133781.9460537,12.927011528712141,-1.0002604418323977,0.0,0.0,0.0,-0.43023188620371405,0.9027184079731588,odom,base_link
1786133781.99382,12.934683567197437,-1.0097226452967676,0.0,0.0,0.0,-0.43023188620371405,0.9027184079731588,odom,base_link
1786133782.0569122,12.94543739399732,-1.0228764914166197,0.0,0.0,0.0,-0.42840331057060677,0.9035876291163709,odom,base_link
1786133782.1055677,12.953553489695345,-1.0328039224504704,0.0,0.0,0.0,-0.42840331057060677,0.9035876291163709,odom,base_link
1786133782.169628,12.964546358275499,-1.0461763273915015,0.0,0.0,0.0,-0.4271832840602486,0.904165052310418,odom,base_link
1786133782.2164123,12.972689223890427,-1.056081812533006,0.0,0.0,0.0,-0.4271832840602486,0.904165052310418,odom,base_link
1786133782.2799778,12.983496226431061,-1.069192005310893,0.0,0.0,0.0,-0.42657297881197953,0.9044531462422332,odom,base_link
1786133782.3448496,12.994543153803033,-1.0825197871655692,0.0,0.0,0.0,-0.4253517857191419,0.9050280981193551,odom,base_link
1786133782.3932002,13.00253447535234,-1.0921346296994627,0.0,0.0,0.0,-0.42474089843079094,0.9053149558027883,odom,base_link
1786133782.45728,13.01341210308349,-1.1051862837528434,0.0,0.0,0.0,-0.424129817685444,0.9056014011418666,odom,base_link
1786133782.5050998,13.021840492086385,-1.115271479115503,0.0,0.0,0.0,-0.42351854376143044,0.9058874340061227,odom,base_link
1786133782.5691445,13.032753313634835,-1.1282937210284116,0.0,0.0,0.0,-0.42290707693716756,0.906173054265277,odom,base_link
1786133782.6170535,13.040796429811476,-1.137865277810098,0.0,0.0,0.0,-0.42229541749116056,0.9064582617892378,odom,base_link
1786133782.6808236,13.051968788421703,-1.151088090544608,0.0,0.0,0.0,-0.4210715218483733,0.9070274381121526,odom,base_link
1786133782.7283354,13.060244609614465,-1.160882766644245,0.0,0.0,0.0,-0.4210715218483733,0.9070274381121526,odom,base_link
1786133782.7926984,13.071227579959217,-1.173845899791479,0.0,0.0,0.0,-0.4204592862090416,0.9073114066518635,odom,base_link
1786133782.8559682,13.082453390145584,-1.1870233638565835,0.0,0.0,0.0,-0.41923424068877846,0.9078781038410957,odom,base_link
1786133782.9046445,13.090573758185965,-1.1965294692602053,0.0,0.0,0.0,-0.4186214313658193,0.9081608322325031,odom,base_link
1786133782.9688532,13.101852835879757,-1.2096613685860782,0.0,0.0,0.0,-0.41739524098982883,0.9087250479650282,odom,base_link
1786133783.0165858,13.11043003016587,-1.21962031656593,0.0,0.0,0.0,-0.4167818604952912,0.9090065350491622,odom,base_link
1786133783.0799844,13.12195404437043,-1.2329643383060864,0.0,0.0,0.0,-0.4161682901688655,0.9092876081075355,odom,base_link
1786133783.1286151,13.130977801613772,-1.2433847666088504,0.0,0.0,0.0,-0.415554530290015,0.9095682670121276,odom,base_link
1786133783.1913989,13.142537796538408,-1.256697630197541,0.0,0.0,0.0,-0.41494058113828924,0.9098485116351066,odom,base_link
1786133783.2395017,13.151168634758312,-1.2666101242484331,0.0,0.0,0.0,-0.41432644299332405,0.9101283418488295,odom,base_link
1786133783.3038971,13.162993602869074,-1.280117267763986,0.0,0.0,0.0,-0.4130976008426487,0.9106867585388775,odom,base_link
1786133783.3674464,13.174625306240985,-1.2933675242240146,0.0,0.0,0.0,-0.4124828973966401,0.9109653447608602,odom,base_link
1786133783.4158928,13.182885915802181,-1.3027520192415132,0.0,0.0,0.0,-0.4118680060767948,0.9112435160649021,odom,base_link
1786133783.479768,13.194553346378717,-1.3159708271805968,0.0,0.0,0.0,-0.41125292716317763,0.911521272324304,odom,base_link
1786133783.5274885,13.203264178282598,-1.3258130989828512,0.0,0.0,0.0,-0.41063766093593906,0.9117986134125565,odom,base_link
1786133783.5915256,13.21477193358023,-1.338745072596236,0.0,0.0,0.0,-0.4094065676616255,0.9123520495705191,odom,base_link
1786133783.6397178,13.223522548407207,-1.348551990911233,0.0,0.0,0.0,-0.4087907411752773,0.9126281443881552,odom,base_link
1786133783.7035632,13.23485141985263,-1.3612139469354694,0.0,0.0,0.0,-0.40817472849676106,0.912903823530494,odom,base_link
1786133783.7509084,13.243628476955655,-1.3709972068879268,0.0,0.0,0.0,-0.40755852990665237,0.9131790868719719,odom,base_link
1786133783.8151,13.255223245552397,-1.3838512223973092,0.0,0.0,0.0,-0.4063255761143837,0.9137283656510364,odom,base_link
1786133783.8792443,13.267050392599911,-1.3969273232039388,0.0,0.0,0.0,-0.4057088214737979,0.9140023808384429,odom,base_link
1786133783.9270716,13.27544942268231,-1.4061881390821935,0.0,0.0,0.0,-0.40509188204476787,0.9142759797246277,odom,base_link
1786133783.9912412,13.287113421871702,-1.4189793664055328,0.0,0.0,0.0,-0.40385744994545025,0.9148219280950572,odom,base_link
1786133784.0391047,13.295982521971673,-1.4286792617711446,0.0,0.0,0.0,-0.40323995783741023,0.9150942773306385,odom,base_link
1786133784.1020749,13.307897647730995,-1.4416752456788071,0.0,0.0,0.0,-0.40262228206542083,0.9153662097676715,odom,base_link
1786133784.1508229,13.316792900762627,-1.451351163216197,0.0,0.0,0.0,-0.4020044229108151,0.9156377252822988,odom,base_link
1786133784.213869,13.328542959823627,-1.4640633811812278,0.0,0.0,0.0,-0.400768155579505,0.9161795050498573,odom,base_link
1786133784.2784824,13.340528078002126,-1.4769948452064683,0.0,0.0,0.0,-0.4001497479658841,0.9164497690560238,odom,base_link
1786133784.3265355,13.349475442233809,-1.4866225957221773,0.0,0.0,0.0,-0.3995311580958135,0.9167196156462553,odom,base_link
1786133784.390038,13.361058335427284,-1.4990526015087877,0.0,0.0,0.0,-0.39891238625104286,0.9169890446976445,odom,base_link
1786133784.4385316,13.369825434504294,-1.5084101049196998,0.0,0.0,0.0,-0.3976742977648133,0.9175266496932187,odom,base_link
1786133784.5026982,13.381897551671596,-1.521260389223466,0.0,0.0,0.0,-0.39705498168726744,0.9177948253925404,odom,base_link
1786133784.5496602,13.390702470236407,-1.5305823152786548,0.0,0.0,0.0,-0.39581580727371457,0.9183299225835221,odom,base_link
1786133784.6143177,13.402623039609308,-1.543134781146098,0.0,0.0,0.0,-0.3945759117303757,0.9188633466855356,odom,base_link
1786133784.662235,13.411453090996641,-1.5524329040108709,0.0,0.0,0.0,-0.3945759117303757,0.9188633466855356,odom,base_link
1786133784.7262928,13.423202700626346,-1.5647054396957316,0.0,0.0,0.0,-0.3927147212388161,0.9196603436716835,odom,base_link
1786133784.790196,13.435207712673321,-1.5771771701001072,0.0,0.0,0.0,-0.3914730327567546,0.9201895808061668,odom,base_link
1786133784.8381069,13.444335402278321,-1.5866341352138147,0.0,0.0,0.0,-0.39085192091762405,0.9204535707546597,odom,base_link
1786133784.9015539,13.456390817715198,-1.5990571514406327,0.0,0.0,0.0,-0.3896091634576541,0.9209802928129499,odom,base_link
1786133784.949667,13.46555672660226,-1.6084770782429592,0.0,0.0,0.0,-0.3889875184028542,0.9212430246828408,odom,base_link
1786133785.0139384,13.477662347757352,-1.6208511765930143,0.0,0.0,0.0,-0.3877436970593298,0.9217672295057807,odom,base_link
1786133785.0614824,13.486629474538901,-1.630017175370833,0.0,0.0,0.0,-0.3877436970593298,0.9217672295057807,odom,base_link
1786133785.1258624,13.49876845594854,-1.642358549032784,0.0,0.0,0.0,-0.3864991692924535,0.9222897549773842,odom,base_link
1786133785.1736248,13.507784939801168,-1.6514760001703919,0.0,0.0,0.0,-0.3852539373696084,0.9228106001456712,odom,base_link
1786133785.2374077,13.519748076095718,-1.663540486424876,0.0,0.0,0.0,-0.38463105805860565,0.9230703923194143,odom,base_link
1786133785.301743,13.53197007058527,-1.675799655410774,0.0,0.0,0.0,-0.3833847741559556,0.9235887152544616,odom,base_link
1786133785.348671,13.541501771523727,-1.6853088680702486,0.0,0.0,0.0,-0.38213779177139795,0.9241053555196397,odom,base_link
1786133785.413031,13.553789775852685,-1.6975018711104746,0.0,0.0,0.0,-0.3808901131767876,0.9246203121736911,odom,base_link
1786133785.4614766,13.563132044125293,-1.7067469200670646,0.0,0.0,0.0,-0.3802660135110144,0.9248771588532398,odom,base_link
1786133785.525301,13.575926257048387,-1.7193398114129312,0.0,0.0,0.0,-0.3790172948638269,0.925389588332453,odom,base_link
1786133785.5724783,13.58530588473116,-1.7285469549015324,0.0,0.0,0.0,-0.3783926764511673,0.9256451708987209,odom,base_link
1786133785.637075,13.597692231603398,-1.7406400432038664,0.0,0.0,0.0,-0.3771429228701928,0.9261550711025275,odom,base_link
1786133785.6848826,13.607109064899328,-1.7498091302556824,0.0,0.0,0.0,-0.37651778827110405,0.9264093885078217,odom,base_link
1786133785.748683,13.620004842276344,-1.7622979941997197,0.0,0.0,0.0,-0.37526700487937525,0.9269167573460213,odom,base_link
1786133785.8129644,13.632686882461988,-1.7745467360256542,0.0,0.0,0.0,-0.37464135665643045,0.9271698085478352,odom,base_link
1786133785.8600116,13.642153082948285,-1.7836648474002939,0.0,0.0,0.0,-0.3740155377953585,0.9274224374510511,odom,base_link
1786133785.9245498,13.654901069971306,-1.7958449396187277,0.0,0.0,0.0,-0.37213706023418885,0.9281777892194231,odom,base_link
1786133785.9721692,13.66441636170776,-1.8049118095227952,0.0,0.0,0.0,-0.3715105616718048,0.9284287277795211,odom,base_link
1786133786.0362835,13.677197182917526,-1.8170574436681444,0.0,0.0,0.0,-0.3708838938972787,0.9286792434676205,odom,base_link
1786133786.0842977,13.686492325615538,-1.8258906321374893,0.0,0.0,0.0,-0.3708838938972787,0.9286792434676205,odom,base_link
1786133786.1479897,13.699072914012287,-1.8377815181061221,0.0,0.0,0.0,-0.3696300518535924,0.9291790057716062,odom,base_link
1786133786.195754,13.708637019627675,-1.8467968822399123,0.0,0.0,0.0,-0.3690028781555204,0.9294282521598652,odom,base_link
1786133786.2598205,13.721016094644353,-1.8584341912208615,0.0,0.0,0.0,-0.3683755363874826,0.9296770752208717,odom,base_link
1786133786.3240168,13.733442191159208,-1.8700212781710035,0.0,0.0,0.0,-0.36649250552131324,0.9304210033080241,odom,base_link
1786133786.372219,13.742820377208155,-1.8787662494541295,0.0,0.0,0.0,-0.36649250552131324,0.9304210033080241,odom,base_link
1786133786.4358723,13.755512752223394,-1.8905377400139507,0.0,0.0,0.0,-0.36523631650122823,0.9309148366572608,odom,base_link
1786133786.4838881,13.765409279398812,-1.899666660982471,0.0,0.0,0.0,-0.36397946206358817,0.9314069739892981,odom,base_link
1786133786.5479171,13.777944299056402,-1.9111358257633277,0.0,0.0,0.0,-0.3620929377585692,0.9321419979946022,odom,base_link
1786133786.5957122,13.787877710860531,-1.920224597853818,0.0,0.0,0.0,-0.3620929377585692,0.9321419979946022,odom,base_link
1786133786.6596014,13.800901803201846,-1.9321089925911852,0.0,0.0,0.0,-0.3614637660962137,0.9323861570184007,odom,base_link
1786133786.7075396,13.810622621186669,-1.9409551558495182,0.0,0.0,0.0,-0.3608344297977363,0.9326298913677078,odom,base_link
1786133786.771331,13.82345705555257,-1.9525715954088159,0.0,0.0,0.0,-0.3595752644390673,0.9331160855989864,odom,base_link
1786133786.8353946,13.836322802187729,-1.9641533455808475,0.0,0.0,0.0,-0.35831544397661336,0.9336005798026491,odom,base_link
1786133786.8836703,13.846103099828344,-1.972933703474925,0.0,0.0,0.0,-0.3576852887986844,0.9338421891181624,odom,base_link
1786133786.9472187,13.859015638997283,-1.9844632613909117,0.0,0.0,0.0,-0.35642448998450826,0.9343241316263233,odom,base_link
1786133786.9952402,13.86883141078209,-1.993203943913217,0.0,0.0,0.0,-0.35579384692251786,0.9345644645994603,odom,base_link
1786133787.0588388,13.881790530758932,-2.004681120523918,0.0,0.0,0.0,-0.3545320749249292,0.9350438534365243,odom,base_link
1786133787.107164,13.891893907528024,-2.013580571408385,0.0,0.0,0.0,-0.3532696570116529,0.9355215387338065,odom,base_link
1786133787.170732,13.904914804577768,-2.0249876136870584,0.0,0.0,0.0,-0.3520065954826657,0.9359975196210206,odom,base_link
1786133787.2181673,13.914582688550649,-2.033411206495252,0.0,0.0,0.0,-0.35074289263911707,0.9364717952309854,odom,base_link
1786133787.282943,13.9276649831135,-2.0447477819260524,0.0,0.0,0.0,-0.3494785507833247,0.9369443646996267,odom,base_link
1786133787.3465383,13.940777833538258,-2.0560489998810074,0.0,0.0,0.0,-0.3482135722187705,0.9374152271659786,odom,base_link
1786133787.39451,13.950745459351499,-2.0646161080473804,0.0,0.0,0.0,-0.3475808448908631,0.9376500180050944,odom,base_link
1786133787.4583616,13.964163091546384,-2.0760543319423492,0.0,0.0,0.0,-0.34568171418310045,0.9383518276635013,odom,base_link
1786133787.5066597,13.974176826402726,-2.084567499444167,0.0,0.0,0.0,-0.34504835533360845,0.9385849095748193,odom,base_link
1786133787.570336,13.987395868352287,-2.095744319361442,0.0,0.0,0.0,-0.34378116644501816,0.9390497907979655,odom,base_link
1786133787.6182256,13.997466828870214,-2.104189712243569,0.0,0.0,0.0,-0.34187920946740674,0.9397439045473724,odom,base_link
1786133787.6822815,14.01099193345325,-2.1155006523285755,0.0,0.0,0.0,-0.3412449119912522,0.9399744198860321,odom,base_link
1786133787.7303078,14.021108344360185,-2.1238915484099947,0.0,0.0,0.0,-0.3393410881565891,0.940663396698682,odom,base_link
1786133787.794094,14.03469432024609,-2.1351293008016565,0.0,0.0,0.0,-0.33870617070645254,0.940892198886446,odom,base_link
1786133787.8582008,14.048325689809836,-2.146311947331223,0.0,0.0,0.0,-0.3368004938889027,0.9415760337414028,odom,base_link
1786133787.9060538,14.058498498854075,-2.154634378636832,0.0,0.0,0.0,-0.3361649610917614,0.9418031211108692,odom,base_link
1786133787.9700563,14.072190045507414,-2.165743265612046,0.0,0.0,0.0,-0.3342574451789934,0.9424818090246687,odom,base_link
1786133788.0176065,14.082169307792029,-2.1737955460695457,0.0,0.0,0.0,-0.3329850061989267,0.9429321214417826,odom,base_link
1786133788.0821419,14.095905725442606,-2.1848489007511613,0.0,0.0,0.0,-0.33234855906666066,0.9431566334847645,odom,base_link
1786133788.1296155,14.106418101363804,-2.1932612964072553,0.0,0.0,0.0,-0.3310752109670782,0.9436043687282847,odom,base_link
1786133788.2252014,14.126757498504519,-2.209402974275092,0.0,0.0,0.0,-0.3291640585803883,0.9442727479594477,odom,base_link
1786133788.3056421,14.138572002336952,-2.218753194682296,0.0,0.0,0.0,-0.32852670754877045,0.9444946809946388,odom,base_link
1786133788.3696427,14.14713689319643,-2.225494087215943,0.0,0.0,0.0,-0.3272515568731183,0.9449372563954287,odom,base_link
1786133788.4336479,14.151938370095031,-2.229241644663461,0.0,0.0,0.0,-0.3253377136850607,0.9455978913122519,odom,base_link
1786133788.4809623,14.153203246639404,-2.2302261375950563,0.0,0.0,0.0,-0.324699469204685,0.9458172417006342,odom,base_link
1786133788.545325,14.153710258484525,-2.2306185674992243,0.0,0.0,0.0,-0.32342253686150696,0.9462546500018202,odom,base_link
1786133788.6094635,14.153710258484525,-2.2306185674992243,0.0,0.0,0.0,-0.32342253686150696,0.9462546500018202,odom,base_link
1786133788.657219,14.153710258484525,-2.2306185674992243,0.0,0.0,0.0,-0.32342253686150696,0.9462546500018202,odom,base_link
1786133788.720901,14.153710258484525,-2.2306185674992243,0.0,0.0,0.0,-0.32342253686150696,0.9462546500018202,odom,base_link
1786133788.7690198,14.153710258484525,-2.2306185674992243,0.0,0.0,0.0,-0.32342253686150696,0.9462546500018202,odom,base_link
1786133788.8169315,14.153710258484525,-2.2306185674992243,0.0,0.0,0.0,-0.32342253686150696,0.9462546500018202,odom,base_link
1786133788.8644783,14.153710258484525,-2.2306185674992243,0.0,0.0,0.0,-0.32342253686150696,0.9462546500018202,odom,base_link
1786133788.9130003,14.153710258484525,-2.2306185674992243,0.0,0.0,0.0,-0.32342253686150696,0.9462546500018202,odom,base_link
1786133788.9605675,14.153710258484525,-2.2306185674992243,0.0,0.0,0.0,-0.32342253686150696,0.9462546500018202,odom,base_link
1786133789.0085235,14.153710258484525,-2.2306185674992243,0.0,0.0,0.0,-0.32342253686150696,0.9462546500018202,odom,base_link
1786133789.0567892,14.153710258484525,-2.2306185674992243,0.0,0.0,0.0,-0.32342253686150696,0.9462546500018202,odom,base_link
1786133789.1045883,14.153710258484525,-2.2306185674992243,0.0,0.0,0.0,-0.32342253686150696,0.9462546500018202,odom,base_link
1786133789.1519272,14.153710258484525,-2.2306185674992243,0.0,0.0,0.0,-0.32342253686150696,0.9462546500018202,odom,base_link
1786133789.2001977,14.153710258484525,-2.2306185674992243,0.0,0.0,0.0,-0.32342253686150696,0.9462546500018202,odom,base_link
1786133789.2475145,14.153710258484525,-2.2306185674992243,0.0,0.0,0.0,-0.32342253686150696,0.9462546500018202,odom,base_link
1786133789.2962408,14.153710258484525,-2.2306185674992243,0.0,0.0,0.0,-0.32342253686150696,0.9462546500018202,odom,base_link
1786133789.3438618,14.153710258484525,-2.2306185674992243,0.0,0.0,0.0,-0.32342253686150696,0.9462546500018202,odom,base_link
1786133789.391899,14.153710258484525,-2.2306185674992243,0.0,0.0,0.0,-0.32342253686150696,0.9462546500018202,odom,base_link
1786133789.4399698,14.153710258484525,-2.2306185674992243,0.0,0.0,0.0,-0.32342253686150696,0.9462546500018202,odom,base_link
1786133789.4874098,14.153710258484525,-2.2306185674992243,0.0,0.0,0.0,-0.32342253686150696,0.9462546500018202,odom,base_link
1786133789.5359778,14.153710258484525,-2.2306185674992243,0.0,0.0,0.0,-0.32342253686150696,0.9462546500018202,odom,base_link
1786133789.5841768,14.153710258484525,-2.2306185674992243,0.0,0.0,0.0,-0.32342253686150696,0.9462546500018202,odom,base_link
1786133789.6317627,14.153710258484525,-2.2306185674992243,0.0,0.0,0.0,-0.32342253686150696,0.9462546500018202,odom,base_link
1786133789.6794314,14.153710258484525,-2.2306185674992243,0.0,0.0,0.0,-0.32342253686150696,0.9462546500018202,odom,base_link
1786133789.7277076,14.153710258484525,-2.2306185674992243,0.0,0.0,0.0,-0.32342253686150696,0.9462546500018202,odom,base_link
1786133789.7751324,14.153710258484525,-2.2306185674992243,0.0,0.0,0.0,-0.32342253686150696,0.9462546500018202,odom,base_link
1786133789.8233764,14.153710258484525,-2.2306185674992243,0.0,0.0,0.0,-0.32342253686150696,0.9462546500018202,odom,base_link
1786133789.871543,14.153710258484525,-2.2306185674992243,0.0,0.0,0.0,-0.32342253686150696,0.9462546500018202,odom,base_link
1786133789.9196687,14.153710258484525,-2.2306185674992243,0.0,0.0,0.0,-0.32342253686150696,0.9462546500018202,odom,base_link
1786133789.9673884,14.153710258484525,-2.2306185674992243,0.0,0.0,0.0,-0.32342253686150696,0.9462546500018202,odom,base_link
1786133790.0313022,14.153710258484525,-2.2306185674992243,0.0,0.0,0.0,-0.32342253686150696,0.9462546500018202,odom,base_link
1786133790.0791485,14.153710258484525,-2.2306185674992243,0.0,0.0,0.0,-0.32342253686150696,0.9462546500018202,odom,base_link
1786133790.1267867,14.153710258484525,-2.2306185674992243,0.0,0.0,0.0,-0.32342253686150696,0.9462546500018202,odom,base_link
1786133790.1750379,14.153710258484525,-2.2306185674992243,0.0,0.0,0.0,-0.32342253686150696,0.9462546500018202,odom,base_link
1786133790.2221003,14.153710258484525,-2.2306185674992243,0.0,0.0,0.0,-0.32342253686150696,0.9462546500018202,odom,base_link
1786133790.270651,14.153710258484525,-2.2306185674992243,0.0,0.0,0.0,-0.32342253686150696,0.9462546500018202,odom,base_link
1786133790.318562,14.153710258484525,-2.2306185674992243,0.0,0.0,0.0,-0.32342253686150696,0.9462546500018202,odom,base_link
1786133790.3826885,14.153710258484525,-2.2306185674992243,0.0,0.0,0.0,-0.32342253686150696,0.9462546500018202,odom,base_link
1786133790.43068,14.153710258484525,-2.2306185674992243,0.0,0.0,0.0,-0.32342253686150696,0.9462546500018202,odom,base_link
1786133790.4783065,14.153710258484525,-2.2306185674992243,0.0,0.0,0.0,-0.32342253686150696,0.9462546500018202,odom,base_link
1786133790.526479,14.153710258484525,-2.2306185674992243,0.0,0.0,0.0,-0.32342253686150696,0.9462546500018202,odom,base_link
1786133790.574329,14.153710258484525,-2.2306185674992243,0.0,0.0,0.0,-0.32342253686150696,0.9462546500018202,odom,base_link
1786133790.62224,14.153710258484525,-2.2306185674992243,0.0,0.0,0.0,-0.32342253686150696,0.9462546500018202,odom,base_link
1786133790.6702042,14.153710258484525,-2.2306185674992243,0.0,0.0,0.0,-0.32342253686150696,0.9462546500018202,odom,base_link
1786133790.7183597,14.153710258484525,-2.2306185674992243,0.0,0.0,0.0,-0.32342253686150696,0.9462546500018202,odom,base_link
1786133790.7818975,14.153710258484525,-2.2306185674992243,0.0,0.0,0.0,-0.32342253686150696,0.9462546500018202,odom,base_link
1786133790.830072,14.153710258484525,-2.2306185674992243,0.0,0.0,0.0,-0.32342253686150696,0.9462546500018202,odom,base_link
1786133790.8779871,14.153710258484525,-2.2306185674992243,0.0,0.0,0.0,-0.32342253686150696,0.9462546500018202,odom,base_link
1786133790.9260533,14.153710258484525,-2.2306185674992243,0.0,0.0,0.0,-0.32342253686150696,0.9462546500018202,odom,base_link
1786133790.9736207,14.153710258484525,-2.2306185674992243,0.0,0.0,0.0,-0.32342253686150696,0.9462546500018202,odom,base_link
1786133791.0218854,14.153710258484525,-2.2306185674992243,0.0,0.0,0.0,-0.32342253686150696,0.9462546500018202,odom,base_link
1786133791.069727,14.153710258484525,-2.2306185674992243,0.0,0.0,0.0,-0.32342253686150696,0.9462546500018202,odom,base_link
1786133791.1177554,14.153710258484525,-2.2306185674992243,0.0,0.0,0.0,-0.32342253686150696,0.9462546500018202,odom,base_link
1786133791.1816263,14.153710258484525,-2.2306185674992243,0.0,0.0,0.0,-0.32342253686150696,0.9462546500018202,odom,base_link
1786133791.228539,14.153710258484525,-2.2306185674992243,0.0,0.0,0.0,-0.32342253686150696,0.9462546500018202,odom,base_link
1786133791.277271,14.153710258484525,-2.2306185674992243,0.0,0.0,0.0,-0.32342253686150696,0.9462546500018202,odom,base_link
1786133791.3252475,14.153710258484525,-2.2306185674992243,0.0,0.0,0.0,-0.32342253686150696,0.9462546500018202,odom,base_link
1786133791.3732796,14.153710258484525,-2.2306185674992243,0.0,0.0,0.0,-0.32342253686150696,0.9462546500018202,odom,base_link
1786133791.4213743,14.153710258484525,-2.2306185674992243,0.0,0.0,0.0,-0.32342253686150696,0.9462546500018202,odom,base_link
1786133791.46964,14.153710258484525,-2.2306185674992243,0.0,0.0,0.0,-0.32342253686150696,0.9462546500018202,odom,base_link
1786133791.5333817,14.153710258484525,-2.2306185674992243,0.0,0.0,0.0,-0.32342253686150696,0.9462546500018202,odom,base_link
1786133791.5812511,14.153710258484525,-2.2306185674992243,0.0,0.0,0.0,-0.32342253686150696,0.9462546500018202,odom,base_link
1786133791.629341,14.153710258484525,-2.2306185674992243,0.0,0.0,0.0,-0.32342253686150696,0.9462546500018202,odom,base_link
1786133791.6769562,14.153710258484525,-2.2306185674992243,0.0,0.0,0.0,-0.32342253686150696,0.9462546500018202,odom,base_link
1786133791.7253542,14.153710258484525,-2.2306185674992243,0.0,0.0,0.0,-0.32342253686150696,0.9462546500018202,odom,base_link
1786133791.7729626,14.153710258484525,-2.2306185674992243,0.0,0.0,0.0,-0.32342253686150696,0.9462546500018202,odom,base_link
1786133791.820776,14.153710258484525,-2.2306185674992243,0.0,0.0,0.0,-0.32342253686150696,0.9462546500018202,odom,base_link
1786133791.8687148,14.153710258484525,-2.2306185674992243,0.0,0.0,0.0,-0.32342253686150696,0.9462546500018202,odom,base_link
1786133791.9327307,14.153710258484525,-2.2306185674992243,0.0,0.0,0.0,-0.32342253686150696,0.9462546500018202,odom,base_link
1786133791.9806473,14.153710258484525,-2.2306185674992243,0.0,0.0,0.0,-0.32342253686150696,0.9462546500018202,odom,base_link
1786133792.0285697,14.153710258484525,-2.2306185674992243,0.0,0.0,0.0,-0.32342253686150696,0.9462546500018202,odom,base_link
1786133792.076795,14.153710258484525,-2.2306185674992243,0.0,0.0,0.0,-0.32342253686150696,0.9462546500018202,odom,base_link
1786133792.1245067,14.153710258484525,-2.2306185674992243,0.0,0.0,0.0,-0.32342253686150696,0.9462546500018202,odom,base_link
1786133792.1727188,14.153710258484525,-2.2306185674992243,0.0,0.0,0.0,-0.32342253686150696,0.9462546500018202,odom,base_link
1786133792.2196887,14.153710258484525,-2.2306185674992243,0.0,0.0,0.0,-0.32342253686150696,0.9462546500018202,odom,base_link
1786133792.2682946,14.153710258484525,-2.2306185674992243,0.0,0.0,0.0,-0.32342253686150696,0.9462546500018202,odom,base_link
1786133792.3322825,14.153710258484525,-2.2306185674992243,0.0,0.0,0.0,-0.32342253686150696,0.9462546500018202,odom,base_link
1786133792.3802729,14.153710258484525,-2.2306185674992243,0.0,0.0,0.0,-0.32342253686150696,0.9462546500018202,odom,base_link
1786133792.4282293,14.153710258484525,-2.2306185674992243,0.0,0.0,0.0,-0.32342253686150696,0.9462546500018202,odom,base_link
1786133792.4763057,14.153710258484525,-2.2306185674992243,0.0,0.0,0.0,-0.32342253686150696,0.9462546500018202,odom,base_link
1786133792.5239205,14.153710258484525,-2.2306185674992243,0.0,0.0,0.0,-0.32342253686150696,0.9462546500018202,odom,base_link
1786133792.571836,14.153710258484525,-2.2306185674992243,0.0,0.0,0.0,-0.32342253686150696,0.9462546500018202,odom,base_link
1786133792.6200118,14.153710258484525,-2.2306185674992243,0.0,0.0,0.0,-0.32342253686150696,0.9462546500018202,odom,base_link
1786133792.6679168,14.153710258484525,-2.2306185674992243,0.0,0.0,0.0,-0.32342253686150696,0.9462546500018202,odom,base_link
1786133792.7318478,14.153710258484525,-2.2306185674992243,0.0,0.0,0.0,-0.32342253686150696,0.9462546500018202,odom,base_link
1786133792.7796998,14.153710258484525,-2.2306185674992243,0.0,0.0,0.0,-0.32342253686150696,0.9462546500018202,odom,base_link
1786133792.8277175,14.153710258484525,-2.2306185674992243,0.0,0.0,0.0,-0.32342253686150696,0.9462546500018202,odom,base_link
1786133792.8757114,14.153710258484525,-2.2306185674992243,0.0,0.0,0.0,-0.32342253686150696,0.9462546500018202,odom,base_link
1786133792.9238162,14.153710258484525,-2.2306185674992243,0.0,0.0,0.0,-0.32342253686150696,0.9462546500018202,odom,base_link
1786133792.9715867,14.153710258484525,-2.2306185674992243,0.0,0.0,0.0,-0.32342253686150696,0.9462546500018202,odom,base_link
1786133793.0193872,14.153710258484525,-2.2306185674992243,0.0,0.0,0.0,-0.32342253686150696,0.9462546500018202,odom,base_link
1786133793.0674834,14.153710258484525,-2.2306185674992243,0.0,0.0,0.0,-0.32342253686150696,0.9462546500018202,odom,base_link
1786133793.1315107,14.153710258484525,-2.2306185674992243,0.0,0.0,0.0,-0.32342253686150696,0.9462546500018202,odom,base_link
1786133793.179339,14.153710258484525,-2.2306185674992243,0.0,0.0,0.0,-0.32342253686150696,0.9462546500018202,odom,base_link
1786133793.2263105,14.153710258484525,-2.2306185674992243,0.0,0.0,0.0,-0.32342253686150696,0.9462546500018202,odom,base_link
1786133793.2752273,14.153710258484525,-2.2306185674992243,0.0,0.0,0.0,-0.32342253686150696,0.9462546500018202,odom,base_link
1786133793.3229854,14.153710258484525,-2.2306185674992243,0.0,0.0,0.0,-0.32342253686150696,0.9462546500018202,odom,base_link
1786133793.3711479,14.153710258484525,-2.2306185674992243,0.0,0.0,0.0,-0.32342253686150696,0.9462546500018202,odom,base_link
1786133793.4190433,14.153710258484525,-2.2306185674992243,0.0,0.0,0.0,-0.32342253686150696,0.9462546500018202,odom,base_link
1786133793.482975,14.153710258484525,-2.2306185674992243,0.0,0.0,0.0,-0.32342253686150696,0.9462546500018202,odom,base_link
1786133793.5308673,14.153710258484525,-2.2306185674992243,0.0,0.0,0.0,-0.32342253686150696,0.9462546500018202,odom,base_link
1786133793.5785398,14.153710258484525,-2.2306185674992243,0.0,0.0,0.0,-0.32342253686150696,0.9462546500018202,odom,base_link
1786133793.62665,14.153710258484525,-2.2306185674992243,0.0,0.0,0.0,-0.32342253686150696,0.9462546500018202,odom,base_link
1786133793.6746452,14.153710258484525,-2.2306185674992243,0.0,0.0,0.0,-0.32342253686150696,0.9462546500018202,odom,base_link
1786133793.7226915,14.153710258484525,-2.2306185674992243,0.0,0.0,0.0,-0.32342253686150696,0.9462546500018202,odom,base_link
1786133793.770665,14.153710258484525,-2.2306185674992243,0.0,0.0,0.0,-0.32342253686150696,0.9462546500018202,odom,base_link
1786133793.818415,14.153710258484525,-2.2306185674992243,0.0,0.0,0.0,-0.32342253686150696,0.9462546500018202,odom,base_link
1786133793.882566,14.153710258484525,-2.2306185674992243,0.0,0.0,0.0,-0.32342253686150696,0.9462546500018202,odom,base_link
1786133793.930383,14.153710258484525,-2.2306185674992243,0.0,0.0,0.0,-0.32342253686150696,0.9462546500018202,odom,base_link
1786133793.9783301,14.153710258484525,-2.2306185674992243,0.0,0.0,0.0,-0.32342253686150696,0.9462546500018202,odom,base_link
1786133794.0262158,14.153710258484525,-2.2306185674992243,0.0,0.0,0.0,-0.32342253686150696,0.9462546500018202,odom,base_link
1786133794.0741658,14.153710258484525,-2.2306185674992243,0.0,0.0,0.0,-0.32342253686150696,0.9462546500018202,odom,base_link
1786133794.1217134,14.153710258484525,-2.2306185674992243,0.0,0.0,0.0,-0.32342253686150696,0.9462546500018202,odom,base_link
1786133794.170031,14.153710258484525,-2.2306185674992243,0.0,0.0,0.0,-0.32342253686150696,0.9462546500018202,odom,base_link
1786133794.217208,14.153710258484525,-2.2306185674992243,0.0,0.0,0.0,-0.32342253686150696,0.9462546500018202,odom,base_link
1786133794.2818508,14.153710258484525,-2.2306185674992243,0.0,0.0,0.0,-0.32342253686150696,0.9462546500018202,odom,base_link
1786133794.3299425,14.153710258484525,-2.2306185674992243,0.0,0.0,0.0,-0.32342253686150696,0.9462546500018202,odom,base_link
1786133794.377632,14.153710258484525,-2.2306185674992243,0.0,0.0,0.0,-0.32342253686150696,0.9462546500018202,odom,base_link
1786133794.4258518,14.153710258484525,-2.2306185674992243,0.0,0.0,0.0,-0.32342253686150696,0.9462546500018202,odom,base_link
1786133794.473291,14.153710258484525,-2.2306185674992243,0.0,0.0,0.0,-0.32342253686150696,0.9462546500018202,odom,base_link
1786133794.521235,14.153710258484525,-2.2306185674992243,0.0,0.0,0.0,-0.32342253686150696,0.9462546500018202,odom,base_link
1786133794.5692196,14.153710258484525,-2.2306185674992243,0.0,0.0,0.0,-0.32342253686150696,0.9462546500018202,odom,base_link
1786133794.6175046,14.153710258484525,-2.2306185674992243,0.0,0.0,0.0,-0.32342253686150696,0.9462546500018202,odom,base_link
1786133794.681422,14.153710258484525,-2.2306185674992243,0.0,0.0,0.0,-0.32342253686150696,0.9462546500018202,odom,base_link
1786133794.7291234,14.153710258484525,-2.2306185674992243,0.0,0.0,0.0,-0.32342253686150696,0.9462546500018202,odom,base_link
1786133794.7772133,14.153710258484525,-2.2306185674992243,0.0,0.0,0.0,-0.32342253686150696,0.9462546500018202,odom,base_link
1786133794.824741,14.153710258484525,-2.2306185674992243,0.0,0.0,0.0,-0.32342253686150696,0.9462546500018202,odom,base_link
1786133794.8732562,14.153710258484525,-2.2306185674992243,0.0,0.0,0.0,-0.32342253686150696,0.9462546500018202,odom,base_link
1786133794.9211407,14.153710258484525,-2.2306185674992243,0.0,0.0,0.0,-0.32342253686150696,0.9462546500018202,odom,base_link
1786133794.9689198,14.153710258484525,-2.2306185674992243,0.0,0.0,0.0,-0.32342253686150696,0.9462546500018202,odom,base_link
1786133795.0327275,14.153710258484525,-2.2306185674992243,0.0,0.0,0.0,-0.32342253686150696,0.9462546500018202,odom,base_link
1786133795.0807834,14.153710258484525,-2.2306185674992243,0.0,0.0,0.0,-0.32342253686150696,0.9462546500018202,odom,base_link
1786133795.1282198,14.153710258484525,-2.2306185674992243,0.0,0.0,0.0,-0.32342253686150696,0.9462546500018202,odom,base_link
1786133795.1924736,14.153710258484525,-2.2306185674992243,0.0,0.0,0.0,-0.32342253686150696,0.9462546500018202,odom,base_link
1786133795.2721586,14.157259341400373,-2.2333655768284006,0.0,0.0,0.0,-0.32342253686150696,0.9462546500018202,odom,base_link
1786133795.3525226,14.16184145026853,-2.2368727580075536,0.0,0.0,0.0,-0.32086690678932583,0.9471242939168281,odom,base_link
1786133795.4165304,14.16819890971733,-2.241752428537262,0.0,0.0,0.0,-0.3215060342532156,0.9469075297719256,odom,base_link
1786133795.480307,14.177108565849858,-2.248571947496726,0.0,0.0,0.0,-0.32086690678932583,0.9471242939168281,odom,base_link
1786133795.527789,14.184761165758854,-2.254396612191624,0.0,0.0,0.0,-0.3195882137163797,0.9475565279462612,odom,base_link
1786133795.5915396,14.196251848109842,-2.2631181073904267,0.0,0.0,0.0,-0.31894864868973044,0.947771997633922,odom,base_link
1786133795.640143,14.205444393990634,-2.270095303549469,0.0,0.0,0.0,-0.31894864868973044,0.947771997633922,odom,base_link
1786133795.703905,14.218507085326388,-2.279926850586074,0.0,0.0,0.0,-0.31702908314491296,0.9484158162115897,odom,base_link
1786133795.7514253,14.228506341034548,-2.2874316025699075,0.0,0.0,0.0,-0.31638893877980134,0.9486295585832181,odom,base_link
1786133795.815852,14.2418656458959,-2.297401910909555,0.0,0.0,0.0,-0.3151082180236222,0.9490557470106682,odom,base_link
1786133795.863929,14.25189520863858,-2.3048661113521103,0.0,0.0,0.0,-0.3144676422158854,0.9492681928723736,odom,base_link
1786133795.9277067,14.265810144776522,-2.3151636317237547,0.0,0.0,0.0,-0.31318606119993425,0.9496917874079311,odom,base_link
1786133795.9916072,14.2795082105402,-2.3252150720643505,0.0,0.0,0.0,-0.3112626205532201,0.9503239347961,odom,base_link
1786133796.0391102,14.29011531313461,-2.3329764045040022,0.0,0.0,0.0,-0.31062118973960157,0.9505337850306819,odom,base_link
1786133796.1035566,14.304113187822109,-2.343160896526706,0.0,0.0,0.0,-0.30933790396811367,0.9509521865838545,odom,base_link
1786133796.1512089,14.315021767803424,-2.351052748715802,0.0,0.0,0.0,-0.3080540546193952,0.951368855614136,odom,base_link
1786133796.2140336,14.329074425143734,-2.3611615169495344,0.0,0.0,0.0,-0.3067696440324685,0.9517837913624042,odom,base_link
1786133796.26265,14.340025454706932,-2.3689943580489827,0.0,0.0,0.0,-0.3054846745473782,0.9521969930726952,odom,base_link
1786133796.3270693,14.354132485064396,-2.379027107822651,0.0,0.0,0.0,-0.3041991485051876,0.9526084599922041,odom,base_link
1786133796.390549,14.36854201689525,-2.3891873840002105,0.0,0.0,0.0,-0.30226982102090816,0.9532224059997688,odom,base_link
1786133796.4387224,14.379293881308463,-2.39674690239274,0.0,0.0,0.0,-0.30162643611882306,0.9534261864634606,odom,base_link
1786133796.5029418,14.39375805904944,-2.4068292325731155,0.0,0.0,0.0,-0.2996954582931918,0.9540349219386226,odom,base_link
1786133796.5501568,14.404550581038933,-2.414330590836352,0.0,0.0,0.0,-0.2990515256220823,0.954236964816971,odom,base_link
1786133796.6141787,14.419068983058537,-2.424334681119122,0.0,0.0,0.0,-0.2971189115271494,0.9548404853235549,odom,base_link
1786133796.6626568,14.430430280458992,-2.4321407327573206,0.0,0.0,0.0,-0.2964744357796914,0.9550407891441672,odom,base_link
1786133796.726441,14.44500248354509,-2.44206629152276,0.0,0.0,0.0,-0.2945401994994317,0.9556390902840021,odom,base_link
1786133796.7739165,14.4558753757035,-2.4494506752342646,0.0,0.0,0.0,-0.2938951853722586,0.955837653587159,odom,base_link
1786133796.8381262,14.47075332864368,-2.459496535729017,0.0,0.0,0.0,-0.29260475582990064,0.9562334740353552,odom,base_link
1786133796.9019032,14.485405436379486,-2.4693037554414032,0.0,0.0,0.0,-0.29066811270493514,0.9568239379617084,odom,base_link
1786133796.9498873,14.496871059491985,-2.476955749132066,0.0,0.0,0.0,-0.29002229982295047,0.9570198877794581,odom,base_link
1786133797.0142314,14.511575903429717,-2.4866837183114794,0.0,0.0,0.0,-0.2880840697740902,0.9576051215101125,odom,base_link
1786133797.0612988,14.522566970880671,-2.4938910300832635,0.0,0.0,0.0,-0.28614465880114653,0.9581864297930625,odom,base_link
1786133797.126161,14.537068583721178,-2.5033444738235904,0.0,0.0,0.0,-0.2848510660093593,0.9585717866666699,odom,base_link
1786133797.1741402,14.548367423676675,-2.5106666773063764,0.0,0.0,0.0,-0.28355695425247635,0.958955397135372,odom,base_link
1786133797.2377355,14.562919864855267,-2.520041688200826,0.0,0.0,0.0,-0.282262325888217,0.9593372605002758,odom,base_link
1786133797.284956,14.57425807313769,-2.527302781860026,0.0,0.0,0.0,-0.2809671832752416,0.9597173760656711,odom,base_link
1786133797.3492827,14.588860918449992,-2.536599086626569,0.0,0.0,0.0,-0.2796715287731475,0.9600957431390322,odom,base_link
1786133797.4136043,14.603772405541234,-2.546007241191434,0.0,0.0,0.0,-0.2777270923918219,0.9606600138194492,odom,base_link
1786133797.461393,14.614897697664684,-2.553005582556001,0.0,0.0,0.0,-0.27707869354465126,0.9608472290554775,odom,base_link
1786133797.525577,14.630118967358452,-2.5625232369771185,0.0,0.0,0.0,-0.27578151754208946,0.9612203465294429,odom,base_link
1786133797.5729058,14.641554147993235,-2.5696306339713204,0.0,0.0,0.0,-0.2744838390980812,0.9615917127731388,odom,base_link
1786133797.6367745,14.656281138134032,-2.5787289928848995,0.0,0.0,0.0,-0.2731856605768438,0.9619613271099797,odom,base_link
1786133797.6854742,14.667208173583228,-2.58543904449449,0.0,0.0,0.0,-0.27188698434350567,0.9623291888665719,odom,base_link
1786133797.7494164,14.682270084313748,-2.5946044503630006,0.0,0.0,0.0,-0.26993804195925825,0.9628776939483029,odom,base_link
1786133797.7970233,14.693771907053417,-2.601603487571681,0.0,0.0,0.0,-0.26993804195925825,0.9628776939483029,odom,base_link
1786133797.8612037,14.708870807802864,-2.6107078280610874,0.0,0.0,0.0,-0.2679879930357461,0.9634222519688203,odom,base_link
1786133797.9248652,14.72371925972832,-2.6196065835327746,0.0,0.0,0.0,-0.2666873496233595,0.9637830967343576,odom,base_link
1786133797.9731429,14.735286697787002,-2.626496636140833,0.0,0.0,0.0,-0.26538622033802933,0.9641421856005964,odom,base_link
1786133798.0369778,14.750734692290127,-2.635641703806066,0.0,0.0,0.0,-0.26408460755026,0.9644995179133192,odom,base_link
1786133798.0841763,14.761786567778472,-2.642144083716643,0.0,0.0,0.0,-0.2627825136314367,0.9648550930215085,odom,base_link
1786133798.1488326,14.77728371188556,-2.651205613460261,0.0,0.0,0.0,-0.2614799409538211,0.9652089102773483,odom,base_link
1786133798.1959624,14.788370533024597,-2.6576482288719023,0.0,0.0,0.0,-0.26017689189054743,0.9655609690362252,odom,base_link
1786133798.2603908,14.803361166351397,-2.6663053234185097,0.0,0.0,0.0,-0.25887336881561746,0.9659112686567298,odom,base_link
1786133798.3249776,14.818641291575265,-2.6751021178762415,0.0,0.0,0.0,-0.2582214302658933,0.9660857585905283,odom,base_link
1786133798.37241,14.830058390742849,-2.6816135503825858,0.0,0.0,0.0,-0.2562649101311102,0.9666065879330091,odom,base_link
1786133798.4359221,14.845118642290341,-2.690148958800097,0.0,0.0,0.0,-0.2549599792738374,0.966951606321994,odom,base_link
1786133798.484401,14.856562014617,-2.696614106631401,0.0,0.0,0.0,-0.25430733950643253,0.9671234549286664,odom,base_link
1786133798.5482883,14.871388386959254,-2.7049115244077617,0.0,0.0,0.0,-0.2523487264164008,0.967636357458741,odom,base_link
1786133798.5962522,14.88315529518557,-2.711455095220148,0.0,0.0,0.0,-0.2510424091736323,0.9679760889589674,odom,base_link
1786133798.6594706,14.898037327536214,-2.7196522637374505,0.0,0.0,0.0,-0.24908207648524774,0.9684823793821946,odom,base_link
1786133798.7079768,14.909269050065001,-2.72583880601466,0.0,0.0,0.0,-0.24908207648524774,0.9684823793821946,odom,base_link
1786133798.7720213,14.924184153223106,-2.7339756454729356,0.0,0.0,0.0,-0.2471207227510863,0.9689846997692898,odom,base_link
1786133798.8358903,14.939402998214655,-2.7422249563926804,0.0,0.0,0.0,-0.24581259031754776,0.9693173734342005,odom,base_link
1786133798.8835254,14.950692671456547,-2.7483051023122003,0.0,0.0,0.0,-0.24450401004241884,0.9696482811170124,odom,base_link
1786133798.9476972,14.9659558331485,-2.7564721255577136,0.0,0.0,0.0,-0.24319498430977857,0.9699774222148506,odom,base_link
1786133798.9955163,14.977278168908997,-2.762491229248294,0.0,0.0,0.0,-0.24188551550451776,0.9703047961280588,odom,base_link
1786133799.0594854,14.992879766057557,-2.7707043885675016,0.0,0.0,0.0,-0.23992048675439687,0.970792542222865,odom,base_link
1786133799.1073422,15.004518300995821,-2.7768112217220846,0.0,0.0,0.0,-0.23926525821972905,0.970954240018059,odom,base_link
1786133799.171118,15.019595079060243,-2.7846444344590644,0.0,0.0,0.0,-0.23729891993996488,0.9714366796633356,odom,base_link
1786133799.2184381,15.031559428232606,-2.790819610332272,0.0,0.0,0.0,-0.2359874868424759,0.9717560939113128,odom,base_link
1786133799.283072,15.046688727773448,-2.79855089444231,0.0,0.0,0.0,-0.23401953180296375,0.9722318955551302,odom,base_link
1786133799.3470783,15.06242130324088,-2.8065102844158094,0.0,0.0,0.0,-0.2320506174625736,0.9727037117926703,odom,base_link
1786133799.3945208,15.074157221132463,-2.812427812441018,0.0,0.0,0.0,-0.23139410089935275,0.9728600978912539,odom,base_link
1786133799.4590435,15.0899325405124,-2.8203021453047987,0.0,0.0,0.0,-0.22942392004675294,0.9733265972480055,odom,base_link
1786133799.506549,15.101420917944612,-2.8259979402700703,0.0,0.0,0.0,-0.22810994316722288,0.9736353803289229,odom,base_link
1786133799.5706964,15.11695092859588,-2.833645367464816,0.0,0.0,0.0,-0.22679555069824062,0.9739423895608414,odom,base_link
1786133799.618567,15.129045838613203,-2.8395607372635796,0.0,0.0,0.0,-0.22548074503447446,0.9742476243844264,odom,base_link
1786133799.6824996,15.144616911823952,-2.847124205554843,0.0,0.0,0.0,-0.22416552857134547,0.9745510842435758,odom,base_link
1786133799.7305794,15.156462550070753,-2.8528189189991764,0.0,0.0,0.0,-0.22219193886967115,0.9750029447654691,odom,base_link
1786133799.7944255,15.172363337163295,-2.8604367132617114,0.0,0.0,0.0,-0.22153387283242124,0.9751526768603307,odom,base_link
1786133799.8584018,15.187995152784918,-2.8678738305728118,0.0,0.0,0.0,-0.22021743835119273,0.9754508085219052,odom,base_link
1786133799.906417,15.199589104972555,-2.8733515279888935,0.0,0.0,0.0,-0.21890060265972638,0.9757471630269845,odom,base_link
1786133799.970195,15.215561157209383,-2.880818747480291,0.0,0.0,0.0,-0.2169246021016036,0.9761883614359786,odom,base_link
1786133800.0184019,15.227475098766213,-2.886369144156886,0.0,0.0,0.0,-0.21626573724328477,0.9763345384112039,odom,base_link
1786133800.082131,15.243186308756254,-2.8936370361605075,0.0,0.0,0.0,-0.21494771231872398,0.9766255582202152,odom,base_link
1786133800.129313,15.254838732980009,-2.898989223192087,0.0,0.0,0.0,-0.21362929578474554,0.9769147987324758,odom,base_link
1786133800.1930828,15.270588953755698,-2.90617218351806,0.0,0.0,0.0,-0.2123104900433491,0.9772022594210233,odom,base_link
1786133800.241757,15.282270104918048,-2.9114613804168057,0.0,0.0,0.0,-0.21099129749724338,0.9774879397621383,odom,base_link
1786133800.3059633,15.29777588158285,-2.9184068356652326,0.0,0.0,0.0,-0.20901178867691347,0.9779131209847208,odom,base_link
1786133800.369957,15.313291018895976,-2.925331355341102,0.0,0.0,0.0,-0.20835176160525828,0.9780539573234115,odom,base_link
1786133800.4180946,15.325600801901361,-2.9307854996867904,0.0,0.0,0.0,-0.2070314230683025,0.9783342935123523,odom,base_link
1786133800.4817529,15.341143851490978,-2.9376471371037134,0.0,0.0,0.0,-0.20637111220437726,0.9784737932349177,odom,base_link
1786133800.5298321,15.352888392029973,-2.942794045286231,0.0,0.0,0.0,-0.20505020878939298,0.9787514556185479,odom,base_link
1786133800.5934837,15.368762221264381,-2.949699544469078,0.0,0.0,0.0,-0.2037289317970768,0.9790273348322927,odom,base_link
1786133800.6416337,15.380821639046841,-2.954926335973931,0.0,0.0,0.0,-0.20306815396164624,0.9791646055932625,odom,base_link
1786133800.7050905,15.396437874170804,-2.961619740125763,0.0,0.0,0.0,-0.20108526670996943,0.9795737417428974,odom,base_link
1786133800.7692487,15.412671394723978,-2.968500047534475,0.0,0.0,0.0,-0.19910155516268177,0.9799788623903076,odom,base_link
1786133800.8171964,15.424477591489921,-2.973503907468084,0.0,0.0,0.0,-0.19910155516268177,0.9799788623903076,odom,base_link
1786133800.8812957,15.440738839401094,-2.9803184240290763,0.0,0.0,0.0,-0.19711702745148157,0.9803799658748091,odom,base_link
1786133800.929374,15.452867706246499,-2.985381969795983,0.0,0.0,0.0,-0.19645533825061776,0.9805127740487808,odom,base_link
1786133800.9930115,15.468572861748362,-2.9918639871709156,0.0,0.0,0.0,-0.19446973497595382,0.9809085187612463,odom,base_link
1786133801.041011,15.480728890197012,-2.996861974670171,0.0,0.0,0.0,-0.19380768966524603,0.9810395401953071,odom,base_link
1786133801.104583,15.496468813589368,-3.0032591045101356,0.0,0.0,0.0,-0.19182102529725303,0.9814299232517372,odom,base_link
1786133801.1527941,15.508651649292437,-3.008191388050157,0.0,0.0,0.0,-0.1911586287013735,0.9815591569910651,odom,base_link
1786133801.215771,15.524714813562259,-3.014644226740857,0.0,0.0,0.0,-0.18983357460994482,0.9818162831970197,odom,base_link
1786133801.296476,15.544677292432118,-3.0225697574539363,0.0,0.0,0.0,-0.18784534575034736,0.9821986184473752,odom,base_link
1786133801.424217,15.568538547850387,-3.031968697559581,0.0,0.0,0.0,-0.18651943155067824,0.9824512718980071,odom,base_link
1786133801.4880004,15.576007022521312,-3.0348756480599164,0.0,0.0,0.0,-0.18452992385041614,0.9828268958487856,odom,base_link
1786133801.5523207,15.579896718494412,-3.0363715240272797,0.0,0.0,0.0,-0.18253965971877156,0.9831984909618988,odom,base_link
1786133801.600444,15.581093548024597,-3.036831793555699,0.0,0.0,0.0,-0.18253965971877156,0.9831984909618988,odom,base_link
1786133801.6642077,15.581392910449184,-3.0369464569715756,0.0,0.0,0.0,-0.18187607165572653,0.9833214604385897,odom,base_link
1786133801.711968,15.581392910449184,-3.0369464569715756,0.0,0.0,0.0,-0.18187607165572653,0.9833214604385897,odom,base_link
1786133801.7759025,15.581392910449184,-3.0369464569715756,0.0,0.0,0.0,-0.18187607165572653,0.9833214604385897,odom,base_link
1786133801.8236902,15.581392910449184,-3.0369464569715756,0.0,0.0,0.0,-0.18187607165572653,0.9833214604385897,odom,base_link
1786133801.8716793,15.581392910449184,-3.0369464569715756,0.0,0.0,0.0,-0.18187607165572653,0.9833214604385897,odom,base_link
1786133801.9195955,15.581392910449184,-3.0369464569715756,0.0,0.0,0.0,-0.18187607165572653,0.9833214604385897,odom,base_link
1786133801.967597,15.581392910449184,-3.0369464569715756,0.0,0.0,0.0,-0.18187607165572653,0.9833214604385897,odom,base_link
1786133802.0157645,15.581392910449184,-3.0369464569715756,0.0,0.0,0.0,-0.18187607165572653,0.9833214604385897,odom,base_link
1786133802.0633438,15.581392910449184,-3.0369464569715756,0.0,0.0,0.0,-0.18187607165572653,0.9833214604385897,odom,base_link
1786133802.1113007,15.581392910449184,-3.0369464569715756,0.0,0.0,0.0,-0.18187607165572653,0.9833214604385897,odom,base_link
1786133802.1754122,15.581392910449184,-3.0369464569715756,0.0,0.0,0.0,-0.18187607165572653,0.9833214604385897,odom,base_link
1786133802.2226334,15.581392910449184,-3.0369464569715756,0.0,0.0,0.0,-0.18187607165572653,0.9833214604385897,odom,base_link
1786133802.2713287,15.581392910449184,-3.0369464569715756,0.0,0.0,0.0,-0.18187607165572653,0.9833214604385897,odom,base_link
1786133802.3192465,15.581392910449184,-3.0369464569715756,0.0,0.0,0.0,-0.18187607165572653,0.9833214604385897,odom,base_link
1786133802.3673706,15.581392910449184,-3.0369464569715756,0.0,0.0,0.0,-0.18187607165572653,0.9833214604385897,odom,base_link
1786133802.4153144,15.581392910449184,-3.0369464569715756,0.0,0.0,0.0,-0.18187607165572653,0.9833214604385897,odom,base_link
1786133802.4631708,15.581392910449184,-3.0369464569715756,0.0,0.0,0.0,-0.18187607165572653,0.9833214604385897,odom,base_link
1786133802.511182,15.581392910449184,-3.0369464569715756,0.0,0.0,0.0,-0.18187607165572653,0.9833214604385897,odom,base_link
1786133802.5750458,15.581392910449184,-3.0369464569715756,0.0,0.0,0.0,-0.18187607165572653,0.9833214604385897,odom,base_link
1786133802.6227622,15.581392910449184,-3.0369464569715756,0.0,0.0,0.0,-0.18187607165572653,0.9833214604385897,odom,base_link
1786133802.670652,15.581392910449184,-3.0369464569715756,0.0,0.0,0.0,-0.18187607165572653,0.9833214604385897,odom,base_link
1786133802.7186356,15.581392910449184,-3.0369464569715756,0.0,0.0,0.0,-0.18187607165572653,0.9833214604385897,odom,base_link
1786133802.7664468,15.581392910449184,-3.0369464569715756,0.0,0.0,0.0,-0.18187607165572653,0.9833214604385897,odom,base_link
1786133802.814729,15.581392910449184,-3.0369464569715756,0.0,0.0,0.0,-0.18187607165572653,0.9833214604385897,odom,base_link
1786133802.8625371,15.581392910449184,-3.0369464569715756,0.0,0.0,0.0,-0.18187607165572653,0.9833214604385897,odom,base_link
1786133802.9105713,15.581392910449184,-3.0369464569715756,0.0,0.0,0.0,-0.18187607165572653,0.9833214604385897,odom,base_link
1786133802.9742332,15.581392910449184,-3.0369464569715756,0.0,0.0,0.0,-0.18187607165572653,0.9833214604385897,odom,base_link
1786133803.0208318,15.581392910449184,-3.0369464569715756,0.0,0.0,0.0,-0.18187607165572653,0.9833214604385897,odom,base_link
1786133803.069036,15.581392910449184,-3.0369464569715756,0.0,0.0,0.0,-0.18187607165572653,0.9833214604385897,odom,base_link
1786133803.1173496,15.581392910449184,-3.0369464569715756,0.0,0.0,0.0,-0.18187607165572653,0.9833214604385897,odom,base_link
1786133803.1660438,15.581392910449184,-3.0369464569715756,0.0,0.0,0.0,-0.18187607165572653,0.9833214604385897,odom,base_link
1786133803.2136605,15.581392910449184,-3.0369464569715756,0.0,0.0,0.0,-0.18187607165572653,0.9833214604385897,odom,base_link
1786133803.2617533,15.581392910449184,-3.0369464569715756,0.0,0.0,0.0,-0.18187607165572653,0.9833214604385897,odom,base_link
1786133803.3098917,15.581392910449184,-3.0369464569715756,0.0,0.0,0.0,-0.18187607165572653,0.9833214604385897,odom,base_link
1786133803.373674,15.581392910449184,-3.0369464569715756,0.0,0.0,0.0,-0.18187607165572653,0.9833214604385897,odom,base_link
1786133803.421644,15.581392910449184,-3.0369464569715756,0.0,0.0,0.0,-0.18187607165572653,0.9833214604385897,odom,base_link
1786133803.4692287,15.581392910449184,-3.0369464569715756,0.0,0.0,0.0,-0.18187607165572653,0.9833214604385897,odom,base_link
1786133803.5178323,15.581392910449184,-3.0369464569715756,0.0,0.0,0.0,-0.18187607165572653,0.9833214604385897,odom,base_link
1786133803.5653703,15.581392910449184,-3.0369464569715756,0.0,0.0,0.0,-0.18187607165572653,0.9833214604385897,odom,base_link
1786133803.6134207,15.581392910449184,-3.0369464569715756,0.0,0.0,0.0,-0.18187607165572653,0.9833214604385897,odom,base_link
1786133803.6612942,15.581392910449184,-3.0369464569715756,0.0,0.0,0.0,-0.18187607165572653,0.9833214604385897,odom,base_link
1786133803.7254624,15.581392910449184,-3.0369464569715756,0.0,0.0,0.0,-0.18187607165572653,0.9833214604385897,odom,base_link
1786133803.7733662,15.581392910449184,-3.0369464569715756,0.0,0.0,0.0,-0.18187607165572653,0.9833214604385897,odom,base_link
1786133803.8211071,15.581392910449184,-3.0369464569715756,0.0,0.0,0.0,-0.18187607165572653,0.9833214604385897,odom,base_link
1786133803.8692482,15.581392910449184,-3.0369464569715756,0.0,0.0,0.0,-0.18187607165572653,0.9833214604385897,odom,base_link
1786133803.9168751,15.581392910449184,-3.0369464569715756,0.0,0.0,0.0,-0.18187607165572653,0.9833214604385897,odom,base_link
1786133803.9650106,15.581392910449184,-3.0369464569715756,0.0,0.0,0.0,-0.18187607165572653,0.9833214604385897,odom,base_link
1786133804.0129042,15.581392910449184,-3.0369464569715756,0.0,0.0,0.0,-0.18187607165572653,0.9833214604385897,odom,base_link
1786133804.061214,15.581392910449184,-3.0369464569715756,0.0,0.0,0.0,-0.18187607165572653,0.9833214604385897,odom,base_link
1786133804.124737,15.581392910449184,-3.0369464569715756,0.0,0.0,0.0,-0.18187607165572653,0.9833214604385897,odom,base_link
1786133804.1729667,15.581392910449184,-3.0369464569715756,0.0,0.0,0.0,-0.18187607165572653,0.9833214604385897,odom,base_link
1786133804.2195537,15.581392910449184,-3.0369464569715756,0.0,0.0,0.0,-0.18187607165572653,0.9833214604385897,odom,base_link
1786133804.2686079,15.581392910449184,-3.0369464569715756,0.0,0.0,0.0,-0.18187607165572653,0.9833214604385897,odom,base_link
1786133804.3167915,15.581392910449184,-3.0369464569715756,0.0,0.0,0.0,-0.18187607165572653,0.9833214604385897,odom,base_link
1786133804.3644967,15.581392910449184,-3.0369464569715756,0.0,0.0,0.0,-0.18187607165572653,0.9833214604385897,odom,base_link
1786133804.4124982,15.581392910449184,-3.0369464569715756,0.0,0.0,0.0,-0.18187607165572653,0.9833214604385897,odom,base_link
1786133804.460404,15.581392910449184,-3.0369464569715756,0.0,0.0,0.0,-0.18187607165572653,0.9833214604385897,odom,base_link
1786133804.5241601,15.581392910449184,-3.0369464569715756,0.0,0.0,0.0,-0.18187607165572653,0.9833214604385897,odom,base_link
1786133804.572079,15.581392910449184,-3.0369464569715756,0.0,0.0,0.0,-0.18187607165572653,0.9833214604385897,odom,base_link
1786133804.6205316,15.581392910449184,-3.0369464569715756,0.0,0.0,0.0,-0.18187607165572653,0.9833214604385897,odom,base_link
1786133804.66803,15.581392910449184,-3.0369464569715756,0.0,0.0,0.0,-0.18187607165572653,0.9833214604385897,odom,base_link
1786133804.7161508,15.581392910449184,-3.0369464569715756,0.0,0.0,0.0,-0.18187607165572653,0.9833214604385897,odom,base_link
1786133804.763952,15.581392910449184,-3.0369464569715756,0.0,0.0,0.0,-0.18187607165572653,0.9833214604385897,odom,base_link
1786133804.8124123,15.581392910449184,-3.0369464569715756,0.0,0.0,0.0,-0.18187607165572653,0.9833214604385897,odom,base_link
1786133804.8597724,15.581392910449184,-3.0369464569715756,0.0,0.0,0.0,-0.18187607165572653,0.9833214604385897,odom,base_link
1786133804.9237285,15.581392910449184,-3.0369464569715756,0.0,0.0,0.0,-0.18187607165572653,0.9833214604385897,odom,base_link
1786133804.9716172,15.581392910449184,-3.0369464569715756,0.0,0.0,0.0,-0.18187607165572653,0.9833214604385897,odom,base_link
1786133805.019517,15.581392910449184,-3.0369464569715756,0.0,0.0,0.0,-0.18187607165572653,0.9833214604385897,odom,base_link
1786133805.0674765,15.581392910449184,-3.0369464569715756,0.0,0.0,0.0,-0.18187607165572653,0.9833214604385897,odom,base_link
1786133805.1155689,15.581392910449184,-3.0369464569715756,0.0,0.0,0.0,-0.18187607165572653,0.9833214604385897,odom,base_link
1786133805.1629164,15.581392910449184,-3.0369464569715756,0.0,0.0,0.0,-0.18187607165572653,0.9833214604385897,odom,base_link
1786133805.2107277,15.581392910449184,-3.0369464569715756,0.0,0.0,0.0,-0.18187607165572653,0.9833214604385897,odom,base_link
1786133805.2750933,15.581392910449184,-3.0369464569715756,0.0,0.0,0.0,-0.18187607165572653,0.9833214604385897,odom,base_link
1786133805.3228674,15.581392910449184,-3.0369464569715756,0.0,0.0,0.0,-0.18187607165572653,0.9833214604385897,odom,base_link
1786133805.3713913,15.581392910449184,-3.0369464569715756,0.0,0.0,0.0,-0.18187607165572653,0.9833214604385897,odom,base_link
1786133805.4193728,15.581392910449184,-3.0369464569715756,0.0,0.0,0.0,-0.18187607165572653,0.9833214604385897,odom,base_link
1786133805.4674103,15.581392910449184,-3.0369464569715756,0.0,0.0,0.0,-0.18187607165572653,0.9833214604385897,odom,base_link
1786133805.515125,15.581392910449184,-3.0369464569715756,0.0,0.0,0.0,-0.18187607165572653,0.9833214604385897,odom,base_link
1786133805.5631309,15.581392910449184,-3.0369464569715756,0.0,0.0,0.0,-0.18187607165572653,0.9833214604385897,odom,base_link
1786133805.6107216,15.581392910449184,-3.0369464569715756,0.0,0.0,0.0,-0.18187607165572653,0.9833214604385897,odom,base_link
1786133805.6749036,15.581392910449184,-3.0369464569715756,0.0,0.0,0.0,-0.18187607165572653,0.9833214604385897,odom,base_link
1786133805.7225597,15.581392910449184,-3.0369464569715756,0.0,0.0,0.0,-0.18187607165572653,0.9833214604385897,odom,base_link
1786133805.770533,15.581392910449184,-3.0369464569715756,0.0,0.0,0.0,-0.18187607165572653,0.9833214604385897,odom,base_link
1786133805.8188004,15.581392910449184,-3.0369464569715756,0.0,0.0,0.0,-0.18187607165572653,0.9833214604385897,odom,base_link
1786133805.8665638,15.581392910449184,-3.0369464569715756,0.0,0.0,0.0,-0.18187607165572653,0.9833214604385897,odom,base_link
1786133805.914852,15.581392910449184,-3.0369464569715756,0.0,0.0,0.0,-0.18187607165572653,0.9833214604385897,odom,base_link
1786133805.962494,15.581392910449184,-3.0369464569715756,0.0,0.0,0.0,-0.18187607165572653,0.9833214604385897,odom,base_link
1786133806.010437,15.581392910449184,-3.0369464569715756,0.0,0.0,0.0,-0.18187607165572653,0.9833214604385897,odom,base_link
1786133806.0743854,15.581392910449184,-3.0369464569715756,0.0,0.0,0.0,-0.18187607165572653,0.9833214604385897,odom,base_link
1786133806.122364,15.581392910449184,-3.0369464569715756,0.0,0.0,0.0,-0.18187607165572653,0.9833214604385897,odom,base_link
1786133806.1703994,15.581392910449184,-3.0369464569715756,0.0,0.0,0.0,-0.18187607165572653,0.9833214604385897,odom,base_link
1786133806.216712,15.581392910449184,-3.0369464569715756,0.0,0.0,0.0,-0.18187607165572653,0.9833214604385897,odom,base_link
1786133806.2659376,15.581392910449184,-3.0369464569715756,0.0,0.0,0.0,-0.18187607165572653,0.9833214604385897,odom,base_link
1786133806.3138475,15.581392910449184,-3.0369464569715756,0.0,0.0,0.0,-0.18187607165572653,0.9833214604385897,odom,base_link
1786133806.361895,15.581392910449184,-3.0369464569715756,0.0,0.0,0.0,-0.18187607165572653,0.9833214604385897,odom,base_link
1786133806.409371,15.581392910449184,-3.0369464569715756,0.0,0.0,0.0,-0.18187607165572653,0.9833214604385897,odom,base_link
1786133806.4734752,15.581392910449184,-3.0369464569715756,0.0,0.0,0.0,-0.18187607165572653,0.9833214604385897,odom,base_link
1786133806.5217805,15.581392910449184,-3.0369464569715756,0.0,0.0,0.0,-0.18187607165572653,0.9833214604385897,odom,base_link
1786133806.5697181,15.581392910449184,-3.0369464569715756,0.0,0.0,0.0,-0.18187607165572653,0.9833214604385897,odom,base_link
1786133806.6175263,15.581392910449184,-3.0369464569715756,0.0,0.0,0.0,-0.18187607165572653,0.9833214604385897,odom,base_link
1786133806.6652296,15.581392910449184,-3.0369464569715756,0.0,0.0,0.0,-0.18187607165572653,0.9833214604385897,odom,base_link
1786133806.7135885,15.581392910449184,-3.0369464569715756,0.0,0.0,0.0,-0.18187607165572653,0.9833214604385897,odom,base_link
1786133806.7607644,15.581392910449184,-3.0369464569715756,0.0,0.0,0.0,-0.18187607165572653,0.9833214604385897,odom,base_link
1786133806.8251357,15.581392910449184,-3.0369464569715756,0.0,0.0,0.0,-0.18187607165572653,0.9833214604385897,odom,base_link
1786133806.8730114,15.581392910449184,-3.0369464569715756,0.0,0.0,0.0,-0.18187607165572653,0.9833214604385897,odom,base_link
1786133806.9208748,15.581392910449184,-3.0369464569715756,0.0,0.0,0.0,-0.18187607165572653,0.9833214604385897,odom,base_link
1786133806.9690466,15.581392910449184,-3.0369464569715756,0.0,0.0,0.0,-0.18187607165572653,0.9833214604385897,odom,base_link
1786133807.016847,15.581392910449184,-3.0369464569715756,0.0,0.0,0.0,-0.18187607165572653,0.9833214604385897,odom,base_link
1786133807.064907,15.581392910449184,-3.0369464569715756,0.0,0.0,0.0,-0.18187607165572653,0.9833214604385897,odom,base_link
1786133807.1126533,15.581392910449184,-3.0369464569715756,0.0,0.0,0.0,-0.18187607165572653,0.9833214604385897,odom,base_link
1786133807.1606762,15.581392910449184,-3.0369464569715756,0.0,0.0,0.0,-0.18187607165572653,0.9833214604385897,odom,base_link
1786133807.2238336,15.581392910449184,-3.0369464569715756,0.0,0.0,0.0,-0.18187607165572653,0.9833214604385897,odom,base_link
1786133807.2721224,15.581392910449184,-3.0369464569715756,0.0,0.0,0.0,-0.18187607165572653,0.9833214604385897,odom,base_link
1786133807.3201625,15.581392910449184,-3.0369464569715756,0.0,0.0,0.0,-0.18187607165572653,0.9833214604385897,odom,base_link
1786133807.368187,15.581392910449184,-3.0369464569715756,0.0,0.0,0.0,-0.18187607165572653,0.9833214604385897,odom,base_link
1786133807.4162667,15.581392910449184,-3.0369464569715756,0.0,0.0,0.0,-0.18187607165572653,0.9833214604385897,odom,base_link
1786133807.4644735,15.581392910449184,-3.0369464569715756,0.0,0.0,0.0,-0.18187607165572653,0.9833214604385897,odom,base_link
1786133807.5123136,15.581392910449184,-3.0369464569715756,0.0,0.0,0.0,-0.18187607165572653,0.9833214604385897,odom,base_link
1786133807.5604975,15.581392910449184,-3.0369464569715756,0.0,0.0,0.0,-0.18187607165572653,0.9833214604385897,odom,base_link
1786133807.6237502,15.581392910449184,-3.0369464569715756,0.0,0.0,0.0,-0.18187607165572653,0.9833214604385897,odom,base_link
1786133807.6721058,15.581392910449184,-3.0369464569715756,0.0,0.0,0.0,-0.18187607165572653,0.9833214604385897,odom,base_link
1786133807.7199867,15.581392910449184,-3.0369464569715756,0.0,0.0,0.0,-0.18187607165572653,0.9833214604385897,odom,base_link
1786133807.768102,15.581392910449184,-3.0369464569715756,0.0,0.0,0.0,-0.18187607165572653,0.9833214604385897,odom,base_link
1786133807.815891,15.581392910449184,-3.0369464569715756,0.0,0.0,0.0,-0.18187607165572653,0.9833214604385897,odom,base_link
1786133807.8639808,15.581392910449184,-3.0369464569715756,0.0,0.0,0.0,-0.18187607165572653,0.9833214604385897,odom,base_link
1786133807.9114888,15.581392910449184,-3.0369464569715756,0.0,0.0,0.0,-0.18187607165572653,0.9833214604385897,odom,base_link
1786133807.959824,15.581392910449184,-3.0369464569715756,0.0,0.0,0.0,-0.18187607165572653,0.9833214604385897,odom,base_link
1786133808.0237453,15.581392910449184,-3.0369464569715756,0.0,0.0,0.0,-0.18187607165572653,0.9833214604385897,odom,base_link
1786133808.0713942,15.581392910449184,-3.0369464569715756,0.0,0.0,0.0,-0.18187607165572653,0.9833214604385897,odom,base_link
1786133808.1193314,15.581392910449184,-3.0369464569715756,0.0,0.0,0.0,-0.18187607165572653,0.9833214604385897,odom,base_link
1786133808.166765,15.581392910449184,-3.0369464569715756,0.0,0.0,0.0,-0.18187607165572653,0.9833214604385897,odom,base_link
1786133808.214685,15.581392910449184,-3.0369464569715756,0.0,0.0,0.0,-0.18187607165572653,0.9833214604385897,odom,base_link
1786133808.2629097,15.581392910449184,-3.0369464569715756,0.0,0.0,0.0,-0.18187607165572653,0.9833214604385897,odom,base_link
1786133808.3111262,15.581392910449184,-3.0369464569715756,0.0,0.0,0.0,-0.18187607165572653,0.9833214604385897,odom,base_link
1786133808.3754253,15.581392910449184,-3.0369464569715756,0.0,0.0,0.0,-0.18187607165572653,0.9833214604385897,odom,base_link
1786133808.422677,15.581392910449184,-3.0369464569715756,0.0,0.0,0.0,-0.18187607165572653,0.9833214604385897,odom,base_link
1786133808.4707117,15.581392910449184,-3.0369464569715756,0.0,0.0,0.0,-0.18187607165572653,0.9833214604385897,odom,base_link
1786133808.5186577,15.581392910449184,-3.0369464569715756,0.0,0.0,0.0,-0.18187607165572653,0.9833214604385897,odom,base_link
1786133808.5668848,15.581392910449184,-3.0369464569715756,0.0,0.0,0.0,-0.18187607165572653,0.9833214604385897,odom,base_link
1786133808.6143186,15.581392910449184,-3.0369464569715756,0.0,0.0,0.0,-0.18187607165572653,0.9833214604385897,odom,base_link
1786133808.662811,15.581392910449184,-3.0369464569715756,0.0,0.0,0.0,-0.18187607165572653,0.9833214604385897,odom,base_link
1786133808.7108905,15.581392910449184,-3.0369464569715756,0.0,0.0,0.0,-0.18187607165572653,0.9833214604385897,odom,base_link
1786133808.7748756,15.581392910449184,-3.0369464569715756,0.0,0.0,0.0,-0.18187607165572653,0.9833214604385897,odom,base_link
1786133808.8227797,15.581392910449184,-3.0369464569715756,0.0,0.0,0.0,-0.18187607165572653,0.9833214604385897,odom,base_link
1786133808.8704584,15.581392910449184,-3.0369464569715756,0.0,0.0,0.0,-0.18187607165572653,0.9833214604385897,odom,base_link
1786133808.918371,15.581392910449184,-3.0369464569715756,0.0,0.0,0.0,-0.18187607165572653,0.9833214604385897,odom,base_link
1786133808.966492,15.581392910449184,-3.0369464569715756,0.0,0.0,0.0,-0.18187607165572653,0.9833214604385897,odom,base_link
1786133809.014351,15.581392910449184,-3.0369464569715756,0.0,0.0,0.0,-0.18187607165572653,0.9833214604385897,odom,base_link
1786133809.061807,15.581392910449184,-3.0369464569715756,0.0,0.0,0.0,-0.18187607165572653,0.9833214604385897,odom,base_link
1786133809.110337,15.581392910449184,-3.0369464569715756,0.0,0.0,0.0,-0.18187607165572653,0.9833214604385897,odom,base_link
1786133809.1741564,15.581392910449184,-3.0369464569715756,0.0,0.0,0.0,-0.18187607165572653,0.9833214604385897,odom,base_link
1786133809.221345,15.581392910449184,-3.0369464569715756,0.0,0.0,0.0,-0.18187607165572653,0.9833214604385897,odom,base_link
1786133809.2700539,15.581392910449184,-3.0369464569715756,0.0,0.0,0.0,-0.18187607165572653,0.9833214604385897,odom,base_link
1786133809.3175616,15.581392910449184,-3.0369464569715756,0.0,0.0,0.0,-0.18187607165572653,0.9833214604385897,odom,base_link
1786133809.3660295,15.581392910449184,-3.0369464569715756,0.0,0.0,0.0,-0.18187607165572653,0.9833214604385897,odom,base_link
1786133809.4139702,15.581392910449184,-3.0369464569715756,0.0,0.0,0.0,-0.18187607165572653,0.9833214604385897,odom,base_link
1786133809.461974,15.581392910449184,-3.0369464569715756,0.0,0.0,0.0,-0.18187607165572653,0.9833214604385897,odom,base_link
1786133809.5095963,15.581392910449184,-3.0369464569715756,0.0,0.0,0.0,-0.18187607165572653,0.9833214604385897,odom,base_link
1786133809.5730941,15.581392910449184,-3.0369464569715756,0.0,0.0,0.0,-0.18187607165572653,0.9833214604385897,odom,base_link
1786133809.6217604,15.581392910449184,-3.0369464569715756,0.0,0.0,0.0,-0.18187607165572653,0.9833214604385897,odom,base_link
1786133809.6688988,15.581392910449184,-3.0369464569715756,0.0,0.0,0.0,-0.18187607165572653,0.9833214604385897,odom,base_link
1786133809.7174196,15.581392910449184,-3.0369464569715756,0.0,0.0,0.0,-0.18187607165572653,0.9833214604385897,odom,base_link
1786133809.7649593,15.581392910449184,-3.0369464569715756,0.0,0.0,0.0,-0.18187607165572653,0.9833214604385897,odom,base_link
1786133809.8773916,15.581392910449184,-3.0369464569715756,0.0,0.0,0.0,-0.18187607165572653,0.9833214604385897,odom,base_link
1786133809.956306,15.581392910449184,-3.0369464569715756,0.0,0.0,0.0,-0.18187607165572653,0.9833214604385897,odom,base_link
1786133810.1169145,15.581392910449184,-3.0369464569715756,0.0,0.0,0.0,-0.18187607165572653,0.9833214604385897,odom,base_link
1786133810.2446961,15.581392910449184,-3.0369464569715756,0.0,0.0,0.0,-0.18187607165572653,0.9833214604385897,odom,base_link
1786133810.307971,15.581392910449184,-3.0369464569715756,0.0,0.0,0.0,-0.18187607165572653,0.9833214604385897,odom,base_link
1786133810.3723397,15.581392910449184,-3.0369464569715756,0.0,0.0,0.0,-0.18187607165572653,0.9833214604385897,odom,base_link
1786133810.420684,15.581392910449184,-3.0369464569715756,0.0,0.0,0.0,-0.18187607165572653,0.9833214604385897,odom,base_link
1786133810.4848084,15.581392910449184,-3.0369464569715756,0.0,0.0,0.0,-0.18187607165572653,0.9833214604385897,odom,base_link
1786133810.5321436,15.581392910449184,-3.0369464569715756,0.0,0.0,0.0,-0.18187607165572653,0.9833214604385897,odom,base_link
1786133810.596404,15.581392910449184,-3.0369464569715756,0.0,0.0,0.0,-0.18187607165572653,0.9833214604385897,odom,base_link
1786133810.6444228,15.581392910449184,-3.0369464569715756,0.0,0.0,0.0,-0.18187607165572653,0.9833214604385897,odom,base_link
1786133810.692232,15.581392910449184,-3.0369464569715756,0.0,0.0,0.0,-0.18187607165572653,0.9833214604385897,odom,base_link
1786133810.7402008,15.581392910449184,-3.0369464569715756,0.0,0.0,0.0,-0.18187607165572653,0.9833214604385897,odom,base_link
1786133810.7883358,15.581392910449184,-3.0369464569715756,0.0,0.0,0.0,-0.18187607165572653,0.9833214604385897,odom,base_link
1786133810.8359487,15.581392910449184,-3.0369464569715756,0.0,0.0,0.0,-0.18187607165572653,0.9833214604385897,odom,base_link
1786133810.8836775,15.581392910449184,-3.0369464569715756,0.0,0.0,0.0,-0.18187607165572653,0.9833214604385897,odom,base_link
1786133810.9314606,15.581392910449184,-3.0369464569715756,0.0,0.0,0.0,-0.18187607165572653,0.9833214604385897,odom,base_link
1786133810.9958644,15.581392910449184,-3.0369464569715756,0.0,0.0,0.0,-0.18187607165572653,0.9833214604385897,odom,base_link
1786133811.0436733,15.581392910449184,-3.0369464569715756,0.0,0.0,0.0,-0.18187607165572653,0.9833214604385897,odom,base_link
1786133811.1234777,15.581392910449184,-3.0369464569715756,0.0,0.0,0.0,-0.18187607165572653,0.9833214604385897,odom,base_link
1786133811.187039,15.581392910449184,-3.0369464569715756,0.0,0.0,0.0,-0.18187607165572653,0.9833214604385897,odom,base_link
1786133811.3151839,15.58109339352796,-3.0368321977308312,0.0,0.0,0.0,-0.18121240075347628,0.9834439820412556,odom,base_link
1786133811.4754,15.584106675907629,-3.037926128862042,0.0,0.0,0.0,-0.17324199853668312,0.9848792869905508,odom,base_link
1786133811.5543356,15.584106675907629,-3.037926128862042,0.0,0.0,0.0,-0.16526023382559177,0.986249996256482,odom,base_link
1786133811.6031356,15.584411254486028,-3.0380261161101045,0.0,0.0,0.0,-0.15793408163392733,0.9874496573792751,odom,base_link
1786133811.6669881,15.58502508994099,-3.0382112330326416,0.0,0.0,0.0,-0.14592724275711602,0.9892953248758966,odom,base_link
1786133811.731089,15.585953342968043,-3.0384627014392422,0.0,0.0,0.0,-0.1318921713420701,0.9912640693269751,odom,base_link
1786133811.7783482,15.586886496769857,-3.038695325651034,0.0,0.0,0.0,-0.1218507362963833,0.99254843612996,odom,base_link
1786133811.843027,15.587826421530309,-3.03889887290953,0.0,0.0,0.0,-0.10642997188852531,0.9943202004806136,odom,base_link
1786133811.8908422,15.58877076906341,-3.0390808008581143,0.0,0.0,0.0,-0.0950153262728368,0.9954758097378692,odom,base_link
1786133811.9545465,15.590037095078612,-3.0392824624219688,0.0,0.0,0.0,-0.07887959198114657,0.996884150726095,odom,base_link
1786133812.0029619,15.590990405665744,-3.03940930471071,0.0,0.0,0.0,-0.0660905843257007,0.9978136272187745,odom,base_link
1786133812.0663707,15.592585484452629,-3.0395669837153236,0.0,0.0,0.0,-0.049246724101771444,0.9987866439661897,odom,base_link
1786133812.114505,15.593544643020008,-3.0396370185950206,0.0,0.0,0.0,-0.036435757930101155,0.9993359973222515,odom,base_link
1786133812.1781728,15.595146432115751,-3.039695419773307,0.0,0.0,0.0,-0.01822090389838741,0.9998339855501641,odom,base_link
1786133812.242241,15.596749279670021,-3.039699746739007,0.0,0.0,0.0,-0.001349770869885009,0.9999990890588845,odom,base_link
1786133812.3224022,15.597710528306639,-3.039669895434947,0.0,0.0,0.0,0.01552174638761759,0.9998795304380815,odom,base_link
1786133812.386303,15.598671553591677,-3.0396335575309386,0.0,0.0,0.0,0.018895673296719245,0.9998214608272137,odom,base_link
1786133812.4341881,15.60027281719459,-3.039562186116141,0.0,0.0,0.0,0.022269385045421006,0.9997520064944599,odom,base_link
1786133812.4981356,15.60123339407692,-3.039515473217655,0.0,0.0,0.0,0.024293492836633564,0.9997048695519075,odom,base_link
1786133812.5620227,15.60123339407692,-3.039515473217655,0.0,0.0,0.0,0.024293492836633564,0.9997048695519075,odom,base_link
1786133812.6098754,15.601553607096589,-3.0395003344519087,0.0,0.0,0.0,0.0236188008947966,0.9997210372120274,odom,base_link
1786133812.6738832,15.60187384025843,-3.039485627914159,0.0,0.0,0.0,0.022944098195289996,0.9997367495285971,odom,base_link
1786133812.7215416,15.60187384025843,-3.039485627914159,0.0,0.0,0.0,0.022944098195289996,0.9997367495285971,odom,base_link
1786133812.7857392,15.60187384025843,-3.039485627914159,0.0,0.0,0.0,0.022944098195289996,0.9997367495285971,odom,base_link
1786133812.8978536,15.604435705553149,-3.039367975612161,0.0,0.0,0.0,0.022944098195289996,0.9997367495285971,odom,base_link
1786133813.0419054,15.613402234084667,-3.038956192555169,0.0,0.0,0.0,0.022944098195289996,0.9997367495285971,odom,base_link
1786133813.1534176,15.627815288028703,-3.0383527562284884,0.0,0.0,0.0,0.020919928623848495,0.9997811543464765,odom,base_link
1786133813.2324953,15.642548632060384,-3.0377359102056594,0.0,0.0,0.0,0.020919928623848495,0.9997811543464765,odom,base_link
1786133813.2807417,15.652477054632126,-3.037306808138599,0.0,0.0,0.0,0.021594661752501625,0.999766808102667,odom,base_link
1786133813.3445294,15.666888427058344,-3.0366644654054213,0.0,0.0,0.0,0.022269385045421006,0.9997520064944599,odom,base_link
1786133813.39291,15.67841609576647,-3.0361194698385527,0.0,0.0,0.0,0.0236188008947966,0.9997210372120274,odom,base_link
1786133813.45665,15.69378430305593,-3.0353513192045183,0.0,0.0,0.0,0.024968173713498534,0.9996882465556012,odom,base_link
1786133813.520785,15.709790633929416,-3.034507949502095,0.0,0.0,0.0,0.026317501043128435,0.9996536345849221,odom,base_link
1786133813.5682778,15.722274672720124,-3.0338332699277126,0.0,0.0,0.0,0.026992146881314422,0.9996356456263139,odom,base_link
1786133813.6326606,15.738596247781818,-3.032884897863786,0.0,0.0,0.0,0.029016009401997556,0.9995789469563588,odom,base_link
1786133813.6803381,15.751395428505038,-3.0321065219098373,0.0,0.0,0.0,0.030365185514872356,0.9995388714345468,odom,base_link
1786133813.744434,15.768031571183492,-3.031049719398327,0.0,0.0,0.0,0.031714306305955224,0.9994969748706256,odom,base_link
1786133813.7925563,15.780186623276864,-3.030244624665757,0.0,0.0,0.0,0.03306336931730697,0.999453257340926,odom,base_link
1786133813.856309,15.796816817744133,-3.029098018043174,0.0,0.0,0.0,0.03441237209109364,0.9994077189250962,odom,base_link
1786133813.9043434,15.809606847406572,-3.0281814824217665,0.0,0.0,0.0,0.035761312169591095,0.9993603597061017,odom,base_link
1786133813.9678533,15.826230608891672,-3.02694510511175,0.0,0.0,0.0,0.03711018709518933,0.9993111797702255,odom,base_link
1786133814.0319238,15.842850972154613,-3.025663855809678,0.0,0.0,0.0,0.038458994410397115,0.9992601792070677,odom,base_link
1786133814.0800226,15.855951291236217,-3.024600584138237,0.0,0.0,0.0,0.04048207323826879,0.9991802648903407,odom,base_link
1786133814.1441243,15.872883979398836,-3.023203254479868,0.0,0.0,0.0,0.041156396380296646,0.9991527165738918,odom,base_link
1786133814.1915286,15.885660473223453,-3.0221141714431488,0.0,0.0,0.0,0.04250498612063968,0.9990962546996581,odom,base_link
1786133814.2560234,15.902583345464812,-3.020602598193426,0.0,0.0,0.0,0.044527724765115996,0.9990081489793975,odom,base_link
1786133814.303727,15.915034512358682,-3.01947350119272,0.0,0.0,0.0,0.0452019308272583,0.9989778703502334,odom,base_link
1786133814.3675861,15.932274589596346,-3.017910136114819,0.0,0.0,0.0,0.0452019308272583,0.9989778703502334,odom,base_link
1786133814.4474936,15.953657025872667,-3.015883804798709,0.0,0.0,0.0,0.04722442425650209,0.9988843044885839,odom,base_link
1786133814.591341,15.990531474336438,-3.0110787628143667,0.0,0.0,0.0,0.06474370435347462,0.9979019254148125,odom,base_link
1786133814.7031214,16.01954288570228,-3.005773509564133,0.0,0.0,0.0,0.09031145718706736,0.9959135708989754,odom,base_link
1786133814.8311005,16.0502470945437,-2.9991242991199285,0.0,0.0,0.0,0.10642997188852284,0.9943202004806139,odom,base_link
1786133815.0226943,16.08820808348382,-2.9897154779065906,0.0,0.0,0.0,0.12118085191109783,0.9926304453975309,odom,base_link
1786133815.2780497,16.118297080359135,-2.9818686044586222,0.0,0.0,0.0,0.12720778777507682,0.9918760904111819,odom,base_link
1786133815.5820265,16.130964465027557,-2.9783634265245746,0.0,0.0,0.0,0.13456764705091895,0.9909044092984849,odom,base_link
1786133815.7898722,16.131882166202594,-2.9780758250727564,0.0,0.0,0.0,0.15126637958090333,0.9884930360950885,odom,base_link
1786133815.9336689,16.1321837886536,-2.9779672458056528,0.0,0.0,0.0,0.17191247935148957,0.9851122268265803,odom,base_link
1786133816.0133867,16.13277904270882,-2.9777290550196773,0.0,0.0,0.0,0.18917091771791647,0.9819441755465335,odom,base_link
1786133816.0612674,16.13307385884958,-2.977603162194861,0.0,0.0,0.0,0.20042412071444274,0.979709228207963,odom,base_link
1786133816.1569347,16.13423027972904,-2.9770491407939494,0.0,0.0,0.0,0.22153387283241868,0.9751526768603314,odom,base_link
1786133816.236354,16.13423027972904,-2.9770491407939494,0.0,0.0,0.0,0.22679555069823806,0.973942389560842,odom,base_link
1786133816.3007286,16.13537602553468,-2.9764733669564287,0.0,0.0,0.0,0.2307374789429172,0.9730160408806562,odom,base_link
1786133816.3643486,16.135662267434473,-2.9763290370045943,0.0,0.0,0.0,0.23139410089935025,0.9728600978912545,odom,base_link
1786133816.412751,16.135662267434473,-2.9763290370045943,0.0,0.0,0.0,0.23139410089935025,0.9728600978912545,odom,base_link
1786133816.4764218,16.135662267434473,-2.9763290370045943,0.0,0.0,0.0,0.23139410089935025,0.9728600978912545,odom,base_link
1786133816.5407505,16.13537583098306,-2.9764729804639747,0.0,0.0,0.0,0.2307374789429172,0.9730160408806562,odom,base_link
1786133816.604488,16.13537583098306,-2.9764729804639747,0.0,0.0,0.0,0.2307374789429172,0.9730160408806562,odom,base_link
1786133816.6687083,16.13537583098306,-2.9764729804639747,0.0,0.0,0.0,0.2307374789429172,0.9730160408806562,odom,base_link
1786133816.747598,16.13708023593356,-2.975581597307459,0.0,0.0,0.0,0.23860992070676573,0.9711154955721337,odom,base_link
1786133816.8441782,16.13736081998063,-2.975426554885121,0.0,0.0,0.0,0.24973563456115672,0.9683140569207577,odom,base_link
1786133816.9083455,16.13791516103758,-2.975104424114539,0.0,0.0,0.0,0.26017689189054494,0.9655609690362259,odom,base_link
1786133816.9722242,16.13900422585994,-2.9744275291627105,0.0,0.0,0.0,0.27448383909807866,0.9615917127731395,odom,base_link
1786133817.036109,16.1400707954518,-2.9737157157961374,0.0,0.0,0.0,0.2900222998229479,0.9570198877794589,odom,base_link
1786133817.0996606,16.141111733032563,-2.9729669181491944,0.0,0.0,0.0,0.3067696440324659,0.951783791362405,odom,base_link
1786133817.1631947,16.141367603799242,-2.972773797174275,0.0,0.0,0.0,0.31766908311259223,0.9482016418644322,odom,base_link
1786133817.2113843,16.14187725253092,-2.972384797931248,0.0,0.0,0.0,0.3202276331799878,0.9473406266744518,odom,base_link
1786133817.2757468,16.142888089772732,-2.971595838468613,0.0,0.0,0.0,0.3253377136850581,0.9455978913122528,odom,base_link
1786133817.3400006,16.143140532624358,-2.9713982576829623,0.0,0.0,0.0,0.32597580998366704,0.9453781102318226,odom,base_link
1786133817.3877904,16.143140532624358,-2.9713982576829623,0.0,0.0,0.0,0.32597580998366704,0.9453781102318226,odom,base_link
1786133817.451082,16.143646483242108,-2.971004460510324,0.0,0.0,0.0,0.32469946920468234,0.9458172417006351,odom,base_link
1786133817.4995627,16.143646483242108,-2.971004460510324,0.0,0.0,0.0,0.32469946920468234,0.9458172417006351,odom,base_link
1786133817.5633342,16.143899724088513,-2.9708079035620707,0.0,0.0,0.0,0.3240610768332415,0.9460361612970616,odom,base_link
1786133817.6112418,16.143899724088513,-2.9708079035620707,0.0,0.0,0.0,0.3240610768332415,0.9460361612970616,odom,base_link
1786133817.6587863,16.143899724088513,-2.9708079035620707,0.0,0.0,0.0,0.3240610768332415,0.9460361612970616,odom,base_link
1786133817.7071395,16.143899724088513,-2.9708079035620707,0.0,0.0,0.0,0.3240610768332415,0.9460361612970616,odom,base_link
1786133817.8192167,16.143899724088513,-2.9708079035620707,0.0,0.0,0.0,0.3253377136850581,0.9455978913122528,odom,base_link
1786133817.8990264,16.145151197412464,-2.969806427888726,0.0,0.0,0.0,0.3310752109670756,0.9436043687282856,odom,base_link
1786133817.9622195,16.145151197412464,-2.969806427888726,0.0,0.0,0.0,0.3374358732833153,0.9413485175117271,odom,base_link
1786133818.0267453,16.145638549448492,-2.9693898342812894,0.0,0.0,0.0,0.34631491558472893,0.9381183183605052,odom,base_link
1786133818.0748448,16.14611794265639,-2.968964106207278,0.0,0.0,0.0,0.3551630418068847,0.9348043719059518,odom,base_link
1786133818.1387136,16.146816864233987,-2.9683035014312424,0.0,0.0,0.0,0.36963005185359005,0.9291790057716072,odom,base_link
1786133818.202069,16.14726830333944,-2.967848237798998,0.0,0.0,0.0,0.3846310580586033,0.9230703923194153,odom,base_link
1786133818.2666001,16.147709805908807,-2.967383331655759,0.0,0.0,0.0,0.3945759117303735,0.9188633466855366,odom,base_link
1786133818.3305967,16.147709805908807,-2.967383331655759,0.0,0.0,0.0,0.3970549816872651,0.9177948253925414,odom,base_link
1786133818.3785,16.148582719492385,-2.966444038922519,0.0,0.0,0.0,0.39953115809581125,0.9167196156462563,odom,base_link
1786133818.4422913,16.149234546702157,-2.9657369241296085,0.0,0.0,0.0,0.40138638065500754,0.9159088237508543,odom,base_link
1786133818.4903514,16.149234546702157,-2.9657369241296085,0.0,0.0,0.0,0.40138638065500754,0.9159088237508543,odom,base_link
1786133818.5862317,16.149887327761103,-2.965030689798218,0.0,0.0,0.0,0.4007681555795028,0.9161795050498583,odom,base_link
1786133818.7141159,16.154450118229505,-2.960080886247845,0.0,0.0,0.0,0.40138638065500754,0.9159088237508543,odom,base_link
1786133818.7778132,16.158584398269486,-2.9556080688157045,0.0,0.0,0.0,0.4007681555795028,0.9161795050498583,odom,base_link
1786133818.8418736,16.165131250146327,-2.9485633733164054,0.0,0.0,0.0,0.39953115809581125,0.9167196156462563,odom,base_link
1786133818.9060428,16.17301026469099,-2.940130977700853,0.0,0.0,0.0,0.39829343271340206,0.9172580560874757,odom,base_link
1786133818.9531264,16.179804766475673,-2.9328789125573964,0.0,0.0,0.0,0.397674297764811,0.9175266496932197,odom,base_link
1786133819.017668,16.189448575460386,-2.922585658805393,0.0,0.0,0.0,0.397674297764811,0.9175266496932197,odom,base_link
1786133819.0655477,16.19710872848992,-2.9143874964013836,0.0,0.0,0.0,0.39829343271340206,0.9172580560874757,odom,base_link
1786133819.1294608,16.207614081216136,-2.9031443022473136,0.0,0.0,0.0,0.39829343271340206,0.9172580560874757,odom,base_link
1786133819.177466,16.21570025193611,-2.8944667510377933,0.0,0.0,0.0,0.39891238625104053,0.9169890446976456,odom,base_link
1786133819.2407453,16.226595813916564,-2.8827108746512113,0.0,0.0,0.0,0.4001497479658818,0.9164497690560248,odom,base_link
1786133819.305312,16.23745960074609,-2.8709256281027034,0.0,0.0,0.0,0.40138638065500754,0.9159088237508543,odom,base_link
1786133819.353317,16.246125146752867,-2.861474003442585,0.0,0.0,0.0,0.4026222820654186,0.9153662097676725,odom,base_link
1786133819.4171739,16.257157441999173,-2.8494082799390195,0.0,0.0,0.0,0.40323995783740807,0.9150942773306395,odom,base_link
1786133819.464417,16.26578464447187,-2.8399216433481924,0.0,0.0,0.0,0.4044747581082893,0.9145491621849756,odom,base_link
1786133819.5288775,16.276735259257684,-2.8277817398115537,0.0,0.0,0.0,0.40632557611438164,0.9137283656510373,odom,base_link
1786133819.5766845,16.285323976736752,-2.818260246841641,0.0,0.0,0.0,0.40632557611438164,0.9137283656510373,odom,base_link
1786133819.6408184,16.296686988350114,-2.8056289196880413,0.0,0.0,0.0,0.40694214568560955,0.9134539342872152,odom,base_link
1786133819.6883724,16.30523708000704,-2.7960727264622025,0.0,0.0,0.0,0.408174728496759,0.9129038235304949,odom,base_link
1786133819.7525985,16.3163186221455,-2.7836197148344985,0.0,0.0,0.0,0.4094065676616235,0.91235204957052,odom,base_link
1786133819.816383,16.32759612861798,-2.7709119885882423,0.0,0.0,0.0,0.4100222076753127,0.9120755392033396,odom,base_link
1786133819.8642757,16.335882041892404,-2.7615498276056103,0.0,0.0,0.0,0.41063766093593707,0.9117986134125574,odom,base_link
1786133819.9283648,16.346896187974,-2.749037167582279,0.0,0.0,0.0,0.4118680060767928,0.911243516064903,odom,base_link
1786133819.9761655,16.35556709412397,-2.7391597036757123,0.0,0.0,0.0,0.4124828973966381,0.9109653447608611,odom,base_link
1786133820.0401614,16.366530482357597,-2.7266025466246524,0.0,0.0,0.0,0.41371211613483927,0.9104077575258425,odom,base_link
1786133820.0882099,16.374937751393695,-2.7169204640146956,0.0,0.0,0.0,0.4149405811382873,0.9098485116351075,odom,base_link
1786133820.1518886,16.386060056833163,-2.704076680292684,0.0,0.0,0.0,0.41555453029001305,0.9095682670121285,odom,base_link
1786133820.1991167,16.394454249617667,-2.6943832586156944,0.0,0.0,0.0,0.41555453029001305,0.9095682670121285,odom,base_link
1786133820.2630548,16.405332642370787,-2.6817523977631996,0.0,0.0,0.0,0.4167818604952893,0.909006535049163,odom,base_link
1786133820.3278775,16.415985104637148,-2.6693500483998753,0.0,0.0,0.0,0.41739524098982694,0.9087250479650291,odom,base_link
1786133820.3758595,16.424313687242666,-2.659600196703853,0.0,0.0,0.0,0.4186214313658174,0.908160832232504,odom,base_link
1786133820.439458,16.43510658903832,-2.6468962073463502,0.0,0.0,0.0,0.4198468590628606,0.9075949619378958,odom,base_link
1786133820.4871264,16.443188397405212,-2.637357298049329,0.0,0.0,0.0,0.4204592862090397,0.9073114066518644,odom,base_link
1786133820.551183,16.453740069425983,-2.624869086022292,0.0,0.0,0.0,0.42107152184837143,0.9070274381121535,odom,base_link
1786133820.5994852,16.462209227338615,-2.614818102441667,0.0,0.0,0.0,0.42168356570200044,0.9067430564481025,odom,base_link
1786133820.663053,16.472916146593697,-2.60204156320636,0.0,0.0,0.0,0.4229070769371658,0.9061730542652778,odom,base_link
1786133820.7109132,16.48074043374164,-2.592704861457482,0.0,0.0,0.0,0.4229070769371658,0.9061730542652778,odom,base_link
1786133820.7753162,16.49182329973187,-2.5794069497804526,0.0,0.0,0.0,0.42412981768544217,0.9056014011418675,odom,base_link
1786133820.8387816,16.502273489450193,-2.5668336941592074,0.0,0.0,0.0,0.4247408984307891,0.9053149558027892,odom,base_link
1786133820.8867738,16.510251825885504,-2.55720807393083,0.0,0.0,0.0,0.4253517857191401,0.905028098119356,odom,base_link
1786133820.9510198,16.521076514337906,-2.544112480072777,0.0,0.0,0.0,0.42596247927225395,0.9047408282222233,odom,base_link
1786133820.99867,16.529436648378773,-2.5339706328295057,0.0,0.0,0.0,0.4265729788119777,0.904453146242234,odom,base_link
1786133821.0626302,16.540004982859323,-2.521079225572212,0.0,0.0,0.0,0.42779339473908506,0.9038765465579961,odom,base_link
1786133821.1108675,16.548134470921283,-2.5111627584512166,0.0,0.0,0.0,0.42779339473908506,0.9038765465579961,odom,base_link
1786133821.173624,16.558888297721168,-2.4980089123313647,0.0,0.0,0.0,0.428403310570605,0.9035876291163717,odom,base_link
1786133821.2382376,16.569404344346495,-2.485074816377639,0.0,0.0,0.0,0.42962255658058396,0.9030085596920789,odom,base_link
1786133821.2860305,16.57749361098136,-2.4751255117978497,0.0,0.0,0.0,0.42962255658058396,0.9030085596920789,odom,base_link
1786133821.350405,16.5881584201349,-2.461899389754515,0.0,0.0,0.0,0.4314499572985879,0.9021368711825533,odom,base_link
1786133821.3983166,16.59620733270361,-2.451917410853885,0.0,0.0,0.0,0.4314499572985879,0.9021368711825533,odom,base_link
1786133821.4620237,16.606670919042934,-2.438940838283066,0.0,0.0,0.0,0.4314499572985879,0.9021368711825533,odom,base_link
1786133821.5094469,16.614291758714362,-2.4294373509429694,0.0,0.0,0.0,0.43266724234245285,0.9015536908048112,odom,base_link
1786133821.5741389,16.624902923860223,-2.4161681522921876,0.0,0.0,0.0,0.4332755894021533,0.9012614846026744,odom,base_link
1786133821.6220973,16.6329113503854,-2.406153662744428,0.0,0.0,0.0,0.4332755894021533,0.9012614846026744,odom,base_link
1786133821.68618,16.6432871220728,-2.393106768989317,0.0,0.0,0.0,0.4344916912116695,0.9006758408373254,odom,base_link
1786133821.7495713,16.65384446922055,-2.3797947113050792,0.0,0.0,0.0,0.4350994454075865,0.900382403540857,odom,base_link
1786133821.7971518,16.661812278388666,-2.369747875316975,0.0,0.0,0.0,0.4350994454075865,0.900382403540857,odom,base_link
1786133821.86205,16.672135134187652,-2.3566590738852344,0.0,0.0,0.0,0.43631435899766774,0.8997942987885922,odom,base_link
1786133821.9096432,16.679678759579218,-2.3470941805312697,0.0,0.0,0.0,0.43631435899766774,0.8997942987885922,odom,base_link
1786133821.9738326,16.690182115620885,-2.333739482090323,0.0,0.0,0.0,0.43692151783847444,0.8994996316006604,odom,base_link
1786133822.0215828,16.69808193919591,-2.323639101711601,0.0,0.0,0.0,0.4381352382289054,0.8989090682722588,odom,base_link
1786133822.0851808,16.7085311319088,-2.310241981489869,0.0,0.0,0.0,0.4387417992257155,0.8986131724007733,odom,base_link
1786133822.1333158,16.716206847114748,-2.300373353766971,0.0,0.0,0.0,0.4393481603885309,0.8983168672373985,odom,base_link
1786133822.1967828,16.726226892735454,-2.287454688672421,0.0,0.0,0.0,0.43995432144117186,0.8980201529170924,odom,base_link
1786133822.2615414,16.736229491990667,-2.274522510580321,0.0,0.0,0.0,0.4405602821075498,0.8977230295749998,odom,base_link
1786133822.3083942,16.744047258175268,-2.2643584844,0.0,0.0,0.0,0.44177160117761916,0.8971275563669654,odom,base_link
1786133822.3733428,16.75438761111779,-2.250877180323215,0.0,0.0,0.0,0.4423769590295902,0.896829206772244,odom,base_link
1786133822.4211264,16.76198315314062,-2.2409467141490906,0.0,0.0,0.0,0.44298211539185806,0.896530448698177,odom,base_link
1786133822.4852178,16.77189824785186,-2.227947324973698,0.0,0.0,0.0,0.44358706998879177,0.89623128228084,odom,base_link
1786133822.5330584,16.77946695451482,-2.217996390519789,0.0,0.0,0.0,0.4441918225448523,0.8959317076564945,odom,base_link
1786133822.5967727,16.789135949573737,-2.205212633832603,0.0,0.0,0.0,0.4454007204326579,0.8953313343327538,odom,base_link
1786133822.6449652,16.79666429983848,-2.1952311329761525,0.0,0.0,0.0,0.4460048652137855,0.8950305359068108,odom,base_link
1786133822.7086992,16.805655539167834,-2.183141189312423,0.0,0.0,0.0,0.44902253648764306,0.8935204316221332,odom,base_link
1786133822.7886403,16.817261385894017,-2.167402861216578,0.0,0.0,0.0,0.45083068725208963,0.8926094842829133,odom,base_link
1786133822.8840818,16.82598126519413,-2.155511030812337,0.0,0.0,0.0,0.45203509485194754,0.8920001530393314,odom,base_link
1786133822.9481869,16.830514001749076,-2.1492943386054195,0.0,0.0,0.0,0.45323867889709835,0.8913891966765207,odom,base_link
1786133823.0119119,16.8325799512228,-2.146436632260191,0.0,0.0,0.0,0.4550425060034354,0.8904697174694451,odom,base_link
1786133823.0601852,16.832954174396505,-2.145916037161249,0.0,0.0,0.0,0.4562440215716612,0.8898547031848051,odom,base_link
1786133823.1241825,16.83314093447086,-2.1456554872911244,0.0,0.0,0.0,0.4568444677839503,0.8895465880184125,odom,base_link
1786133823.1718318,16.83314093447086,-2.1456554872911244,0.0,0.0,0.0,0.4568444677839503,0.8895465880184125,odom,base_link
1786133823.2352574,16.83314093447086,-2.1456554872911244,0.0,0.0,0.0,0.4568444677839503,0.8895465880184125,odom,base_link
1786133823.2836034,16.83314093447086,-2.1456554872911244,0.0,0.0,0.0,0.4568444677839503,0.8895465880184125,odom,base_link
1786133823.3479195,16.83314093447086,-2.1456554872911244,0.0,0.0,0.0,0.4568444677839503,0.8895465880184125,odom,base_link
1786133823.395474,16.83314093447086,-2.1456554872911244,0.0,0.0,0.0,0.4568444677839503,0.8895465880184125,odom,base_link
1786133823.459302,16.83314093447086,-2.1456554872911244,0.0,0.0,0.0,0.4568444677839503,0.8895465880184125,odom,base_link
1786133823.507683,16.83314093447086,-2.1456554872911244,0.0,0.0,0.0,0.4568444677839503,0.8895465880184125,odom,base_link
1786133823.5716543,16.83314093447086,-2.1456554872911244,0.0,0.0,0.0,0.4568444677839503,0.8895465880184125,odom,base_link
1786133823.6352792,16.83314093447086,-2.1456554872911244,0.0,0.0,0.0,0.4568444677839503,0.8895465880184125,odom,base_link
1786133823.6834445,16.83314093447086,-2.1456554872911244,0.0,0.0,0.0,0.4568444677839503,0.8895465880184125,odom,base_link
1786133823.7471182,16.83314093447086,-2.1456554872911244,0.0,0.0,0.0,0.4568444677839503,0.8895465880184125,odom,base_link
1786133823.7953565,16.83314093447086,-2.1456554872911244,0.0,0.0,0.0,0.4568444677839503,0.8895465880184125,odom,base_link
1786133823.859253,16.83314093447086,-2.1456554872911244,0.0,0.0,0.0,0.4568444677839503,0.8895465880184125,odom,base_link
1786133823.923274,16.83314093447086,-2.1456554872911244,0.0,0.0,0.0,0.4568444677839503,0.8895465880184125,odom,base_link
1786133823.9870236,16.83314093447086,-2.1456554872911244,0.0,0.0,0.0,0.4568444677839503,0.8895465880184125,odom,base_link
1786133824.0509138,16.83314093447086,-2.1456554872911244,0.0,0.0,0.0,0.4568444677839503,0.8895465880184125,odom,base_link
1786133824.0990095,16.83314093447086,-2.1456554872911244,0.0,0.0,0.0,0.4568444677839503,0.8895465880184125,odom,base_link
1786133824.162346,16.83314093447086,-2.1456554872911244,0.0,0.0,0.0,0.4568444677839503,0.8895465880184125,odom,base_link
1786133824.2098596,16.83314093447086,-2.1456554872911244,0.0,0.0,0.0,0.4568444677839503,0.8895465880184125,odom,base_link
1786133824.2744212,16.83314093447086,-2.1456554872911244,0.0,0.0,0.0,0.4568444677839503,0.8895465880184125,odom,base_link
1786133824.3222961,16.83314093447086,-2.1456554872911244,0.0,0.0,0.0,0.4568444677839503,0.8895465880184125,odom,base_link
1786133824.3862336,16.83314093447086,-2.1456554872911244,0.0,0.0,0.0,0.4568444677839503,0.8895465880184125,odom,base_link
1786133824.434466,16.83314093447086,-2.1456554872911244,0.0,0.0,0.0,0.4568444677839503,0.8895465880184125,odom,base_link
1786133824.4824166,16.83314093447086,-2.1456554872911244,0.0,0.0,0.0,0.4568444677839503,0.8895465880184125,odom,base_link
1786133824.5302212,16.83314093447086,-2.1456554872911244,0.0,0.0,0.0,0.4568444677839503,0.8895465880184125,odom,base_link
1786133824.5783403,16.83314093447086,-2.1456554872911244,0.0,0.0,0.0,0.4568444677839503,0.8895465880184125,odom,base_link
1786133824.6262438,16.83314093447086,-2.1456554872911244,0.0,0.0,0.0,0.4568444677839503,0.8895465880184125,odom,base_link
1786133824.6736245,16.83314093447086,-2.1456554872911244,0.0,0.0,0.0,0.4568444677839503,0.8895465880184125,odom,base_link
1786133824.722104,16.83314093447086,-2.1456554872911244,0.0,0.0,0.0,0.4568444677839503,0.8895465880184125,odom,base_link
1786133824.7697659,16.83314093447086,-2.1456554872911244,0.0,0.0,0.0,0.4568444677839503,0.8895465880184125,odom,base_link
1786133824.8179667,16.83314093447086,-2.1456554872911244,0.0,0.0,0.0,0.4568444677839503,0.8895465880184125,odom,base_link
1786133824.866038,16.83314093447086,-2.1456554872911244,0.0,0.0,0.0,0.4568444677839503,0.8895465880184125,odom,base_link
1786133824.9138904,16.83314093447086,-2.1456554872911244,0.0,0.0,0.0,0.4568444677839503,0.8895465880184125,odom,base_link
1786133824.9618165,16.83314093447086,-2.1456554872911244,0.0,0.0,0.0,0.4568444677839503,0.8895465880184125,odom,base_link
1786133825.0097444,16.83314093447086,-2.1456554872911244,0.0,0.0,0.0,0.4568444677839503,0.8895465880184125,odom,base_link
1786133825.0576544,16.83314093447086,-2.1456554872911244,0.0,0.0,0.0,0.4568444677839503,0.8895465880184125,odom,base_link
1786133825.1054614,16.83314093447086,-2.1456554872911244,0.0,0.0,0.0,0.4568444677839503,0.8895465880184125,odom,base_link
1786133825.1532996,16.83314093447086,-2.1456554872911244,0.0,0.0,0.0,0.4568444677839503,0.8895465880184125,odom,base_link
1786133825.2006743,16.83314093447086,-2.1456554872911244,0.0,0.0,0.0,0.4568444677839503,0.8895465880184125,odom,base_link
1786133825.2491777,16.83314093447086,-2.1456554872911244,0.0,0.0,0.0,0.4568444677839503,0.8895465880184125,odom,base_link
1786133825.2974248,16.83314093447086,-2.1456554872911244,0.0,0.0,0.0,0.4568444677839503,0.8895465880184125,odom,base_link
1786133825.3453672,16.83314093447086,-2.1456554872911244,0.0,0.0,0.0,0.4568444677839503,0.8895465880184125,odom,base_link
1786133825.3932452,16.83314093447086,-2.1456554872911244,0.0,0.0,0.0,0.4568444677839503,0.8895465880184125,odom,base_link
1786133825.4414139,16.83314093447086,-2.1456554872911244,0.0,0.0,0.0,0.4568444677839503,0.8895465880184125,odom,base_link
1786133825.4889817,16.83314093447086,-2.1456554872911244,0.0,0.0,0.0,0.4568444677839503,0.8895465880184125,odom,base_link
1786133825.537278,16.83314093447086,-2.1456554872911244,0.0,0.0,0.0,0.4568444677839503,0.8895465880184125,odom,base_link
1786133825.5846705,16.83314093447086,-2.1456554872911244,0.0,0.0,0.0,0.4568444677839503,0.8895465880184125,odom,base_link
1786133825.6490438,16.83314093447086,-2.1456554872911244,0.0,0.0,0.0,0.4568444677839503,0.8895465880184125,odom,base_link
1786133825.6968372,16.83314093447086,-2.1456554872911244,0.0,0.0,0.0,0.4568444677839503,0.8895465880184125,odom,base_link
1786133825.745111,16.83314093447086,-2.1456554872911244,0.0,0.0,0.0,0.4568444677839503,0.8895465880184125,odom,base_link
1786133825.792565,16.83314093447086,-2.1456554872911244,0.0,0.0,0.0,0.4568444677839503,0.8895465880184125,odom,base_link
1786133825.8407216,16.83314093447086,-2.1456554872911244,0.0,0.0,0.0,0.4568444677839503,0.8895465880184125,odom,base_link
1786133825.888691,16.83314093447086,-2.1456554872911244,0.0,0.0,0.0,0.4568444677839503,0.8895465880184125,odom,base_link
1786133825.936598,16.83314093447086,-2.1456554872911244,0.0,0.0,0.0,0.4568444677839503,0.8895465880184125,odom,base_link
1786133826.0006917,16.83314093447086,-2.1456554872911244,0.0,0.0,0.0,0.4568444677839503,0.8895465880184125,odom,base_link
1786133826.0483937,16.83314093447086,-2.1456554872911244,0.0,0.0,0.0,0.4568444677839503,0.8895465880184125,odom,base_link
1786133826.0962834,16.83314093447086,-2.1456554872911244,0.0,0.0,0.0,0.4568444677839503,0.8895465880184125,odom,base_link
1786133826.1443102,16.83314093447086,-2.1456554872911244,0.0,0.0,0.0,0.4568444677839503,0.8895465880184125,odom,base_link
1786133826.191608,16.83314093447086,-2.1456554872911244,0.0,0.0,0.0,0.4568444677839503,0.8895465880184125,odom,base_link
1786133826.2400002,16.83314093447086,-2.1456554872911244,0.0,0.0,0.0,0.4568444677839503,0.8895465880184125,odom,base_link
1786133826.2881355,16.83314093447086,-2.1456554872911244,0.0,0.0,0.0,0.4568444677839503,0.8895465880184125,odom,base_link
1786133826.3361287,16.83314093447086,-2.1456554872911244,0.0,0.0,0.0,0.4568444677839503,0.8895465880184125,odom,base_link
1786133826.3999887,16.83314093447086,-2.1456554872911244,0.0,0.0,0.0,0.4568444677839503,0.8895465880184125,odom,base_link
1786133826.4479833,16.83314093447086,-2.1456554872911244,0.0,0.0,0.0,0.4568444677839503,0.8895465880184125,odom,base_link
1786133826.4958837,16.83314093447086,-2.1456554872911244,0.0,0.0,0.0,0.4568444677839503,0.8895465880184125,odom,base_link
1786133826.5438297,16.83314093447086,-2.1456554872911244,0.0,0.0,0.0,0.4568444677839503,0.8895465880184125,odom,base_link
1786133826.5917947,16.83314093447086,-2.1456554872911244,0.0,0.0,0.0,0.4568444677839503,0.8895465880184125,odom,base_link
1786133826.6395338,16.83314093447086,-2.1456554872911244,0.0,0.0,0.0,0.4568444677839503,0.8895465880184125,odom,base_link
1786133826.6876683,16.83314093447086,-2.1456554872911244,0.0,0.0,0.0,0.4568444677839503,0.8895465880184125,odom,base_link
1786133826.7354636,16.83314093447086,-2.1456554872911244,0.0,0.0,0.0,0.4568444677839503,0.8895465880184125,odom,base_link
1786133826.7992694,16.83314093447086,-2.1456554872911244,0.0,0.0,0.0,0.4568444677839503,0.8895465880184125,odom,base_link
1786133826.8473656,16.83314093447086,-2.1456554872911244,0.0,0.0,0.0,0.4568444677839503,0.8895465880184125,odom,base_link
1786133826.895256,16.83314093447086,-2.1456554872911244,0.0,0.0,0.0,0.4568444677839503,0.8895465880184125,odom,base_link
1786133826.9431453,16.83314093447086,-2.1456554872911244,0.0,0.0,0.0,0.4568444677839503,0.8895465880184125,odom,base_link
1786133826.9912658,16.83314093447086,-2.1456554872911244,0.0,0.0,0.0,0.4568444677839503,0.8895465880184125,odom,base_link
1786133827.0390556,16.83314093447086,-2.1456554872911244,0.0,0.0,0.0,0.4568444677839503,0.8895465880184125,odom,base_link
1786133827.0870023,16.83314093447086,-2.1456554872911244,0.0,0.0,0.0,0.4568444677839503,0.8895465880184125,odom,base_link
1786133827.134948,16.83314093447086,-2.1456554872911244,0.0,0.0,0.0,0.4568444677839503,0.8895465880184125,odom,base_link
1786133827.198625,16.83314093447086,-2.1456554872911244,0.0,0.0,0.0,0.4568444677839503,0.8895465880184125,odom,base_link
1786133827.246217,16.83314093447086,-2.1456554872911244,0.0,0.0,0.0,0.4568444677839503,0.8895465880184125,odom,base_link
1786133827.2934885,16.83314093447086,-2.1456554872911244,0.0,0.0,0.0,0.4568444677839503,0.8895465880184125,odom,base_link
1786133827.3424518,16.83314093447086,-2.1456554872911244,0.0,0.0,0.0,0.4568444677839503,0.8895465880184125,odom,base_link
1786133827.390655,16.83314093447086,-2.1456554872911244,0.0,0.0,0.0,0.4568444677839503,0.8895465880184125,odom,base_link
1786133827.4385643,16.83314093447086,-2.1456554872911244,0.0,0.0,0.0,0.4568444677839503,0.8895465880184125,odom,base_link
1786133827.4864628,16.83314093447086,-2.1456554872911244,0.0,0.0,0.0,0.4568444677839503,0.8895465880184125,odom,base_link
1786133827.549952,16.83314093447086,-2.1456554872911244,0.0,0.0,0.0,0.4568444677839503,0.8895465880184125,odom,base_link
1786133827.5983806,16.83314093447086,-2.1456554872911244,0.0,0.0,0.0,0.4568444677839503,0.8895465880184125,odom,base_link
1786133827.6464045,16.83314093447086,-2.1456554872911244,0.0,0.0,0.0,0.4568444677839503,0.8895465880184125,odom,base_link
1786133827.69431,16.83314093447086,-2.1456554872911244,0.0,0.0,0.0,0.4568444677839503,0.8895465880184125,odom,base_link
1786133827.7421303,16.83314093447086,-2.1456554872911244,0.0,0.0,0.0,0.4568444677839503,0.8895465880184125,odom,base_link
1786133827.7903163,16.83314093447086,-2.1456554872911244,0.0,0.0,0.0,0.4568444677839503,0.8895465880184125,odom,base_link
1786133827.838135,16.83314093447086,-2.1456554872911244,0.0,0.0,0.0,0.4568444677839503,0.8895465880184125,odom,base_link
1786133827.8858058,16.83314093447086,-2.1456554872911244,0.0,0.0,0.0,0.4568444677839503,0.8895465880184125,odom,base_link
1786133827.9499125,16.83314093447086,-2.1456554872911244,0.0,0.0,0.0,0.4568444677839503,0.8895465880184125,odom,base_link
1786133827.998089,16.83314093447086,-2.1456554872911244,0.0,0.0,0.0,0.4568444677839503,0.8895465880184125,odom,base_link
1786133828.0455914,16.83314093447086,-2.1456554872911244,0.0,0.0,0.0,0.4568444677839503,0.8895465880184125,odom,base_link
1786133828.0937555,16.83314093447086,-2.1456554872911244,0.0,0.0,0.0,0.4568444677839503,0.8895465880184125,odom,base_link
1786133828.1417294,16.83314093447086,-2.1456554872911244,0.0,0.0,0.0,0.4568444677839503,0.8895465880184125,odom,base_link
1786133828.189429,16.83314093447086,-2.1456554872911244,0.0,0.0,0.0,0.4568444677839503,0.8895465880184125,odom,base_link
1786133828.2368717,16.83314093447086,-2.1456554872911244,0.0,0.0,0.0,0.4568444677839503,0.8895465880184125,odom,base_link
1786133828.2856011,16.83314093447086,-2.1456554872911244,0.0,0.0,0.0,0.4568444677839503,0.8895465880184125,odom,base_link
1786133828.3492858,16.83314093447086,-2.1456554872911244,0.0,0.0,0.0,0.4568444677839503,0.8895465880184125,odom,base_link
1786133828.3974414,16.83314093447086,-2.1456554872911244,0.0,0.0,0.0,0.4568444677839503,0.8895465880184125,odom,base_link
1786133828.4453442,16.83314093447086,-2.1456554872911244,0.0,0.0,0.0,0.4568444677839503,0.8895465880184125,odom,base_link
1786133828.4932888,16.83314093447086,-2.1456554872911244,0.0,0.0,0.0,0.4568444677839503,0.8895465880184125,odom,base_link
1786133828.5412393,16.83314093447086,-2.1456554872911244,0.0,0.0,0.0,0.4568444677839503,0.8895465880184125,odom,base_link
1786133828.5891547,16.83314093447086,-2.1456554872911244,0.0,0.0,0.0,0.4568444677839503,0.8895465880184125,odom,base_link
1786133828.637134,16.83314093447086,-2.1456554872911244,0.0,0.0,0.0,0.4568444677839503,0.8895465880184125,odom,base_link
1786133828.6851292,16.83314093447086,-2.1456554872911244,0.0,0.0,0.0,0.4568444677839503,0.8895465880184125,odom,base_link
1786133828.7487762,16.83314093447086,-2.1456554872911244,0.0,0.0,0.0,0.4568444677839503,0.8895465880184125,odom,base_link
1786133828.7969656,16.83314093447086,-2.1456554872911244,0.0,0.0,0.0,0.4568444677839503,0.8895465880184125,odom,base_link
1786133828.8449564,16.83314093447086,-2.1456554872911244,0.0,0.0,0.0,0.4568444677839503,0.8895465880184125,odom,base_link
1786133828.892702,16.83314093447086,-2.1456554872911244,0.0,0.0,0.0,0.4568444677839503,0.8895465880184125,odom,base_link
1786133828.940523,16.83314093447086,-2.1456554872911244,0.0,0.0,0.0,0.4568444677839503,0.8895465880184125,odom,base_link
1786133828.9886224,16.83314093447086,-2.1456554872911244,0.0,0.0,0.0,0.4568444677839503,0.8895465880184125,odom,base_link
1786133829.0363634,16.83314093447086,-2.1456554872911244,0.0,0.0,0.0,0.4568444677839503,0.8895465880184125,odom,base_link
1786133829.1004002,16.83314093447086,-2.1456554872911244,0.0,0.0,0.0,0.4568444677839503,0.8895465880184125,odom,base_link
1786133829.148286,16.83314093447086,-2.1456554872911244,0.0,0.0,0.0,0.4568444677839503,0.8895465880184125,odom,base_link
1786133829.1957345,16.83314093447086,-2.1456554872911244,0.0,0.0,0.0,0.4568444677839503,0.8895465880184125,odom,base_link
1786133829.243966,16.83314093447086,-2.1456554872911244,0.0,0.0,0.0,0.4568444677839503,0.8895465880184125,odom,base_link
1786133829.291729,16.83314093447086,-2.1456554872911244,0.0,0.0,0.0,0.4568444677839503,0.8895465880184125,odom,base_link
1786133829.3400002,16.83314093447086,-2.1456554872911244,0.0,0.0,0.0,0.4568444677839503,0.8895465880184125,odom,base_link
1786133829.388092,16.83314093447086,-2.1456554872911244,0.0,0.0,0.0,0.4568444677839503,0.8895465880184125,odom,base_link
1786133829.4359128,16.83314093447086,-2.1456554872911244,0.0,0.0,0.0,0.4568444677839503,0.8895465880184125,odom,base_link
1786133829.499955,16.83314093447086,-2.1456554872911244,0.0,0.0,0.0,0.4568444677839503,0.8895465880184125,odom,base_link
1786133829.5478635,16.83314093447086,-2.1456554872911244,0.0,0.0,0.0,0.4568444677839503,0.8895465880184125,odom,base_link
1786133829.5957863,16.83314093447086,-2.1456554872911244,0.0,0.0,0.0,0.4568444677839503,0.8895465880184125,odom,base_link
1786133829.6435757,16.83314093447086,-2.1456554872911244,0.0,0.0,0.0,0.4568444677839503,0.8895465880184125,odom,base_link
1786133829.6915097,16.83314093447086,-2.1456554872911244,0.0,0.0,0.0,0.4568444677839503,0.8895465880184125,odom,base_link
1786133829.7393565,16.83314093447086,-2.1456554872911244,0.0,0.0,0.0,0.4568444677839503,0.8895465880184125,odom,base_link
1786133829.787362,16.83314093447086,-2.1456554872911244,0.0,0.0,0.0,0.4568444677839503,0.8895465880184125,odom,base_link
1786133829.8353355,16.83314093447086,-2.1456554872911244,0.0,0.0,0.0,0.4568444677839503,0.8895465880184125,odom,base_link
1786133829.8990326,16.83314093447086,-2.1456554872911244,0.0,0.0,0.0,0.4568444677839503,0.8895465880184125,odom,base_link
1786133829.9470656,16.83314093447086,-2.1456554872911244,0.0,0.0,0.0,0.4568444677839503,0.8895465880184125,odom,base_link
1786133829.9949303,16.83314093447086,-2.1456554872911244,0.0,0.0,0.0,0.4568444677839503,0.8895465880184125,odom,base_link
1786133830.0429773,16.83314093447086,-2.1456554872911244,0.0,0.0,0.0,0.4568444677839503,0.8895465880184125,odom,base_link
1786133830.0907848,16.83314093447086,-2.1456554872911244,0.0,0.0,0.0,0.4568444677839503,0.8895465880184125,odom,base_link
1786133830.138933,16.83314093447086,-2.1456554872911244,0.0,0.0,0.0,0.4568444677839503,0.8895465880184125,odom,base_link
1786133830.1868746,16.83314093447086,-2.1456554872911244,0.0,0.0,0.0,0.4568444677839503,0.8895465880184125,odom,base_link
1786133830.234101,16.83314093447086,-2.1456554872911244,0.0,0.0,0.0,0.4568444677839503,0.8895465880184125,odom,base_link
1786133830.2988217,16.83314093447086,-2.1456554872911244,0.0,0.0,0.0,0.4568444677839503,0.8895465880184125,odom,base_link
1786133830.3465316,16.83314093447086,-2.1456554872911244,0.0,0.0,0.0,0.4568444677839503,0.8895465880184125,odom,base_link
1786133830.3946915,16.83314093447086,-2.1456554872911244,0.0,0.0,0.0,0.4568444677839503,0.8895465880184125,odom,base_link
1786133830.4425006,16.83314093447086,-2.1456554872911244,0.0,0.0,0.0,0.4568444677839503,0.8895465880184125,odom,base_link
1786133830.4906607,16.83314093447086,-2.1456554872911244,0.0,0.0,0.0,0.4568444677839503,0.8895465880184125,odom,base_link
1786133830.5382576,16.83314093447086,-2.1456554872911244,0.0,0.0,0.0,0.4568444677839503,0.8895465880184125,odom,base_link
1786133830.5863714,16.83314093447086,-2.1456554872911244,0.0,0.0,0.0,0.4568444677839503,0.8895465880184125,odom,base_link
1786133830.650317,16.83314093447086,-2.1456554872911244,0.0,0.0,0.0,0.4568444677839503,0.8895465880184125,odom,base_link
1786133830.6981335,16.83314093447086,-2.1456554872911244,0.0,0.0,0.0,0.4568444677839503,0.8895465880184125,odom,base_link
1786133830.7462442,16.83314093447086,-2.1456554872911244,0.0,0.0,0.0,0.4568444677839503,0.8895465880184125,odom,base_link
1786133830.7939487,16.83314093447086,-2.1456554872911244,0.0,0.0,0.0,0.4568444677839503,0.8895465880184125,odom,base_link
1786133830.8418791,16.83314093447086,-2.1456554872911244,0.0,0.0,0.0,0.4568444677839503,0.8895465880184125,odom,base_link
1786133830.8895392,16.83314093447086,-2.1456554872911244,0.0,0.0,0.0,0.4568444677839503,0.8895465880184125,odom,base_link
1786133830.9380531,16.83314093447086,-2.1456554872911244,0.0,0.0,0.0,0.4568444677839503,0.8895465880184125,odom,base_link
1786133830.986027,16.83314093447086,-2.1456554872911244,0.0,0.0,0.0,0.4568444677839503,0.8895465880184125,odom,base_link
1786133831.0490644,16.83314093447086,-2.1456554872911244,0.0,0.0,0.0,0.4568444677839503,0.8895465880184125,odom,base_link
1786133831.097644,16.83314093447086,-2.1456554872911244,0.0,0.0,0.0,0.4568444677839503,0.8895465880184125,odom,base_link
1786133831.1455908,16.83314093447086,-2.1456554872911244,0.0,0.0,0.0,0.4568444677839503,0.8895465880184125,odom,base_link
1786133831.1933136,16.83314093447086,-2.1456554872911244,0.0,0.0,0.0,0.4568444677839503,0.8895465880184125,odom,base_link
1786133831.2412765,16.83314093447086,-2.1456554872911244,0.0,0.0,0.0,0.4568444677839503,0.8895465880184125,odom,base_link
1786133831.2894008,16.83314093447086,-2.1456554872911244,0.0,0.0,0.0,0.4568444677839503,0.8895465880184125,odom,base_link
1786133831.3372176,16.83314093447086,-2.1456554872911244,0.0,0.0,0.0,0.4568444677839503,0.8895465880184125,odom,base_link
1786133831.3852746,16.83314093447086,-2.1456554872911244,0.0,0.0,0.0,0.4568444677839503,0.8895465880184125,odom,base_link
1786133831.4491909,16.83314093447086,-2.1456554872911244,0.0,0.0,0.0,0.4568444677839503,0.8895465880184125,odom,base_link
1786133831.4970558,16.83314093447086,-2.1456554872911244,0.0,0.0,0.0,0.4568444677839503,0.8895465880184125,odom,base_link
1786133831.54498,16.83314093447086,-2.1456554872911244,0.0,0.0,0.0,0.4568444677839503,0.8895465880184125,odom,base_link
1786133831.5933182,16.83314093447086,-2.1456554872911244,0.0,0.0,0.0,0.4568444677839503,0.8895465880184125,odom,base_link
1786133831.6411793,16.83314093447086,-2.1456554872911244,0.0,0.0,0.0,0.4568444677839503,0.8895465880184125,odom,base_link
1786133831.6885717,16.83314093447086,-2.1456554872911244,0.0,0.0,0.0,0.4568444677839503,0.8895465880184125,odom,base_link
1786133831.737036,16.83314093447086,-2.1456554872911244,0.0,0.0,0.0,0.4568444677839503,0.8895465880184125,odom,base_link
1786133831.8006692,16.83314093447086,-2.1456554872911244,0.0,0.0,0.0,0.4568444677839503,0.8895465880184125,odom,base_link
1786133831.8486073,16.83314093447086,-2.1456554872911244,0.0,0.0,0.0,0.4568444677839503,0.8895465880184125,odom,base_link
1786133831.8965583,16.83314093447086,-2.1456554872911244,0.0,0.0,0.0,0.4568444677839503,0.8895465880184125,odom,base_link
1786133831.9448195,16.83314093447086,-2.1456554872911244,0.0,0.0,0.0,0.4568444677839503,0.8895465880184125,odom,base_link
1786133831.9923549,16.83314093447086,-2.1456554872911244,0.0,0.0,0.0,0.4568444677839503,0.8895465880184125,odom,base_link
1786133832.040601,16.83314093447086,-2.1456554872911244,0.0,0.0,0.0,0.4568444677839503,0.8895465880184125,odom,base_link
1786133832.088552,16.83314093447086,-2.1456554872911244,0.0,0.0,0.0,0.4568444677839503,0.8895465880184125,odom,base_link
1786133832.1363757,16.83314093447086,-2.1456554872911244,0.0,0.0,0.0,0.4568444677839503,0.8895465880184125,odom,base_link
1786133832.199612,16.83314093447086,-2.1456554872911244,0.0,0.0,0.0,0.4568444677839503,0.8895465880184125,odom,base_link
1786133832.2479706,16.83314093447086,-2.1456554872911244,0.0,0.0,0.0,0.4568444677839503,0.8895465880184125,odom,base_link
1786133832.2956421,16.83314093447086,-2.1456554872911244,0.0,0.0,0.0,0.4568444677839503,0.8895465880184125,odom,base_link
1786133832.3438284,16.83314093447086,-2.1456554872911244,0.0,0.0,0.0,0.4568444677839503,0.8895465880184125,odom,base_link
1786133832.3918862,16.83314093447086,-2.1456554872911244,0.0,0.0,0.0,0.4568444677839503,0.8895465880184125,odom,base_link
1786133832.4399433,16.83314093447086,-2.1456554872911244,0.0,0.0,0.0,0.4568444677839503,0.8895465880184125,odom,base_link
1786133832.487729,16.83314093447086,-2.1456554872911244,0.0,0.0,0.0,0.4568444677839503,0.8895465880184125,odom,base_link
1786133832.5357919,16.83314093447086,-2.1456554872911244,0.0,0.0,0.0,0.4568444677839503,0.8895465880184125,odom,base_link
1786133832.5997727,16.83314093447086,-2.1456554872911244,0.0,0.0,0.0,0.4568444677839503,0.8895465880184125,odom,base_link
1786133832.647826,16.83314093447086,-2.1456554872911244,0.0,0.0,0.0,0.4568444677839503,0.8895465880184125,odom,base_link
1786133832.6956568,16.83314093447086,-2.1456554872911244,0.0,0.0,0.0,0.4568444677839503,0.8895465880184125,odom,base_link
1786133832.743104,16.83314093447086,-2.1456554872911244,0.0,0.0,0.0,0.4568444677839503,0.8895465880184125,odom,base_link
1786133832.7916298,16.83314093447086,-2.1456554872911244,0.0,0.0,0.0,0.4568444677839503,0.8895465880184125,odom,base_link
1786133832.8394494,16.83314093447086,-2.1456554872911244,0.0,0.0,0.0,0.4568444677839503,0.8895465880184125,odom,base_link
1786133832.8873036,16.83314093447086,-2.1456554872911244,0.0,0.0,0.0,0.4568444677839503,0.8895465880184125,odom,base_link
1786133832.9351013,16.83314093447086,-2.1456554872911244,0.0,0.0,0.0,0.4568444677839503,0.8895465880184125,odom,base_link
