type,angular_direction_error_deg
translation,5.70339001546117
translation,7.414318466909703
translation,9.661353385987796
translation,4.620256101653477
translation,33.21648916115604
translation,67.89174648414713
translation,13.430374481180838
translation,23.41651425514281
translation,35.46986252727721
translation,30.013492191769064
translation,17.132423944571098
translation,4.6027720021151275
translation,15.855678917514751
translation,8.00087398596576
translation,8.612903624035628
translation,5.7018506005985055
translation,9.59479756560558
translation,6.04831942568969
translation,13.501300323380532
translation,7.5672921076837625
translation,28.020846884133704
translation,15.72593256632446
translation,103.22277433355866
translation,16.949170691561307
translation,21.015728537629837
translation,29.73614325190037
translation,11.654568221227784
translation,38.16761030575998
translation,11.670266961130158
translation,13.38641133084766
translation,32.085606502459726
translation,5.592980542275589
translation,6.063595232542311
translation,8.696626503634276
translation,4.715099655199278
translation,3.338272546511233
translation,49.2297425863524
translation,12.391237469649601
translation,9.344838604236159
translation,17.59583500921415
translation,48.88356806641203
translation,8.527544288251441
translation,4.653305017487512
translation,24.986384327493454
translation,1.0167907345694593
translation,3.867667563748583
translation,3.1039578214161683
translation,15.427042389342017
translation,31.104538630800953
translation,8.098284636960804
translation,6.168012669097009
translation,86.9184831377928
translation,26.8632726259581
translation,11.71026677268152
translation,4.234328523211197
translation,97.12192711196076
translation,24.02526704324793
translation,5.602517698397348
translation,3.3718554544249355
translation,114.74953203473216
translation,54.978554940988516
translation,23.12450445881696
translation,28.372083646037417
translation,52.17558915780595
translation,22.24593957702658
translation,20.225029060678786
translation,7.342802880020837
translation,48.59939451935228
translation,12.611773946102256
translation,5.054218450034131
translation,18.527198327874167
translation,33.642305982937046
translation,21.017290360196515
translation,28.056573364706733
translation,22.65400947211126
translation,14.564749496902609
translation,7.603603828820546
translation,6.029887173739282
translation,16.13363761750868
translation,59.04587338727788
translation,21.230239332972708
translation,9.72973791871679
translation,29.86305483731899
translation,85.3352887847881
translation,6.2172000580790625
translation,14.296588181321491
translation,43.86210886456207
translation,16.0478040990617
translation,26.696490891414346
translation,8.952543699870528
translation,29.12306569986856
translation,14.10181611027295
translation,2.672294410260673
translation,40.94694046412086
translation,25.2388177256685
translation,3.486270933081287
translation,46.87576378199021
translation,31.349914585404065
translation,27.480411821287337
translation,11.193914668112331
translation,38.527460034939864
translation,43.02439725734853
translation,26.14370224916814
translation,23.322082070046132
translation,15.535179832381795
translation,11.232887693473867
translation,8.233516668841878
translation,118.42070345503501
translation,15.534635082346153
translation,38.390530444081364
translation,6.642641564805562
translation,125.68212015344777
translation,24.901199499306607
translation,66.44617709461514
translation,31.70567760982358
translation,94.25908456379737
translation,26.149299805982302
translation,35.040355656349156
translation,10.157006086377628
translation,16.378081177702448
translation,7.053650518446298
translation,25.040771803867855
translation,22.76559678105728
translation,30.647792864674194
translation,7.856285779766566
translation,9.446660348626018
translation,24.850529302525292
translation,33.1020125046754
translation,10.281540124490633
translation,31.705046826113332
translation,76.62027124762999
translation,15.64410223433
translation,42.2364126846802
translation,30.839174761901045
translation,157.16026706878574
translation,71.6919067045907
translation,13.110749547493432
translation,24.50032349473351
translation,55.16984195699989
translation,92.58866890050669
translation,3.196803197704984
translation,26.09843767601047
translation,113.96655818806548
translation,35.147777369838664
translation,35.756363234356336
translation,43.848123236597246
translation,14.430270388491344
translation,14.771431360405382
translation,34.491532055372836
translation,25.44305844775319
translation,4.3436368238065475
translation,26.02587356694858
translation,40.19443858511746
translation,85.83986213921445
translation,50.29866920421236
translation,40.44130504762451
translation,50.68079651615349
translation,112.82479481318411
translation,82.9761966070919
translation,23.096885698971363
translation,39.04896121551421
translation,96.85096691644983
translation,80.88935787793348
translation,45.79639563541
translation,6.522421434312403
translation,33.53933093965585
translation,25.4190930161283
translation,44.42137782921622
translation,53.47736953878421
translation,45.012649440172765
translation,37.69781655522129
translation,13.421634952220165
translation,55.61623098197089
translation,22.41743736919576
translation,9.824619629410657
translation,47.57405078179858
translation,29.767943313401485
translation,63.83136932385473
translation,39.40102943158317
translation,59.097872760552605
translation,45.85115183753008
translation,29.321643202499374
translation,69.04958422993347
translation,49.83676336407812
translation,35.34752641302495
translation,37.46001368287473
translation,34.58201486492287
translation,7.669845553817566
translation,30.570168605650743
translation,79.91188404217094
translation,58.820379548033074
translation,48.33487850321316
translation,25.423411168047682
translation,82.88605777939317
translation,77.25558568455078
translation,94.39886201479473
translation,160.48601282732523
translation,65.37752939543999
translation,76.05388942997651
translation,112.64316435774523
translation,96.12914206206467
translation,80.87972707006912
translation,61.76013045425325
translation,39.91210487388415
translation,50.099325737162374
translation,14.97008778821907
translation,50.005490743148926
translation,60.826883745704606
translation,32.19021640139288
translation,52.28802992411578
translation,35.68076844956858
translation,75.30161623302985
translation,54.07139409832257
translation,68.74306825373654
translation,52.02584610358943
translation,53.917003624786176
translation,33.88372511758134
translation,20.0222943069729
translation,9.440753646617958
translation,52.505394721117455
translation,43.427577262298136
translation,53.82027725403837
translation,27.116831991804602
translation,32.28747950665752
translation,1.8241164294066219
translation,55.682164608088
translation,12.687673862817094
translation,33.10593743113724
translation,74.94914135518282
translation,34.30535351889534
translation,40.850768042031426
translation,82.6790666265164
translation,54.457078945401854
translation,23.323983484225295
translation,67.19878452458146
translation,37.30034642274529
translation,15.148302674379885
translation,6.018321924121019
translation,10.01502415393019
translation,23.531517327966494
translation,34.01742597251956
translation,5.442742478888864
translation,26.389944418901646
translation,13.23311292988379
translation,64.16269983588805
translation,10.822205643018055
translation,43.31098664589912
translation,8.316308529219326
translation,80.22915538408776
translation,23.516758747066355
translation,47.301195431873616
translation,13.57197343278131
translation,83.99814038746065
translation,31.04612256527914
translation,57.683352110749354
translation,20.97592044766096
translation,46.309392584388895
translation,14.057928406028532
translation,32.17123592825664
translation,2.4217480313154094
translation,74.42609392479413
translation,61.34147278932495
translation,29.592570439557523
translation,28.493374042578747
translation,71.75223006350322
translation,72.98143727178454
translation,40.50395263053039
translation,47.7901505864969
translation,50.30511794778784
translation,24.889164510068984
translation,47.66346024608789
translation,58.64487745407021
translation,109.25891476400916
translation,27.536797512468432
translation,25.574320220861534
translation,105.34022725326143
translation,106.45935219214047
translation,30.72520931510902
translation,23.432692454644027
translation,110.25294851169812
translation,87.98048577659665
translation,42.591448968110186
translation,31.795249514929562
translation,122.26114624604214
translation,95.3091207282609
translation,7.645851521059801
translation,29.381740638349246
translation,115.10841457284742
translation,49.78674129851294
translation,1.9030081955114313
translation,2.7942280357202387
translation,5.522841063881395
translation,10.729202728386628
translation,26.489656192524127
translation,36.88084436130484
translation,25.079681847300495
translation,34.84721237670513
translation,27.648922874436806
translation,19.4438957536161
translation,24.947935886942265
translation,49.284116222402254
translation,21.730454944780224
translation,19.595461669993185
translation,38.19116827049732
translation,34.775326497777094
translation,15.705049781231853
translation,16.535214010110867
translation,56.2850496733473
translation,22.422924484001275
translation,25.97055470428319
translation,7.998284920584696
translation,69.39609249366276
translation,14.172416000358044
translation,51.652920251260376
translation,45.34664064696848
translation,47.97097285389246
translation,26.974600627839703
translation,88.30618635213717
translation,87.884371770472
translation,41.68067753814878
translation,52.99331957748038
translation,80.7053293374856
translation,88.02655919651272
translation,27.532247589420592
translation,59.052748929710795
translation,49.74023971734588
translation,41.03821248966276
translation,19.261789138046318
translation,62.67828915643114
translation,103.47740106832289
translation,94.25601004369794
translation,77.31179397755233
translation,24.17531974920977
translation,12.778534408239567
translation,30.61904936022221
translation,29.266775443205066
translation,19.187995413156873
translation,70.20753879963597
translation,14.49515719762378
translation,72.63611982386149
translation,21.95896536141118
translation,46.006901988089986
translation,28.787330834903923
translation,19.720557796057385
translation,39.32981257620274
translation,18.134093201219937
translation,10.806680030068664
translation,34.60515282811785
translation,12.95316207631885
translation,30.72671471468214
translation,11.085971283059461
translation,151.81077862639395
translation,32.46501218577617
translation,11.326483046603542
translation,140.3219957312027
translation,41.23402363579173
translation,8.358348274580187
translation,101.78229033458929
translation,35.71205786735778
translation,4.634530087780078
translation,43.644533142001684
translation,22.284593624878266
translation,0.2862800317033371
translation,77.43647249054992
translation,15.030750092968638
translation,32.35943579244465
translation,6.582864516866166
translation,104.90261696861128
translation,6.994780748728864
translation,48.80537325978445
translation,24.51901516720604
translation,104.92538899409145
translation,13.503627744087481
translation,38.14737938197691
translation,53.33066032942119
translation,27.455775685893947
translation,18.993827828433503
translation,4.259372852970918
translation,12.202981379462067
translation,22.80914111797582
translation,22.739961639416403
translation,8.028470512769848
translation,14.244135856337724
translation,35.821225493042526
translation,40.64582429282572
translation,15.106488379992033
translation,21.158570714143593
translation,38.29088495156898
translation,55.935198894215
translation,16.85932561749365
translation,20.36936190782195
translation,33.2622377995856
translation,91.45496328749653
translation,9.324636493986127
translation,4.710027668083897
translation,26.02144815432381
translation,130.5565380214794
translation,9.715787184015898
translation,8.572821268540062
translation,162.3330224646901
translation,144.53225251034232
translation,70.34982018893596
translation,24.399454540294737
translation,148.08005183641302
translation,123.27052443555623
translation,111.55738079690676
translation,48.89307568643461
translation,145.8142445565481
translation,77.58292912594496
translation,98.31355999970543
translation,50.27658011506752
translation,148.03125802113962
translation,11.573266256862142
translation,14.147426617266763
translation,21.797679010902854
translation,128.02766635303354
translation,2.9709403630697984
translation,2.5766204981942153
translation,14.188438535436028
translation,8.255199345662971
translation,2.425644088949028
translation,4.934911446296023
translation,8.413939339640999
translation,12.752373539088374
translation,5.449870214798236
translation,2.055346346886232
translation,7.848757587672638
translation,11.801203963613801
translation,5.240717792413139
translation,0.4709098711458446
translation,15.488687948660917
translation,9.03063349377552
translation,11.386317355604412
translation,0.81370544959851
translation,16.416048329217414
translation,5.924579153961195
translation,89.834834023046
translation,4.114628937145935
translation,4.170500626347289
translation,52.4957062868018
translation,130.62038509398877
translation,27.21305878736233
translation,10.896393091905866
translation,140.52514071561575
translation,164.81535729350625
translation,52.98584815380822
translation,34.136674002963495
translation,160.09253037538187
translation,163.3330874205485
translation,75.74398547564826
translation,71.32159266641133
translation,163.23538410081113
translation,167.65462250012766
translation,31.127551330084476
translation,169.59271949187894
translation,56.13889459255697
translation,19.736778376397982
translation,8.17406769557119
translation,109.64594801509435
translation,12.958064670894876
translation,29.61814622719582
translation,8.495220767750068
translation,38.28892469226694
translation,4.919435626733564
translation,30.004889761318264
translation,7.3792155674384645
translation,29.058625067990807
translation,17.72704756359873
translation,14.991870181223122
translation,5.177551963227184
translation,4.233057067843127
translation,7.215059740950126
translation,6.630253447070832
translation,5.2439005564859125
translation,28.254868461945907
translation,28.65430743291448
translation,30.293063377161545
translation,17.020818995208746
translation,50.23200090762534
translation,41.942567447780235
translation,42.80216908273489
translation,25.609438685980493
translation,26.84438030009432
translation,6.2221225541655105
translation,10.003704214229636
translation,5.950825652056002
translation,146.2016071160684
translation,49.21009939335404
translation,11.501834342532252
translation,29.167039877149197
translation,151.92320159511863
translation,91.01458779795756
translation,25.49350883662121
translation,65.2978018357191
translation,37.297603472184804
translation,78.4570722247998
translation,8.139436516497783
translation,74.1736196851613
translation,22.0176791116747
translation,19.34600252844824
translation,15.605209984112506
translation,8.074183139769053
translation,41.66628097556774
translation,20.37085924957701
translation,13.702704144001682
translation,3.149931008695508
translation,68.32208036030826
translation,36.75350218145667
translation,8.789160061447241
translation,9.762602580411615
translation,100.91679529831715
translation,57.36457571695894
translation,6.243848177172959
translation,21.18206042926333
translation,25.8491042368106
translation,9.494682003788494
translation,2.0800016289939665
translation,53.87167929738639
translation,9.422100705640212
translation,16.234408377962026
translation,9.035798260805045
translation,76.65328450495637
translation,10.988245525685992
translation,34.40432681176335
translation,11.296593263812253
translation,57.650693244211965
translation,25.038311920130198
translation,95.0461341418592
translation,20.191368132137043
translation,3.129465162891199
translation,15.152229375054795
translation,8.185690080948955
translation,37.91945297742749
translation,6.261078433443988
translation,73.94274096496767
translation,17.433837171464447
translation,40.94896825168354
translation,15.772400171634974
translation,49.731839216692336
translation,37.99890644018301
translation,30.82476253200133
translation,12.920211223911716
translation,33.76487793171539
translation,98.14716338938196
translation,15.243342055813812
translation,46.97503627906929
translation,32.28187734460994
translation,150.40308524564426
translation,23.457026059198526
translation,4.027606536452934
translation,0.8630023793023034
translation,53.72156203367939
translation,17.225922401093325
translation,1.4013573978637732
translation,23.08137051940047
translation,6.695953552987469
translation,29.07539410424545
translation,6.125293280754714
translation,21.47422784809668
translation,50.92946001894933
translation,10.814041592558132
translation,113.11600988847505
translation,2.842095070001896
translation,150.7782717539669
translation,7.506828113438537
translation,165.63429545087135
translation,24.381163177289498
translation,7.4626835537341565
translation,13.926068397481174
translation,26.36313027058306
translation,3.2327338368688308
translation,10.862901874927143
translation,20.799755396029486
translation,5.654454843609708
translation,9.853170439534983
translation,7.9254766103662
translation,2.330705615404093
translation,15.500367660197329
translation,3.091981875877992
translation,3.726855976748247
translation,3.3428810966999567
translation,28.386924778339253
translation,15.896426987220087
translation,18.224567574405206
translation,20.143940953393933
translation,45.548359485378626
translation,115.55622007921752
translation,4.143754640045552
translation,10.927210852288523
translation,123.57948752614575
translation,102.22155290917247
translation,24.23785516651475
translation,9.992851586254202
translation,146.47041088435344
translation,83.25759176279068
translation,49.29099002448453
translation,35.79735637814276
translation,158.05869402207728
translation,59.96904568351121
translation,55.967871210778746
translation,38.345885409456535
translation,157.45857484275834
translation,5.936803707013583
translation,10.589327018392627
translation,7.197060805162452
translation,13.421668268256642
translation,22.540388783593535
translation,19.15579707349969
translation,26.03839662568853
translation,11.274774111160184
translation,25.978975994594723
translation,25.677432062580536
translation,24.705165251557275
translation,4.549994655458369
translation,30.046006738375688
translation,24.753224453199795
translation,24.383007833964562
translation,1.4163287416200612
translation,10.976072209380153
translation,8.803025261422716
translation,14.605279583772026
translation,30.323595024993676
translation,21.869618254392478
translation,7.264723874983351
translation,8.599996888242813
translation,79.08512048924449
translation,47.580995115494794
translation,3.733180029445462
translation,5.248998095507412
translation,116.02708793269058
translation,4.813138613591202
translation,17.910764051073905
translation,143.32223099069583
translation,122.80668990481456
translation,29.140502016234876
translation,10.40149066767106
translation,29.292197689840524
translation,22.542821634253446
translation,55.569181232704665
translation,21.643357963514685
translation,22.082523589564925
translation,21.04689438202037
translation,56.84897763777356
translation,16.498056643278147
translation,4.554654874596045
translation,8.659955750622666
translation,63.814855514923224
translation,3.0721335166989925
translation,20.029311775532744
translation,8.915601866493999
translation,49.21629285031796
translation,20.21480039132887
translation,32.51467047836927
translation,8.229867496811249
translation,51.23631443091806
translation,29.643167720882023
translation,27.336152622118817
translation,8.522887340608388
translation,55.74746897543234
translation,1.1451108990248693
translation,20.83707427680383
translation,11.926958379139798
translation,41.194257100006986
translation,43.032354205454574
translation,42.34515804975254
translation,9.745779712864342
translation,37.564322456990574
translation,48.362142435463596
translation,32.97556828894572
translation,17.923553009839537
translation,85.22560055854464
translation,6.568506500278802
translation,49.065603919108284
translation,83.46768218609165
translation,51.840516335739
translation,7.798920936322465
translation,22.553945617482125
translation,59.79406442791709
translation,2.902463574252644
translation,17.548733972217157
translation,101.80450621894228
translation,56.16191467364554
translation,13.424542929295278
translation,34.076664667424886
translation,88.23166090691879
translation,27.497073418941653
translation,23.416255813024144
translation,33.55734880638102
translation,80.49891630471207
translation,41.91462863846247
translation,12.709946595988871
translation,26.13336370512586
translation,56.6499868693544
translation,42.14853049221674
translation,12.865865973324862
translation,8.428528182751805
translation,66.09871183958278
translation,27.849814806128386
translation,39.2010002489525
translation,12.965959098349494
translation,71.18667504001367
translation,5.907471171079135
translation,25.986461109806413
translation,33.04091089543846
translation,33.05158540009399
translation,4.899332548977892
translation,12.45107382883698
translation,30.310185089729604
translation,74.36291433412644
translation,20.178197312618828
translation,36.337097693422464
translation,6.515441031642159
translation,74.95856069630427
translation,31.38014801834962
translation,50.1712298595074
translation,37.81631779932593
translation,69.48668756885878
translation,44.520184927412934
translation,47.63859299419508
translation,39.5189703888349
translation,21.52106172111642
translation,20.31578831186348
translation,25.39436788483225
translation,15.913439550984409
translation,19.140414389728907
translation,76.85398066203012
translation,2.345017669392692
translation,1.8932248500680677
translation,32.93850824131837
translation,86.63699825273392
translation,31.784466397215887
translation,6.78303699135138
translation,56.19253073142189
translation,80.30948542310149
translation,57.119810117412506
translation,18.920299542758894
translation,117.29185526571864
translation,47.998175667607
translation,41.24915387075094
translation,19.660516727263367
translation,150.28211349633065
translation,79.4143826956532
translation,37.599601474931845
translation,10.431633479847413
translation,145.2121901864964
translation,64.97192547799334
translation,40.36315040096917
translation,12.237276854377788
translation,165.85851811956687
translation,38.40408997049804
translation,24.153065548098407
translation,24.768468620858734
translation,59.71187251525865
translation,23.143849902042195
translation,23.157602508814485
translation,25.498277577487656
translation,49.995434263227146
translation,1.1286872537792236
translation,22.66134954795258
translation,25.245915826888666
translation,48.02493461691076
translation,20.157497732697983
translation,9.699904783886025
translation,31.320050931897832
translation,34.14556307243697
translation,44.773253129723585
translation,8.925805156309284
translation,15.19025871891655
translation,5.351925575507696
translation,56.883238509415676
translation,28.358201174466117
translation,11.201082539700813
translation,49.12378274929487
translation,50.587581481890965
translation,36.818041503726015
translation,34.79238597976872
translation,97.38871904524365
translation,39.89731095768477
translation,54.39368600091805
translation,54.88413048058365
translation,119.31081851484339
translation,69.43762125438151
translation,109.84524496987261
translation,88.11096511420598
translation,136.4479032090029
translation,16.914772866029665
translation,120.17340470050708
translation,140.41423824577788
translation,132.64651594186645
translation,75.24669591236135
translation,93.2394025815433
translation,153.1493066407821
translation,90.11695739223359
translation,50.30228250098786
translation,81.3610897606871
translation,123.74162933979771
translation,61.1052819603829
translation,22.753421153554026
translation,52.952234847307054
translation,83.22191589569563
translation,35.85282052639814
translation,8.823214389037144
translation,21.88576278696689
translation,51.745188472675984
translation,37.274680465325254
translation,43.865065795130015
translation,43.945746159828445
translation,43.86435518317061
translation,60.90489007665353
translation,129.66481385884632
translation,125.71688852331017
translation,128.25416277243943
translation,98.67858186769801
translation,125.74235097892254
translation,113.66450710214963
translation,107.98940599742733
translation,176.68493434669446
translation,70.54190075216364
translation,167.13593185467275
translation,25.653776126031968
translation,148.9698257937696
translation,2.444546723538076
translation,162.19449387273636
translation,3.5500614304877147
translation,10.106998844690194
translation,26.91483797085379
translation,7.930890210808501
translation,10.487675416968008
translation,20.82818527341092
translation,10.36974632225083
translation,24.686979888747228
translation,1.5969478690457626
translation,13.062590376562506
translation,48.429048148101764
translation,6.675401566084
translation,12.547450734683924
translation,116.58178789808805
translation,1.066610964717307
translation,6.823675925421367
translation,166.0616791107445
translation,10.583242834605247
translation,0.5097742316534637
translation,168.52511338302094
translation,13.236788519330101
translation,11.177209369919035
translation,128.3726279860814
translation,168.31704279087944
translation,23.828712963865446
translation,7.930249959878121
translation,163.76667167557636
translation,162.46986277471672
translation,20.65003678059589
translation,5.058826987113626
translation,170.07580946629093
translation,145.40466107317164
translation,17.965777643182207
translation,139.67260006751957
translation,156.81053821036664
translation,57.91993960104005
translation,10.781359038154879
translation,165.5557903920975
translation,144.8892075828295
translation,54.38182671854312
translation,1.1277891959815083
translation,158.28059105445712
translation,141.79009757702937
translation,24.446496215840448
translation,8.902270648974492
translation,111.60719473969036
translation,113.85754227278922
translation,8.328028651565186
translation,13.797097989693492
translation,38.754191257789444
translation,39.560570732642596
translation,3.4458464695054256
translation,12.31339443671992
translation,23.075224244213906
translation,12.321631979525804
translation,13.163495499092361
translation,3.484953582318237
translation,13.22304612388085
translation,3.0391996268387915
translation,13.11442429916116
translation,5.694676409663302
translation,0.5492406165779146
translation,10.629209636444182
translation,14.64941996129232
translation,24.486036394032592
translation,11.447239799861116
translation,22.293927655304277
translation,16.688096251404605
translation,120.42210682546765
translation,23.11952648659169
translation,29.089133543387167
translation,23.46383318449275
translation,146.59470197889993
translation,41.00837776619925
translation,38.59809379874851
translation,17.593804410088598
translation,162.27747885462293
translation,82.01836946503884
translation,39.19604508541065
translation,33.10740239339436
translation,175.46937567676363
translation,144.1860146236772
translation,35.09406594349268
translation,105.50780104594925
translation,154.02878168287378
translation,138.04117892106456
translation,101.13898843334516
translation,129.2636321117256
translation,135.21100483327425
translation,130.961524254674
translation,112.14017489339508
translation,149.12027238034116
translation,140.43245885302147
translation,152.80614776469275
translation,112.87592518637574
translation,153.4492022316827
translation,148.89201108853672
translation,172.8657568109841
translation,123.39499910931285
translation,166.44078440862594
translation,170.55599997700367
translation,156.22508839302628
translation,149.88445185877086
translation,177.89270008118623
translation,174.33560495575432
translation,129.0120477409625
translation,176.01936784965616
translation,173.57966507217563
translation,175.0129791228478
translation,122.86216240339432
translation,167.11202319247425
translation,169.79446104807
translation,171.5901550208531
translation,118.5146564541816
translation,161.8944207937725
translation,172.7944270011516
translation,163.18881372535597
translation,111.43990620878202
translation,162.4062550054968
translation,157.88516328245396
translation,157.49646662537685
translation,97.1870174588961
translation,166.23321454486467
translation,17.460845491724903
translation,168.8830820841989
translation,61.398116855634754
translation,49.17784568619835
translation,4.723335634934709
translation,51.476771695139874
translation,42.85116883386164
translation,33.16720821590549
translation,5.0559712270062525
translation,35.26485919890424
translation,29.904178457461214
translation,31.647122265373227
translation,1.9938826386724624
translation,36.34118487347889
translation,33.37251639183562
translation,13.043519188127428
translation,11.318919875986259
translation,43.358977289577275
translation,28.46150689982736
translation,10.732750684681294
translation,36.54941029754071
translation,53.134400750649476
translation,41.908709781225824
translation,33.28410756668731
translation,84.10058271826449
translation,66.52501710951498
translation,33.78595336930443
translation,50.09423246245856
translation,150.09639008872935
translation,78.53934443393466
translation,26.07493620992201
translation,127.9329435477142
translation,164.73710250110855
translation,90.6403286674907
translation,16.98292774861393
translation,136.6790858824057
translation,140.23316386020795
translation,116.21001063101092
translation,94.391292263047
translation,139.2442306394251
translation,118.73771773847645
translation,125.37951053402003
translation,84.44663382842255
translation,146.40615828354296
translation,94.4661549780029
translation,101.66451368978905
translation,46.50366898093491
translation,163.38615378513836
translation,88.4748714719428
translation,75.69514175311373
translation,12.24874679809657
translation,89.14142513258008
translation,75.30307525115875
translation,51.13874363572555
translation,15.756374578977347
translation,70.44701978139274
translation,67.92320175299116
translation,40.543044142934924
translation,26.362603330876354
translation,69.5167509789119
translation,63.765184637395045
translation,23.71747049609121
translation,23.619430757434817
translation,68.15450652946022
translation,57.4862510750609
translation,29.62258259197835
translation,8.041194595471229
translation,50.02773581305972
translation,30.92393448209668
translation,56.3859827831568
translation,27.4582096570046
translation,89.08356090420685
translation,101.0662742940008
translation,65.99061341819294
translation,58.49146288056364
translation,96.29883932578858
translation,123.59624639725341
translation,60.56556594646106
translation,64.91493233533953
translation,82.16463158364087
translation,52.311344456440246
translation,53.66458995557897
translation,51.36403747690075
translation,96.18100864878308
translation,35.2578412326523
translation,46.10655624965286
translation,37.58863036784332
translation,110.91980780656752
translation,24.2323490008729
translation,37.19392214184309
translation,26.955708178248724
translation,99.89052452841645
translation,57.067443471301694
translation,36.66713297546535
translation,34.186562366651515
translation,45.51034570008357
translation,73.95383945103796
translation,44.24451458205053
translation,37.66187741043224
translation,17.311048609436565
translation,71.93652091404226
translation,52.38878363915048
translation,40.98376123935647
translation,29.9505843717535
translation,66.39688099568403
translation,53.53635887484859
translation,43.38685330032221
translation,67.66159892328984
translation,60.99441564033419
translation,49.711588484162746
translation,56.00190204263972
translation,88.746282694932
translation,59.35176891012294
translation,55.431861316711405
translation,71.43429436571017
translation,95.26420375791207
translation,56.33425733944501
translation,41.65865468635884
translation,97.53137831733646
translation,93.03944460610052
translation,63.52895235529869
translation,31.72177739748546
translation,173.0102017858237
translation,23.32369377509414
translation,31.27348525333171
translation,33.66614662789425
translation,68.93842131641588
translation,33.385102898072816
translation,61.12214575609031
translation,49.931726691916715
translation,49.57311675797912
translation,37.89186415478042
translation,74.24584061486829
translation,53.5075376745244
translation,37.569414932277176
translation,62.90248078952226
translation,86.36696121769616
translation,64.31341648696628
translation,45.74842432773828
translation,95.08190977618007
translation,103.10040086446644
translation,102.51412678536917
translation,125.21972032974834
translation,126.44109043139933
translation,112.61235313841237
translation,132.31195926059047
translation,138.2224409497516
translation,153.31517642588136
translation,109.01585972195687
translation,148.27387514081997
translation,125.63264706912341
translation,169.73729219019827
translation,84.45123186854272
translation,144.84625967140124
translation,115.24729660983317
translation,120.45885344790216
translation,58.84622994335953
translation,134.17131996344307
translation,96.73788199913835
translation,64.30408833202256
translation,4.80330969713265
translation,23.672999392622348
translation,54.812728936684564
translation,61.99269849757005
translation,103.9558885531636
translation,144.87378153459005
translation,153.5300089058412
translation,38.02252779690127
translation,56.70195953316139
translation,58.45802555759181
translation,52.25624428503888
translation,57.032596195815245
translation,66.05740758441543
translation,52.28816661577997
translation,139.74634417667787
translation,4.5991503717083075
translation,40.78614977993676
translation,43.21537204396702
translation,23.37729153459137
translation,3.0570378651838945
translation,41.217320548287155
translation,11.94075871323886
translation,92.03934464610929
translation,12.937867226966905
translation,168.3013819687308
translation,34.11069443488304
translation,161.8393637297981
translation,171.29250152337553
translation,39.32953570981137
translation,155.14869702541614
translation,139.25432428027585
translation,106.07124963280184
translation,137.9755850884508
translation,100.41347466142116
translation,96.66080275746629
translation,108.41721157092924
translation,83.08610763090384
translation,85.97940103434594
translation,88.08774390030445
translation,66.1275543274973
translation,33.29752637614678
translation,58.4232773560842
translation,63.34336706703104
translation,42.019721473909975
translation,10.77317093027353
translation,43.93376057371509
translation,78.70318921628575
translation,29.9856391389715
translation,5.491688024958346
translation,6.894278239251055
translation,88.83083655270022
translation,10.908668517597244
translation,12.48331040622341
translation,28.399078118008422
translation,32.1401333139629
translation,52.69830105276731
translation,3.3898084334767846
translation,45.77811130384421
translation,8.435537852345323
translation,73.42525974538283
translation,18.6006722329628
translation,44.47708785321755
translation,15.519130874936437
translation,65.6748881794596
translation,31.047254018911573
translation,94.50142895823927
translation,45.20164435219122
translation,64.24546787743367
translation,41.0224202764127
translation,105.17317849805984
translation,15.024581343535191
translation,44.046286453698734
translation,72.78621338392996
translation,25.138111547283405
translation,5.774761892383279
translation,70.06700044597973
translation,53.88241798062322
translation,13.320692021887279
translation,18.38768589133228
translation,82.44972666538547
translation,61.7989386301348
translation,15.06910492615466
translation,6.184083255864746
translation,82.06269498767368
translation,15.580454715744198
translation,71.697278649289
translation,5.8052636078678495
translation,88.64098500308963
translation,29.937057130996653
translation,91.1392277834758
translation,26.015050052934072
translation,89.97346209753373
translation,39.39176510677944
translation,90.2885864030213
translation,36.673184519647904
translation,78.08054421190747
translation,41.29519212575717
translation,90.79729858953743
translation,37.417509202478286
translation,44.68111730238651
translation,116.40367083423223
translation,114.4475943418227
translation,86.00491841196339
translation,9.5226909302698
translation,111.361713649461
translation,107.91510070200772
translation,95.72054368826392
translation,21.56295032249332
translation,117.31048130059892
translation,162.45320703365374
translation,96.02774395794043
translation,48.20411662813969
translation,124.11788981477004
translation,124.86327557949103
translation,92.23280545311763
translation,56.83430221473991
translation,80.72928848425644
translation,67.42103983166012
translation,85.45820187542402
translation,52.39113193278273
translation,84.12175807606296
translation,55.244299496709935
translation,65.85726092439408
translation,27.580019548132714
translation,84.8123491294695
translation,27.28204694979463
translation,18.539166276369205
translation,22.266530236063755
translation,80.27042350284479
translation,12.841683522303871
translation,31.56429220134457
translation,27.357113464027897
translation,61.50389745086175
translation,73.17567442820942
translation,43.67083363503852
translation,48.44532532500837
translation,54.26755107858837
translation,88.51486170278046
translation,55.25112714106926
translation,58.09891984201961
translation,65.49089836961261
translation,86.6160975425725
translation,49.23270225605129
translation,66.9727448590533
translation,67.28646908362035
translation,88.83875350396659
translation,44.9568542798715
translation,66.60285306625875
translation,85.92377483207264
translation,92.42013697299458
translation,37.11108788691801
translation,68.54506646099412
translation,100.98750510546849
translation,92.40674170387061
translation,21.245921594029962
translation,67.61615173284538
translation,97.7732279262212
translation,70.13702994702649
translation,35.505446148099274
translation,47.627409053817765
translation,100.59637141897527
translation,56.052664872086105
translation,37.91539180962672
translation,36.27475363872111
translation,98.05341701606801
translation,69.48509905952682
translation,28.072986912452556
translation,9.766908359950119
translation,6.734714206031667
translation,75.06080929652255
translation,2.1392308441040293
translation,26.793267992289174
translation,72.60009202673369
translation,79.00331348753775
translation,17.872099278083343
translation,53.631117358993286
translation,74.09971637608585
translation,80.7427005150187
translation,44.71468599532988
translation,62.62386370835732
translation,74.69772661511217
translation,78.47234045591438
translation,51.73296751922978
translation,61.24395621168062
translation,77.84298475943227
translation,71.75542061292563
translation,14.81340243155565
translation,52.05875038789541
translation,80.00725560350553
translation,9.380260338636909
translation,30.325145378132163
translation,37.68252659498693
translation,100.7774750768052
translation,76.14531463529828
translation,68.79889551916806
translation,12.267863186447702
translation,141.50884471535173
translation,84.6343970436684
translation,84.02662040715384
translation,58.05602060059949
translation,100.55191246372007
translation,89.7423084857396
translation,87.062112353525
translation,72.82037748262135
translation,83.8853089576042
translation,91.15380051293839
translation,75.22526109434361
translation,67.86953722089389
translation,78.23642497840653
translation,87.62195726273914
translation,52.67244914715035
translation,60.74107024639825
translation,74.90659930444812
translation,85.61021218153984
translation,22.6529130711605
translation,51.801318166618834
translation,75.52898565723541
translation,64.8856154629521
translation,26.09883386611449
translation,20.091265687699032
translation,93.53328074055287
translation,46.31920082354167
translation,46.202364299795605
translation,7.996724270292348
translation,126.89273419675773
translation,30.200721462764406
translation,61.313343599641335
translation,33.658021503614705
translation,142.94087971692431
translation,88.28707342421183
translation,77.12625086860061
translation,56.717765542002134
translation,59.98773151091716
translation,82.53108673340198
translation,77.47444997730527
translation,55.27329373439276
translation,29.041070133058493
translation,75.54333994545152
translation,76.99230273095326
translation,62.443763916785606
translation,29.484712611630655
translation,76.83469265859681
translation,72.15950695093358
translation,58.696268915051256
translation,44.77456211350378
translation,68.55319159809177
translation,63.11025298499208
translation,47.47709093516551
translation,93.28157211536143
translation,73.91591800130281
translation,72.40377237279223
translation,46.888478007963386
translation,97.86081633724967
translation,76.58878410831656
translation,80.77921523682788
translation,32.457628107267595
translation,82.00158343776788
translation,70.55709138418035
translation,49.424009848874434
translation,4.046964131880182
translation,67.74885130021009
translation,70.8877254472218
translation,33.155680741086805
translation,8.919657411890293
translation,48.48304811078211
translation,70.26818233746629
translation,19.19838312236903
translation,18.75578158738695
translation,24.07364428034945
translation,89.6309057311033
translation,90.18132642951286
translation,30.96212812031305
translation,17.278776170318775
translation,84.14582074059804
translation,94.1225823173347
translation,83.76601736311596
translation,103.75371694452713
translation,106.48489329762107
translation,18.254536275132015
translation,162.87223376289026
translation,106.96807420486535
translation,100.88488730201003
translation,8.218103079966845
translation,173.3938678206783
translation,110.3127109409427
translation,94.31409233948183
translation,62.520767093989626
translation,154.66380889839502
translation,85.17646560269803
translation,76.25086409720046
translation,59.28517542556517
translation,100.38033372486241
translation,62.34091669594917
translation,55.59216008947551
translation,30.150700638057064
translation,81.58537994954244
translation,74.04860118201867
translation,47.44775822287862
translation,1.4569174128211428
translation,74.05693950238322
translation,92.21041681700785
translation,42.370849200959896
translation,15.095739369861803
translation,45.46471087685114
translation,99.0011664033589
translation,2.8934671837411887
translation,4.8041402616751965
translation,29.77823302136674
translation,107.34015143850966
translation,17.00614919748094
translation,7.841991176866914
translation,39.23052132182346
translation,91.1007752135545
translation,48.452667665232376
translation,29.606593336781906
translation,154.5936137229962
translation,64.60129096057139
translation,66.00732313178877
translation,32.183545047919395
translation,162.0545135505832
translation,67.47400502366628
translation,82.65757913062163
translation,74.89940784712145
translation,129.880622728149
translation,48.948719907901896
translation,76.25957295545676
translation,23.73269962838312
translation,75.44849518178852
translation,19.97567092571409
translation,56.980728220242874
translation,4.868016434404637
translation,34.66973325663115
translation,5.610453874750241
translation,36.702984450432844
translation,7.772123895759819
translation,20.739806967583675
translation,37.844213081831896
translation,35.15975194622832
translation,9.755195298921878
translation,9.952685396476554
translation,39.8732160217286
translation,36.654229896946575
translation,23.51556384417421
translation,7.099162571858331
translation,61.238306593331615
translation,56.625448008639026
translation,53.2617322748195
translation,30.26920785296423
translation,80.25703384989707
translation,84.15580018290062
translation,69.44721536457237
translation,77.91867586303609
translation,93.94316787389432
translation,107.29373910309722
translation,94.87423716042878
translation,95.24749672731281
translation,99.57006374073997
translation,115.54488717162606
translation,109.82391580973699
translation,103.18809823846244
translation,100.01570098343021
translation,109.1681258135809
translation,121.44715182732602
translation,127.14386217480843
translation,116.30101475506385
translation,80.44597916004889
translation,53.78342791287435
translation,51.89464184638096
translation,60.36094296624826
translation,70.91471160721767
translation,78.76391298417946
translation,97.83814334591602
translation,68.16504362683536
translation,90.27171049984715
translation,51.944816588665624
translation,90.3612644563832
translation,46.90077290570917
translation,87.51768196268068
translation,14.261566714226788
translation,66.76530790080467
translation,5.122270342496363
translation,33.01053546750274
translation,4.481541989303209
translation,20.30809370859432
translation,34.123733017065334
translation,18.3093689751696
translation,67.48461398614614
translation,7.1163895253724485
translation,11.317416505120963
translation,76.66425451001744
translation,38.371561560118096
translation,0.6133966935615729
translation,81.55072389002396
translation,47.33807236251405
translation,12.924870895570734
translation,84.42969242087695
translation,53.35786011277657
translation,24.986713081640467
translation,79.6408840575978
translation,60.5146080171469
translation,60.84594992329635
translation,33.45672167957612
translation,71.97760143544907
translation,77.39632679592368
translation,74.67609810410111
translation,45.250178451486384
translation,62.51327866022807
translation,77.47272038130335
translation,73.01631247469545
translation,5.787807014992084
translation,48.0354295834623
translation,78.13089975656386
translation,62.89368773995677
translation,90.87027733661716
translation,37.81561274948214
translation,73.82305042461859
translation,18.746712322994732
translation,96.13322213001626
translation,27.817773797253523
translation,65.200662966857
translation,42.214726071152086
translation,94.93001629875236
translation,22.112443834327163
translation,50.29600955754116
translation,44.06850117400506
translation,96.09579403610893
translation,12.489028837926769
translation,63.41814030584177
translation,36.313391606558866
translation,92.30107337918149
translation,16.29195066000816
translation,72.07136687655716
translation,37.499750856557164
translation,87.19668075076336
translation,24.998444290450305
translation,69.46877813789158
translation,28.495129206440744
translation,77.89122323871555
translation,21.53193452940175
translation,39.94883150941115
translation,68.79733778551788
translation,67.40626017162583
translation,20.009859382442777
translation,33.74899747926216
translation,100.357489813937
translation,61.79780667349963
translation,19.284995998413166
translation,28.11793339712673
translation,105.18902167179836
translation,42.3862764044916
translation,26.596897150042796
translation,55.190061997581665
translation,105.22728151769388
translation,8.924184320146631
translation,29.44533752643623
translation,80.55821554156717
translation,101.56466954151128
translation,13.302178655551401
translation,11.519640812524479
translation,108.62205223490882
translation,97.12309625125323
translation,40.1161477861505
translation,17.508740802599192
translation,104.76186398454858
translation,94.78634711721647
translation,60.76924686587488
translation,34.866045751512196
translation,101.84920109974375
translation,89.5115064769925
translation,47.10389161478446
translation,49.818187116269605
translation,99.20747688206927
translation,63.41399541997186
translation,67.556994427832
translation,18.045992708934083
translation,83.35705368830682
translation,21.857851656828437
translation,60.06259810200485
translation,17.39935006707782
translation,39.53456665831194
translation,51.668168401994365
translation,60.585869526288604
translation,37.70603206992328
translation,48.678682068090055
translation,64.28458483536659
translation,62.53035368069249
translation,48.43018959188274
translation,57.51314243705188
translation,68.02729804607505
translation,59.88343844676179
translation,50.477873092840134
translation,64.75706843589126
translation,73.72865327273286
translation,55.45897283575544
translation,50.60530525935551
translation,64.38581422955178
translation,78.42784426122688
translation,52.351040639247614
translation,37.118844938744196
translation,71.86077575966844
translation,80.05591039872796
translation,42.090812185246484
translation,19.89586921564278
translation,78.24455892625656
translation,80.40499618814773
translation,37.51257676997035
translation,13.34165068294418
translation,81.99288428363218
translation,75.4821227164264
translation,25.273388033257394
translation,31.760720590901215
translation,92.62460475916767
translation,71.3323060022098
translation,45.311188292991
translation,47.329543128173235
translation,90.6393860657315
translation,54.529400439999264
translation,65.06586597509946
translation,61.21931916364205
translation,85.71074966340376
translation,50.741237638376845
translation,74.92787397495836
translation,73.5222647821391
translation,58.96004935781053
translation,67.92496425341056
translation,77.62186421283124
translation,76.63698626978497
translation,64.51499769701454
translation,68.39110555893772
translation,74.29685171820162
translation,73.7135972033994
translation,69.14983887403407
translation,73.38014394499682
translation,73.67865047583788
translation,78.53279633018062
translation,74.4578579521967
translation,82.85406026810958
translation,73.85520682675607
translation,74.73288413385382
translation,75.5688386170148
translation,88.77925249551764
translation,74.27232758624862
translation,69.13429104194584
translation,80.61945211565131
translation,92.33992560521774
translation,79.7911160796376
translation,59.07869247019963
translation,79.08441827696798
translation,88.76238170880934
translation,81.14967838418166
translation,48.87581486651636
translation,99.9771753077669
translation,91.50440881837666
translation,82.90760108564506
translation,37.357195663410664
translation,121.54196805513119
translation,95.15782235242608
translation,86.6550077119274
translation,29.55068328623527
translation,136.2051207357297
translation,90.77642744577369
translation,89.20356767180824
translation,17.74017453737545
translation,159.35396016595692
translation,74.5464101022918
translation,67.45704243535361
translation,5.488127843881627
translation,67.81091187045138
translation,54.4737718979323
translation,43.65941208035657
translation,18.1328115262744
translation,59.90579851775508
translation,48.57409188879818
translation,27.550581772433304
translation,41.69450832288836
translation,65.37561563292896
translation,52.935060843772995
translation,19.776875936790645
translation,44.855288317858566
translation,59.79901196529704
translation,64.15261926593003
translation,19.44063928435227
translation,45.19857236438149
translation,54.969395954227544
translation,68.65388288528021
translation,10.139512217510433
translation,35.66194659465238
translation,47.381352492035234
translation,65.48214848142506
translation,12.53271436560895
translation,32.00173686456635
translation,15.461098521403537
translation,83.4094176484079
translation,34.494895211065376
translation,24.841440188503793
translation,127.87773128082229
translation,35.41263017113097
translation,62.607779411036915
translation,17.44260044013002
translation,146.38662555285362
translation,17.678774369837086
translation,70.39863983293236
translation,13.667535992121147
translation,160.5066741441108
translation,2.018927685280131
translation,83.71950938352863
translation,27.844144240457236
translation,123.52012215560413
translation,3.6299110781291746
translation,73.5123193891577
translation,32.957732909309144
translation,43.27699619259582
translation,8.40396786741727
translation,60.795743664313264
translation,33.44630235700417
translation,23.68690895142225
translation,14.399286497468582
translation,48.51930483067266
translation,37.81258595073574
translation,4.176553688665896
translation,28.938724964798176
translation,35.73794272151713
translation,35.64373731329422
translation,13.109961232147674
translation,47.09958977460171
translation,24.14231612486393
translation,49.05884121334596
translation,23.346056668110815
translation,72.64054865785559
translation,22.470358794786726
translation,40.528305490685845
translation,71.67005692445635
translation,19.31613527582016
translation,127.08712449524351
translation,6.800366350292543
translation,126.42568660443347
translation,140.20155946466275
translation,114.16884341458857
translation,144.74721008422313
translation,121.36062170028147
translation,142.20809205654623
translation,90.72337694555091
translation,75.5591191029185
translation,67.32052728221953
translation,59.93167192404709
translation,53.25311429568486
translation,52.688520456091105
translation,62.37359013662738
translation,44.46375253240376
translation,46.44317529689022
translation,65.97976567269137
translation,49.19422989821862
translation,43.73491740659878
translation,52.55619504266935
translation,53.198229563035184
translation,42.38858599506581
translation,68.51594605448214
translation,41.823667035959325
translation,66.599386268543
translation,40.17920282955366
translation,68.12058577498834
translation,44.19329601553704
translation,69.8461382222987
translation,35.578972516361205
translation,53.83031334945959
translation,82.77700622382099
translation,68.17159638113547
translation,27.21635203101148
translation,95.33770179451774
translation,64.56951033694553
translation,17.755131185919947
translation,94.9429431019178
translation,32.07008464138211
translation,49.549288461283005
translation,21.32172818824105
translation,77.31099933043234
translation,17.445259480856095
translation,35.20162075885598
translation,28.695989270219652
translation,109.6417649586033
translation,31.510580103479757
translation,27.839259224152396
translation,6.801107811004937
translation,86.52296194101112
translation,55.042321086136845
translation,35.39166156960859
translation,10.531090528871603
translation,50.58522147540953
translation,84.4359455591047
translation,41.05587352981309
translation,12.392701008532105
translation,45.50130169227609
translation,83.43856791013934
translation,39.10268680461782
translation,16.2570664051665
translation,34.10570040616401
translation,60.442547222897396
translation,32.13587907345488
translation,14.000873281612758
translation,21.20437914379132
translation,51.11916949692241
translation,4.582129579370562
translation,22.893330485590415
translation,150.53717844807338
translation,37.00468186090041
translation,63.025884830547106
translation,37.763332643538405
translation,148.11748711465955
translation,31.15806710071478
translation,81.62745176187005
translation,58.55144776866243
translation,120.62298419932675
translation,23.64229611226844
translation,53.17846666068703
translation,57.261652486191196
translation,65.1352654302796
translation,15.367149358355535
translation,33.91910468281814
translation,18.170482977913107
translation,25.705061799278266
translation,6.81481403420392
translation,33.07190435611002
translation,20.271223708185875
translation,5.191092898794411
translation,21.89674611344465
translation,35.021327741671016
translation,20.348751152048187
translation,19.245529197515012
translation,48.37169701082444
translation,39.62742157109764
translation,17.378377973935365
translation,70.59380273056814
translation,95.56982734805776
translation,55.16751792932368
translation,5.915847315179617
translation,100.73556146543933
translation,109.96578579096256
translation,70.01381731374774
translation,22.20771614198025
translation,136.90348860020455
translation,115.74949304260868
translation,89.95623845810086
translation,42.61916139534746
translation,143.0859056647361
translation,83.31366784851284
translation,98.09527491038853
translation,36.89851251038016
translation,118.48232842163605
translation,53.63008338311094
translation,26.00418742084475
translation,34.826207814309065
translation,104.29520872937113
translation,42.59686210588621
translation,41.651318906423974
translation,36.08643933271261
translation,67.54155417395508
translation,41.692964008299484
translation,41.3311578155378
translation,36.20293559485202
translation,60.93351589989052
translation,45.00272682030026
translation,40.285992174291216
translation,28.545382029979493
translation,34.9970254252211
translation,32.77113033986065
translation,43.69451118855982
translation,11.341007645349992
translation,24.61944529257601
translation,24.867772890181925
translation,38.96066302129717
translation,1.667195141563057
translation,20.926801780640215
translation,33.616524862354005
translation,22.8385574590168
translation,7.633433782032003
translation,26.330978647942693
translation,115.9575038029531
translation,11.734173119264284
translation,19.974328469798074
translation,109.0098381121363
translation,3.778349705460426
translation,31.29183348665135
translation,163.1122254256974
translation,104.22394835769798
translation,21.180316314816547
translation,50.61004720341976
translation,166.43194027893003
translation,103.70706783176963
translation,31.59805796783649
translation,107.76512808322904
translation,148.8100121174147
translation,107.5726472293718
translation,34.442856811371854
translation,168.44531518552458
translation,117.18428682033525
translation,99.95976364400101
translation,21.128532655729888
translation,164.4114950811837
translation,87.98231216609278
translation,87.83131147396297
translation,16.508020705409532
translation,30.169536431520616
translation,70.53210026660867
translation,51.688502733167226
translation,16.202696658159905
translation,26.583954689260143
translation,58.445255693783054
translation,14.518087327444732
translation,8.47360496428946
translation,19.72310792518119
translation,23.332148115478482
translation,49.999049501048326
translation,12.534601971888867
translation,22.38044475389535
translation,79.5155394385792
translation,68.60069727285546
translation,70.90182604307914
translation,7.83354543091594
translation,91.20953251415936
translation,72.59292388272966
translation,98.75120989460486
translation,3.0641233648573567
translation,71.8427393991597
translation,60.258956342370006
translation,89.70283034847125
translation,8.609855932782322
translation,66.5931242204718
translation,44.98048343159225
translation,48.215006516448966
translation,34.55832790166916
translation,61.08268108571705
translation,23.349515347219707
translation,36.78852904406503
translation,36.10185858355102
translation,55.215414659036114
translation,1.822939220999107
translation,23.688930313544233
translation,12.055263786994638
translation,12.152076439449216
translation,24.71703071111477
translation,39.695654713928775
translation,4.6902750467231575
translation,26.187978769725326
translation,53.39443728027243
translation,50.05856947143215
translation,16.01443795286393
translation,30.391950240389765
translation,125.03195829929108
translation,60.142969578770916
translation,19.42327552626365
translation,42.08012308461876
translation,168.16961869799013
translation,96.18708337379842
translation,56.38323411339133
translation,52.07816678498452
translation,171.73110755266475
translation,114.1890513907212
translation,59.94119116907732
translation,101.66751530493912
translation,149.90284874014134
translation,147.0631343867138
translation,88.21984235645357
translation,161.29373543292363
translation,95.21800852938324
translation,168.6363187691663
translation,115.74421730354284
translation,146.98860801086906
translation,75.09686919594557
translation,141.47028897337407
translation,137.840296252217
translation,144.95927466117178
translation,60.48500525931029
translation,85.95194436946497
translation,139.24618826986045
translation,136.9684663903272
translation,50.94180206272843
translation,17.70207208206105
translation,73.16614870646168
translation,37.284880011846745
translation,50.60376638728091
translation,20.927576194694392
translation,44.65035254313427
translation,37.67210172470693
translation,64.39608631205421
translation,36.505076387468115
translation,31.381355101479684
translation,38.688770991960126
translation,66.46080010449548
translation,44.46539695238847
translation,28.33307583769466
translation,47.6689446388975
translation,139.4242635971687
translation,70.60468217822194
translation,29.40078641949014
translation,79.25092280952579
translation,143.50706057495123
translation,150.23804923665557
translation,10.729809929064666
translation,160.19992668006984
translation,120.09090929376286
translation,160.46977583903512
translation,92.47690075076099
translation,140.05367732917216
translation,106.7168409934868
translation,137.25910324299622
translation,108.67063085527991
translation,138.20795396117586
translation,94.98223688657889
translation,135.8352885837159
translation,98.43891940004379
translation,123.5083267560589
translation,74.25143321671395
translation,86.13612386412919
translation,46.80266035323847
translation,59.33107273428204
translation,19.898692431274277
translation,18.748019851900892
translation,14.883829270880355
translation,33.37555696780584
translation,13.501783929906393
translation,3.1545075108408533
translation,3.003244305371004
translation,14.026777050171678
translation,39.8663493228602
translation,10.014355294159255
translation,9.417879148614091
translation,10.936195158538087
translation,76.42282534888356
translation,20.901188641824763
translation,19.164218593658408
translation,62.302180313937626
translation,99.26070812925443
translation,40.9304356697285
translation,50.65980432937115
translation,114.07777854886429
translation,115.80481798952415
translation,83.35809990824984
translation,78.80130420923214
translation,135.36684130822795
translation,126.53796674425892
translation,106.2899921282619
translation,46.75792126682919
translation,149.10834703113474
translation,114.37343136986371
translation,14.596891703308492
translation,24.26061071589704
translation,153.385679371262
translation,16.00013167663959
translation,8.597616712613421
translation,5.106371093813214
translation,94.13060233109225
translation,15.273075374017372
translation,6.818781215377454
translation,10.675785117889323
translation,44.57790295998384
translation,25.61475621749557
translation,10.682592253908664
translation,4.707230374814377
translation,18.625202028033222
translation,22.580338156877147
translation,8.460386906106738
translation,12.949376433096978
translation,17.39330408135061
translation,25.335775897419037
translation,11.404829665442872
translation,8.645059441593544
translation,26.246644042946556
translation,43.45864555066027
translation,3.7610123406782496
translation,19.48932714359573
translation,39.25687472080823
translation,45.759126138177116
translation,16.306993493040434
translation,30.844300514379583
translation,57.848997360510914
translation,32.93684638721318
translation,18.913635180095458
translation,29.153725457343374
translation,97.99580154966621
translation,8.676315367514023
translation,3.269943130269791
translation,11.609042891702092
translation,128.92487015583066
translation,2.632646263966047
translation,28.826140446158316
translation,1.2976977330724235
translation,65.09608620863008
translation,9.913958255199507
translation,35.19372469444742
translation,18.16040536596025
translation,14.528530803622058
translation,76.1361201601884
translation,44.611113539650056
translation,43.976597056450814
translation,12.080897704047146
translation,80.02029282718684
translation,16.338662419713174
translation,49.4495089354468
translation,9.25674172363207
translation,37.45253949550532
translation,5.604897112482051
translation,49.99910906420052
translation,30.412550731447617
translation,17.38028853142502
translation,18.422449655609213
translation,51.751267145434376
translation,124.47435050224192
translation,13.235968644526444
translation,24.990305809156876
translation,63.09400168241739
translation,130.9903433557696
translation,36.52542219939886
translation,20.500846700942635
translation,69.38604860486554
translation,144.34363137288614
translation,116.09985357885265
translation,16.254192043438767
translation,99.02197965347722
translation,26.99543413270682
translation,62.026220711803965
translation,28.366158516928586
translation,11.82031550977568
translation,30.55380732735862
translation,24.270134607187476
translation,30.89527844095313
translation,16.721453374694622
translation,38.8798085155626
translation,28.152966540152267
translation,36.8491543218682
translation,26.31980894764534
translation,27.303404178060944
translation,46.19653450738822
translation,60.58111404061362
translation,23.921201948331294
translation,87.95686261388039
translation,64.11372969541372
translation,80.71118975703892
translation,20.087962316139215
translation,106.16329521203339
translation,50.631594208927915
translation,92.53183951489945
translation,10.44858382654784
translation,115.52546405859708
translation,25.490463931416187
translation,87.9936699572311
translation,10.112539413131246
translation,79.70485958518286
translation,36.28250312444996
translation,25.447728072321514
translation,16.540660581944376
translation,69.1481662837642
translation,40.58096982294592
translation,34.02277289067791
translation,26.550744835038156
translation,50.35518358184287
translation,54.21421872713747
translation,34.81066312971661
translation,22.698208445157956
translation,34.6679513086292
translation,84.97859061261802
translation,23.524164314319744
translation,25.200379807861978
translation,29.957289615563223
translation,89.9155809893486
translation,11.823362156824341
translation,42.52016726889371
translation,90.12966727222447
translation,94.64437664543337
translation,7.446704071025042
translation,53.39626307367042
translation,106.16497759785268
translation,108.86811507771165
translation,23.61992424360848
translation,57.43105470550214
translation,116.30724756170119
translation,129.83559438547346
translation,37.56490225077937
translation,54.160913545144716
translation,110.40238738459178
translation,68.425822694026
translation,19.011194386444036
translation,19.281924641814463
translation,100.63584494869826
translation,31.69436195122514
translation,13.275053512303467
translation,8.620562478565738
translation,96.61138917484122
translation,44.01333114613712
translation,33.50247808393594
translation,59.2271318045104
translation,82.69561748374127
translation,48.3614160197336
translation,37.778163292695425
translation,67.37440719057773
translation,67.04102491925867
translation,55.52092880967936
translation,44.189953320197354
translation,76.75464197545176
translation,51.58377883683666
translation,54.440352012161476
translation,29.413314439396025
translation,81.50234247119175
translation,40.14770963487985
translation,42.661308058099706
translation,6.75399521039815
translation,77.26293165340888
translation,33.06834075756599
translation,25.28634700109861
translation,6.820753094565623
translation,81.53862122501818
translation,38.49008585646647
translation,11.533864386467894
translation,12.265297928963056
translation,96.46905022612245
translation,82.49953080012564
translation,121.61170340846522
translation,140.49325741631873
translation,119.52207895903807
translation,45.27176752594687
translation,57.272420905661605
translation,74.22312234700887
translation,82.90228117673524
translation,85.72299143505506
translation,79.73122849530422
translation,67.43304290677065
translation,65.64207048704075
translation,6.27258944721986
translation,13.478029677117485
translation,5.079524011134193
translation,12.014203351868785
translation,14.233495336360376
translation,39.253238112120776
translation,19.729870689697897
translation,50.12525253902611
translation,33.035349841296295
translation,58.6671750672736
translation,59.112752780403085
translation,67.55146419632224
translation,107.87736449627566
translation,76.19397480945108
translation,120.66041730131508
translation,67.45296964701373
translation,8.98063173948318
translation,74.75241425775776
translation,55.20670603949014
translation,19.503990565742292
translation,45.60629795148263
translation,45.633714927835946
translation,41.25932628526171
translation,45.173144643783466
translation,30.005985523979476
translation,55.68946817159908
translation,36.259090107865035
translation,6.4376144952755645
translation,46.68126995716884
translation,68.39997837691655
translation,30.426574342504672
translation,15.228465110314842
translation,44.93513930449827
translation,76.08065136494669
translation,42.13076770969123
translation,26.12659635718693
translation,52.869442970057115
translation,89.1822392414546
translation,49.01370000105603
translation,41.11820844928565
translation,73.40958016136842
translation,121.54880502715751
translation,73.96874216154853
translation,44.36150394262525
translation,112.32780244719486
translation,170.6778457073294
translation,92.36197929668715
translation,49.842136705818284
translation,148.13486143155177
translation,140.08923582961444
translation,94.66706809906204
translation,41.83519258809526
translation,171.00783113943254
translation,113.37749788644511
translation,89.29691278674926
translation,26.339642712497753
translation,171.01150892302414
translation,101.68690677779983
translation,82.13605625464639
translation,16.136774217624236
translation,126.31332822664402
translation,88.4400526521368
translation,54.29890030557006
translation,2.732077878868022
translation,95.99252644478625
translation,81.64784231288303
translation,20.832508899861065
translation,7.771707866372199
translation,83.31550765169769
translation,71.16656571769781
translation,3.479102935988699
translation,13.73322023478462
translation,75.32057508239699
translation,63.57439685365382
translation,15.206819385156772
translation,22.502572305960353
translation,67.88336762680046
translation,56.00153541913537
translation,28.389281228832864
translation,25.27229323461479
translation,63.78901544191552
translation,40.018584629908574
translation,40.150226404476754
translation,12.256734277846315
translation,34.020832575738154
translation,12.156831247962213
translation,49.15132596904713
translation,10.17077626321769
translation,20.294670011836633
translation,46.73786076175165
translation,50.0498833967628
translation,12.426298804573348
translation,49.38712230919517
translation,64.1533465292446
translation,55.759456689194074
translation,20.865981872047385
translation,44.71612926137074
translation,65.70832657652542
translation,52.72674679060762
translation,6.850159492438299
translation,55.28809010597911
translation,69.20365712532083
translation,45.12531095193237
translation,6.544845036398889
translation,60.548617995359095
translation,65.04630208838698
translation,26.783590782299676
translation,13.537271313952948
translation,69.10861688073993
translation,65.35633857254636
translation,21.159285220304263
translation,7.550892303117533
translation,73.65601258284428
translation,63.46415874078291
translation,15.306697731277678
translation,10.930850042247041
translation,72.66496582345465
translation,60.06601185937905
translation,8.00790132448078
translation,10.607866011503347
translation,65.58266423435043
translation,50.50231321998515
translation,28.514391629851684
translation,3.796570700995332
translation,61.070140100234404
translation,44.85658461937258
translation,69.71447471796542
translation,1.3786764714190909
translation,45.59872425816688
translation,24.04429460578026
translation,91.8196820948063
translation,11.834124117605322
translation,26.040452937997077
translation,71.36275642272295
translation,90.87201697587426
translation,17.121273328634828
translation,17.247752088540302
translation,87.51453303247933
translation,90.84022875837316
translation,31.79088047887013
translation,77.25017160716578
translation,92.73512842396929
translation,85.31892192786174
translation,73.88150220268994
translation,101.87289826176736
translation,95.44222293914369
translation,75.6331549762139
translation,81.82730216188843
translation,103.93448216281605
translation,101.24435141602102
translation,61.9383971505426
translation,72.36296990548904
translation,102.53177184241392
translation,104.95187009714608
translation,50.31299990871948
translation,52.51099616230342
translation,99.16334350071801
translation,106.34616343915413
translation,28.982415099994235
translation,35.80940310625996
translation,91.30135789761381
translation,110.94401946100182
translation,10.231638835274948
translation,24.12904872990002
translation,92.50146842199861
translation,107.3083435132806
translation,15.426503958671153
translation,6.498371647907761
translation,98.89537829854027
translation,96.52387736431902
translation,41.503382531785974
translation,21.91275910536832
translation,131.692286638981
translation,54.34266575925895
translation,56.078667318711716
translation,30.523956324937696
translation,130.4807051446849
translation,13.773700215579394
translation,61.85403384561602
translation,34.04930276164782
translation,100.21420562065907
translation,16.281117818456426
translation,48.68080635223847
translation,35.69785675461756
translation,35.21744316311498
translation,20.96462509876003
translation,35.761878257240866
translation,34.695652753236125
translation,14.492350721323643
translation,30.147609165558553
translation,30.233691064675444
translation,27.183997251269666
translation,20.612314296273112
translation,38.10957137390479
translation,33.21057817344856
translation,22.23431668855329
translation,24.235969125630536
translation,44.03641552251966
translation,39.675352586074766
translation,16.549302062505845
translation,27.95801820539564
translation,58.86937986756246
translation,40.577667004278815
translation,15.782712823749023
translation,39.69568289413692
translation,79.58161112790492
translation,44.62318222318896
translation,30.062700608536044
translation,52.587055400286886
translation,109.87078610140395
translation,49.471647041434444
translation,70.60892824678002
translation,86.39951237415487
translation,130.83502394921177
translation,50.90876552891394
translation,118.29906291208871
translation,137.31554452946443
translation,132.42771591762275
translation,39.32448270715744
translation,85.19308234224364
translation,170.11617121203312
translation,148.12986455648723
translation,70.9262452051964
translation,27.217947480904098
translation,164.58231517234083
translation,87.36081519520317
translation,88.20491644223617
translation,39.69009882763111
translation,150.61782129073828
translation,30.004111580364548
translation,94.0996892573222
translation,29.972717332724134
translation,36.904486276343675
translation,18.248987788058738
translation,74.52315163897411
translation,34.68388991042891
translation,13.740130767034556
translation,19.461830829930392
translation,45.996752271547464
translation,41.17566586769364
translation,14.44114433369202
translation,26.399187266918222
translation,15.630432276048746
translation,39.37021127445268
translation,28.080195220549445
translation,24.91052562194748
translation,13.88963503437246
translation,39.46815892020803
translation,40.08341706740152
translation,9.886818119238825
translation,23.57499298392764
translation,38.2927322234942
translation,59.22065138340868
translation,45.6962354024169
translation,48.19245946952445
translation,34.96961100938037
translation,65.595748754789
translation,83.42095263230635
translation,60.74236760959162
translation,23.46507635804733
translation,33.262429920776235
translation,105.20112340176198
translation,57.433112930181196
translation,24.718213245523305
translation,58.4115518701845
translation,118.45874509133641
translation,64.05668143215931
translation,56.96850240124316
translation,97.73748521992091
translation,129.53215901237368
translation,62.314086834563675
translation,49.476531894249796
translation,114.85194550210845
translation,128.6717823531462
translation,51.65298761749305
translation,42.37982213013511
translation,128.11487878193617
translation,134.2965937992931
translation,42.463902129486975
translation,33.91842468340718
translation,136.9139826515691
translation,86.19631770366225
translation,49.21236661744518
translation,16.467439457014855
translation,169.19173763189647
translation,80.10509136488031
translation,64.72835944414568
translation,3.1434872678410946
translation,131.69632762668698
translation,74.50626120060483
translation,64.81905467392008
translation,14.208823907838589
translation,72.09528153215564
translation,68.54676584228704
translation,50.477205405754
translation,21.310949170886822
translation,53.269811020406934
translation,65.5090396261226
translation,37.77507019065536
translation,20.807176891299875
translation,54.52520454467504
translation,59.047580432735344
translation,11.834485520195763
translation,7.988379029494593
translation,60.7123782370277
translation,56.18850018525595
translation,0.490699969404675
translation,10.793443625028702
translation,65.5476581244773
translation,48.12508727507172
translation,11.187037594848864
translation,60.23353964397688
translation,79.34681286911609
translation,33.28667183584506
translation,20.73114766533317
translation,98.61993532222897
translation,79.61290700748069
translation,53.999443955694325
translation,19.961332866347213
translation,102.0616701861018
translation,60.87203002592202
translation,91.38875676431955
translation,29.926135149231136
translation,85.41608412909527
translation,46.237922605945215
translation,93.69068569995761
translation,47.61755330045036
translation,48.46573905156121
translation,85.00706709021728
translation,94.61077790674388
translation,70.06401798445316
translation,38.768460359053485
translation,96.62407354322643
translation,81.8273341450538
translation,82.60499047921108
translation,25.971024378540257
translation,104.76739412335543
translation,68.1709109721788
translation,96.43013404965915
translation,43.12360805007519
translation,111.44536468380814
translation,49.79988894592662
translation,108.52085759857276
translation,45.96353046871139
translation,117.17271988697406
translation,35.85848508313744
translation,117.11723156418466
translation,40.165285396462856
translation,72.12258540515336
translation,15.729173788885259
translation,127.74814006102656
translation,38.08777108593452
translation,28.54507130528564
translation,9.75825623253017
translation,63.283192998175366
translation,35.4996684605395
translation,13.292418844130156
translation,10.411104280642205
translation,16.901530246036053
translation,35.331280524362654
translation,10.882377684088711
translation,15.782236571920839
translation,13.61741853709204
translation,40.405753275383915
translation,3.6378217220658446
translation,80.82343300632049
translation,17.34421697983621
translation,53.10398749447733
translation,24.94856421343655
translation,173.10680669079042
translation,1.8480674208359724
translation,175.17979144172728
translation,113.16970585287868
translation,173.66246963057603
translation,34.34820875736402
translation,173.55339976731878
translation,162.13762624504275
translation,175.72937413706788
translation,67.50880903795388
translation,148.46585919763461
translation,174.099050166284
translation,175.47092671199275
translation,88.83829329834703
translation,137.3849547763928
translation,165.39344763082124
translation,171.3906323886409
translation,80.01333308759664
translation,116.39926991282705
translation,159.06740658088364
translation,124.65756199310984
translation,76.88921800202034
translation,99.16855324079293
translation,154.39198366423784
translation,32.56516243994599
translation,69.32827616903508
translation,77.643905800342
translation,129.88219890816413
translation,20.093912411022227
translation,46.11782170079489
translation,58.036820504320744
translation,85.7837325376856
translation,5.087764481108303
translation,10.039864536687093
translation,43.6641938182803
translation,40.25181486109032
translation,6.156524185857459
translation,41.09866318493935
translation,34.03256877342248
translation,29.178836696434857
translation,10.185199717451976
translation,52.68951224054854
translation,29.276777684208
translation,18.788693573442274
translation,17.01353858165612
translation,46.91752210419851
translation,13.24495052178883
translation,51.42232118951935
translation,55.19815716142015
translation,69.31732106982211
translation,73.37295478406975
translation,75.57245656902847
translation,74.19822403420586
translation,48.00755642709171
translation,82.54463064201654
translation,25.869198008135307
translation,68.16617110052019
translation,29.772331748550673
translation,66.9434790134189
translation,45.05133194861209
translation,54.37745079367074
translation,33.58922109664844
translation,40.59794830253453
translation,23.000582784873465
translation,32.957765402367585
translation,20.795264810947593
translation,28.392007962649338
translation,38.797982647994665
translation,2.007462687615609
translation,53.63145385716256
translation,65.40294971550698
translation,8.964131385292474
translation,66.68551053564188
translation,47.129723311325456
translation,20.96476152102877
translation,64.95692947252661
translation,23.29173774055627
translation,26.56794635878533
translation,57.400009924296484
translation,10.827852048973796
translation,26.130351292516252
translation,49.7341514568532
translation,17.36967371575083
translation,26.36944002266244
translation,43.33204499938327
translation,3.2723914074900335
translation,26.92276766890425
translation,25.162504998739678
translation,36.02854934075353
translation,5.93678359436325
translation,34.39423863260459
translation,22.90864824466544
translation,32.151120544180664
translation,15.837163149375375
translation,45.8836526674437
translation,14.492391186784422
translation,23.511774135764625
translation,34.00423537276365
translation,58.90673550597272
translation,71.3429689776669
translation,10.354324558994271
translation,58.928304539866915
translation,78.24699323549697
translation,94.18023522805807
translation,48.46038575063069
translation,63.581162978240584
translation,80.89083210273726
translation,86.76704981000263
translation,77.89034034383667
translation,77.79874498519445
translation,68.99319611573786
translation,83.72127412602904
translation,89.6580068760764
translation,89.27820197859666
translation,46.231139516809236
translation,82.86211712888368
translation,90.30572044402984
translation,128.96983795381354
translation,23.530739175577175
translation,80.62176075259747
translation,90.44693506584645
translation,145.6100489209926
translation,92.33517700166249
translation,76.20300607585487
translation,87.84978034258867
translation,50.3090598729238
translation,117.31873866460802
translation,74.8761654322271
translation,59.84340994856027
translation,29.77557081880464
translation,116.45261870733027
translation,76.84753275623693
translation,12.22579166668256
translation,57.19631289179011
translation,105.31799041796853
translation,60.31489361052403
translation,26.684205043405456
translation,50.76841098083451
translation,101.88748520390449
translation,88.42103328740892
translation,37.530599707110596
translation,135.50864337842114
translation,103.6383188278699
translation,105.76641558498183
translation,49.25675493507212
translation,141.9599230508536
translation,107.71948082140477
translation,106.67612836519687
translation,63.42884789765063
translation,138.21895437653265
translation,105.34673422319152
translation,104.19623565022425
translation,74.94928575637137
translation,119.57476253122718
translation,81.18762409103655
translation,79.88872396186785
translation,58.43434230163577
translation,83.91931656771315
translation,45.98110143793409
translation,52.701837944144785
translation,34.820862206434654
translation,60.8001953563327
translation,5.86471191841678
translation,34.70068594552484
translation,19.075503098132415
translation,43.27714314203234
translation,52.99623827632851
translation,26.348326404288642
translation,3.8825812751646285
translation,26.689546078637104
translation,75.17391722609878
translation,18.653613146128535
translation,15.96015674424879
translation,20.38605622468863
translation,85.06085398779011
translation,13.944986163238823
translation,44.03187115238914
translation,73.0648675653373
translation,87.9409666707303
translation,3.9431109960354878
translation,72.50547040473764
translation,95.10353086919551
translation,91.10246478646283
translation,16.935019277792716
translation,92.68283975895366
translation,105.12574179200222
translation,92.62721604543228
translation,31.10428575302842
translation,90.82472087464673
translation,99.81756661927567
translation,88.5162330007342
translation,11.478140243424454
translation,59.79101956479725
translation,91.02990328475846
translation,61.32193566911725
translation,49.31547774364895
translation,7.2524334031658215
translation,80.56872278286544
translation,23.9999877655063
translation,61.88468373084774
translation,12.09572344373999
translation,67.26279124177493
translation,42.98558817402914
translation,68.27390321504463
translation,22.194582715984847
translation,18.39201658573618
translation,54.908236796586046
translation,76.47773371027044
translation,24.650529424796208
translation,47.77582170769023
translation,64.11913222782385
translation,82.77763768476233
translation,28.328519266940674
translation,64.51226334042502
translation,72.26150367093184
translation,87.3573883915948
translation,33.48245012726951
translation,66.42015913753028
translation,74.34845935713102
translation,81.54595050904418
translation,29.264426848839673
translation,69.51088472895788
translation,78.59808421978798
translation,72.60526284478401
translation,19.458275293060744
translation,71.28135399144735
translation,88.58922904401207
translation,54.18795616526755
translation,6.616302135950748
translation,81.57892538296804
translation,110.99386416264358
translation,23.063520352579083
translation,22.835496264282344
translation,107.49300394086292
translation,151.20379257907396
translation,32.31580170580735
translation,42.61854484581783
translation,157.58353530822345
translation,165.11943834548316
translation,37.33361805151796
translation,69.76102166225097
translation,150.5241356247419
translation,151.93323193686004
translation,41.792957399796954
translation,87.11195470755021
translation,143.32599265860767
translation,140.12924794778158
translation,32.24282923843491
translation,88.14570632301233
translation,155.94391342772116
translation,126.30670214339581
translation,31.612915593842395
translation,96.43960253511143
translation,152.77934132496705
translation,90.37796405496393
translation,33.45298379082448
translation,168.67001902585744
translation,151.65636097620643
translation,50.2893163133729
translation,38.00184529049331
translation,108.07607137907198
translation,133.87902698020704
translation,29.21407335911709
translation,37.31457905672297
translation,91.23069057868545
translation,90.3113473227199
translation,27.125637041299747
translation,38.14683040108894
translation,83.79498694758071
translation,39.27110781430851
translation,18.18461174427914
translation,37.08726138975051
translation,55.9421804865853
translation,19.387116626533196
translation,11.726522989822891
translation,30.031166282979644
translation,45.65593472195265
translation,7.5537873498389185
translation,5.6508349542920735
translation,11.149810933739625
translation,42.83236633318333
translation,11.077758706432785
translation,11.06414083895352
translation,21.60032535428281
translation,48.75237590610376
translation,11.370606659820822
translation,21.139562903364865
translation,103.28519144855726
translation,56.11698722915829
translation,9.339718381662738
translation,34.82016350670972
translation,119.2526851922212
translation,63.4852961635297
translation,8.84168205124535
translation,48.57204849559129
translation,123.04805489120706
translation,77.1274377534661
translation,16.135180716644875
translation,71.99274501110467
translation,124.10369803885595
translation,122.48336916498023
translation,51.19772283120094
translation,157.7793029488973
translation,124.41098615254243
translation,137.00205090658943
translation,83.00344698424537
translation,178.32485335529432
translation,122.2343078762602
translation,122.38409376625945
translation,117.50577586738098
translation,166.76369845433783
translation,121.37111314335985
translation,121.78216302917636
translation,175.44393632635195
translation,154.67703458676124
translation,113.04870896985369
translation,119.69881420131016
translation,159.0166370817514
translation,135.73751384172644
translation,109.36719449559443
translation,123.62794820268049
translation,146.2021896205025
translation,129.31588159407033
translation,108.59468139267751
translation,125.0216474199676
translation,141.14468594332848
translation,125.94247702873858
translation,112.27575090319291
translation,124.0692515227143
translation,139.53308387426495
translation,123.45598389985311
translation,115.69496878473254
translation,69.67178242494198
translation,128.8157452132868
translation,108.72418227087998
translation,63.90300794678246
translation,11.281481913729301
translation,120.29790871992509
translation,93.9467405222483
translation,70.444892501225
translation,14.313182999630094
translation,112.84794271696627
translation,73.05463147317457
translation,67.31402120392619
translation,27.81191614225396
translation,90.13117337013385
translation,59.873064098751854
translation,63.415417783965964
translation,33.844204713586706
translation,74.22219141457863
translation,42.9512466346056
translation,62.78041505360909
translation,29.90243600345033
translation,29.928475892583776
translation,15.17498686478034
translation,61.97256416508321
translation,13.296188025469517
translation,10.383661733895494
translation,23.982530182178696
translation,57.611128501480714
translation,6.886299951600354
translation,7.449697394536009
translation,48.217793213828436
translation,51.86711271118023
translation,24.40038779359307
translation,9.915415484327983
translation,65.59936157118042
translation,43.69967089051305
translation,30.28744478049179
translation,21.236745709072913
translation,75.99178093664031
translation,31.04548624385918
translation,46.542213046009785
translation,78.74440724629738
translation,81.72295455027997
translation,14.356991804113724
translation,87.05658282028027
translation,86.95721974000695
translation,84.64525881897163
translation,4.198036176438732
translation,113.96163739088475
translation,87.90126702393157
translation,86.90833169567559
translation,8.29730594676119
translation,119.63974487929129
translation,89.30443155611948
translation,86.83305129947523
translation,10.584348717257981
translation,111.88583697325528
translation,86.6483827578948
translation,80.12137643159203
translation,29.282133283586592
translation,47.96947560311953
translation,84.2811513736667
translation,61.02304814989739
translation,54.14392772385472
translation,79.1287048315203
translation,85.68639073467163
translation,22.426664015539597
translation,79.05367202964732
translation,69.90434925650281
translation,75.64908242289789
translation,53.41681080722982
translation,88.68738701704861
translation,75.47104671529009
translation,67.10791278531202
translation,67.50448692431794
translation,97.35020725076777
translation,78.20714796048199
translation,77.25085152353516
translation,73.60942723035805
translation,103.20546593366298
translation,78.20977935374495
translation,65.10040685297442
translation,77.39812977781143
translation,107.25706468548906
translation,74.84354959646333
translation,63.94910172919
translation,82.47009302244115
translation,103.80273504109631
translation,70.7679934489508
translation,66.88055519917697
translation,84.99530629688736
translation,95.41069231831727
translation,61.06774765521057
translation,71.01000333139699
translation,89.60665774985485
translation,82.2469943038349
translation,33.85327593326053
translation,89.2243478331058
translation,118.99523829921915
translation,90.79769481232758
translation,26.888451239870502
translation,118.42014404769162
translation,157.9493550963712
translation,98.0276995152407
translation,73.47444489571974
translation,171.48929522218853
translation,171.86925676794576
translation,104.96458328414896
translation,82.47818957359489
translation,131.7415898437992
translation,151.21927726058007
translation,80.87360557305567
translation,119.3827532293314
translation,138.43691996030987
translation,30.722242532351004
translation,72.78271115466259
translation,119.42802850486444
translation,127.77943149716862
translation,23.557548580988648
translation,61.535188939743676
translation,150.61512944538356
translation,156.33293812508293
translation,26.254797055026838
translation,52.89285709288781
translation,164.94651832594283
translation,72.5774198671181
translation,28.47721955702946
translation,41.25898438824108
translation,152.8352008835409
translation,68.91859593837658
translation,34.91583413679967
translation,35.57284754789354
translation,135.776594486202
translation,65.9014085887472
translation,34.089661967007814
translation,31.483469543387223
translation,40.94407697481499
translation,52.91248224376563
translation,32.99831475165222
translation,25.052111637964728
translation,41.12455400010176
translation,41.52979788024619
translation,31.921385128314128
translation,16.805718294347354
translation,50.865400485728685
translation,36.83276974197505
translation,27.999639819662875
translation,8.063270920141061
translation,60.77141610244316
translation,26.934777086332783
translation,29.58831022027525
translation,12.956654381848578
translation,56.8580670507809
translation,13.144069299630605
translation,43.05020395643962
translation,33.59982317842335
translation,47.89004643904839
translation,54.93960597430702
translation,54.28623192615606
translation,58.78325921659874
translation,45.64531328301555
translation,65.51920611523217
translation,58.74036625464514
translation,64.73669377279954
translation,66.95966589266482
translation,71.59606868959241
translation,60.309376676256036
translation,64.53281772132692
translation,67.71431292855391
translation,71.75465999768329
translation,55.41072299447347
translation,56.91613887859518
translation,68.05731114910445
translation,71.78949891634726
translation,52.9517576146252
translation,48.2847918348336
translation,70.03815960717291
translation,72.78385276474377
translation,56.74384785281727
translation,41.254432009948886
translation,74.99236537791637
translation,71.15073178391621
translation,65.17302655634509
translation,29.85633066333397
translation,79.46924964071876
translation,66.72615752142846
translation,64.0106385489391
translation,8.009614096707253
translation,85.32631783146753
translation,57.64591449962671
translation,82.53045184609242
translation,37.12350150839027
translation,85.4640000400134
translation,43.517926892508626
translation,76.9708526093688
translation,68.13390104996735
translation,67.72991591994679
translation,14.021894547438137
translation,58.65991966586308
translation,77.40636748689815
translation,48.63029936692054
translation,9.440234447755955
translation,41.273911785799484
translation,87.23644608507233
translation,10.451862731029172
translation,36.509375383468274
translation,44.73871832352671
translation,87.67264307599501
translation,23.78519784935697
translation,55.94405297592687
translation,51.60067555038998
translation,89.48790347476621
translation,50.186917912894295
translation,90.52896484141984
translation,61.40312146431134
translation,89.81584119552642
translation,66.59555088298882
translation,121.62916943232065
translation,78.14133873566473
translation,91.46783764847225
translation,72.79462752541258
translation,132.56280918663666
translation,87.99327430069602
translation,91.94950229500105
translation,96.20598888665555
translation,121.98449457265028
translation,92.8456425243415
translation,94.81694565000264
translation,146.62437340242195
translation,114.24569250625002
translation,100.71395008247734
translation,98.5174166220305
translation,174.31446438311448
translation,102.98582601253544
translation,105.9817103634573
translation,103.71670353468812
translation,174.40387889396757
translation,69.67374323807957
translation,109.17018295058146
translation,103.2502845093595
translation,144.8717208637003
translation,49.239221551679506
translation,102.82062987446265
translation,88.80066805480179
translation,74.8438811624559
translation,46.53810026025986
translation,92.41267436179439
translation,76.00030183027756
translation,32.50667146096918
translation,55.17944104008462
translation,82.42859703222267
translation,65.00512786791688
translation,27.891970944053554
translation,64.84097239226575
translation,78.10868398366046
translation,55.65955309695387
translation,32.80472492640804
translation,77.85188549815648
translation,83.04839299344407
translation,47.71925494902029
translation,59.625095520431515
translation,96.8742347150825
translation,93.41821329226298
translation,46.028998251189776
translation,80.66039508334245
translation,109.4800309492163
translation,106.89927470573818
translation,45.39927452891733
translation,111.94289986422076
translation,120.23528871750578
translation,114.60673126929086
translation,43.313503558360665
translation,123.20006192705094
translation,127.83415848712977
translation,114.53741617273883
translation,38.458073659786
translation,129.2110601096487
translation,126.70662243034883
translation,108.47983722576532
translation,21.775535651905532
translation,126.20096972674143
translation,119.23081773204312
translation,84.76399967276606
translation,17.51854529012271
translation,130.43313089284914
translation,108.59147861364526
translation,45.659764392119484
translation,19.990528445602116
translation,125.11389129303478
translation,118.65684229975874
translation,14.110715557647277
translation,24.524499600897602
translation,65.57649183912092
translation,56.361880892217464
translation,5.0492229809251965
translation,30.48159107154938
translation,21.778037707542858
translation,64.78060972913532
translation,17.892128672921867
translation,36.44443775927475
translation,18.775677644740046
translation,36.860774777060094
translation,22.16631500413766
translation,31.731740294605807
translation,32.830370828301454
translation,21.00436765848188
translation,25.866152378938818
translation,25.317797289404673
translation,62.306271147503175
translation,16.993921081410402
translation,33.55364390149827
translation,16.926309084256815
translation,93.66216594666331
translation,8.170503011404008
translation,37.579255530807764
translation,5.707542933104556
translation,115.50790789503537
translation,7.147207632052169
translation,38.524218098612835
translation,4.146217586892385
translation,15.461984502052154
translation,4.700565863518298
translation,28.12236956592746
translation,15.213446997099544
translation,23.48912678347275
translation,2.602777756352093
translation,27.179557278653533
translation,14.832111818667066
translation,17.52245741826311
translation,6.31521553061276
translation,28.17878419888132
translation,10.52218703631213
translation,5.863033598338054
translation,18.74258696515752
translation,29.702074488906284
translation,5.771720812234923
translation,6.9054236093013905
translation,28.350154400820376
translation,27.385799236770467
translation,22.413332845409986
translation,10.420777803577748
translation,42.5309278503038
translation,18.190543219088156
translation,73.7797255864689
translation,23.863765999818572
translation,56.408865936381474
translation,8.024263926136564
translation,107.78008286971738
translation,46.80675089937906
translation,73.08066384172595
translation,11.249679404358044
translation,121.81974631683873
translation,84.25447127191916
translation,97.46129625181494
translation,50.78026844668611
translation,123.84783280389556
translation,97.71805782743733
translation,102.81244351086754
translation,78.51378666627106
translation,122.16283188771264
translation,116.6045669614594
translation,106.34352336104993
translation,115.62164528222955
translation,133.8917838397759
translation,131.04153090122824
translation,112.55096883507747
translation,124.47780913114804
translation,149.9007258328758
translation,159.01101273206461
translation,140.68518983311824
translation,166.1716959846911
translation,109.19245938359273
translation,67.50149627837033
translation,154.3094583510839
translation,146.2526554848169
translation,67.66182416632257
translation,69.35366237585707
translation,168.60066438759992
translation,111.13762759071558
translation,43.72686168382645
translation,69.15633778786446
translation,156.69116484641467
translation,94.32026091988548
translation,44.86479924096305
translation,68.61419998607084
translation,137.60054649789936
translation,71.05765694524926
translation,59.358505714251045
translation,77.09457710856975
translation,133.4576279461274
translation,61.22255303139717
translation,78.90904060564651
translation,93.25490184609642
translation,148.4475104450928
translation,51.69649186359186
translation,81.50713122688168
translation,109.77401870404081
translation,160.53409976769277
translation,36.639312588238596
translation,86.25684538512027
translation,144.88936740188626
translation,163.4068956562737
translation,18.524284992978764
translation,95.17933161290236
translation,168.31530299112907
translation,163.4368424110168
translation,9.362392782409298
translation,148.02322887111
translation,146.14524090769046
translation,161.23083315523246
translation,5.570244220101452
translation,153.4119246736536
translation,134.816636232134
translation,162.4547056828736
translation,13.315986649814576
translation,141.0242955328404
translation,125.01937290877345
translation,130.08504601887645
translation,10.215313743183296
translation,142.71925935233892
translation,118.96042200982674
translation,17.566912525162117
translation,6.689903486009097
translation,137.86643952869045
translation,118.66736958608875
translation,4.669678252382998
translation,2.772638162244573
translation,129.46649141434793
translation,116.34694829423577
translation,4.634015040225491
translation,2.5307002863791275
translation,115.15472326603471
translation,103.36170669310448
translation,3.9343982860564757
translation,1.5182485670822639
translation,95.58300628554488
translation,12.36315664493669
translation,3.8056774226099503
translation,5.033900552381822
translation,74.57156601527484
translation,37.40592371342464
translation,8.126501761017089
translation,10.79822800253122
translation,13.528669643160374
translation,47.54731192360397
translation,13.670731326944653
translation,19.90522683678545
translation,56.26346516739178
translation,52.04369917917939
translation,19.069093706347967
translation,29.751631956148298
translation,71.74663430836843
translation,51.18678498393569
translation,21.91867333418736
translation,38.60701418740023
translation,66.90241045431452
translation,40.477581470690374
translation,22.40040100867653
translation,37.18485162567057
translation,64.2355733036627
translation,27.74709595432861
translation,21.318181802299982
translation,14.949263482718498
translation,54.952781940381435
translation,15.437683614924717
translation,17.70203968697295
translation,49.708377584476565
translation,26.948138920714854
translation,10.046166201048996
translation,12.196339797325253
translation,84.25367099907513
translation,18.724952073442125
translation,2.967083859078389
translation,1.2568489131034188
translation,86.97449639649655
translation,7.635437554621983
translation,6.208819676676198
translation,20.438042412076584
translation,87.95747022003432
translation,20.338452284900608
translation,10.486267787208394
translation,59.229247358860846
translation,94.12712454287346
translation,21.899841975217512
translation,10.264533807370269
translation,101.06506791458015
translation,104.76106008903677
translation,20.727631034433614
translation,4.421197425338641
translation,131.2726159266452
translation,118.08565242320928
translation,12.6692978567682
translation,4.5293635339835525
translation,140.9894809112347
translation,136.325342969324
translation,10.296026926244775
translation,31.073324019543175
translation,146.55857499233332
translation,156.78442237316375
translation,18.304825982173202
translation,173.6424385116746
translation,141.1862001429351
translation,163.9068296962359
translation,40.78148837131515
translation,169.6007361461864
translation,138.73403319460618
translation,166.5163866555594
translation,74.34099422104858
translation,167.40612463228163
translation,140.25918159645838
translation,174.3243609186243
translation,173.64709220327396
translation,163.76604247678907
translation,142.73802932055023
translation,163.0764519283905
translation,34.64386390368841
translation,35.398615142561766
translation,33.64592678631703
translation,30.769500955312857
translation,24.97956666166933
translation,20.348455310735442
translation,15.399011237262634
translation,7.548921047262443
translation,5.569066328378503
translation,9.742063082903003
translation,20.208190197129206
translation,21.49412248740816
translation,58.100289896406295
translation,31.132325069599897
translation,89.1660617736611
translation,37.59828587285422
translation,113.50192745012431
translation,42.06157458309725
translation,136.02101538807918
translation,28.101514654288938
translation,160.05364088837672
translation,49.29666141874025
translation,169.7883752590868
translation,86.18357804692297
translation,33.43687025487997
translation,178.6195996564729
translation,59.32566215064607
translation,49.289923716759546
translation,178.8073641155317
translation,48.45308348093397
translation,89.42833589450683
translation,171.9142863471202
translation,39.448229477857126
translation,114.45791487548527
translation,153.2437967070828
translation,44.96914665177584
translation,131.17218096541748
translation,127.96426810283653
translation,39.45748302674833
translation,40.43640506158626
translation,153.59873544995568
translation,96.6206219495834
translation,29.28044521979061
translation,39.48821450490688
translation,174.0984118014525
translation,73.286262072412
translation,37.611292626814105
translation,51.03035462397274
translation,170.9310736467865
translation,63.309744064888314
translation,37.168035562730125
translation,45.343411486233194
translation,177.50715221641536
translation,64.92704851422239
translation,58.487212110134855
translation,113.0334826884101
translation,169.0510434413809
translation,62.11569230007204
translation,63.36517623634272
translation,120.88516404733426
translation,161.4446674249727
translation,62.852044184944624
translation,128.35437640969727
translation,124.10135275663032
translation,146.03422602954882
translation,67.31645951784505
translation,98.57821941958328
translation,129.53069406899263
translation,126.57194894318864
translation,73.72601311068745
translation,123.071089762946
translation,147.2556623727676
translation,102.96329527450153
translation,78.99402332060525
translation,121.4638995211121
translation,163.64741028727383
translation,80.62720493327171
translation,84.28933960430443
translation,128.78916198373335
translation,170.28251024614661
translation,68.97804002654738
translation,93.899226247581
translation,157.5952715546356
translation,177.00470269091812
translation,65.06129549733069
translation,105.60163600424784
translation,158.8500545762694
translation,177.67801925812597
translation,62.75283202698701
translation,100.42100033458186
translation,168.30777258062875
translation,178.18529903617534
translation,54.10553381633002
translation,43.41385749889045
translation,151.56837152161285
translation,167.35112885553013
translation,45.91582451034121
translation,74.26440489033789
translation,141.21463113809483
translation,97.92880951250918
translation,36.353678237386994
translation,69.46013271041413
translation,158.19402911662783
translation,35.974957355397486
translation,44.136176257683154
translation,54.57370524510871
translation,137.85008014887785
translation,33.79246900704076
translation,46.35245539251443
translation,34.10905809461286
translation,61.897606817864194
translation,29.41975990657996
translation,40.072772546099685
translation,26.30231399799668
translation,45.060996624222646
translation,30.54098902716749
translation,31.55115367977746
translation,16.35565792303059
translation,32.48116520133466
translation,31.8516602075358
translation,11.120460789811476
translation,3.79120324258645
translation,30.648911448287695
translation,35.18473068374514
translation,9.05947024401449
translation,0.6573663689850339
translation,31.532451823657198
translation,40.33883201280666
translation,35.28224567564723
translation,10.96404494774056
translation,37.49735212988527
translation,52.38212651424168
translation,60.815920395984385
translation,34.84114453684639
translation,51.35692018535274
translation,71.32634598478643
translation,72.36693474686851
translation,60.62636793782917
translation,65.84912230122583
translation,157.7986509881823
translation,77.1591588716564
translation,77.87430917160953
translation,139.61906625400601
translation,134.43293615178646
translation,76.87557913724906
translation,85.99915307639965
translation,173.08892785604974
translation,112.17541773976224
translation,78.38454677623413
translation,86.35221277763216
translation,141.62727396125936
translation,97.80927215254957
translation,78.94179043955495
translation,85.47730091225043
translation,127.85395253804636
translation,93.58450335940853
translation,82.5971613462091
translation,87.83418255621399
translation,117.3009065219687
translation,91.90039166183182
translation,85.03407734082002
translation,85.8300640720206
translation,96.72806226885872
translation,87.23556544353916
translation,81.63574261567634
translation,78.2730456803295
translation,85.1807447146952
translation,80.85738997109743
translation,80.05213252870716
translation,69.96701479507526
translation,79.83284306192046
translation,70.68999756290921
translation,68.29664159634453
translation,46.684569659205906
translation,79.83018239571223
translation,62.33492984855811
translation,63.52461399469129
translation,25.694362493907654
translation,87.14360750328696
translation,55.4365131294822
translation,58.98520799622817
translation,6.419317994108505
translation,86.47442350023167
translation,27.809379921808915
translation,40.2258076657636
translation,28.141139448582823
translation,64.03264831435008
translation,21.148708266216712
translation,17.73684873068421
translation,34.29113041863845
translation,33.52228685680235
translation,35.627822063348
translation,25.763249129909543
translation,32.76779420102514
translation,11.370705082546044
translation,39.40645645690576
translation,27.032144889360218
translation,37.75079525739674
translation,48.486844875765286
translation,61.083010494173806
translation,30.068098575922374
translation,43.89113187311481
translation,68.34415892979663
translation,70.534197072464
translation,46.2154476563961
translation,48.89275938574684
translation,97.13475776190964
translation,86.56520825867287
translation,55.50611688531464
translation,67.23132854306294
translation,125.55881469839632
translation,102.15235683668443
translation,51.189872146824044
translation,76.41160541337793
translation,163.6747552617974
translation,164.32115215175776
translation,46.421262047363236
translation,69.04106444237482
translation,166.85224953284612
translation,158.53265340130525
translation,39.7281304319606
translation,49.061136175985936
translation,108.76253780201941
translation,84.13074270811019
translation,34.5634999526552
translation,42.35974872858985
translation,28.86948752346369
translation,9.152546532777672
translation,41.369090434810694
translation,39.346367183621936
translation,20.89505673278898
translation,23.115299126357126
translation,37.62803074539329
translation,26.248051186848453
translation,64.68258172790433
translation,16.051458005975633
translation,34.56955927280241
translation,14.206514186405341
translation,47.7084122557583
translation,34.4260088017122
translation,54.43169601821502
translation,16.072474642759836
translation,40.12742144019973
translation,70.056613774054
translation,28.104466564600735
translation,42.75009092969725
translation,41.13317570327998
translation,60.398473862021845
translation,28.678122900460693
translation,22.355070479198535
translation,37.07847260501931
translation,46.755086507027514
translation,28.12536861656325
translation,40.00719808690979
translation,41.19336319100932
translation,47.27590925525455
translation,38.583226299502016
translation,48.02011590677162
translation,53.47767474763236
translation,47.36008473799165
translation,41.423621263535196
translation,57.75931857857633
translation,65.90271905181228
translation,44.84940516904727
translation,44.26175046080133
translation,58.38995998800593
translation,67.3610088559719
translation,20.609730304065963
translation,29.69914133633624
translation,74.03304240003766
translation,146.78242941633806
translation,3.808606326734518
translation,18.680359858991554
translation,156.74875637763432
translation,165.96712727352173
translation,21.889748822713198
translation,16.646637639251114
translation,154.7658997510133
translation,176.24147163906702
translation,76.84298909352212
translation,11.594137150680476
translation,130.17704781647913
translation,84.77441455061481
translation,72.63277424584602
translation,17.67042543085126
translation,153.95470520009582
translation,60.428210554870184
translation,59.30942019043956
translation,29.081607115911094
translation,155.77665996001465
translation,38.83432739828329
translation,14.441184288940278
translation,30.442774364048457
translation,133.5578067488558
translation,11.172367648396461
translation,11.191443708451283
translation,22.711851349403382
translation,63.74246325475969
translation,9.723971368455667
translation,12.272641847786325
translation,14.917933976382429
translation,42.051291873934574
translation,7.816279797967345
translation,13.427014912442989
translation,9.038328019682314
translation,24.119516287274035
translation,11.396806665689484
translation,13.416332847939325
translation,4.9463672259918745
translation,5.1276662143754645
translation,23.055748868488127
translation,15.652973968098134
translation,17.460102691114457
translation,51.13677826602039
translation,83.49447485786601
translation,10.084477107357399
translation,68.12609750570259
translation,77.42145378551986
translation,109.0273557638699
translation,5.512327054062438
translation,84.74018289538485
translation,104.2564034297824
translation,107.7897359168124
translation,2.583825992189901
translation,83.37626729140261
translation,122.04100982084547
translation,77.27457925538856
translation,88.0682681112927
translation,179.3132072095041
translation,52.22175203699224
translation,124.47379476416069
translation,149.97672186397764
translation,152.6289132552401
translation,39.00396805511073
translation,117.81548435148845
translation,100.26582086373558
translation,84.9243746471441
translation,28.938860523474528
translation,78.69009586066016
translation,9.474338667048679
translation,47.73897337001647
translation,32.28301296445701
translation,18.614367052472407
translation,20.509189850739432
translation,35.42622838955428
translation,19.5613806304513
translation,9.399737902004631
translation,13.432453657516218
translation,36.2847358352974
translation,35.38757333232281
translation,14.441261254439459
translation,26.2059798104247
translation,13.994465943631004
translation,13.178674926654704
translation,12.886613610558799
translation,16.99608744055148
translation,15.16565807137216
translation,19.023814403034557
translation,68.55555296304776
translation,146.03996626461029
translation,79.6464119393438
translation,60.16449304788314
translation,62.485685044556206
translation,38.66729583616966
translation,49.9422286185609
translation,18.83323084765505
translation,42.66216465780858
translation,5.3370444030573365
translation,151.34392857375542
translation,157.61532978336064
translation,152.6609162098635
translation,170.51423188385368
translation,132.20110338200746
translation,175.31232388265263
translation,126.17965904450982
translation,26.12926862705615
translation,172.8033596360762
translation,46.86802577695041
translation,34.826295284747786
translation,154.163410363625
translation,27.673097880538595
translation,39.875640301734286
translation,22.061087341748905
translation,16.398988244238524
translation,33.93568164002485
translation,21.130504307256707
translation,12.183506781784605
translation,6.969477260893139
translation,23.64232231146242
translation,20.965274624896367
translation,3.2582516906276076
translation,6.916355972745615
translation,6.099108039348826
translation,22.656100445750663
translation,2.8093616505053767
translation,19.821644285669734
translation,78.85721045512813
translation,22.945116258580516
translation,3.3860117695456515
translation,34.21284723831171
translation,127.88369407712177
translation,21.40327949448683
translation,4.896304588638184
translation,39.75438729489983
translation,136.07004814254228
translation,18.320503399030226
translation,38.839468655079706
translation,56.23917139683353
translation,125.79884911986697
translation,13.180908001077805
translation,86.25738694061194
translation,165.41212644264627
translation,109.92532214200052
translation,3.082820585833895
translation,102.01781798217708
translation,172.64968813288775
translation,91.66737192436989
translation,9.058516222747466
translation,101.71643771925105
translation,173.18245878060182
translation,63.71967893967728
translation,13.048070460797755
translation,125.4348583340372
translation,175.93151774164662
translation,41.77617507361584
translation,25.164467346239803
translation,141.71584979822345
translation,173.24293804297557
translation,20.293999131690757
translation,38.64674354797005
translation,143.04188617978775
translation,172.65219926245229
translation,4.363616772715339
translation,41.539865798430796
translation,147.43846625673817
translation,156.26938560630197
translation,4.952667676498608
translation,29.81302971801355
translation,171.62253615934065
translation,135.18624081181588
translation,6.616587610970862
translation,8.632995583749654
translation,153.1746698363853
translation,88.31472857500366
translation,6.0139989635391
translation,8.418753194455515
translation,143.24003743862136
translation,63.380195884133414
translation,1.4432864161946095
translation,19.87977918943768
translation,126.13818769171064
translation,48.85301525283631
translation,2.397518367674437
translation,27.49537634036976
translation,59.25546269963968
translation,35.870197549532186
translation,7.887268677035896
translation,28.277080558231198
translation,27.128624640267542
translation,16.65222894520071
translation,15.148083465897296
translation,18.99088104574292
translation,17.220794877325837
translation,7.0011689074845
translation,17.278277836427105
translation,16.74483214601752
translation,8.348679699110434
translation,5.4666346759304165
translation,21.213246108509775
translation,1.5843845551168398
translation,10.697998812711711
translation,9.647420897904304
translation,16.259694983522024
translation,4.936880001352683
translation,1.9760173000895915
translation,23.067982518927725
translation,19.038788629914798
translation,18.0619217230417
translation,16.51788179452941
translation,36.88825348978789
translation,23.33415466880917
translation,29.308366300066655
translation,35.54655251494212
translation,49.014013525911004
translation,26.008356338099475
translation,33.3823960057774
translation,49.18781623675081
translation,56.35151982804573
translation,20.291114788655378
translation,36.29087128788337
translation,59.741389797464564
translation,61.02922041296284
translation,71.92010590555742
translation,35.08225144400154
translation,64.09360456875173
translation,68.00765086635364
translation,118.64210079070173
translation,27.828633884386168
translation,66.68475779417875
translation,65.12672037359044
translation,73.08586112387263
translation,17.926766518591172
translation,67.71980691052735
translation,46.36890551824791
translation,12.76131811932144
translation,3.765875880846696
translation,68.17638016469886
translation,31.35249058620266
translation,15.930680821989288
translation,23.895703878638326
translation,80.53265991932302
translation,103.63260148607239
translation,24.098107299080162
translation,58.088814341637836
translation,71.2911172064536
translation,107.13843273155412
translation,19.955770325484867
translation,81.31676515754614
translation,98.88858342118836
translation,109.27836709902515
translation,18.709333383044097
translation,92.57449550115022
translation,108.20448635888864
translation,112.43911897208977
translation,11.992829614003544
translation,101.07556034192888
translation,108.54244610623745
translation,115.31399792576595
translation,3.949616854862469
translation,109.10630050033632
translation,117.68771644223484
translation,110.92089636876155
translation,17.841439182781258
translation,113.30656143800795
translation,128.93543061044218
translation,98.10269406554926
translation,23.10320353549775
translation,131.52745799951546
translation,127.6659806500865
translation,13.649765191041974
translation,35.11102755047664
translation,150.6026489403694
translation,129.16024960399542
translation,33.95098207691594
translation,47.79525959821554
translation,174.99200827151463
translation,51.6479827876014
translation,36.09666471833191
translation,66.12466665944217
translation,123.48039568571444
translation,31.90142379454685
translation,38.35022508180614
translation,74.9925893142723
translation,95.38344167429511
translation,41.572324417586955
translation,36.75999659148328
translation,83.7526290732577
translation,86.1714800305753
translation,44.32195762174257
translation,31.338423393681165
translation,95.82893299839334
translation,79.76582437912393
translation,42.22421215823124
translation,22.7881595849388
translation,143.6579766765785
translation,88.56304261100071
translation,40.15052060468172
translation,4.446690010583398
translation,163.8823105241993
translation,92.94938514748684
translation,30.287518262984996
translation,60.40680795103038
translation,163.6270182593069
translation,96.06133955006179
translation,5.10607954518721
translation,100.19390114859111
translation,162.41871595838063
translation,106.03783659618723
translation,63.51566907828189
translation,117.79777707465801
translation,166.85988682710246
translation,147.23960114692704
translation,109.03649080318307
translation,124.26097192892641
translation,162.18815365430387
translation,88.10958784925816
translation,115.55286234628531
translation,129.54863757933032
translation,170.86831672057582
translation,68.78675427177116
translation,122.64489359089585
translation,137.96928759282997
translation,171.39238568118125
translation,29.782942608345735
translation,129.65488912881003
translation,150.52521512177367
translation,154.33740026750573
translation,12.73961015422877
translation,139.43583821370382
translation,169.52658379616327
translation,132.91662512033426
translation,6.390468667790907
translation,147.03473191934827
translation,169.25091453773823
translation,109.08073405187727
translation,10.920591720675247
translation,165.25302687585452
translation,139.91918572612872
translation,89.56557769323736
translation,19.4624821866383
translation,158.56806692600568
translation,109.87707126733571
translation,68.67139307021024
translation,25.756148469545913
translation,126.97170926912621
translation,95.35960798058612
translation,39.01429281390385
translation,25.413695478138937
translation,109.08600224274288
translation,85.5373884127789
translation,31.223772025478848
translation,25.711249279307516
translation,93.09732548185863
translation,80.334334901972
translation,22.990250540640094
translation,24.659999922497693
translation,77.95061375497413
translation,70.76583656358129
translation,14.368017695452744
translation,10.511412350592105
translation,69.88993577459684
translation,58.93599883487237
translation,5.575940022111562
translation,6.426983071230886
translation,63.239968916164
translation,44.302578374313946
translation,3.586141203484952
translation,23.628337129956726
translation,64.19044500402455
translation,26.97781797072061
translation,6.917388339813091
translation,51.5841592687326
translation,60.25812396937456
translation,3.983851952872225
translation,14.435579317589728
translation,84.0037979550145
translation,42.89493284361929
translation,10.6583304446143
translation,24.840794542166044
translation,86.28986509296038
translation,15.777802859765881
translation,13.127487567589164
translation,33.79142651029952
translation,88.60136806419095
translation,3.9606776991099926
translation,18.583093329490435
translation,41.73825545545958
translation,77.06909022777883
translation,20.864224350794554
translation,20.861362881241522
translation,54.39921927852021
translation,72.85093770783547
translation,23.697720562611007
translation,23.74323053424432
translation,73.2470289765156
translation,72.6252862261464
translation,18.99001336035564
translation,23.484732737525803
translation,96.13543189089827
translation,70.70648843642898
translation,20.58980452206312
translation,26.928473050173128
translation,114.47148806068545
translation,101.15380158231552
translation,18.068175529038015
translation,33.63561419585136
translation,136.13089926642033
translation,176.4369467142147
translation,29.9407675728198
translation,78.90688555914933
translation,146.39766683230474
translation,159.91695063836548
translation,51.45131997470272
translation,127.01500241674972
translation,150.59382515053153
translation,161.01059669045588
translation,121.17840191786051
translation,142.8178837696174
translation,157.7732436195697
translation,157.6906532061194
translation,143.08702756365713
translation,146.1710650754479
translation,165.30379793123905
translation,155.26900986447293
translation,153.57047935592533
translation,154.0436789972679
translation,173.9175423378166
translation,152.78751056737872
translation,159.53491247058952
translation,160.04918703070774
translation,174.51526857206815
translation,150.04074851937358
translation,151.02873199912761
translation,163.01563012933235
translation,157.73722315874286
translation,148.23481649185075
translation,159.5063499126026
translation,168.39376604965958
translation,138.88027028952814
translation,145.34909611271397
translation,161.9839395672447
translation,172.46326189897326
translation,118.1101799323394
translation,144.349485920972
translation,169.05471160727387
translation,174.92736142516327
translation,103.09618792005517
translation,24.034927906965294
translation,179.09625210231255
translation,170.2225628891419
translation,83.93485796923424
translation,17.38234061878396
translation,169.19407826246342
translation,142.68546224786184
translation,61.602461770724105
translation,10.89450890778581
translation,160.2091918529387
translation,94.18460521908005
translation,46.09923721948111
translation,3.8954873367094143
translation,147.48094070931603
translation,54.19232327625576
translation,28.733890679136234
translation,4.36082563805516
translation,62.67007326167207
translation,44.46864060657467
translation,20.12478271466797
translation,0.8063316968556795
translation,34.790959923368625
translation,41.7497324709222
translation,13.479540184754365
translation,0.09400780589360272
translation,42.358082516207844
translation,44.8371595598817
translation,7.06540870972127
translation,8.449203990708044
translation,46.2287535430255
translation,45.476978429494274
translation,4.104289240506662
translation,8.967339700396439
translation,50.50115674923218
translation,44.24127189519405
translation,6.3888015870542585
translation,5.34467038494992
translation,54.56026355820859
translation,37.86233241096165
translation,9.338776367812725
translation,3.0478427730635915
translation,52.13310524706893
translation,29.891754464015072
translation,19.112805794865345
translation,4.834204821460721
translation,45.32510725001091
translation,9.84923272844237
translation,29.875288610558403
translation,16.794575781932185
translation,26.146299586797063
translation,28.06310531953072
translation,45.178561806575686
translation,29.270559549053207
translation,28.96871020189906
translation,57.706654280561814
translation,49.21429177656717
translation,30.480335294782
translation,36.99063800805233
translation,68.78498296742679
translation,49.96068794614203
translation,28.091250915125343
translation,53.89659429850125
translation,69.93629568357849
translation,46.67724207461231
translation,20.15528018816024
translation,62.957943763757015
translation,67.07869720133179
translation,40.579675713396625
translation,15.509557951965006
translation,76.65755787932972
translation,71.67645200879811
translation,35.024750007805885
translation,14.293767536653604
translation,73.8716257078846
translation,76.61584214400811
translation,29.91366662022055
translation,11.262236778096668
translation,67.13020307436952
translation,66.65759335696052
translation,24.163539920398893
translation,2.89578850096339
translation,63.76426513879228
translation,53.81156450824718
translation,19.36542692204893
translation,6.080631064934389
translation,55.75086473160538
translation,28.142725487912966
translation,5.969403253523434
translation,17.939110362539864
translation,65.62211189273461
translation,23.288540503392362
translation,13.558241620070769
translation,27.388771807388714
translation,73.06786807908139
translation,39.163760556863394
translation,30.44762083203351
translation,44.663856748238686
translation,83.15345254643762
translation,41.537676272312495
translation,34.2322530237461
translation,68.16788564225922
translation,47.890522252351396
translation,30.21982046002242
translation,29.0393417079986
translation,65.36233246163249
translation,40.364973581111066
translation,22.242138941145786
translation,27.543621783680752
translation,69.71211673553911
translation,24.24741145554224
translation,8.868327358695353
translation,27.945367987986753
translation,74.15552902648788
translation,25.253692208810758
translation,2.7500760119997008
translation,31.540767752982
translation,77.3387834306902
translation,18.08310845185257
translation,4.567056200662094
translation,30.160961160984574
translation,77.57874711401873
translation,16.14939657660476
translation,8.30248785153141
translation,35.655407227447505
translation,69.25951373446608
translation,21.047955341783567
translation,14.701685927910166
translation,65.68979693312899
translation,31.27739387210159
translation,14.316787665441014
translation,63.566981181784946
translation,58.42857143800769
translation,21.851027200238658
translation,10.633566718258924
translation,74.03203202326158
translation,51.05477891551356
translation,10.22457711427887
translation,18.240158828073813
translation,82.88238477284908
translation,44.5601924908971
translation,45.730551932244055
translation,44.27614701426147
translation,93.05942053350257
translation,46.80371492661323
translation,52.435217444764625
translation,60.07241330752207
translation,100.26930292930588
translation,72.41882679601517
translation,46.510020072172466
translation,57.27579210066985
translation,104.49708489513434
translation,95.93761087242834
translation,45.721912007082835
translation,76.73070177251718
translation,109.93777085373851
translation,89.90078860679763
translation,67.47651561194577
translation,103.78961482584299
translation,117.71234073408576
translation,88.07486589271358
translation,105.21224379952234
translation,111.55685044638005
translation,120.95245390226678
translation,95.20132855672159
translation,105.36600175591396
translation,118.484403637549
translation,112.97594180114895
translation,88.56238415355692
translation,121.23210069133906
translation,114.49489412625898
translation,72.17327699053943
translation,115.1423787121348
translation,129.59877957327802
translation,90.39809051903848
translation,63.52151382080539
translation,122.71459293040063
translation,144.725499534454
translation,130.91529924091282
translation,62.52606291883457
translation,55.953063780756395
translation,27.33136940521134
translation,35.501743411906446
translation,60.9780044359972
translation,68.69010768657438
translation,115.92043837254846
translation,129.72202494141862
translation,147.05051882696625
translation,150.17362009114166
translation,36.20766862121477
translation,152.6027532044539
translation,23.670108719298774
translation,153.9296823866403
translation,92.19087141299353
translation,148.3670486948874
translation,112.06267315842304
translation,148.09412037986363
translation,121.9378618169037
translation,145.12342431630825
translation,131.26503180388934
translation,142.25144289596034
translation,138.33705473988576
translation,138.6559282055273
translation,144.4695811595689
translation,139.8124184088568
translation,143.16633268346163
translation,150.64516523003596
translation,142.62303443053918
translation,149.6854018140226
translation,151.91191295453925
translation,144.72374611312014
translation,153.71384279346623
translation,155.0881704097618
translation,150.88786441817794
translation,165.99184403649954
translation,151.13977238024256
translation,159.0519988389463
translation,159.5754902856295
translation,173.32855589333897
translation,153.2461088362346
translation,161.82003882169943
translation,169.5530541195461
translation,171.64040185345496
translation,149.58519196467637
translation,156.87665027672386
translation,164.6309729829325
translation,153.7523478825509
translation,149.35861138736075
translation,149.53647213902195
translation,158.60347160215932
translation,138.8459378004836
translation,149.88500898047792
translation,146.01210544619013
translation,151.08664771791982
translation,135.94417127084716
translation,151.5042794965445
translation,140.79422950185332
translation,150.2844028201521
translation,138.01844998031186
translation,154.69120004837947
translation,141.82456045883683
translation,149.73399042261264
translation,152.37119495340553
translation,160.73753578768546
translation,145.23789142746526
translation,153.05436822702134
translation,168.81728613548586
translation,167.7495773844845
translation,82.19915549104061
translation,145.4576637451509
translation,176.50416247960078
translation,171.8341505569788
translation,61.889937543394865
translation,104.99367181774177
translation,171.90143740454894
translation,157.96131201336732
translation,54.50559191685271
translation,44.01675297696629
translation,170.3936524615511
translation,40.29565204398101
translation,25.682369371508912
translation,157.00259333815848
translation,13.889125588949927
translation,29.294262912728726
translation,22.098915870694714
translation,79.45967773064413
translation,12.750108462065247
translation,24.972118036828434
translation,23.76463057983418
translation,12.836670992421368
translation,12.092506349089893
translation,19.626527838717468
translation,22.328626555205403
translation,7.629184030286116
translation,11.146889492636427
translation,11.692690997452882
translation,29.19332412578514
translation,8.510974306777973
translation,11.387312067701682
translation,8.006536982654557
translation,29.012100351234714
translation,7.928554802577837
translation,13.151720217274416
translation,12.301964849563253
translation,26.13739696265631
translation,1.864682998728201
translation,18.508000645501404
translation,19.182918725599254
translation,32.53501111722619
translation,15.163836747578717
translation,22.555299365174392
translation,11.781656945062
translation,43.67819908199037
translation,23.438350704397216
translation,20.24503672077535
translation,26.15874740981768
translation,47.28516178315487
translation,40.08830545641327
translation,31.333524681417156
translation,41.40665814576433
translation,50.306601142965306
translation,43.93863430190812
translation,49.47478137543417
translation,51.53981269564467
translation,47.78722520415042
translation,38.98522659144191
translation,172.9005058472396
translation,65.42628636657763
translation,49.786312102815245
translation,39.45076429665801
translation,157.58634239490706
translation,53.638691760395886
translation,49.537865486816386
translation,62.64002629321025
translation,130.61246120856984
translation,61.79357779236035
translation,51.25099891991863
translation,126.91334367902563
translation,112.45678274699151
translation,69.43162663368386
translation,55.175588936648886
translation,151.72688096011404
translation,124.64453688577807
translation,76.28270812085265
translation,64.59379626765762
translation,147.58243897554374
translation,165.45466860750295
translation,75.89522082028415
translation,70.24741488946009
translation,126.61472802532819
translation,122.49069204769789
translation,69.28400754927044
translation,75.99425749532607
translation,84.61116921951549
translation,67.92056758586044
translation,59.01790999795457
translation,63.58773385424794
translation,36.194811409550795
translation,67.47733791299105
translation,57.49405605340064
translation,52.85408836628672
translation,54.90439895080823
translation,59.09356078984764
translation,61.96373665294701
translation,61.68875707292361
translation,68.20753330080724
translation,71.55638061109089
translation,68.47580300354798
translation,65.94646105149623
translation,81.60874651936305
translation,79.1889998167695
translation,71.93030981367181
translation,76.17544309430555
translation,83.39754218284375
translation,77.90498327328062
translation,72.60991079836307
translation,86.5494995309291
translation,60.27216204823903
translation,70.50401601333881
translation,74.90467751878609
translation,87.88154009147561
translation,68.19335245486977
translation,64.33318446517085
translation,63.499082406455756
translation,96.02453828339512
translation,70.13714507574578
translation,51.06199515571459
translation,44.48417091648732
translation,111.02174354480329
translation,65.02995726140314
translation,42.794789330727255
translation,35.58510388341812
translation,116.58441960131353
translation,90.90172082381031
translation,57.912813116005125
translation,58.77495205779517
translation,141.8615176461044
translation,56.89893636810934
translation,57.67085459154086
translation,77.44639013519449
translation,137.85662145998802
translation,29.543148462195088
translation,58.80764724193724
translation,114.23407304867686
translation,130.17615661876383
translation,26.427884385560077
translation,63.49401042522151
translation,136.35699993157615
translation,102.02631036637356
translation,40.908165181493125
translation,76.49328349953385
translation,157.5375276519568
translation,85.31779701149365
translation,57.842057239719466
translation,61.48473884458997
translation,161.71396602979019
translation,87.21006914839681
translation,76.48668989828971
translation,31.55982953660278
translation,162.92061822677312
translation,91.76863996565937
translation,90.77434110057581
translation,8.101400263190587
translation,170.08786534669466
translation,104.2532224248161
translation,106.06016429408663
translation,120.68033345431954
translation,160.74711600703432
translation,111.40268757102012
translation,90.35550012315461
translation,131.2734785686249
translation,173.7109684356274
translation,120.45197646194637
translation,62.00060562633209
translation,135.29168847037903
translation,178.29497608728605
translation,123.98813743319332
translation,72.07346301497257
translation,127.69769696985777
translation,158.49449882744452
translation,123.83682261497802
translation,86.23555365733891
translation,120.24543580145601
translation,108.23087206377672
translation,117.73627665986618
translation,127.79744260859972
translation,140.8247364402144
translation,107.13439174488406
translation,87.42372510799648
translation,172.397445034059
translation,163.5866884408515
translation,107.62740347772699
translation,77.82499637419325
translation,175.25898745711234
translation,174.9016037163614
translation,107.06812696274082
translation,73.5819466972333
translation,168.57558711373008
translation,165.16684651544873
translation,97.54622327830555
translation,64.98123124666007
translation,159.54303674158402
translation,144.242240744254
translation,86.811686486263
translation,145.8911737920114
translation,86.55220040226935
translation,76.91408058807208
translation,61.062110152710076
translation,165.39207415791117
translation,58.005834185687135
translation,69.42522955828683
translation,57.696771106753566
translation,115.23449041944934
translation,59.26154058101596
translation,58.58105705073363
translation,49.29490018297357
translation,66.96768541633168
translation,57.27212768884562
translation,48.32830828974239
translation,43.39946355882416
translation,51.9997710335713
translation,62.409081062280045
translation,39.553790115606425
translation,39.108658186504286
translation,53.90637221197802
translation,60.045849747649456
translation,32.62494565123737
translation,37.785245149879984
translation,46.353106083417266
translation,52.9086985234884
translation,23.864780997238416
translation,35.276556707738216
translation,39.6163125760774
translation,52.18563866005437
translation,33.642214232272465
translation,34.096825384626875
translation,50.364134524433545
translation,67.31568295955178
translation,38.830473614830446
translation,37.85494383199117
translation,86.17512580525474
translation,90.15968651046597
translation,57.5069180109763
translation,48.132610708471915
translation,138.35991519645032
translation,57.37368914342929
translation,26.432763666581227
translation,91.47498743831716
translation,160.31238200005322
translation,13.495383365679778
translation,19.576083728184457
translation,108.06683793606682
translation,158.60461384940072
translation,17.05362115552827
translation,22.37040012026871
translation,106.55557560637645
translation,112.45191381468358
translation,29.23475269461474
translation,18.921775553161396
translation,103.0377853192028
translation,19.098186722902813
translation,34.171920500978906
translation,21.962205207274476
translation,107.09427322946166
translation,11.385560432067821
translation,36.01636533816181
translation,23.878834313696974
translation,113.67808139903445
translation,16.571240572816002
translation,42.493084422317125
translation,9.213507207832887
translation,112.88054986202773
translation,27.197743443564537
translation,14.99958338980426
translation,21.524719096072527
translation,115.843724476265
translation,42.11911545411722
translation,17.96561556534381
translation,95.60202813090159
translation,120.20521397315943
translation,157.67104364345082
translation,33.094494796687556
translation,119.34277098760515
translation,126.65823118060221
translation,171.5532725509298
translation,41.657947903004676
translation,123.24800228926087
translation,116.21091767309954
translation,152.81907194243954
translation,50.624953089086404
translation,121.12481407400021
translation,100.73795041857736
translation,94.58945056904987
translation,57.70864528916941
translation,122.62224481000389
translation,84.18922674956885
translation,40.08807177416034
translation,47.29770113828598
translation,115.32564166062537
translation,15.415657286441652
translation,35.42398614464674
translation,49.88271525967597
translation,117.49704194229336
translation,24.280614025296867
translation,40.19320753688556
translation,118.48829703051358
translation,121.95926378281965
translation,11.680362543246181
translation,104.53531663101046
translation,123.00653411840841
translation,113.438042132585
translation,1.0370298326336473
translation,136.24086060211448
translation,117.53113776765238
translation,100.77689587402668
translation,127.17873948690766
translation,118.57303790915871
translation,92.685141890725
translation,94.73637458167447
translation,119.55972647145431
translation,118.57667008278935
translation,77.74767700783798
translation,87.06291416636566
translation,113.86502564692442
translation,121.444452656583
translation,45.049830405383545
translation,77.45933900528028
translation,109.1606442734771
translation,123.27320919731132
translation,3.6012117783321553
translation,42.86099893930971
translation,116.86487891829476
translation,128.80290161036578
translation,26.336807666662647
translation,30.092974878537728
translation,125.11007180660506
translation,87.89485788764031
translation,39.907212460231115
translation,35.71109146207161
translation,146.91894634458487
translation,11.933861234705194
translation,46.17749509146849
translation,31.77972732374612
translation,128.88220403870156
translation,16.30845459605689
translation,50.26132988693844
translation,44.128202555081714
translation,74.06896890134657
translation,20.308707065974335
translation,47.232160005541886
translation,27.477857529396466
translation,39.53405670808959
translation,25.039707266042207
translation,48.80956750353711
translation,13.018282088161017
translation,16.717910590640077
translation,28.87518806690035
translation,47.98916086081591
translation,1.8350447945804456
translation,0.329912430349729
translation,29.795712516978078
translation,46.917162730578255
translation,6.248668178791161
translation,4.551304076684942
translation,31.648249552595132
translation,43.06737011527569
translation,2.6417956947703
translation,28.763027921470265
translation,46.78118414559393
translation,61.086177138253234
translation,28.770657552132036
translation,49.78638953888869
translation,62.52015043621347
translation,85.61118001481816
translation,44.30143190216362
translation,58.98357800278088
translation,77.87158204192974
translation,121.7006110436932
translation,51.72723829332701
translation,65.17496424756234
translation,86.49586336756039
translation,127.78841867804621
translation,57.07755271553351
translation,72.63405033383079
translation,105.48766732983488
translation,125.85606357778403
translation,57.085581019381664
translation,84.26646170671228
translation,145.9335061982389
translation,122.71776943252901
translation,70.20201311200925
translation,150.1728109110459
translation,171.1438676865849
translation,124.23889478667031
translation,97.83117959727731
translation,168.47823444569224
translation,150.4774216767392
translation,121.09777332069075
translation,164.48031175632164
translation,139.68940262655786
translation,131.41363120705515
translation,108.37168590887639
translation,113.28639834433655
translation,135.87075624483518
translation,120.56721005139379
translation,89.61442513859997
translation,89.7641594877909
translation,141.29351642062886
translation,105.05267259674197
translation,13.637273227170976
translation,72.23175283294252
translation,128.5114092401722
translation,101.10354081064492
translation,17.088182128118138
translation,65.44985216565297
translation,103.48092163978957
translation,92.37031239020354
translation,21.30199641051032
translation,68.91670452131672
translation,85.231103675965
translation,74.43917330645128
translation,21.23226102769962
translation,62.89460983208749
translation,82.11703987735042
translation,38.01104006753658
translation,15.925794978710709
translation,51.91216709240517
translation,82.77311312565146
translation,5.255045744540084
translation,12.270683691509824
translation,9.073979003973276
translation,79.64629673769484
translation,26.31536695003707
translation,13.870656797033412
translation,59.92396368225012
translation,22.364955669901565
translation,38.11760669659333
translation,15.287259549559776
translation,72.75979420451218
translation,55.804315019890026
translation,46.0506926191277
translation,19.30883080383137
translation,69.00535938681348
translation,53.14534902858835
translation,55.06034754343821
translation,12.613970853107398
translation,62.38363087734457
translation,49.024258835629425
translation,60.19927405673195
translation,15.62786728704756
translation,50.50338201148592
translation,45.08997585743786
translation,60.45924775042458
translation,43.892133109027895
translation,36.21069480290546
translation,42.572915619874266
translation,60.50879929542717
translation,88.15968652098782
translation,31.027810319286925
translation,61.89449441758528
translation,39.86258519662488
translation,160.93232738825503
translation,14.439806595367262
translation,85.48842752924945
translation,93.94544238043083
translation,170.26143500906656
translation,7.456783983486945
translation,123.80520660192944
translation,107.98370169158218
translation,168.40679894611534
translation,5.901058296732788
translation,171.11590755124584
translation,105.6637569541239
translation,170.4713268828322
translation,21.545414802443364
translation,100.8888500041155
translation,95.35188448492023
translation,145.03255188359086
translation,38.316611454103885
translation,91.96539091485361
translation,94.44650761037866
translation,28.159553648402483
translation,53.15935165589937
translation,91.07033899585227
translation,97.47994232593378
translation,19.855348544534227
translation,63.22211753095504
translation,92.19375996884962
translation,109.80577033267096
translation,8.837275296390956
translation,71.77606178874619
translation,96.7423898094413
translation,152.19114245601136
translation,7.244545636575807
translation,97.73698957128255
translation,99.21913753067699
translation,157.5161629148983
translation,16.324798663215013
translation,131.40301808322712
translation,108.19143283364552
translation,123.90477811477292
translation,25.283935081036287
translation,153.77116408147037
translation,163.15689080648676
translation,105.29011793418692
translation,34.416062614729654
translation,98.29925736543801
translation,125.4403045987337
translation,89.70353602186816
translation,36.406928746192364
translation,90.52217898337092
translation,103.44271197586956
translation,70.62952015439284
translation,37.80533642631196
translation,66.70330158147692
translation,99.19698239972962
translation,53.083481867710994
translation,33.705575642747114
translation,43.115251017160965
translation,83.91263279109748
translation,27.709084046474572
translation,5.683129925908358
translation,25.28654974673661
translation,57.07712156513242
translation,12.313618382524258
translation,24.949960164430625
translation,24.79516121094921
translation,18.059804272420042
translation,2.3999068078643453
translation,52.53234136555541
translation,22.25053221516972
translation,5.1654568053418854
translation,9.058862963575269
translation,66.80870060854784
translation,15.162696696283666
translation,14.586391354148855
translation,19.245752336197068
translation,71.3048039039222
translation,5.308673886188739
translation,17.644183958624843
translation,38.01920037914687
translation,72.01166788913149
translation,12.549187935754137
translation,9.523614886786007
translation,63.16741604749183
translation,73.84802551729975
translation,8.2282435157155
translation,11.338426980407249
translation,95.10855469935431
translation,72.01097993428904
translation,115.73333351701754
translation,43.73968757327247
translation,126.56639465163961
translation,161.3135526297674
translation,147.06296322233575
translation,109.07983588112364
translation,140.49554291848168
translation,158.22206448918047
translation,141.0643496477664
translation,121.85437233405771
translation,145.23247211388903
translation,160.671867570558
translation,146.0934404883381
translation,128.35020312900096
translation,151.7977243007375
translation,153.9104886191002
translation,136.9411121766695
translation,148.89438874858462
translation,154.7023319962919
translation,135.36323651535434
translation,132.04528708128908
translation,162.6560932678705
translation,166.40266280795205
translation,108.00099616731534
translation,150.56439446441465
translation,175.1216597682884
translation,150.83968924286583
translation,94.09179692071129
translation,159.76460884749287
translation,169.16052503669857
translation,63.55081983897258
translation,78.61071220059087
translation,98.23380454673973
translation,143.49435836904874
translation,66.10476247295209
translation,50.85380388920707
translation,47.49760499847045
translation,35.046623175142344
translation,58.029908136949835
translation,15.635495774545227
translation,7.648523784270736
translation,7.511453236909237
translation,52.32790669181161
translation,4.96428862583922
translation,1.3005357433472462
translation,9.617077585043852
translation,41.60018248997615
translation,20.20246043433525
translation,4.84800803619421
translation,36.78553970532845
translation,42.42935804894869
translation,23.302316018341386
translation,0.951906234378152
translation,63.38355445207919
translation,41.194355729705514
translation,28.825967860437526
translation,5.076701195753057
translation,79.93622839304189
translation,62.484311607448625
translation,175.57667765008694
translation,6.567683607042095
translation,97.04221481633823
translation,122.70224303162055
translation,153.7592658542941
translation,120.53224552653562
translation,78.41815526791068
translation,109.37772022316727
translation,107.56880630352322
translation,100.0892954702594
translation,37.88094273612799
translation,86.26689359939019
translation,90.46844654853537
translation,103.94881117260297
translation,73.96091986501199
translation,85.458040900378
translation,83.177038486214
translation,99.21745452647289
translation,90.28188898884875
translation,88.5538792188178
translation,86.94570601609392
translation,116.96325546810655
translation,105.07883046571601
translation,104.45012292485691
translation,97.71519166440449
translation,123.51090606768751
translation,106.95641814478431
translation,116.95207784339603
translation,107.28403979836445
translation,119.00246982226355
translation,95.67999408928253
translation,118.39295550504035
translation,97.7530403764647
translation,90.71141410573837
translation,86.59588815828937
translation,117.0495130368158
translation,89.75190040202368
translation,44.590934299271396
translation,101.16674264771488
translation,99.96556995566412
translation,95.68822413759234
translation,18.386894362934886
translation,137.32739187636224
translation,116.23208414964891
translation,173.3359233034751
translation,13.320906923469824
translation,164.60372993950716
translation,78.33341497387887
translation,137.4038741702604
translation,3.949988589899154
translation,135.49186517214483
translation,83.57599641732837
translation,116.86743592254092
translation,4.116371252625365
translation,48.71844677183674
translation,53.18793023486579
translation,95.45475338924089
translation,6.05186787809362
translation,24.76088640719624
translation,25.487436053821096
translation,70.6892495356898
translation,6.640763787171349
translation,15.30753980824503
translation,10.810414328742445
translation,27.60024820885581
translation,13.955655491083098
translation,16.692569123289715
translation,5.504416685161944
translation,4.915568078186166
translation,20.177707835194987
translation,30.146380075582567
translation,70.54856012611774
translation,3.467171937401412
translation,26.67173535668987
translation,149.10602040827882
translation,5.519280376982192
translation,31.45606769024447
translation,118.49839199600004
translation,151.99841926789807
translation,13.967270715852115
translation,32.46841333207939
translation,163.17158214152315
translation,143.79286802542046
translation,15.128587983665854
translation,38.4600135520798
translation,164.5878128307818
translation,135.97280411978497
translation,2.9977563012730855
translation,45.19524427960621
translation,143.6004968730172
translation,117.8443107385842
translation,3.9800975572275687
translation,49.044572641582896
translation,140.5644594666951
translation,67.05365044894923
translation,16.95222085013643
translation,53.47282833088943
translation,129.53480268554276
translation,8.879947343404114
translation,21.936662677984238
translation,53.001994299608
translation,123.11249689343738
translation,11.11459241659598
translation,22.789118198038533
translation,47.2922301036082
translation,27.785278711802643
translation,12.373772469156991
translation,22.544364174225418
translation,34.14110229855162
translation,20.109123829516623
translation,19.724894276012577
translation,15.617314567874296
translation,23.883116096811776
translation,23.42249294542682
translation,22.628123706206775
translation,19.72317346330871
translation,24.266248892456268
translation,19.42510956420029
translation,13.017803067107451
translation,27.915132725969634
translation,30.267824716001105
translation,16.56216127933361
translation,5.865354870069324
translation,37.63048123905518
translation,34.36592060043601
translation,18.309271360318967
translation,9.688453841226465
translation,51.98992071468657
translation,38.621289202083716
translation,17.671442964978397
translation,31.9785221833354
translation,76.15733150655096
translation,48.28515615051944
translation,10.689399076740123
translation,52.60837635363551
translation,91.11546116746572
translation,56.88346765730798
translation,23.176594106555108
translation,64.96251516728853
translation,99.46849326418308
translation,67.78694256767888
translation,68.2157463841087
translation,81.87823002270414
translation,105.31776797976505
translation,76.17406051236208
translation,86.13473715266204
translation,102.52358356452834
translation,106.69959748433757
translation,73.78704301992639
translation,90.58789101070943
translation,120.35160192061656
translation,109.7510545733449
translation,74.84600002349477
translation,91.42701593571329
translation,128.671615939169
translation,108.51514074612986
translation,44.67060984576346
translation,99.8013262661431
translation,140.21218015325854
translation,111.26218209973759
translation,39.501031749447016
translation,34.627593038095185
translation,27.93170840310347
translation,24.814527769500895
translation,24.554258455354123
translation,16.99594382364939
translation,8.628015854586238
translation,26.237390240237517
translation,64.09456012248695
translation,14.348499725772689
translation,74.27395507404475
translation,26.814033059499277
translation,83.85343205606954
translation,36.15852177320762
translation,75.81217151925459
translation,51.52106350602341
translation,75.16483591482883
translation,80.26122838366406
translation,72.20327411957932
translation,119.37474343031302
translation,68.52422615418847
translation,149.19801334013994
translation,71.32848366602718
translation,162.945409947133
translation,117.83651103915666
translation,170.2102744029483
translation,165.911753760047
translation,160.64591648984307
translation,176.2927291662557
translation,168.26309977871014
translation,176.44825170982838
translation,175.83807843065472
translation,168.63724389715694
translation,170.19600620966543
translation,174.77757742867917
translation,168.70504305839992
translation,163.09588131135487
translation,166.618418708346
translation,172.14263046351724
translation,167.58457873674598
translation,154.64774781492443
translation,174.81562335368082
translation,166.87643373388127
translation,162.958475722311
translation,150.5201803888487
translation,168.8030333629666
translation,165.42591705053755
translation,156.88065307995703
translation,146.18216465933654
translation,164.7765197217466
translation,164.79236876794246
translation,152.73987696286414
translation,139.4707044017549
translation,164.05923100841497
translation,164.91252240207052
translation,155.59719379185898
translation,110.68972029588848
translation,164.2205988023354
translation,166.24652976210896
translation,160.43420938674282
translation,88.146534632049
translation,166.41670365954997
translation,166.98537707118703
translation,75.44136035078571
translation,38.79737245953641
translation,168.0153474160887
translation,161.1061172122591
translation,51.000673867516674
translation,5.98866882186854
translation,173.11691136661634
translation,35.792653484712
translation,38.05471613166431
translation,5.328552175340909
translation,169.00120341531806
translation,6.174281804637939
translation,31.58719157101802
translation,23.34887108464463
translation,7.412818834808095
translation,5.444522782751652
translation,26.284386505995496
translation,34.76613028713611
translation,1.838691268826515
translation,4.9436301166385235
translation,22.427822206621535
translation,44.31733273490024
translation,6.007293275744441
translation,2.897888523150623
translation,19.621235055273264
translation,53.47068621869651
translation,8.563631626831159
translation,2.8520642925802084
translation,13.283966110598367
translation,63.191506308069
translation,10.079982597518555
translation,10.561893673339759
translation,8.147366687166643
translation,69.10935123542109
translation,10.01282531144511
translation,25.426639084773335
translation,2.4129730563502947
translation,75.7313232909932
translation,8.222698445560804
translation,45.504272137492855
translation,8.492668852339227
translation,77.41316805254914
translation,38.20687415656723
translation,63.72128763879184
translation,53.60748408821384
translation,78.07616118994184
translation,80.92149209315863
translation,73.55858557542425
translation,101.89225111597345
translation,86.95570251883468
translation,99.08043426519777
translation,76.12699246429207
translation,112.18834353570412
translation,96.16285887637055
translation,98.09084827227568
translation,71.34267992390667
translation,112.43409617850331
translation,97.65152483820071
translation,86.49557597067852
translation,54.099948188025024
translation,109.51282137873255
translation,84.37485568002852
translation,68.29239063628646
translation,4.749923098976944
translation,104.45820649215598
translation,58.143468945880905
translation,45.718051162241764
translation,58.3119343315873
translation,98.22272447075107
translation,15.171756050327833
translation,29.291551966059597
translation,83.12229030294922
translation,93.09433112095954
translation,19.756035232690035
translation,30.87489356424695
translation,92.36985748930586
translation,90.80170782349347
translation,33.04660511812819
translation,72.64470915215995
translation,100.23927276814422
translation,93.39599567305265
translation,21.29614635111159
translation,95.19408755168891
translation,104.3493676496593
translation,96.79070107970435
translation,5.547747685769244
translation,104.90017333297337
translation,108.40925266749272
translation,101.69780934424425
translation,25.572896360747496
translation,107.05903051708357
translation,111.32709139526014
translation,108.07677436195841
translation,32.63650455396074
translation,111.82431028000413
translation,111.97460795561858
translation,122.3737755853179
translation,38.07198059845786
translation,111.8949123499564
translation,108.99461255603839
translation,73.40098427116871
translation,36.082435687594725
translation,115.48841224239197
translation,101.59887553698093
translation,68.6681693022767
translation,25.81548754287615
translation,115.17142365599143
translation,92.76353060531079
translation,66.95184036123553
translation,13.001946690156526
translation,116.10713866534954
translation,26.422755698874536
translation,59.30479178934869
translation,6.9811463046135085
translation,104.8927202995603
translation,55.4425430242463
translation,51.816029771187786
translation,20.70559308962915
translation,27.838964159031754
translation,61.13456881229116
translation,44.13175343428767
translation,35.50157839460243
translation,28.088744901239227
translation,64.24998574108805
translation,38.16317779558724
translation,45.927007366508384
translation,52.87427908015802
translation,67.8988192185075
translation,34.85439963296833
translation,55.14975899068852
translation,64.64468903365105
translation,69.86311564196349
translation,30.609181130450423
translation,61.93698635082472
translation,77.73693366187791
translation,72.57694510896852
translation,22.216179423595083
translation,60.97416857658972
translation,80.36363743615637
translation,72.15208980044544
translation,13.096776986522359
translation,55.387927198787224
translation,76.84927573390672
translation,64.90908030948648
translation,8.848416678277953
translation,44.834878281649175
translation,76.47587900379018
translation,52.49032191564751
translation,10.63259174425054
translation,31.73961798816952
translation,72.44259207690787
translation,34.46705932669272
translation,19.406313681415373
translation,10.579838699543783
translation,66.89121206074809
translation,6.503474124804867
translation,26.189925483115957
translation,44.51628636943667
translation,53.773929617329394
translation,22.945405278523424
translation,34.555810538469245
translation,68.0161882256744
translation,23.73551069290181
translation,47.85577240065648
translation,42.832675278929045
translation,79.67488515776509
translation,25.618947229084565
translation,58.97727067138615
translation,11.222784386596215
translation,86.74598164843646
translation,67.15501359800618
translation,62.99217235544299
translation,29.755513912161888
translation,89.39067249896625
translation,78.17211792614019
translation,63.435583795285005
translation,54.576196670469834
translation,92.26480979090351
translation,84.18455962972386
translation,61.87123278533847
translation,72.98545847267158
translation,96.02326410452086
translation,84.22816477582212
translation,59.84809418383709
translation,113.00872652283718
translation,97.93555713712031
translation,64.35632400268962
translation,98.80298021993609
translation,129.72386411263702
translation,96.13937655264031
translation,25.369551377524303
translation,102.65190032054014
translation,130.09879293896807
translation,93.7097640772871
translation,36.37636029985404
translation,103.63049334250255
translation,129.39598815108124
translation,67.70245868529598
translation,83.93740531071336
translation,102.52019814046278
translation,133.58134676992273
translation,80.32443905681247
translation,107.40487372750427
translation,101.80981410734844
translation,141.7264610942448
translation,95.05172350001483
translation,117.26207645999563
translation,107.67470087738931
translation,142.5019210553798
translation,105.42718817431555
translation,120.87584712339196
translation,122.60865869022508
translation,133.1505004934422
translation,110.17328019764744
translation,117.62088027990717
translation,147.37620961932822
translation,108.72895531882092
translation,88.89059299449174
translation,82.75322033263713
translation,115.22934441309472
translation,91.4486253348921
translation,16.418614184706428
translation,26.963968250297736
translation,102.2658799969266
translation,76.14540403919123
translation,19.589611570566845
translation,57.573356428654535
translation,95.1301258074883
translation,60.08015284515968
translation,26.336029545120656
translation,89.32489200770678
translation,99.18307834360874
translation,57.44044072469052
translation,41.73406377110602
translation,111.03305346253484
translation,104.87458328304604
translation,61.4030786286758
translation,48.723384355798565
translation,118.56873395320603
translation,108.2599912019563
translation,54.81257955013654
translation,65.95933870190238
translation,119.21944022178141
translation,108.90682521857485
translation,95.14367880838701
translation,59.93289504758606
translation,109.97719968046711
translation,88.36210140449691
translation,62.01928941190393
translation,33.844150239081856
translation,88.36247158680919
translation,10.567189781474454
translation,48.99404629289193
translation,5.881261321319245
translation,48.56882424556036
translation,38.981374766649026
translation,43.83143303629618
translation,18.540701054022282
translation,21.717926495052183
translation,49.64003759523901
translation,39.401646288101894
translation,43.27610253629458
translation,38.63015888047051
translation,56.28009408037226
translation,35.879606998093266
translation,61.063419907785345
translation,54.78629493097414
translation,62.65067946829598
translation,28.38422003513044
translation,84.02002733937064
translation,60.44630015341391
translation,71.79714404951241
translation,10.769626229041519
translation,87.97592807342987
translation,60.38088787997582
translation,80.60552593051635
translation,10.591961463768873
translation,89.35695187248548
translation,68.20273170349002
translation,76.4489565754704
translation,17.882834785255593
translation,88.73309500596379
translation,71.13320190767686
translation,66.51424996917994
translation,12.14718336744715
translation,84.95719236781157
translation,84.04583543633682
translation,49.0398439256658
translation,28.88284771230287
translation,76.4494682626666
translation,89.13153273811616
translation,18.941494794760747
translation,106.94332963246833
translation,61.90436819537072
translation,64.19690956916456
translation,24.96708948007646
translation,145.75780559669244
translation,4.265234964932153
translation,47.146240168935506
translation,55.135162651971385
translation,155.70427918369916
translation,31.36541835694238
translation,24.713485217501155
translation,65.213834348695
translation,151.01110774650007
translation,37.897098782267086
translation,41.94708357940134
translation,64.35194368060058
translation,147.24383900695
translation,41.517091532876904
translation,51.26191767431367
translation,71.76941176131655
translation,151.74318165972696
translation,43.06511384644037
translation,67.02645835575613
translation,85.74174597168278
translation,155.87762974693166
translation,46.20259465092712
translation,82.76533037836172
translation,118.2076316736189
translation,153.63246633691864
translation,48.97652658252006
translation,90.9858503960658
translation,177.2190055585636
translation,147.2214906200964
translation,41.74874855920289
translation,109.70862654199105
translation,156.1527177845604
translation,123.72906264518454
translation,32.28896315948512
translation,167.0977165797916
translation,141.75822098562764
translation,92.10329595696788
translation,11.349103752800632
translation,127.66059760876892
translation,127.46303944878096
translation,73.5893974214154
translation,42.25868164376457
translation,126.6129681948483
translation,123.0012289326288
translation,50.831648715905914
translation,40.26195708301177
translation,129.92418709138295
translation,119.29338688425956
translation,26.141705832331237
translation,35.12416245337476
translation,128.78331471473768
translation,112.7568807605875
translation,6.970389179681627
translation,32.59834365811836
translation,117.94738179847204
translation,97.10776416318849
translation,17.972193870180256
translation,17.647233829458088
translation,108.39094471309369
translation,34.827088337191064
translation,28.57281158639779
translation,1.060610313448866
translation,80.38314134580614
translation,17.22646124638989
translation,32.01133735379522
translation,9.974650566438017
translation,3.7618880020718026
translation,30.73172226654786
translation,31.417953730663097
translation,18.089972591813513
translation,30.052890447353793
translation,38.529587643128025
translation,32.35117856518556
translation,27.390069904463
translation,44.48719259223738
translation,43.750541288287195
translation,32.792845819704596
translation,32.75522585721902
translation,42.060895220599235
translation,42.50731506165999
translation,26.852505896061928
translation,28.28474683980367
translation,40.766114418459736
translation,41.835981865370535
translation,19.29400206811577
translation,18.976201355757023
translation,41.79095133207739
translation,42.917527382414235
translation,16.98341309963251
translation,9.996917654907309
translation,40.2859244294794
translation,40.68244763386327
translation,9.695520525931672
translation,11.34252713432829
translation,41.076041055091736
translation,40.19696630355846
translation,7.159302025356202
translation,56.80022545602856
translation,42.13209939711871
translation,28.39105653066964
translation,32.18086551730241
translation,98.20834477539135
translation,45.42802340865448
translation,8.427401752113893
translation,97.79167712902262
translation,106.18134701803059
translation,39.34613184698279
translation,25.129616932759568
translation,108.46657212707088
translation,101.41076470370159
translation,39.69150980614784
translation,49.363855525996826
translation,109.8889663234998
translation,99.21599344244729
translation,28.415803684010953
translation,73.93103216084991
translation,110.85210734324471
translation,90.72143224764748
translation,72.93596846334346
translation,92.43128173373654
translation,118.87408349511801
translation,83.1380716118491
translation,89.14367154587453
translation,106.8023705206178
translation,130.6670842672111
translation,78.51925833165663
translation,90.60475751403118
translation,117.33699319165602
translation,129.32423717882892
translation,71.27560350704414
translation,102.17055537179401
translation,137.42301229419738
translation,131.52756387256045
translation,53.414215207316204
translation,111.26026724643512
translation,147.63293897647907
translation,131.23211561047842
translation,31.47215021210663
translation,129.4599397562296
translation,154.78152553183497
translation,131.4862279060712
translation,18.276042454269845
translation,157.9022096830773
translation,155.23042817565545
translation,129.1246245990422
translation,8.600190738750888
translation,171.4473347875393
translation,157.6201538576125
translation,110.64527476664614
translation,0.462797876099538
translation,162.40693231539524
translation,156.2849350786284
translation,62.32899817511092
translation,6.735879106541511
translation,162.95269763474903
translation,162.7450624204392
translation,34.34036883268271
translation,18.362523435193385
translation,140.47197130803505
translation,147.37644492187974
translation,25.87696884894781
translation,50.71330524597457
translation,90.9621256677839
translation,120.68961853818712
translation,16.586646774987102
translation,68.33254613819797
translation,88.56821608468265
translation,90.44659805945096
translation,5.002558830766189
translation,77.44695115933101
translation,139.72318159124603
translation,91.20599968811429
translation,3.0733853727404745
translation,96.19083508872446
translation,125.52311312942929
translation,73.45568397179946
translation,3.890594905759466
translation,118.71360896852374
translation,121.22410978413912
translation,16.188361852808598
translation,9.555012028304324
translation,152.8477489659507
translation,88.74285456782036
translation,8.748741180563181
translation,7.457148182594643
translation,152.0037556846641
translation,30.31296786992206
translation,5.469426316424198
translation,3.441085974400988
translation,12.43222879798743
translation,17.87979527284056
translation,3.716699342093207
translation,6.725672131142559
translation,29.187108645407843
translation,5.205624318815607
translation,6.616700715970861
translation,19.142011080634855
translation,37.25778254751064
translation,8.147535223647965
translation,9.063451698006931
translation,45.07941993840967
translation,29.53675976980957
translation,7.062285485814338
translation,9.367371653530112
translation,104.87432426466542
translation,14.097030997968915
translation,8.771357518957808
translation,13.17809138597613
translation,152.23960531451831
translation,15.60764129418585
translation,9.387306759130555
translation,19.912563660808285
translation,173.77458721640218
translation,13.848118813806552
translation,9.516615176990749
translation,22.461945647269363
translation,178.0883737964632
translation,4.764714987630582
translation,9.561632765242535
translation,46.02593839166464
translation,173.0146673418148
translation,8.714347737061795
translation,16.824287520586942
translation,157.39476803340676
translation,165.56244629699827
translation,28.518704849207882
translation,40.201327517421795
translation,161.05031982745334
translation,164.3177376620038
translation,77.01281595923044
translation,165.4625842320862
translation,160.6171839705323
translation,179.34099211865075
translation,125.73114580575734
translation,173.79026974198504
translation,162.52896199161535
translation,170.04228421854702
translation,139.24310253757272
translation,163.39478692787793
translation,165.4844950768964
translation,165.0923151648198
translation,113.21613024095788
translation,154.64192225626186
translation,169.1128245195697
translation,155.2035974553153
translation,42.39037779111693
translation,151.4940009440452
translation,172.45736849595255
translation,138.54501292656266
translation,10.684964825188928
translation,151.29107452569386
translation,179.58655220100982
translation,25.898639195521987
translation,2.685359168873036
translation,166.61888748376046
translation,140.9747838923881
translation,8.518468209791743
translation,11.366804748499751
translation,163.33908132239023
translation,88.16231614121529
translation,13.367193544568526
translation,17.379356158713556
translation,135.71619834106875
translation,63.77786357319492
translation,14.446968943403293
translation,19.90224522732536
translation,90.48299281339409
translation,37.16655288335452
translation,15.373124439118781
translation,21.09498764435592
translation,57.58411651597109
translation,23.639539155323632
translation,15.508569017734743
translation,18.334168375402538
translation,32.63591418299382
translation,8.58849354640283
translation,9.66562366643219
translation,8.072906794923933
translation,17.159421196043482
translation,5.629408798693517
translation,8.92235203730992
translation,0.8123752665585094
translation,11.051857782900278
translation,1.1742568143231473
translation,8.752347269626892
translation,10.677444667207775
translation,22.39786141856343
translation,5.312312551748316
translation,8.539763657002084
translation,24.924611174344296
translation,25.02906285229545
translation,10.798638623544027
translation,9.300317047423647
translation,50.79204843281025
translation,10.65846761673674
translation,7.189581042484696
translation,10.370695711028803
translation,96.25901184565262
translation,13.072020370446488
translation,1.9205576649623737
translation,10.922465382359972
translation,143.39503282960078
translation,10.1897539690574
translation,4.959433715051528
translation,3.821749670939573
translation,148.31223662420933
translation,3.5873254584281717
translation,5.4861333713915785
translation,8.688426730274484
translation,151.60538372224158
translation,10.255089215025505
translation,5.065316021325032
translation,27.90451538216386
translation,153.10348026802848
translation,12.33516312298865
translation,8.805514332251514
translation,68.05482378660577
translation,160.32428931205084
translation,4.388187646601352
translation,12.488565277985677
translation,133.83058008961862
translation,173.24095968221818
translation,11.669841220072707
translation,18.78666249816719
translation,159.55820735425
translation,161.5417004971605
translation,15.794677821814306
translation,19.444690003130578
translation,167.09330813567968
translation,53.619130555117735
translation,20.25415877449428
translation,19.9665996238793
translation,170.01141577126978
translation,35.72821574180701
translation,19.938901088022746
translation,3.235124838405598
translation,168.77362953990638
translation,38.12362807384942
translation,22.13593610222473
translation,95.92100339469555
translation,170.610595862055
translation,21.03530014508073
translation,20.43433149908584
translation,144.82081518373218
translation,175.80326618143144
translation,5.72714275311544
translation,15.453294800724809
translation,160.25296894828142
translation,178.67920557679287
translation,1.7485851619939279
translation,135.32596763266702
translation,166.68814507969205
translation,175.80444944892957
translation,9.5568430324914
translation,146.06946531169703
translation,169.10828874539104
translation,177.4211467305919
translation,53.52110129465805
translation,153.38823845957577
translation,171.73614325215144
translation,175.4590891976146
translation,90.22984501237856
translation,167.30707096266815
translation,173.1834649700884
translation,166.15648328645176
translation,78.14057026476038
translation,173.45277332641584
translation,174.2683992474431
translation,49.94800975808641
translation,90.4716712117309
translation,175.91979666490337
translation,177.28967497232537
translation,22.465702934831317
translation,56.78676431446317
translation,176.83056427085938
translation,173.17671591909513
translation,24.51251997701433
translation,30.837710551100567
translation,174.54759661701286
translation,151.11543379811494
translation,21.505912237001834
translation,20.83549821722808
translation,167.63850754382972
translation,75.82457477731202
translation,15.716247519655283
translation,9.53373806556934
translation,171.11111552223034
translation,36.836403560494986
translation,11.104874436198564
translation,2.1704652945576157
translation,37.419213610594596
translation,28.53717378179948
translation,6.862753255173519
translation,5.431599861984716
translation,33.2733690462648
translation,25.75866093011379
translation,4.408105564016943
translation,10.168757916920711
translation,35.362334426690715
translation,24.656421394592183
translation,2.3843228246245123
translation,16.530243850799682
translation,32.55095638297629
translation,20.607503983767124
translation,1.7851130823976666
translation,14.372326193233445
translation,25.61163174216224
translation,16.528035985881345
translation,9.869766597073692
translation,7.558499663672404
translation,17.814540582159097
translation,12.34951863176437
translation,21.777204774631247
translation,9.351001447001634
translation,9.615014320540462
translation,1.1994613149410562
translation,36.39050521906574
translation,125.8210031485691
translation,1.0979201210185283
translation,15.882029432379952
translation,63.60875888907666
translation,174.83714174476967
translation,4.366761235354032
translation,37.67519860669787
translation,102.67020723411606
translation,162.5355044030294
translation,22.815222334994356
translation,64.90418516761878
translation,143.7377122344674
translation,150.0164726471797
translation,36.94497936562335
translation,100.81335473410785
translation,162.93424640820066
translation,139.69566738873934
translation,95.29641605763678
translation,125.41318023194286
translation,171.51419751910245
translation,128.67629033478408
translation,112.08377447616157
translation,137.1300091643326
translation,175.57001950639568
translation,100.00418506024442
translation,123.42822277938814
translation,146.39777200940281
translation,178.36872741190635
translation,76.6219191433417
translation,132.447483737719
translation,157.87064859660347
translation,168.61932021530072
translation,65.80112431883049
translation,143.42071263867706
translation,171.84051376437174
translation,157.746493835387
translation,64.26270219551121
translation,167.56932234028938
translation,174.29953583994362
translation,143.68590905164078
translation,59.1005496569982
translation,177.49601775800429
translation,160.662314298937
translation,127.77725601097961
translation,47.62933167601082
translation,157.38874732156205
translation,149.53062107113044
translation,106.06008903619015
translation,33.69567530940767
translation,153.45564272174866
translation,150.82687109872137
translation,85.7186617020438
translation,22.289722985586813
translation,150.1840213726183
translation,150.58077391723603
translation,64.83310650097386
translation,19.924480481587167
translation,145.23367691134786
translation,145.3867187332006
translation,51.25961475405813
translation,13.424855244696307
translation,147.57795561210537
translation,142.20633146601617
translation,46.601757725783244
translation,6.306733050972433
translation,153.29654928357456
translation,130.3905876511826
translation,41.28499731458403
translation,5.5343321674517325
translation,153.70113066471464
translation,112.77698137633656
translation,33.35821387785518
translation,8.255951178224114
translation,148.69768471834539
translation,89.4824800420283
translation,20.59380052891997
translation,11.58600308444363
translation,136.86595477016138
translation,65.02764206913861
translation,11.000310407539986
translation,10.193715529513295
translation,99.39923667853965
translation,45.78687016479484
translation,6.961143870250927
translation,10.918117867505599
translation,72.42728006905436
translation,34.125000504097734
translation,3.4136120613352663
translation,12.171051865932242
translation,61.98095932379622
translation,25.90362896603045
translation,2.8434670185577633
translation,10.793131488864933
translation,44.39666638175942
translation,22.33347986483621
translation,5.045928270297029
translation,8.161322683667843
translation,29.516926969351317
translation,17.883137303399387
translation,7.7573104805127295
translation,6.392543618333504
translation,11.918436684644723
translation,8.498083016070543
translation,15.365100114076725
translation,17.696216223544248
translation,4.818897327898189
translation,5.79231982909578
translation,25.074276017923168
translation,46.295229720468384
translation,2.3154608325376316
translation,22.680922009622474
translation,47.41221883685665
translation,105.9430178736418
translation,10.353208458391489
translation,36.48666162346345
translation,88.23791073904931
translation,172.26525306441235
translation,28.4282738561634
translation,52.84988300210841
translation,128.66812648234094
translation,171.1413228444073
translation,50.186370100261065
translation,62.046895693463
translation,151.00252473728634
translation,159.43344591539247
translation,71.12375317828534
translation,78.0155350126396
translation,160.5600107838767
translation,162.1393925289749
translation,73.17989784870596
translation,93.06423082688656
translation,171.242753542571
translation,160.14319573300827
translation,73.84712219743498
translation,115.601573071374
translation,175.51972771432017
translation,155.50999066034845
translation,74.94856024010254
translation,152.54023225668334
translation,166.95755371875742
translation,152.34112872361143
translation,93.61059521574366
translation,173.90646582163376
translation,154.69339341438967
translation,148.56291784461203
translation,167.51670514079177
translation,164.44666076481147
translation,143.55350735408956
translation,149.53547215427776
translation,160.91894385053732
translation,159.66216042687591
translation,135.6708238818564
translation,153.1631772112064
translation,150.6295838316815
translation,155.57098419212417
translation,130.65989398349242
translation,158.29919284117875
translation,156.420092715667
translation,156.32794001257776
translation,131.1046372410518
translation,169.97910444902772
translation,160.10847784021075
translation,156.2163740952774
translation,131.17480773087723
translation,165.50306534815724
translation,161.40277579386924
translation,154.62980746983354
translation,128.23863550166368
translation,136.99075971751537
translation,163.85682894700815
translation,151.52963277250137
translation,127.63042707485704
translation,106.41571111535484
translation,161.69358398132607
translation,141.67530439466245
translation,119.13288133562823
translation,85.22229142037581
translation,154.2771084865436
translation,118.56484046123413
translation,93.36173532495967
translation,63.01124002850041
translation,146.06157941305526
translation,98.93576719112117
translation,58.47347985349711
translation,48.09572029546237
translation,130.03275331978148
translation,86.37170089289542
translation,34.98892668774249
translation,42.386773153102965
translation,88.35546082814751
translation,78.48238633411154
translation,36.964639051632176
translation,36.86561926148219
translation,62.00885588396052
translation,69.78664743206541
translation,45.2181612389446
translation,32.59929368227628
translation,57.93390858621963
translation,66.16906887491014
translation,51.250622143208126
translation,29.776360799833366
translation,57.483005396872436
translation,50.445353781927
translation,50.659903549226
translation,31.40027971123594
translation,61.20198593641625
translation,18.78084631571403
translation,48.24676812430536
translation,29.161658893490895
translation,76.05790087753908
translation,28.549629744338482
translation,50.47471252566153
translation,33.26087462117753
translation,128.37823603537402
translation,56.351017163777364
translation,53.01151036422666
translation,37.9594143014996
translation,91.20226013840367
translation,67.27896991419625
translation,54.92613934857598
translation,40.98910843194561
translation,62.50990348523226
translation,68.70329520435577
translation,55.07833303449414
translation,41.42720714846997
translation,57.28025918836937
translation,68.37611714236584
translation,52.9227375476078
translation,36.611040186931
translation,59.414736716932566
translation,70.81008071172103
translation,52.499175410015596
translation,37.87773903631186
translation,66.70638248608223
translation,67.92277836736193
translation,51.821149245770506
translation,34.111330049504645
translation,74.22672158957452
translation,65.17217351463353
translation,47.04530448662149
translation,27.115647303977948
translation,78.63532634631255
translation,61.19317613404637
translation,38.139699603543114
translation,17.666520617437996
translation,78.67276973051162
translation,53.0333845734672
translation,19.978928504476407
translation,35.55421063009098
translation,62.4104167608324
translation,46.674980748334
translation,20.778465974069196
translation,61.17696054483964
translation,46.22005469536216
translation,30.43826096596109
translation,38.307954874971266
translation,63.52466355244641
translation,22.067082498150754
translation,10.386069620296974
translation,58.70541159290137
translation,68.21361548875221
translation,8.277011993301853
translation,26.997867186334243
translation,70.92525280631195
translation,76.45192206265551
translation,19.02534822051126
translation,58.55228403771562
translation,82.62434607536223
translation,82.62476440997898
translation,18.804777396487225
translation,71.75777081171809
translation,87.79031270599242
translation,81.98337211874896
translation,37.90045965175118
translation,82.91596415337058
translation,96.2728855237617
translation,82.62839890098384
translation,85.91732674518133
translation,95.39711674471373
translation,105.50072735891733
translation,84.9260513803587
translation,103.02914119649728
translation,99.17791855457673
translation,105.23670055602406
translation,88.2219948931371
translation,99.73370480708518
translation,100.54626583495734
translation,97.64854285110408
translation,89.81810970897821
translation,98.08561867236473
translation,100.92627473260525
translation,91.72217592575434
translation,91.3655984399953
translation,100.2284914717718
translation,102.74793300808112
translation,91.86949288326569
translation,91.90552784370404
translation,95.15187569079346
translation,101.74227292634937
translation,89.62395612326124
translation,89.31438815569614
translation,97.77863476755363
translation,105.84657312341626
translation,86.33113434265594
translation,86.61145079048987
translation,95.40405915882499
translation,116.44233974021692
translation,84.47353719474816
translation,85.19404730559918
translation,108.55530461139412
translation,124.93069564020531
translation,82.35610794680804
translation,82.73426262058214
translation,119.3633777986585
translation,116.52037193529392
translation,84.06454186461423
translation,81.98929588844366
translation,131.5951181050553
translation,92.47977322404265
translation,85.14902458426954
translation,48.6798921875606
translation,149.5868321032808
translation,81.99712351880567
translation,88.71832454001208
translation,44.58696468033881
translation,141.5522986485791
translation,84.59604502133644
translation,88.65223240746617
translation,45.201143213643284
translation,115.11109684482946
translation,85.567543310459
translation,85.7374917842032
translation,60.662737985959815
translation,78.19161550803533
translation,81.82580842671514
translation,80.02319618656094
translation,58.604674481116504
translation,61.73035424140464
translation,78.19322188055648
translation,73.40353281214315
translation,67.59840697717965
translation,70.74479080207229
translation,74.67292346683716
translation,63.785024258501586
translation,64.56423795754769
translation,78.04420384410606
translation,77.23292228175512
translation,41.83734701973875
translation,62.70109147225071
translation,84.44428717877571
translation,85.06511806984534
translation,12.106630093230665
translation,61.03808749470794
translation,87.58942474184192
translation,94.79938163597122
translation,53.37121019090305
translation,58.299109130782625
translation,80.03904662036174
translation,96.01911320647596
translation,67.65882349092423
translation,55.3031116843894
translation,78.12554830553424
translation,93.79005968844608
translation,76.1087197916462
translation,53.77407670280028
translation,88.77779096645025
translation,95.28996712878443
translation,82.72663608307613
translation,54.7932251936301
translation,148.63230867600063
translation,96.96904813492124
translation,85.742613247707
translation,53.94426452841707
translation,113.3187379922734
translation,96.24263332054713
translation,83.62843009713775
translation,50.64374248787255
translation,104.85476158622856
translation,88.64308814037521
translation,78.70904764551183
translation,43.46317968143246
translation,89.28941732800514
translation,78.85711713046955
translation,72.34707842612178
translation,32.71749436511889
translation,81.15595455790407
translation,70.44418787220691
translation,64.54432459424659
translation,20.895660884659428
translation,75.09210846286716
translation,68.0448367812324
translation,56.766571939173126
translation,9.627533018071304
translation,73.30122582565116
translation,70.77411317042046
translation,49.56447021386379
translation,7.091409709801675
translation,66.93088813049172
translation,73.11840505149324
translation,42.06405346669922
translation,6.777441282297598
translation,61.84822534408426
translation,74.36446028323589
translation,34.05808845262141
translation,10.732365602869978
translation,63.25123568933358
translation,72.47508712771072
translation,25.013361823220922
translation,15.734136699518064
translation,69.0876378905963
translation,69.20194993195719
translation,10.154275849716642
translation,9.798039327286107
translation,80.00449986577382
translation,66.25512779850823
translation,7.617470617894307
translation,13.664416138895243
translation,92.85727912034167
translation,57.18247043867167
translation,28.742890357584123
translation,31.76628214168159
translation,101.96448149647027
translation,21.590691493964567
translation,49.783177033098035
translation,36.96660397840825
translation,77.13489786428958
translation,16.77011060230944
translation,49.051033469183686
translation,45.81711086124473
translation,20.739474640682467
translation,16.914906463379495
translation,38.1407517512551
translation,66.26860618141974
translation,10.27016692382787
translation,23.79035071008779
translation,30.60267493241558
translation,79.27929977908059
translation,14.601285905759822
translation,32.999765804634
translation,28.37172550238915
translation,116.45724901020681
translation,19.652034813533156
translation,39.196485643763666
translation,24.726956277155207
translation,146.3934064114926
translation,26.94891528150213
translation,44.89072001324502
translation,19.94599307307647
translation,157.22136271278137
translation,37.80580908276695
translation,51.253111988807206
translation,8.11758682121337
translation,168.1901422238921
translation,48.04172972707117
translation,55.323200243956826
translation,77.81550454988442
translation,174.517771074278
translation,56.10411788440237
translation,53.98341089091595
translation,120.46076454833587
translation,175.51486667730026
translation,60.07440211307404
translation,50.09856367052924
translation,127.84313933881788
translation,169.70074674059725
translation,60.53090082483347
translation,39.05885502135499
translation,134.11068147693516
translation,160.25017093714436
translation,59.123172776724694
translation,17.43259476302567
translation,141.09407434327176
translation,150.811982967667
translation,49.04553194288831
translation,72.48100989530347
translation,146.12715461485826
translation,149.04217603224532
translation,25.485524902974554
translation,109.51783358943267
translation,147.89983702658708
translation,149.2383303558627
translation,63.78403142903318
translation,121.33871980366814
translation,151.05716063716278
translation,151.15097680053177
translation,103.6016110757089
translation,127.80508243061625
translation,153.49421061138204
translation,152.60662897282378
translation,116.30038098265882
translation,130.52094457286694
translation,155.4126504699251
translation,152.28171681847053
translation,124.05868913160042
translation,132.53153243732143
translation,155.35837583304928
translation,151.16300112879716
translation,133.1653770774843
translation,138.4143705727859
translation,155.21529251056023
translation,151.88615749937006
translation,135.94612787750515
translation,146.00659706715655
translation,154.2689886608061
translation,154.16075742261148
translation,136.69354973304087
translation,153.72250557931284
translation,158.45574640954746
translation,156.66666634402318
translation,137.0864199049909
translation,160.0735018228668
translation,165.73775391281012
translation,159.25563427767807
translation,143.4438519320344
translation,170.82293751851796
translation,177.12749814595946
translation,170.13054244871492
translation,158.2496781380749
translation,173.6649205056854
translation,167.6020646476199
translation,178.80476485309117
translation,174.8546360077255
translation,155.72522119678698
translation,155.7684523193227
translation,168.5005639460302
translation,162.55222518583952
translation,140.44934758829248
translation,138.88556360568563
translation,142.32448968571185
translation,139.07798930139347
translation,128.37605668111286
translation,130.5972669772606
translation,118.34698442604066
translation,121.20892068953071
translation,92.12883813809697
translation,82.88457282786212
translation,85.93178720812392
translation,106.43680076664654
translation,51.6175467225237
translation,35.776844629051496
translation,44.18409261331705
translation,90.42827650506045
translation,43.96581775789871
translation,18.952248496202476
translation,26.644678291989948
translation,30.217980924565243
translation,37.47928925604788
translation,9.342970670252129
translation,14.487007813379758
translation,20.881014804799523
translation,25.9445022265268
translation,17.074387635522367
translation,8.014628387688681
translation,30.04930814935702
translation,23.34751603244117
translation,54.708301516072765
translation,8.562412507784279
translation,22.380408297819567
translation,32.891389158717054
translation,45.1060769570134
translation,16.007137243197818
translation,99.27680389463767
translation,58.60964650332012
translation,52.27445321856721
translation,30.197170980299816
translation,135.52465363857917
translation,20.7272805173351
translation,79.55646991171963
translation,40.97186082347247
translation,143.57589968848782
translation,5.022015533957318
translation,36.50466564204028
translation,44.18818653785504
translation,149.24961105508322
translation,19.39021211138232
translation,16.18410515057037
translation,45.957461512286415
translation,83.76914323933572
translation,25.51385394087683
translation,7.3058293410114885
translation,45.69332046349154
translation,46.63163371364013
translation,49.1645526202144
translation,4.678458552340147
translation,44.17934044139116
translation,22.03914119215298
translation,80.44312672933081
translation,14.427774795800287
translation,45.25918379697834
translation,10.465046109842454
translation,88.43970118719247
translation,26.040879045457647
translation,52.142499991311
translation,25.87415114801755
translation,93.09434991897913
translation,38.83695876792176
translation,56.84395236229813
translation,94.16105471957718
translation,42.70702197142994
translation,61.754784229978185
translation,164.0167694831618
translation,79.31703528667636
translation,48.625021704476374
translation,66.46589057367606
translation,178.0014995725899
translation,63.838139955611105
translation,55.57543536542696
translation,71.25905152777474
translation,151.11392344165162
translation,27.809095340797754
translation,55.37591904271967
translation,69.20188003162627
translation,86.15793098546574
translation,26.305479412004036
translation,54.56409446635107
translation,67.1328463509066
translation,33.910778528676076
translation,28.880196495548894
translation,53.98056563739171
translation,63.04132815687868
translation,16.00537039147984
translation,28.940053822445496
translation,53.78104314172963
translation,61.391428487555224
translation,8.416468870735208
translation,27.760446675390103
translation,51.543922366511644
translation,57.79672782920865
translation,8.493007849783867
translation,31.888553563116325
translation,55.55925895098515
translation,57.91718396361426
translation,22.922927277537806
translation,43.44432874306286
translation,63.477250082175075
translation,60.94786027368571
translation,34.60648923128067
translation,52.61575205616534
translation,70.08532943238744
translation,63.10259171298048
translation,45.95388251475694
translation,59.901289950355526
translation,76.42402164433463
translation,64.98365263652231
translation,51.779454322469
translation,65.06402239347517
translation,82.91962489815296
translation,64.795312497798
translation,62.77020512847723
translation,71.68243149076855
translation,90.92851739216503
translation,64.35227005631378
translation,71.42630873700193
translation,76.84606567520429
translation,97.99561352104148
translation,59.568490471938915
translation,72.33810938725748
translation,81.54036981260344
translation,100.4204045309046
translation,47.410111733995166
translation,75.70672185986393
translation,91.17327342212192
translation,100.58045425145313
translation,30.222330118949017
translation,78.58622857713104
translation,107.57472495747099
translation,101.36021040615482
translation,3.5254242379536045
translation,82.6914377475548
translation,127.26369933321088
translation,101.894402867115
translation,19.74145975392696
translation,109.85299550955379
translation,145.87564819236883
translation,95.88111385835545
translation,26.547691957704018
translation,151.1589155431568
translation,152.52236525109794
translation,54.952758980349316
translation,26.532797154532844
translation,173.9149021361663
translation,172.3165617392235
translation,40.109298408582994
translation,28.13558954946888
translation,175.55270784188596
translation,172.26317386291345
translation,33.165205301104734
translation,25.67398511666565
translation,166.56584034099248
translation,177.4903098403488
translation,16.73729003383412
translation,19.143685052315018
translation,142.41820391227648
translation,138.8999469358433
translation,24.50539815798866
translation,7.839903864111723
translation,130.14776189199543
translation,63.23305517315404
translation,29.997373242015687
translation,6.371970594901306
translation,155.04800172339398
translation,18.920658409778113
translation,33.20644148469935
translation,12.180535035359222
translation,92.72910661038367
translation,2.169004193652356
translation,26.978466770822706
translation,24.149943798580686
translation,26.591598889025935
translation,9.888146942360693
translation,23.209724268465685
translation,33.02866148277738
translation,12.595467881476742
translation,11.066050456726295
translation,18.213882073743605
translation,42.181445599920465
translation,10.967683600042282
translation,5.755061452539339
translation,13.418967077830764
translation,35.10490014368268
translation,12.320669881009572
translation,4.713574735542937
translation,10.316609224052684
translation,36.68527450202756
translation,11.72895874602675
translation,14.112617575982012
translation,1.729358722222241
translation,4.903932713746296
translation,9.47494056637998
translation,24.21007371953563
translation,8.643758915735637
translation,25.984366027450484
translation,9.95838637123981
translation,31.1131872122899
translation,20.098285670842277
translation,29.718891756135235
translation,13.338203220475233
translation,27.551753970776822
translation,35.251009427256214
translation,67.97476875312837
translation,23.192963907643712
translation,22.48740087682671
translation,50.28959589805473
translation,89.58480508805282
translation,33.061742211910975
translation,14.56866163674008
translation,65.08623047141266
translation,96.59387704095869
translation,37.60086623992328
translation,8.583560095592757
translation,67.68079342061995
translation,101.85137549855536
translation,31.081415161411588
translation,4.175972328997112
translation,67.81011804104655
translation,104.34428107585242
translation,9.05102494975042
translation,32.315208456432956
translation,100.6528748775573
translation,106.47611276086243
translation,17.950229634786506
translation,65.39931774623514
translation,171.66467260319035
translation,107.44491556727748
translation,43.022536283965465
translation,87.05211720164152
translation,144.7536141678488
translation,108.66976049908737
translation,51.71499042257871
translation,101.55358204560558
translation,122.16542553146589
translation,112.6198782261783
translation,81.66217664840508
translation,114.98689116070226
translation,111.80016513064263
translation,116.76990511975688
translation,114.05067365892245
translation,126.81356792812075
translation,108.49388966168324
translation,123.55383982469424
translation,121.12790475710051
translation,113.51468722282749
translation,110.28649838798275
translation,103.44003693211623
translation,86.89385804082964
translation,47.96314107128169
translation,25.79038789234712
translation,152.50259471810992
translation,47.70077329303127
translation,156.52962506301438
translation,60.17333909516388
translation,139.73658191447353
translation,69.77753451333552
translation,130.2685940924476
translation,76.53608421882552
translation,116.60538660247735
translation,68.84504514806537
translation,96.02501761315786
translation,59.195390084132384
translation,36.46921990592875
translation,52.391498346984065
translation,11.3677579649836
translation,46.292248469993076
translation,143.5011223919022
translation,16.79427941636799
translation,44.3335349982429
translation,134.33169702421483
translation,27.8103484820795
translation,42.01526392599186
translation,108.19466084017232
translation,40.466607333365786
translation,38.70490791220339
translation,49.19116668552298
translation,46.9693357351996
translation,36.43723484110732
translation,171.27138051115446
translation,11.586963525065133
translation,48.186422866319845
translation,34.713636984863086
translation,122.1288720972828
translation,9.97498571238758
translation,45.64798188074024
translation,31.5764921104435
translation,43.16734133072076
translation,17.25410528803973
translation,43.00048944607176
translation,29.106335287704415
translation,18.244040858999295
translation,17.328691587001888
translation,39.451252571646805
translation,25.73199329672941
translation,8.433015102722623
translation,21.607265500064784
translation,39.89330946619091
translation,25.007948605899184
translation,19.045213886171037
translation,30.973437536771264
translation,39.68081935658603
translation,24.715693044735794
translation,28.326694759485477
translation,44.51430276937884
translation,39.78146588291496
translation,25.17053252818712
translation,32.87129974862344
translation,52.9117659253316
translation,38.748065605937825
translation,24.979337797685265
translation,39.655336940711244
translation,57.922654666607144
translation,37.939138513298595
translation,24.403048670435233
translation,52.25918747829082
translation,61.01299253395706
translation,36.418845602873795
translation,22.86245265905328
translation,69.38773771579065
translation,62.162210746540076
translation,34.01082484952591
translation,21.063013904347553
translation,78.91533449197122
translation,61.35743255178042
translation,30.97149750683832
translation,20.74658630265944
translation,75.3918053163697
translation,61.23509822794403
translation,27.590885912062685
translation,18.409891879637414
translation,63.561167397697005
translation,51.535755959202795
translation,21.218212291805187
translation,16.449377746779795
translation,46.1400259275073
translation,33.10688171478057
translation,14.022496806581039
translation,13.48842290349698
translation,36.196494930004526
translation,15.211802857091604
translation,7.041159038406831
translation,11.155995235696924
translation,36.355125041047664
translation,5.399091067599151
translation,3.668989533198734
translation,10.669256113587643
translation,37.53649990604732
translation,3.4915394333894385
translation,1.7743673179714878
translation,10.786853273349582
translation,27.489300444092155
translation,7.209001405722072
translation,3.7337235952379833
translation,9.910373986333754
translation,16.785284575564837
translation,13.058430105804545
translation,4.033255863787332
translation,8.614610067392457
translation,30.67551946163265
translation,15.503969113345407
translation,6.015523006537157
translation,8.221699514517987
translation,28.679592338414082
translation,12.67682618054521
translation,4.043885148565354
translation,10.058088043669414
translation,25.493903135721418
translation,9.284702670458245
translation,2.3397269880100784
translation,13.627858746934239
translation,14.459831612247072
translation,7.3579729932328055
translation,0.7836367255439769
translation,17.70478197351473
translation,9.672333609953341
translation,7.571620156426224
translation,4.2050182054147625
translation,23.1366901337082
translation,14.252538479173653
translation,7.900410323352803
translation,7.093688137008637
translation,31.416870767340573
translation,13.500179585545657
translation,7.293121988004294
translation,10.427164412359154
translation,45.18082600334123
translation,8.709391245839871
translation,3.4767229833490774
translation,12.92972594651258
translation,64.23430797790198
translation,8.50956800183704
translation,3.726849592806587
translation,15.241038947052404
translation,84.16024272080519
translation,12.576792588462022
translation,2.314645096244838
translation,20.38860894444421
translation,106.25664961530127
translation,12.745849777239075
translation,1.0571075737665603
translation,28.929817255583167
translation,122.78633513852449
translation,3.4733352434917544
translation,5.802342356228243
translation,44.327617735620805
translation,132.53008291590092
translation,3.278715521457856
translation,11.436855719896647
translation,67.88349825499326
translation,137.72819888625173
translation,5.473245174817752
translation,18.677527011832034
translation,96.66167978333176
translation,139.97709887122676
translation,9.621679401235694
translation,32.07194381426
translation,116.07455034741858
translation,140.71347066441535
translation,18.356364414561646
translation,38.56947325181923
translation,132.56545716800818
translation,142.0201274692948
translation,39.75304075495071
translation,78.43292684093977
translation,135.5544502549985
translation,142.16919644134617
translation,62.679340780562526
translation,107.84932690759227
translation,140.1547057081697
translation,142.99543601401592
translation,81.130573889336
translation,124.5404311005048
translation,140.9577855493462
translation,141.98580672811627
translation,81.93848780023121
translation,132.25601260454494
translation,139.4057754517361
translation,138.80357307495257
translation,104.8946898116666
translation,134.8628645042982
translation,138.3184136656922
translation,136.56602995884654
translation,121.09564912461094
translation,136.5594300696265
translation,136.9338734177943
translation,135.40690073576374
translation,131.42207264607728
translation,137.46521604896986
translation,135.1975808700863
translation,133.41074497490607
translation,137.62173291448713
translation,134.25666212164353
translation,132.03858473670954
translation,129.8959765821301
translation,138.4481217662308
translation,134.7905545735594
translation,131.81326448482653
translation,128.67259891144954
translation,137.39915039915246
translation,135.03492293235846
translation,131.76792614273663
translation,126.27842448858267
translation,138.38567643985968
translation,137.46785308142807
translation,133.58053149204235
translation,124.33643917449668
translation,138.30894673485165
translation,138.43929568575277
translation,134.8326506951972
translation,122.23343988061728
translation,138.4465171573853
translation,139.8708848343456
translation,137.0307161808182
translation,121.79471096594955
translation,139.20905168807283
translation,141.1967903069278
translation,140.23127748542927
translation,121.8617904568875
translation,143.33181010670143
translation,142.32271096591668
translation,142.14089825565546
translation,123.11590092029704
translation,146.39539166801376
translation,142.79833914342754
translation,142.33441002088534
translation,124.62038813704049
translation,148.32696974483005
translation,144.2381874679392
translation,142.7747400715293
translation,126.09547734261648
translation,149.25581985240214
translation,146.84513247287765
translation,142.10997721655767
translation,130.71903360683552
translation,151.88319916924408
translation,150.1001583941914
translation,137.2668443641142
translation,137.66084996232902
translation,152.4606200147918
translation,153.32861586032934
translation,131.04134188902913
translation,152.1275669877515
translation,153.63410889201046
translation,158.86159727550074
translation,125.64598278210602
translation,128.64784813779963
translation,156.3469867341229
translation,168.15194569460297
translation,120.15299603330416
translation,71.06457640515862
translation,162.06071959280413
translation,174.3230587770257
translation,113.06046954682402
translation,67.84733846726353
translation,166.56955989751984
translation,174.06408791896672
translation,66.31101175808772
translation,66.24674225734557
translation,178.44832887735203
translation,175.80938233570248
translation,11.291819960491331
translation,73.07104594453507
translation,154.21167512246674
translation,172.1276036163459
translation,14.96852187676547
translation,76.92642851137923
translation,128.4117168968557
translation,48.22798014516266
translation,22.898766015053017
translation,80.24533126998206
translation,92.11918958693623
translation,27.977879361511242
translation,25.361376192515635
translation,84.16152096976744
translation,31.187498731377325
translation,30.577451595419024
translation,24.931488018618275
translation,92.81081623803425
translation,38.11945393228015
translation,32.44343688934227
translation,24.484618680473435
translation,108.44853004427831
translation,41.89193652242438
translation,25.24592312516847
translation,27.882183928822446
translation,125.27561033037176
translation,33.714680290453806
translation,10.69053309038615
translation,37.99244383331304
translation,151.83713631325614
translation,29.305042295219835
translation,6.2588676901437506
translation,51.92134903624763
translation,161.33667376898927
translation,29.770396892753514
translation,17.44442828666258
translation,70.09717231285188
translation,155.2434849189083
translation,9.477093257631275
translation,42.89469129076661
translation,96.98730027661041
translation,155.55376780297289
translation,48.211450465122454
translation,59.24741368604309
translation,120.85353612160235
translation,153.1626648177428
translation,62.523768543395256
translation,69.60135205253623
translation,137.87834641345117
translation,140.39581236320814
translation,71.62626199639193
translation,76.23230619284703
translation,152.83185324697206
translation,127.24279926525854
translation,76.45725690344779
translation,86.26966347239784
translation,171.90409447096158
translation,109.91245973783562
translation,85.45309848128238
translation,102.53065876335347
translation,164.74713241678353
translation,101.88289744354967
translation,95.58093436535133
translation,127.98095850509499
translation,144.24567491307266
translation,97.24102260060866
translation,108.55861812136345
translation,157.16221431957968
translation,124.70830485516558
translation,84.48201309880064
translation,120.30499643175392
translation,167.78935816125937
translation,108.16436459180238
translation,67.76770475603313
translation,157.1280494941213
translation,142.37205474580662
translation,96.67142157355023
translation,50.46269255429246
translation,162.733523755453
translation,131.25145673735167
translation,88.18327763649974
translation,29.833409943471448
translation,142.73560020669302
translation,120.63595927775361
translation,80.45706137069492
translation,15.27977570578838
translation,130.02955425370504
translation,110.84350726041859
translation,73.33823833066133
translation,7.44819634817635
translation,124.34839349294123
translation,107.39327260784188
translation,72.91738975992436
translation,2.486668823227581
translation,120.39028667369463
translation,102.40310402617358
translation,64.75456817650591
translation,1.2467755987691316
translation,120.71352176413981
translation,98.78765643442115
translation,51.635648948156984
translation,2.5851334134586152
translation,110.58210798879158
translation,94.67328706640997
translation,36.29124981760745
translation,4.536103142709534
translation,99.989655585137
translation,91.1368170578279
translation,21.43079376646367
translation,2.3825180369039622
translation,96.98810154092641
translation,84.7948204987458
translation,17.164936991278843
translation,3.40722398645217
translation,99.59486695168981
translation,79.5569458839212
translation,18.746811853901537
translation,4.384803661962372
translation,106.8674745347384
translation,77.93080489642072
translation,19.609156343981585
translation,5.002502944561849
translation,149.85253264965624
translation,148.22099957210833
translation,147.21853503077182
translation,146.29521160612993
translation,145.28856598294428
translation,143.21707649850885
translation,141.20444175023667
translation,138.10258458762848
translation,135.69514546691258
translation,135.4987861985
translation,130.58379971187048
translation,132.48855357883934
translation,124.70697469197567
translation,128.37610641088816
translation,120.75082954052445
translation,125.2323031851998
translation,115.77613062045575
translation,120.69294040840985
translation,111.44972830259206
translation,118.49726541802848
translation,105.2218811024736
translation,114.05348868516896
translation,98.59488776231929
translation,109.89427191052482
translation,93.53832035080858
translation,96.22844271267734
translation,110.45534354202893
translation,90.24416732991786
translation,96.04191232548173
translation,112.66561463504156
translation,91.13246236981027
translation,99.7985517257029
translation,118.43798778802321
translation,95.63590147213587
translation,104.70715290121126
translation,125.81303433594458
translation,101.44838880000636
translation,102.78425820505257
translation,111.36107179232748
translation,135.05702636965484
translation,103.92583746132794
translation,108.61040541003443
translation,118.78242133975567
translation,142.83895673401707
translation,104.18516711880456
translation,112.81550450571298
translation,126.3555365733827
translation,151.71896224142486
translation,108.92616134147605
translation,116.64129871897903
translation,133.6374271933145
translation,160.83759823549104
translation,119.41183146508634
translation,121.90236258240483
translation,142.80103126896228
translation,169.22755651669476
translation,134.51266890225088
translation,131.08150305684688
translation,151.83557912253954
translation,178.15734788018761
translation,143.12746633866948
translation,141.91877523594258
translation,159.06959647099393
translation,171.50712306395758
translation,140.63506640643325
translation,148.01831574139223
translation,168.45452060430043
translation,162.77985073390954
translation,136.836161446642
translation,151.4472199310355
translation,178.62209229106884
translation,154.6723156485153
translation,150.22907548702952
translation,161.1444279900935
translation,171.12227862487865
translation,145.7758678382743
translation,159.40491399203117
translation,169.71306947426814
translation,162.57886759127112
translation,134.8646246092942
translation,168.82494177132716
translation,175.66809354113659
translation,155.19092084128786
translation,127.32999402643387
translation,176.30763674672875
translation,176.54569421000028
translation,150.58044253341146
translation,123.26727533502111
translation,179.50267261400623
translation,171.65772314661905
translation,144.35529422430398
translation,115.65417898907748
translation,174.89888872263035
translation,166.69662734158211
translation,135.30759274409039
translation,106.47064297699957
translation,172.1953060965477
translation,157.8314155479537
translation,127.0164572644164
translation,95.65420890444817
translation,162.32811000462388
translation,146.1923043132151
translation,117.68224078653503
translation,84.07191662688058
translation,154.80004898498274
translation,136.86569786156392
translation,107.94969458134474
translation,72.89232469888401
translation,142.87921827873444
translation,126.8453146468656
translation,93.63072541890732
translation,62.232376333791365
translation,127.87029205227252
translation,116.05091264643069
translation,81.682962121061
translation,52.834028099853754
translation,121.00898283392449
translation,109.46138273211889
translation,72.77043096350369
translation,47.329298155162434
translation,115.76282296949626
translation,99.33661808494821
translation,60.61566390281427
translation,41.314731755106614
translation,100.26115578971135
translation,84.09805195984988
translation,48.55418183239323
translation,35.40271597981499
translation,88.5186315298306
translation,73.61951067291719
translation,38.50183185206261
translation,29.350299074893965
translation,82.93601584427924
translation,67.81073102983616
translation,31.206369051839967
translation,25.252729137588897
translation,74.70071160362775
translation,60.39723072945974
translation,26.92305647386549
translation,22.742568382106615
translation,71.26500923877147
translation,52.24762120175939
translation,26.30285069628075
translation,22.552149955005937
translation,68.82031426148357
translation,45.40880238763484
translation,25.57937682600023
translation,22.666494578073916
translation,67.85632081479903
translation,38.13537051994492
translation,25.802399788030673
translation,18.866002363209144
translation,63.370693938050835
translation,34.61805961318976
translation,26.98744542298866
translation,16.49446197246778
translation,49.6616247474778
translation,31.020488362896867
translation,26.397014680984427
translation,9.17122988116414
translation,38.11402769309673
translation,30.58133371456761
translation,25.803759939527335
translation,5.1746773097635135
translation,25.962098492448778
translation,30.68748209012512
translation,26.33078019950177
translation,6.953956266178357
translation,32.64878150078968
translation,33.932819746371614
translation,28.215744220166165
translation,5.801255641987536
translation,38.72930733271929
translation,37.9987191730394
translation,29.479348462590117
translation,4.9918091952960975
translation,40.884667294245645
translation,39.9192852406741
translation,22.974508949794863
translation,7.739085206896666
translation,48.50055838920383
translation,43.953063873227975
translation,24.386067743671813
translation,9.777356078372573
translation,47.12651974271735
translation,43.26912760879237
translation,14.188399377295253
translation,15.73664870516611
translation,44.611200012634654
translation,40.892187711171665
translation,4.068505517498682
translation,21.923286982929504
translation,38.14060609375692
translation,31.180416647735072
translation,13.085248942278264
translation,28.481774747244046
translation,31.18188219548861
translation,21.50878853545735
translation,20.8477764806163
translation,34.344616238179384
translation,28.68142898617596
translation,30.460404298882814
translation,25.93079765186528
translation,39.53793713490992
translation,29.533736993173882
translation,88.5132427976025
translation,31.01617469437185
translation,44.5630370171117
translation,108.18001030327198
translation,96.18974106331659
translation,37.06317834511744
translation,48.06929106855778
translation,128.12711298546898
translation,77.35049012582128
translation,42.10328603552608
translation,49.99982971283839
translation,128.52063337752674
translation,51.43651909319742
translation,47.99905245867876
translation,51.99972608872286
translation,127.78432919728799
translation,48.32801844924366
translation,53.46834115234165
translation,54.1215276963444
translation,108.26464439653802
translation,49.39444338748636
translation,58.589937404572396
translation,56.15082528915854
translation,67.9940822130882
translation,50.831731744017645
translation,62.742987374749916
translation,56.6772138371836
translation,47.98611576209486
translation,53.10831109310434
translation,67.24217597345715
translation,57.61554496957562
translation,52.2117305303314
translation,56.52214571965733
translation,71.71405448818378
translation,58.391695448108415
translation,51.520290527764054
translation,59.53805627318505
translation,73.58650743940032
translation,59.24938713715717
translation,61.56619397629782
translation,66.78857570219189
translation,76.33964045631859
translation,63.89972668876514
translation,67.65000429911807
translation,73.62436785931996
translation,77.81770109804286
translation,67.57954464915375
translation,71.64644090863096
translation,79.53402624849728
translation,79.22528360441835
translation,70.38835884866751
translation,76.38127962070804
translation,86.34121731589717
translation,81.46649739389848
translation,74.57604449638816
translation,82.19310322057561
translation,93.70347826341396
translation,82.75738350293034
translation,77.23901852668762
translation,91.5337816459284
translation,102.15506378352042
translation,83.80531540441403
translation,80.96847719179097
translation,100.7946581591679
translation,110.51606956631421
translation,83.78753084230695
translation,85.25748443160111
translation,108.41134197515667
translation,112.76380375088637
translation,82.55187016412165
translation,89.81403384113675
translation,115.7418356433506
translation,111.78997942705294
translation,83.00077415889272
translation,92.432846993688
translation,120.31873301388553
translation,104.93436198924401
translation,79.54929724334845
translation,91.33571681898
translation,125.60034227936349
translation,95.00592192871282
translation,73.31929831951332
translation,86.36955232020595
translation,107.43562188327469
translation,79.67832396661194
translation,66.58406020127285
translation,79.43550239338589
translation,72.95371012353091
translation,56.86517593690738
translation,52.10891775933824
translation,70.95466631012653
translation,38.50617251642589
translation,35.54371983988829
translation,37.9279551113509
translation,62.28284711555637
translation,20.969041004434462
translation,21.66633555118395
translation,29.181281425921892
translation,58.086915712602334
translation,22.496561206129098
translation,14.386681538446883
translation,28.156776146593476
translation,58.526642630518516
translation,26.269495581468018
translation,16.948381793568203
translation,35.48474241022162
translation,131.57180639512944
translation,28.574946850861746
translation,23.971204900893873
translation,50.9787928089024
translation,171.2490244814159
translation,17.04853443813331
translation,27.223733503550864
translation,54.98576012306327
translation,161.9409081972778
translation,5.419735775387474
translation,32.03306084278193
translation,76.25336415346068
translation,150.55576418142928
translation,19.631493864885158
translation,32.08432784574982
translation,143.3575641693709
translation,146.28054606327893
translation,18.952920779205968
translation,48.22947367518996
translation,169.01079402848114
translation,144.49025438753733
translation,76.25387745477788
translation,119.38527589529606
translation,169.10291298663807
translation,146.15028102184442
translation,115.12592255653442
translation,148.06934781269715
translation,174.4986393501627
translation,150.76165160746535
translation,118.66563945695394
translation,154.10013712670906
translation,177.42821761687787
translation,145.55477013903658
translation,123.26843025733373
translation,156.7134717674538
translation,168.99140306327692
translation,140.47864682565725
translation,147.6921922753374
translation,175.85986836527357
translation,162.46898142779443
translation,137.01417051183108
translation,167.49487332136312
translation,166.28040680056233
translation,154.56162626315913
translation,133.38603579809984
translation,175.71361801224455
translation,170.72713895770795
translation,150.77791060759316
translation,133.72860291203818
translation,171.7873237872915
translation,175.32724763973613
translation,145.49784331892974
translation,136.39811666639977
translation,166.45291188572696
translation,176.25236588202176
translation,140.97127766299093
translation,136.32699159711723
translation,163.92823302830647
translation,168.71871974072252
translation,137.9207135992357
translation,130.98117313989272
translation,163.95287827782525
translation,161.32085757700614
translation,132.04327626196778
translation,125.69137216390945
translation,161.53784561105928
translation,152.6294866469048
translation,127.12199664249887
translation,122.25161690744875
translation,172.93237609385486
translation,150.5951618120851
translation,125.50157909828035
translation,119.54749815157683
translation,159.4500358639949
translation,144.55385982319413
translation,122.61622461026788
translation,116.8245286321784
translation,150.04352199514744
translation,133.18412961553435
translation,118.85942521345876
translation,112.63703227145915
translation,137.1990747194437
translation,119.50264547657355
translation,116.02484488890433
translation,107.32678457213616
translation,126.15126131924877
translation,107.57433234239289
translation,109.23780373651961
translation,102.0103527102062
translation,117.91008333200884
translation,106.57905542507295
translation,103.14629412490441
translation,99.7256735995039
translation,103.29313221586264
translation,98.85571778767081
translation,94.65070552695816
translation,95.45320713575846
translation,93.00481196734651
translation,94.82294000366574
translation,90.95653507910048
translation,95.2003043680255
translation,85.63836924595145
translation,92.65856497655702
translation,87.71350052687227
translation,97.56524806437739
translation,93.80433459345751
translation,95.0002499119882
translation,90.02420704985879
translation,100.86837752273571
translation,97.14776805781182
translation,98.48798258984114
translation,92.47802034783835
translation,101.26754698771444
translation,99.68608233157512
translation,107.12280676064799
translation,94.83364340003564
translation,101.12035638032387
translation,101.4008761180829
translation,109.8849894814853
translation,96.31482698379152
translation,99.8410764196553
translation,94.91644365792804
translation,95.03963424339767
translation,93.25424937882632
translation,95.32893411404775
translation,98.00333003412402
translation,84.9225327890042
translation,92.65233901253873
translation,92.5215484896677
translation,113.89246272807615
translation,79.5912725792991
translation,94.76661188756123
translation,87.38805665753327
translation,138.6121961772937
translation,71.67504398045317
translation,98.9038699386273
translation,82.1940393442588
translation,35.43962849790922
translation,74.73388366190505
translation,102.39513342852003
translation,75.23636237990735
translation,26.881677532101502
translation,77.13767698701923
translation,99.64153879690492
translation,68.96240152710051
translation,7.780455277626206
translation,76.04997950264267
translation,93.47432916839114
translation,61.3298113380181
translation,51.009352265953666
translation,84.14838606804837
translation,93.4626371990514
translation,58.69660021753853
translation,79.24692647185054
translation,92.78456363321328
translation,96.00459583707996
translation,55.97450036883933
translation,93.35643821292811
translation,98.68065929727891
translation,97.18418634803707
translation,52.77279261678983
translation,98.80451948439004
translation,105.29430998027766
translation,94.4784480665448
translation,46.926950771943844
translation,108.51778312676853
translation,117.91160537039137
translation,94.16283006269798
translation,40.05839693873394
translation,113.09504093882538
translation,126.52543533384164
translation,88.16856878741935
translation,37.25829284715667
translation,114.32211484041653
translation,125.4557632530062
translation,78.85018279323191
translation,24.94635290645753
translation,124.37940362466385
translation,122.37409072229843
translation,67.15979030220427
translation,15.953518072306817
translation,138.26610727001912
translation,118.07588613583897
translation,54.61652022186055
translation,9.841464853261794
translation,146.1418660324625
translation,114.56648319796507
translation,43.46854365381152
translation,5.385093331162289
translation,140.96478891001072
translation,109.72997989311295
translation,35.2466764306062
translation,2.9015063475202107
translation,127.12839555019764
translation,93.74464988296
translation,28.72783674141955
translation,4.857723114551692
translation,98.55469776461479
translation,76.00996574175058
translation,21.00481400824241
translation,9.023180944201671
translation,81.88947523425973
translation,59.72253077752456
translation,12.47005093846562
translation,13.839060324596174
translation,70.3355683480091
translation,49.71420511071215
translation,6.463307577872215
translation,19.35057377012943
translation,66.37060955730404
translation,39.36797494621256
translation,2.5199925825762235
translation,24.851114148510877
translation,55.41183359859884
translation,26.725812969364508
translation,3.737023740915432
translation,28.32261328622307
translation,45.266860287825466
translation,18.057195087295327
translation,6.442546850235589
translation,30.76645527120452
translation,35.02004515873729
translation,11.807688981540975
translation,11.548597143396933
translation,31.90427466128349
translation,26.762630530756883
translation,10.327911426769175
translation,16.697374924788043
translation,30.55221081267716
translation,13.150657889105979
translation,6.243835310518691
translation,23.818887104620195
translation,30.539667199216193
translation,7.077369896864749
translation,4.516446087445978
translation,32.407792329312265
translation,32.54254027642142
translation,5.595172480534197
translation,11.353231293029177
translation,39.33260616736783
translation,33.87597880342883
translation,3.4555601794852127
translation,19.464944372034697
translation,48.33869172051356
translation,36.754538476672344
translation,2.5077179211997165
translation,23.63536470953886
translation,54.73312984432357
translation,37.592066313728864
translation,12.035430785819251
translation,30.20819276239643
translation,62.50944642165116
translation,39.3150218800272
translation,26.43811990919375
translation,42.131498031582616
translation,68.0968253190524
translation,42.040077874539534
translation,49.62919310822414
translation,59.458413389909175
translation,72.96883208896016
translation,48.74563862872846
translation,68.94279529688113
translation,78.3383137207675
translation,76.99799331724623
translation,58.6593738234715
translation,73.4060587679473
translation,85.9110151099655
translation,73.92250092550708
translation,56.20306771405014
translation,74.19619721876542
translation,91.35362648447206
translation,67.32233691995994
translation,53.936467035314315
translation,71.17664572948077
translation,93.8663266802832
translation,60.1809774582874
translation,58.47142638690059
translation,80.58891242798674
translation,94.30942412084717
translation,52.48979810837793
translation,66.12486725253919
translation,89.89248477364401
translation,97.32891621120028
translation,45.24164000590985
translation,73.59916450439039
translation,96.17500306863428
translation,94.12164447443887
translation,32.588421733446964
translation,73.2749402137686
translation,102.68826910438982
translation,88.25351560246328
translation,18.991497457785712
translation,78.30400859799383
translation,105.5400529366831
translation,62.89346774894876
translation,10.200039144494902
translation,79.17887010195771
translation,107.6569636750782
translation,29.1716938113267
translation,7.770505210542698
translation,80.43955227003318
translation,98.2643343331771
translation,10.928237133305426
translation,1.2044442450531283
translation,71.3667162832079
translation,27.357432916807756
translation,21.7483541448667
translation,1.3821364114845245
translation,60.80281868598038
translation,27.63235753676523
translation,24.4450956236331
translation,11.586217234275002
translation,54.82807459770849
translation,25.64758214406808
translation,26.137561742109618
translation,21.94153394206229
translation,52.05855957211162
translation,28.736095370233713
translation,27.824287309435316
translation,35.979024697018055
translation,51.880283926238334
translation,21.14740690010838
translation,27.236200869210247
translation,69.18711516647308
translation,63.86671355173004
translation,22.619648893311627
translation,25.888870612549727
translation,90.31740024519802
translation,73.1635094569555
translation,26.120026928258216
translation,14.73892123961566
translation,105.40936497627735
translation,77.68829493080193
translation,26.800036635911113
translation,9.612078840203731
translation,103.71218870888552
translation,81.18308629360382
translation,37.89856690007722
translation,49.46721008271456
translation,106.5755511974034
translation,83.1161698380356
translation,43.67321605745251
translation,96.55986143175745
translation,106.07532527577672
translation,85.1491499431822
translation,37.303250985325406
translation,116.58290771417447
translation,101.266640914705
translation,89.13663196601524
translation,87.29528535471668
translation,119.97173643256578
translation,102.07843137134084
translation,91.49602699801054
translation,105.95810190008687
translation,121.05726298955055
translation,100.96367253946181
translation,94.58136669436858
translation,111.68884809806168
translation,121.27248154999154
translation,98.6426090877534
translation,97.600879988262
translation,125.27380411059465
translation,128.72960442653041
translation,98.50510608862815
translation,104.58900817367088
translation,128.63325067687643
translation,130.8029230026415
translation,96.06257598871548
translation,127.04785482828646
translation,127.86535241205522
translation,127.2512084314125
translation,87.14732502691075
translation,134.53511717771414
translation,126.68803837057557
translation,111.87018588361488
translation,76.41248035953173
translation,105.1520377354765
translation,131.0484954187302
translation,78.25871734804649
translation,63.800237745712224
translation,99.12267864214992
translation,134.63620491721878
translation,72.28109958624546
translation,57.474117337085055
translation,101.0508559572494
translation,119.36707186368372
translation,58.53590176451111
translation,37.22887003672387
translation,100.75740593499013
translation,42.75330114568753
translation,52.80575561060947
translation,15.500665402353924
translation,98.53871276792012
translation,29.768811216104815
translation,50.74328214911415
translation,46.85436574259117
translation,100.133958641807
translation,45.74812878374215
translation,51.625057183706794
translation,72.3092478804407
translation,100.2470444696763
translation,50.18765177570077
translation,49.18007325323224
translation,87.49092877728947
translation,102.1137371951123
translation,53.3390062836844
translation,50.5471598030697
translation,97.66431251353221
translation,103.69032451239833
translation,74.894746514108
translation,48.78911497794241
translation,103.91518458698191
translation,99.59391841168446
translation,61.64323212130918
translation,27.038089509073803
translation,103.73910991034955
translation,97.68762972491042
translation,57.32681033335577
translation,88.25085543315643
translation,102.49027133308589
translation,88.99456892521167
translation,19.222939178868376
translation,96.29176382323357
translation,106.08903635544864
translation,92.66646634520906
translation,12.732809978001944
translation,95.62672208193467
translation,107.67918714605784
translation,99.6530066620275
translation,74.58255699916856
translation,101.31425759249038
translation,107.9626914849008
translation,104.21208621624679
translation,109.79017018078987
translation,107.03516695139935
translation,110.23829006520337
translation,113.51425984585343
translation,110.85337834867202
translation,109.92025208850887
translation,111.51638687746936
translation,122.48420385002682
translation,114.33876253409123
translation,115.14778394755567
translation,110.60034124774975
translation,133.153651730763
translation,114.9479874359212
translation,119.5918660298973
translation,107.49988136737869
translation,128.10505687910768
translation,114.95386797692645
translation,120.44625038967965
translation,105.36798064313123
translation,112.43846886848982
translation,118.46085811111486
translation,124.66692143554612
translation,106.21227376382204
translation,111.35648863131242
translation,121.46024366306389
translation,126.85258096791024
translation,136.29088863451832
translation,67.93013501836931
translation,125.64484990733575
translation,123.6332742615488
translation,87.42024988421379
translation,65.57537082058228
translation,129.53842998072642
translation,125.11699086245525
translation,79.49544421101552
translation,64.94949541056897
translation,138.5248095144929
translation,128.03162054648413
translation,68.96424254957657
translation,64.23586470246623
translation,129.40324525596176
translation,88.81490312784028
translation,59.54872253418288
translation,61.72518170655054
translation,123.70280201565853
translation,10.488809460577679
translation,54.24176835276817
translation,59.022074964071514
translation,121.89380592660362
translation,16.744840791756232
translation,50.976015251000355
translation,56.14711890964169
translation,87.39877240530188
translation,33.04282110797508
translation,46.53245454081471
translation,55.6367637961204
translation,24.346446250547643
translation,44.31518496690001
translation,43.11582334776883
translation,53.84829181716688
translation,12.104537204672537
translation,51.18694532762376
translation,47.47891800010776
translation,55.95032379812912
translation,27.550225336939775
translation,55.855033594767725
translation,50.61815958120893
translation,56.34064531413452
translation,40.7675432996046
translation,56.71890111676411
translation,54.049602410837856
translation,59.54601398325973
translation,63.611326601586754
translation,61.19224304314608
translation,62.846606981084236
translation,67.61150019858643
translation,73.6056970445751
translation,67.46738600439704
translation,72.48943645286258
translation,74.12451992720472
translation,38.60374365687661
translation,76.31519740618059
translation,84.28946189439752
translation,85.91574708982404
translation,86.86255803338832
translation,87.16788726902583
translation,90.90499040744628
translation,126.88262560537095
translation,41.09616354901764
translation,114.16816767502561
translation,71.8753968823149
translation,146.4553429807552
translation,74.6378788741903
translation,167.63291128774526
translation,74.84095871410481
translation,163.92113476011178
translation,66.80117436045155
translation,151.3372725515615
translation,58.56995690819598
translation,139.3162827097916
translation,54.93090125259824
translation,143.98722366000038
translation,89.95393335219643
translation,155.12574164385862
translation,16.06433132161118
translation,158.02493800756966
translation,163.45696296203147
translation,49.712599746123615
translation,160.7938452945657
translation,175.55629191061686
translation,66.30510096902776
translation,163.18059444844116
translation,174.36690139636104
translation,89.79990662566408
translation,176.9034110581857
translation,164.9213178378293
translation,101.97019042509628
translation,103.5324774300567
translation,153.96335545713958
translation,141.27670371434314
translation,99.68777932900016
translation,109.95322333114467
translation,145.3417101182033
translation,137.47825654938356
translation,100.4852208610819
translation,136.677241342105
translation,157.59744446049763
translation,161.0255947173339
translation,101.15915460221571
translation,175.5983704353232
translation,176.54608656820676
translation,154.51203450789723
translation,100.7804172831769
translation,144.2216241492008
translation,149.23055428727065
translation,113.96110220743323
translation,100.51839122471534
translation,137.79786307975397
translation,132.60628188179462
translation,98.62022471354895
translation,119.87877394270555
translation,137.2858037604056
translation,131.62415930554252
translation,95.01151524321884
translation,137.9974471918221
translation,148.7058317834217
translation,142.15841605322066
translation,94.38416598518805
translation,151.46177593693818
translation,156.60526773866206
translation,162.43828480853512
translation,94.90691865627733
translation,165.31778423001532
translation,163.62414277171737
translation,167.55490823723375
translation,100.00967153687131
translation,173.23719581862397
translation,168.53416908158394
translation,141.62797032259368
translation,102.61642358285155
translation,163.6788559899717
translation,163.90042474059294
translation,87.38955083099816
translation,105.83283981490581
translation,63.58789335625107
translation,44.11224671970084
translation,44.11459998665886
translation,113.06346648287048
translation,3.888043080169185
translation,19.627890423714657
translation,59.5043417302254
translation,124.91243724257453
translation,16.19359864897697
translation,20.619281337752046
translation,70.52055990284953
translation,116.19003420933602
translation,19.166479165786466
translation,14.191541637569502
translation,75.4039273104556
translation,98.2398265850935
translation,33.0018098978414
translation,35.23082852945695
translation,79.29445414216916
translation,90.18212862450093
translation,47.33019517719633
translation,27.90461648317067
translation,86.16723973757703
translation,9.305826375218546
translation,31.274901262431545
translation,48.95340945786307
translation,98.0204783715957
translation,9.796953181085996
translation,49.72990681720262
translation,73.80082008237416
translation,109.15252955750891
translation,15.466720765960938
translation,47.18406906174162
translation,73.20427146664665
translation,124.17956381895989
translation,20.825403995846365
translation,20.313092983470643
translation,70.01254774757923
translation,141.15188511046497
translation,25.10054219265158
translation,84.85156103898552
translation,84.98975139115993
translation,139.87043539656253
translation,30.56654802259641
translation,95.46651781466673
translation,86.79593095295512
translation,129.7486509135314
translation,33.213619984792516
translation,78.9493031710096
translation,93.06658190408945
translation,139.6275494250368
translation,37.484847368099516
translation,86.84845641778644
translation,102.65616736015747
translation,34.81874993710877
translation,42.31396243704988
translation,90.87238072639623
translation,113.19574719762359
translation,6.880755485474031
translation,36.33103204970831
translation,96.54246122623269
translation,126.07745739113109
translation,10.849404832724879
translation,29.574290763067392
translation,100.40739592165708
translation,153.24019339871467
translation,8.42026881505395
translation,10.202272116062744
translation,118.32362964893338
translation,170.28711966446542
translation,6.499973741262665
translation,59.699455313509894
translation,140.48205280113902
translation,125.5890865641262
translation,2.512650378898819
translation,108.43018834522748
translation,177.54281712771922
translation,85.06188287374862
translation,13.458905098391464
translation,122.53980062681067
translation,127.13006419189175
translation,81.20121635034961
translation,25.000052664825926
translation,130.42969213184975
translation,94.33248042525881
translation,66.09867294407589
translation,22.075769451841303
translation,138.3858024262551
translation,70.93426950471986
translation,48.15696006470547
translation,25.389047742693503
translation,142.31077404568578
translation,56.269449473878424
translation,26.286468555408955
translation,19.126570655490184
translation,143.49242672992509
translation,39.37897822638456
translation,3.6219152118752316
translation,7.57974796525667
translation,145.86541503913193
translation,13.74953327439239
translation,14.157545111373842
translation,3.3448083052843955
translation,146.0831706348152
translation,1.3618615259323417
translation,27.014300019572286
translation,32.37379491802772
translation,146.79053618430984
translation,12.657332659922464
translation,28.5994976073681
translation,151.34612758101093
translation,148.75868125659167
translation,24.92266810709928
translation,33.67900051442983
translation,166.88222756780883
translation,153.77086793331696
translation,31.882987505164422
translation,45.177160579950375
translation,169.1602501266361
translation,155.07793694174453
translation,38.08734437194063
translation,51.36271396260952
translation,170.21087930809298
translation,158.84108869876925
translation,47.47075316433721
translation,95.0888621701226
translation,168.8550676122355
translation,158.4610184871595
translation,65.6484670296328
translation,173.9346475365512
translation,170.98300027314536
translation,160.35517114174533
translation,135.76145747043944
translation,169.8361092259986
translation,172.24325160904723
translation,163.38529804874926
translation,175.41523227611822
translation,176.1961709414587
translation,175.51478089829092
translation,168.6793944875716
translation,177.4833129054906
translation,174.11837721877566
translation,178.04851300358837
translation,175.3090520067443
translation,176.47495271356323
translation,165.538050916151
translation,171.90318226148855
translation,176.0123006495144
translation,174.42050488920785
translation,160.05860388579094
translation,167.10661398747334
translation,169.68327885700782
translation,150.70609483496946
translation,147.38516432528513
translation,156.75158413720223
translation,157.38172365657258
translation,135.9252719607525
translation,136.5901651585576
translation,147.65440014708514
translation,145.68159281652538
translation,123.2694451360397
translation,126.38815024951137
translation,137.42036364154663
translation,134.87933835330435
translation,117.42646141131348
translation,121.67504395400827
translation,132.0665488695534
translation,129.2339674836224
translation,115.09096358252437
translation,120.3349691802361
translation,129.40781220321432
translation,125.9931342945414
translation,111.34986136271634
translation,118.10260236738998
translation,125.78816327456866
translation,122.2333413358886
translation,109.33870901568116
translation,117.89722996394323
translation,124.56502537652717
translation,121.00830629633256
translation,108.12824451908344
translation,119.44796072133796
translation,122.49881341895978
translation,120.18827498178935
translation,112.42858941298705
translation,123.86486576634577
translation,123.93232232250402
translation,123.02774825078681
translation,119.20096786668796
translation,132.2993897832953
translation,127.74917424166354
translation,130.10033180583855
translation,125.1527130131972
translation,136.28543159543707
translation,132.77160741245837
translation,138.4382771094904
translation,135.79720269426787
translation,138.18620944713055
translation,140.21090222256538
translation,164.400599374325
translation,139.7245691200668
translation,139.63315622997632
translation,145.54923182645672
translation,105.198721586497
translation,150.710884285035
translation,141.35151285742404
translation,152.48257955369294
translation,64.44235410920824
translation,158.21052787192596
translation,149.091755259731
translation,164.49307859721637
translation,49.90617007683054
translation,144.3975661956744
translation,146.56765836396744
translation,89.59334342983583
translation,46.712008662876734
translation,142.81909319493633
translation,120.98973725796834
translation,63.45295180490777
translation,46.91110740123411
translation,115.26965711508443
translation,17.450629621463555
translation,44.45513792290928
translation,37.3603948122558
translation,111.79440114837442
translation,29.845293834895504
translation,44.26226979931755
translation,41.07609663975196
translation,39.37444668380931
translation,43.568085363034605
translation,45.282358620678
translation,47.10375616800549
translation,40.07327552651127
translation,44.11091548377667
translation,43.25753486765184
translation,39.11718933249636
translation,40.79018455125013
translation,45.13076151377501
translation,40.00260879594788
translation,21.411767802228887
translation,42.51233825428083
translation,47.52692017723869
translation,41.22407576958498
translation,6.567218517496554
translation,47.46823917088726
translation,52.20398620289959
translation,44.33429477154113
translation,36.20123089577668
translation,52.3282046060803
translation,59.771283075996756
translation,45.419280717146094
translation,58.525440024304714
translation,56.76039253208424
translation,55.62239658443713
translation,48.00994876331936
translation,76.86325946777264
translation,63.956355228295806
translation,52.141819988380064
translation,52.81195887573565
translation,85.72121502593875
translation,66.42151075424455
translation,49.5146157493703
translation,28.19064165456188
translation,91.58638899042342
translation,66.21310255405213
translation,45.17101905586311
translation,32.793187188831496
translation,93.31454151114495
translation,51.904065520465
translation,39.62063259430847
translation,60.75182959935659
translation,102.40169381454359
translation,46.46689770922044
translation,37.76007929174417
translation,71.86285464829167
translation,115.38340197750978
translation,40.386227366577366
translation,38.38224108646387
translation,78.53804705645483
translation,14.813466034528712
translation,33.572049560857934
translation,27.64707886546086
translation,90.95445752363734
translation,10.081782283287266
translation,23.355471379984575
translation,7.925725036130043
translation,95.27834355307517
translation,5.065640700129533
translation,14.825434928820222
translation,121.43072360314119
translation,99.94683122081452
translation,24.309626308128767
translation,40.86950002496024
translation,113.27361361740574
translation,103.73721759386117
translation,34.56075886392898
translation,114.52155280252757
translation,108.54022322641407
translation,111.37074256610846
translation,49.926211727838314
translation,140.84723810940574
translation,106.99771005230548
translation,124.41975494151923
translation,63.02655768629759
translation,140.83939918626615
translation,101.04712041035518
translation,130.57101961871732
translation,60.03125114963142
translation,120.27508602018722
translation,96.16324822194301
translation,126.26482487227888
translation,58.063841482027236
translation,108.0775153844111
translation,100.08180386426719
translation,118.30922922055889
translation,65.52515736175637
translation,96.62635833256023
translation,99.95631485407694
translation,3.8781873385214913
translation,68.79830632844286
translation,88.79474818783136
translation,100.79688251625575
translation,37.7487092196463
translation,70.90300400459924
translation,85.69343321442683
translation,109.84910192783128
translation,51.25396429287621
translation,78.45251015466471
translation,95.52449866009204
translation,170.52831403849697
translation,59.81182476811442
translation,84.84438907672966
translation,105.94076356427887
translation,123.41852171645698
translation,65.04146505231311
translation,85.98893034214476
translation,131.03085968418628
translation,103.43649100655031
translation,69.33454016043008
translation,87.35527116815452
translation,139.29830293359487
translation,91.8282412794722
translation,75.9071306253453
translation,85.85785432773822
translation,111.00270737863619
translation,81.1342225328344
translation,79.59198921669672
translation,86.3721342035203
translation,100.0382967847267
translation,75.47707119996865
translation,80.95537306999269
translation,86.89927009837251
translation,86.2815864212858
translation,68.35205523876836
translation,81.49730870318339
translation,83.78120103766994
translation,78.79688487626024
translation,77.12751815597522
translation,78.01168935878206
translation,81.04671095209606
translation,82.81552404138013
translation,85.48750443901778
translation,82.83122326097481
translation,69.20441053884345
translation,83.52189515885902
translation,68.35449106469558
translation,93.77423422863677
translation,66.02862301544428
translation,104.3270849942482
translation,61.08947753871928
translation,121.99418118314073
translation,52.469522465743324
translation,140.34968571500278
translation,39.85672043145609
translation,154.88661551876842
translation,25.159536272384273
translation,158.05605758069754
translation,17.72195752672182
translation,161.69103432897504
translation,9.684749059856648
translation,148.48608569691734
translation,34.79759364717889
translation,23.58056579563544
translation,132.47192727659115
translation,31.071504930850477
translation,45.383269702745395
translation,117.51403117268723
translation,26.707990508094785
translation,103.8301163136522
translation,124.92260489647023
translation,32.131257179097524
translation,20.47771845814391
translation,155.17074774404375
translation,133.316099868376
translation,31.824336922526754
translation,11.68459572121751
translation,161.89096366391988
translation,146.20224767812073
translation,32.26577925788623
translation,87.92672583454954
translation,165.52918489801502
translation,159.1786900744186
translation,135.38794658898502
translation,140.06091839936775
translation,165.8256654532989
translation,170.95626653266325
translation,141.6682441084336
translation,157.2801667045873
translation,162.96305363221663
translation,177.12322058768325
translation,136.45770943583403
translation,165.3185827223726
translation,160.55782067306407
translation,173.28738090050823
translation,134.59895496989404
translation,175.2820560920942
translation,157.48462173167061
translation,165.84002785757346
translation,146.5213801888498
translation,172.7977293418553
translation,151.71317783911917
translation,160.85509792964365
translation,164.67382111540977
translation,170.0972556841311
translation,152.8726020203368
translation,144.39526080338206
translation,172.9192105462542
translation,164.29566908255427
translation,154.19206731177678
translation,131.73167663439773
translation,170.37084360759798
translation,155.06655812957845
translation,156.88206532675812
translation,118.41260095564232
translation,168.31611727125605
translation,155.18004867556553
translation,162.54854911520516
translation,102.53845566154817
translation,164.31778961276814
translation,147.92630321195762
translation,176.1104195199206
translation,88.30093036374979
translation,157.0046529777215
translation,143.84157334024755
translation,147.82663085809003
translation,79.02213801575793
translation,146.4213941875155
translation,139.36911364683945
translation,115.08673035953882
translation,74.62539532450782
translation,137.59541504715327
translation,130.9919633802375
translation,89.57797992211657
translation,68.06899174486553
translation,130.02437274471848
translation,104.65779403559614
translation,68.41061333999934
translation,62.0599157109135
translation,125.30734578925853
translation,68.05219486180556
translation,60.38361075567205
translation,56.35513295196298
translation,106.30327781558793
translation,1.4482752409577992
translation,55.00247544328385
translation,52.58148151208713
translation,28.492470424730428
translation,29.481851218880635
translation,52.52213523403584
translation,47.7950904464863
translation,13.920095157918906
translation,44.35406770271377
translation,51.834898591684954
translation,43.08486927708233
translation,21.46140886030941
translation,56.324536310548076
translation,52.47696671268797
translation,38.50651237593964
translation,28.69182414216161
translation,62.42548538912362
translation,54.62244293430079
translation,34.71907662172765
translation,40.93725257558259
translation,61.97513691041288
translation,55.03511807728831
translation,32.51797007109392
translation,58.02665522464345
translation,62.33201919617506
translation,54.182962163423724
translation,31.947754353517556
translation,72.8002932548912
translation,61.74811831298781
translation,55.520622327138206
translation,36.01195536475883
translation,79.05431698962936
translation,60.57739474104578
translation,52.349498713073245
translation,43.27476920200292
translation,72.91605917936245
translation,56.42316621057813
translation,45.376271869027754
translation,43.41591918176598
translation,65.46752616323622
translation,54.296523984440554
translation,36.15301099064013
translation,40.18039070829503
translation,50.53449049413632
translation,50.93369590983366
translation,22.21060103650266
translation,35.873832369291335
translation,42.67168688011136
translation,51.8084446933222
translation,9.416735394737326
translation,32.41987274266549
translation,44.345725070572335
translation,51.081850677533716
translation,0.30495973679003696
translation,30.22319012162421
translation,46.34618538660657
translation,48.083874790968785
translation,3.7596626446514976
translation,25.800753966620057
translation,53.78826856390993
translation,48.92300010081408
translation,5.702980544254208
translation,21.121889133568246
translation,64.12245593291412
translation,38.87951129759985
translation,13.460544223311441
translation,10.568736964536331
translation,67.77515251072553
translation,8.533818030531704
translation,38.68008761531703
translation,13.646468747147338
translation,56.23962182057518
translation,37.87336446230283
translation,56.967983021183876
translation,40.995586642954095
translation,27.388253297440084
translation,60.942229341695906
translation,78.74096033647302
translation,59.51820730091346
translation,52.66197533505043
translation,66.16062120192534
translation,81.25966673669866
translation,62.79301891692143
translation,66.54780960692966
translation,71.25420127362126
translation,79.14716717808886
translation,63.39441940973799
translation,74.93889829474425
translation,79.39800209582731
translation,87.33767038069445
translation,70.7030364354336
translation,71.24197816896687
translation,80.43722048451143
translation,78.80080129168283
translation,68.12374141587588
translation,72.07043211401222
translation,91.90488671146883
translation,80.79265526988532
translation,73.21278359604062
translation,76.54864832961267
translation,116.01840874188275
translation,95.16612716752994
translation,83.88318284100208
translation,91.54709770825905
translation,164.5138099647606
translation,157.41503185654636
translation,102.6161390366549
translation,176.48161315891923
translation,145.7986447416633
translation,109.15695659942381
translation,127.89628830043269
translation,142.39525865241643
translation,129.19003820062287
translation,107.59844012057775
translation,153.05498418821648
translation,130.83456588179527
translation,114.61067371053475
translation,97.81157684367581
translation,164.97722074809982
translation,114.2109611381475
translation,107.36461155811199
translation,81.15007269251994
translation,110.98526492067079
translation,115.79867618499824
translation,90.67597154098905
translation,55.606421246057465
translation,82.64063217571494
translation,105.97333740070715
translation,63.92854755299419
translation,7.180359932598496
translation,75.29774891759828
translation,72.73506458806344
translation,34.99060028900064
translation,35.0492137621208
translation,72.61365773243543
translation,78.18578001469534
translation,24.812372287358045
translation,68.87029187830454
translation,80.2419419448807
translation,14.598844372036886
translation,19.34586750763552
translation,69.4933728087404
translation,81.46354389574456
translation,24.650107424817122
translation,9.352646420461902
translation,72.67739701229588
translation,80.23205334797358
translation,39.47168028363724
translation,24.914321933879144
translation,82.26483916661395
translation,83.71282013619212
translation,18.345085711270887
translation,18.73048656761172
translation,79.3307693045647
translation,83.2442185063819
translation,31.873385971356267
translation,43.01179904411711
translation,81.1577275812052
translation,84.95973344396019
translation,75.86840504239224
translation,63.85568295174797
translation,82.09796097460516
translation,86.37525845105586
translation,67.47396841322211
translation,75.89769448902629
translation,82.64446390428881
translation,87.41995235338187
translation,47.821491543573444
translation,90.27763228913584
translation,84.94535216629512
translation,89.86550093718039
translation,74.04057070802446
translation,93.56734064908098
translation,85.73891768615854
translation,91.6758170922475
translation,80.63337734288962
translation,90.43730020665606
translation,82.76432365724084
translation,90.39577208175807
translation,88.06534054740567
translation,93.73194522264845
translation,85.7097849233945
translation,91.41443772946562
translation,107.9004200067004
translation,98.29237649745816
translation,88.58836171127054
translation,94.30157653303887
translation,111.80037673263199
translation,93.3643629677271
translation,89.38379240805551
translation,96.67497924606218
translation,111.8764410823894
translation,90.36513121049285
translation,91.48985548987827
translation,102.96787271149225
translation,107.40924384183324
translation,89.05553925688662
translation,93.42106108021754
translation,102.97394082920783
translation,93.97909931218285
translation,89.77198276646199
translation,95.81841954423902
translation,108.62555857815913
translation,83.21218296232348
translation,92.2714312119628
translation,99.52140750219733
translation,112.4825037855586
translation,81.90013897349449
translation,92.83695574853097
translation,101.5026308006998
translation,117.79030970581326
translation,89.89866805161029
translation,97.27447709415505
translation,102.42733995545414
translation,122.28704124219436
translation,96.12127717353496
translation,99.83964267497493
translation,105.28560575930325
translation,134.47340591268238
translation,105.18596432084567
translation,105.48542582570647
translation,115.5357847187177
translation,143.4675644908434
translation,109.48760339021253
translation,112.02077326643531
translation,130.40873414845888
translation,152.3016058081851
translation,117.879779537415
translation,119.57064135921944
translation,155.8616580237438
translation,173.4924821402333
translation,121.09161740306345
translation,126.42289289465533
translation,158.71298529868935
translation,77.26627840153083
translation,121.33952190317376
translation,140.07128185133953
translation,113.6102850622625
translation,55.98154371633225
translation,128.13937239232072
translation,145.907864136151
translation,95.80188521101859
translation,47.70646483185637
translation,131.94569609847878
translation,76.44312628752522
translation,82.53230352526995
translation,40.49114247565537
translation,111.16118879230345
translation,65.71088890501449
translation,77.6889733085737
translation,36.89236394894802
translation,73.50990026893187
translation,64.1514843324276
translation,71.37579785387864
translation,36.75806185812089
translation,60.57192191422842
translation,63.09760141982917
translation,63.45393143113017
translation,33.59094154181566
translation,57.57693325533328
translation,64.04734633121073
translation,57.27226766408595
translation,33.27247255127348
translation,57.32014862393412
translation,66.2324868455143
translation,51.07335137396729
translation,33.49264057067064
translation,53.391647701331145
translation,70.58990171572034
translation,42.44257575783625
translation,30.583183080604964
translation,62.38911751840014
translation,77.639410403791
translation,29.101622100847354
translation,27.65461301371845
translation,78.86379269999028
translation,87.04395527979406
translation,20.79377635791987
translation,27.54564123485352
translation,93.68953668169671
translation,87.59646123747301
translation,9.750829677579754
translation,28.694052109364634
translation,109.67773113305357
translation,78.68201771084448
translation,6.40213551568605
translation,33.80632790005329
translation,108.06121909101891
translation,76.64443843612293
translation,8.21587197777157
translation,37.75209504626497
translation,108.93592780048678
translation,47.44212520748577
translation,6.176232680309522
translation,44.555229748239576
translation,87.73531627544516
translation,27.30049657470583
translation,2.825386684263463
translation,58.080253619105704
translation,51.22094521749722
translation,9.637840841757845
translation,5.8667433936248035
translation,67.97137360570832
translation,36.18718402457663
translation,12.965510313237234
translation,3.9250620479012004
translation,75.15375717393492
translation,13.479163105096614
translation,23.53762573239311
translation,7.12164965648398
translation,83.82891910378144
translation,17.0044023295354
translation,32.15929050666671
translation,12.633852225667058
translation,81.35583985237828
translation,21.174797825122432
translation,34.053823338483056
translation,6.300947720883211
translation,88.45328088079579
translation,34.28210966759561
translation,35.747801213998756
translation,6.608947529017474
translation,91.69020054826983
translation,40.425812166971696
translation,33.38858701253676
translation,37.38225703830068
translation,95.06542715747923
translation,44.972413995514884
translation,29.88679574600827
translation,97.74559759206161
translation,105.06373238124993
translation,43.944435349616946
translation,13.149997866630299
translation,112.08492862016655
translation,113.86439628030033
translation,36.340188467682424
translation,36.80174922304439
translation,116.64905972359409
translation,121.91479749023927
translation,36.197992760002236
translation,59.850356532312986
translation,119.40045763086584
translation,127.91036166459966
translation,90.68672935667159
translation,90.95854330878866
translation,120.13888304650173
translation,133.19992306106656
translation,103.82225348028021
translation,109.25697798664439
translation,116.70066524016569
translation,134.65538958059216
translation,92.6461761508629
translation,119.16251589773081
translation,111.59213033054961
translation,135.98497758780294
translation,101.32731547765518
translation,136.14169204849787
translation,116.43958635889457
translation,139.74502395450992
translation,91.99064776798707
translation,130.84062199224334
translation,120.99152665844701
translation,142.06011237451162
translation,110.73334395858906
translation,131.14107394518487
translation,126.67687267434366
translation,142.81960213249536
translation,141.1473080343258
translation,130.88676932237368
translation,134.46794914361521
translation,142.61254193534967
translation,153.62484280805546
translation,128.0085851341724
translation,138.7057280783724
translation,141.14786288642742
translation,136.6165680221761
translation,122.57998331153418
translation,139.8649042574265
translation,135.246161966922
translation,130.24813849800094
translation,114.17878419878261
translation,141.26967403785775
translation,134.69649757332388
translation,121.17699172797175
translation,102.41998776742044
translation,140.5774595062485
translation,133.91210589770034
translation,110.84640545540852
translation,98.57307294024623
translation,134.34611164197065
translation,127.15918478944543
translation,109.56890734148148
translation,103.00222291066147
translation,148.74360331009865
translation,147.6605573730847
translation,96.23028519421264
translation,108.99193793575505
translation,168.55543565274763
translation,163.78410510073067
translation,74.64491989937896
translation,148.0473294199936
translation,142.9255951233707
translation,152.83902228426692
translation,53.002216392162154
translation,107.86767705993644
translation,100.93296417590125
translation,128.01468020327692
translation,75.48980001321279
translation,109.45308720408137
translation,97.69824018354367
translation,116.80418342897549
translation,108.69055940750968
translation,110.80009081543618
translation,107.08284382757219
translation,116.16195009174453
translation,120.45224772426893
translation,116.5855281078961
translation,114.26625875076536
translation,124.21075179840098
translation,122.67385534555837
translation,114.13846274781844
translation,108.0962160828679
translation,124.53448919038568
translation,126.06889247737308
translation,113.76474026517803
translation,106.58151549510565
translation,125.30821170271133
translation,122.18824669235097
translation,108.6336127152614
translation,117.058587617334
translation,119.5488740524245
translation,105.69453168781388
translation,98.10972386016968
translation,126.43024684375462
translation,76.48192011032873
translation,100.76432833567993
translation,78.18619020436313
translation,153.59856143614144
translation,18.416177585664585
translation,74.42490963400505
translation,28.278555485968283
translation,145.65918651897204
translation,16.89769484877811
translation,31.058518416359455
translation,46.883372405176935
translation,165.66026191837273
translation,11.802544677515412
translation,58.94484444011829
translation,59.781012921147656
translation,166.20850983046208
translation,16.353256229201907
translation,62.37029533866944
translation,60.75758563139888
translation,139.48950951254582
translation,15.649305762834585
translation,70.02164068639166
translation,115.72370407628875
translation,82.91423327774476
translation,14.3232275619123
translation,82.07150829840772
translation,156.76678732727737
translation,66.89923776551534
translation,14.836813325892402
translation,169.2260285787545
translation,43.90563634726529
translation,8.04836255513724
translation,92.78388444229306
translation,174.89562566980078
translation,23.651814386646038
translation,10.033232874092194
translation,121.74426427349256
translation,151.13801024157218
translation,14.28121633043749
translation,10.497545290096548
translation,148.655202553363
translation,158.98339674703436
translation,6.594857870529206
translation,7.710342404817085
translation,166.46659678473628
translation,167.20084213049313
translation,6.491948694660117
translation,25.620544283684932
translation,142.56213722879684
translation,133.52426991415018
translation,18.06519582763094
translation,54.561490969127924
translation,128.75979086240713
translation,64.06819639139624
translation,5.082708089997877
translation,57.56098201171113
translation,121.16512454226336
translation,29.55598540352569
translation,7.395070658754068
translation,54.86168935194937
translation,37.77295880586675
translation,15.554903393688923
translation,8.608510520793327
translation,47.94470946616702
translation,23.879660348412376
translation,12.126728273026652
translation,7.542067511022791
translation,47.089867001086155
translation,22.846668598252496
translation,5.212568462172597
translation,0.2615470303733965
translation,43.12161728576984
translation,19.52649898058519
translation,2.799221477045136
translation,9.30278730880243
translation,39.14309955353884
translation,16.2722050976562
translation,5.069219687415844
translation,13.7803179264977
translation,31.67161935174721
translation,7.621591903541119
translation,5.7279081015032
translation,28.31829894865351
translation,26.03673002621815
translation,9.546541888275234
translation,11.615038559936258
translation,55.27366170176925
translation,18.27527466297574
translation,23.390752925444527
translation,21.06345824354399
translation,70.87797825263767
translation,7.215829461472162
translation,39.494904028127635
translation,21.811561679473993
translation,78.49461260380139
translation,6.436511819749013
translation,50.381805412098586
translation,33.48856944938074
translation,82.3321095186773
translation,7.934143268003615
translation,39.318634182281635
translation,7.753704060900918
translation,77.87119080434823
translation,12.204914757330732
translation,25.296364502496395
translation,24.572037766850414
translation,72.84464753737812
translation,13.925397522074848
translation,21.634132926439523
translation,83.83813425953007
translation,68.69699811917503
translation,18.46110212995118
translation,10.447762180141025
translation,112.93244879821684
translation,62.02904601009936
translation,20.23176843581091
translation,42.19552300308065
translation,119.71933589470441
translation,50.082092141118196
translation,28.368124659729624
translation,80.84646938943668
translation,117.65902396417236
translation,38.39360948468072
translation,38.3371696805398
translation,128.6200883892576
translation,113.63929854547567
translation,30.492230420163747
translation,42.84987898318972
translation,129.90768923578767
translation,108.01250188562422
translation,29.64939002835104
translation,51.18860137733734
translation,124.94356939123223
translation,105.21498982573019
translation,21.651238963076473
translation,61.8024133086823
translation,116.26048846552348
translation,93.88073803712135
translation,10.39896592490872
translation,64.10483066878686
translation,103.76197823418485
translation,63.82668341313946
translation,10.547704396486944
translation,59.823571961649556
translation,87.6144303713526
translation,25.73316764843692
translation,4.220433287553811
translation,53.348578746923565
translation,52.916822712509166
translation,7.192636133618879
translation,3.5724171804433786
translation,39.80580912383814
translation,5.8804855915381244
translation,29.553344122296796
translation,9.915238538139397
translation,21.224076226180028
translation,9.26041689178329
translation,77.55224089100399
translation,9.666321226833947
translation,110.7142187885009
translation,14.893363726496071
translation,124.51835450409499
translation,63.607653853918954
translation,120.6257284935091
translation,104.2684296869204
translation,141.20969539463172
translation,116.66997364118572
translation,152.54482130657527
translation,123.91288857341195
translation,161.75372782451564
translation,57.19478399453127
translation,135.27255535299398
translation,164.96301438542423
translation,114.01237315321877
translation,146.4466558478574
translation,159.72333888571066
translation,134.46733049152417
translation,147.739427856555
translation,164.0938689666548
translation,143.68742839041323
translation,150.20740809722867
translation,166.6815521077459
translation,121.57969527103013
translation,147.65660005900784
translation,153.84611566804793
translation,168.54763342416973
translation,127.0195938785725
translation,148.27102114044885
translation,160.60646761861707
translation,168.1879550162081
translation,143.9188983502636
translation,151.6218248429488
translation,171.89142404347774
translation,160.81153247244458
translation,159.82760391441735
translation,159.26747733838033
translation,163.5649111778502
translation,148.04559366721836
translation,167.1569837295465
translation,164.09508328738494
translation,149.18338225820304
translation,143.94395942314858
translation,170.6871899355313
translation,169.96121895892122
translation,132.15918781453988
translation,137.2888846821137
translation,167.07549650121362
translation,169.85322393847161
translation,111.46858732658018
translation,131.69381241622165
translation,163.9836464183366
translation,174.73270591630111
translation,98.83526613763883
translation,127.37604808715795
translation,159.62116381121598
translation,156.27692079931066
translation,99.36316137562527
translation,121.75035659343776
translation,162.7301622467366
translation,96.42768957336152
translation,99.79614437825718
translation,118.24719336094718
translation,156.40608327597394
translation,80.38366517623489
translation,101.19156962456647
translation,117.32782023492504
translation,117.03227022208375
translation,80.0080175651761
translation,100.76336724390693
translation,116.81668959824935
translation,59.98437937029527
translation,78.55574637849068
translation,103.75121579535218
translation,116.22054416018345
translation,60.226373601784665
translation,68.36525662167345
translation,105.06293660235265
translation,110.24171196069749
translation,64.11127322331578
translation,67.9436379270974
translation,111.31518921484796
translation,107.74112014206318
translation,75.5382461731069
translation,73.63555003159485
translation,115.26395126604089
translation,105.76663563981415
translation,86.49910106322831
translation,89.72890924999933
translation,120.01482646349818
translation,100.09958288927781
translation,81.35101672819316
translation,104.01491652854395
translation,126.36330297963123
translation,90.98085897955137
translation,75.29268486298464
translation,116.76659736512704
translation,130.80207359865898
translation,73.8273159188034
translation,73.61821778121981
translation,121.04202831810389
translation,134.1890898384027
translation,52.89935809394674
translation,96.43633944391772
translation,134.78324792351845
translation,133.65916826391128
translation,34.60611754338984
translation,145.05174047681388
translation,151.84344071474106
translation,138.1735232148707
translation,23.97349567299045
translation,154.28109830870397
translation,156.676472913651
translation,138.07429111965422
translation,20.724330828245343
translation,146.95519635735096
translation,157.22882808717745
translation,128.74272563843147
translation,20.493868494095718
translation,143.87798973581948
translation,151.52548691594234
translation,91.38002266958414
translation,13.737876014930436
translation,151.0875179838188
translation,150.61848015905443
translation,31.031762268210564
translation,3.2406758211513558
translation,161.1366199002204
translation,148.49006547467303
translation,13.595323936731978
translation,4.694085663968893
translation,164.53399934576763
translation,152.48120687486562
translation,12.453936432481278
translation,8.350022085349043
translation,141.50035748584972
translation,140.3743896839918
translation,9.064482055132169
translation,7.321510328363083
translation,136.50821178509176
translation,116.4758418229785
translation,4.941797894885422
translation,6.519785059922557
translation,135.568473141329
translation,67.64706647250821
translation,4.8464060614474755
translation,7.407159393492324
translation,139.97042239653894
translation,27.21471810944598
translation,6.228408556707148
translation,7.5236863199777835
translation,29.06532003930268
translation,32.95465792641852
translation,37.03719698992797
translation,39.92661132773108
translation,41.353218130700476
translation,41.43963388027112
translation,42.318251011498155
translation,44.32564514200453
translation,54.70753180342413
translation,46.30111653818865
translation,61.57941031834735
translation,48.910737583304595
translation,64.48208620236264
translation,53.27461992546893
translation,64.34941657930572
translation,59.731183750352116
translation,61.70029308498772
translation,63.56382190544031
translation,58.487069720153556
translation,63.25480376352457
translation,57.51736794433254
translation,66.12856500682733
translation,73.27000151988173
translation,58.40298406522462
translation,56.73260975997393
translation,82.51494139852235
translation,61.71642112057406
translation,57.511299377754426
translation,90.53290153345748
translation,63.56242434264147
translation,42.23006480915018
translation,91.55226441017285
translation,70.42267692985521
translation,25.396705903645966
translation,90.62274096276401
translation,87.79951002008418
translation,103.47103485435346
translation,25.835248936044003
translation,101.4298062925127
translation,71.54882404813
translation,88.60785366541229
translation,81.93581913902456
translation,109.10762032956326
translation,23.290050537633576
translation,79.090931559477
translation,96.48163918089769
translation,105.30704996745861
translation,35.489411382511314
translation,41.81033360354709
translation,92.86411991617032
translation,64.02162746604037
translation,59.63706008629678
translation,48.106452819872224
translation,92.76881090916419
translation,41.27729494736277
translation,59.9020401100009
translation,38.8574394516306
translation,96.22855436015494
translation,52.517191079047905
translation,62.28568807191718
translation,52.406683961241896
translation,101.42928604560838
translation,57.85706722466668
translation,72.8467168828647
translation,65.38489734723139
translation,109.15725337758332
translation,65.32132634192789
translation,97.25437972065588
translation,83.67723353667121
translation,122.99788633747973
translation,79.06694682981133
translation,115.92619996494822
translation,100.69150957708881
translation,134.38212409830166
translation,120.36587335960164
translation,157.60710614475857
translation,107.95748132555045
translation,141.56106873415982
translation,170.26346486106272
translation,165.0928150095346
translation,112.36546077095645
translation,145.7976315106169
translation,162.94395140004426
translation,25.623511092868323
translation,122.48194388010052
translation,145.57039506108976
translation,143.27045329692527
translation,5.803702744172218
translation,120.95097782648156
translation,144.20694409316843
translation,32.47906114345702
translation,31.31591909041166
translation,127.43903361810342
translation,142.3218292527511
translation,8.832163425587739
translation,55.79194358208501
translation,128.56931999222357
translation,140.1968856821474
translation,9.552517952773988
translation,73.26958695707994
translation,131.83730778695255
translation,138.02045894884776
translation,9.46103628499649
translation,92.60304466487258
translation,133.8580382902943
translation,135.23941821281267
translation,31.360113871648895
translation,91.58297581017317
translation,134.67744636656363
translation,132.53469639018005
translation,79.32278295858048
translation,104.55170888765535
translation,141.0605880114264
translation,133.6631204653403
translation,111.02492024659395
translation,121.7329842584493
translation,142.1465100081249
translation,133.1068419391204
translation,128.4542079989472
translation,137.18277817397498
translation,143.6109073395824
translation,133.24609729068067
translation,124.33017052500773
translation,143.6972213853807
translation,144.16202253274892
translation,133.0712974147396
translation,122.27040372280956
translation,151.42861848565624
translation,146.22185984891064
translation,133.3167642132707
translation,140.23238740962026
translation,157.88039074826665
translation,147.3538225784093
translation,134.6030294811229
translation,157.23834713126956
translation,161.2290137542568
translation,149.05468131637346
translation,135.3996802997169
translation,168.80145589618942
translation,164.3622058815142
translation,150.9010769111535
translation,138.4325253757627
translation,177.93467473640854
translation,164.21002357838816
translation,148.58455797191777
translation,140.76715958916807
translation,173.24957637341328
translation,162.48607168350213
translation,147.88592325580007
translation,142.321659651363
translation,172.77405011102186
translation,161.94695501627197
translation,148.2848506350238
translation,144.88398425485832
translation,174.3919334941904
translation,164.64929962403252
translation,149.58066224039024
translation,148.57134375548458
translation,171.37881495537542
translation,164.88686008900322
translation,150.18721190615935
translation,151.52954123619966
translation,171.50790937289085
translation,167.1832217671271
translation,152.4868924081024
translation,156.35086800067623
translation,171.21863868787287
translation,168.71718210138474
translation,155.37582463700048
translation,161.43019333521
translation,171.16659683491488
translation,166.79419054412529
translation,156.04403513343618
translation,163.8276357762054
translation,174.1610808893584
translation,165.90362911701035
translation,157.5178675721298
translation,167.2611588384462
translation,175.73612546194926
translation,163.49793240971795
translation,158.19996729500917
translation,169.78506492367066
translation,176.37146279329667
translation,162.03178476153988
translation,160.1818725608328
translation,172.65001123709376
translation,171.69878539637375
translation,158.2212755051716
translation,160.94046222120926
translation,175.46517786923047
translation,166.34378897882198
translation,156.95720856090497
translation,163.69049792876
translation,179.42943029925658
translation,160.98719419813477
translation,157.2037128827897
translation,169.52091859065456
translation,175.9951680499969
translation,157.1989297029738
translation,157.4228720395002
translation,176.83165633515299
translation,165.2356207246117
translation,156.3213443908403
translation,160.5818783906815
translation,174.0383719221719
translation,139.00597228766085
translation,159.8832134877668
translation,164.24722779370754
translation,163.8976203027272
translation,103.07944625152172
translation,168.09669605277332
translation,171.53251452868113
translation,148.84657674828338
translation,79.7856611131384
translation,171.3936507727823
translation,176.68678416250043
translation,129.8857286289105
translation,57.024721325827535
translation,167.710400889092
translation,160.04509257227758
translation,105.20022138057736
translation,46.46025090227359
translation,163.05270115887427
translation,139.29162771811525
translation,81.73998933168616
translation,38.86801678219319
translation,151.13382987546478
translation,121.33121346312758
translation,62.64056466743968
translation,34.134681624384626
translation,151.60470055633
translation,114.98933635397474
translation,48.381876657718095
translation,29.295329982099467
translation,145.9723384096302
translation,107.48936905974978
translation,40.343719914484005
translation,26.118221362587516
translation,120.96188988773268
translation,96.69567075709013
translation,34.496463740233494
translation,24.478056763869922
translation,102.80467325264325
translation,80.89727748877688
translation,28.407212856678658
translation,21.502322906604732
translation,96.26767891756394
translation,65.81263326815622
translation,22.62104209976936
translation,18.12787384888543
translation,85.23624283386422
translation,53.79126868027799
translation,19.055954076717143
translation,16.51339061373155
translation,76.92165420906505
translation,39.39596975881357
translation,14.208796312490778
translation,13.948266842637212
translation,47.95348999137697
translation,16.071304530532835
translation,5.767071783009104
translation,8.771373981357572
translation,11.58262911847357
translation,1.180781251944658
translation,1.6603469253288448
translation,5.136164652120237
translation,11.32013191317312
translation,1.9620634949527185
translation,2.0844520259161814
translation,8.55355845257756
translation,9.097628041101688
translation,4.39884589108982
translation,1.8487656830792325
translation,11.659082650779794
translation,1.9246928329177877
translation,7.967714513120717
translation,4.190207353393493
translation,15.001346893250767
translation,6.917333288631798
translation,6.922205315446657
translation,6.912468944766154
translation,16.81438976196766
translation,9.508315725801342
translation,5.9988066662698065
translation,9.337733742294953
translation,16.62292943406744
translation,10.21593927687543
translation,7.135415447778927
translation,12.817400195676674
translation,15.258799896887828
translation,16.945173901425683
translation,9.222069222524096
translation,20.033419421614887
translation,8.463153832033006
translation,19.291024268876683
translation,6.908401281172072
translation,26.991567312531338
translation,18.996360244755767
translation,18.65556271016607
translation,7.346486211009069
translation,31.435239009376428
translation,74.7276878957508
translation,4.914119814989872
translation,10.164834518213448
translation,39.68722911391039
translation,118.08149845939592
translation,22.519623364264604
translation,18.969173275782993
translation,48.11397889405009
translation,136.85669180592274
translation,35.90871643839985
translation,25.00545750689611
translation,63.31431957354716
translation,149.87603899513118
translation,164.56979025983006
translation,167.58177214367518
translation,160.71054611207256
translation,155.0067735968491
translation,154.3970507547077
translation,155.39794982808877
translation,152.54496689214693
translation,150.89504473763972
translation,152.70404758425278
translation,151.92925501465513
translation,157.6926001336072
translation,145.59809753255345
translation,166.89509402943742
translation,146.6079776052237
translation,162.82569063942844
translation,156.26295331852984
translation,129.31074945129996
translation,168.98650824392624
translation,87.25698860994784
translation,169.68081915679772
translation,56.87376869938227
translation,166.94520554141062
translation,38.16406907857943
translation,173.1658574420026
translation,26.93068081696355
translation,114.60642553944065
translation,160.57082722984381
translation,17.269090164220405
translation,76.5764844125563
translation,118.67149555981283
translation,5.885511243403531
translation,101.6357752250695
translation,91.36138178801892
translation,4.554631762549976
translation,113.2183235411387
translation,64.81885671669157
translation,11.509432370830506
translation,116.06299007981946
translation,37.297814821486696
translation,13.166985621607836
translation,76.35122988271202
translation,96.65057978608607
translation,22.527704911298446
translation,13.777034827138513
translation,77.20485960935619
translation,92.2915553679446
translation,18.813178152407097
translation,14.407552410007069
translation,73.2913881736048
translation,123.07285439983062
translation,18.865508114330027
translation,15.967846983513335
translation,149.03041069181316
translation,136.83873544065568
translation,18.731609256415986
translation,19.572870587651387
translation,171.8266968143435
translation,106.6471425027231
translation,15.162915650215592
translation,24.207537232997115
translation,142.00892522423302
translation,79.74056292718853
translation,9.145811672254512
translation,26.236842394237303
translation,129.96464277075506
translation,51.834122997465535
translation,1.9667069997692772
translation,19.238941246873026
translation,101.21472199064745
translation,35.20040898594585
translation,2.2565596377995627
translation,13.967492428177872
translation,70.24196855364688
translation,29.76279673196466
translation,5.435736818234695
translation,11.13871244510316
translation,61.975347103557965
translation,26.059229992995004
translation,7.671535439580068
translation,7.904035738104382
translation,52.31890880057868
translation,26.02850875096844
translation,5.753638795369883
translation,2.0706460052645235
translation,39.44275499197906
translation,27.44283932646876
translation,4.711155630693459
translation,4.198799403654252
translation,36.87585209589158
translation,21.28626955856224
translation,7.802088991439756
translation,4.865538389183215
translation,28.40535459361561
translation,13.283938322726494
translation,12.115430594021245
translation,4.521270207270236
translation,24.515722283644003
translation,6.445923028555878
translation,6.567737627004808
translation,6.435862881677548
translation,13.954674806897975
translation,3.9893191052023416
translation,8.883810184228057
translation,0.8980461395782819
translation,5.993092796453567
translation,12.300007264583792
translation,13.606253142827486
translation,9.612553189015367
translation,15.156267628548646
translation,22.084999357410577
translation,21.242029536864692
translation,19.394695014348084
translation,31.15797451586548
translation,32.21572576970666
translation,30.656066929938756
translation,28.8056969900457
translation,39.768980925798544
translation,40.52009430658829
translation,39.429576201320664
translation,119.8360594129314
translation,44.20746338134508
translation,50.1881676295825
translation,49.98857678207603
translation,129.95224288783538
translation,48.50730646815893
translation,60.1550376121399
translation,65.32478235742633
translation,128.81183937335427
translation,52.27362873201212
translation,54.66142627759669
translation,149.08110786595466
translation,120.87676506021238
translation,65.05252282240882
translation,52.05153296499069
translation,129.4066848929671
translation,119.03724260125655
translation,71.64728862287187
translation,51.118126402107485
translation,130.76711468832255
translation,119.14762792300944
translation,87.82117864153088
translation,35.009299651999456
translation,123.28854946522111
translation,117.76245108353078
translation,74.11884891210784
translation,111.2321465201594
translation,117.30699778307482
translation,115.32116625951844
translation,75.3709958957353
translation,112.66511053485776
translation,113.60972571245048
translation,114.8059474116153
translation,84.9760831326257
translation,111.51929845990507
translation,112.03616231744762
translation,115.49256310496088
translation,89.03359921379179
translation,109.51564405866161
translation,110.85021758808443
translation,114.42645082249656
translation,114.36994752501059
translation,121.58377174185351
translation,118.14919117185337
translation,121.19040252040509
translation,129.94395480897919
translation,127.57487618254109
translation,121.88782604322165
translation,123.28098682157162
translation,131.85697207718468
translation,131.90441335771058
translation,123.32781166790011
translation,122.70861820415615
translation,132.27848251393215
translation,128.93676804521044
translation,123.17757618437304
translation,122.09961883862621
translation,129.2759152824555
translation,125.932581640606
translation,123.0671802865627
translation,123.33070340928542
translation,129.7854058064438
translation,123.38178523725973
translation,125.08679121455869
translation,126.62110324721863
translation,135.93223190102202
translation,123.16102828238665
translation,129.2877388437987
translation,130.5730761152938
translation,134.7241514950328
translation,125.47775380386733
translation,132.72535283109735
translation,137.53713651725118
translation,128.1929759342871
translation,126.33042693815838
translation,134.53326873367502
translation,145.60524033744016
translation,127.90191029880643
translation,129.63563023745493
translation,134.4605906235187
translation,151.98368400614834
translation,121.91730578533966
translation,127.34252091596599
translation,127.62861135795441
translation,158.78231324480822
translation,123.06263937864598
translation,133.05347638486623
translation,134.40273101843738
translation,172.55639785673176
translation,126.87287063608383
translation,139.08896050732463
translation,149.7185593124347
translation,165.9507739758365
translation,140.66633837167146
translation,154.17471283608353
translation,168.6402764970674
translation,144.98939970744678
translation,146.40106626205602
translation,168.5098202602657
translation,173.71173211796435
translation,126.89427653846766
translation,155.41601060267243
translation,172.2457076593406
translation,163.66716868145105
translation,116.2666545994437
translation,159.54091335406704
translation,177.42268926896497
translation,146.05425420202928
translation,107.64381786960661
translation,155.0862952452087
translation,163.28060473911245
translation,140.11780496629294
translation,103.04138073087529
translation,158.01759607599135
translation,126.7145362072932
translation,136.94755304995388
translation,101.61263336467046
translation,173.83890696766645
translation,142.3184815529143
translation,128.32499316906075
translation,102.23496042292027
translation,158.85238376591303
translation,138.33436774057645
translation,118.44442757415702
translation,105.13302574832034
translation,119.26372117228229
translation,129.09373778455117
translation,109.26507944366965
translation,104.33018058470726
translation,52.09045447046943
translation,110.2097885428345
translation,103.51519700101615
translation,102.31407597234289
translation,22.358905953762683
translation,99.01274378425404
translation,96.56140151914703
translation,98.28317101763103
translation,51.386084374369474
translation,113.73436383333349
translation,96.37152048531534
translation,99.69366467077442
translation,105.47664635142729
translation,125.8548056893222
translation,97.25802903895394
translation,100.83046446031729
translation,118.77077158142569
translation,127.09524370695802
translation,99.67331104136349
translation,101.26927364656565
translation,122.04469111913818
translation,121.52169575986495
translation,101.0835695679969
translation,100.60727770078559
translation,127.23303359542412
translation,111.6095568422141
translation,101.17945686311784
translation,101.47164608683923
translation,137.73061583505236
translation,104.9847776462485
translation,102.09685677105442
translation,103.81368300081047
translation,138.12719164701477
translation,102.5073546891345
translation,101.98144745606548
translation,104.40097227890696
translation,123.9865654102338
translation,97.6000477858196
translation,99.93820592391914
translation,103.33501393164566
translation,103.05219159004199
translation,93.77134859663119
translation,100.04146011292708
translation,102.97189556112741
translation,85.02354519181249
translation,88.98013511449219
translation,97.43499461321483
translation,99.93735416377352
translation,85.57049268517137
translation,89.55938906992404
translation,95.23420889855655
translation,95.77940760194937
translation,85.17635502540428
translation,95.14784847371735
translation,96.39313239856345
translation,92.78804742952669
translation,91.30497819042627
translation,101.41491071133899
translation,102.24760628926173
translation,91.5775830046889
translation,96.92005695628073
translation,106.71325085462857
translation,109.50337891099814
translation,86.29302475271525
translation,98.6345839981397
translation,108.43583142335264
translation,112.94004323192634
translation,66.9700365260873
translation,108.99619670212358
translation,107.48278423327172
translation,116.77425480901204
translation,50.44481075296767
translation,112.72825768160305
translation,112.52153779956059
translation,130.65511178649766
translation,28.621100041968457
translation,117.50001134544678
translation,117.58339269541244
translation,145.10247864421848
translation,10.687385317649897
translation,117.8771195928154
translation,115.43592537307134
translation,162.3667373217944
translation,18.842458270753536
translation,104.92354777958849
translation,103.56081790663136
translation,50.56982973660892
translation,28.801091407457893
translation,108.700335664104
translation,111.5675638419352
translation,56.23658270416479
translation,32.6784692118537
translation,104.3456376512334
translation,96.16853671152364
translation,48.34878660786742
translation,38.427272305404614
translation,59.0731256432313
translation,87.35026868320469
translation,42.27552762831697
translation,45.04015682779709
translation,72.7887012558428
translation,88.24745420915467
translation,40.822411460986004
translation,52.30846529478592
translation,83.26003068857638
translation,84.45114735693214
translation,41.094423521143035
translation,53.747633039215636
translation,87.16228202182802
translation,77.56272171368803
translation,40.87614019390068
translation,64.12712736441142
translation,107.87148241263387
translation,70.78864443147795
translation,40.98775389764551
translation,79.63301169132453
translation,98.72631559098389
translation,61.07905244357116
translation,37.689691948914984
translation,86.85314424342613
translation,90.20530751231681
translation,41.573330479659944
translation,32.26873856583908
translation,96.22155819130867
translation,66.71430128844159
translation,23.38795374651606
translation,28.54331653479242
translation,172.30474740142043
translation,40.51690979739315
translation,13.774455399243548
translation,27.28549032237937
translation,116.7676301424144
translation,26.367924207478204
translation,10.739321996153654
translation,25.892954420809307
translation,103.3921901001642
translation,7.839285044254355
translation,8.654231420747662
translation,25.493742639352373
translation,93.7875430449767
translation,1.5468205705767213
translation,9.274127441639985
translation,63.98715282638851
translation,92.80473735447126
translation,1.0319665502435602
translation,11.693107568837553
translation,171.60737108626762
translation,93.97935635583978
translation,4.71405234867732
translation,9.97663927556194
translation,158.02144793853358
translation,94.75342302129043
translation,17.27620888138143
translation,15.845435663137684
translation,158.39447575549943
translation,107.15744743553064
translation,57.78608937055391
translation,66.60802266390566
translation,155.6422117570525
translation,119.96013131828984
translation,92.00228650390224
translation,140.34719480343006
translation,149.65539375864984
translation,129.80762739634577
translation,131.37329727491073
translation,165.7889649526757
translation,140.55966654397182
translation,137.84594788268822
translation,173.20508292154886
translation,129.74912339323456
translation,143.93307810194096
translation,109.86949703337038
translation,175.0829149523211
translation,122.00921874003559
translation,147.34428919102095
translation,149.84982427748696
translation,168.24027194433603
translation,115.94684705542383
translation,173.31722808113753
translation,171.15744214180782
translation,163.1336033506192
translation,114.00575840073213
translation,115.27213782681224
translation,169.63270523446627
translation,161.38026445589296
translation,119.33889805283331
translation,114.47790315501011
translation,171.3069428128226
translation,153.8053361617427
translation,122.26369462318148
translation,84.55768905005334
translation,159.49726437133634
translation,143.74146277142376
translation,123.82385627474396
translation,60.51408365293808
translation,155.68237703523343
translation,131.55529660384153
translation,127.2756421460972
translation,54.5581077275817
translation,147.11644699405372
translation,112.48114201584366
translation,124.03264960634546
translation,51.02491935938054
translation,130.40557222539525
translation,97.0823623044372
translation,78.51060044128972
translation,45.4357426402719
translation,120.2262626818607
translation,89.45074536518615
translation,20.107559695423227
translation,44.66453940559874
translation,101.49012196748878
translation,80.02100521923697
translation,37.35672166949511
translation,35.874756335784454
translation,79.78958498846164
translation,79.41996396604007
translation,41.10904893182645
translation,33.14146730503266
translation,68.62552124593537
translation,78.01438001688429
translation,44.51309186555573
translation,29.811143838790592
translation,60.14537773832649
translation,61.786976782627974
translation,46.695575682979815
translation,25.685446627649004
translation,60.82266976720058
translation,60.192302753353104
translation,48.86843989545505
translation,20.844325180864164
translation,82.78408737174504
translation,85.31671060819765
translation,51.825802354142475
translation,16.654866922731376
translation,109.22521394433643
translation,70.24153865631894
translation,51.35916988353986
translation,12.867978080499508
translation,118.94958954713236
translation,68.39661435126024
translation,50.236162865368335
translation,8.93629574382216
translation,112.69537433196706
translation,67.0470493261708
translation,47.73553747711637
translation,5.178588348944107
translation,74.86758107095201
translation,62.49875044073073
translation,45.16762329565464
translation,2.1018984370276756
translation,65.7827510624896
translation,59.02857947340743
translation,40.368310494241435
translation,2.0949075925254355
translation,60.14296743958885
translation,55.596225232508765
translation,32.43402667884126
translation,7.736111513005956
translation,54.59312132468609
translation,51.54727760093459
translation,22.913087015375794
translation,13.102235299433774
translation,51.198243233175084
translation,50.38524778244967
translation,14.294681218172638
translation,18.416519860527487
translation,53.6859119971398
translation,50.02024785102275
translation,7.334729348366787
translation,20.339942710555974
translation,50.65833610612175
translation,44.71268721923482
translation,4.609147355436776
translation,21.66788009397401
translation,49.35980088332535
translation,35.82394275557901
translation,16.123883109195283
translation,22.26958558783609
translation,46.089110135149596
translation,20.5441109514392
translation,24.899110803604415
translation,23.55250584075847
translation,38.056488548206346
translation,14.343819339815177
translation,34.59854588717574
translation,26.324545940376414
translation,22.300322590038114
translation,3.0953562210884424
translation,42.24721376253536
translation,29.788517217943948
translation,10.76693161362147
translation,20.5683617324499
translation,50.28274620055716
translation,33.39583137053249
translation,18.46476198848909
translation,34.361520489205816
translation,55.084327557598876
translation,35.514609751811896
translation,19.780812522046116
translation,33.21510132180242
translation,52.96645256961983
translation,31.77478819483855
translation,24.874598801122062
translation,36.855851403002006
translation,48.210002741410314
translation,29.97385681694711
translation,25.5849144422456
translation,39.90947399148672
translation,41.922579831540595
translation,28.064703672056186
translation,27.96902001615023
translation,38.683822022597745
translation,35.1681788617275
translation,25.88900916160011
translation,32.9078386384057
translation,41.90271180862484
translation,31.39507665514657
translation,22.086320870288937
translation,71.82087740349864
translation,70.44070913222298
translation,65.54942000562649
translation,47.749019297448484
translation,40.87658546103099
translation,35.87109960996446
translation,36.90959230279916
translation,36.3849159032238
translation,151.03177444598234
translation,29.002479128429478
translation,111.09211170476857
translation,21.921155789574826
translation,96.55899011232412
translation,18.142780912457553
translation,89.4545997253747
translation,18.79465981841117
translation,131.10215803896295
translation,15.540751883748987
translation,164.04773627299687
translation,4.611366495963114
translation,159.48414645471118
translation,5.4329342788614
translation,108.80729915599001
translation,15.625369251417041
translation,172.77540097229095
translation,68.74318451728949
translation,18.5139037957947
translation,152.7749799841329
translation,45.255002014088674
translation,22.386343090569703
translation,139.7782677447019
translation,27.69404054315546
translation,17.335641617422084
translation,136.8034113820444
translation,16.998155990108692
translation,10.356708609128756
translation,134.99862220668444
translation,10.754438750404807
translation,2.790752704434448
translation,136.0248794290604
translation,15.298303013331546
translation,5.420370165804066
translation,100.75278264436234
translation,145.55035613021133
translation,5.125414815319773
translation,5.871368209722306
translation,74.52946609137402
translation,17.997261942184075
translation,7.42253006044926
translation,6.404049620282031
translation,60.866345385756276
translation,29.100182382595957
translation,14.360381316345325
translation,3.5829132070484655
translation,9.802348280929854
translation,34.36889777270273
translation,23.895865809912653
translation,0.9535503074781643
translation,81.2404594988682
translation,35.49914343163302
translation,27.24933455515399
translation,4.915622543555667
translation,76.5048685597936
translation,34.03243236488168
translation,27.92038483808813
translation,5.246884412332395
translation,49.7109347649401
translation,19.514901445597847
translation,18.76786434871932
translation,1.7781035536439231
translation,30.814868979121098
translation,5.185443789523933
translation,9.970813534509446
translation,9.483958107514253
translation,17.659532084396332
translation,0.6458076144064496
translation,4.6449329246260485
translation,17.572165583834096
translation,7.653020246445169
translation,7.020851034108907
translation,8.739739792573836
translation,20.69584242601418
translation,12.88916022120984
translation,10.828281996753471
translation,15.30712559903719
translation,22.737789584343144
translation,25.95938965109392
translation,20.381349617692923
translation,22.191232031007956
translation,26.06851851066428
translation,26.861156547252055
translation,24.60913710380343
translation,30.47069649417758
translation,32.68445026440419
translation,20.39058383508975
translation,2.672768747164761
translation,32.3046602501949
translation,34.91778910490296
translation,60.18990816332235
translation,8.573176463135066
translation,33.99525594234733
translation,32.227836852241595
translation,70.0677327847419
translation,26.740698914846583
translation,45.55217527877999
translation,21.2499601308578
translation,60.015777098654446
translation,15.866460708270441
translation,56.50800723282732
translation,34.17072701057242
translation,25.041835876779846
translation,46.503195848747815
translation,68.52348517277876
translation,45.47050558834785
translation,48.05106156259877
translation,61.875955243370576
translation,70.19798679770132
translation,49.338070009710265
translation,63.588347269653575
translation,73.07220235444481
translation,76.43779789989851
translation,53.354943586743424
translation,61.73118152303651
translation,76.14158807703313
translation,81.01746643624851
translation,54.06322800726488
translation,64.69098621588951
translation,69.13966405304264
translation,83.17690745170441
translation,59.66607954117357
translation,78.9918901305087
translation,67.5340162667464
translation,84.1681122686561
translation,77.67630601252385
translation,97.8939854999385
translation,87.54107417973563
translation,64.37433342411748
translation,155.07542267909952
translation,116.0005692987364
translation,100.30231336378338
translation,58.05442149877694
translation,164.22008506014268
translation,84.161110871695
translation,101.54685310546115
translation,43.561735820169545
translation,150.65053520928652
translation,57.115353445837556
translation,93.7924589225363
translation,35.38549422311228
translation,143.07010731488455
translation,80.46324978440903
translation,100.64707683212916
translation,26.78646362038167
translation,137.3492697609706
translation,82.62189318150502
translation,135.98856242350533
translation,21.49737254669914
translation,137.29694670082043
translation,120.19750273378381
translation,165.08811920822174
translation,11.388381148858208
translation,144.20783457503177
translation,154.29950945308966
translation,148.31537699161032
translation,127.64434293986314
translation,147.60948537620033
translation,119.2878634809742
translation,49.901566119210614
translation,119.9942722819194
translation,148.20320578759404
translation,113.80411901498152
translation,10.52176855488022
translation,130.86554998362908
translation,158.51174812014875
translation,116.22869461663313
translation,8.416472941878991
translation,132.99961287194313
translation,170.27035417929247
translation,98.98066767141388
translation,13.080820292972348
translation,135.6186793999656
translation,173.29179135881046
translation,6.988265235371335
translation,14.58258936244291
translation,133.87670524052592
translation,163.43182626343278
translation,17.664680106488518
translation,15.293800874873662
translation,134.26055179119948
translation,150.28908723238348
translation,18.888581217118773
translation,5.218886692266467
translation,140.7310511773898
translation,138.79392532813114
translation,16.043539361990952
translation,78.16127836294154
translation,149.60711177063595
translation,125.61523784594208
translation,22.003582121285532
translation,146.59790884205938
translation,158.6253611238963
translation,133.99756953440564
translation,35.90393915143026
translation,148.97333328152007
translation,165.8037532773297
translation,127.64711937535719
translation,145.6695323474033
translation,148.3421895706538
translation,175.87520969353113
translation,115.92270616105533
translation,151.01706237759512
translation,146.06919042570289
translation,177.09789858253052
translation,108.17489355302578
translation,151.3901710388759
translation,143.90489672881301
translation,171.2659463852153
translation,100.29747576761716
translation,151.08083117476454
translation,143.22246581837166
translation,163.96566304572332
translation,94.24103250678608
translation,145.03213047313795
translation,145.01501080366228
translation,150.21759615886813
translation,88.6335811818892
translation,138.0562350508677
translation,148.64182079756927
translation,128.6850279530045
translation,88.50486436726801
translation,130.60595211034362
translation,157.41652247729624
translation,106.66420590083085
translation,87.42930550867119
translation,122.87912091619346
translation,175.98301614038385
translation,91.59764552699724
translation,86.4920783812275
translation,135.67461310928047
translation,143.73778033339724
translation,85.50589437670597
translation,85.90776403025936
translation,157.60562233774414
translation,114.85322938964428
translation,83.707071673658
translation,86.20401063202605
translation,121.43617796891837
translation,102.49822624851824
translation,80.0523190740767
translation,87.05995298485946
translation,125.5291739397424
translation,103.76516478091466
translation,80.86079296123431
translation,89.67748164044228
translation,119.22792933469414
translation,99.30514881126813
translation,83.0849854245505
translation,90.50647678958362
translation,106.80029558103197
translation,90.77943567674653
translation,84.32754098386337
translation,90.36786353199206
translation,95.90914483462585
translation,84.55723863625921
translation,85.00881742037399
translation,87.80940007422335
translation,88.29702229036948
translation,76.59934380280043
translation,82.55618155360749
translation,84.54515032566894
translation,79.40394608580999
translation,72.27324739678261
translation,81.31172656014694
translation,83.22484684844797
translation,73.96741381706084
translation,67.36898521622608
translation,81.73197110250193
translation,83.22949200071903
translation,71.78088521698275
translation,66.45882061077917
translation,82.46366331920034
translation,81.21111994584778
translation,65.79758810506122
translation,65.82657752891619
translation,82.30140704571994
translation,76.69114783347256
translation,65.85038484237249
translation,68.99379347288576
translation,82.54354712484076
translation,72.63542787212617
translation,59.67142126268251
translation,72.71433640635712
translation,78.93713315834295
translation,67.98508410590554
translation,56.54082660854654
translation,76.76812477159217
translation,78.7512718582843
translation,65.69458160639206
translation,57.57002051125977
translation,79.07639223242992
translation,84.25213451068558
translation,69.57170244325874
translation,67.32850252902485
translation,85.06861838420286
translation,92.82837665483056
translation,76.12970154602017
translation,94.28827247486004
translation,99.17984022307319
translation,100.37363287579109
translation,91.83004407010691
translation,104.10731775599152
translation,113.90754020950718
translation,99.44325964935035
translation,100.69804990890007
translation,112.74246893518415
translation,121.76251249714652
translation,91.77157504302549
translation,110.9937431481823
translation,109.53553851293152
translation,129.2398414145366
translation,65.98879184021033
translation,115.63417466535476
translation,109.9370416754196
translation,128.7181235585432
translation,27.70839221522782
translation,127.18860618818313
translation,141.2352210316665
translation,108.94730848448597
translation,5.797809956887651
translation,142.8897163386715
translation,176.56846062902244
translation,110.848323504901
translation,24.029767894722802
translation,175.4645857557203
translation,137.1406965725369
translation,110.70185643152504
translation,11.517744011327306
translation,171.34854326615766
translation,83.14951879527173
translation,77.53357943154394
translation,8.669127425093595
translation,166.39226987488928
translation,73.83106396872454
translation,18.60729745866652
translation,78.40101784997897
translation,173.68613723640308
translation,79.7431450125484
translation,13.382653924102524
translation,99.55346337858529
translation,172.34476062265085
translation,75.09233568850648
translation,5.703686977063716
translation,118.7241274911222
translation,157.4770540818837
translation,65.0274537554214
translation,4.250765378480428
translation,130.55104747740057
translation,153.28983755423727
translation,50.51012847716532
translation,18.558580614626944
translation,138.04723460703096
translation,141.66510665409453
translation,26.476504197571476
translation,28.371740432073253
translation,147.8471927395719
translation,141.74404810956773
translation,11.6250175761811
translation,37.00503585091467
translation,163.78551789098975
translation,125.66468180897871
translation,9.883486331664072
translation,69.14400791956929
translation,168.35799799318502
translation,124.14195291866947
translation,15.437690871689552
translation,123.77946920580035
translation,172.78841762514583
translation,149.32438525799924
translation,1.5082779537574869
translation,1.3597301654719254
translation,3.4782053554698393
translation,6.361688414226084
translation,10.026458850233672
translation,12.158215075790073
translation,14.245599255628134
translation,1.8963903043525427
translation,15.948293367272768
translation,4.195300852482379
translation,18.286482905613372
translation,7.693502938731708
translation,19.824042608519328
translation,7.212931381243943
translation,19.22827124927664
translation,10.401364009616334
translation,18.91140117327162
translation,12.947258178243752
translation,17.756849173599303
translation,13.927049260061658
translation,15.502292560634915
translation,13.84453726683233
translation,12.19542643967941
translation,2.131046622705773
translation,13.883610753956097
translation,9.930577110503515
translation,3.944778373026954
translation,14.501586069128834
translation,8.777056528309522
translation,6.750264886643154
translation,12.966739412209867
translation,7.481118110375086
translation,9.457138561743301
translation,10.525645691268288
translation,6.534164513091272
translation,4.100187183648255
translation,9.812641266849642
translation,7.332034551371093
translation,5.022209041824939
translation,2.785172524729203
translation,8.460840627011656
translation,4.362062578494401
translation,3.542177806060622
translation,2.8996958043805523
translation,7.795921126870615
translation,1.4600616261100163
translation,3.0080015547284074
translation,5.060357521505331
translation,6.00915007697925
translation,2.273285209977947
translation,2.309633048531147
translation,8.344529187417933
translation,4.297811581933694
translation,5.967705548400713
translation,3.9138920027337956
translation,5.795067025983509
translation,1.251252454677668
translation,8.521720039323256
translation,5.63377109240285
translation,2.7614718313461557
translation,3.894939263753629
translation,9.886750546925317
translation,7.299024529280215
translation,2.4443400940966007
translation,9.106382902675213
translation,11.971207014169154
translation,8.77066440307631
translation,7.3607361851801585
translation,14.264320225111923
translation,14.463304279361283
translation,11.315000348412452
translation,10.715608555638003
translation,18.53491235179084
translation,14.64881063478234
translation,15.093751926624993
translation,18.13584927407006
translation,23.85813752907557
translation,14.683128828284966
translation,19.3599290622293
translation,24.68359750391255
translation,29.595714155062407
translation,10.280916410095802
translation,25.37769972277339
translation,31.88816815158032
translation,35.55297827731789
translation,6.182550299788497
translation,30.446250245809576
translation,37.23730521057413
translation,38.39252105090581
translation,2.456066461422297
translation,38.22635677657062
translation,40.52218379310026
translation,37.30600888179984
translation,15.080829602079099
translation,48.45389479040544
translation,45.538927297351975
translation,34.84842727168087
translation,28.526975001728292
translation,56.91333850944694
translation,49.91493911606821
translation,31.226871302641996
translation,38.58278268062724
translation,65.26991808519473
translation,49.044541300476446
translation,14.964797270047985
translation,48.05313403639953
translation,74.01575759024992
translation,22.767550617223872
translation,13.8955587172295
translation,54.78125169446435
translation,82.28822946890809
translation,4.001438957381396
translation,41.06343842397988
translation,58.92766637746107
translation,89.55265320184975
translation,22.955969555427856
translation,52.51702712682609
translation,63.51568730258791
translation,95.44889989009366
translation,43.909549938545084
translation,57.08746154729628
translation,66.43685157131539
translation,99.54150071392127
translation,45.5881237761151
translation,55.2168883705829
translation,66.44386295593843
translation,101.68734598276562
translation,47.96026644438015
translation,54.30769239555952
translation,67.97548351429502
translation,107.17903434444696
translation,50.24428604506394
translation,50.33898738195221
translation,69.62110373899044
translation,107.30289862265796
translation,45.60882057830704
translation,43.504392241873326
translation,70.92511863758088
translation,104.68272638128126
translation,39.11347501608588
translation,37.52322392835592
translation,71.44347732775181
translation,100.82175179731769
translation,31.229931923451367
translation,33.10598961097235
translation,74.75320719414132
translation,99.98548103323303
translation,23.005963524883814
translation,28.647141369724736
translation,74.28526844493483
translation,94.48608336847511
translation,13.018213465685879
translation,24.09256531592602
translation,72.98194963865234
translation,87.91866006923452
translation,5.994267208197902
translation,21.550388693772597
translation,71.36353545731684
translation,82.41078987718585
translation,4.14594216059812
translation,22.72334286001989
translation,70.49126267812063
translation,77.6299672868227
translation,3.958056915754547
translation,30.634096158150584
translation,70.99123240105334
translation,74.42186638472457
translation,7.599331875177288
translation,39.622470913213355
translation,68.41950172896036
translation,70.81692529616872
translation,12.648989728432959
translation,46.67280372131467
translation,65.61332248717156
translation,66.88735951139762
translation,22.63632512383381
translation,47.52724329814279
translation,60.95082261797455
translation,61.1239237169813
translation,30.220244153540325
translation,45.11734352450324
translation,54.0712666273864
translation,54.0222427156729
translation,37.74092353129796
translation,45.092838778307986
translation,48.62183606723664
translation,47.94615520671711
translation,37.84819646425808
translation,40.60384373610593
translation,41.503322750776704
translation,39.78481120721276
translation,31.42071624368738
translation,35.5605695931777
translation,35.48446875763017
translation,33.54480206698854
translation,25.425830812786604
translation,32.7962286239189
translation,30.927885562398252
translation,27.808627473318634
translation,28.49791324326041
translation,31.117699912764873
translation,30.014324918634813
translation,25.66553373288358
translation,27.154518562872596
translation,29.424653945108304
translation,28.495912694425563
translation,23.905489141765493
translation,31.63202961519405
translation,29.86634677506177
translation,28.25263778273633
translation,23.915834425659327
translation,34.67849961374549
translation,28.754827068391247
translation,27.694988297419975
translation,24.728533465998225
translation,27.16023628193471
translation,20.83070179011401
translation,19.42316495876931
translation,19.309270840065125
translation,22.475016963613125
translation,14.798440092191933
translation,11.768674279328021
translation,15.799759471672584
translation,17.90081114733692
translation,10.780407339109924
translation,7.085265360765981
translation,14.008725692863912
translation,1.5440357130275586
translation,4.483017252804351
translation,7.134350747325249
translation,3.9932413613393503
translation,5.536792258776468
translation,10.805140994012826
translation,14.053188942396922
translation,5.92769705942261
translation,12.304228646654273
translation,10.912759573217123
translation,20.971206747199822
translation,14.553911695313456
translation,20.137198881574374
translation,5.703242028302557
translation,37.12240567149531
translation,35.128891171774455
translation,23.198925925064195
translation,6.45085881935527
translation,46.70905253321502
translation,43.64600674906911
translation,66.32684295236803
translation,28.76673797605501
translation,124.5667684533007
translation,84.33769578116056
translation,88.7469174048648
translation,99.08954119464975
translation,141.82257293738348
translation,121.96197578869128
translation,51.37152822064324
translation,114.74799194331456
translation,111.95450986719027
translation,38.152944552014944
translation,17.117331403529125
translation,115.25368464420008
translation,50.86558097774947
translation,13.027197328882625
translation,84.43375343391001
translation,123.58638659415391
translation,67.54212033718557
translation,9.398240027464693
translation,115.00356420715545
translation,136.9310332956538
translation,105.70979193262818
translation,20.499709992623288
translation,124.62701660055573
translation,154.152808112217
translation,127.60223651859936
translation,1.4281507077824964
translation,146.75304598866774
translation,175.56416452647363
translation,149.95005516329093
translation,21.54632609432105
translation,161.3979400000056
translation,154.86120984467817
translation,169.82558867399536
translation,27.707397093562697
translation,166.02026595843495
translation,118.25985990767927
translation,111.05532625313792
translation,29.599020356060798
translation,147.43527457170393
translation,78.5302992751736
translation,51.13292835013917
translation,16.440129926438942
translation,117.30513223191065
translation,40.71535161564301
translation,34.82253616633151
translation,15.580958846356339
translation,100.13031773290574
translation,29.105976321784343
translation,33.792395971050986
translation,5.240009331507637
translation,69.57923628884095
translation,23.7526807070437
translation,21.293362141291702
translation,4.196185093760382
translation,35.60473920059576
translation,56.23214379279039
translation,16.32809510881905
translation,4.537345973589665
translation,4.231075415150989
translation,40.51070489224425
translation,12.214330273929413
translation,3.626257800255157
translation,30.178544595405885
translation,22.76331404003445
translation,5.44982080501098
translation,6.156645702803558
translation,83.60776013110039
translation,16.184340042960223
translation,10.939000317592921
translation,11.389122239998509
translation,117.80543937451688
translation,12.943904490011178
translation,12.770460788924597
translation,18.160543100077845
translation,160.33288499508382
translation,30.481432781080333
translation,19.38360486907121
translation,40.718387320876374
translation,55.14380336613661
translation,37.06743082085449
translation,9.597910606717887
translation,36.643314927675696
translation,48.362018907817124
translation,30.065279199976985
translation,5.253313111347
translation,23.194454962413545
translation,36.10372319448398
translation,26.79727812649324
translation,11.79944158230327
translation,8.81563834978758
translation,31.887270936870326
translation,22.749288231298625
translation,9.241999695623436
translation,2.0693914078522897
translation,26.996454807701976
translation,13.258415234443875
translation,14.631709604577086
translation,17.22886429343974
translation,12.958534849093578
translation,12.635338396279357
translation,23.90422579460866
translation,25.951628274643056
translation,13.9096614346266
translation,43.233596451753904
translation,43.720562961116826
translation,66.59317486847496
translation,40.809347457599365
translation,68.57689267245756
translation,45.504853842458836
translation,85.65915944456555
translation,53.688729105764146
translation,57.7243611912694
translation,33.47990898214919
translation,148.61032468683797
translation,58.78708788561131
translation,42.9951029767655
translation,14.146043511535122
translation,160.87423372535653
translation,97.79648917849508
translation,49.2082512185523
translation,14.209865803099143
translation,161.71843209315085
translation,109.00660626879053
translation,72.54152092763111
translation,34.28247980910384
translation,162.74448903472447
translation,68.20838329466704
translation,46.20675013325456
translation,45.012648966158196
translation,170.1204974715025
translation,34.72907660951481
translation,75.03870356077519
translation,61.0347019352287
translation,172.6672474807527
translation,39.072105363092675
translation,77.35779947517756
translation,115.7089541064196
translation,162.9778075630997
translation,42.38637951772559
translation,69.98471851408782
translation,153.48202047915285
translation,159.34872348715646
translation,87.03062418033853
translation,66.84778507797252
translation,152.35298643533787
translation,163.19850698826144
translation,108.63430438833936
translation,52.377925314125
translation,157.33489941690164
translation,151.0799125079224
translation,102.85382714752689
translation,8.781505467764708
translation,159.80766377403788
translation,131.61986178371455
translation,81.1214676203518
translation,19.332717199552786
translation,168.32933721240704
translation,121.86917900856466
translation,54.70264093771135
translation,56.18507007142328
translation,178.5283725887175
translation,117.41420686894367
translation,5.712465634056835
translation,76.76820043965412
translation,166.4635176705976
translation,121.96024180914299
translation,42.83832890682838
translation,102.57284912014694
translation,152.39105874064438
translation,130.70637486054036
translation,71.1154347364742
translation,133.8809608350064
translation,137.21041355886328
translation,140.04696754753965
translation,86.04275332565571
translation,156.44020580302828
translation,136.21469373431012
translation,157.29646493474814
translation,117.6613396609107
translation,175.79485598089812
translation,138.19583226917072
translation,175.2629396153326
translation,163.9721686571147
translation,172.35253457076354
translation,142.1359851167968
translation,160.41086507483476
translation,172.43221451982026
translation,172.3663581179055
translation,141.40617649966427
translation,154.2729143422225
translation,158.2212331226801
translation,166.83068294893118
translation,145.70348697320793
translation,152.82423321061665
translation,158.25140757425388
translation,169.29882239225563
translation,150.89413741228657
translation,161.8137004516066
translation,167.4000019247697
translation,165.36391777844835
translation,157.2862226816239
translation,152.0496551680686
translation,175.32922151802336
translation,134.89038109369676
translation,166.3813130247165
translation,92.14928777084293
translation,160.42497713591376
translation,83.14817678587698
translation,51.55407704266214
translation,60.38540333487147
translation,98.76644885612794
translation,52.81801345498146
translation,26.25895232774377
translation,46.61764721771506
translation,61.13298267233781
translation,43.841975069983754
translation,31.148282732604912
translation,43.67189247206037
translation,41.58199283109563
translation,38.975549780781215
translation,41.81399319713086
translation,40.164681216790655
translation,42.277308524841985
translation,38.805013351888334
translation,21.263202541457584
translation,38.64338037262923
translation,35.3449893211026
translation,31.256709935338346
translation,10.577206834017694
translation,37.101855874180636
translation,41.901505127111896
translation,26.033278033158545
translation,30.677551878187654
translation,34.755345700989785
translation,48.15834121427224
translation,67.49946331213067
translation,50.48326462829344
translation,30.238384454352705
translation,39.624978964076725
translation,86.42988153925364
translation,37.870452700693555
translation,16.060464554482547
translation,38.247994497351854
translation,96.79981773010313
translation,37.827448992742234
translation,6.491935944648499
translation,124.46247815869853
translation,105.48181478988822
translation,45.72120043526089
translation,33.29352262614913
translation,116.23043239629774
translation,108.56246072984321
translation,44.32061130475579
translation,50.86808578661902
translation,110.06280245788788
translation,107.41532794785337
translation,38.61224530132426
translation,56.63345219179512
translation,100.3734133738366
translation,107.82600195451407
translation,42.87311308381069
translation,50.808952554506455
translation,95.05436304431095
translation,67.84935945833305
translation,41.177245439618396
translation,46.847417216217444
translation,94.640748187388
translation,72.1992248665863
translation,40.66192493635036
translation,44.9716362577634
translation,69.87536839188063
translation,69.13689515280149
translation,39.42678683271705
translation,38.6348559313993
translation,91.29370165599366
translation,66.12775366588238
translation,34.79931399121247
translation,33.434470633577945
translation,87.25266060183026
translation,66.2370814276761
translation,23.855310414424846
translation,25.76454149710048
translation,78.49506652003967
translation,62.3811383839551
translation,4.767644825025075
translation,21.98589642920983
translation,71.42472543316975
translation,58.450780150949385
translation,20.785399471745205
translation,16.600592448644615
translation,57.02508232989209
translation,53.181172293672525
translation,33.097720618957794
translation,8.076385432583825
translation,49.737998223442055
translation,41.59881147895475
translation,46.729223284844345
translation,4.606630079970515
translation,45.60926768770749
translation,27.941120019078703
translation,58.96842694703935
translation,3.403315271687398
translation,45.64303525681839
translation,8.501972845270952
translation,67.02861695018048
translation,8.595164577937242
translation,51.233113852045555
translation,24.923344656662128
translation,72.03203386134945
translation,12.491381316103299
translation,39.0584592624586
translation,60.323198398799484
translation,73.30747069186127
translation,9.397201184132163
translation,35.11168031110329
translation,73.53942447245811
translation,73.67630079298122
translation,6.899732225743483
translation,61.632285616948536
translation,77.92589053335573
translation,71.61164990991809
translation,7.229773577768563
translation,72.35586032849791
translation,76.38774871980021
translation,61.77503037054011
translation,8.99033522887642
translation,78.5480010291266
translation,81.35589293615243
translation,53.33809906622897
translation,13.195738637174507
translation,83.99444444640827
translation,87.77440122297334
translation,44.15413866745958
translation,7.3992942917271725
translation,85.40841206944312
translation,89.46624975160964
translation,17.207549017111663
translation,9.10815130908975
translation,83.94845942852666
translation,86.76414570086457
translation,29.257146489897714
translation,28.41842528709521
translation,85.06165017177035
translation,81.79593145337353
translation,48.1753100456915
translation,53.519127548956455
translation,94.45544339598793
translation,76.73209039822744
translation,55.481566245821526
translation,65.4540584390809
translation,98.60283547863833
translation,29.883891405934037
translation,58.85111724450371
translation,74.339494572102
translation,96.79738153723909
translation,72.16094339945805
translation,61.655932772571035
translation,81.54578091842956
translation,63.026270638542684
translation,74.7030869474021
translation,65.8190461382693
translation,85.3425613996835
translation,35.66296826636082
translation,76.33342354175518
translation,68.55211662125309
translation,84.08067666439588
translation,69.4766108970288
translation,76.70447756538152
translation,71.91858816350977
translation,85.84799176756833
translation,76.99186599521616
translation,75.93304471852235
translation,75.59270785554794
translation,89.57229361259897
translation,79.79654346642197
translation,74.24739444723457
translation,81.77966955352949
translation,96.8494070150255
translation,80.55651933332116
translation,69.74247957017967
translation,83.56838942607484
translation,103.71033386182559
translation,74.6365558297094
translation,63.34440114843657
translation,87.16758910151587
translation,112.71721759753106
translation,68.24852967853535
translation,57.97851794777644
translation,96.8297087114596
translation,119.91580327390987
translation,63.71472403072557
translation,56.72018439911853
translation,128.90224199427408
translation,120.36234540694672
translation,47.852259488326354
translation,49.11074116376841
translation,147.4152880594326
translation,117.55286409740837
translation,42.376448438527206
translation,40.91070416488338
translation,132.55408729460763
translation,119.68386583269393
translation,39.26807324630271
translation,90.7283857365349
translation,133.36651635109325
translation,127.90884494834145
translation,47.62565815410962
translation,127.34296367384461
translation,151.59265261998047
translation,142.36158447619698
translation,131.89256369742054
translation,158.78595671565432
translation,150.39793089637877
translation,132.87129185292576
translation,136.6907211874433
translation,161.29845282925777
translation,161.37565297372623
translation,132.2239955054911
translation,141.2874584045901
translation,170.72011583945422
translation,160.59706833762402
translation,127.50749784898234
translation,135.3166108286404
translation,165.43800676646887
translation,159.41784652939722
translation,129.81363990356732
translation,134.01597099029053
translation,157.66829574610128
translation,161.28368485313308
translation,133.93161819623603
translation,137.63805036411873
translation,138.60423927480724
translation,161.69127869074325
translation,133.816944460491
translation,148.54153351820614
translation,127.60381811296484
translation,157.32956971152032
translation,123.06989157933288
translation,159.91408727381676
translation,116.75580414019174
translation,152.90079334681673
translation,150.28656955476106
translation,159.94355679677759
translation,111.25098605955272
translation,159.6922205735805
translation,135.95549040610084
translation,142.183584315862
translation,109.27055452206342
translation,162.4283360932031
translation,146.16022862186625
translation,116.67006500137644
translation,108.36953000689566
translation,168.7789598369423
translation,157.9572323043191
translation,99.7430380864538
translation,114.4156365842435
translation,171.2039843247021
translation,144.03538751290566
translation,92.09119723170865
translation,124.31040056731115
translation,172.56428366716202
translation,126.06469121233187
translation,92.78627348137184
translation,132.06624516232745
translation,177.00843112087765
translation,97.14280246742022
translation,93.35428039452205
translation,135.5590644646846
translation,173.3845934214766
translation,76.8300003033269
translation,88.57255592949562
translation,143.33440379090624
translation,160.68871829333136
translation,71.52544322866859
translation,80.48374530981361
translation,155.70268318814578
translation,148.88785552709575
translation,76.34926931627366
translation,78.46505315691442
translation,169.91930287896403
translation,133.565613003057
translation,84.11347580514159
translation,92.80153933883331
translation,168.4119990722754
translation,130.02473917345492
translation,106.24111516515241
translation,140.04472914816444
translation,158.41001540645456
translation,127.50758921726717
translation,129.97983820100433
translation,175.20612448304334
translation,151.45636724854828
translation,127.65235832182061
translation,153.77355452456877
translation,162.7159691101792
translation,137.511386378228
translation,119.8989431652993
translation,122.33694161542859
translation,153.52432450984355
translation,126.89434842339769
translation,115.1555868418734
translation,148.10721069825206
translation,146.90690900812206
translation,119.46295475037194
translation,113.17505438988762
translation,154.76256564154698
translation,154.79516069455775
translation,118.332225947808
translation,109.06498828826264
translation,158.0625611208531
translation,157.70000374602097
translation,120.07310710949676
translation,103.6286720540249
translation,152.34048113426337
translation,149.9969246112316
translation,118.09839861032421
translation,99.75518290467123
translation,150.24386210671085
translation,143.85700281949724
translation,112.813759937949
translation,91.95379199229338
translation,154.71047701801115
translation,133.82872915021895
translation,105.37140902443525
translation,87.63506563324617
translation,159.99358533270947
translation,119.10984348222436
translation,100.48339459929733
translation,83.74074392107902
translation,149.82493497825436
translation,108.08511210429556
translation,98.75204735895869
translation,83.53716914379449
translation,136.98247814146544
translation,93.31982080237654
translation,94.5775210724069
translation,78.58064482093519
translation,91.28803004845852
translation,75.75544187076677
translation,77.34630417934585
translation,72.88807404192957
translation,75.82070442439995
translation,67.97233352594178
translation,63.214698682183574
translation,62.36486148926706
translation,57.374111161857975
translation,56.867473737403756
translation,50.90622887696738
translation,53.024756059808
translation,49.04369723302597
translation,56.636310568743816
translation,43.053847973426834
translation,38.56647715103446
translation,49.41642240885828
translation,65.04224685553847
translation,48.17463829218201
translation,40.460960709344846
translation,54.35836157701646
translation,74.3690570516815
translation,51.666841716212815
translation,45.15944090565981
translation,68.1410191401643
translation,84.51512722309114
translation,56.24562780261452
translation,61.461019087741974
translation,84.87774517392829
translation,98.41588128523442
translation,60.77207893631998
translation,108.69844499854203
translation,103.175358790683
translation,82.42743124065096
translation,70.42252440913724
translation,84.21247554630185
translation,96.90126881466733
translation,54.16391680357841
translation,52.14411425408781
translation,44.84873403179041
translation,99.8762466745697
translation,39.444873376503374
translation,46.76926276106708
translation,35.29125190151299
translation,107.1544968639461
translation,20.64133108671441
translation,13.671692535505592
translation,33.29844865513638
translation,53.52585049961214
translation,20.641625250221622
translation,43.34685500626839
translation,44.700435157638694
translation,39.23840939171598
translation,22.16686025502485
translation,72.17781221097344
translation,44.1202136902062
translation,22.371483757402324
translation,15.553865672003912
translation,92.11067734290722
translation,46.31882955411594
translation,17.673293843326586
translation,9.266438519402026
translation,99.88644508631376
translation,47.960346307688276
translation,2.7035533016977276
translation,28.587342818475488
translation,100.36344121894977
translation,62.8967320664517
translation,68.66075764252733
translation,96.56816957450174
translation,96.42438342806807
translation,80.59094638141283
translation,116.52324641389824
translation,108.53343022585265
translation,91.3466987185411
translation,88.6825993884408
translation,135.10602827571864
translation,128.1581905113678
translation,89.94512789870153
translation,89.16793895528122
translation,145.1152464082297
translation,125.88840515540677
translation,84.90406924722066
translation,85.19061328175412
translation,140.81507963160925
translation,129.040666927791
translation,75.5639045383016
translation,73.59201868951587
translation,50.375380819752834
translation,124.1534079205252
translation,66.77001745110559
translation,58.208405852826864
translation,78.81542214995535
translation,119.02847217352227
translation,61.274287142066306
translation,42.59912556170774
translation,88.38641969076559
translation,99.7196736980348
translation,59.861129487798586
translation,25.697124933917795
translation,116.45272435564328
translation,84.11013701859463
translation,67.94255244973166
translation,8.697245163137795
translation,119.57693352566574
translation,73.53284689731679
translation,72.44534620462026
translation,5.427997195420894
translation,129.1473639856354
translation,46.87919960401006
translation,61.49872809250592
translation,20.92871116047893
translation,103.20415604384975
translation,33.50221397229146
translation,43.267536115202596
translation,23.370482472081477
translation,47.845695714623226
translation,18.949836748456185
translation,27.856472932772725
translation,22.13630983755646
translation,24.11712575713285
translation,8.684350950205157
translation,13.412082442339406
translation,23.28102368546594
translation,20.171598504595025
translation,3.707252584084694
translation,3.913490451287905
translation,25.451333594081067
translation,17.52053498841036
translation,14.077231533323115
translation,10.590132740403176
translation,28.355717752206292
translation,19.644063298909806
translation,47.12104727398951
translation,16.736370294925713
translation,29.126289963674942
translation,45.87914532299783
translation,77.95572953120987
translation,20.180553914963706
translation,31.921312551303025
translation,54.838378988019095
translation,81.86683867957505
translation,21.490155596192757
translation,33.30072170257301
translation,56.32938007741469
translation,59.06682253184974
translation,21.28520761775611
translation,34.065202844560815
translation,90.86903942029562
translation,42.38017422186238
translation,22.923248121800874
translation,31.98666470641328
translation,87.9593065104142
translation,22.003133863915483
translation,25.639506579114617
translation,30.337634437854952
translation,98.50187230882693
translation,5.566606512139773
translation,31.32712679320993
translation,32.58146943495643
translation,63.09165755688074
translation,21.112462380357563
translation,33.90183153203618
translation,30.321640910573677
translation,11.138683951812778
translation,26.236366773039574
translation,34.856524441556225
translation,27.105768212659093
translation,13.97953476558272
translation,27.723271469702603
translation,35.84676313243236
translation,25.66872892583033
translation,21.578685990266383
translation,27.888753667283652
translation,34.54614073360017
translation,21.599011980879386
translation,28.96774451559574
translation,26.520368489499624
translation,33.490382669451165
translation,17.802834905672256
translation,30.236735324568663
translation,26.730330028410854
translation,31.446208886691526
translation,16.68116487263673
translation,26.72094948815757
translation,27.08784301234245
translation,28.08042022750588
translation,15.17952253976878
translation,25.604874131623266
translation,27.911135596373406
translation,24.29928519351941
translation,15.321911400185778
translation,19.81380816331067
translation,29.366471156418193
translation,19.35094675066945
translation,15.181352792266953
translation,19.44058207404977
translation,32.36180600303613
translation,16.228981420281848
translation,15.82987288206264
translation,27.908283082699015
translation,37.81571703836698
translation,10.665308375122052
translation,11.929240668074964
translation,32.28643996070398
translation,36.625426816409274
translation,2.222705624216153
translation,15.984658950342567
translation,38.688268865671866
translation,34.02938995363092
translation,4.6386511276068765
translation,123.76592181596583
translation,34.71627968466906
translation,26.152534817138214
translation,12.701127838457522
translation,157.8940101404451
translation,27.975391268063877
translation,14.741487978438514
translation,20.99975232181872
translation,160.2859532999087
translation,26.392833976128582
translation,6.209137896916724
translation,45.21884393551815
translation,160.6308554373896
translation,19.755038748733067
translation,26.34541958197635
translation,106.92363307721514
translation,153.13758001597867
translation,8.642545258974968
translation,49.257040413393305
translation,133.7458593048745
translation,145.06293675053084
translation,80.20232027035685
translation,70.74271243184491
translation,142.6334715160085
translation,138.46183471990344
translation,104.92448086196478
translation,83.6290653512887
translation,149.5564020517335
translation,138.88565976834215
translation,100.9218916551157
translation,93.99205322141975
translation,154.78622497861508
translation,138.25890138225148
translation,79.53743710207421
translation,99.02781027398419
translation,160.46353117384925
translation,136.04579170599695
translation,69.11384264046947
translation,114.30028879574506
translation,165.9756339216619
translation,129.77411879877394
translation,73.37603967368415
translation,144.20597183002323
translation,173.1005184039812
translation,137.92672349802555
translation,89.49250858593417
translation,174.01146577145127
translation,178.76260216749145
translation,138.13671323372895
translation,123.07364072814713
translation,175.6584472353093
translation,174.6973832524883
translation,141.199825041601
translation,167.92438578390397
translation,175.4668546918809
translation,165.69915617226007
translation,163.89811857050913
translation,151.85113592496876
translation,169.51732936211835
translation,156.82309068608174
translation,85.14250605710207
translation,155.8300432681346
translation,172.57793036837572
translation,162.10637959295025
translation,65.74632357721615
translation,171.03517678371247
translation,174.16064583514597
translation,167.35957523674978
translation,44.4514723634184
translation,172.2575553776642
translation,175.95211157849914
translation,165.3408737172631
translation,27.014534139557437
translation,170.1856814253381
translation,175.848164789811
translation,47.61242281777921
translation,18.9118145939184
translation,169.07654001537375
translation,176.92594262262122
translation,25.7046428256772
translation,17.186485120013252
translation,173.88157115436948
translation,112.85324354264758
translation,5.640385798636516
translation,26.77841772077332
translation,153.5374466601696
translation,31.361265643638315
translation,2.2739047663969587
translation,29.304628458442114
translation,82.00073970529134
translation,15.479485175234311
translation,7.197266361726295
translation,28.53701908467727
translation,22.788291625480372
translation,7.1110112187031
translation,11.702739061529737
translation,29.38646533050203
translation,19.915503634969443
translation,3.3923187750468893
translation,13.83825092947218
translation,28.148879650334937
translation,12.128856225322856
translation,4.3296506535803605
translation,15.077420334240369
translation,25.891930264528217
translation,3.656892329873485
translation,6.7360894607747355
translation,16.760684516462575
translation,22.194375180806542
translation,7.385324189463379
translation,8.084869033150659
translation,23.69208870934816
translation,23.69435754422431
translation,19.12370226518892
translation,10.082181728326068
translation,30.208648402550764
translation,21.09876083336776
translation,24.317659656811205
translation,6.510186417721324
translation,37.8661122161147
translation,20.30807757818652
translation,20.75011679535486
translation,3.7118050932158178
translation,39.95863635991162
translation,24.09878473233936
translation,13.869950163920656
translation,14.434224371248035
translation,42.90430622399937
translation,28.82242436954791
translation,9.38331890644474
translation,18.238608373192335
translation,41.28685111258593
translation,35.870233600206205
translation,1.7146895043834764
translation,21.82015619041904
translation,36.88571293122313
translation,47.47052282562771
translation,18.4794805068202
translation,32.26110665546749
translation,37.30975743118376
translation,65.20342697306603
translation,30.308252898002568
translation,47.79209524850213
translation,36.42862062747576
translation,81.47888735699551
translation,33.97783203939134
translation,63.99351391200141
translation,35.260931625808404
translation,92.17623232409102
translation,39.063750476003484
translation,78.27875646811226
translation,38.84266042082092
translation,101.24834214037145
translation,65.63726555151224
translation,82.73155497562529
translation,47.424760115031795
translation,108.32646936386183
translation,98.99307465989683
translation,91.33763287259283
translation,63.944999079775435
translation,118.63576796561094
translation,119.64785888532975
translation,96.71638181905429
translation,97.76206389386847
translation,125.27211229440056
translation,130.90453489168698
translation,79.11504367179002
translation,119.95034632611824
translation,125.9316300966891
translation,124.77646519782499
translation,60.393191857845096
translation,130.57064441816794
translation,125.73144551242034
translation,102.34988191649231
translation,12.880958741271984
translation,136.05037193615428
translation,123.85864614907923
translation,11.93525572948296
translation,33.39606541602655
translation,130.51172643012694
translation,124.49268279897578
translation,15.097360614229947
translation,34.2529156429845
translation,124.79391759861252
translation,128.0734586020476
translation,26.225715690673955
translation,39.91088376149337
translation,126.95340551760489
translation,144.7844299453452
translation,51.95778445709417
translation,57.018562283638694
translation,132.09264664040228
translation,169.04060745993198
translation,63.80692920774576
translation,94.28128039276407
translation,133.06929228730345
translation,166.99222149156165
translation,86.19529895146248
translation,165.99511280458213
translation,134.89317522355714
translation,172.39550026851302
translation,107.03061299039388
translation,151.05245732595907
translation,131.42044505759233
translation,136.0629156801827
translation,141.93145148817885
translation,142.98645475816173
translation,129.12151910941088
translation,140.62820111399728
translation,131.97463202772013
translation,139.01112940553136
translation,133.33703840122698
translation,128.81686197645195
translation,141.63115425436294
translation,137.15308836990167
translation,138.5394602979635
translation,117.62219376881478
translation,143.92175187476874
translation,136.3717057658306
translation,147.8308059310657
translation,106.82256106605105
translation,143.24376153144618
translation,136.04391922678926
translation,158.56873525376523
translation,101.25066878460946
translation,144.31856387887618
translation,135.0666413950618
translation,173.22520564580725
translation,97.88980020308317
translation,138.05348260989416
translation,129.75906518239884
translation,118.97017883986243
translation,92.614647586103
translation,129.7815491654814
translation,123.85294070782217
translation,91.34156770241253
translation,86.08985899426463
translation,123.40581881149431
translation,113.85025710120378
translation,83.51251755498937
translation,80.45357551498073
translation,121.99215893160887
translation,118.8135372603481
translation,79.11191538873791
translation,76.90288349499215
translation,108.76838463857032
translation,164.10264002524264
translation,76.93941808261873
translation,75.03541013854169
translation,107.37460096015943
translation,85.02558319043168
translation,76.82400978059529
translation,74.25174661240284
translation,60.39616164291971
translation,75.71110147150667
translation,76.42492037109673
translation,71.19012355813501
translation,54.014378671452306
translation,69.8686586669164
translation,76.02716493155991
translation,67.86271692157801
translation,78.42131149214887
translation,69.47568628521735
translation,74.62793740821611
translation,69.02500535088068
translation,78.30766769747892
translation,71.6136114474522
translation,74.03205488444759
translation,71.83618728237603
translation,79.91111907555214
translation,75.8995798787397
translation,74.21243290212387
translation,77.82240055755221
translation,70.8754496151096
translation,74.5586559922072
translation,72.75291369579024
translation,82.67915781382985
translation,65.78214280973914
translation,73.23534809423607
translation,70.8935453136622
translation,86.32199279976722
translation,68.53349550214524
translation,73.8636597720542
translation,67.96652250196843
translation,93.32315860236962
translation,74.20856960794877
translation,74.76772480191867
translation,64.37578855751455
translation,95.76350414172967
translation,76.98691379505173
translation,77.4188337482635
translation,66.70213398156308
translation,101.61970938625227
translation,78.96638130844764
translation,78.24914940486575
translation,72.23672545898013
translation,113.10648788563844
translation,79.50974560025026
translation,77.43876368102896
translation,83.88283057618932
translation,124.64512560535918
translation,75.63699347707127
translation,68.94788768545641
translation,106.81027583578158
translation,159.51749702126233
translation,71.7545324442981
translation,63.51097120625385
translation,163.01942213082955
translation,134.4439219752253
translation,56.6527853377636
translation,49.076137104222205
translation,162.14244778240686
translation,120.6015448254331
translation,55.26309890712121
translation,12.118710680391496
translation,147.0055355120811
translation,112.96918459761598
translation,36.19373016898453
translation,7.346573989943023
translation,140.91183658722966
translation,111.1947490386526
translation,36.239159193078876
translation,11.814224933833593
translation,133.40980898412934
translation,108.62199805130591
translation,47.440035755051845
translation,15.775307053053844
translation,127.82587879349188
translation,107.9794150643469
translation,25.71094002088208
translation,159.81962614477143
translation,121.50011118646185
translation,111.86929921573656
translation,18.60876122251341
translation,155.79947780885192
translation,121.6266995631644
translation,117.13442763119482
translation,33.86916722512734
translation,151.95876832650342
translation,120.61189380738223
translation,123.5431111938168
translation,83.71207036692822
translation,150.50101317801716
translation,119.07715483170252
translation,129.45714396907016
translation,166.20136623837354
translation,152.78462528029868
translation,125.3230658875892
translation,138.01664167567637
translation,171.21561879643124
translation,157.27747616050726
translation,133.7148168330781
translation,147.7037861144202
translation,166.61428772975563
translation,151.88464096967886
translation,127.40022788841974
translation,147.30729203659973
translation,160.4960818560193
translation,137.94634095135078
translation,122.99679592364357
translation,137.5882138663367
translation,146.43518938978647
translation,117.07586225589127
translation,111.47210018600724
translation,117.22887848643332
translation,121.530220120855
translation,95.19689804893164
translation,101.35304887150346
translation,103.53302381946926
translation,105.80450144677273
translation,68.23457663617135
translation,99.04447839239852
translation,98.15195415955968
translation,61.017647844058885
translation,43.16765939291775
translation,87.02052438431706
translation,87.72298175505661
translation,53.49628348664352
translation,51.42437749843166
translation,100.82341521548807
translation,96.80299681085094
translation,45.633786249813205
translation,51.74151873320667
translation,104.88264559443517
translation,120.89298100848914
translation,33.686132397587876
translation,46.049129906733604
translation,96.97108284075865
translation,145.94867870989012
translation,47.71141941968989
translation,53.56189425981331
translation,98.29315168883981
translation,165.94415401127196
translation,64.44908170911316
translation,74.22989824558279
translation,100.50646409740851
translation,168.32369722396533
translation,70.26466598179196
translation,142.51888374531558
translation,125.56009885118931
translation,166.4712728950035
translation,74.20734939590197
translation,158.26046249178398
translation,141.2181324992608
translation,162.7707211098749
translation,102.33173617099112
translation,163.78575493984434
translation,149.84841739153214
translation,157.1514922105242
translation,113.35123241046617
translation,154.8312906874107
translation,160.18427795779508
translation,147.26134031508622
translation,134.84078829129953
translation,144.56523560803493
translation,170.5155677003809
translation,144.0557502833881
translation,153.66858211582797
translation,159.59368608905834
translation,170.73366038056938
translation,145.40441551376443
translation,161.187908738911
translation,146.08846558025158
translation,169.00163717205618
translation,151.31979702694244
translation,152.8042872640571
translation,116.67510127406857
translation,166.21865353078812
translation,159.32680644643102
translation,153.85165143290354
translation,113.43070126144612
translation,163.33847485228733
translation,170.96370613982222
translation,111.19271847760592
translation,99.00255120456977
translation,155.00341764835292
translation,176.75578325872266
translation,64.35260651614101
translation,92.39733349367071
translation,147.0477089616892
translation,167.73601801856492
translation,47.62211250410343
translation,90.60717559999624
translation,138.1898762252259
translation,153.1426507055506
translation,64.60547167169685
translation,131.79153757629254
translation,139.05836740857671
translation,138.4651486280218
translation,91.40383155340187
translation,173.38006076804933
translation,139.99885218725856
translation,138.56082175741128
translation,129.80979371295066
translation,158.3358999705114
translation,136.7646019754043
translation,141.57850200778978
translation,155.36043697234368
translation,154.66728680562673
translation,142.70581046072098
translation,150.68531196816954
translation,157.88873556440333
translation,148.33889291119536
translation,149.60740305462065
translation,135.1034080276103
translation,138.3563569286832
translation,138.81593247702028
translation,136.14246525020354
translation,130.92147108458045
translation,125.38844673124028
translation,120.46334273691872
translation,114.62390013312985
translation,110.52834570825601
translation,115.89896813081769
translation,102.40084965257229
translation,112.83729615203846
translation,96.45083953904485
translation,113.3256121602227
translation,92.70460339750656
translation,110.79078678658439
translation,89.53565055560618
translation,104.43256315633678
translation,79.22802148132057
translation,98.40253367682885
translation,72.99271629030054
translation,93.4083120672772
translation,68.5503680341921
translation,88.80805305496158
translation,61.74402377336131
translation,109.34665028056075
translation,86.13053043824272
translation,61.42409235691902
translation,115.18347141394106
translation,85.36887849961558
translation,61.37342716218398
translation,119.00686079591526
translation,82.09077046222187
translation,58.393281418598164
translation,117.47940387676374
translation,119.98728404862648
translation,72.2724746751862
translation,55.974521746152966
translation,122.82060571436466
translation,118.2514857531903
translation,53.96670639677543
translation,41.662068832809545
translation,124.80437199129598
translation,104.92253256053536
translation,31.73276821614964
translation,13.338280020363278
translation,136.3575823192197
translation,74.60763659417485
translation,2.8271577722449543
translation,16.497797333715464
translation,140.5069315628904
translation,27.105010712988847
translation,16.244023768069063
translation,20.333780858766243
translation,87.29564225484567
translation,2.888244310663376
translation,27.51659510966901
translation,16.340359736479922
translation,18.834033778328248
translation,8.804238299450342
translation,28.404342646826972
translation,7.890383640612769
translation,15.800925963426637
translation,13.94903371851234
translation,27.417429891046233
translation,4.160194754922048
translation,11.860311073418385
translation,14.203601164741583
translation,30.503124811324618
translation,7.582059340390816
translation,7.977021310676713
translation,17.83441063935749
translation,33.49950762651104
translation,2.101553258848833
translation,16.105097909409984
translation,22.390912359415427
translation,38.65759019171373
translation,10.712186449629922
translation,28.59478553344178
translation,27.392789746643178
translation,40.787088343794224
translation,23.649756784170723
translation,31.402548475683272
translation,36.238051357978414
translation,35.270348653987725
translation,36.13276510574479
translation,40.93566378190184
translation,44.99929806910659
translation,31.170243615950216
translation,78.48989677190463
translation,31.236952909368718
translation,47.562853316529115
translation,45.02933635553361
translation,127.76586822009979
translation,24.55716956185726
translation,56.902053648791565
translation,84.10543386222786
translation,148.24086908787655
translation,47.28933759181278
translation,84.64287870054208
translation,119.06815157744143
translation,157.17025834544782
translation,51.76764557753239
translation,110.38279815804394
translation,130.4476217454582
translation,166.11090500524182
translation,75.26601088584425
translation,137.21101695675296
translation,145.94403068587093
translation,169.1455890700461
translation,126.96316922642097
translation,174.02230255235438
translation,153.65134404029277
translation,172.75169498115548
translation,150.80162027937487
translation,145.63460187386946
translation,147.30554343482368
translation,168.4544109735769
translation,168.47258212849937
translation,130.20875589975196
translation,149.54739232963001
translation,169.8931326595857
translation,167.29771887750744
translation,122.66319456536017
translation,154.9493723490272
translation,164.28391639832006
translation,118.83555593482791
translation,109.97197259753334
translation,155.4510131061041
translation,139.8302049100455
translation,101.00722654724719
translation,107.41073008449075
translation,162.44258612814318
translation,73.38612272391546
translation,95.39834057743825
translation,104.31232446997316
translation,165.05824265797295
translation,42.1751410510307
translation,97.01412831649101
translation,105.05346883603008
translation,171.85747470796792
translation,33.03689398054214
translation,94.33444548493004
translation,110.31299434315198
translation,169.26427189019194
translation,27.453999284556335
translation,109.43699700425711
translation,146.991576214295
translation,148.95712047863645
translation,21.369387815201936
translation,123.26466121163192
translation,148.72100790480636
translation,127.64324057523648
translation,20.135661112759532
translation,124.77026941175764
translation,134.7155274599394
translation,113.1002010175465
translation,19.81510443739446
translation,109.36553244487969
translation,133.35072317717376
translation,90.48000362552665
translation,20.73974574049024
translation,105.37369654768587
translation,129.42547569609312
translation,51.58307479247193
translation,43.268196550004056
translation,106.98903319247745
translation,132.96551008829675
translation,27.07697362140171
translation,54.07264624163871
translation,132.48870106298062
translation,139.83215641005827
translation,11.631641577014555
translation,58.035197311917905
translation,153.29805528827336
translation,142.82041772251924
translation,2.237816175500105
translation,54.61908496838204
translation,147.41467843431406
translation,129.21547992662715
translation,10.503145228624312
translation,46.162826921077254
translation,150.3702218495062
translation,110.15221255275075
translation,20.45561775509708
translation,35.95976553318941
translation,150.6904501093409
translation,60.88953539661888
translation,26.873338579010785
translation,23.42955917892165
translation,124.11389469393423
translation,24.034723376664278
translation,32.64577920882601
translation,5.059723755856507
translation,30.57555490040528
translation,8.146898172775597
translation,43.61090313913077
translation,5.975086926752543
translation,23.71081539100092
translation,6.274188952232474
translation,47.104810106647456
translation,19.09247488743466
translation,5.557169371414545
translation,9.65647819919297
translation,47.484387062697564
translation,26.14729529295517
translation,13.143804775718342
translation,14.840517727501501
translation,46.65400056130497
translation,31.816425178946577
translation,14.54124022355657
translation,22.01661167813803
translation,46.10911850237573
translation,34.39022987416766
translation,13.946213526988453
translation,31.14406790679455
translation,43.21647339446347
translation,35.62602604349677
translation,18.52487863936795
translation,37.97491261459179
translation,35.47003999169682
translation,39.55524332827494
translation,26.254283968490068
translation,56.82082621573179
translation,22.05492270453538
translation,42.446919276040276
translation,32.33729988280925
translation,83.75733058628708
translation,31.621329337980185
translation,43.60477718352395
translation,64.38250194980762
translation,99.862799020753
translation,68.5838150414554
translation,44.411329379484854
translation,95.88979974962001
translation,103.65519873702388
translation,77.81329699289286
translation,45.16736934089285
translation,124.06198628260564
translation,103.22893627272076
translation,74.60384559051575
translation,49.01597400562041
translation,136.19862169980465
translation,111.45539733170915
translation,69.07827841381184
translation,53.64314936933357
translation,130.8159740728819
translation,116.29835465508054
translation,61.812784679984006
translation,54.664751247407
translation,104.27898471195182
translation,100.30294450513027
translation,56.986288548795756
translation,56.16815651530657
translation,68.65263568925491
translation,61.97469662784186
translation,50.45719090511334
translation,52.5252708498974
translation,26.764233513811078
translation,63.73205685341333
translation,46.169386500068
translation,49.51608406151845
translation,37.24415673212901
translation,67.76865742603164
translation,46.504413163411165
translation,49.609304298740696
translation,70.4082820827406
translation,71.62017595809057
translation,49.35798024992256
translation,51.602711422842695
translation,80.9336876523462
translation,73.09089226499134
translation,55.46341820006274
translation,53.36007803108081
translation,85.29929684852894
translation,70.17589612664722
translation,59.87317003878182
translation,49.47762119511393
translation,84.52482704656099
translation,67.29739269483456
translation,62.91656741549292
translation,43.156666040169824
translation,79.80108083432276
translation,63.705837187652634
translation,64.89149177042901
translation,31.336084359142664
translation,73.26042273863611
translation,57.54291956072119
translation,60.9338074355538
translation,13.309889324437265
translation,60.09570291278734
translation,48.12440625849111
translation,51.23347465141958
translation,6.915993767407302
translation,47.44985428061683
translation,39.2626000265101
translation,38.2390214601145
translation,23.527811857773873
translation,40.43598264554092
translation,32.885234730732094
translation,21.22813983133672
translation,36.55513380317463
translation,37.04578809742652
translation,29.34090170853545
translation,7.11281187098882
translation,45.016126673974156
translation,32.915479158897604
translation,29.47615033275564
translation,30.219369613641287
translation,52.86569385572454
translation,27.25862350280631
translation,26.95036977142472
translation,48.809718771298314
translation,57.29079583408069
translation,22.709390701337256
translation,19.99811530111654
translation,62.51591726148754
translation,64.14814770109916
translation,26.346112401632197
translation,98.68907224650312
translation,73.91991438192964
translation,76.6982125419489
translation,108.55023789966141
translation,120.4525232707466
translation,81.00009834387339
translation,87.8903780662088
translation,141.9067568203575
translation,120.50707512947066
translation,85.73510431786335
translation,94.93700192402783
translation,151.33512176465004
translation,114.62610031118544
translation,86.97406745684926
translation,99.52328220955208
translation,157.02415732666753
translation,102.25110199732973
translation,81.6322081848335
translation,98.45653128132732
translation,93.96429399887502
translation,88.10415365699181
translation,78.42673631830029
translation,99.57656071021289
translation,77.72647149133346
translation,83.70205927160943
translation,75.77799240250381
translation,100.1051807688621
translation,70.88880055869133
translation,77.20587358739039
translation,75.11797143293619
translation,99.7371940247758
translation,71.32975112385992
translation,74.20238234105292
translation,78.47499892390861
translation,102.35791530068182
translation,75.39484090842166
translation,73.7581901922293
translation,84.01420846462199
translation,103.37884124484361
translation,83.2933119817258
translation,76.05577247887844
translation,88.77393435938191
translation,108.92112348067664
translation,82.2153933994205
translation,73.36553696630938
translation,91.24215000543329
translation,113.88080335069492
translation,72.61517154877154
translation,70.01627782740353
translation,93.1956379407197
translation,118.10518204034207
translation,70.80213455116612
translation,68.3926535523851
translation,99.95002278057191
translation,124.31591755050148
translation,70.05497984468442
translation,67.27131866588556
translation,107.79053820659901
translation,130.0802919808758
translation,70.83661057300324
translation,72.47577755616884
translation,116.27885385587568
translation,134.82948785553515
translation,73.3430764384445
translation,87.50147941905321
translation,127.95134133837671
translation,142.5679950162299
translation,72.96608220068207
translation,112.49683714140976
translation,144.95335915150915
translation,152.08865677812219
translation,63.86051594915736
translation,135.4814995486179
translation,162.33644566365064
translation,160.148353527112
translation,96.13416384430153
translation,157.4204117786765
translation,175.6100944981639
translation,166.47640811549394
translation,165.59347408788864
translation,158.20813356125825
translation,179.63953366223328
translation,163.75995447179426
translation,173.3767454154586
translation,159.9724414965704
translation,177.64842486726067
translation,161.94306551300988
translation,160.9536677388475
translation,156.73782092042785
translation,173.7358185866987
translation,157.43952551840079
translation,158.11448313321608
translation,152.55997781325615
translation,170.4781722755692
translation,160.98396534879708
translation,150.18201794814607
translation,152.16759068253944
translation,170.2180092518758
translation,163.50010784368743
translation,145.94445557326847
translation,162.30877348844925
translation,170.43958645703205
translation,169.12482637945786
translation,140.74520121444152
translation,172.43887354644417
translation,164.38772025880448
translation,149.50509106305458
translation,137.71941920677753
translation,175.45299433785522
translation,156.85024932835483
translation,115.4763540977586
translation,144.53579842762622
translation,167.28115896183812
translation,140.88954192825494
translation,90.19954451828413
translation,166.98044040534265
translation,170.09361077136418
translation,32.797971608158704
translation,66.45318777958622
translation,159.45685482431847
translation,160.5651069642789
translation,50.85632410266826
translation,55.90996174457926
translation,141.7573589235195
translation,140.98232230461036
translation,60.531772870864835
translation,53.43085229539963
translation,122.56815274695762
translation,126.19630526259202
translation,58.26387907895881
translation,47.89909346376896
translation,134.7720416144164
translation,94.36421370123678
translation,40.84309078566966
translation,41.42712731693602
translation,120.52887297746348
translation,11.012824899938025
translation,28.992957365038535
translation,37.76795019765163
translation,52.466200160892754
translation,14.423242725373226
translation,27.996222800215662
translation,35.41266032519632
translation,63.3163285537671
translation,20.76920283423731
translation,34.12682573015612
translation,33.09290480440419
translation,12.795218015679678
translation,5.102049027028281
translation,35.40413216794939
translation,37.022197145669
translation,19.493576953158318
translation,11.158075997225355
translation,36.54114903471221
translation,38.42550012625677
translation,13.734459435221439
translation,16.400219470980232
translation,37.59186610842601
translation,36.429695570299884
translation,10.065442889255925
translation,22.255493907089466
translation,36.57525561734864
translation,32.60723296497737
translation,5.355751699959304
translation,29.795957058271487
translation,39.53862539266782
translation,31.471651161930662
translation,6.449956283868475
translation,49.65105541076071
translation,46.19373130435696
translation,20.154493748603823
translation,40.2490899670035
translation,69.78992457501413
translation,53.80790182368663
translation,8.816898253491903
translation,102.92134774844169
translation,83.12097309824208
translation,60.49539768473558
translation,13.922487092166026
translation,114.61097244230363
translation,76.55066399069634
translation,69.50140083758119
translation,20.773579100282557
translation,102.82634484815453
translation,63.061172106249835
translation,68.6860958979301
translation,26.203025183060515
translation,90.96304129322387
translation,56.23373350297671
translation,60.047774499354546
translation,24.663987873785356
translation,75.11879448486083
translation,49.46840521084097
translation,42.395233461413014
translation,22.859786385074152
translation,51.143292661401865
translation,45.75025548368826
translation,9.846423854775331
translation,24.108503598126106
translation,37.56046967442783
translation,43.407820579006206
translation,30.92711063265919
translation,32.55766198545143
translation,33.42163384977264
translation,39.253136918464705
translation,50.18255257021715
translation,51.96248807163403
translation,24.14031773431312
translation,26.44542252255148
translation,57.35713550756517
translation,75.64244139364166
translation,33.9580643919276
translation,42.71840252200664
translation,67.02884203160306
translation,117.84616854176002
translation,54.837928714124054
translation,135.1118235883424
translation,77.36301804682162
translation,142.5026325293497
translation,78.11683421734259
translation,133.18725212100782
translation,88.5932354596912
translation,148.18495175155405
translation,159.5796533965914
translation,132.32971866005857
translation,98.6620392463766
translation,144.37870106640855
translation,138.10916312908714
translation,117.72571738723394
translation,108.46456985489507
translation,108.29336520410817
translation,129.18058764607846
translation,99.6684669488178
translation,115.37399288920167
translation,56.616851531952996
translation,125.64396411974676
translation,89.8564791691305
translation,125.45009199318658
translation,33.74776659388328
translation,111.92031565197314
translation,81.50377205622982
translation,127.72754181370229
translation,13.537685972545512
translation,106.97261958951728
translation,74.48511956269114
translation,136.09553561310986
translation,11.100012431110521
translation,82.27647628616155
translation,70.77323928131119
translation,148.32460675167277
translation,10.269728095374175
translation,72.12367651443894
translation,68.68192324043332
translation,112.76136432398482
translation,14.408887916095297
translation,60.55037546729155
translation,64.12198038271056
translation,59.14020615164621
translation,19.626544337099705
translation,57.49059182840738
translation,76.44102093620253
translation,56.23805262408832
translation,18.225279272517657
translation,58.58816168363725
translation,140.02625421046054
translation,65.26853126909907
translation,9.50025843000048
translation,112.46978168005845
translation,126.1044618872833
translation,71.99174378168193
translation,31.142974187651784
translation,131.99043718311015
translation,131.08825109972895
translation,73.60471587302877
translation,43.39263482262892
translation,135.81924327509017
translation,132.0180173484964
translation,79.1551396477069
translation,47.94747565274798
translation,137.53666719120932
translation,130.63727306849634
translation,75.03816745038516
translation,42.39593869828674
translation,132.18114181253597
translation,122.2723149482396
translation,69.83010776232092
translation,32.072986384464095
translation,128.81988531943801
translation,102.24332913688424
translation,50.792209758464324
translation,28.250076492729107
translation,123.4102630323323
translation,76.11901699842332
translation,16.315473770349744
translation,23.28749108292045
translation,103.23418658959461
translation,52.97319077204539
translation,2.951537980108456
translation,18.2040564323544
translation,49.109642739297904
translation,29.592134812218873
translation,4.3186210877527005
translation,7.029597338062322
translation,41.10201551590603
translation,20.384696863452593
translation,3.9890475731961677
translation,3.160555583755972
translation,26.47756302066534
translation,8.902939944415266
translation,2.980636376452806
translation,9.460819999786503
translation,18.072173966345826
translation,10.741862283249143
translation,6.629257516099449
translation,24.531513163054797
translation,16.964969007319713
translation,34.29230078655624
translation,6.859146316249837
translation,58.76987696130417
translation,25.135615278291436
translation,56.76792412352936
translation,4.348501592845194
translation,91.3504999781022
translation,34.77358642583113
translation,55.55036974920027
translation,1.3907417951762076
translation,113.75221898135729
translation,77.68273463455846
translation,52.122638162281135
translation,10.108822961657223
translation,126.97880163643057
translation,102.78736214685607
translation,50.013438749187415
translation,32.31911799396783
translation,137.63585586557687
translation,98.65106556069811
translation,25.278386620506463
translation,46.41962928595915
translation,149.32617153468425
translation,84.70900117776736
translation,8.45359334699854
translation,64.17081382270963
translation,161.57031040288626
translation,42.85257151081622
translation,11.906457302142115
translation,76.44299373025629
translation,174.73167484287873
translation,14.784875398131598
translation,15.53912444670821
translation,118.5882302820876
translation,171.05851220732401
translation,16.232484662725007
translation,19.99608104264965
translation,149.27028798578854
translation,162.54944555059686
translation,21.53294848867713
translation,23.8505178376254
translation,170.73272562030513
translation,164.00658641454464
translation,28.293113341515998
translation,34.17397771885356
translation,175.65961787651838
translation,165.82060183678962
translation,30.497964434231818
translation,55.86608143782591
translation,173.06381363399885
translation,169.22741752152618
translation,33.1960053874504
translation,138.98805196043395
translation,172.37619737143024
translation,173.1416005437382
translation,67.00838609753056
translation,154.12643376722323
translation,171.63466628230887
translation,174.2109581955734
translation,126.70894250165192
translation,157.78637866726046
translation,173.03963018297063
translation,172.88460168758158
translation,150.47752968347223
translation,156.6143723793591
translation,178.67164360876498
translation,174.24649383153616
translation,155.83607052094996
translation,156.66284308538664
translation,177.23718573835816
translation,177.0889363009342
translation,155.43295562447582
translation,161.71507787505584
translation,175.28040704235505
translation,174.2957122214179
translation,154.17536841409287
translation,167.3521748334685
translation,176.2501278105389
translation,166.46915465582654
translation,154.6406265468713
translation,173.04507073531715
translation,177.81394851152822
translation,154.1008466701157
translation,156.41136161966242
translation,178.37807291471742
translation,178.3017554587727
translation,136.87995225141785
translation,165.17740082142086
translation,177.3309107401701
translation,178.51595000070319
translation,116.69314859081459
translation,176.08600300427446
translation,171.87281330157148
translation,177.48048463030543
translation,92.06386653639713
translation,167.0038133127192
translation,164.94817003353378
translation,171.97049613221083
translation,83.74135335866254
translation,159.5153644173529
translation,162.58444834195643
translation,166.14892424058888
translation,69.36501444981828
translation,166.42179904908795
translation,168.82948008357727
translation,155.99635923026486
translation,65.14634973031788
translation,171.20167632736423
translation,174.44551212141448
translation,133.1746369692193
translation,63.84962762035402
translation,171.91736938820452
translation,175.81532708493174
translation,102.18939462537675
translation,61.55807188454109
translation,172.13333895928722
translation,167.7043144656316
translation,74.62287689995193
translation,57.860420557387485
translation,173.16498221022343
translation,158.14799715992507
translation,58.78086661599146
translation,53.50861977093064
translation,171.80904059680768
translation,144.9895969511693
translation,50.86891762419903
translation,49.86330781927805
translation,153.07374025223248
translation,112.89323682187243
translation,45.31884127439899
translation,48.19224261229638
translation,92.79403542579072
translation,34.21679644823226
translation,43.61760465282087
translation,46.14885308884329
translation,80.77327008658875
translation,25.421073482047454
translation,47.22535087673155
translation,48.17917017743822
translation,67.03936431828107
translation,43.41870263315932
translation,50.02234380314916
translation,49.10627764663991
translation,49.8455350740556
translation,49.59594150663452
translation,50.58242393685692
translation,48.22086286146462
translation,33.93816443847621
translation,50.91564203331376
translation,50.89056379321652
translation,47.17708872439596
translation,46.24634933697187
translation,49.03819585070328
translation,49.83907390997386
translation,44.79363310793956
translation,51.36474708827828
translation,47.85884091005088
translation,48.197829911943735
translation,42.057627575972724
translation,51.726227262574106
translation,45.10546430447009
translation,47.002909482250935
translation,38.997374446753845
translation,46.56773896336803
translation,45.34431139558527
translation,45.95257637573697
translation,36.96901657889672
translation,45.75975105818369
translation,45.843112262515305
translation,45.22514644404756
translation,36.32093789975824
translation,44.03746101888278
translation,44.78754694504175
translation,42.47233263101201
translation,34.827453538034455
translation,40.422910491227526
translation,44.247992185498916
translation,40.56773658510954
translation,32.51501639157273
translation,43.24096958744536
translation,45.94621852371881
translation,39.77595424822462
translation,31.290609152162986
translation,46.480220724595775
translation,47.26139857529084
translation,37.657426636441315
translation,28.809912150983834
translation,47.892057999082255
translation,45.904975663968486
translation,33.04740697169829
translation,24.12304028693375
translation,49.58034347092524
translation,46.379033254976626
translation,27.475190718243272
translation,19.347366778494255
translation,41.956069199872175
translation,39.87876847024029
translation,19.17475359500074
translation,12.540418839842514
translation,33.06659412296053
translation,31.803138510933685
translation,12.300126513307115
translation,5.545091692277669
translation,29.563464834455296
translation,21.49768710653133
translation,6.432030313019053
translation,5.988069488410613
translation,28.093714385473547
translation,15.494133088274266
translation,5.480723785817304
translation,12.379044353286291
translation,24.878959643448276
translation,10.529384650150957
translation,5.528497335154516
translation,21.614343624360448
translation,23.04882717642002
translation,2.9008686425242383
translation,7.302955529380256
translation,45.39471260380564
translation,16.82185327047815
translation,13.422173469089781
translation,16.245202906364273
translation,87.17337728861273
translation,27.48170623333916
translation,25.15238620363688
translation,24.9465118559498
translation,100.88858517109854
translation,51.800256283094384
translation,26.757260772807268
translation,32.64120651259022
translation,109.72016289883805
translation,56.9322427290341
translation,23.180557282344918
translation,48.941347033477655
translation,113.01835433790806
translation,45.847164972055175
translation,20.125919712794072
translation,66.09094497000837
translation,125.61807236329098
translation,28.222592661587957
translation,18.593631181943866
translation,96.73349039775894
translation,139.61685468489503
translation,19.394235337353766
translation,21.55963634112967
translation,100.24602936116796
translation,152.7795390886844
translation,16.252018096921194
translation,28.40840194318356
translation,141.66679449759914
translation,151.45540318406157
translation,13.925663570572052
translation,29.049694101480068
translation,156.9886803418464
translation,145.0152714507304
translation,12.657566302850487
translation,36.369975666585646
translation,163.11879020840422
translation,139.67397145378374
translation,24.741619700120154
translation,91.73428770200879
translation,170.34755401698177
translation,133.254096177671
translation,54.31058366547208
translation,142.72798400406666
translation,176.38120726844832
translation,139.2050638164598
translation,90.83805488386024
translation,166.00116164037587
translation,173.18383383347998
translation,135.67509158652376
translation,143.69884693810107
translation,174.44591252319236
translation,163.07717720954236
translation,133.1164822082652
translation,162.59174419616693
translation,177.67777709550336
translation,155.7410315496029
translation,132.94688442145755
translation,171.34846237097418
translation,173.30254815871947
translation,148.58050126309408
translation,132.9151751234496
translation,172.8252826089175
translation,172.85528278898937
translation,142.851907940244
translation,136.4163421706836
translation,171.22720443054365
translation,173.76765528607305
translation,135.16567589210368
translation,139.32826569814162
translation,169.67313095930646
translation,171.2082508195764
translation,125.66579528167499
translation,138.07917984518141
translation,172.93362783596726
translation,167.9718442230813
translation,116.09845698680503
translation,135.84840840348727
translation,173.8596953107942
translation,150.4854873738711
translation,104.05785438971087
translation,125.63355030742142
translation,172.49506512609008
translation,111.11089821110673
translation,91.44835264834775
translation,100.58373299232635
translation,103.06986979595244
translation,78.63207254565779
translation,85.01756892649173
translation,68.48163299351467
translation,57.11892347776105
translation,65.61661627212698
translation,86.1622364265711
translation,57.26883939122205
translation,69.50850955242771
translation,68.02716930145546
translation,93.07059470062762
translation,61.60779126097217
translation,76.75268521195153
translation,71.9028924160767
translation,99.50240302081824
translation,67.00059931752635
translation,86.48853674284662
translation,80.03462611249056
translation,104.63501772740497
translation,70.53640625905325
translation,81.54764126436028
translation,83.91495213235875
translation,102.93115518106995
translation,68.71275788543213
translation,75.2857330066886
translation,87.91306089266931
translation,99.66217995896237
translation,65.125872443121
translation,75.51873818604791
translation,91.36254369338938
translation,85.12633143686735
translation,45.80806002140228
translation,81.32544517116723
translation,99.68016631797853
translation,66.29859744621913
translation,49.59722761724414
translation,90.7615223260592
translation,115.78639479003209
translation,54.30485304550569
translation,68.86736728460451
translation,101.30644619292471
translation,135.3344833018047
translation,54.61707980078031
translation,78.29991439091681
translation,106.44552458418865
translation,155.1811138222453
translation,20.644884359356823
translation,80.31972336962738
translation,121.74542491742737
translation,154.67975495612527
translation,47.428005187424915
translation,76.93918456304002
translation,147.6002938069267
translation,120.53542136830566
translation,63.412409601731284
translation,75.0163172877613
translation,149.53925219508733
translation,97.0915046111836
translation,64.5220263092181
translation,74.53368659381324
translation,125.00370988681162
translation,82.33514999843132
translation,70.80288458816634
translation,75.57565883968631
translation,111.2732054832507
translation,63.65222767555904
translation,66.664670777418
translation,71.51890853967467
translation,80.62886465284681
translation,42.577771087344566
translation,62.97293326025934
translation,64.26032914301692
translation,62.74684478900541
translation,32.0155237487563
translation,63.736636775176414
translation,60.94323893000699
translation,44.79956976869008
translation,22.400425742470354
translation,61.72911544300067
translation,59.05604728944668
translation,28.416939977787393
translation,14.953785484284936
translation,60.59693661992839
translation,57.87777679973177
translation,14.554079310852865
translation,7.042048358429407
translation,61.435832626213944
translation,59.47637919991327
translation,33.82808777881834
translation,25.48862755177223
translation,64.15249134267334
translation,61.975346892309524
translation,54.151743057387144
translation,59.478181992482774
translation,73.68562294799756
translation,67.37781515035984
translation,64.43155127224118
translation,80.54828334250867
translation,77.18774729673079
translation,73.9349285250467
translation,85.5868622343605
translation,86.58726481657321
translation,76.96146850060852
translation,83.77760302061358
translation,91.83171007068573
translation,86.58688232638247
translation,77.9150718357701
translation,88.60444453254222
translation,89.37599581572455
translation,85.15568714339645
translation,76.70563783259777
translation,94.33496751875776
translation,91.11433985584908
translation,85.33063842079748
translation,78.66069492068536
translation,92.62390897409956
translation,90.53212702816468
translation,85.33618870153283
translation,79.8457652630802
translation,65.85508585877872
translation,86.95295228776587
translation,86.65303886651678
translation,79.10839167104714
translation,45.737052935335946
translation,82.33764801280803
translation,86.32006027483966
translation,75.06896536142044
translation,65.53601560409378
translation,72.4107965611713
translation,74.0758558122607
translation,42.48578983808283
translation,69.13475511769093
translation,71.66249312208778
translation,53.38242994223499
translation,83.71706020930586
translation,73.06075130327994
translation,84.42530145437468
translation,51.895448161999205
translation,89.1022634340089
translation,73.52359426089963
translation,131.9530774287986
translation,49.09059448823712
translation,93.06508854508556
translation,79.58461077387254
translation,80.04113171039536
translation,53.60360215840227
translation,92.21719075834018
translation,80.0822350159392
translation,54.08982717364548
translation,54.67095476738551
translation,87.51124274376987
translation,80.7955465568775
translation,48.57866419604821
translation,26.225884539920617
translation,78.57122026783928
translation,78.2131774014831
translation,44.01548788609372
translation,62.20248191029575
translation,79.10998480986646
translation,76.77964400393338
translation,48.216227258364334
translation,96.3993580516796
translation,80.930217238533
translation,79.20656395306426
translation,74.06928155202444
translation,102.91400963540084
translation,84.10620933577852
translation,83.0772017983527
translation,106.22725003240467
translation,100.75561765094913
translation,83.86274079199913
translation,88.40641495418079
translation,111.43423556677159
translation,101.42434119431636
translation,88.97940567821412
translation,98.26170357020585
translation,109.52030232734911
translation,99.4666465496896
translation,88.92490254265869
translation,106.60424884510005
translation,103.95354072659356
translation,94.24023730708893
translation,86.32661602933483
translation,114.04524986670613
translation,98.92897869798782
translation,86.02168823337276
translation,82.76510189446412
translation,126.57765441453327
translation,98.8243616190635
translation,84.48970032036974
translation,80.12400997801265
translation,139.53875640000572
translation,93.31456037154315
translation,75.94752265861987
translation,73.70515214162975
translation,99.43105361197132
translation,84.26767275849461
translation,68.54134643968598
translation,68.26792165074454
translation,72.30235792003272
translation,61.42661700442433
translation,60.69860542636227
translation,57.221116919583416
translation,71.90058230501613
translation,52.31817496662937
translation,59.575180530887856
translation,92.14407921606157
translation,78.44261848360713
translation,42.032871653472014
translation,63.20585321062797
translation,109.86660398047601
translation,80.91961631754224
translation,41.006877616835034
translation,67.2123579271163
translation,127.54300382615355
translation,84.93761544628686
translation,67.96793345038455
translation,82.69026918464503
translation,113.77021533954978
translation,90.71312598954869
translation,93.46783013229371
translation,94.33130446601471
translation,80.82880026501486
translation,97.29435197203246
translation,78.7491425223211
translation,99.08891972069655
translation,80.46183597135312
translation,99.23604808954445
translation,82.00044591088988
translation,94.14625290164065
translation,84.03303934537277
translation,89.39572322814905
translation,122.30931146785896
translation,87.49633615639398
translation,85.35414784526607
translation,110.98718312378081
translation,91.73266942634359
translation,86.6126185058543
translation,96.48476257987856
translation,96.13306559143517
translation,89.01071435470102
translation,84.64988698466338
translation,98.76132402690477
translation,90.02599853300875
translation,134.6488839826734
translation,76.48571290035012
translation,98.77882186199699
translation,89.0786494670549
translation,112.33499430597864
translation,71.59555828502103
translation,96.66702918974738
translation,87.79319185031888
translation,75.9366844761483
translation,72.60692903591207
translation,90.59393121925882
translation,86.43731499635507
translation,53.09297806023855
translation,73.41134222378238
translation,83.6402140636409
translation,84.9544108844278
translation,46.126257057978506
translation,73.49229637568354
translation,75.30536038882015
translation,77.75609503531389
translation,66.48255100857737
translation,83.53156190591741
translation,79.8096312962445
translation,84.15539039767795
translation,81.8007886880481
translation,97.84962421421969
translation,87.11492525207846
translation,91.75157779059388
translation,95.60965034161954
translation,113.05463410896037
translation,97.05623825688068
translation,105.05794147163353
translation,110.35316469317269
translation,121.76843468004812
translation,104.87340031632057
translation,118.66647699490748
translation,125.0992864799381
translation,128.0099346336874
translation,116.36696459319123
translation,135.12673771230504
translation,133.22093428352156
translation,122.1030935235004
translation,129.9686927205489
translation,145.86636508626987
translation,139.27609110148452
translation,110.35801343186863
translation,158.98801108317775
translation,152.17271650762876
translation,90.86897053877175
translation,88.96287386575955
translation,86.93121513484353
translation,82.63357386685104
translation,79.86756287608586
translation,76.35270427405997
translation,70.73470838610427
translation,69.2695645026502
translation,107.87926478323693
translation,68.88482462829953
translation,107.82720299864887
translation,67.78241587371531
translation,105.25933347484086
translation,66.02352601330921
translation,97.83814456103185
translation,58.24175450845977
translation,87.74151189095082
translation,47.41916747802554
translation,68.75679556428227
translation,37.19731482062937
translation,47.657685614499904
translation,17.09066260747566
translation,34.1048462197081
translation,33.54319295387716
translation,112.9288312843686
translation,20.44904708411132
translation,72.96499126960936
translation,105.29841347998516
translation,7.313078875943523
translation,91.96207175786274
translation,66.23555126174274
translation,11.020272014483334
translation,75.60584178083157
translation,28.159742861479508
translation,26.61359752141165
translation,88.93584799112216
translation,105.1148300399144
translation,28.633475849395086
translation,39.91861008642183
translation,103.73713691361188
translation,48.33926572021661
translation,23.985393963443986
translation,45.27432480735169
translation,105.08841027333435
translation,43.36760515147893
translation,25.634155065653953
translation,53.71078133176866
translation,90.26469276573398
translation,42.243794484390136
translation,27.338253367550983
translation,64.74590538169339
translation,87.5977150424937
translation,28.25276849972002
translation,24.267151299263162
translation,72.62518354992865
translation,5.602563285969652
translation,25.730817937741108
translation,22.18582429240124
translation,84.13508055493685
translation,31.53034891867198
translation,25.586804050437006
translation,29.02056928987675
translation,101.1673563060791
translation,78.60150780719626
translation,21.78855816739081
translation,38.492347326748906
translation,130.71682318307018
translation,112.30923545345378
translation,136.19560584870737
translation,150.04877555626356
translation,155.082840235495
translation,162.77438240186373
translation,167.66915581516227
translation,168.2122719258771
translation,164.72154970857966
translation,158.18280117661763
translation,148.60054600442575
translation,139.966141590575
translation,123.05915448895323
translation,126.53581809276271
translation,80.21060553175714
translation,113.02281470927275
translation,56.231674645603064
translation,96.86708323366545
translation,36.24140240087993
translation,82.67990563933316
translation,18.716984267388913
translation,61.324313822673666
translation,9.072107892375215
translation,42.38243213651461
translation,4.2220013206082765
translation,18.39531281760381
translation,18.135254999107065
translation,42.62492649337374
translation,12.105711522035245
translation,28.638204083694614
translation,35.977606406567524
translation,13.991651907802455
translation,36.17144203356585
translation,40.82988563666527
translation,18.167509871072042
translation,40.853997337874716
translation,54.06896842432484
translation,54.128385827560685
translation,25.350778772395913
translation,45.270274450577304
translation,60.26546059150939
translation,66.65765492074631
translation,29.682008206456068
translation,46.52575497850639
translation,51.472472926181126
translation,70.58703252999472
translation,31.790911389843618
translation,43.26799330381117
translation,62.30348719043149
translation,65.7249390153045
translation,35.21958616897369
translation,37.535575882731735
translation,61.718220758143005
translation,51.86735983854029
translation,40.12755489698552
translation,31.127655866751976
translation,74.20933230842437
translation,40.703106805642676
translation,46.413523390308946
translation,28.046739825651574
translation,76.24708565695265
translation,36.65135838032016
translation,53.06299855571629
translation,27.54912674578501
translation,48.50015200557192
translation,27.100774211447657
translation,50.778777580285215
translation,21.710031889793125
translation,38.672015139543085
translation,24.585810726191518
translation,46.264313646750516
translation,17.149115839978652
translation,26.561545780903597
translation,22.960499095143657
translation,40.00296278219528
translation,17.081908095490736
translation,28.621686761207684
translation,22.478091670576795
translation,35.52382419487462
translation,24.49981252243168
translation,29.31446686620833
translation,25.547650842410146
translation,32.019734849950034
translation,30.198870429224442
translation,25.35194195939042
translation,29.579423591115827
translation,23.64443773256721
translation,30.839683132185396
translation,23.593136170424817
translation,46.46796252658338
translation,21.467647644207688
translation,32.64125421080144
translation,30.08221837807725
translation,66.82335960830333
translation,19.152391628628724
translation,37.91113777993075
translation,60.55694348456047
translation,86.87045553555751
translation,18.24723113954456
translation,47.0574553652942
translation,85.54138371867126
translation,111.1076053759097
translation,39.23139562561911
translation,65.89410692372634
translation,120.03017127851942
translation,147.12892959475195
translation,79.26666400606301
translation,77.87215985740679
translation,129.4114555220305
translation,138.52368354279594
translation,79.65126953080444
translation,63.25969821122861
translation,146.65125947166212
translation,65.7234028471029
translation,75.67492954721276
translation,53.88645096250788
translation,114.22244026639862
translation,60.85097389737387
translation,69.9540918802345
translation,52.731321333151705
translation,84.85227334389556
translation,54.089095803489926
translation,68.15101575469882
translation,51.72200418147079
translation,60.560594819494014
translation,51.069366053071725
translation,66.39854105102984
translation,50.74659963086732
translation,42.65945044740812
translation,49.04958156806127
translation,63.32640560717047
translation,47.066629318885404
translation,39.16458226256696
translation,55.50752952284316
translation,64.73239466265326
translation,43.79052766298617
translation,37.25133924730843
translation,59.31113445898093
translation,61.5818605971407
translation,44.74495493738673
translation,36.198355764039114
translation,65.73627868100479
translation,53.69742669925475
translation,45.33226899725705
translation,56.90995879796521
translation,73.79118425976867
translation,50.18043400332236
translation,47.97358238395268
translation,81.55311873993388
translation,82.23157836231105
translation,53.74141885720323
translation,50.91883027415645
translation,90.32727714674331
translation,92.34077965758637
translation,57.45012846672191
translation,54.04284161144582
translation,90.21516387646163
translation,94.98421773973175
translation,59.157184219887846
translation,56.418892412402975
translation,88.47673123278629
translation,94.20965167440588
translation,52.40810035676818
translation,49.65321391787515
translation,80.37498465938386
translation,90.59497375531014
translation,37.442515425071925
translation,40.583573916018416
translation,98.6250395138309
translation,82.00631598442217
translation,33.232227299477685
translation,28.761456513161352
translation,110.0871359339146
translation,27.355966801317077
translation,25.37039903596968
translation,13.865652437238575
translation,129.5414037906933
translation,15.822005580413865
translation,18.267840082726458
translation,4.021108379241528
translation,76.45225884616785
translation,4.306101136981573
translation,14.188753162846815
translation,4.211048158944685
translation,19.999136352379324
translation,16.67321641457025
translation,12.13088184498268
translation,11.44902630136903
translation,5.0366738259281005
translation,18.258183686308378
translation,3.4124283970373734
translation,9.136373600782143
translation,7.174116280231098
translation,14.627182281805938
translation,7.243583568778893
translation,1.5976329056402934
translation,15.129156934872489
translation,5.334197940036149
translation,11.725182499351835
translation,7.314402597684701
translation,10.335982839189578
translation,9.721289340367896
translation,11.213215156056
translation,4.794948928995172
translation,43.07132329704183
translation,27.671619258960895
translation,10.88891980007018
translation,3.370358455745639
translation,78.21582765957831
translation,50.118469683926236
translation,15.602412633776245
translation,12.972611361619817
translation,47.52899190983014
translation,50.40522986417863
translation,13.921686529162715
translation,42.86980283635806
translation,43.280495983686784
translation,60.72061431570687
translation,6.80923551439774
translation,41.02077486079978
translation,34.828988520773876
translation,92.85749712788564
translation,2.144947329919432
translation,34.97167836772081
translation,40.655240688781916
translation,111.60806970010995
translation,11.236827222502228
translation,35.82142018534893
translation,137.7169470536189
translation,134.4787244097548
translation,15.520086130204708
translation,24.723141416366037
translation,138.7575505821388
translation,124.15390395294118
translation,14.593721838343747
translation,22.766825376830994
translation,139.5287532234311
translation,106.4163599720191
translation,26.129249383987016
translation,23.69238110529174
translation,136.48380401941145
translation,80.22837876769236
translation,56.32935950257635
translation,8.494083356228943
translation,137.4528783388399
translation,24.134063324750347
translation,68.81498974960036
translation,12.886748963834838
translation,55.649191832154365
translation,15.626321226172767
translation,45.10311460025365
translation,21.585178643391995
translation,7.15082672952988
translation,14.311270874286265
translation,26.548589441695743
translation,28.131966195353055
translation,10.611935432108496
translation,7.545549166489072
translation,15.876864280997177
translation,28.86335624983671
translation,16.745810769659037
translation,4.5877822568956725
translation,12.932829693056865
translation,28.47346340947471
translation,21.506695065155515
translation,2.9318432929417817
translation,3.098842175290133
translation,30.09376252586377
translation,26.269506495551305
translation,14.297237914188129
translation,10.900806203224283
translation,28.215451617699642
translation,14.59834715091672
translation,24.064428839534287
translation,19.53756644508972
translation,33.823914567838166
translation,15.720681279840793
translation,118.93676522189996
translation,30.02194596431545
translation,40.766460164488734
translation,34.822454744621226
translation,111.6071690592214
translation,40.359878392711835
translation,49.06366321336106
translation,126.96075022132557
translation,107.35164865400719
translation,56.47965718857487
translation,40.09740644994215
translation,145.95898691381367
translation,118.43401799571704
translation,68.45506234103487
translation,30.22104633561106
translation,144.9589414364634
translation,139.13350031899319
translation,85.66991649618195
translation,47.38413682237833
translation,146.92224731026334
translation,168.86725805773017
translation,104.20600584713507
translation,64.16005785377241
translation,127.72583719184826
translation,39.7577143710573
translation,63.20472909885301
translation,47.268268387931926
translation,74.67790843075518
translation,28.221741618871487
translation,45.224247873244074
translation,18.137307308750106
translation,34.23549734041135
translation,33.834411105569394
translation,31.48794626757143
translation,12.749015452752646
translation,41.051846985955656
translation,43.64086313986015
translation,16.362831156117682
translation,35.46709078516873
translation,48.02908769376135
translation,56.08911045052656
translation,10.724017030972098
translation,53.78234483531871
translation,48.00037388999142
translation,61.60596220400612
translation,8.435076516188358
translation,47.02371404784131
translation,44.206453031280326
translation,64.06799195433607
translation,8.095394924051813
translation,22.222514988353563
translation,49.86830208151501
translation,69.75707712319719
translation,25.895189985952317
translation,7.62006354378179
translation,71.01035616321965
translation,85.71443591011484
translation,60.26019873329904
translation,15.562863837145633
translation,88.7012641541737
translation,150.73769346787415
translation,89.29369211625342
translation,16.669730713709292
translation,133.23258359989543
translation,124.95418952587643
translation,122.10421874209985
translation,11.946665370577414
translation,160.8296182822974
translation,95.49341055149594
translation,126.40280400305183
translation,20.072277029810618
translation,113.68908174852946
translation,73.93806366100168
translation,89.81998335672215
translation,23.401990595825747
translation,107.40987558414753
translation,66.6992799421503
translation,62.814561409822225
translation,17.154179425658526
translation,94.94208256332682
translation,63.96661748220895
translation,45.393192300129506
translation,6.1256962730454925
translation,72.75961597047514
translation,60.98357426656303
translation,30.8260950848879
translation,21.91448566609922
translation,57.10093114705931
translation,69.58943002161362
translation,20.035749747487742
translation,27.195725358642434
translation,43.57011058670292
translation,62.7579461425901
translation,8.989158965925387
translation,29.509644422669105
translation,32.67049546374198
translation,75.99723431064663
translation,17.89760772876869
translation,30.30524984997781
translation,20.23760814800696
translation,115.06272291377124
translation,36.86585046787158
translation,34.06257505406435
translation,157.93511748557916
translation,111.5616780476567
translation,54.17707611711454
translation,25.313539053784073
translation,152.01378658935457
translation,90.91851096712345
translation,51.156039464142715
translation,22.895808097150216
translation,142.30931819928963
translation,26.286718977562842
translation,50.778135267726576
translation,7.981616832210398
translation,123.28464010545238
translation,15.980075801463794
translation,53.561099727409704
translation,6.185378596905985
translation,90.25556582775226
translation,14.740427418017479
translation,44.59773848521115
translation,9.657522656788089
translation,8.893787620878564
translation,15.09449253975386
translation,41.38550043417891
translation,11.05633374121665
translation,9.04503831276875
translation,13.287303327517428
translation,26.361951537045
translation,4.240599775909476
translation,21.24299843671783
translation,10.255758443354665
translation,7.450666682792804
translation,5.355477311239647
translation,18.75119090650728
translation,16.014109216655484
translation,12.385994281983129
translation,7.890264142507901
translation,15.015917223105289
translation,37.82583366817875
translation,14.273863965419228
translation,3.9623837875596264
translation,52.64674042954298
translation,74.01763700548193
translation,7.7433474829184386
translation,7.789979792105943
translation,80.82951679558202
translation,86.60752593919722
translation,10.250137262163163
translation,9.291674790926905
translation,103.2552414095633
translation,84.25156542916197
translation,13.136557833011754
translation,13.766939717403734
translation,121.08761570972366
translation,89.39349697039913
translation,9.906912653822124
translation,14.3101411309222
translation,102.23950523415313
translation,82.16624586024584
translation,18.756307647206107
translation,26.814596432643945
translation,95.77164483442921
translation,23.50310646123229
translation,27.705213952677752
translation,61.65049962884133
translation,60.15266236532756
translation,25.69006311978274
translation,24.748823301042346
translation,70.95717689588783
translation,72.25985786638205
translation,32.26259857424515
translation,28.217665260864493
translation,48.71353266423602
translation,59.26283880882557
translation,32.744726746068295
translation,20.244925226549164
translation,66.42509581807988
translation,59.07300066806719
translation,47.51842452368297
translation,26.194374044035083
translation,87.4790813426943
translation,68.19726562456373
translation,68.98549989102402
translation,33.30678522419185
translation,83.29324986382309
translation,59.959520577249855
translation,65.71511022216778
translation,21.359109132194206
translation,79.3001693278411
translation,49.40478458798404
translation,49.51036931159256
translation,6.491843406938121
translation,60.17962614626537
translation,26.73571639006809
translation,31.440689252490948
translation,8.519103227504733
translation,4.888309246067159
translation,4.068832869781131
translation,10.179743536291474
translation,26.951184418854083
translation,20.66629197987336
translation,12.98599513382827
translation,10.058278073208536
translation,31.168334834555385
translation,36.792421394427556
translation,14.67806304866768
translation,6.680050251121262
translation,31.21577838919177
translation,37.37417808528345
translation,6.527462541290575
translation,11.040024145477858
translation,25.861965273325872
translation,21.331902755543293
translation,9.972338100420753
translation,15.962821421394358
translation,78.77161414760651
translation,5.58462468459373
translation,1.4995961767777586
translation,62.338920956181155
translation,65.61858794334886
translation,9.682006160399636
translation,10.175993484376122
translation,107.49275642479519
translation,55.88836319153598
translation,12.659265365133905
translation,15.36255779251405
translation,162.2015193699707
translation,38.9816811891942
translation,28.109894695425027
translation,22.97066333308949
translation,140.86006919629372
translation,42.10507557811635
translation,29.58092810805973
translation,24.798098061362058
translation,10.67770774272586
translation,30.3727987663967
translation,3.529321870880829
translation,16.772641378883073
translation,10.702647245965426
translation,25.903569681480892
translation,14.277825730718565
translation,26.82999748042107
translation,10.599727997578363
translation,16.666030081383557
translation,10.443768511760627
translation,12.180996551393948
translation,12.235112807232477
translation,9.259819766722611
translation,13.619173937096999
translation,5.427904440744229
translation,25.634031127523308
translation,9.260163387781061
translation,21.597141719623412
translation,21.294093692369543
translation,40.77751186154877
translation,19.836464947452132
translation,36.66628254103372
translation,50.749335662523706
translation,50.17511848059858
translation,52.95140838311503
translation,46.49624438947754
translation,51.89358550304843
translation,52.688688478368015
translation,41.15351195116961
translation,47.46009573284396
translation,42.38548925872388
translation,46.768642839832836
translation,26.751326419200417
translation,38.99714327611797
translation,53.06300800991478
translation,49.75050442003599
translation,27.31262466620734
translation,38.10965816001367
translation,56.609581322429
translation,47.58199578316531
translation,21.42557809252726
translation,33.21636994283258
translation,60.13363904930617
translation,140.8938002652189
translation,27.027982819890408
translation,34.08534951522435
translation,65.16863250329314
translation,130.29373698309587
translation,30.211343131777284
translation,42.754325240996806
translation,93.95762330932801
translation,124.54868307075634
translation,78.27160139176938
translation,37.91219150208075
translation,113.28725039336538
translation,116.39734072711862
translation,21.14928866719177
translation,3.2966377052157503
translation,61.07040802542932
translation,84.92057108031787
translation,106.21580956891462
translation,99.27759790259555
translation,19.65785307858104
translation,36.70490116356818
translation,23.442968213459782
translation,31.454883493237727
translation,24.841556894670127
translation,38.53020924211698
translation,23.503057624933945
translation,33.10280323506402
translation,15.677712426098825
translation,39.35159622885578
translation,14.17594825564172
translation,163.1192672505304
translation,7.644603554740524
translation,162.66820884122856
translation,22.01058925615407
translation,147.37082834705132
translation,26.083726725524553
translation,5.960684899530791
translation,79.53055902290839
translation,36.70323588977774
translation,5.996451182165929
translation,53.02902331705465
translation,45.9871718911924
translation,7.0860377258318
translation,34.428420245845
translation,64.0267249674905
translation,51.376161291738896
translation,24.49357039121039
translation,77.67358192123716
translation,6.6013745362675715
translation,155.90226722712063
translation,20.806681064919047
translation,104.34151812760352
translation,40.36036376308842
translation,166.22481631969853
translation,34.100994178739704
translation,139.44991366312968
translation,165.16099679725212
translation,50.7791175474998
translation,161.9614244195306
translation,153.9591041301122
translation,154.25368201723697
translation,54.86806921631353
translation,156.78087896118726
translation,164.80171157112287
translation,153.59777756309865
translation,69.14879187523381
translation,176.6149928394353
translation,169.41195227637093
translation,147.1252831030938
translation,78.34675404813457
translation,171.5885790033098
translation,161.96599261679563
translation,81.45097269975888
translation,81.21381242342686
translation,163.36047198385745
translation,119.18892965485583
translation,18.84900842288297
translation,77.30318331312118
translation,146.14440939217528
translation,37.88876907424724
translation,2.9637577595758455
translation,75.89831276527492
translation,130.13966509069533
translation,11.91394134071519
translation,5.359370190460523
translation,89.64067955706155
translation,120.7109580838557
translation,16.2313139213988
translation,7.879043445645538
translation,146.4176395884436
translation,116.50627775246649
translation,19.20177881379431
translation,8.043807262924535
translation,155.8810983692679
translation,121.43870534814
translation,22.62866332592124
translation,4.364678287701706
translation,164.74471231613177
translation,128.4182912036589
translation,14.504421024170894
translation,23.96814473596963
translation,167.95713970969322
translation,137.51789705145202
translation,13.932957929341088
translation,65.81458606602747
translation,166.26364065003233
translation,151.3129607766779
translation,21.240640648601843
translation,99.23308946095307
translation,167.2735739438361
translation,171.37483162960763
translation,55.023965398756765
translation,116.40863678922074
translation,169.01832027867866
translation,178.86677434635874
translation,60.27409796045615
translation,136.24691590750558
translation,170.29899197076006
translation,175.07388815722737
translation,88.95483078519396
translation,147.5371710320524
translation,170.8543829676519
translation,166.57353379807378
translation,111.97603787409409
translation,154.56111445868518
translation,173.82549586807093
translation,157.96037333623758
translation,125.85360635796158
translation,159.5869159018392
translation,175.98329852670128
translation,154.48171041939025
translation,137.86381985232808
translation,163.0610293367096
translation,176.69373455703473
translation,154.55331976657556
translation,155.50092793020121
translation,173.12761168947944
translation,175.1704261283003
translation,158.10989125026725
translation,163.31340055516225
translation,175.98458598678195
translation,174.1603047486739
translation,158.95874443115943
translation,171.05799667818312
translation,171.19239720633448
translation,176.74192295835468
translation,152.82748285871045
translation,168.83096759204176
translation,163.79547838404815
translation,175.99487593223876
translation,150.88146493823086
translation,170.56534575859092
translation,156.5858306046198
translation,168.34051836850534
translation,100.17518103213975
translation,163.06208975825945
translation,144.21613443203447
translation,149.255180758882
translation,72.61637835640231
translation,158.8091034384475
translation,132.3031867497581
translation,133.88013636073404
translation,59.44169856990661
translation,154.883154682346
translation,127.26753198019352
translation,127.11133437323683
translation,52.957196163645364
translation,135.60501074500337
translation,110.41440973653657
translation,109.77146957442092
translation,45.79626766778938
translation,108.80757779362308
translation,66.45254888323986
translation,63.2567684421872
translation,40.29660773383437
translation,76.84425107617439
translation,31.20561523331754
translation,25.067159884969413
translation,36.97948696538972
translation,65.7945014343909
translation,26.390521808225778
translation,15.869586860071495
translation,33.17649737116357
translation,28.496065893263534
translation,49.78625082749893
translation,14.48405342293044
translation,30.149039929881827
translation,15.292961346478604
translation,56.03001522330003
translation,12.57344345442369
translation,26.403079221194403
translation,17.515332850972108
translation,54.13195410081735
translation,8.823730871771003
translation,22.097193677690093
translation,42.84755690610774
translation,50.77308533817434
translation,4.558804226618977
translation,15.768106677051264
translation,50.24603021724673
translation,46.30234735539451
translation,6.33095021754299
translation,8.40636839719294
translation,42.11730933856162
translation,27.149804066779662
translation,10.939749171246971
translation,3.4610982623162614
translation,33.814392722125575
translation,11.178277608438112
translation,18.3228506364008
translation,8.71693752499266
translation,26.797150884776077
translation,47.52661407693322
translation,27.147542735345784
translation,19.16919239801785
translation,17.507679260190766
translation,65.51122693737217
translation,35.352217143271666
translation,30.807967164912917
translation,132.71552012315075
translation,76.8045254507066
translation,42.851593869539485
translation,42.06203467201002
translation,140.81221453883987
translation,78.15614975676573
translation,46.89424868448635
translation,49.268155896504325
translation,121.16926524864493
translation,75.9178271875268
translation,50.20667476183167
translation,53.02957534685303
translation,89.93864251001978
translation,72.14942503169813
translation,53.269707452559764
translation,55.46154267106545
translation,86.09602483191803
translation,69.54101471324326
translation,54.384673754971054
translation,54.82739921197944
translation,78.59265017960794
translation,68.2680396741063
translation,56.98530543973574
translation,55.462002344175744
translation,75.4121208609704
translation,69.17235453520075
translation,60.43343141649339
translation,58.38170670697594
translation,72.43928625619907
translation,67.35190587121808
translation,62.06885275264268
translation,59.16441021228293
translation,72.30944472478308
translation,62.60224649431966
translation,61.482453565938
translation,59.85967177200296
translation,71.74004025055254
translation,57.860778546639935
translation,58.417735744531875
translation,59.613167203056875
translation,73.43124991763639
translation,54.303473207792365
translation,57.91112757691383
translation,60.637541655434575
translation,61.88500823051103
translation,52.568227127691316
translation,55.05400595079101
translation,58.07626119348683
translation,54.642300230373266
translation,45.94649059336512
translation,48.17098967613997
translation,51.28850703466149
translation,35.681600953429346
translation,34.23914732165533
translation,40.876435493547184
translation,48.84074070157475
translation,11.791579823124092
translation,7.839886275738588
translation,23.70477738896264
translation,46.055944034265316
translation,12.55479905479737
translation,3.3839557130467126
translation,26.42150917885508
translation,59.04500271947769
translation,22.962951790941226
translation,17.566724764516074
translation,39.24975808060925
translation,64.78690293155223
translation,41.24661877847667
translation,51.129080133922365
translation,75.73996224779131
translation,66.42004083694408
translation,166.0506686539588
translation,99.49679497295236
translation,129.6529461643082
translation,71.91639070994164
translation,57.68460548954072
translation,54.348833037238315
translation,53.12237646534667
translation,48.35825903949136
translation,47.88218987888563
translation,42.435909078942075
translation,44.82359506534911
translation,56.50352235911376
translation,46.680217431763566
translation,49.44026226645987
translation,42.120750764265274
translation,39.66940895478344
translation,38.131803265844816
translation,29.778508203282374
translation,37.09935914922596
translation,29.182991478973047
translation,46.790418667724296
translation,24.454156396405814
translation,55.4690757226269
translation,21.011177812889397
translation,60.53134207663571
translation,21.468713254780027
translation,42.179943513518076
translation,33.71311877068832
translation,16.582007344210634
translation,22.29930994563309
translation,30.952198544617172
translation,25.09374308401158
translation,9.075230950852342
translation,30.13645603493066
translation,46.22946157539213
translation,11.447611450935364
translation,25.231835296413344
translation,61.723029215916185
translation,4.278268984262034
translation,28.64804420846655
translation,21.288504805866282
translation,67.50389948431695
translation,24.652032823721758
translation,21.469579216731248
translation,19.972244825481233
translation,91.43426830699462
translation,42.0589875107658
translation,4.703913472855025
translation,28.572304859558947
translation,122.06821310722866
translation,54.77935800055403
translation,3.1553441681082455
translation,51.198794786158906
translation,154.52183920450292
translation,68.84784942932794
translation,14.313597904764016
translation,85.60325264341932
translation,116.74525589873438
translation,68.3712148629252
translation,35.186687782454484
translation,131.87572705295224
translation,112.63305571043054
translation,89.84451512516151
translation,89.87676260899201
translation,148.6108083700935
translation,115.84037614903058
translation,151.89858463631978
translation,115.09130620940186
translation,146.09362326575243
translation,123.29290716434372
translation,166.84114200195313
translation,134.69671071364846
translation,154.36843676960618
translation,125.33531139594338
translation,148.4992868442235
translation,157.9906320388156
translation,151.50874789131956
translation,128.3574590131477
translation,113.61281166530789
translation,130.92445488774914
translation,148.3883862975879
translation,122.6224372945518
translation,92.84242455670224
translation,117.27406743342004
translation,140.29670287647633
translation,103.31505213651599
translation,63.729537792052646
translation,122.56265802767791
translation,155.53310794679052
translation,64.9771322510338
translation,30.101382239892857
translation,135.26029474365112
translation,81.04213901449415
translation,44.52585021256567
translation,23.441443893354027
translation,117.92061209754148
translation,65.45249877081486
translation,40.10481876596497
translation,21.5891851092322
translation,70.69503892750667
translation,60.190622643957425
translation,70.22508931148653
translation,13.511452771913548
translation,53.249797371464595
translation,58.343523117387804
translation,32.826486201338675
translation,8.662067096222797
translation,51.6393304904678
translation,54.84025465598674
translation,32.54542481795728
translation,15.327556412847787
translation,51.11714603254615
translation,51.44390976975846
translation,39.62734617460165
translation,24.300977283333733
translation,52.58073943833274
translation,52.53750009058672
translation,33.888590973694946
translation,37.00860377889541
translation,62.797041125007915
translation,49.057290840321485
translation,16.538221388021615
translation,54.71550907390572
translation,68.66183510177163
translation,58.29916178420927
translation,1.2698617154314022
translation,61.10558082926001
translation,117.60265413957441
translation,8.704851836648773
translation,97.27439913331413
translation,84.94794529228363
translation,130.99163489258916
translation,22.522495919781097
translation,100.2783379498797
translation,79.10806067858614
translation,112.91471106740819
translation,35.13861125176589
translation,138.0748912404921
translation,85.1371757471211
translation,78.74536725778631
translation,45.53832605345252
translation,140.14970889059373
translation,126.31889557743612
translation,34.817416167218475
translation,56.251095310555705
translation,159.73452248913105
translation,143.84461841460998
translation,23.138051763266848
translation,72.31641104176549
translation,170.23051506743943
translation,159.7387910824782
translation,16.432513334423593
translation,86.27470055121402
translation,164.49574125642027
translation,9.903879996117098
translation,97.71306813998673
translation,152.94918992260568
translation,23.213658105708923
translation,8.769670093615966
translation,110.77424081941524
translation,139.9336636217744
translation,5.63842179432725
translation,17.169269230061772
translation,136.129179233211
translation,135.58996572304378
translation,4.051774359177154
translation,29.790525593356712
translation,155.1780762544885
translation,136.7544752946125
translation,7.150991543026203
translation,41.980798147590555
translation,165.78975342464037
translation,139.54199028343848
translation,17.357043449266058
translation,63.02859549837207
translation,169.50958876378732
translation,138.34808947026485
translation,32.37512168892035
translation,81.32426655897616
translation,168.72820818592285
translation,141.0709618527312
translation,55.20593387176901
translation,98.47087151534292
translation,167.9240109024604
translation,142.47204166111828
translation,81.78098406169102
translation,116.76776868002044
translation,165.722302048271
translation,141.2348463663825
translation,98.34056065152888
translation,131.68293009653735
translation,163.963652957254
translation,144.9184062321148
translation,106.41309761277043
translation,144.87759011960532
translation,162.34537855273686
translation,140.32074899691122
translation,118.53550272004128
translation,152.30160813600395
translation,162.4350797371707
translation,141.5792176978558
translation,121.41800357135901
translation,153.98823096984418
translation,166.76147090019916
translation,147.62388346222508
translation,133.39382365621265
translation,159.4599068687854
translation,170.34461653749574
translation,153.46641195960405
translation,139.08817445144038
translation,160.7966970379708
translation,173.84630350387354
translation,159.06468489693796
translation,138.69911423362524
translation,161.8749031664485
translation,177.85243923496986
translation,165.4677272682876
translation,137.98371563929018
translation,159.8859685106693
translation,176.40080836344174
translation,173.5886596555994
translation,139.84751110173823
translation,157.35816813440528
translation,172.10721521784555
translation,178.61751618164473
translation,138.0796349377381
translation,153.77993607002685
translation,169.03416802163792
translation,169.6232150295441
translation,142.8783146889322
translation,149.38691047618278
translation,163.55027391150236
translation,157.72225169841454
translation,138.19993440114987
translation,143.59500166771312
translation,157.41404595927386
translation,148.3062967637023
translation,132.9907306040993
translation,136.74180927013384
translation,150.10599020546613
translation,137.44845804421607
translation,129.23376483716476
translation,131.2182672261732
translation,142.9275625187503
translation,127.30105925948291
translation,122.07477929959441
translation,122.9544317395474
translation,133.65536111459792
translation,117.36777407630709
translation,111.46426096259707
translation,115.7084514569285
translation,123.86235065223893
translation,107.89487871005358
translation,103.84665789729756
translation,110.20024794009092
translation,113.1712817754872
translation,98.43646271420056
translation,96.47304607696813
translation,108.35412092346981
translation,100.63667072829514
translation,89.27406417688258
translation,88.99927360039675
translation,103.70677222689554
translation,88.25955129852585
translation,79.25164488482962
translation,83.14407573725491
translation,97.85276039036108
translation,77.29018603286937
translation,67.89184703793693
translation,81.88213733221987
translation,93.48776460591816
translation,66.60419016801747
translation,56.22305835427788
translation,85.02384883935541
translation,87.7288850758029
translation,54.50869043328057
translation,43.711023415333145
translation,86.22947754474387
translation,80.66932049090086
translation,44.039235521683054
translation,13.921818407698929
translation,82.36128186689528
translation,71.4063148185579
translation,30.00279736487408
translation,124.75588219877996
translation,79.9832291799165
translation,57.32020114533344
translation,15.608023751201905
translation,127.41778352718485
translation,71.8312638094293
translation,30.229284771710425
translation,29.706677892469724
translation,130.32186921734927
translation,58.16667004297822
translation,14.640742608683942
translation,65.28938062923581
translation,129.55968720307143
translation,45.28171908792755
translation,9.875831862616769
translation,75.98218566550236
translation,123.08194304309372
translation,26.924006127676403
translation,5.4027360097646575
translation,77.12187701587789
translation,120.01147816285159
translation,30.07071974633021
translation,7.504347093121994
translation,81.11931660934763
translation,113.04467931814037
translation,30.530459789563864
translation,9.522253030992035
translation,86.86142427500096
translation,110.81517647532247
translation,6.542243766686479
translation,14.74738024249118
translation,88.37533412051056
translation,108.62989112665204
translation,14.62221942204355
translation,36.4782741149074
translation,89.48944138509874
translation,106.57846560836815
translation,36.79622437538834
translation,66.29616958966659
translation,93.78703247664538
translation,109.46676414662663
translation,52.00815110317473
translation,82.39810744846417
translation,95.76459921757026
translation,110.53565820571592
translation,63.72975816658511
translation,90.55858693537051
translation,101.06399230129861
translation,115.17607087952321
translation,91.17273912874273
translation,101.02685530220188
translation,108.77507946066115
translation,121.80885650833591
translation,116.78740572640022
translation,112.03265010797485
translation,115.7907836705089
translation,127.70620653929898
translation,128.36985652784878
translation,121.36017331210496
translation,125.73622520482974
translation,134.85156570053167
translation,131.9994310878423
translation,130.26852689458315
translation,136.31241385734256
translation,142.79112059373108
translation,132.95437880805235
translation,136.4580217226775
translation,145.35423639049586
translation,149.94694238644607
translation,138.83382836460274
translation,141.6141154072871
translation,153.90614450915953
translation,156.54136441675166
translation,145.63946377137978
translation,146.56000338614996
translation,160.48109390858963
translation,160.77042329790717
translation,151.99054570074222
translation,151.3404231412234
translation,165.09134299493056
translation,162.3423454451029
translation,154.4763835274532
translation,155.80140983944875
translation,168.34755883529132
translation,163.22610550430386
translation,155.72090948867677
translation,160.74299168718156
translation,172.31920587456463
translation,164.44528638898504
translation,158.81250379797018
translation,167.6639743254669
translation,176.6684389278895
translation,164.87106193054274
translation,165.55752509258411
translation,172.93383544854123
translation,178.6022312272397
translation,164.90818428560107
translation,168.62241147489132
translation,173.59047316675884
translation,173.80323320759538
translation,164.80558128440788
translation,171.4650302591763
translation,170.86645847617083
translation,171.79241472120484
translation,161.75106377685697
translation,171.7098053731551
translation,170.70124744119474
translation,173.0558073725399
translation,158.2043098456708
translation,172.03125411785214
translation,170.26385461910257
translation,175.8612603109708
translation,154.67878790113184
translation,171.7131867170748
translation,169.98538093018595
translation,178.95551446526324
translation,148.28790415826816
translation,169.79701725004608
translation,169.56997011434387
translation,173.0134971594699
translation,142.7104305983338
translation,171.4572137213753
translation,171.08391879309505
translation,162.86152077075232
translation,134.46781248990183
translation,169.06001875789963
translation,172.58736349777433
translation,150.5416949027165
translation,126.37503090967166
translation,169.6023406080013
translation,174.06826098201492
translation,135.6106347969434
translation,118.16360829282702
translation,170.56672406052212
translation,175.0496988496765
translation,120.58335322531462
translation,111.35280054273859
translation,171.98130139289688
translation,173.08464029850074
translation,107.4734530567171
translation,105.21167458486657
translation,177.1193140968895
translation,151.98912152301028
translation,96.17976014270693
translation,98.36996056454802
translation,166.13801927368516
translation,108.24996285447797
translation,86.08040960367063
translation,91.80048976600122
translation,129.82626023903435
translation,70.74095979938456
translation,79.44450984380259
translation,86.21890613697798
translation,31.0271747029558
translation,54.016720657830355
translation,74.29325575048605
translation,79.31996218972823
translation,34.217334728639656
translation,52.94416973897229
translation,73.5967934965032
translation,74.82844946091585
translation,34.87976735015813
translation,54.29434341066189
translation,72.41749597963778
translation,69.98023516651432
translation,44.780335443218796
translation,54.36180967651647
translation,69.82907789403365
translation,65.44860956366394
translation,50.21155003916619
translation,54.295118108334826
translation,67.5204566060564
translation,61.793063648237585
translation,49.09447987644992
translation,54.28959826547592
translation,65.77107570712832
translation,58.70218162740869
translation,46.22037634443535
translation,52.741499267257446
translation,61.848523614921454
translation,53.4529018973864
translation,46.09969346925941
translation,54.93879528237449
translation,59.09237363199354
translation,51.35009478240426
translation,47.64962134400446
translation,56.63602433197167
translation,55.731623812199324
translation,48.39260780765206
translation,50.61433145322378
translation,58.62659819469489
translation,52.57212838864121
translation,45.815836116706954
translation,52.54881932994793
translation,60.5748548421199
translation,50.48355492921354
translation,43.41483553297711
translation,55.812943697889864
translation,59.876195701963326
translation,46.80667060301373
translation,39.43636519700074
translation,55.36617236682365
translation,55.748964767432554
translation,41.488893896315226
translation,33.865700687211174
translation,53.10383922549276
translation,51.46857178002471
translation,33.843858088461516
translation,27.250704331077092
translation,50.31470041159354
translation,45.774230812616246
translation,25.353862767241832
translation,20.152751494609028
translation,42.62038583453357
translation,33.42391405096918
translation,15.355354038012056
translation,12.97967239109496
translation,36.377231707883524
translation,21.775115433935607
translation,8.648216853280461
translation,6.798258673336726
translation,32.705608823281835
translation,12.032995235792145
translation,3.2849202114190255
translation,3.0992646357133182
translation,27.278603072183795
translation,4.374009569001848
translation,5.231340134062684
translation,4.635092954172214
translation,13.391228782808188
translation,1.639811788881074
translation,9.076836826040868
translation,8.284040501483744
translation,12.822702488605234
translation,5.144392969371504
translation,14.806497063028239
translation,13.695698713613863
translation,25.745532958567033
translation,12.467742260775953
translation,21.82734346074682
translation,19.895355953749142
translation,29.224800011704524
translation,21.118252129838908
translation,28.359348186587123
translation,25.881467807263043
translation,17.164180496589463
translation,20.786207641229076
translation,23.075752865048266
translation,22.966276047965124
translation,8.332260889927792
translation,16.089796095905967
translation,18.114891068301937
translation,18.940603612210975
translation,5.310567283762597
translation,17.39729446298589
translation,17.068583224799692
translation,18.086632782269174
translation,13.115240026611698
translation,24.598100542351936
translation,21.535934484691108
translation,21.372943932969314
translation,23.503869294249764
translation,31.548692191264045
translation,27.4355463484436
translation,25.417880112531737
translation,33.99699593385654
translation,45.95716400571547
translation,39.30908775363279
translation,36.569243724675864
translation,47.80399397416557
translation,58.645892304237336
translation,45.78624140058652
translation,39.36934558111728
translation,60.977202131941524
translation,70.5030714476055
translation,46.6887874258324
translation,37.277383848690484
translation,74.34153023793054
translation,42.767096471854174
translation,30.553608410405165
translation,28.678864234690593
translation,101.81069118744672
translation,43.998676016032775
translation,39.4241552144335
translation,37.13266410181869
translation,112.48810869850763
translation,28.069488681939287
translation,21.573364902554847
translation,41.78379411255378
translation,133.24110616753592
translation,86.1754888880828
translation,31.073959655977806
translation,18.258118334020974
translation,38.357785456851836
translation,78.30075833157527
translation,45.73077442297747
translation,43.32632589366638
translation,39.5138429614049
translation,46.93898248408256
translation,49.45674526213023
translation,37.00436651053394
translation,53.52833481720858
translation,37.25816693929616
translation,34.74891731394837
translation,20.36124156782025
translation,66.82171256703862
translation,32.2851977269512
translation,7.926251028854848
translation,1.811251292349533
translation,133.71248073889885
translation,48.907550461219515
translation,23.265934115523155
translation,18.91701970967401
translation,134.54213714028396
translation,61.79295751849704
translation,37.06927426463669
translation,20.495380186281782
translation,72.95440842522557
translation,36.58687064068662
translation,51.61687433676914
translation,14.571163568551079
translation,35.15521875540634
translation,17.748790989269057
translation,43.69132048622499
translation,15.440985154723409
translation,11.205510642773188
translation,21.573709260893633
translation,16.704280584455088
translation,6.980058875581416
translation,7.526938354200232
translation,65.6136318337665
translation,34.76585311449314
translation,26.075143113714518
translation,11.211651114133893
translation,43.2268851284195
translation,15.172157365146521
translation,48.4144160224784
translation,73.07078910782833
translation,17.228299755771413
translation,19.85491810948162
translation,26.722760318463077
translation,136.26351262838884
translation,30.75948571725742
translation,25.796756954762746
translation,25.096338343555562
translation,128.377866515979
translation,38.235151501038274
translation,16.523885105327746
translation,27.337877282713848
translation,96.01998395159193
translation,63.62217436589757
translation,7.860728644850679
translation,13.017251075789645
translation,29.934120352629975
translation,88.64742188698213
translation,15.817005835633742
translation,4.600160855736849
translation,32.86948418609448
translation,44.088863016392196
translation,8.179268123043247
translation,8.661217580191515
translation,38.39035857931344
translation,29.154880465731466
translation,21.815093470120647
translation,6.652599002064848
translation,66.6850491384412
translation,5.17936783633902
translation,54.312386788336475
translation,10.589330794237936
translation,131.891670772186
translation,30.2090069251709
translation,72.87757568096129
translation,9.011051983407313
translation,118.65180086475823
translation,140.39214775034833
translation,7.26362099397953
translation,107.30899322703219
translation,72.8699322696457
translation,127.51029868725743
translation,31.64803444245768
translation,73.35333061421075
translation,31.59792334315989
translation,55.03182621956624
translation,32.652696305471686
translation,12.281395863386171
translation,8.255788036927475
translation,16.74354480606912
translation,21.875811533844004
translation,34.65782871024006
translation,15.409340774826708
translation,2.597799680280048
translation,16.48878270182347
translation,42.43098925328909
translation,12.222802577476884
translation,17.111221603660933
translation,3.343425984806529
translation,30.79680633101742
translation,95.47731265283174
translation,18.397073775924046
translation,10.449082864275505
translation,37.93929941987963
translation,98.1559672245552
translation,6.626229379314468
translation,15.612038458109165
translation,100.34727701920761
translation,155.47982743560922
translation,12.366054950795725
translation,21.36777241105511
translation,115.03435030479311
translation,161.1810945192796
translation,13.612714304850686
translation,0.9170521264313374
translation,124.07633003189903
translation,167.77217633946074
translation,36.26100817490198
translation,9.142034209749118
translation,143.98314805707545
translation,134.82632587593977
translation,56.60838519659035
translation,18.192270757843197
translation,139.1204434253082
translation,122.58133378114918
translation,44.95677305425876
translation,14.88896262670217
translation,88.99528250594791
translation,35.27742110913447
translation,2.061407237858351
translation,28.70491969538774
translation,77.37258867055665
translation,47.35250861831251
translation,40.293879397770034
translation,41.873202646494036
translation,19.749645106077008
translation,30.44314325144165
translation,31.327054809233804
translation,26.281285747867813
translation,31.922319021688505
translation,8.14098444592515
translation,5.781443629641452
translation,2.971960554470484
translation,21.821117566866555
translation,16.364461765156417
translation,10.33795738135943
translation,4.974085486020879
translation,7.854424074095502
translation,24.21546975411077
translation,8.422549185290265
translation,0.6665610166858462
translation,23.231281657354945
translation,26.649421140137274
translation,10.91040861754601
translation,8.0827513946652
translation,37.677008667125904
translation,25.262105205683078
translation,21.894644446685042
translation,12.6032735768549
translation,29.616854530190018
translation,45.10420901550007
translation,27.77289433461119
translation,11.653516505960024
translation,52.9424578178204
translation,73.4057796619429
translation,27.6998038451806
translation,18.98205751167607
translation,78.85794276556027
translation,148.36922735981207
translation,8.04629032673802
translation,14.639966732970134
translation,103.15835459455043
translation,166.8922674981921
translation,36.31416158471438
translation,75.31908640106379
translation,108.90410479271215
translation,151.07373901385466
translation,10.82778001903176
translation,65.30900091714479
translation,142.58090302224238
translation,53.26132603391176
translation,20.906815200841987
translation,46.680416974628464
translation,122.402192328386
translation,52.49145824143402
translation,31.578250316084024
translation,57.479492915015456
translation,119.49615692333413
translation,65.00237776339704
translation,39.52396100666682
translation,64.5620988966127
translation,98.95314460565393
translation,52.375762006430136
translation,34.03115078733132
translation,35.767522451723075
translation,29.52631849244043
translation,43.639503138534344
translation,31.777104068779042
translation,3.3863570144602204
translation,8.842282882932452
translation,20.05290823710988
translation,14.326027848628392
translation,11.4109135203795
translation,6.258924160148464
translation,5.117648034562225
translation,9.859777991267771
translation,20.079745305448068
translation,12.330532306513048
translation,3.206749514513762
translation,17.57445797471256
translation,17.35452002650206
translation,93.2208267628212
translation,13.309663889581616
translation,66.8314742937939
translation,9.162786298571394
translation,146.97764549953146
translation,31.814158179961773
translation,137.71020856606927
translation,27.440175465077957
translation,136.35400908889304
translation,29.854637436917322
translation,102.74444504950178
translation,28.8204863279269
translation,22.510633059815166
translation,60.46940915487564
translation,66.81929343481455
translation,28.467222268950977
translation,12.813167075469115
translation,93.94971739024267
translation,41.26681406405869
translation,12.642971349519234
translation,14.49644427776549
translation,31.107729571033722
translation,3.8191663783526226
translation,31.86682761203256
translation,156.52596150750153
translation,40.22945327508656
translation,7.467494891804141
translation,135.77755365471626
translation,166.77709023809882
translation,54.81214792059446
translation,25.695409079729178
translation,172.91610925479898
translation,175.12274388025992
translation,9.027608993637923
translation,28.462581260307395
translation,168.61197769615742
translation,160.0258044565459
translation,39.214254330297294
translation,27.11501742364385
translation,169.25943682368944
translation,166.4853558510018
translation,51.487340012377814
translation,16.293292270797615
translation,152.22481808825287
translation,45.42627754909471
translation,11.087415977672933
translation,44.34911517020165
translation,27.67804171833877
translation,17.89798612129282
translation,0.9723645587971765
translation,26.30190359283474
translation,28.402950478864337
translation,2.312716736781766
translation,2.5414832297187147
translation,27.812036244323025
translation,34.661420171754344
translation,10.802986689481257
translation,5.3146398377741715
translation,27.61964616818818
translation,29.045025905790055
translation,10.606573010786668
translation,9.5662644139752
translation,27.16726302605507
translation,2.2299812310635225
translation,6.578313641616007
translation,3.5759356376016216
translation,29.279065441416904
translation,25.506625535523437
translation,6.2730187330883975
translation,10.445228106850001
translation,37.88733155228633
translation,32.76976687145879
translation,3.7265752561742285
translation,20.273708702315194
translation,10.307544164543106
translation,42.99754025434061
translation,21.95263410992806
translation,25.929139725875483
translation,35.1330119263902
translation,37.01590783955226
translation,24.802004839394733
translation,16.134852897898433
translation,46.8642846191049
translation,30.458202599806224
translation,32.17247982606463
translation,5.028234457568911
translation,57.739084010750304
translation,36.473120885952106
translation,47.32412813423063
translation,12.634037359029389
translation,75.42056764008865
translation,62.28693513612283
translation,48.7494384545697
translation,15.867667580452572
translation,64.4524418769914
translation,63.41629851966235
translation,25.74862566702895
translation,8.883678965520122
translation,105.60750916767904
translation,112.3570968906146
translation,103.56501825162255
translation,21.531048824223266
translation,102.16599561137211
translation,119.98581709849185
translation,91.89900213754031
translation,14.242605962822152
translation,94.50526459042732
translation,114.94964343801186
translation,84.6016066598162
translation,12.388998723027221
translation,100.08563358121542
translation,119.35145843051336
translation,69.78508572589531
translation,3.870038099555439
translation,117.18566884892573
translation,38.517251493905576
translation,8.834390853701482
translation,166.44416618429926
translation,63.284125671464174
translation,10.334268841183015
translation,8.882448562780091
translation,140.78823343449298
translation,39.37494049248399
translation,4.324720355986401
translation,4.442271039980454
translation,115.26532490633538
translation,15.94649233634562
translation,0.2246499116703555
translation,13.35238842399878
translation,68.92464957809459
translation,70.40693448356869
translation,13.37310397615031
translation,16.979210765214575
translation,37.15812974064536
translation,51.54622323227914
translation,21.69957521868451
translation,14.329502106710045
translation,20.81809732018083
translation,51.79946020783189
translation,19.132596953755474
translation,10.07376958338664
translation,64.39342875118234
translation,41.64066282484539
translation,18.41675900254121
translation,0.4036210409929445
translation,79.37494337961355
translation,34.77264055884191
translation,9.93396298103625
translation,7.919075386853773
translation,95.50483838908376
translation,34.4364937435197
translation,9.734046655117263
translation,8.01764747194786
translation,99.72711345696321
translation,26.740276606278776
translation,15.464245849328286
translation,19.762814454874206
translation,59.66796311991429
translation,2.926206843171911
translation,15.672351687053753
translation,29.081834994572088
translation,11.597112785141169
translation,22.351435614505938
translation,12.107533519341471
translation,23.003418812429615
translation,20.041920413962135
translation,45.90076564404522
translation,2.5893287413739747
translation,26.598598947769347
translation,28.246245855674175
translation,44.852447383686105
translation,15.809033020683644
translation,35.89712871024881
translation,40.13301528647163
translation,47.29150151416978
translation,24.73313182340029
translation,33.59544395460744
translation,62.64165784584785
translation,46.17997872640663
translation,42.614774091576905
translation,23.79344055554924
translation,78.03992231955444
translation,26.971504172873612
translation,49.01648842564754
translation,10.508312558356831
translation,67.50374163002601
translation,27.50171301365016
translation,50.43505523680025
translation,27.39054502365862
translation,63.11164136432523
translation,28.48506849955381
translation,53.194884498787346
translation,34.486395335672405
translation,9.406826585769313
translation,47.78456704153822
translation,29.729398507574906
translation,41.56588162434439
translation,49.38243944101963
translation,69.2785693323965
translation,16.118809458812613
translation,45.46952136322373
translation,64.89904346584586
translation,77.6783143000183
translation,20.67755443278868
translation,45.14002915305363
translation,71.10992711682128
translation,67.6053085680163
translation,9.18563915205293
translation,33.433777134606544
translation,72.34116868433794
translation,18.243082229892796
translation,30.03058252282336
translation,106.41129069895283
translation,98.23839089018804
translation,47.4959468010015
translation,21.870082615338468
translation,144.4059639066255
translation,90.27037422752412
translation,51.718230694242784
translation,3.193413746957766
translation,111.8883756320939
translation,95.04249745446937
translation,45.28329378434401
translation,46.99959406458123
translation,104.00500716438397
translation,94.9919583815596
translation,39.052095212091274
translation,70.93477252132958
translation,74.74777566583371
translation,65.08172505908229
translation,29.820405059571332
translation,58.128374524071326
translation,79.27603930702003
translation,72.99211284558662
translation,26.877665333848203
translation,57.91256051988543
translation,86.77502432625961
translation,57.060686582310346
translation,23.807894887247514
translation,32.0599751686448
translation,43.65970519292198
translation,13.492105710058983
translation,28.485081034000697
translation,20.737419181576897
translation,39.23530982433474
translation,56.39226373705761
translation,28.157055280569278
translation,10.868109245269748
translation,66.97136958750681
translation,25.385216969728717
translation,22.49018862107861
translation,47.81847004390825
translation,63.31824905430552
translation,24.83101156812608
translation,35.40596643683351
translation,31.115599983189725
translation,56.8650845096782
translation,22.269228969208427
translation,23.181077975857942
translation,66.10759226524219
translation,58.84551787815775
translation,48.546799639528516
translation,17.302722619535746
translation,64.25617227443394
translation,54.38139442258843
translation,68.6452245564527
translation,25.38152378147527
translation,68.47600507739624
translation,40.771811791007494
translation,66.43387814202808
translation,25.949714531361455
translation,70.28286019487949
translation,36.91662487826785
translation,80.53176655801732
translation,14.82028583784529
translation,63.26951372332893
translation,14.191563098473747
translation,73.14582870111363
translation,7.684192156982021
translation,14.704326597098426
translation,31.50886954892966
translation,65.33260638356109
translation,11.801172308331447
translation,37.22651571008844
translation,79.44289696438334
translation,61.312974583084376
translation,52.381832816248995
translation,41.23413991902522
translation,97.60373547457043
translation,36.34757215779429
translation,70.01180429720625
translation,51.66270375674598
translation,103.32087219375651
translation,17.36957962651883
translation,58.977693673236786
translation,85.85665690338658
translation,122.12962079470314
translation,4.69210905805319
translation,49.94723755400771
translation,110.8313781840828
translation,136.55972241982627
translation,8.677987215413456
translation,51.279727636518146
translation,124.49877857984994
translation,133.77903372040174
translation,6.741453155220925
translation,41.4872409921261
translation,139.11109583724382
translation,136.6478318158842
translation,5.685173931318233
translation,4.379028629851434
translation,159.48595965581816
translation,144.83218618768325
translation,15.23354357506452
translation,38.45163665512434
translation,167.51895815690406
translation,68.63218619716683
translation,9.96497158181808
translation,47.77311796977027
translation,112.9238412286385
translation,40.04005829869128
translation,17.096047687702022
translation,45.64653138478457
translation,27.196011929267534
translation,24.69669024712383
translation,24.345819814945802
translation,36.11203955149436
translation,21.534300910040663
translation,17.85535423393187
translation,23.137667543001054
translation,24.10482553382464
translation,25.505421442906794
translation,17.29237401020806
translation,16.712933484714856
translation,20.48080277404977
translation,28.891126481527433
translation,13.970602019889872
translation,10.108417210170693
translation,10.94794394104943
translation,24.295782552396265
translation,16.01100901468927
translation,20.695721294890816
translation,5.237827695992902
translation,27.120821587812955
translation,17.719851400097255
translation,33.08673377098967
translation,26.098599197429017
translation,19.332283517772098
translation,47.50199066941921
translation,40.53052087206298
translation,45.25026978482009
translation,7.153108054613862
translation,99.98459345148105
translation,61.34121541925234
translation,65.59470446699879
translation,57.09637644451781
translation,99.718963567532
translation,95.41810351503172
translation,106.42359418079258
translation,120.58770003423597
translation,89.6496888686517
translation,127.91424833327494
translation,135.9328954906338
translation,126.59144783301001
translation,97.88216804066255
translation,176.44962708662968
translation,138.77428983818666
translation,130.42285811063027
translation,138.03500936224933
translation,136.45439787558922
translation,165.92733544150144
translation,118.90968870883854
translation,151.61077287688582
translation,98.13556679925166
translation,163.13699565968327
translation,91.6936507884334
translation,72.09716109757646
translation,73.59329851241579
translation,26.846868646903655
translation,41.15281069625426
translation,64.74257716654317
translation,47.91084070540959
translation,10.220324042173237
translation,52.482142824949925
translation,66.29418697103287
translation,6.001981311244626
translation,7.00324708928814
translation,67.22162452994995
translation,75.15693653996298
translation,86.50535458915141
translation,8.938392319445814
translation,83.14659085622883
translation,88.27875811910934
translation,140.32240988018359
translation,1.2908253622321162
translation,86.0513554794663
translation,87.01246562782146
translation,163.0770735819559
translation,6.42097022849584
translation,85.36221690075523
translation,64.25666112912248
translation,164.0450841493323
translation,4.556926562279969
translation,112.09765494077611
translation,77.66848799575504
translation,166.69799026257198
translation,15.125892076310778
translation,138.3190280481025
translation,83.32174840958527
translation,58.23827073410592
translation,26.633668775923216
translation,94.0321924450389
translation,78.7278539054444
translation,35.55581989362152
translation,22.86111060265395
translation,81.82257110312455
translation,85.05590908114605
translation,34.53929945327398
translation,28.43706127410345
translation,74.16155313324414
translation,100.01030388442899
translation,35.420689310766015
translation,16.003952935071425
translation,72.51810721631915
translation,125.9918421211497
translation,35.67232474572909
translation,4.590385128513342
translation,76.31346362521934
translation,135.6707041734975
translation,37.10364064789723
translation,4.400445270266588
translation,91.93871859558836
translation,173.48341129716985
translation,19.458539823097123
translation,13.615467599503331
translation,168.74164463915196
translation,140.56304261176854
translation,30.20740478145516
translation,18.252537751577943
translation,146.66143442962925
translation,61.511133172438754
translation,53.42168743544216
translation,9.521190338749246
translation,143.85448228681338
translation,12.469009440696407
translation,55.510380284262276
translation,0.7753869368779196
translation,134.16123111733884
translation,9.964409048198142
translation,34.357190404070394
translation,7.6772876242989305
translation,105.72723977434026
translation,16.771002556761427
translation,35.561683648897116
translation,7.737518347801318
translation,5.704492358027404
translation,13.4911066030999
translation,21.622739255708773
translation,8.86798059768626
translation,7.216663572129566
translation,5.320150576833934
translation,19.46833891451378
translation,1.6252767299581101
translation,15.873961698217776
translation,5.642539487387533
translation,8.393795916414668
translation,3.224465654885425
translation,22.946195525471126
translation,9.412403353061995
translation,6.593626064367858
translation,9.485668232132257
translation,31.665354692442392
translation,46.47703557005001
translation,19.45992820602149
translation,46.43503422848192
translation,155.27881890555747
translation,130.58497810508905
translation,56.62261760154916
translation,123.620376837878
translation,145.44860397335754
translation,137.0229845269148
translation,43.34001791522642
translation,133.36566326849885
translation,140.0991964658388
translation,130.09145273603514
translation,43.751161823404665
translation,129.660857936253
translation,124.97748266098502
translation,114.69768009764844
translation,1.3371015011620413
translation,96.76340743768608
translation,101.23195617941528
translation,89.01258081390243
translation,6.834167421529622
translation,45.61312998329061
translation,57.40717118045778
translation,54.8518447939422
translation,12.78711851571532
translation,16.140965681357518
translation,88.43554201057076
translation,29.163795561280537
translation,23.413448509520904
translation,5.4320699148074105
translation,53.901882467222485
translation,40.75110437266562
translation,45.99323845484661
translation,13.096288319880774
translation,29.85267174969763
translation,45.82030069903334
translation,77.4747016469898
translation,28.882289793154364
translation,45.75286286767087
translation,31.545696933085274
translation,113.52340273387091
translation,29.353847812571065
translation,34.05693691997703
translation,26.74575996238176
translation,63.2017928668031
translation,24.876045417584166
translation,42.847644631385805
translation,28.55660685534046
translation,0.8306780745148638
translation,23.60332149848417
translation,44.639488726696605
translation,28.10406230916565
translation,13.973994961812464
translation,28.4213248275908
translation,32.002557627165906
translation,11.278700074409757
translation,6.324832848111526
translation,30.91731431680859
translation,25.358321795251427
translation,47.293845217915994
translation,8.580129935949172
translation,29.675748034887846
translation,15.486914916738005
translation,121.59314468443843
translation,6.908454114044504
translation,17.901987177534874
translation,103.13356785553997
translation,129.48130799855173
translation,5.234321619600363
translation,91.4616708313883
translation,131.56430290452474
translation,142.61350818498005
translation,45.656898364701924
translation,119.94141591344369
translation,135.47006065853915
translation,145.4751120451209
translation,47.822948779461534
translation,111.50264612668178
translation,141.95949492796743
translation,137.63900005403173
translation,37.91807977551066
translation,92.72335141992211
translation,147.5022514065241
translation,108.50023909662498
translation,40.062614094846815
translation,65.22411820439795
translation,158.5844726840252
translation,25.5038900570284
translation,53.97621498707412
translation,42.37114303780378
translation,153.28658515530503
translation,4.7660325819080915
translation,50.65442166491127
translation,15.866821556367166
translation,14.746077390916255
translation,16.9398262472122
translation,35.41615695999905
translation,2.857369067095956
translation,18.451120191934926
translation,26.4822407810848
translation,22.205954238459547
translation,0.9769652532451282
translation,12.026280215535621
translation,27.040035016894326
translation,8.100034560199575
translation,4.939341958725016
translation,11.782459689104783
translation,25.950507389997743
translation,20.867157342864346
translation,6.719097751058448
translation,16.572200884555834
translation,30.201500410551585
translation,26.810380982500188
translation,28.73391255955221
translation,44.71685505944898
translation,52.485508232202314
translation,40.484424462087254
translation,73.28065249394706
translation,65.80053422688849
translation,89.5171956429929
translation,58.06581310736691
translation,101.02570622849916
translation,88.83851780296906
translation,119.27611857228266
translation,81.31930984564015
translation,108.64866359387985
translation,142.9952860565631
translation,175.736155016943
translation,127.08612500712852
translation,117.94180075832001
translation,164.07860084623272
translation,145.84459759499734
translation,118.5934007787117
translation,148.79499769876492
translation,155.23572337692445
translation,126.41985348898609
translation,108.88682050410667
translation,162.76700142109866
translation,158.04396570890265
translation,115.36098445676276
translation,121.87933068270846
translation,169.66875115926982
translation,155.86321812768531
translation,96.45521187978841
translation,138.31885823622952
translation,158.04149736449958
translation,131.62933550588437
translation,78.25737025637459
translation,158.43351275030244
translation,155.2229855644338
translation,107.48863564024523
translation,66.88361147177457
translation,126.7845766152879
translation,164.5011882675242
translation,96.19974106069299
translation,63.0269499626439
translation,83.88108037788754
translation,174.41987934582576
translation,137.22870522547504
translation,80.10831755350087
translation,7.59602126642177
translation,35.792963115787344
translation,37.112687403489886
translation,28.02074750294621
translation,21.37581049408394
translation,15.725656524465649
translation,124.35584315625727
translation,24.625779533283048
translation,74.19416669321245
translation,34.68023236862191
translation,17.39694881824832
translation,53.77062293001223
translation,19.97017027598612
translation,22.024437158231905
translation,23.938617210926672
translation,90.58291740891862
translation,25.673436182830372
translation,120.51408147973132
translation,36.00658835948962
translation,131.78197607060977
translation,68.96684720906767
translation,130.03474982049767
translation,175.53831737876382
translation,94.3056240861486
translation,132.82885408212692
translation,174.74392360003853
translation,95.09236172450547
translation,127.38141506658823
translation,36.13285810289494
translation,92.0489115235215
translation,118.28508267789988
translation,121.16670180236616
translation,6.179048547406038
translation,64.97212652377205
translation,103.79205551467774
translation,26.3766113090666
translation,12.260857019275706
translation,75.25308862887582
translation,74.13601051283773
translation,14.859481558149705
translation,11.286265301897927
translation,68.86938280879623
translation,52.98601284266629
translation,10.583590386893846
translation,7.17854936201338
translation,76.7122363863382
translation,41.21222731453781
translation,18.583444964551436
translation,16.624471035206252
translation,81.6424089161673
translation,34.70791188071888
translation,16.99808950610888
translation,32.51297911834928
translation,90.20102977481609
translation,37.00993426410642
translation,12.089714535860656
translation,57.09797501139744
translation,111.47501033009264
translation,43.10362074799716
translation,19.48031396745362
translation,100.00920379093665
translation,127.32698650930536
translation,40.63936527094208
translation,90.59255484278964
translation,167.2335495848028
translation,136.10828232108855
translation,37.89192739300026
translation,130.59427220071078
translation,150.07035062060783
translation,132.49391754248316
translation,13.104145628857651
translation,130.93097500045369
translation,146.4318381306785
translation,122.77055373285961
translation,38.6916125436572
translation,148.03513874943616
translation,143.5445831283284
translation,110.90552387811563
translation,57.69766266695891
translation,169.44726331445818
translation,132.01465576696413
translation,84.08574487531095
translation,38.58833447135139
translation,135.35948316207262
translation,124.77996998517315
translation,77.6919728887584
translation,38.172896248414816
translation,119.7047852164683
translation,119.55981385487902
translation,64.09308062822706
translation,29.575071581529514
translation,112.85299082900089
translation,115.97439327143294
translation,56.50987302866524
translation,25.211614440725818
translation,108.10162332714559
translation,117.60131314986758
translation,16.276643177349086
translation,10.774347723380517
translation,108.6129039391116
translation,79.30104537668221
translation,10.338861796699382
translation,2.409602811084564
translation,127.73598259530782
translation,40.089767458312025
translation,13.963200883142116
translation,20.72452378808003
translation,159.09172936341304
translation,17.47851462927323
translation,11.905765496996391
translation,29.312070223113437
translation,118.7156059836312
translation,9.214901011147823
translation,11.485922695687602
translation,35.66176022802416
translation,7.458190628854085
translation,12.562864110494475
translation,10.652289301307352
translation,33.489632535928045
translation,26.232595429602885
translation,8.955951232052737
translation,4.285224743702596
translation,33.51673090405292
translation,22.496984980831606
translation,5.822231461854483
translation,4.314008892241415
translation,31.894074838112655
translation,17.17533687455558
translation,12.145378254917093
translation,2.0880714123105997
translation,42.92472342066364
translation,15.481280292928092
translation,16.68814418759347
translation,5.976608110479671
translation,59.668345125397785
translation,6.142283549265211
translation,23.549270546081537
translation,39.27207304711067
translation,74.48533038835212
translation,37.57530368188272
translation,31.632014102613667
translation,57.29079719845262
translation,85.13096190153044
translation,58.01822260254088
translation,46.96383263486701
translation,74.16433899271624
translation,92.85680755656533
translation,57.64657949107873
translation,40.67355218574541
translation,83.81366816623807
translation,84.7093696589042
translation,63.07375871977003
translation,20.02509514229257
translation,100.03862363037516
translation,65.88831932762554
translation,22.724210142334226
translation,9.930056888400715
translation,121.55186861339041
translation,25.9900983999591
translation,57.95328807256618
translation,35.04164777920344
translation,129.04990914706934
translation,7.00506398377471
translation,131.54823896133132
translation,12.624798372860353
translation,36.32459344136196
translation,39.83898326161385
rotation,11.344401683239429
rotation,14.910456650458814
rotation,12.30427305322575
rotation,18.162309969540647
rotation,17.01629149782674
rotation,16.05753715286946
rotation,21.938243522517034
rotation,8.798362179905668
rotation,7.922232818488607
rotation,11.132017029533442
rotation,0.6845441149884562
rotation,9.15371804600265
rotation,5.614482025742272
rotation,16.540767863729474
rotation,14.965168376141818
rotation,8.736709870463843
rotation,8.121823476720092
rotation,11.085840054138227
rotation,7.254378561883923
rotation,23.75646517491863
rotation,20.141752552237097
rotation,6.869663709602113
rotation,22.674717991682787
rotation,4.05847227626359
rotation,10.740935434134622
rotation,12.323420006242024
rotation,6.506855414749015
rotation,4.3094839872473365
rotation,3.4302599766182365
rotation,5.902993693836296
rotation,4.48247657017402
rotation,10.970548492417327
rotation,4.3817122673778695
rotation,2.8172562195730437
rotation,10.90875259874065
rotation,21.968426127158196
rotation,16.416170094289104
rotation,15.57130833439797
rotation,5.054650857189696
rotation,23.263147921847313
rotation,38.51755818994735
rotation,19.584622027945898
rotation,4.811128083723385
rotation,13.295513508829323
rotation,5.591533752026897
rotation,10.60615481230873
rotation,4.9097436684368905
rotation,3.679033817603311
rotation,16.390066268913298
rotation,7.418116337984907
rotation,9.515493786028209
rotation,10.69788962930415
rotation,5.162316709584034
rotation,10.597137485027401
rotation,8.29344948790321
rotation,10.206624271772247
rotation,5.622814001620961
rotation,49.54921913631429
rotation,6.182411086263979
rotation,10.767988095846482
rotation,12.044991165816999
rotation,33.32369681054618
rotation,4.50377842872937
rotation,9.465041458400465
rotation,18.751874789827458
rotation,3.531205030250492
rotation,8.913675889276522
rotation,10.472616960199668
rotation,8.495993767313823
rotation,7.223318641806297
rotation,11.260232690367207
rotation,5.880692286823599
rotation,6.634234474261396
rotation,11.910026428685761
rotation,1.5274814489925985
rotation,4.581133531582026
rotation,3.1497329601753674
rotation,46.610940998040306
rotation,4.314611742688381
rotation,7.0789817601501275
rotation,12.257781389444348
rotation,8.61783772715941
rotation,4.0554850417096775
rotation,20.971319946553052
rotation,7.554798241633371
rotation,10.26222729722767
rotation,17.394575035581262
rotation,5.224480775410616
rotation,11.0097012605874
rotation,10.713544199820301
rotation,15.914381653653368
rotation,18.723674995324718
rotation,8.420272943499008
rotation,12.926802521659658
rotation,23.885225036317514
rotation,11.712116516500704
rotation,19.910136791171883
rotation,5.0124348953003555
rotation,9.761374244026493
rotation,6.959260470307789
rotation,23.57803296123574
rotation,23.217802593234794
rotation,21.11155677124367
rotation,42.898440009667766
rotation,26.017102441077114
rotation,32.652852027786324
rotation,38.82408788793678
rotation,59.89299696264279
rotation,30.637543840924415
rotation,48.8466994738445
rotation,12.001362422822911
rotation,21.63372591595824
rotation,17.690306371017034
rotation,20.163220316677826
rotation,27.375860187936908
rotation,153.67033396473695
rotation,157.93967493149228
rotation,20.442101394948594
rotation,12.569602714556376
rotation,7.489791083692008
rotation,15.730435341514498
rotation,167.7425978941667
rotation,170.76452410099887
rotation,14.276655459865019
rotation,5.406702868031724
rotation,8.307677343533012
rotation,19.527420030794556
rotation,11.665926741707095
rotation,11.548158279740711
rotation,7.819400303207938
rotation,1.5401825864552217
rotation,10.152515078508427
rotation,3.9485826476282706
rotation,21.415472748177145
rotation,16.614151926001757
rotation,18.225091014230017
rotation,16.101834589948083
rotation,24.23738662998212
rotation,10.074608031966584
rotation,62.40129926053291
rotation,20.896041023197526
rotation,9.078814119087923
rotation,10.77572965655695
rotation,11.30251336941341
rotation,4.352122584293396
rotation,10.49385622589096
rotation,5.976642458688101
rotation,9.07109585744642
rotation,5.6116484032804586
rotation,6.1754413127024765
rotation,14.11489588770488
rotation,17.617009409247817
rotation,24.655113805017923
rotation,21.586282177910185
rotation,15.235904049401796
rotation,110.84880211257888
rotation,77.08081645645228
rotation,15.179935381956788
rotation,9.837985693063345
rotation,12.0216721665933
rotation,10.467396412457383
rotation,13.093873875904118
rotation,8.618180045263472
rotation,4.068992314517076
rotation,5.06923764848799
rotation,13.520163524907773
rotation,8.341556166481716
rotation,14.157092713486755
rotation,7.5456936646409
rotation,12.751821676743875
rotation,45.285139653601945
rotation,36.9483866441523
rotation,37.90331248704793
rotation,18.14119928551405
rotation,60.44594369925026
rotation,15.886736536513913
rotation,14.161024661452618
rotation,7.590972991124626
rotation,5.418089009604238
rotation,10.07585517803908
rotation,68.96071441552998
rotation,12.618696191366531
rotation,0.9908773867596421
rotation,75.24282404857107
rotation,3.2613027982872085
rotation,99.35202353229957
rotation,4.340059992653887
rotation,101.25795046218447
rotation,2.218680598231643
rotation,53.69305326833302
rotation,4.056621249298225
rotation,20.32846471764967
rotation,16.28774737137808
rotation,4.21335533999001
rotation,32.62856225360003
rotation,6.460248905920452
rotation,1.701578173219498
rotation,14.558203726745996
rotation,5.363608770865858
rotation,3.2295854610270847
rotation,44.35413079800546
rotation,7.374931558457168
rotation,1.4941132833567787
rotation,2.2344708536212563
rotation,1.0383160400623417
rotation,1.7630532604794027
rotation,2.2773544714498777
rotation,5.951948521429609
rotation,3.1677207448281988
rotation,31.568791614614025
rotation,7.139945924268616
rotation,4.381448317543098
rotation,4.30524726975429
rotation,0.4819825782186461
rotation,1.8625229051775725
rotation,9.838253616675303
rotation,6.008006446380404
rotation,2.6191835861373534
rotation,46.90801861626104
rotation,7.436387732130128
rotation,4.2930372750168395
rotation,1.821992554560717
rotation,15.725010045237932
rotation,3.254662650391736
rotation,2.737008765614382
rotation,0.8067625700067274
rotation,19.553929308501935
rotation,6.636810902032408
rotation,4.29929703964362
rotation,2.4096315945310307
rotation,2.4719832983088597
rotation,4.150215790118773
rotation,0.7476567844671429
rotation,0.6522401692424223
rotation,3.1298178569315835
rotation,3.0410584076627685
rotation,1.8042876568445996
rotation,0.5894586955227971
rotation,3.3823084998759145
rotation,1.5394405880975432
rotation,2.6566360736068004
rotation,1.0771909954021863
rotation,1.138156838221552
rotation,2.3096908386070516
rotation,1.1515494130124015
rotation,1.8935582848229822
rotation,3.7695393785977296
rotation,4.240552060678459
rotation,1.1102426539080694
rotation,1.6221583663706607
rotation,4.620941740856656
rotation,2.158327480009568
rotation,1.3306338379298621
rotation,0.19243348729406956
rotation,1.3583078007970417
rotation,2.4353551545944825
rotation,0.5990721440264553
rotation,0.18803755856641385
rotation,4.304594974210026
rotation,2.6240506925141176
rotation,0.42479680910667234
rotation,0.5736007418512894
rotation,8.062770616887889
rotation,2.58440175567824
rotation,1.0918399666029666
rotation,1.1355912038136007
rotation,4.741941867668433
rotation,5.497089241066216
rotation,1.8665588571409322
rotation,1.7764050496997765
rotation,5.468540436281346
rotation,3.298440567243556
rotation,1.951422691094688
rotation,0.9086733268826496
rotation,7.503318259505417
rotation,1.4206870391075193
rotation,1.7759780281836288
rotation,1.6544125956191982
rotation,5.7193012075748415
rotation,2.7134100400397663
rotation,0.9525671041529206
rotation,2.501849825454305
rotation,2.4367749637944662
rotation,3.5605419067910606
rotation,0.6481843578043232
rotation,0.6877259309534023
rotation,6.482604312531223
rotation,1.9917913893529975
rotation,1.093179935636813
rotation,1.3558047391184445
rotation,8.782166774483297
rotation,2.5700247671602185
rotation,1.7307560823694703
rotation,0.8246784844334205
rotation,4.3923031687716625
rotation,0.5384407872929933
rotation,1.4907659163663198
rotation,0.8818840734537157
rotation,9.050777314606496
rotation,2.0282482741793775
rotation,1.790454411177644
rotation,1.3304757542388987
rotation,5.98767899260811
rotation,0.4632418055418102
rotation,0.8705271894953269
rotation,1.2906724574713828
rotation,2.548882265520804
rotation,0.9580095078057859
rotation,1.7275328576763325
rotation,1.3357823143703949
rotation,1.7228910723124586
rotation,2.6943816351034986
rotation,2.9402616047940136
rotation,0.7540338941683926
rotation,5.51130387348588
rotation,2.8966747823138244
rotation,3.6272353208840613
rotation,2.569816521916559
rotation,7.523420941854776
rotation,1.2614903181721058
rotation,0.9247895424545595
rotation,2.125606079414122
rotation,4.42656958757583
rotation,0.9702713235423642
rotation,1.642009570077331
rotation,2.6181746981452223
rotation,1.8464639063148836
rotation,2.9906381843861025
rotation,1.9532750759728217
rotation,3.992276937175142
rotation,3.47096797484495
rotation,3.325289621627496
rotation,0.5915030600186344
rotation,2.540855625274146
rotation,5.244969671193278
rotation,2.2851020273539713
rotation,3.2309937233090382
rotation,3.13214836054196
rotation,5.682400396988336
rotation,6.48886503317991
rotation,6.5703007265850175
rotation,4.746980968907542
rotation,1.175165943200559
rotation,11.59574293796143
rotation,5.986242046599896
rotation,6.573246815457253
rotation,7.401176671102881
rotation,7.86574365747532
rotation,2.9575732112434876
rotation,1.7982000519836447
rotation,10.817950170123694
rotation,174.68280134825667
rotation,10.987934056924244
rotation,24.02475691201139
rotation,170.7855949607577
rotation,167.20277973208255
rotation,15.515563761689519
rotation,12.314346742966444
rotation,17.78667115250745
rotation,33.55781021582705
rotation,12.886145638694055
rotation,8.345802066217805
rotation,9.78900557997508
rotation,0.9284764825319646
rotation,8.287734312535951
rotation,13.612069926695087
rotation,23.024804450147105
rotation,19.49887361616279
rotation,7.901813993457646
rotation,17.17900122745561
rotation,17.637940735551418
rotation,2.2387600025229015
rotation,13.408857859405014
rotation,17.724401189286326
rotation,2.994009392216216
rotation,13.156028831621095
rotation,10.776088761524939
rotation,11.195136164297068
rotation,8.75154109981939
rotation,8.726539195343333
rotation,2.5246811796428403
rotation,6.769909226963317
rotation,2.513813318651677
rotation,3.0805691594343014
rotation,1.028708750610781
rotation,6.649393414731074
rotation,21.52356252606124
rotation,4.112077334158631
rotation,8.310037605622306
rotation,12.700550741496826
rotation,10.159619196260575
rotation,8.393831395164591
rotation,19.39237016299321
rotation,175.2940177619969
rotation,11.514052407280204
rotation,3.3234833805774353
rotation,5.151038260443334
rotation,1.6458582972643099
rotation,1.572628948460887
rotation,4.42362184371741
rotation,3.6830630773985704
rotation,4.847868309096154
rotation,5.842577300903477
rotation,1.427721654737291
rotation,5.707307515213672
rotation,3.7933572606057497
rotation,168.29736456969778
rotation,8.917395885288592
rotation,179.7132713855871
rotation,18.80809090293045
rotation,20.470267441568826
rotation,6.091728434953022
rotation,3.9799314598048863
rotation,7.286991891785214
rotation,9.924840645371708
rotation,2.0297319268334055
rotation,1.2765364019982028
rotation,4.834890989056506
rotation,3.4481766937646894
rotation,8.320183611974137
rotation,3.1134176445321238
rotation,7.173525264635494
rotation,7.247436401928897
rotation,6.4257493722675445
rotation,9.059547466221611
rotation,14.509024841565681
rotation,10.675856882176687
rotation,11.168330955710415
rotation,6.039371450045035
rotation,7.618418560816464
rotation,11.386392931401149
rotation,12.38621418359724
rotation,12.346917604248077
rotation,11.294140530747363
rotation,24.42681337647954
rotation,10.788753879451491
rotation,11.624663423163279
rotation,12.436796268678915
rotation,4.04854819620098
rotation,3.7487558385602315
rotation,16.34853939119546
rotation,3.9673900039042485
rotation,8.3614429945335
rotation,11.341527744687891
rotation,2.7699612615825147
rotation,9.391099531089496
rotation,9.20496913317199
rotation,2.325153317119131
rotation,4.669321807653688
rotation,5.634628629905513
rotation,5.33445260902387
rotation,3.3273348767146005
rotation,12.190224265747029
rotation,19.258654805733116
rotation,3.8847093424995607
rotation,11.286417390644564
rotation,20.26198750450511
rotation,2.4514829214724867
rotation,12.171360044918577
rotation,10.12808991085014
rotation,17.49978664134209
rotation,9.129258412051936
rotation,19.62278809659866
rotation,3.569001321386529
rotation,16.863661998587787
rotation,15.8478695336223
rotation,4.096297127278835
rotation,9.885563316905943
rotation,10.256878700791734
rotation,35.543235658840175
rotation,11.32777589587595
rotation,27.279059170001023
rotation,39.08699495532999
rotation,19.15734573557426
rotation,9.218519182405295
rotation,11.915431745517237
rotation,15.019023128920136
rotation,19.223830665720893
rotation,16.53232175016038
rotation,9.195202289394837
rotation,17.600524544095844
rotation,5.755023828294105
rotation,3.069517994029198
rotation,9.35450338930089
rotation,7.077865461127097
rotation,10.900888340285357
rotation,13.474510538139508
rotation,2.781880024944086
rotation,25.609808980643937
rotation,16.458888903261723
rotation,2.176649059528868
rotation,24.266184680310385
rotation,11.332470606719196
rotation,80.24594265515908
rotation,13.970639003096469
rotation,8.034353980849641
rotation,21.739336548728385
rotation,35.314326180448575
rotation,22.438502533281607
rotation,46.8213450647135
rotation,78.72296965140494
rotation,19.96970747700438
rotation,57.434346916841754
rotation,16.86963413491396
rotation,32.29367851226047
rotation,25.938242322884054
rotation,14.022867946502318
rotation,41.23890154430997
rotation,25.064547244787548
rotation,15.65087177517968
rotation,18.23496922109365
rotation,14.963840501935113
rotation,4.3924693697874435
rotation,5.891065518670405
rotation,31.972141223005337
rotation,45.94538652633584
rotation,22.226074734019363
rotation,32.745067935903165
rotation,49.64574099730754
rotation,27.74137187267325
rotation,18.2329179810132
rotation,47.77078728362285
rotation,9.56192578737785
rotation,41.55513664071628
rotation,50.428586370053615
rotation,24.897003376908827
rotation,59.40961130538576
rotation,60.04598083674205
rotation,21.848055956087762
rotation,49.72983439041457
rotation,32.79406788996634
rotation,7.808786080767173
rotation,11.078443874066041
rotation,0.9905872201164797
rotation,26.721227050877474
rotation,25.938623986859575
rotation,23.73285610290649
rotation,45.910539210252345
rotation,54.46708643532315
rotation,37.01159407710895
rotation,19.543469026986042
rotation,73.57207587721328
rotation,14.342842836227982
rotation,36.620999665869476
rotation,109.68172300181787
rotation,13.801335196953964
rotation,32.38989378167586
rotation,9.812457700797236
rotation,13.81403336021728
rotation,60.397618528517
rotation,6.837892480072151
rotation,42.90492735415928
rotation,24.884701775893298
rotation,22.705872384739113
rotation,52.54530419069555
rotation,7.551478967236856
rotation,79.40305093140657
rotation,63.40149859097667
rotation,23.8535047982988
rotation,68.11098272536347
rotation,78.35814337138422
rotation,43.238610429226995
rotation,7.644556993828265
rotation,24.156386409566927
rotation,16.044392241802157
rotation,5.87700518872421
rotation,3.7609792125908212
rotation,71.16205668644541
rotation,9.281352711428285
rotation,62.09028766472404
rotation,4.049375425495897
rotation,32.46943280430945
rotation,0.1105497761608003
rotation,17.463019834293082
rotation,1.938540403610524
rotation,26.638929731426224
rotation,0.36933143995209416
rotation,5.873698571982066
rotation,4.986622317308367
rotation,9.844530880372481
rotation,3.615445871083808
rotation,6.091060088089392
rotation,5.2479247676535214
rotation,2.5456685979309426
rotation,7.9887392041149115
rotation,84.72179551094601
rotation,3.5485548284607127
rotation,9.05573612318247
rotation,51.672003564426284
rotation,2.3630713496375977
rotation,1.0736563598205355
rotation,90.45110528257655
rotation,8.666750312837236
rotation,2.9248123364106475
rotation,3.1591405730313946
rotation,38.81914388885382
rotation,22.118163458182444
rotation,2.897530096968851
rotation,2.096788687332956
rotation,49.45178025119723
rotation,8.03088435455415
rotation,3.0273492401955338
rotation,2.3524567480788483
rotation,30.828767751949403
rotation,1.0626757777423677
rotation,3.8345454711745424
rotation,2.49688277066977
rotation,16.43088544786636
rotation,3.304082865862072
rotation,7.538978455392812
rotation,1.025006655615505
rotation,36.087729854320486
rotation,1.7912377152397285
rotation,8.654254791510548
rotation,0.977047561128382
rotation,17.76383965509978
rotation,8.995555886221274
rotation,17.211387771903173
rotation,6.430010911890601
rotation,3.6359753988105687
rotation,7.002126795000495
rotation,7.88328848605079
rotation,3.3380112896548093
rotation,9.216432546232799
rotation,4.289547153946453
rotation,5.030054264858323
rotation,0.7867427827027881
rotation,18.3693700738395
rotation,17.701160362054186
rotation,11.33778322601014
rotation,11.30289823395694
rotation,11.92626764610404
rotation,18.447940060925326
rotation,14.674669845224276
rotation,5.5881549042882455
rotation,2.563211047526876
rotation,31.821040010106124
rotation,11.013965408323557
rotation,6.107230909970385
rotation,30.073065266979878
rotation,133.57303522541713
rotation,34.90952729919722
rotation,93.490656902661
rotation,152.93506653816328
rotation,156.34921288144162
rotation,153.37976345497594
rotation,163.81166347717914
rotation,121.69324828193176
rotation,158.7501805180611
rotation,105.02103632654682
rotation,153.3017615438965
rotation,86.93899552936337
rotation,68.21510784527194
rotation,23.44213878588114
rotation,28.355955178058995
rotation,26.9778806077731
rotation,22.136498724979973
rotation,21.67702177374048
rotation,42.83886530797549
rotation,11.477224254371517
rotation,81.65524345540426
rotation,22.115350100941804
rotation,146.34426787520806
rotation,149.09687330043764
rotation,38.81667396272569
rotation,16.212854671944
rotation,3.8251697616141116
rotation,3.088152539350714
rotation,28.706172023544003
rotation,28.7511343244401
rotation,44.592649908000745
rotation,12.436380969978616
rotation,17.02171921923759
rotation,42.99964255545465
rotation,54.922510124870804
rotation,49.30869822757542
rotation,58.07615010295573
rotation,31.455453484290338
rotation,71.08991337059794
rotation,16.337493124897914
rotation,79.91589388500746
rotation,17.674532438770285
rotation,4.132377914625346
rotation,5.649457343948266
rotation,50.376845851499205
rotation,7.011215419887689
rotation,16.618995124335026
rotation,40.094127440868256
rotation,3.808507207788113
rotation,21.11669186312224
rotation,2.9137696350580775
rotation,6.2629093258369
rotation,17.59520292255713
rotation,18.32798233023608
rotation,6.540883664455314
rotation,15.94500421092216
rotation,7.523704619336734
rotation,2.9943963635168664
rotation,3.2967130418679993
rotation,6.9212220609000505
rotation,1.3730087174603118
rotation,0.9874027956400953
rotation,14.518094014266904
rotation,6.868080427261395
rotation,5.67030791916131
rotation,7.18038555803312
rotation,18.16672223595349
rotation,57.492419935574866
rotation,3.0046751214196084
rotation,27.946338571362453
rotation,80.42848427040899
rotation,6.762567901473847
rotation,52.14979396719751
rotation,104.36514832393941
rotation,19.38458756883744
rotation,35.72499670829285
rotation,109.83234509016144
rotation,80.4106620397866
rotation,73.95332761321193
rotation,90.78905148345548
rotation,94.25152637702821
rotation,78.68001048102612
rotation,23.205775304284987
rotation,13.373069421044068
rotation,34.40019211538463
rotation,35.57121290894046
rotation,9.712934980857227
rotation,74.66009755822517
rotation,4.463924239522767
rotation,31.50263015084988
rotation,29.839134111026944
rotation,20.630934719006827
rotation,33.014679870392534
rotation,17.98081102655403
rotation,15.481189545190507
rotation,10.684899686545169
rotation,56.38846788584807
rotation,22.988878004766335
rotation,36.42507725166525
rotation,38.98340078231925
rotation,17.138152858435262
rotation,62.14856637799396
rotation,27.202297447271732
rotation,148.49494554444007
rotation,133.25171560979382
rotation,14.73817780814513
rotation,153.6578685262679
rotation,147.11918943387167
rotation,17.542740260246052
rotation,148.95396529787865
rotation,31.075158221281534
rotation,145.74960986674603
rotation,19.925644636309766
rotation,128.21383080763778
rotation,115.79208083821985
rotation,55.48746234743188
rotation,130.86496470749373
rotation,37.610890196062435
rotation,1.1487801719301656
rotation,14.461277111506494
rotation,18.894785213394048
rotation,5.473358383774093
rotation,21.997586077015388
rotation,11.258996332080828
rotation,1.8324804940784876
rotation,23.50497435300787
rotation,3.875477305047177
rotation,6.1554563484477764
rotation,26.154335304254932
rotation,5.409346409279242
rotation,15.393462576530455
rotation,17.436992584015492
rotation,5.903086647109833
rotation,2.595060535284431
rotation,46.018340758677425
rotation,1.8566047936376837
rotation,10.993753376730037
rotation,39.96484011267304
rotation,11.323029714350533
rotation,23.80317480324967
rotation,8.153016997591521
rotation,11.334404778077781
rotation,26.44462099552644
rotation,17.70500963618739
rotation,10.24544347139901
rotation,14.397563231891137
rotation,8.04981195912765
rotation,14.731315423947166
rotation,2.0064338315312966
rotation,7.163236715781447
rotation,36.15988216004129
rotation,14.358077039909587
rotation,26.774298747387466
rotation,6.509693041220228
rotation,11.55209922451785
rotation,29.0902844768404
rotation,35.902281225179124
rotation,24.124822622917417
rotation,7.395219600679419
rotation,21.809950357631415
rotation,14.036577034135023
rotation,25.287154523761394
rotation,16.151078411787687
rotation,43.96596499337802
rotation,60.0155950632022
rotation,89.03728191757564
rotation,78.02975458679973
rotation,116.18709344316669
rotation,147.31849445906462
rotation,155.44228294393832
rotation,164.4556835777177
rotation,153.8498318395125
rotation,160.64118225327238
rotation,167.21185983962314
rotation,113.60526969364679
rotation,148.87427550493086
rotation,99.94401111413748
rotation,157.53407578874084
rotation,172.2209692468505
rotation,82.72418713964701
rotation,94.34938697424148
rotation,63.57655888543467
rotation,17.499528106980414
rotation,7.589997127353116
rotation,66.95506721084207
rotation,107.9596662250347
rotation,115.71735543902481
rotation,24.306748631937655
rotation,29.22554317623286
rotation,34.258960324262304
rotation,9.4214001719013
rotation,15.396969491102038
rotation,18.647907545716155
rotation,7.508825174616366
rotation,41.7902609707415
rotation,108.56287003047153
rotation,62.05847687153632
rotation,102.51755819921682
rotation,134.8401861948549
rotation,136.64838822682123
rotation,68.13237107609862
rotation,78.27482847083138
rotation,75.478552149253
rotation,20.992081392216967
rotation,67.20654022450431
rotation,67.1243279643163
rotation,21.222691701391142
rotation,37.687175711655485
rotation,2.848988988290146
rotation,4.414567238338971
rotation,13.293625230847494
rotation,28.5866033522206
rotation,20.687012909764626
rotation,61.508743068600154
rotation,41.063447321525594
rotation,32.85070571359909
rotation,40.386936145892406
rotation,109.60294436482384
rotation,25.996629304786754
rotation,22.830075438294664
rotation,11.5595580945372
rotation,51.3145945862933
rotation,1.115221867769368
rotation,72.40416967905934
rotation,7.198118262231549
rotation,5.323441847599841
rotation,1.073078946105494
rotation,10.105614728645845
rotation,58.74282963278621
rotation,11.797429695494134
rotation,14.242886191021368
rotation,40.829037771723904
rotation,18.15266684557838
rotation,11.31978528802141
rotation,14.80401285800664
rotation,4.3393406397541705
rotation,13.25882424733408
rotation,1.161393338568143
rotation,11.800673659390979
rotation,14.11086770675092
rotation,5.203034819806407
rotation,10.695169900299131
rotation,13.025106243523528
rotation,8.845712047178642
rotation,11.751313810931789
rotation,15.714789068895662
rotation,14.079163596159688
rotation,1.577125953792899
rotation,11.869099219127376
rotation,15.551661217891652
rotation,13.420449875279793
rotation,1.7267673664063743
rotation,1.2715289944242982
rotation,8.92763376613495
rotation,18.766070058980645
rotation,2.756317363599829
rotation,8.568665328421115
rotation,4.654037230147451
rotation,11.244168828505728
rotation,4.106974008259127
rotation,8.417593830784497
rotation,13.4453984684931
rotation,4.759499365460897
rotation,11.590445909669219
rotation,13.81579310844894
rotation,25.653158158336822
rotation,20.507680999912534
rotation,24.28193147797014
rotation,4.439363264563278
rotation,28.28327103932169
rotation,56.31084147472013
rotation,65.29782129680588
rotation,32.41988240088317
rotation,59.303824302323584
rotation,82.90218655034508
rotation,6.202030572727045
rotation,28.440007423773025
rotation,12.254973865863006
rotation,47.40669813412505
rotation,7.199189583906381
rotation,59.69870041669994
rotation,27.61145240206877
rotation,48.41160123963764
rotation,44.309463736619364
rotation,70.02321078117218
rotation,14.032792874991769
rotation,42.61736883049763
rotation,19.17764992909087
rotation,23.6000732127513
rotation,2.108521013509575
rotation,5.1448119471235545
rotation,7.569169331426208
rotation,4.48803414108532
rotation,34.529664724095774
rotation,3.32490165937717
rotation,58.47629935769595
rotation,16.421926490708348
rotation,60.30986544788576
rotation,27.050742634760777
rotation,45.735410822490294
rotation,18.906988846607202
rotation,17.55957899074139
rotation,0.6762923381482262
rotation,9.706939670424088
rotation,19.33777241926547
rotation,40.78394613605594
rotation,27.419730489050544
rotation,15.631582656092526
rotation,7.928592709438289
rotation,78.45017957292384
rotation,25.219904838422952
rotation,9.535933626201933
rotation,88.50655096654162
rotation,48.195373996523436
rotation,14.964008513758747
rotation,83.48708980185445
rotation,42.39481371524157
rotation,0.9062639965029652
rotation,72.62612299890822
rotation,31.046298344403166
rotation,3.9016302331037753
rotation,19.83650707791097
rotation,15.516784136913447
rotation,10.844884558277608
rotation,24.28561685543687
rotation,17.717674622771767
rotation,31.08734238828715
rotation,17.51245033341053
rotation,22.93306827253869
rotation,50.17132911675564
rotation,36.77166731305317
rotation,31.677823834336888
rotation,45.446243403306426
rotation,48.752541565509084
rotation,46.184773197173655
rotation,20.499793252200945
rotation,59.016326929131225
rotation,39.649798812769454
rotation,26.547233367876178
rotation,59.29633152402338
rotation,35.641535167093195
rotation,53.72947541641226
rotation,37.527559036207755
rotation,27.102724099212487
rotation,23.38749671053916
rotation,50.96790637686581
rotation,11.171686861480211
rotation,43.219819898391876
rotation,9.128117890341269
rotation,9.086518283922103
rotation,9.552720825646112
rotation,8.230282324662936
rotation,15.508061707528508
rotation,8.571109696903413
rotation,13.681222738388056
rotation,19.09923714956744
rotation,19.5473176168843
rotation,44.15513261518433
rotation,14.165217394086108
rotation,34.68102284243789
rotation,5.1213269603499
rotation,17.468030260938267
rotation,23.599161101186446
rotation,18.419710839502784
rotation,27.64747458248344
rotation,25.012927789488295
rotation,32.837255216978605
rotation,9.61885959961122
rotation,36.08481880742775
rotation,12.87710416506424
rotation,40.741845635570364
rotation,48.6318455187359
rotation,14.805921794126782
rotation,45.044292329746966
rotation,30.026299518943837
rotation,11.039676755208008
rotation,30.689523732637248
rotation,19.68635947943748
rotation,13.848532221508092
rotation,10.465207399578421
rotation,0.46002696297138496
rotation,9.288888057828007
rotation,3.882597476151977
rotation,0.45154913676690167
rotation,12.892605432272836
rotation,0.9421362951180489
rotation,21.94403278310811
rotation,13.859462266331253
rotation,8.281925085460276
rotation,48.89828518366978
rotation,12.093074099520118
rotation,7.934363639720997
rotation,65.76473007654522
rotation,67.8892243339694
rotation,65.76928719155612
rotation,22.93253067468632
rotation,9.17413369338251
rotation,13.158041207726383
rotation,68.87761674319981
rotation,22.39918551428682
rotation,68.5228094149343
rotation,8.089605201311134
rotation,49.25267093607372
rotation,6.427680903204362
rotation,32.114333929805944
rotation,19.762435162261166
rotation,27.200344284541313
rotation,17.60278586473592
rotation,7.379680483267067
rotation,7.985956216007196
rotation,16.049915763065464
rotation,24.02352193868349
rotation,90.53418260729829
rotation,23.25206022828067
rotation,12.430790162485938
rotation,89.57556441833844
rotation,13.175224828991277
rotation,3.594259698628343
rotation,59.52817325110652
rotation,6.4480370926460395
rotation,19.841744466885576
rotation,22.475878891065058
rotation,12.997100891024353
rotation,22.775320888743202
rotation,13.744731203017894
rotation,23.60012082231618
rotation,12.640184706342087
rotation,17.379167502235884
rotation,7.96057015752822
rotation,8.039847695161829
rotation,44.33678364703285
rotation,20.186374889029704
rotation,25.162147932829345
rotation,37.19330077349479
rotation,22.356411975890584
rotation,26.97067424336757
rotation,26.12135159914698
rotation,14.070341231682372
rotation,25.374941346956458
rotation,28.851463065154142
rotation,7.911471011277427
rotation,6.501898416047409
rotation,13.091906905242482
rotation,10.966453710844508
rotation,7.310004705582
rotation,12.21939617171658
rotation,2.8772531591174006
rotation,10.504233305336989
rotation,6.994493172169154
rotation,12.091092706932505
rotation,7.728432056305131
rotation,9.870666252666352
rotation,2.612896251843195
rotation,4.832849960048815
rotation,13.873495223364692
rotation,0.9468865248173065
rotation,5.216510247594469
rotation,4.320334058106306
rotation,25.7410803128427
rotation,17.476457396952796
rotation,6.802026979952517
rotation,9.218393363676828
rotation,45.335967134634544
rotation,30.889062903542317
rotation,6.121424753716632
rotation,22.311829033028722
rotation,94.80909641028227
rotation,45.28887474587683
rotation,68.4366566862427
rotation,6.924835313259325
rotation,11.82513795317148
rotation,6.908501524768291
rotation,12.985807710188817
rotation,18.25272134327329
rotation,5.481483021238843
rotation,36.137441118930745
rotation,31.959483054467814
rotation,33.182663237293276
rotation,40.634010894002365
rotation,30.047702786086543
rotation,27.383184477079286
rotation,3.750538231321555
rotation,7.123405025565594
rotation,19.81771814121625
rotation,18.728061844188737
rotation,47.33330345504835
rotation,32.23915498091193
rotation,31.50581893828065
rotation,20.332647723017867
rotation,73.81949225469948
rotation,14.567479846469745
rotation,53.34863638732389
rotation,48.74632501992829
rotation,23.471285795299877
rotation,26.6764329925244
rotation,16.045845505226826
rotation,15.111843137206815
rotation,7.180411749825465
rotation,7.859207103269156
rotation,8.387459574264023
rotation,9.201548138099707
rotation,26.07241349261015
rotation,11.702024216579451
rotation,40.771765864230495
rotation,18.884269714051417
rotation,40.673204624548774
rotation,18.115336370062593
rotation,35.10380081951083
rotation,16.132388133712723
rotation,28.983485054107284
rotation,13.043397741373317
rotation,12.07420319942028
rotation,13.75245149526672
rotation,20.080796944288185
rotation,4.783171134050631
rotation,19.783885812995365
rotation,1.0940514759558553
rotation,22.75308150795095
rotation,5.403074410448601
rotation,13.63484977669807
rotation,23.963848490043773
rotation,8.611814715637893
rotation,9.735383422416378
rotation,21.784560901365825
rotation,13.621655591651693
rotation,10.47856565334133
rotation,36.45082468472565
rotation,24.308909799995735
rotation,15.195205402871784
rotation,19.131460310864153
rotation,33.19774939558025
rotation,12.114271765486517
rotation,16.394414871496394
rotation,8.8670072725313
rotation,22.150663375639024
rotation,12.307392062966702
rotation,4.360709762065322
rotation,13.25807849899966
rotation,17.326068740708273
rotation,10.788916081315637
rotation,3.499547216707492
rotation,6.511127117701924
rotation,10.27076624838794
rotation,1.8848412287450234
rotation,8.677460411707106
rotation,8.553794142692318
rotation,11.072088614463265
rotation,12.2522794516896
rotation,10.657922376843475
rotation,8.99753035050227
rotation,13.696617394266902
rotation,3.8724615855946936
rotation,5.330758449955259
rotation,1.601100151065777
rotation,9.603124924658568
rotation,7.95981570621226
rotation,5.1527934950747305
rotation,7.318179874311353
rotation,8.028216975755713
rotation,6.158242059858548
rotation,3.836166244730432
rotation,1.757474030382134
rotation,4.640534461964369
rotation,6.647866997391714
rotation,5.397146843871695
rotation,7.1583772073081295
rotation,3.2196766857947297
rotation,8.727298369994203
rotation,8.16118768838086
rotation,14.426419403929767
rotation,3.313350012906131
rotation,11.743570502243216
rotation,7.88004691835975
rotation,17.491035005872206
rotation,13.828921645425895
rotation,2.825491591477415
rotation,6.357538647104534
rotation,16.941953192991644
rotation,25.73442538838396
rotation,25.588045934818297
rotation,0.592633113866831
rotation,60.641210375676174
rotation,108.08873621595508
rotation,12.839610886349005
rotation,13.841155735339699
rotation,12.86283418611238
rotation,8.587071743322767
rotation,19.580174440320224
rotation,59.806348151376284
rotation,39.63771503388802
rotation,17.881059986892765
rotation,5.006530837035405
rotation,17.45565887145015
rotation,6.885600291451553
rotation,6.68341866820706
rotation,4.40325211004469
rotation,7.068654318489699
rotation,4.247892488085375
rotation,4.6511431892358335
rotation,1.2467754689609478
rotation,11.21007156750617
rotation,4.3526048431572955
rotation,11.364523628387577
rotation,3.083985198364922
rotation,7.533249132401393
rotation,6.933136681470648
rotation,19.065365132730804
rotation,171.72034339283405
rotation,11.2922607559369
rotation,3.6687189476917625
rotation,10.46509811836201
rotation,5.52027892770853
rotation,3.4947068119943645
rotation,2.2314681999216464
rotation,5.995135960383132
rotation,11.711663544991117
rotation,10.44609720381867
rotation,10.486587198415489
rotation,15.200812974862501
rotation,16.64811755971449
rotation,159.23780807762807
rotation,9.138929420143208
rotation,22.75373765744989
rotation,15.524359732075467
rotation,4.58946701735339
rotation,13.143846378392947
rotation,3.7212502681804023
rotation,24.410295118454794
rotation,11.689392826592364
rotation,10.814712577704091
rotation,174.16454618721914
rotation,19.86608777093401
rotation,163.7996293715851
rotation,159.3025600795908
rotation,150.62250050072046
rotation,149.86716371213015
rotation,150.8847365408042
rotation,131.82582163122964
rotation,130.9457715968379
rotation,24.316879788929388
rotation,25.432228322789644
rotation,9.138144240838967
rotation,5.169248142561608
rotation,11.166887897557709
rotation,13.324464310949617
rotation,15.292034771933796
rotation,16.124457250150932
rotation,29.001202218497184
rotation,8.928882510028098
rotation,6.12859614258537
rotation,141.74875936051575
rotation,145.25427613115312
rotation,146.0137515823901
rotation,126.29852387043567
rotation,133.85697474741644
rotation,47.01676615048371
rotation,27.76359408647143
rotation,9.477914609138217
rotation,5.548013116444626
rotation,14.079121015807273
rotation,17.895339893430346
rotation,36.046303591463435
rotation,30.5598975419815
rotation,14.073508962232422
rotation,15.935242534427323
rotation,38.62058047735332
rotation,18.90404010799491
rotation,12.3058203246021
rotation,24.80001715027153
rotation,4.6781118364118015
rotation,39.59624073700333
rotation,11.629988112151445
rotation,5.893317775309795
rotation,0.5543466932151331
rotation,1.8877490104487213
rotation,8.690397881018317
rotation,2.1549530923594653
rotation,10.81036411576264
rotation,7.25749184114508
rotation,6.056408600604649
rotation,13.664208133044342
rotation,8.838524617486433
rotation,23.29724144737051
rotation,14.359026933901275
rotation,6.242430263031248
rotation,41.43670610099438
rotation,3.455074625558723
rotation,7.256857027414992
rotation,3.2042406141651765
rotation,5.546875048287788
rotation,5.651767510797676
rotation,2.1247451107690476
rotation,18.922738986895563
rotation,4.204967330859132
rotation,4.444855778921102
rotation,8.514954004141817
rotation,6.427856331153904
rotation,7.121426769953107
rotation,4.361720450312896
rotation,3.934462569888841
rotation,1.6993548244101533
rotation,16.863839639068065
rotation,11.315870582960917
rotation,6.868033196899055
rotation,2.0200535384430585
rotation,25.80022295339513
rotation,16.33698514894124
rotation,6.752531939369509
rotation,3.5710314686603146
rotation,15.425455649599268
rotation,9.090445477077772
rotation,1.7449503148179686
rotation,3.832116664111124
rotation,4.31868725891839
rotation,1.980017752938394
rotation,2.5474035560580153
rotation,5.987201515193862
rotation,20.647345498627043
rotation,8.467758654037844
rotation,12.317718571183054
rotation,13.227886786886447
rotation,50.312628966135975
rotation,28.871711116237684
rotation,37.4448155852129
rotation,40.53164458785852
rotation,53.57946025471215
rotation,34.46515295497369
rotation,39.68088293188203
rotation,50.847250551173644
rotation,2.4324502537248653
rotation,31.90366185830442
rotation,35.37456678400873
rotation,15.7733875279721
rotation,9.002079522570794
rotation,24.28515748156436
rotation,49.96037843417896
rotation,31.23474318998939
rotation,4.934780391101407
rotation,16.04335007410398
rotation,8.431602753455898
rotation,19.441637239683313
rotation,23.563329262058186
rotation,11.823207428016378
rotation,8.115849487406187
rotation,22.083296388370595
rotation,3.749572983587112
rotation,28.839444327861738
rotation,23.2372520872017
rotation,10.464985124747093
rotation,14.733620287678978
rotation,12.262263929925115
rotation,15.95855808013135
rotation,16.33935688625419
rotation,17.30163748843525
rotation,55.0329461692608
rotation,10.333376442856144
rotation,9.870563565360277
rotation,8.260963379854552
rotation,9.774603841996965
rotation,12.957940403306662
rotation,20.554309507152023
rotation,18.944013935684662
rotation,34.13351703352158
rotation,9.795373124195056
rotation,6.743562143277138
rotation,1.4093851519212839
rotation,6.278645550099048
rotation,25.329385497919457
rotation,13.125062268146563
rotation,11.631617545432638
rotation,11.676565181347248
rotation,20.163530614208305
rotation,18.49067537449976
rotation,12.242030462976436
rotation,15.959467332670917
rotation,16.655504598505697
rotation,15.073742393589779
rotation,13.210357426362336
rotation,11.605626597221507
rotation,5.171816835543598
rotation,4.244172445119257
rotation,7.380790050530419
rotation,12.742299173058615
rotation,6.748558779847383
rotation,23.192025120333707
rotation,4.330135206775119
rotation,24.306952235869616
rotation,13.273949415299176
rotation,18.90974763124973
rotation,18.853949257742848
rotation,24.569864303721612
rotation,14.706146479061431
rotation,21.382138834945444
rotation,17.085201808737907
rotation,2.6808046101411342
rotation,16.42522038953604
rotation,14.337143387772056
rotation,3.312482632452928
rotation,14.117163214248952
rotation,14.601344148631167
rotation,11.938415963462173
rotation,12.615363952970162
rotation,9.809146339720494
rotation,12.543780478865378
rotation,6.546385269924432
rotation,4.416948248824986
rotation,11.617468097803284
rotation,9.779167464077785
rotation,5.7628107727892735
rotation,26.311620786573247
rotation,38.701612201127645
rotation,11.597575617933838
rotation,48.489654809469286
rotation,7.65139526012958
rotation,16.138179469874466
rotation,9.207012009138948
rotation,32.22213558105525
rotation,12.055004647386742
rotation,35.0909050310484
rotation,11.375831294148604
rotation,10.87750213225334
rotation,44.14139161588749
rotation,8.761683254293187
rotation,64.00387917057989
rotation,8.947227178764628
rotation,63.976256224649035
rotation,12.407848208911517
rotation,18.835702219042346
rotation,20.468778824359163
rotation,31.397931870123497
rotation,4.289199523593554
rotation,18.31467431394654
rotation,13.89707782141443
rotation,10.831622716421286
rotation,14.060628354205171
rotation,2.407058923495019
rotation,11.446539724307662
rotation,7.755876339694258
rotation,4.410896095351492
rotation,9.002837654634481
rotation,2.691393398033714
rotation,9.137639199705836
rotation,8.593047950001582
rotation,5.471987833029859
rotation,3.0449740010737556
rotation,6.433812238202716
rotation,2.3915649218511246
rotation,3.684460609179573
rotation,6.855837335753133
rotation,4.04920869162775
rotation,5.756162165432264
rotation,2.3658927311433633
rotation,4.198740875652032
rotation,18.574595427912524
rotation,10.275532660932477
rotation,4.658536740944427
rotation,2.5349827877522593
rotation,7.476519048254249
rotation,13.476867014001622
rotation,10.310746914004662
rotation,4.085156825523438
rotation,15.444145290071447
rotation,9.899038319376324
rotation,15.749981065532598
rotation,8.327023218129659
rotation,18.691535620914912
rotation,12.434903701049002
rotation,17.22522231103518
rotation,12.666625481531055
rotation,24.027421201307686
rotation,12.62821376990912
rotation,17.858682652392016
rotation,23.71432673892189
rotation,31.76446382349664
rotation,10.636121322533425
rotation,30.94618964581137
rotation,135.4567365031527
rotation,72.52761100194346
rotation,62.5443642185229
rotation,31.43591475481112
rotation,20.045004813149458
rotation,8.280464468991266
rotation,59.16085354300064
rotation,7.970040281927452
rotation,56.46456507607725
rotation,4.409181173969832
rotation,28.12341942038871
rotation,14.650190383418954
rotation,16.21509493898072
rotation,11.968498925148792
rotation,15.721569293680025
rotation,7.238320351028073
rotation,20.226002862088198
rotation,2.219506861401659
rotation,9.715817968846583
rotation,19.609531163176865
rotation,10.243585502620467
rotation,15.017718969228028
rotation,10.86067257853763
rotation,8.992694358615852
rotation,43.450272659393434
rotation,3.392983614773256
rotation,15.082152715759438
rotation,32.93093539552854
rotation,4.265428981740798
rotation,27.685890898324494
rotation,17.59882226941646
rotation,3.1983446802657998
rotation,26.48781423916987
rotation,8.326513895635284
rotation,5.98055695911896
rotation,1.5128983852676503
rotation,14.728080798612991
rotation,6.11413734632604
rotation,18.642655362793644
rotation,6.65530626215899
rotation,159.3154714289938
rotation,5.259074284556703
rotation,143.7642698084502
rotation,6.979209410806389
rotation,123.17244759586578
rotation,15.526123704080955
rotation,75.09713525594843
rotation,80.8699042683188
rotation,36.198528577147876
rotation,71.91850929409031
rotation,33.71362513829342
rotation,40.15713460779947
rotation,54.757926992527466
rotation,11.664053848162997
rotation,21.38236674753234
rotation,40.15322289978837
rotation,8.033585137389496
rotation,7.978853173935293
rotation,13.626799107807054
rotation,8.614532389813848
rotation,15.741432763611849
rotation,10.672699225210264
rotation,23.258512241141542
rotation,17.00368503729621
rotation,11.970479626683192
rotation,10.351827281267603
rotation,14.817767807164504
rotation,23.158922618753486
rotation,12.662931226872528
rotation,22.59839925445952
rotation,11.736028029804277
rotation,13.686893895109465
rotation,18.09189703548306
rotation,2.3476128290385825
rotation,12.546654160237466
rotation,18.371561770488466
rotation,9.642315705758822
rotation,15.889342740404652
rotation,3.8201894198500255
rotation,7.127903749845169
rotation,4.930139013229485
rotation,4.2912534387678285
rotation,3.9453065970236767
rotation,29.560987169382617
rotation,15.092047675577927
rotation,3.0726723930000532
rotation,20.542169365173176
rotation,25.937481083297964
rotation,9.677186229125287
rotation,14.517762793263602
rotation,13.782123516304484
rotation,9.991627504776222
rotation,16.89869457272382
rotation,16.532190040421966
rotation,6.717513596675754
rotation,6.149432985870186
rotation,17.75236755197375
rotation,11.804193008426939
rotation,1.9770028936538449
rotation,16.99151053135089
rotation,4.678120630136638
rotation,4.652773598960882
rotation,1.7186490547969098
rotation,6.082738391495586
rotation,7.198393509920991
rotation,11.309169725198526
rotation,10.2669691236724
rotation,15.489051155209655
rotation,2.486517440694562
rotation,14.41359650428994
rotation,4.198944221705379
rotation,11.361939777404798
rotation,7.325953978864154
rotation,6.510648160338374
rotation,10.433236300290893
rotation,0.5543225922375918
rotation,7.419485322075555
rotation,6.499935609666278
rotation,4.3754293117822565
rotation,9.093594154243883
rotation,7.476393223199046
rotation,4.570389791643974
rotation,4.540489906338904
rotation,2.534452065018137
rotation,5.280326948815123
rotation,4.845221650856581
rotation,3.9270428497529823
rotation,6.02903379451733
rotation,6.839459241810758
rotation,2.98658117643402
rotation,6.643325373268766
rotation,10.021054202397734
rotation,12.396162409741525
rotation,2.1958488554513025
rotation,2.390699943467732
rotation,15.65043950567902
rotation,19.400674824871185
rotation,8.865975510485177
rotation,7.924797430683356
rotation,18.568365999237773
rotation,28.706659481142992
rotation,19.415145014106766
rotation,24.994841473518466
rotation,37.58307033328171
rotation,45.4260742530639
rotation,12.80823317610233
rotation,4.429567392292936
rotation,7.751546956206784
rotation,16.902856243549035
rotation,12.172568534273932
rotation,21.171147617536004
rotation,12.965249996045179
rotation,26.738731996365818
rotation,16.352913701804063
rotation,21.379307667011815
rotation,13.925119376287132
rotation,7.4108595456884405
rotation,24.230937420654747
rotation,8.713335329690779
rotation,41.499971629705755
rotation,15.587729786337782
rotation,52.66436649483481
rotation,12.773181137937145
rotation,31.788931241430785
rotation,14.772338345505018
rotation,8.053270510985943
rotation,3.2422590590649043
rotation,40.90405203294242
rotation,24.753131251760323
rotation,12.794227748750387
rotation,45.64833380056991
rotation,32.58076223922331
rotation,13.386289270485204
rotation,46.33408468918853
rotation,35.59663661753178
rotation,14.582434787443557
rotation,36.97368899732322
rotation,22.48601980374508
rotation,9.911395005810048
rotation,32.126829806805404
rotation,11.669606587364258
rotation,9.028724841603122
rotation,25.786659736460937
rotation,9.354764500752864
rotation,3.014643676882752
rotation,16.40182054727661
rotation,25.232498322261634
rotation,6.182176591439066
rotation,23.382103580803694
rotation,11.305249147697975
rotation,19.682757958322604
rotation,15.198856815401006
rotation,21.325586784503027
rotation,20.82204441141803
rotation,111.42972315737238
rotation,20.970396796990272
rotation,32.758364833806326
rotation,124.50589046878508
rotation,8.844439387496216
rotation,39.287377748349044
rotation,126.85610623966281
rotation,11.646001214780927
rotation,62.00034440865302
rotation,130.28535778024317
rotation,12.793919054057985
rotation,90.8965732513951
rotation,14.809345815128266
rotation,137.24571190183656
rotation,14.369806670164603
rotation,16.2355747773504
rotation,14.12553461171824
rotation,9.727148670772932
rotation,9.392677914685217
rotation,9.423916199254357
rotation,7.194662544200206
rotation,2.9981370702494927
rotation,1.565294850063579
rotation,6.5049781459761915
rotation,3.587509807670669
rotation,8.689152212272278
rotation,9.071589832445284
rotation,2.2423849989425197
rotation,54.614681183500636
rotation,56.27192380060087
rotation,38.10925801371582
rotation,14.390643260433642
rotation,5.618531806669105
rotation,2.036251781311887
rotation,11.203533203324731
rotation,16.078023172234207
rotation,20.06634983877463
rotation,10.390245089384768
rotation,15.32938849411163
rotation,5.3249171056001074
rotation,14.834688616496113
rotation,8.759472370005719
rotation,12.076648201976635
rotation,6.958290769592291
rotation,13.099344742547267
rotation,1.499148316517082
rotation,32.11105299118459
rotation,6.786885608564996
rotation,6.125844620697557
rotation,9.824788478451232
rotation,1.988298609847065
rotation,18.74179145014165
rotation,7.219173692360837
rotation,15.91693465788391
rotation,13.93437835011522
rotation,13.331653566658671
rotation,12.402981482366274
rotation,12.41753598035895
rotation,5.695637989829746
rotation,10.704010936763655
rotation,4.774379150492159
rotation,5.035863188994845
rotation,3.6504427100229013
rotation,5.772006457397438
rotation,3.1110737934727055
rotation,10.207305639817475
rotation,7.036844275486545
rotation,4.915654947628628
rotation,7.4277625709612
rotation,9.878130856313655
rotation,3.9662411182744606
rotation,5.966784301487233
rotation,8.801871940457778
rotation,6.123102929909716
rotation,4.149379000566785
rotation,11.903307720974032
rotation,15.92017975543184
rotation,10.329765607212877
rotation,1.087564192208774
rotation,10.992289902963975
rotation,19.55647044567296
rotation,2.8041571571966153
rotation,4.785832310497253
rotation,4.084466399732207
rotation,3.6196359000575153
rotation,8.195594884657508
rotation,3.99248530161682
rotation,1.3421910488339797
rotation,9.832063870294302
rotation,9.21228562906961
rotation,2.1155326476315612
rotation,7.138834123972203
rotation,26.292468159854938
rotation,10.535023716544002
rotation,3.830945895991629
rotation,23.847581954444063
rotation,14.669712620529294
rotation,21.16745161051633
rotation,32.14208679706122
rotation,57.082146408854314
rotation,99.65879355258787
rotation,124.80493242975773
rotation,123.56479784801776
rotation,114.23517178801274
rotation,122.2557976259166
rotation,148.07180094534252
rotation,117.35260783523184
rotation,161.81944036561802
rotation,131.52401548567528
rotation,139.70676941169566
rotation,135.45259944137604
rotation,154.10022829715288
rotation,111.02270094361641
rotation,147.3564011636468
rotation,72.73696106044527
rotation,15.029438166981597
rotation,53.721503118284936
rotation,42.60777273413689
rotation,21.930014608675336
rotation,72.09788744057701
rotation,73.4517689273161
rotation,36.65997906802193
rotation,37.590277113637015
rotation,40.74547796898728
rotation,119.33195539279235
rotation,21.511362304500498
rotation,91.72754698225492
rotation,130.48691415643248
rotation,26.181014283315655
rotation,92.40847943718117
rotation,135.88326205737843
rotation,74.65497108624454
rotation,32.398519674940786
rotation,108.61577728463973
rotation,107.43267018511702
rotation,75.38695033399263
rotation,144.44145431381463
rotation,172.9163604737955
rotation,172.67863323198054
rotation,156.1874064572115
rotation,145.86939056387894
rotation,144.7757089262858
rotation,141.94984414410882
rotation,136.03066703022768
rotation,164.93410431994565
rotation,148.42806368190702
rotation,34.33531042844851
rotation,160.49207058677175
rotation,26.650908840951775
rotation,149.28192954139072
rotation,16.878618412823666
rotation,22.68400736886909
rotation,29.613780413557322
rotation,34.48179724443728
rotation,13.48593404597843
rotation,6.9230463153070385
rotation,9.80202461412129
rotation,21.018877647071964
rotation,1.7329818011396905
rotation,28.548504569927232
rotation,22.84653713986773
rotation,12.676309160116213
rotation,32.381784618359525
rotation,20.155082120832123
rotation,28.41738137841208
rotation,7.317387624180036
rotation,19.2864716574586
rotation,11.122384084417961
rotation,11.887926646395973
rotation,2.7680193073061043
rotation,19.306098381828857
rotation,5.820809518495492
rotation,19.536051979108652
rotation,4.367372356317587
rotation,10.471813377965983
rotation,23.50611340883299
rotation,24.64041082062014
rotation,33.49344144224733
rotation,20.886652274961598
rotation,31.524136651311064
rotation,8.894270963520016
rotation,24.574393595984255
rotation,10.017678998502939
rotation,6.787328852078848
rotation,9.47615420634308
rotation,22.611536348663076
rotation,6.098211861246352
rotation,27.875079231908455
rotation,12.057658164172866
rotation,38.93753366321135
rotation,11.908514796471517
rotation,50.99867199082339
rotation,8.007343952720742
rotation,31.364119794148383
rotation,63.625719935469306
rotation,9.13953720639974
rotation,20.257960232364436
rotation,15.577790527568878
rotation,21.099833767351715
rotation,17.66555355274093
rotation,47.00910871491015
rotation,32.35743907187277
rotation,63.98269709287363
rotation,32.691708917401776
rotation,61.99319704321512
rotation,13.387309993573663
rotation,7.721500726664826
rotation,55.0786749466569
rotation,61.89409045024199
rotation,55.939675138820675
rotation,63.58626867592465
rotation,56.63889242062959
rotation,8.15046550594244
rotation,21.472522715938055
rotation,23.635986841971203
rotation,36.67876642815989
rotation,15.956636660217493
rotation,33.09524278438352
rotation,50.83661663705666
rotation,12.490234237466492
rotation,35.72009946345236
rotation,60.39653975095327
rotation,36.36486110018769
rotation,30.775638662075718
rotation,52.441025729701664
rotation,12.07848295495897
rotation,12.64951154691471
rotation,32.291450374307296
rotation,29.69751190491677
rotation,4.471819116625241
rotation,101.29814165040288
rotation,135.107698229197
rotation,4.90415851076889
rotation,126.65660792182169
rotation,106.79361953818653
rotation,34.32983200088399
rotation,129.58775133008896
rotation,78.20594169794342
rotation,37.82842085820453
rotation,147.97341547084713
rotation,64.21911921824885
rotation,1.379605316872706
rotation,14.542670540631775
rotation,135.62169701005627
rotation,66.39607661666972
rotation,21.21054015532091
rotation,8.118390829687291
rotation,144.9834688572352
rotation,49.63611805661612
rotation,51.01231595011669
rotation,125.35629099228564
rotation,114.35760303810997
rotation,100.27931890311038
rotation,101.17720766408904
rotation,94.03328680120762
rotation,66.86722052622088
rotation,65.98497581096521
rotation,117.14618478367119
rotation,7.376088187923226
rotation,70.98849054138331
rotation,35.74170512213708
rotation,40.50714869361622
rotation,8.663565654056073
rotation,13.411427873472565
rotation,30.79633890065559
rotation,10.322344533045085
rotation,27.478771148942528
rotation,17.903580830588563
rotation,26.3121973596705
rotation,7.324399877103668
rotation,91.54992130264627
rotation,34.46559660302623
rotation,4.216388880790957
rotation,7.312681379198927
rotation,10.31243333398275
rotation,5.039884420395248
rotation,9.593085555129486
rotation,55.096210853843836
rotation,2.7523127420687903
rotation,9.596673766284836
rotation,45.87607630481672
rotation,9.153053055259631
rotation,2.544337141746382
rotation,3.051852322057981
rotation,5.318748634349261
rotation,118.66305184339352
rotation,8.189397179174009
rotation,85.96850238016545
rotation,6.692133706045276
rotation,41.76882427510442
rotation,13.364053876351731
rotation,3.100913900808436
rotation,7.5346260676514625
rotation,119.21055748162374
rotation,4.580553105270042
rotation,2.566501414382923
rotation,32.30089707453262
rotation,8.895757697738025
rotation,4.866880599175108
rotation,12.073862326724893
rotation,4.921755703482002
rotation,11.411872908927077
rotation,4.715440831663798
rotation,12.799391447019376
rotation,7.585653423606666
rotation,11.25255477197012
rotation,3.729030839471268
rotation,11.300683506381949
rotation,4.294305070615624
rotation,7.734790750433936
rotation,96.08836284672834
rotation,6.131862582945957
rotation,9.197708958920083
rotation,18.150175994895548
rotation,6.6260702635643405
rotation,14.65576489202661
rotation,152.70297634962688
rotation,6.534923655607307
rotation,6.38148266371593
rotation,15.397424727394663
rotation,39.42378202602184
rotation,6.552879694128123
rotation,5.423798333520458
rotation,10.70862734449892
rotation,14.432486104351003
rotation,5.0172806195978765
rotation,7.397743387846413
rotation,7.890128943967505
rotation,1.9928052244276153
rotation,4.678342436861403
rotation,2.17312563191874
rotation,5.418735618978209
rotation,7.189692922030947
rotation,5.6832915650120395
rotation,2.5282623226993772
rotation,3.1167115569813304
rotation,12.044687658894022
rotation,6.469517270854743
rotation,9.87682913171749
rotation,20.94707032315326
rotation,13.549806981241913
rotation,14.351601965162173
rotation,9.31470635758384
rotation,7.2098796358435076
rotation,10.156884364755566
rotation,107.3843293985037
rotation,7.368779922984993
rotation,4.813723972979831
rotation,152.98477576706972
rotation,16.647989750111325
rotation,11.986476709464972
rotation,46.47077729843513
rotation,164.29757605963084
rotation,11.468842715078184
rotation,94.65374050256582
rotation,165.9514099033014
rotation,9.109202963136893
rotation,154.4408670377056
rotation,172.12061244584532
rotation,5.303355718525148
rotation,167.78715080598678
rotation,7.530480017013687
rotation,171.793666127402
rotation,3.4665359708101238
rotation,5.6601224086385855
rotation,162.31231677479045
rotation,9.791006917344545
rotation,12.82252703856314
rotation,163.96709478576742
rotation,9.105060496052497
rotation,8.80580803049948
rotation,171.58648707730043
rotation,6.401851940794967
rotation,7.583147248383193
rotation,4.574191484626208
rotation,5.639998255758417
rotation,6.5888552192679315
rotation,11.115044525939485
rotation,3.5874297026500837
rotation,9.96358069990945
rotation,3.5898182806171377
rotation,4.484574793009976
rotation,4.084921948904471
rotation,6.481316012707609
rotation,8.646883369404021
rotation,15.982521477124777
rotation,6.104602954269242
rotation,5.672969778570703
rotation,16.315508258536894
rotation,14.816534984018812
rotation,28.494159200891048
rotation,40.586425997625035
rotation,23.41313129063518
rotation,10.452179837208382
rotation,76.69411781487973
rotation,21.707080916536054
rotation,8.130422892120391
rotation,161.86653401989201
rotation,99.68251202473245
rotation,14.984093825043951
rotation,15.350980366063279
rotation,163.54808288091672
rotation,149.23072012628774
rotation,12.060448597556837
rotation,9.736960767149332
rotation,144.1404792734035
rotation,169.92062098213924
rotation,43.265982840963794
rotation,10.070488762146375
rotation,150.12285596376898
rotation,168.46400943220863
rotation,36.80570868458893
rotation,8.691594829860646
rotation,4.565631125349694
rotation,3.5487659178616213
rotation,23.50059860426572
rotation,4.262136404364589
rotation,26.136952644958743
rotation,7.444254829510124
rotation,2.0246714520096485
rotation,5.17690819818742
rotation,8.800617391115921
rotation,4.292609318818848
rotation,5.632839376024119
rotation,6.623548053759185
rotation,1.8408922184117704
rotation,10.809375511064324
rotation,7.837740602439368
rotation,5.712101759042835
rotation,5.841507203227991
rotation,3.2762502438831844
rotation,10.7875574761628
rotation,8.759950986080835
rotation,20.894234134780618
rotation,3.205351119797948
rotation,9.948375063975499
rotation,6.587031887854429
rotation,5.205945017590686
rotation,8.76970876930615
rotation,31.121164605205283
rotation,7.083513167817154
rotation,9.491254282256222
rotation,7.15565615372854
rotation,28.830702301837327
rotation,12.355669653099307
rotation,15.711334252169076
rotation,7.913880509279968
rotation,9.91787731268382
rotation,6.33303199094394
rotation,19.81724795496912
rotation,23.226527529209424
rotation,3.3402632095228952
rotation,21.27812119368097
rotation,16.298363119087263
rotation,37.42026812248939
rotation,6.306600615724948
rotation,12.141209763930986
rotation,5.805704035643705
rotation,21.046668275538725
rotation,4.237046283676931
rotation,31.681000725726122
rotation,9.659182774524004
rotation,135.76238197716924
rotation,112.34895575289019
rotation,39.46649452712174
rotation,12.16862409787871
rotation,2.181977941789798
rotation,9.09026610870491
rotation,5.991049436980759
rotation,2.872744567316143
rotation,1.6931392621488768
rotation,1.1349552888956016
rotation,1.782281884985564
rotation,11.5897965282535
rotation,4.464952102342737
rotation,22.621759451739287
rotation,8.03451068559112
rotation,20.245906701257724
rotation,6.323037094339652
rotation,7.830301623977164
rotation,3.975293850674961
rotation,5.441623271018848
rotation,4.319522473193735
rotation,8.623844943760606
rotation,7.417243613527679
rotation,7.413392829954833
rotation,5.5801275243904795
rotation,9.218710106557818
rotation,9.247421426801823
rotation,8.369468074962992
rotation,6.307478458611211
rotation,5.497137131827604
rotation,18.00457500991574
rotation,6.389360054711288
rotation,3.2943126083973517
rotation,7.936365789975062
rotation,3.2610144132559458
rotation,3.190923511889417
rotation,5.330834185264699
rotation,3.1439445739057925
rotation,4.115427473053831
rotation,12.517554537949534
rotation,4.156150441855198
rotation,2.437647480064173
rotation,1.6519261577601643
rotation,1.76853796952445
rotation,1.9984094676178497
rotation,1.8641297732017799
rotation,2.462108595063479
rotation,18.062257430679367
rotation,3.10714734382815
rotation,4.244133023775104
rotation,3.380786532220484
rotation,18.47661866227616
rotation,9.533027658482082
rotation,8.066649878699684
rotation,14.254923549200806
rotation,4.201481926823371
rotation,7.298605628270419
rotation,6.76885958568532
rotation,10.861698661087084
rotation,3.2982130133652907
rotation,1.0496251713326077
rotation,5.445159939960267
rotation,3.874440323996226
rotation,5.565490156427627
rotation,4.657992205750451
rotation,7.253438742070482
rotation,6.220988802475506
rotation,7.596348715571876
rotation,1.2903471159393747
rotation,10.231286594486475
rotation,3.8015037988422327
rotation,23.3533012989164
rotation,5.636690223602522
rotation,163.13586080964086
rotation,2.8063171272066536
rotation,1.8238421483311091
rotation,2.240142698376568
rotation,2.256572475412497
rotation,9.006212456038364
rotation,17.259958387240903
rotation,163.15876664862682
rotation,17.13872841895043
rotation,168.9254632241821
rotation,146.42589122684896
rotation,6.6479366588982485
rotation,1.6628329533827384
rotation,5.454029125130368
rotation,11.342758763395985
rotation,4.1061126518075275
rotation,6.022444021512742
rotation,1.0961327877437412
rotation,4.843520359849531
rotation,3.8447192908870513
rotation,2.3290342072423154
rotation,2.7361758166893626
rotation,2.0831607855312453
rotation,0.32374063357272864
rotation,5.996895545095503
rotation,14.90626530429162
rotation,9.626002384519838
rotation,15.295134089530345
rotation,12.226990904674645
rotation,10.986525146422267
rotation,9.725787296413237
rotation,32.9881620633434
rotation,10.451435662195403
rotation,9.805501103448817
rotation,26.752829258034847
rotation,34.89434155290964
rotation,131.39105585306976
rotation,165.21452303699294
rotation,177.3545092529556
rotation,173.85953417707086
rotation,175.47255920694062
rotation,166.82107093391662
rotation,164.72120458611545
rotation,172.52735287993133
rotation,166.80317755861103
rotation,165.70225723212437
rotation,161.83001639825943
rotation,19.299709727755765
rotation,4.5405057342235935
rotation,12.710414310913496
rotation,9.294770208606906
rotation,9.162646970404866
rotation,9.274866274520248
rotation,7.758754497569517
rotation,11.144569910613262
rotation,8.258089260825617
rotation,12.333088228156347
rotation,17.102483090556124
rotation,16.18037716034107
rotation,34.20043468391263
rotation,7.018439895715355
rotation,43.980767015976404
rotation,13.147906354800899
rotation,15.731899979566156
rotation,15.656355720101871
rotation,10.853234280210568
rotation,17.544930957175996
rotation,1.2944225730664012
rotation,26.43274571166483
rotation,9.467639606803148
rotation,46.691180429390805
rotation,36.95738622972264
rotation,10.78872225407749
rotation,15.642010795203968
rotation,4.8662968599595375
rotation,16.07718175781843
rotation,9.017232117928746
rotation,101.80551211770563
rotation,25.46616917325858
rotation,5.00383916232592
rotation,33.14927200101089
rotation,7.985036102415602
rotation,99.36717316343201
rotation,16.434369374202078
rotation,2.6389806544817818
rotation,8.71744383591903
rotation,5.232939435293141
rotation,10.011012901070728
rotation,10.082767681853948
rotation,26.90529550391007
rotation,6.297214190429512
rotation,5.830137433871751
rotation,10.434246654018226
rotation,2.273088198348596
rotation,7.214998591935718
rotation,27.38052684751832
rotation,11.287419647042176
rotation,12.085120141906398
rotation,22.277886513568284
rotation,7.821481877887448
rotation,20.89842991364578
rotation,11.64893676809278
rotation,0.7251989631617527
rotation,43.58225778491341
rotation,5.664075227580278
rotation,8.591641355525713
rotation,92.31398244401281
rotation,10.809448040365274
rotation,12.804147484065735
rotation,10.21119271470431
rotation,8.631753200350117
rotation,10.36296982508978
rotation,2.201869054252996
rotation,8.192280616463083
rotation,6.192751766707262
rotation,16.812973754753408
rotation,7.525514209007669
rotation,16.502299822531388
rotation,15.421754733988184
rotation,2.074905247281601
rotation,18.99032805086718
rotation,13.81369008830036
rotation,148.46162827112883
rotation,17.76885489166031
rotation,14.999822450249226
rotation,156.9280914315305
rotation,48.013817107499946
rotation,25.538155381341664
rotation,170.58012183291422
rotation,61.99560936752541
rotation,170.3292266279801
rotation,153.41431250407376
rotation,173.36666246018822
rotation,166.57875440204757
rotation,159.29558171502012
rotation,172.50643650531336
rotation,174.89226857087849
rotation,176.56319758640396
rotation,176.99464504409232
rotation,150.21423463657578
rotation,168.81706029590472
rotation,162.15867019382117
rotation,123.44381709890396
rotation,167.67631104416986
rotation,146.80549376970495
rotation,138.39791905084417
rotation,170.0505557473194
rotation,108.81014335981199
rotation,169.98019017220508
rotation,104.8867268094773
rotation,67.11255990626681
rotation,169.79704269392974
rotation,52.12184770438407
rotation,167.1603541286124
rotation,112.82095798232457
rotation,5.147431638199217
rotation,168.9204941962451
rotation,82.3749741892308
rotation,5.117850598081945
rotation,61.2177532648437
rotation,9.192551345411395
rotation,35.63801528157082
rotation,62.01169059221707
rotation,22.155637251462565
rotation,4.236703007428677
rotation,31.665311723162848
rotation,19.21305573392066
rotation,8.705307519136232
rotation,10.964775452377852
rotation,16.08675729410045
rotation,11.818542213319477
rotation,17.91532513056868
rotation,14.2113683911038
rotation,5.066296672682275
rotation,3.0357629101456887
rotation,12.145644975310214
rotation,8.978921510347998
rotation,1.2161601605689993
rotation,13.814790152507074
rotation,33.64037389834991
rotation,6.25891808890391
rotation,15.411349191653574
rotation,60.32641152883411
rotation,15.499200394853878
rotation,22.991234407202676
rotation,37.79704260535021
rotation,15.802402221797049
rotation,28.426903039698743
rotation,33.46642785314005
rotation,26.395545954069423
rotation,101.67869057303689
rotation,21.585977035758358
rotation,44.100616619265224
rotation,125.9379521637044
rotation,28.66878346638753
rotation,32.58181524903687
rotation,125.51215299400968
rotation,11.519392823931053
rotation,7.507971430676542
rotation,4.187543527095456
rotation,24.956328244554673
rotation,31.252332137453728
rotation,52.90349223780672
rotation,61.33894794427623
rotation,25.35350620566823
rotation,127.38848806234614
rotation,132.80711640784506
rotation,59.182102479302316
rotation,7.050293151382483
rotation,74.54407741653507
rotation,121.00595081768758
rotation,17.594015759068057
rotation,6.656521514125955
rotation,11.12279889272198
rotation,19.967110769468817
rotation,37.18203887516936
rotation,21.640299365018222
rotation,81.38871900247493
rotation,5.141104702124775
rotation,170.1480750773461
rotation,38.747439741471624
rotation,5.298520737902686
rotation,163.13527446867582
rotation,42.16508847739229
rotation,49.88400943848705
rotation,5.772857712868857
rotation,127.78849020535353
rotation,100.22287675228732
rotation,157.94432520232127
rotation,151.91434787271163
rotation,137.04540229511798
rotation,71.37482089691167
rotation,28.14357019810312
rotation,15.090424253389283
rotation,17.54467627084343
rotation,24.03015221877122
rotation,36.55618619569598
rotation,22.9044275243639
rotation,23.445585465273865
rotation,1.8742056916060594
rotation,14.582884828627463
rotation,13.910005512872294
rotation,45.15847736819196
rotation,29.367361382255993
rotation,10.981549488717818
rotation,14.63261905070855
rotation,20.48974104242574
rotation,6.412613612386492
rotation,27.511673229315935
rotation,15.48294086088732
rotation,32.98425977864289
rotation,19.71408229925003
rotation,67.2104701660784
rotation,27.72215934936131
rotation,8.125716885070089
rotation,9.432468441825938
rotation,7.790744814940104
rotation,15.720474800557902
rotation,18.228804107454685
rotation,15.519428214246716
rotation,23.63302233437736
rotation,38.696567562386726
rotation,23.386886349788703
rotation,20.7986342375937
rotation,51.52785518040205
rotation,10.981294053393379
rotation,15.48091422546744
rotation,4.58509431429312
rotation,45.13160832494635
rotation,12.071375154456446
rotation,0.8366618926429328
rotation,11.323303003202765
rotation,35.434296319752946
rotation,23.619211740636576
rotation,12.363787690481846
rotation,8.629329942848294
rotation,34.86569836488402
rotation,24.815542607270334
rotation,10.317848976936455
rotation,7.817353756836335
rotation,20.240734278426388
rotation,18.386157289289528
rotation,2.4786554934805634
rotation,6.659760074802996
rotation,30.36975886032079
rotation,13.195262713869207
rotation,21.931974302951524
rotation,5.861974548995535
rotation,51.121427641873574
rotation,13.34411260297402
rotation,26.933093251745078
rotation,4.181210750052422
rotation,70.17853518648786
rotation,19.61169197307594
rotation,13.836737708690267
rotation,7.208600226875122
rotation,50.170667724404
rotation,35.207679851202464
rotation,18.12177887598433
rotation,12.124855704690123
rotation,1.7710099609986218
rotation,3.177941419871371
rotation,1.485842234621133
rotation,3.0287966240869943
rotation,7.055513093281185
rotation,4.778971366371744
rotation,3.5883171089192474
rotation,2.70913888663087
rotation,2.236751467375792
rotation,6.773382144271511
rotation,9.241061828983913
rotation,2.6970687435119225
rotation,7.652283971402069
rotation,1.8927330957174426
rotation,4.20463842912159
rotation,3.0100635704994523
rotation,4.7890571835422096
rotation,4.232611713240355
rotation,11.410220866697792
rotation,4.625133815868783
rotation,13.4050960622121
rotation,1.4996338975485604
rotation,4.346866979970704
rotation,2.3103004807444005
rotation,0.46179394089418074
rotation,9.146001964653312
rotation,1.8627884000831374
rotation,4.040695941804764
rotation,1.6458517119064027
rotation,3.498634180571572
rotation,7.4870270430563775
rotation,5.5373751885921845
rotation,5.102768385933062
rotation,7.700258667428984
rotation,0.9511776983335258
rotation,6.512559581489248
rotation,4.619328669723324
rotation,4.965008438936791
rotation,2.335354879608796
rotation,9.884853116215032
rotation,1.9674000814478687
rotation,1.3943184485561324
rotation,7.21672111273661
rotation,5.045637141333604
rotation,2.759210858067483
rotation,7.535853301814331
rotation,3.2781289495556143
rotation,6.292155086886274
rotation,4.061185660249409
rotation,10.731247941754877
rotation,5.113884196798381
rotation,6.3000752303027685
rotation,14.317684987785807
rotation,2.962878084786075
rotation,7.621113709367933
rotation,31.470613557845866
rotation,5.630350965774413
rotation,16.32883813329963
rotation,158.4135891135619
rotation,5.259971294261015
rotation,170.8330080054278
rotation,164.16686265406258
rotation,5.297396596011886
rotation,178.4555631130588
rotation,127.74293298642952
rotation,176.3343012024629
rotation,27.026254983852663
rotation,157.9666119894644
rotation,177.52983924271135
rotation,9.557657407063774
rotation,158.30773544939225
rotation,169.83629817120107
rotation,10.925095061963441
rotation,149.66027465464265
rotation,12.60125629200006
rotation,141.78188197924143
rotation,7.047737985797122
rotation,38.808853900190236
rotation,4.959193169419303
rotation,13.032208072042437
rotation,3.2363002976294926
rotation,7.059574208300368
rotation,6.1162608762355255
rotation,3.549660962030998
rotation,2.483542964796505
rotation,50.363107446231815
rotation,3.75755309409752
rotation,123.44875598403458
rotation,10.828870184438582
rotation,53.10654564057654
rotation,27.52641234343665
rotation,8.283718912633947
rotation,35.77728630828841
rotation,12.656980452985932
rotation,10.736698948491176
rotation,18.628293544662316
rotation,12.859582741035831
rotation,10.000133507870842
rotation,13.078349368939316
rotation,11.57856233673268
rotation,3.2832684146513973
rotation,25.108935275240995
rotation,9.276239175845282
rotation,3.0724758766628772
rotation,9.674904692960364
rotation,14.05204072195452
rotation,6.6884849029042455
rotation,4.560947123121566
rotation,3.0085045211115844
rotation,4.990360435802134
rotation,4.390941988334813
rotation,9.612831274910075
rotation,3.2388485383209993
rotation,5.0135381888709025
rotation,7.273632917149015
rotation,9.525059860212197
rotation,1.9748230048331186
rotation,18.124978600600677
rotation,28.32608365598619
rotation,138.59575753606518
rotation,14.300007687648517
rotation,4.6780305666173705
rotation,6.829228295599344
rotation,93.59475807334647
rotation,11.555958722069951
rotation,115.62621294182455
rotation,6.713312267371379
rotation,129.8954945215827
rotation,5.134241795570143
rotation,114.46455959662721
rotation,25.21285210675885
rotation,65.68636911532387
rotation,17.725834340028136
rotation,6.505283006969681
rotation,18.981794304370958
rotation,13.297907478060084
rotation,18.93437926115379
rotation,9.213436559340693
rotation,15.49726019724837
rotation,2.3133704328058387
rotation,27.529057762259743
rotation,8.902652551203714
rotation,79.89601423623756
rotation,19.185635369953573
rotation,124.79786988322277
rotation,15.211993134665647
rotation,118.63848840433852
rotation,4.625221468641292
rotation,6.748211735308486
rotation,4.969778837612338
rotation,6.898918343311979
rotation,4.63220768739496
rotation,7.485655160646286
rotation,2.993659625431093
rotation,30.894427074236283
rotation,12.35710918298174
rotation,11.208671920438757
rotation,9.749450274481344
rotation,7.363294536905028
rotation,9.573652708671634
rotation,1.3744164724779389
rotation,4.0827595916865285
rotation,2.938346004595459
rotation,0.918629675831062
rotation,1.8769894572453456
rotation,4.175983558298501
rotation,2.140771471495356
rotation,3.6618765673233393
rotation,1.8622701754359077
rotation,0.230855508579112
rotation,0.7324151366152789
rotation,1.2451950160878067
rotation,1.6859058865349998
rotation,1.8582737365394952
rotation,4.286230946099484
rotation,1.604097040373249
rotation,2.7979789168854823
rotation,5.147123523751493
rotation,1.3496897616619739
rotation,3.1991169755800968
rotation,3.182608693671032
rotation,3.318395587234119
rotation,4.34750305542652
rotation,6.667104200465635
rotation,4.0823880246873845
rotation,4.118799145245084
rotation,5.513858439916024
rotation,2.0417915510672837
rotation,1.3482260735382292
rotation,2.8514403913498807
rotation,7.458229630229258
rotation,5.539557402670028
rotation,2.8943311611344935
rotation,1.626252936296731
rotation,4.238624009173898
rotation,3.3803114852082894
rotation,3.3265581549117074
rotation,3.17171528253681
rotation,0.8469520067061036
rotation,4.913844450567582
rotation,2.1451339448114157
rotation,14.473434381744724
rotation,12.959508382526204
rotation,3.3908895370369065
rotation,2.895583390972379
rotation,30.992832233013424
rotation,9.979548177210132
rotation,11.815797975316663
rotation,168.71313166309653
rotation,158.11874413940063
rotation,165.62621662786975
rotation,169.96046077699273
rotation,173.749452605059
rotation,173.9237190828302
rotation,9.697926336137
rotation,4.822332349977698
rotation,9.653228136691412
rotation,5.731567046633287
rotation,5.074473202543004
rotation,5.282316915607247
rotation,9.753705407232088
rotation,6.171847415522305
rotation,15.42554087141031
rotation,3.892906486137607
rotation,4.2761765216537855
rotation,1.4581009141595787
rotation,8.009119306772126
rotation,6.74907555203282
rotation,11.8169780280635
rotation,6.7491052816445505
rotation,3.187122733638465
rotation,4.315946130057374
rotation,7.245002835596461
rotation,7.611889478110431
rotation,12.194368713226838
rotation,16.19425504963629
rotation,11.053005805053745
rotation,14.472248631299069
rotation,5.77106048482396
rotation,10.29851060958284
rotation,1.249122315380458
rotation,2.5021419574591666
rotation,2.965710597754514
rotation,6.093854907307858
rotation,7.236084431629764
rotation,2.4288772506574836
rotation,5.425615389195352
rotation,7.682122913236687
rotation,4.1802732672733285
rotation,15.912497144822172
rotation,15.270512917156827
rotation,12.443902377423683
rotation,23.19194207955166
rotation,21.649977483845454
rotation,47.81088765506659
rotation,36.9624406166151
rotation,8.70750195055385
rotation,24.247187284531208
rotation,11.20621730075888
rotation,12.108902910844245
rotation,13.723201540616182
rotation,8.06009022328971
rotation,22.883217495785114
rotation,14.739518714052348
rotation,76.83697786007814
rotation,142.23508620375466
rotation,8.984510330538432
rotation,168.1177675927972
rotation,4.119903485844994
rotation,175.73183086024324
rotation,5.390045549817187
rotation,173.25435458587197
rotation,3.6647471110655085
rotation,175.2412219860751
rotation,0.12768783072799333
rotation,177.47789510128248
rotation,2.709615735770733
rotation,174.13725611268873
rotation,8.172118065623215
rotation,176.48755569670678
rotation,4.266077075299962
rotation,172.72536755126802
rotation,2.9522856479280546
rotation,3.295239637061614
rotation,172.84198211230165
rotation,2.327586641304751
rotation,4.125666111468366
rotation,174.48632394117388
rotation,5.460029067608946
rotation,6.198742535652455
rotation,6.410680339803501
rotation,1.590444633462067
rotation,2.46435597416187
rotation,9.369912377327157
rotation,3.9162337304669634
rotation,13.703222962194479
rotation,11.553800410644472
rotation,5.181553725366658
rotation,12.085793304578589
rotation,8.312037008378764
rotation,18.772582115262438
rotation,10.286984315853166
rotation,20.948631305656885
rotation,23.994441719559784
rotation,11.713979853540085
rotation,17.291963451119106
rotation,16.980925408017487
rotation,8.677975935337367
rotation,10.53322964864919
rotation,8.910698476435478
rotation,13.58121232210681
rotation,13.216097703534304
rotation,6.401363558699206
rotation,14.505215234488304
rotation,26.670180736072183
rotation,131.62843213861026
rotation,133.87533011580044
rotation,158.3818878711047
rotation,34.35058399789024
rotation,21.77891537290876
rotation,11.423180065090996
rotation,12.241089617367077
rotation,12.537630528896782
rotation,11.75918829044954
rotation,157.55561877562337
rotation,36.67201671488287
rotation,149.651724018252
rotation,46.55334680356785
rotation,147.32726422667997
rotation,43.3330267841172
rotation,38.36395982446809
rotation,6.162193637865107
rotation,40.5769480096134
rotation,12.482872733809813
rotation,14.50165961115077
rotation,18.265010700182422
rotation,3.5346979707758868
rotation,10.661061848954805
rotation,5.460504724335476
rotation,104.10572225399817
rotation,3.1321108410570826
rotation,9.954024108577206
rotation,5.183267168607047
rotation,4.238465534325368
rotation,156.42689678805084
rotation,131.14093212014032
rotation,43.385834453670356
rotation,65.1439430303246
rotation,4.914980922155623
rotation,31.393067724933946
rotation,4.172252383178882
rotation,7.526561655127501
rotation,19.070037219906787
rotation,21.3701068450664
rotation,21.709935751342858
rotation,27.587241321055433
rotation,10.221929682148053
rotation,14.335921840701644
rotation,5.435132406534021
rotation,99.16285154222072
rotation,15.935438648422183
rotation,13.979363267676195
rotation,50.07847712515678
rotation,12.63579588144572
rotation,14.706180856103902
rotation,28.742240472169577
rotation,3.622183418260249
rotation,8.565593707239993
rotation,13.169258758811532
rotation,9.937500487708387
rotation,4.46762508499641
rotation,59.212142049579306
rotation,14.332228848390734
rotation,19.855853300537422
rotation,12.891679303618906
rotation,15.744675108608329
rotation,13.774730953810879
rotation,11.498437359778297
rotation,5.890280716333913
rotation,15.83850719809242
rotation,8.292238764069182
rotation,1.4125911746333675
rotation,0.3153933352468113
rotation,15.087025952080417
rotation,15.110771725919824
rotation,3.8887456235808373
rotation,13.54226726975579
rotation,84.56729784018299
rotation,101.03042394167235
rotation,118.004198973789
rotation,7.813853401709206
rotation,4.180262914051626
rotation,12.235674818979028
rotation,15.042039135061907
rotation,8.167184983969399
rotation,23.504006737664078
rotation,34.5826952928799
rotation,22.44888568719906
rotation,41.529981637157334
rotation,11.511827632439099
rotation,15.700126322767257
rotation,5.367652854972893
rotation,11.990021579528978
rotation,16.09587237139503
rotation,2.631602841440165
rotation,51.330105577882264
rotation,5.5269905378874515
rotation,10.934724079689127
rotation,12.335130573830819
rotation,14.66805057797499
rotation,36.07574999161013
rotation,13.46209704735368
rotation,19.044952093912872
rotation,14.840003897267746
rotation,160.52012085718206
rotation,10.706253244097754
rotation,161.38757183622906
rotation,20.268368654885805
rotation,21.749630392788863
rotation,94.8427424595436
rotation,23.908152183333584
rotation,75.91488553650974
rotation,26.864496411019875
rotation,26.833747199708323
rotation,26.056131082533188
rotation,21.93508962776273
rotation,26.92081691819978
rotation,30.45374210014429
rotation,14.23138679792731
rotation,28.897314541018737
rotation,19.44575752588036
rotation,8.891014203448885
rotation,10.750257065069606
rotation,8.911013570815257
rotation,9.699506971938964
rotation,10.772155186042044
rotation,10.038012121463662
rotation,4.265683761918422
rotation,4.4034060501999255
rotation,4.67960952794278
rotation,1.176617790276557
rotation,1.4291672328009146
rotation,7.949030837046371
rotation,12.01493676559678
rotation,13.018296016079189
rotation,14.775036532723284
rotation,6.801277085962845
rotation,13.548439404319483
rotation,16.144533547957398
rotation,7.899224661536773
rotation,14.396750613725604
rotation,1.7249589727908157
rotation,11.832744902309882
rotation,10.384944990670006
rotation,12.402584866882256
rotation,18.671907808522786
rotation,41.39773857029579
rotation,11.51114619342684
rotation,74.02915926369886
rotation,122.48994515729967
rotation,147.02631361424085
rotation,150.00998977201456
rotation,141.38340633695736
rotation,28.75376954803238
rotation,36.838835850282926
rotation,140.33005117886722
rotation,117.15536647818368
rotation,18.780069776134678
rotation,35.371855492051075
rotation,16.15313730579478
rotation,10.227347310029987
rotation,10.472197770386398
rotation,34.367733753413916
rotation,5.447109457632339
rotation,3.6992958628421726
rotation,4.758549453033972
rotation,5.784280093654812
rotation,105.64019811437306
rotation,6.630848259364657
rotation,82.30008278478454
rotation,6.111318494068665
rotation,170.23821789248515
rotation,16.235393834527137
rotation,11.620837401348318
rotation,7.596889724272257
rotation,11.148170982083549
rotation,26.468883806501225
rotation,17.9058439361397
rotation,5.491058348942716
rotation,24.669857010986913
rotation,11.748836259645119
rotation,21.955672297834937
rotation,13.653658119668286
rotation,4.140738159814851
rotation,30.458960789583717
rotation,24.24118196511662
rotation,11.908284402771168
rotation,3.1574516416511016
rotation,15.834760830258155
rotation,12.326548563063373
rotation,23.51131275555342
rotation,2.29836440923309
rotation,5.818022324824047
rotation,12.552542590001567
rotation,16.89617599108968
rotation,2.2120166901680007
rotation,22.05050928585611
rotation,4.077869174543643
rotation,10.356281927213987
rotation,7.597296688300591
rotation,28.698382644395018
rotation,31.242918883062487
rotation,0.8529396422578389
rotation,71.32315551427989
rotation,42.989160213406194
rotation,9.680118915429489
rotation,4.148534563210854
rotation,16.469999041103172
rotation,10.033573220701713
rotation,14.293042080494553
rotation,3.488355890930051
rotation,5.266362349535276
rotation,8.365638257066278
rotation,4.127496532125975
rotation,8.527179375679111
rotation,2.815204283496097
rotation,2.507605001795438
rotation,7.869449306693567
rotation,5.870763548151414
rotation,4.661491495652518
rotation,7.597509622443589
rotation,3.772061787731933
rotation,9.789881364773656
rotation,7.896834559243631
rotation,7.294466053579475
rotation,4.070947492330043
rotation,8.915749643803165
rotation,4.062129261736445
rotation,9.905231323509714
rotation,157.88349951948393
rotation,10.643659543261435
rotation,153.4853844427275
rotation,10.03162876754899
rotation,173.0589164514046
rotation,45.26001316112531
rotation,170.96708926498013
rotation,95.7376887007909
rotation,158.36944260561967
rotation,166.41620285029325
rotation,146.99970940267104
rotation,169.10668211842562
rotation,161.6369355603579
rotation,21.94276133123131
rotation,168.7278074355798
rotation,22.94326188267033
rotation,174.95671238644033
rotation,10.561826472199625
rotation,172.87722272402362
rotation,22.946830893706284
rotation,173.43213387176237
rotation,26.961183785014626
rotation,169.99890324873823
rotation,19.1345557833781
rotation,174.6874976562622
rotation,16.992927577015827
rotation,175.4576875100143
rotation,12.035054943358825
rotation,151.74151575616511
rotation,70.42303074654193
rotation,74.158960395676
rotation,37.57012989364582
rotation,12.973160367938604
rotation,10.979592631268593
rotation,1.9513055246219198
rotation,0.3574430914280814
rotation,8.02240127399596
rotation,7.5326153191058705
rotation,9.513785861814334
rotation,5.478042749433871
rotation,1.54950294142451
rotation,9.840732805795545
rotation,6.747214483866029
rotation,6.6458922366199396
rotation,4.311859360953164
rotation,4.595621508457111
rotation,8.543925983227961
rotation,5.0420011618202745
rotation,4.429344907846127
rotation,6.3622682903256935
rotation,10.74302295252002
rotation,5.784317300992666
rotation,43.36487540316017
rotation,12.666123601303253
rotation,164.12403226479944
rotation,151.5236910709176
rotation,171.5977266266293
rotation,162.9844746887263
rotation,160.0780493086071
rotation,167.13208874952352
rotation,150.2785116555803
rotation,175.27227841214983
rotation,135.2258813586834
rotation,178.36722520100184
rotation,158.28931125382647
rotation,176.00128990962088
rotation,172.09830234921694
rotation,175.0285122281171
rotation,170.5996161442739
rotation,49.446068514833385
rotation,165.57888228208785
rotation,41.114617415574145
rotation,171.4927990616957
rotation,23.988592413424396
rotation,167.2375718954428
rotation,2.416300892982959
rotation,5.654939645752622
rotation,10.076420268765192
rotation,13.052515870992291
rotation,10.763437568064083
rotation,6.694244706431868
rotation,11.446976026799437
rotation,9.848314079630471
rotation,8.136550086501375
rotation,12.727725502213886
rotation,3.9250264559792076
rotation,6.991940739252708
rotation,8.490449608873574
rotation,0.7631186736661535
rotation,12.665499531464954
rotation,7.072030893507905
rotation,5.167058895809924
rotation,9.24787868298967
rotation,13.893307179081402
rotation,9.186079899897752
rotation,16.05213069613949
rotation,7.0021619234627375
rotation,23.09862845345997
rotation,6.070218215289949
rotation,19.21114204824463
rotation,3.354168585579626
rotation,29.693950121836618
rotation,10.390768093473637
rotation,25.349576353467903
rotation,174.28620935208204
rotation,46.19376810078679
rotation,82.349751763493
rotation,111.78107517548412
rotation,154.42945225456674
rotation,4.6397955214958015
rotation,172.78221522856688
rotation,5.800129291115508
rotation,162.85652383274925
rotation,5.0980157565947355
rotation,1.0137408880784347
rotation,2.551569995307772
rotation,3.7259867109271476
rotation,3.1657494621693423
rotation,6.559283590031089
rotation,1.6906930913674498
rotation,2.2472578095826274
rotation,4.545763170234102
rotation,7.028219134076476
rotation,7.607443854570537
rotation,6.938474491188969
rotation,11.942750513030424
rotation,0.748362567271086
rotation,6.408794727854323
rotation,7.23362539244209
rotation,24.660321304238117
rotation,12.794319535689855
rotation,40.8245440511621
rotation,23.83681721119715
rotation,20.786775083447967
rotation,48.4190152196853
rotation,21.501269502017653
rotation,32.91381833796144
rotation,47.92709466325439
rotation,24.50117279297948
rotation,38.70162511037622
rotation,50.03923801855857
rotation,25.499947918261565
rotation,10.631023203027876
rotation,19.007932158837757
rotation,41.07040156991689
rotation,23.525027273595217
rotation,19.765282288228512
rotation,39.472948451728534
rotation,47.48251948367597
rotation,17.087833151056543
rotation,27.36663292768455
rotation,59.40143523200138
rotation,9.506519548046231
rotation,26.58182446410982
rotation,54.60994327824978
rotation,27.89781024732969
rotation,171.37352196305318
rotation,115.13189885936355
rotation,15.417437837225602
rotation,19.25505926195425
rotation,14.961910211610222
rotation,17.945074392759164
rotation,3.5380699259421347
rotation,5.914571552555588
rotation,6.541765138701121
rotation,26.063125191037276
rotation,26.707564538647542
rotation,25.639086931509762
rotation,15.872156113960928
rotation,12.965941066749492
rotation,19.602670286125658
rotation,19.75863086669924
rotation,54.63845199153875
rotation,20.198608689494407
rotation,22.070602663478716
rotation,5.77094171309855
rotation,10.59253258438281
rotation,3.7973920350680133
rotation,8.936762292501273
rotation,3.428162540554224
rotation,13.41932296193913
rotation,14.653739782331995
rotation,18.580034654744907
rotation,39.47444597467287
rotation,17.130364948771028
rotation,17.366724820317774
rotation,29.350776010940283
rotation,16.975198066201298
rotation,24.507328308481892
rotation,18.914883277395024
rotation,1.4880817728117846
rotation,10.670297558537582
rotation,12.1208438578728
rotation,145.36589858597708
rotation,47.795840726017815
rotation,5.297730077516191
rotation,21.3615001217937
rotation,154.41963036400867
rotation,27.497788366476897
rotation,11.096813966496835
rotation,29.783501004836733
rotation,132.31382847923973
rotation,15.458042009519383
rotation,22.874335204540667
rotation,39.81765301162351
rotation,108.05910748324708
rotation,11.159818164257729
rotation,56.96079963335844
rotation,62.769062367573376
rotation,16.435270657977227
rotation,75.99960359020008
rotation,104.0640454773282
rotation,117.01103687732291
rotation,33.99199284891747
rotation,106.24280589765164
rotation,147.15200917234543
rotation,158.00405474207008
rotation,81.8523414386975
rotation,139.51270149774703
rotation,162.6719969495136
rotation,161.08642041163768
rotation,93.2286020259324
rotation,131.47802189775024
rotation,122.46685793342031
rotation,139.37588138734225
rotation,152.69029397544796
rotation,139.51975022630037
rotation,156.10739340008433
rotation,175.46293814920648
rotation,159.39804471569263
rotation,167.51824051539518
rotation,175.85616055796854
rotation,137.76858383772517
rotation,133.64836774640756
rotation,144.07401615914918
rotation,169.6443618810815
rotation,145.20523167869135
rotation,134.65451093790318
rotation,148.21354312389835
rotation,152.34693212935693
rotation,155.4555870975064
rotation,139.6238927273578
rotation,92.94966250166374
rotation,57.84492901717061
rotation,52.293687717696656
rotation,74.94710402702619
rotation,29.9077331193897
rotation,79.84621205994725
rotation,16.576832947446988
rotation,26.29478608781119
rotation,75.40648234147383
rotation,18.428160591100433
rotation,71.44958122569521
rotation,27.455312082253577
rotation,69.9567985042423
rotation,27.579363822013264
rotation,59.03510561154423
rotation,23.329985541970025
rotation,6.693810942971964
rotation,22.567505551252495
rotation,40.4321588712827
rotation,15.21403705036587
rotation,48.21386045818355
rotation,4.051688282085687
rotation,15.408241468952454
rotation,5.328264453267177
rotation,33.26118102845429
rotation,0.41423998508220095
rotation,45.105485404338744
rotation,27.672925004320614
rotation,33.598679269292255
rotation,27.559642359929082
rotation,12.633927251670551
rotation,8.48491081483948
rotation,13.612329555162797
rotation,3.563468216618799
rotation,17.310005199452966
rotation,5.505098992017614
rotation,11.30963477258246
rotation,2.563717526213875
rotation,13.795972297080185
rotation,20.98935884590347
rotation,22.122589985854383
rotation,16.67915500169189
rotation,21.83371732140126
rotation,20.404153594648964
rotation,4.097223956421041
rotation,6.964439907080216
rotation,15.125639893357903
rotation,157.43104205317564
rotation,17.964803847822743
rotation,98.50281788655958
rotation,15.437743376540244
rotation,9.285734971182015
rotation,18.783736906052432
rotation,24.675641376085892
rotation,29.283305620360174
rotation,15.474435072850332
rotation,4.652299549127951
rotation,38.78532720142322
rotation,5.933330056057216
rotation,43.240587765578184
rotation,2.7754208541689955
rotation,33.95596010198876
rotation,8.18136421364594
rotation,19.698961151460765
rotation,6.107559165400376
rotation,2.125666006280891
rotation,0.6735389651681359
rotation,15.636312658171391
rotation,5.651153866513078
rotation,6.541179671839317
rotation,5.2660048083625375
rotation,3.987163849289757
rotation,7.268269430522641
rotation,5.220908668907419
rotation,14.9661650209971
rotation,6.396555072233757
rotation,2.493682621613451
rotation,13.905738326283453
rotation,2.859423362624207
rotation,6.9177757355095535
rotation,3.210282984656363
rotation,3.324535108852105
rotation,8.945405066256521
rotation,6.008529351499009
rotation,8.24887765194127
rotation,3.2852514414646783
rotation,5.052273354700307
rotation,34.165759426556455
rotation,7.95365455674276
rotation,2.7746851096970127
rotation,19.516510202776963
rotation,24.528195821084314
rotation,7.77684107845293
rotation,5.527321579177915
rotation,71.56456380319824
rotation,16.762345193668747
rotation,2.374816423232534
rotation,7.0261883494876995
rotation,39.41628023594029
rotation,10.405410684954557
rotation,11.13497810630495
rotation,6.4820712208979065
rotation,73.66441901672991
rotation,151.51435218993774
rotation,143.48677151406227
rotation,152.97061232568907
rotation,166.42432366698563
rotation,142.17442644905157
rotation,140.72723654761157
rotation,141.1807710712645
rotation,125.54884378732001
rotation,137.23048735481552
rotation,118.68967424251275
rotation,164.51270264490063
rotation,96.00830191558818
rotation,162.49206893484487
rotation,94.24099580769503
rotation,155.55054961842907
rotation,103.53374386133952
rotation,151.4423581519775
rotation,127.62308946938033
rotation,159.5048880190983
rotation,134.13362561309438
rotation,173.19260257675623
rotation,125.17613150026789
rotation,152.61677436152243
rotation,124.78229403078055
rotation,137.03351421722303
rotation,153.49019913570774
rotation,132.06210238070346
rotation,154.37954990412558
rotation,153.23970156521108
rotation,125.50287365687163
rotation,142.02173765733596
rotation,130.93987578426746
rotation,136.7523835402408
rotation,160.68083136187494
rotation,153.32150624604938
rotation,166.304131249823
rotation,167.7386201823341
rotation,152.59558163677815
rotation,145.28622911293272
rotation,133.81717111932633
rotation,128.8974629064185
rotation,134.6797859553948
rotation,136.30840730157922
rotation,176.0497831780921
rotation,147.2033684917113
rotation,141.48267068215623
rotation,160.6347036167827
rotation,132.7480128744594
rotation,171.171042177055
rotation,125.87834299109419
rotation,170.86455237508662
rotation,143.77325221914268
rotation,159.35685757926632
rotation,159.62178744288414
rotation,160.37620331396332
rotation,130.92422477206674
rotation,159.72542979684653
rotation,120.30114493929398
rotation,175.605230730196
rotation,113.95003785534449
rotation,161.56664918353434
rotation,121.24514450136252
rotation,154.69623639427058
rotation,130.4685922085607
rotation,153.3364495436732
rotation,167.41991442452772
rotation,117.38264622325566
rotation,160.9158212711921
rotation,112.84159883799632
rotation,156.82987544329072
rotation,29.443400127185207
rotation,129.43299167227948
rotation,162.44823772871592
rotation,38.971696716065345
rotation,118.20428149948562
rotation,20.212880891924172
rotation,121.3412863800899
rotation,16.695510389788453
rotation,128.17473580693851
rotation,22.928381269986758
rotation,148.49932923199358
rotation,26.811201304710064
rotation,18.003903686083035
rotation,167.72720813177324
rotation,13.068680647557686
rotation,21.525892320949765
rotation,150.34159285970702
rotation,18.483545325136706
rotation,60.74582989896164
rotation,48.08410356264316
rotation,77.90965904897337
rotation,58.83373565155691
rotation,81.96546992817227
rotation,61.269739641345076
rotation,85.63543296472933
rotation,6.918558191945545
rotation,56.273826718533165
rotation,92.79538140755392
rotation,14.087714509066851
rotation,70.97612912302314
rotation,102.69693306756713
rotation,23.309889182417066
rotation,122.50282735185924
rotation,123.59498709258014
rotation,59.75194418102122
rotation,169.9662365484035
rotation,167.95298048409126
rotation,44.136523386206946
rotation,121.26236171032456
rotation,165.28641607116396
rotation,137.06089889239323
rotation,63.58159806021515
rotation,161.59438666257182
rotation,170.8560019666962
rotation,130.96129565514693
rotation,143.94379354899272
rotation,154.39076860443723
rotation,171.0740243008583
rotation,127.68469623197542
rotation,158.97737340838495
rotation,148.65500135874925
rotation,165.63694178121514
rotation,133.08352081922993
rotation,142.3493584359842
rotation,153.71914300651977
rotation,158.45711159984077
rotation,123.13768979752699
rotation,132.42544425933522
rotation,150.2139153638348
rotation,151.0588480541028
rotation,97.25630164088653
rotation,145.24932504714445
rotation,143.68587016805822
rotation,72.17753151272655
rotation,147.48699247611728
rotation,150.3539605281145
rotation,35.03318735991205
rotation,154.75369101153822
rotation,160.01084472025656
rotation,157.29993377309094
rotation,1.4310934646254048
rotation,171.01608719299048
rotation,173.99363021992966
rotation,111.94224135990964
rotation,2.227936421268172
rotation,178.2965122242473
rotation,161.43408051150016
rotation,85.12971609209755
rotation,2.1645037507661438
rotation,171.8706831027957
rotation,158.9603601106486
rotation,64.16144164662803
rotation,2.424058512865777
rotation,168.6604018966566
rotation,161.7479239263445
rotation,28.125948988078875
rotation,5.283438329898013
rotation,171.07530852696183
rotation,154.27778185713035
rotation,13.657293543271996
rotation,2.3384903814122286
rotation,131.13399574304367
rotation,123.75565763076581
rotation,11.408286764427046
rotation,3.1539858891615458
rotation,118.86032767131663
rotation,7.131093886568069
rotation,2.9510046111062347
rotation,52.644070210168096
rotation,8.179737176061899
rotation,1.2389756088564572
rotation,55.843212884753335
rotation,2.9611585329996526
rotation,1.5570884261851912
rotation,79.82199414579645
rotation,43.320213550529736
rotation,3.389623880627479
rotation,1.5269725406642634
rotation,47.727844967985504
rotation,26.094231038048633
rotation,5.421351990376044
rotation,3.315722852364463
rotation,45.28414351628539
rotation,8.193814449749222
rotation,4.208100555766499
rotation,3.6992311917937166
rotation,59.078027358916856
rotation,3.5902123226551064
rotation,0.7625850220287749
rotation,2.9655104954401152
rotation,58.80521699950055
rotation,3.197447936666603
rotation,3.72737243522504
rotation,6.04292144347854
rotation,42.936744071145675
rotation,4.3891049672506535
rotation,1.257210799085713
rotation,5.024223606164323
rotation,30.147892295052742
rotation,8.226961400598352
rotation,5.445738585118783
rotation,4.576582761909324
rotation,48.405522723100304
rotation,17.837910807069697
rotation,9.398698661139646
rotation,57.4943313095034
rotation,44.29848775840697
rotation,23.336352184010394
rotation,13.605548561206936
rotation,108.39670601458165
rotation,22.83973751108682
rotation,17.231551107634377
rotation,12.839100438030657
rotation,145.25165328250992
rotation,8.519546785793434
rotation,177.31512541561207
rotation,177.49196586465322
rotation,179.66640230427961
rotation,177.53781698259695
rotation,178.28288536214183
rotation,179.69630250307682
rotation,175.23123490322723
rotation,171.77407660420735
rotation,178.3959312190992
rotation,172.98750059536678
rotation,179.54789168804763
rotation,179.00004972962688
rotation,177.67435633833588
rotation,173.20556738680915
rotation,175.21701671702
rotation,172.6281635254385
rotation,176.68554986289695
rotation,171.1114830329537
rotation,175.02112044974112
rotation,155.56521141115755
rotation,167.62792164976915
rotation,41.785669889105144
rotation,175.93474901132547
rotation,165.29996663046714
rotation,5.101117946176992
rotation,176.27006126431468
rotation,169.57797563276426
rotation,2.152542801376731
rotation,178.8226560959752
rotation,160.5103864270341
rotation,2.3420647940883668
rotation,169.40811179806005
rotation,70.04868413694896
rotation,3.6644871504296153
rotation,167.22091073493434
rotation,171.20641182786727
rotation,21.564983897313883
rotation,3.4948921467269143
rotation,177.8099963672542
rotation,165.6162641804176
rotation,1.6724698744328343
rotation,1.1925279281749994
rotation,166.7808545314007
rotation,116.42629656896092
rotation,2.177464727575039
rotation,1.2022731554817756
rotation,110.30768006529833
rotation,44.30065293709239
rotation,1.3453263917868155
rotation,1.7228464618090888
rotation,72.48764772092166
rotation,22.29548046566334
rotation,3.370202320876347
rotation,1.5737087268050545
rotation,28.21515390338396
rotation,3.8494627797940173
rotation,2.2664598919024685
rotation,0.9231569497824162
rotation,54.970497952343486
rotation,9.778757204716042
rotation,1.3949335969976702
rotation,0.895646095025541
rotation,39.351340129933575
rotation,3.150496743585282
rotation,1.9307313602680507
rotation,0.2717728391988599
rotation,17.34010606589545
rotation,6.1900976369495
rotation,1.2827194085975109
rotation,0.12315149834139065
rotation,2.5913573634290863
rotation,1.7276082541643027
rotation,4.869335529161745
rotation,3.3383409037287173
rotation,7.37474610838186
rotation,5.691426257176207
rotation,4.696354640762862
rotation,5.308805667441524
rotation,1.7210050648769066
rotation,2.524224620531441
rotation,2.852589288423151
rotation,1.8954296014283902
rotation,2.9614236272507
rotation,0.8274055058021043
rotation,0.8026956113634166
rotation,1.8722448459841565
rotation,2.0327219107666705
rotation,2.822857315105296
rotation,2.453626587138904
rotation,0.8016002407631972
rotation,3.1868372134897296
rotation,1.7057622049035972
rotation,1.0890199153879225
rotation,5.729523374150724
rotation,1.5845584068065068
rotation,1.94400424485535
rotation,0.900058406937987
rotation,8.717707149406143
rotation,3.0784791358622803
rotation,4.048485691912938
rotation,1.5942863440036195
rotation,14.780574938037956
rotation,4.372540749302441
rotation,1.3018656109059252
rotation,1.05189654640279
rotation,20.546616273340785
rotation,3.835056581694847
rotation,0.8721549512991855
rotation,2.1312912072557957
rotation,47.905195237296134
rotation,4.94531659429217
rotation,2.3805712291340657
rotation,2.543668120692704
rotation,136.61383620619574
rotation,2.7103360176960445
rotation,2.0763536913369505
rotation,4.229629239142403
rotation,167.08229884683007
rotation,3.195750204405023
rotation,4.042704205254208
rotation,14.216747504010476
rotation,166.62808602849725
rotation,3.976892891031838
rotation,4.735420981815605
rotation,60.08377177019951
rotation,177.38034480482384
rotation,6.986683017752925
rotation,3.180449071780733
rotation,145.38242294177806
rotation,174.13976012892437
rotation,16.757984618422185
rotation,166.15812931129238
rotation,175.49391929468916
rotation,12.615608470472216
rotation,167.89064326745876
rotation,171.36182443255794
rotation,168.7012653910085
rotation,167.08908885730975
rotation,161.7814334338404
rotation,170.47114848066278
rotation,168.0953721193217
rotation,175.95475155214785
rotation,174.93679143846944
rotation,173.37758172850312
rotation,172.23716595964734
rotation,172.41552972435673
rotation,177.88498631493044
rotation,170.52699988758687
rotation,177.85128386059367
rotation,177.8765273424772
rotation,166.72051045504466
rotation,175.80441893513162
rotation,176.1905269928243
rotation,165.29615900865906
rotation,172.25973064123684
rotation,171.6813491428498
rotation,167.93981829609203
rotation,170.79712026060633
rotation,171.612086027391
rotation,170.04443326871595
rotation,168.30784441200402
rotation,158.5741529973884
rotation,171.40337918958664
rotation,168.96112099939614
rotation,173.1260607609588
rotation,171.88328364541354
rotation,1.9315314175270473
rotation,166.1814455617667
rotation,174.07612308104711
rotation,4.396201768510562
rotation,169.30629537738025
rotation,135.8249559633182
rotation,6.161271489807637
rotation,170.73124799952146
rotation,39.318167159998524
rotation,7.334375514381946
rotation,173.35193066514165
rotation,25.922983933986895
rotation,9.491631358453166
rotation,174.19238781527727
rotation,18.219339938880047
rotation,9.105745800922938
rotation,11.44331898300724
rotation,5.750685716314473
rotation,1.2512221752251271
rotation,6.981789128556734
rotation,3.706602989310491
rotation,18.31594472514969
rotation,6.012872706939364
rotation,3.385073910963262
rotation,19.905894230136543
rotation,7.25503541881651
rotation,3.3507783160282605
rotation,4.991848881451559
rotation,2.682450733689267
rotation,0.24126073000582582
rotation,4.425905042779199
rotation,2.5097559637572826
rotation,2.851860699895337
rotation,10.063706600996255
rotation,5.493287878418207
rotation,3.9492016667114287
rotation,12.94723384596067
rotation,7.60478057460745
rotation,6.040108201299588
rotation,13.055449000608109
rotation,6.6641788829210755
rotation,8.916250728314083
rotation,8.596321704202438
rotation,4.03778167385712
rotation,5.568555189417747
rotation,2.7518329155779027
rotation,2.086293828308414
rotation,2.6558645418080022
rotation,0.9505940569345851
rotation,2.4901557555200733
rotation,0.9159041293723633
rotation,2.4149166400989186
rotation,176.42930737615296
rotation,2.2965275801984286
rotation,7.379000614901199
rotation,169.76683825664696
rotation,3.3573306179484956
rotation,1.5536358826695895
rotation,170.65080070976882
rotation,1.645843584057066
rotation,4.731758440120392
rotation,172.88808764507274
rotation,1.4978213053855045
rotation,156.20774517307234
rotation,1.461899397956245
rotation,168.73823120625724
rotation,69.69097159726806
rotation,4.984232795688499
rotation,130.29968070366175
rotation,25.742206512396116
rotation,6.8005980257135406
rotation,43.417718010067055
rotation,6.963295294600174
rotation,6.704289846194254
rotation,9.624321834185249
rotation,6.635391367420677
rotation,19.596379701780112
rotation,14.3845183706002
rotation,3.5330244675926776
rotation,8.68275968999519
rotation,9.52146355461504
rotation,4.223638829375183
rotation,9.171831686659958
rotation,27.13366786140377
rotation,2.246548906039028
rotation,9.918769588923837
rotation,5.183844095204009
rotation,8.89097243518472
rotation,12.114011772187109
rotation,9.193690450047258
rotation,9.824677957299517
rotation,7.978767346652691
rotation,11.911493301040329
rotation,6.6610677572616055
rotation,8.033889438055162
rotation,12.69641041361888
rotation,7.332750736250207
rotation,6.711129261575336
rotation,2.259665220830202
rotation,1.4308518214899866
rotation,16.90806779544129
rotation,9.913122479841356
rotation,3.7838010650071103
rotation,20.274655248012397
rotation,7.063360689038662
rotation,3.3739163384000777
rotation,22.242551238799113
rotation,20.761417479148342
rotation,4.346219665310082
rotation,4.596516637989823
rotation,37.88414610331986
rotation,32.95658965124203
rotation,24.270295170958562
rotation,7.018952824329066
rotation,48.37408895245426
rotation,30.224181900892663
rotation,31.428750221318786
rotation,22.603487741325022
rotation,12.537572805394973
rotation,54.89819569213384
rotation,76.13278207693185
rotation,19.573434473598837
rotation,78.71323648985948
rotation,87.66374040082448
rotation,8.882160189731385
rotation,83.97945924070306
rotation,28.376710777921623
rotation,80.90422076994192
rotation,61.721817066799574
rotation,30.45607368101853
rotation,84.65551495249025
rotation,42.116445928597024
rotation,147.8212091763016
rotation,27.785431687623568
rotation,159.34614679333143
rotation,65.3420332046683
rotation,130.76992765473946
rotation,115.68603462050655
rotation,129.9444478397441
rotation,127.86802477111084
rotation,128.4857343780869
rotation,142.72402380879117
rotation,125.19374615561249
rotation,160.51246757608865
rotation,26.66434310516479
rotation,134.2515904515381
rotation,165.2193660732803
rotation,137.47968275764214
rotation,146.52976877380476
rotation,150.37313015804457
rotation,169.36469870359903
rotation,155.1367737602893
rotation,109.51947684910276
rotation,136.2794680959048
rotation,143.51406239108726
rotation,116.94162518903816
rotation,129.5063643907625
rotation,157.6422420663845
rotation,128.1947582030208
rotation,102.05562343886724
rotation,125.95792528322403
rotation,124.80491977430309
rotation,125.47599204681612
rotation,50.270938738919284
rotation,149.7971481404599
rotation,66.68702845578247
rotation,156.06163807740273
rotation,50.00672026774618
rotation,91.80710854093766
rotation,67.72015347786463
rotation,114.41414492279173
rotation,20.01976366637607
rotation,72.92156382352937
rotation,60.10046124908717
rotation,80.35972932494934
rotation,19.86019184429303
rotation,53.684557910936604
rotation,36.784623306935
rotation,72.55093616329945
rotation,10.771063598035452
rotation,45.37982128147645
rotation,15.757576455232325
rotation,71.89489297181417
rotation,8.55570810148034
rotation,53.19672017755672
rotation,21.873804493361252
rotation,71.62892911453046
rotation,4.225943143040168
rotation,39.064187676232024
rotation,172.45468773129733
rotation,114.2426224518793
rotation,175.374808502658
rotation,118.17559808300713
rotation,172.67595953957291
rotation,114.95812187462096
rotation,168.36123757041722
rotation,130.98413839571546
rotation,168.62641801900585
rotation,177.00220768491286
rotation,161.56886879612583
rotation,173.8406882592201
rotation,165.53626948540776
rotation,163.84971989599867
rotation,165.19172531756791
rotation,164.54753583480667
rotation,164.87032850638082
rotation,165.7179918700799
rotation,162.91693147748757
rotation,166.59789915652092
rotation,176.83567724474517
rotation,164.80917300572125
rotation,173.73813883612172
rotation,171.10896843284584
rotation,164.6518784235345
rotation,167.28998089661494
rotation,168.59156717784091
rotation,169.44883260082847
rotation,169.32734704960134
rotation,172.5510041131144
rotation,170.70990817719294
rotation,162.5089934849116
rotation,171.4934130742255
rotation,141.5293402910086
rotation,160.98123792490483
rotation,158.63435572837514
rotation,157.0653622336562
rotation,170.10484948802053
rotation,149.59371112582159
rotation,176.68299185362642
rotation,152.70186503781144
rotation,158.05934663196896
rotation,155.52458717027574
rotation,143.82044272075322
rotation,171.54821891405084
rotation,163.85693129863827
rotation,152.53562013072025
rotation,134.86343552116517
rotation,152.11566102520055
rotation,143.56927053675764
rotation,163.71279054650995
rotation,161.539010686849
rotation,172.2707315383526
rotation,173.95009606043817
rotation,171.66497121125192
rotation,170.78995541884188
rotation,159.22787547978376
rotation,164.45963247293557
rotation,168.01789291491667
rotation,143.14432022821777
rotation,168.7324224267081
rotation,132.38858958628546
rotation,153.3985410796382
rotation,129.049337049777
rotation,129.89425088273205
rotation,129.01385665637218
rotation,107.96803064882599
rotation,149.58465894196308
rotation,128.39793415583748
rotation,115.59516404427734
rotation,112.43041323354093
rotation,124.32238707814338
rotation,107.0691651660845
rotation,160.32450166883072
rotation,123.50917168969059
rotation,125.026535115747
rotation,98.47824269549696
rotation,139.93198507910296
rotation,98.81761998718812
rotation,161.26106870137198
rotation,158.55571798749259
rotation,114.28241975556607
rotation,88.36077517170959
rotation,98.44992592723717
rotation,79.62472583140864
rotation,84.17761118538873
rotation,82.94409858519565
rotation,33.043970043972216
rotation,34.34131101941577
rotation,27.516763294233044
rotation,39.90425486990659
rotation,11.980796969256152
rotation,24.260010526394407
rotation,18.151644959306715
rotation,4.045398312805437
rotation,47.62129207562964
rotation,20.483354401639392
rotation,44.12859491591847
rotation,48.28107119759675
rotation,10.30667857966342
rotation,31.389991496497853
rotation,56.0582495310608
rotation,66.41931252223009
rotation,72.27266671302918
rotation,52.761792045590894
rotation,33.904803846148965
rotation,55.352956864006025
rotation,12.18719930645766
rotation,61.08884531204568
rotation,65.81288809887914
rotation,44.68639913780112
rotation,60.61946311166062
rotation,82.96890872994354
rotation,15.47368426203224
rotation,10.414346194812394
rotation,3.8499483614249055
rotation,3.573000239403159
rotation,8.18150122321503
rotation,12.954603481643455
rotation,45.81698183164364
rotation,15.079024048405767
rotation,22.64217525260172
rotation,3.6433267381509453
rotation,3.7107954942735173
rotation,7.798186302289266
rotation,7.368994922612548
rotation,6.316006113728425
rotation,9.187066943512251
rotation,7.91240244734506
rotation,7.87490920987581
rotation,8.518285475709467
rotation,142.71222465008438
rotation,14.530448721205945
rotation,12.047230655313468
rotation,6.172681339179939
rotation,9.303580908068028
rotation,10.771824344828797
rotation,4.469788702103766
rotation,3.662267044687019
rotation,27.798631710260874
rotation,2.4614241205710696
rotation,5.5943335473313605
rotation,133.77848780125368
rotation,18.921463677477828
rotation,6.572885073151491
rotation,10.79624471649984
rotation,94.9714667303282
rotation,15.559582530243452
rotation,9.985173109053594
rotation,15.645417440900001
rotation,20.19089050353449
rotation,5.51817324153148
rotation,6.151205720007197
rotation,4.253976128262634
rotation,10.378388190960658
rotation,4.707846122721799
rotation,5.077523194388954
rotation,0.8027729455112339
rotation,11.919935189525187
rotation,4.045417792470007
rotation,167.50649538949395
rotation,158.37336279299043
rotation,138.07284980727496
rotation,10.315651156924915
rotation,22.5823399642887
rotation,9.058221326852657
rotation,19.535758780952005
rotation,142.8625239021657
rotation,23.920109473022745
rotation,95.25548784934699
rotation,20.750423596593336
rotation,169.35555534049632
rotation,161.91260177991902
rotation,173.13818719669527
rotation,173.29533885466142
rotation,169.510694592577
rotation,172.71883620880462
rotation,176.34482962857047
rotation,165.63543874307848
rotation,162.37934610720404
rotation,161.59342657591537
rotation,173.22409596384833
rotation,163.07388155638904
rotation,173.3288159479355
rotation,175.49976974243123
rotation,169.18292906103702
rotation,172.36143677288692
rotation,162.59404649507405
rotation,173.75660482270942
rotation,177.41919476679803
rotation,174.9380164916375
rotation,174.04463891837568
rotation,174.9912249405308
rotation,168.93009552954376
rotation,168.1680063916135
rotation,3.558401656169262
rotation,175.4283359586143
rotation,2.9323212364886704
rotation,170.62040598209308
rotation,3.0351709171755554
rotation,166.4764586379042
rotation,2.151118074038404
rotation,173.91078099478534
rotation,2.8149634317330463
rotation,164.63465840189298
rotation,3.101654438753142
rotation,3.785846279463779
rotation,16.855911895398645
rotation,2.153492142936971
rotation,8.463841637162313
rotation,2.637507687872732
rotation,10.250362320308357
rotation,1.598628887209914
rotation,6.225417642501422
rotation,1.7060744066119522
rotation,3.241837144507499
rotation,3.6451539336614327
rotation,3.5031873197531724
rotation,3.43851243937094
rotation,2.451727693859623
rotation,3.2473367298683793
rotation,16.111543195123225
rotation,6.249254766867998
rotation,3.6891655379681163
rotation,6.2174745633097785
rotation,4.428304023126999
rotation,5.538257132370917
rotation,8.268942514303447
rotation,2.2060545358052632
rotation,8.752738436296156
rotation,3.2761143917509616
rotation,2.715224545140904
rotation,4.0051985733942495
rotation,6.100215387056907
rotation,1.187097412165843
rotation,3.1657708876599
rotation,8.524609496573959
rotation,22.84098567080756
rotation,2.9412603339381795
rotation,2.833288197945364
rotation,3.1874108354006276
rotation,2.11887912696374
rotation,4.6255381271721445
rotation,169.22862890795955
rotation,1.6542669718691445
rotation,7.427456127794913
rotation,8.656651214567887
rotation,173.9598574250809
rotation,1.5313582373210852
rotation,8.210659985471937
rotation,4.076196289079323
rotation,174.13572423223587
rotation,10.823373456362047
rotation,6.554535044604066
rotation,10.004808252018213
rotation,174.94537424733105
rotation,9.330000720597983
rotation,3.7581673961018063
rotation,17.705923689159512
rotation,177.42140910033703
rotation,14.421344565815627
rotation,6.725723354006211
rotation,178.63210445769468
rotation,21.096933370868243
rotation,5.349351602529276
rotation,174.12128829432652
rotation,177.69572459673347
rotation,5.539073949381905
rotation,22.917908498012473
rotation,174.99011744262842
rotation,176.89613060102715
rotation,1.4403051874347437
rotation,2.1438224698554826
rotation,2.610601162770458
rotation,2.8396120375609306
rotation,2.628152433477396
rotation,0.7565072506694652
rotation,1.752042015008198
rotation,1.6742324318216126
rotation,0.5848507306006524
rotation,0.293512233573189
rotation,1.6776506135319809
rotation,0.5022156171309073
rotation,1.0418914802303822
rotation,1.703939029627896
rotation,3.861949380853504
rotation,3.5041726274787712
rotation,4.07872712650341
rotation,1.5603060861224363
rotation,4.071263320350955
rotation,2.8378457225601355
rotation,4.5286123094648225
rotation,10.726717984437862
rotation,0.7269438624576618
rotation,28.799912765717583
rotation,6.361003684968257
rotation,28.00523604406143
rotation,7.657006084047732
rotation,28.409776088748124
rotation,12.373542238145758
rotation,28.791101961666698
rotation,2.4597090546766625
rotation,62.41894041060828
rotation,28.228859996389453
rotation,110.46363848560274
rotation,22.414424773253337
rotation,12.572137589751268
rotation,48.20309000241253
rotation,12.796437536753123
rotation,81.05933590159374
rotation,13.228598154496277
rotation,82.3859167992363
rotation,14.22585186232797
rotation,43.36139634278125
rotation,16.608020369700313
rotation,7.246648717857481
rotation,8.88050502661431
rotation,4.697717883798891
rotation,3.51990413021951
rotation,9.366987469015628
rotation,7.9728690633135875
rotation,20.22175166100351
rotation,14.748731810512954
rotation,20.7288747123102
rotation,17.709449249942086
rotation,12.684980859022225
rotation,10.633705094455525
rotation,2.0293975512015945
rotation,3.7335876960849492
rotation,9.449514550605548
rotation,10.565025829884247
rotation,15.962958854691918
rotation,24.394801201139284
rotation,28.287581078623685
rotation,23.80991377126007
rotation,28.629539281866226
rotation,27.57009948191345
rotation,3.8271839326731416
rotation,7.803626214886203
rotation,34.7366577145867
rotation,10.234226336045651
rotation,6.266328040342776
rotation,27.14767466982141
rotation,10.119196624324507
rotation,9.818007252338614
rotation,16.689824418881994
rotation,4.833266887217174
rotation,10.764030101970747
rotation,5.689346860563654
rotation,7.712687236136109
rotation,13.089009400437888
rotation,6.838923428302757
rotation,14.997929492789824
rotation,13.473060106251422
rotation,23.999186681740053
rotation,13.61907172078831
rotation,33.190821982600355
rotation,20.520766598621336
rotation,16.966498694487864
rotation,112.67960140796193
rotation,3.3113033919934325
rotation,163.1426805837758
rotation,162.99168672568743
rotation,147.01224658901685
rotation,34.91034642156069
rotation,149.782291258809
rotation,45.55631217083576
rotation,148.0521309090542
rotation,26.552125298255902
rotation,155.44137740611106
rotation,46.56573037826928
rotation,165.6815846226411
rotation,13.953059451681323
rotation,176.21220717222616
rotation,20.962757426953406
rotation,169.672478988041
rotation,17.474576284320424
rotation,173.15540258212923
rotation,20.460993630442562
rotation,178.43372845748047
rotation,175.94986586885852
rotation,172.85950816200307
rotation,168.53393164553012
rotation,160.69892060352714
rotation,13.21011075596696
rotation,7.032543527503123
rotation,12.413332922953918
rotation,68.57428636617995
rotation,9.195878072479786
rotation,73.14934757669423
rotation,8.396692505129035
rotation,69.14074417041475
rotation,3.209883336630995
rotation,26.958319918560978
rotation,4.359094900909854
rotation,9.578874193747751
rotation,4.352820840440661
rotation,3.729674573322156
rotation,4.831768589393129
rotation,11.975603021466044
rotation,0.510312823825659
rotation,13.603470406560815
rotation,7.076553054988219
rotation,15.805580146667854
rotation,12.508674567030399
rotation,11.670945939756486
rotation,12.357278252973943
rotation,3.227794144838858
rotation,7.598642811814021
rotation,39.52608625929699
rotation,3.183394622573979
rotation,4.87081858559195
rotation,113.70237457776231
rotation,27.312893379172607
rotation,8.082864115701305
rotation,7.617336907962071
rotation,107.1854155438229
rotation,14.456247994154124
rotation,5.281330083782243
rotation,10.391533336187278
rotation,100.02289689996387
rotation,11.208718886795953
rotation,1.5283725674238462
rotation,5.8749133907537185
rotation,9.218078610222939
rotation,9.715066589360143
rotation,6.903221485503607
rotation,2.8719439145918813
rotation,16.917589705720573
rotation,14.798186912480409
rotation,9.513203716317468
rotation,13.329616393097016
rotation,21.528081487514978
rotation,9.77113555786433
rotation,8.561600536500475
rotation,18.342542568252924
rotation,24.44377705960573
rotation,4.75544284826131
rotation,7.871289495732827
rotation,22.86525944364404
rotation,2.907712942306435
rotation,27.430697831643606
rotation,6.3091594250195175
rotation,24.644400588810047
rotation,4.283068627361919
rotation,41.90527630301402
rotation,50.70642339758455
rotation,111.42555710137229
rotation,119.99819939319518
rotation,131.64534084111455
rotation,166.83578256066934
rotation,146.49824091709147
rotation,164.5105898203316
rotation,170.4649695419186
rotation,164.27519280976523
rotation,161.1362475970752
rotation,172.03586891185506
rotation,167.85971067501492
rotation,167.9999141428879
rotation,170.7175229642974
rotation,177.19944215832962
rotation,176.88296699422193
rotation,2.18878154914311
rotation,173.1858798785252
rotation,167.40467269576104
rotation,6.454653638957826
rotation,169.69294083183746
rotation,159.08345775476482
rotation,9.835292977669932
rotation,171.80037640811207
rotation,4.103658812457651
rotation,155.74633740308568
rotation,6.069133847119926
rotation,8.41122886844661
rotation,141.88929776844662
rotation,17.47854896227189
rotation,20.50844509547061
rotation,159.79398622475475
rotation,10.936077315829268
rotation,11.21897331382673
rotation,175.78043332808548
rotation,6.5878304762396
rotation,5.059067481461987
rotation,165.4686751792649
rotation,12.121763792202968
rotation,15.874783907571043
rotation,11.590067574734029
rotation,11.479027108948397
rotation,9.107018975707247
rotation,19.90036151228127
rotation,36.54247508363935
rotation,9.663203328293005
rotation,35.46551389481207
rotation,23.79158024185719
rotation,25.973511685548566
rotation,105.24578396874514
rotation,12.047100741817026
rotation,43.39165011510149
rotation,83.85044353616061
rotation,15.164682820901433
rotation,52.63978541166213
rotation,66.17081633878418
rotation,42.65646585179199
rotation,12.42011293967824
rotation,32.76073835102144
rotation,9.710412308895524
rotation,17.702407450341276
rotation,5.355071962713999
rotation,30.99702266465479
rotation,10.296556519994306
rotation,11.183066590352407
rotation,36.72448201439786
rotation,29.27747989804877
rotation,113.75422591411802
rotation,28.619709185333246
rotation,27.1772950656009
rotation,40.2599373068889
rotation,164.25815375929682
rotation,15.496496159871779
rotation,74.9062032388965
rotation,51.506126558690426
rotation,56.39994617805434
rotation,12.086760469308912
rotation,7.717874360671024
rotation,9.104027081771656
rotation,158.4750973995089
rotation,43.541258738746386
rotation,152.68978520460215
rotation,80.54667743194136
rotation,160.71149732120426
rotation,166.81038301899576
rotation,159.80213006053353
rotation,173.9702949093544
rotation,12.086290359499504
rotation,152.75989457173054
rotation,170.43993985459954
rotation,175.79190029083387
rotation,3.326732634076129
rotation,5.388629032985687
rotation,11.93918397611033
rotation,7.244525181093653
rotation,172.39619849819022
rotation,4.471822024794594
rotation,1.3210546604617255
rotation,4.480742583100607
rotation,1.8092512677044368
rotation,7.69919331761348
rotation,4.344475411652179
rotation,9.260082944356915
rotation,13.368884698441212
rotation,5.509221481088582
rotation,9.733838774192328
rotation,14.415712235219766
rotation,6.070482187888225
rotation,0.844100928459027
rotation,25.019451815010893
rotation,6.076427810973017
rotation,4.42083204862665
rotation,1.0705708186913525
rotation,8.859389958095074
rotation,160.20798713203212
rotation,4.21901550773479
rotation,5.49055144545246
rotation,4.734739614241605
rotation,4.223586365316262
rotation,3.545260337920472
rotation,2.73060584237964
rotation,3.190199654477942
rotation,6.275354068573604
rotation,2.2340341597997386
rotation,4.924258470031221
rotation,3.4239928076923873
rotation,4.791855754734857
rotation,3.3145441903463566
rotation,1.5291838704226386
rotation,1.3157145747683812
rotation,2.5213880075904225
rotation,0.9676118829136382
rotation,3.534961805027827
rotation,2.3681970711351346
rotation,3.0173514681019826
rotation,3.096477733685988
rotation,3.132842727268285
rotation,4.235171620134014
rotation,1.1054137834066082
rotation,0.6036662877271636
rotation,7.1750337419418555
rotation,2.5956445197540297
rotation,3.4194093837912014
rotation,9.044484251308397
rotation,6.079695600947807
rotation,4.353691106633785
rotation,3.909657608705396
rotation,6.7418963339111055
rotation,7.8464957103599104
rotation,5.7452605018296605
rotation,6.871820989181472
rotation,4.278350854346984
rotation,2.9165853859070063
rotation,2.49017919280669
rotation,3.084047608837881
rotation,6.446742197523102
rotation,4.472499508967508
rotation,2.632397959443696
rotation,4.511604890329907
rotation,6.360155789885408
rotation,5.481507350498017
rotation,3.251455517431118
rotation,4.816259850483458
rotation,8.40469337130293
rotation,3.064793376567458
rotation,1.7095705858270516
rotation,2.4958957528563173
rotation,13.960498496370798
rotation,18.934036852583514
rotation,4.547650033090689
rotation,38.76956529966338
rotation,96.48409114538242
rotation,138.49606392509816
rotation,159.13449621188016
rotation,169.82830820855608
rotation,145.18442851535525
rotation,173.23963171156376
rotation,160.56522806502153
rotation,151.97559886201006
rotation,157.81433050170725
rotation,155.12088848306522
rotation,175.24547739082288
rotation,166.20949823327564
rotation,173.78755363131003
rotation,169.87988788597988
rotation,167.39178544794635
rotation,156.13215583892136
rotation,149.49814871163204
rotation,166.97808069254125
rotation,156.9989095433777
rotation,176.1043273112108
rotation,164.64773170367005
rotation,173.13407469595657
rotation,178.80991587284424
rotation,162.47799009155116
rotation,171.56783781714466
rotation,154.91739690537196
rotation,168.4927502823071
rotation,158.68583960693044
rotation,170.4049245660302
rotation,161.43673509346732
rotation,167.40146271977517
rotation,156.31811022830144
rotation,176.3837557883058
rotation,143.4438690456447
rotation,171.7168849006835
rotation,147.01887046116167
rotation,171.4286237162431
rotation,161.2157419342624
rotation,175.50290718838457
rotation,171.5722802808794
rotation,171.44331474570077
rotation,172.81404314523584
rotation,158.8691912814942
rotation,173.78619902228925
rotation,169.77557798441066
rotation,177.81248083559487
rotation,169.50524028432125
rotation,174.53248124144574
rotation,171.27881245036778
rotation,172.43445479935295
rotation,168.53930558413657
rotation,174.62867393316637
rotation,166.2286480518393
rotation,164.1341072921599
rotation,167.4525527872329
rotation,166.6906748279342
rotation,175.93322357437938
rotation,167.63470506229905
rotation,170.96551371346146
rotation,173.921762589114
rotation,164.45698132065857
rotation,165.48049848930776
rotation,172.36466064173052
rotation,177.91548574321902
rotation,175.8372876046966
rotation,167.2044565725224
rotation,164.3183788101348
rotation,165.0526648266152
rotation,155.50765823854817
rotation,156.1806872242582
rotation,102.86381238844187
rotation,133.29129463128427
rotation,59.19237458137111
rotation,100.30018785369964
rotation,36.2070429112683
rotation,30.599627078011487
rotation,32.47141119627168
rotation,23.462339369572657
rotation,39.08207977406209
rotation,20.149819305012365
rotation,22.54001087775183
rotation,55.43420484965245
rotation,20.09162103807287
rotation,37.30100999875005
rotation,4.694563840178193
rotation,2.5574595456973332
rotation,6.864368387072797
rotation,27.36216905267856
rotation,21.49944974835848
rotation,18.531244853106685
rotation,35.459981816365854
rotation,24.814232392079276
rotation,29.159241677935633
rotation,8.301187881074737
rotation,7.978962034169711
rotation,2.4864494456381787
rotation,31.843817295832533
rotation,3.8239244254443707
rotation,22.584163583974167
rotation,4.296381152839013
rotation,16.210931148051348
rotation,10.222679340999083
rotation,30.266437599279403
rotation,16.615461816600696
rotation,14.760629280400593
rotation,173.435485445555
rotation,14.4859303694147
rotation,149.8647691397167
rotation,5.786801118167536
rotation,5.4278294731542385
rotation,12.805664471204718
rotation,10.509395292093615
rotation,4.6321569584037725
rotation,6.941113170840067
rotation,13.468905612036735
rotation,17.929457441410104
rotation,109.68850619280603
rotation,20.852252047506322
rotation,68.92988841478783
rotation,15.852603181870519
rotation,16.298836523218547
rotation,28.376028225314155
rotation,36.56458779529669
rotation,73.52908366980654
rotation,10.30575034367554
rotation,53.48072872201352
rotation,7.022961135669021
rotation,9.233560895897263
rotation,20.51716311476561
rotation,29.422600841810013
rotation,142.37270129708276
rotation,16.574280920472074
rotation,18.062275620849437
rotation,9.649296246927548
rotation,7.093915181395324
rotation,10.641792788142038
rotation,8.194070966079236
rotation,11.615826026364967
rotation,21.259885903630845
rotation,10.668436659586149
rotation,57.033914774934495
rotation,5.740937443122762
rotation,27.06426700693611
rotation,13.235250673819948
rotation,1.0901645759509766
rotation,25.822375591564864
rotation,9.724899874530092
rotation,12.002081142364661
rotation,3.390898441213555
rotation,11.807301145337005
rotation,5.95767458557756
rotation,13.780892973615595
rotation,5.2998034551631115
rotation,5.800215958658712
rotation,5.984259604930393
rotation,12.799217531633271
rotation,7.34040781893193
rotation,11.889126261489224
rotation,7.895958262192093
rotation,4.716735576069106
rotation,8.231428055024645
rotation,6.952380613625489
rotation,17.462333364288284
rotation,156.8664500116754
rotation,145.3375233977964
rotation,147.05956176764215
rotation,154.78353517479192
rotation,145.4493585120117
rotation,156.0031564109153
rotation,154.01903849809213
rotation,172.46321303152223
rotation,156.32101474277434
rotation,174.56454990465727
rotation,165.39935465571398
rotation,168.97320519695015
rotation,171.1897741094485
rotation,176.06631626080724
rotation,174.47364777872676
rotation,162.52893052870195
rotation,160.28077538422048
rotation,158.58123245863476
rotation,166.2786164756234
rotation,162.78120522682923
rotation,147.86433844375463
rotation,25.903152218383322
rotation,36.56393618529529
rotation,13.25198499565386
rotation,25.189509759837918
rotation,20.29007836955025
rotation,25.33290559049996
rotation,18.343441743428144
rotation,85.60481103630666
rotation,41.074750629993865
rotation,31.958929719234064
rotation,9.486083545734797
rotation,129.3787640535405
rotation,12.328742001584086
rotation,122.41543309064845
rotation,21.885249487921737
rotation,149.8948133864223
rotation,34.95032927193869
rotation,165.42702580008824
rotation,35.42708301667764
rotation,174.49123093396759
rotation,172.6817353043434
rotation,161.31639123964874
rotation,175.41710693591506
rotation,147.38083659078254
rotation,174.22714870564843
rotation,137.95193323314032
rotation,176.18694984986402
rotation,158.12634796361726
rotation,178.95987554588297
rotation,174.8099717207396
rotation,176.34593250054377
rotation,162.97828903155025
rotation,176.9924377386164
rotation,167.32356630662792
rotation,178.9661251487237
rotation,174.03919388266988
rotation,176.9569859585665
rotation,177.78387247454478
rotation,176.36553287044225
rotation,176.75524800657757
rotation,178.56797944800047
rotation,176.4328703033035
rotation,177.58012252073834
rotation,178.98209423297612
rotation,177.69043822917007
rotation,177.47813820488864
rotation,177.91526775618402
rotation,179.48069128551137
rotation,177.93794183531637
rotation,178.4991884376276
rotation,178.2039150542241
rotation,175.71932773154404
rotation,176.70737972115396
rotation,176.0723326210717
rotation,177.80376035125184
rotation,177.7577386271452
rotation,179.14955139447474
rotation,176.3979344980447
rotation,178.74879535721644
rotation,175.73524493276736
rotation,179.06306275176092
rotation,175.84239668857492
rotation,177.2619600425981
rotation,176.80330494548033
rotation,176.58685141640976
rotation,176.99411013032497
rotation,177.3492290475117
rotation,177.89765981337382
rotation,178.39897325522756
rotation,178.43894502039998
rotation,179.71848936945642
rotation,178.99404256848683
rotation,179.03615598143875
rotation,177.991511736079
rotation,177.5341335491163
rotation,176.25420851339535
rotation,175.5588513603662
rotation,176.70372721323702
rotation,177.9607427822871
rotation,176.8998135044921
rotation,177.18393164544364
rotation,176.84946994110658
rotation,173.08866279976596
rotation,177.85453644689352
rotation,168.22998298006064
rotation,177.6956932004888
rotation,169.66334661890642
rotation,176.04937934113752
rotation,173.41825525613794
rotation,175.07813560554214
rotation,169.62342307130783
rotation,173.02408060786618
rotation,159.10932666358482
rotation,172.16541187740262
rotation,177.29657944712253
rotation,15.361189948055019
rotation,14.518828723578384
rotation,20.46875732303529
rotation,13.10344361131964
rotation,25.20556238083718
rotation,15.35814319581179
rotation,22.601925313700015
rotation,14.825908978918795
rotation,5.558547853767658
rotation,4.361470540304204
rotation,5.201525240391913
rotation,7.161956656961726
rotation,1.8288059503039977
rotation,7.082077875385023
rotation,8.447161559534093
rotation,4.561271127238699
rotation,11.524443604912877
rotation,1.8931628067086714
rotation,14.319740346849178
rotation,2.0383330203423684
rotation,10.522418098972787
rotation,3.2204954787829796
rotation,3.0368020766016284
rotation,174.25508156135155
rotation,8.198882116644572
rotation,172.17823762491616
rotation,5.659091994510285
rotation,176.97962701573076
rotation,4.591134237772557
rotation,154.31655354072535
rotation,29.841886693726046
rotation,17.16830172479553
rotation,147.76449282887577
rotation,7.271332753783561
rotation,1.4456557845021216
rotation,12.068344483214814
rotation,6.479586303327553
rotation,13.4823233354796
rotation,4.673329559395089
rotation,19.340928367081887
rotation,11.385828470390454
rotation,16.656688338990502
rotation,12.136841638396866
rotation,12.361149411850064
rotation,9.270629143173174
rotation,30.461531502012146
rotation,7.30212772254323
rotation,3.72085971971754
rotation,4.074788610699091
rotation,1.0200247171405026
rotation,2.7193349179719033
rotation,13.197985514157931
rotation,7.856199917361239
rotation,6.083969597383705
rotation,25.8552240779661
rotation,6.83750867994397
rotation,5.796932882820175
rotation,5.189053396511189
rotation,10.383807121073978
rotation,1.7176875733776782
rotation,2.5996571777617383
rotation,3.8458945737181907
rotation,12.178564463194073
rotation,2.4706319394791905
rotation,0.7658443375834824
rotation,2.211531048371584
rotation,8.450800967011686
rotation,2.836630360394446
rotation,0.8895474065626413
rotation,1.3948943306089077
rotation,4.0334231252111845
rotation,1.1288884193133306
rotation,0.5496153459767368
rotation,2.389693575323593
rotation,8.418656185996017
rotation,3.578470673660609
rotation,2.2644586829318882
rotation,2.4035681495510146
rotation,10.992005230870758
rotation,3.9862612275597873
rotation,2.2441952326995382
rotation,4.50013966048426
rotation,12.967729728649607
rotation,5.089049892317561
rotation,2.8901251754761375
rotation,5.48303257420589
rotation,4.648695073092538
rotation,5.206761690550443
rotation,6.496365042910774
rotation,4.510873641640042
rotation,4.276431524705627
rotation,12.755239606829221
rotation,13.40314058020362
rotation,4.921894529387481
rotation,4.417542013526989
rotation,35.58552707984451
rotation,11.704252155706824
rotation,4.286937120970333
rotation,7.383543278041866
rotation,159.37309169440772
rotation,5.354414929455614
rotation,2.681222789013639
rotation,4.1571743049895975
rotation,176.84930234552687
rotation,11.664198089568734
rotation,5.952295195697505
rotation,4.792477731692235
rotation,176.90356069430763
rotation,8.576824296581748
rotation,9.584697492886935
rotation,175.135572966521
rotation,3.7361372297275453
rotation,4.958480324786213
rotation,15.120452765356307
rotation,175.76251868236082
rotation,5.430541193761403
rotation,6.967533311795101
rotation,36.75818341009924
rotation,170.57051014313618
rotation,7.359430164289481
rotation,5.9353498360544705
rotation,150.58976503528592
rotation,169.05868589472013
rotation,23.317035718509235
rotation,9.263338758795602
rotation,172.7823537896753
rotation,162.16740753926896
rotation,175.93269574886827
rotation,100.49525009231341
rotation,178.6345313643736
rotation,177.86336451978895
rotation,6.84915503247098
rotation,8.460555339736448
rotation,3.8512060798502987
rotation,1.5495430189084116
rotation,2.03869925119972
rotation,1.2866794880303996
rotation,0.7193653181912784
rotation,3.6185641207408046
rotation,4.776322110808438
rotation,3.8432054199430197
rotation,5.8166487859688605
rotation,3.2430555498588585
rotation,2.7905778378284833
rotation,0.7243598163570585
rotation,1.0190533959421872
rotation,2.159224514935425
rotation,4.152398532992359
rotation,1.9810362735491092
rotation,3.446337676233214
rotation,9.103097525684486
rotation,0.28250330448553707
rotation,15.23994460736683
rotation,22.382726564291417
rotation,23.229614905431962
rotation,15.61846375600897
rotation,8.750918697773054
rotation,2.7354721963911635
rotation,78.21792017124122
rotation,10.001171117390522
rotation,13.419133866807929
rotation,38.571492317100635
rotation,12.824448586959742
rotation,35.24720799096714
rotation,15.06981676487516
rotation,22.12191334440981
rotation,6.591847481854897
rotation,11.3877898593558
rotation,3.7179864361589186
rotation,4.215114521300674
rotation,2.5988750149281996
rotation,5.941439705574212
rotation,9.172414381648078
rotation,4.696258678319256
rotation,8.921694318037117
rotation,6.241540680592109
rotation,12.321114517210722
rotation,12.786259854097553
rotation,9.321023576639796
rotation,17.64055099130073
rotation,6.3217138037091
rotation,18.427093126915217
rotation,9.005553440206663
rotation,5.235431935494235
rotation,13.451316798944584
rotation,5.58143382349284
rotation,3.428644045171677
rotation,10.103367601877046
rotation,6.21852080073837
rotation,0.6672814786783896
rotation,18.0517076053841
rotation,17.534238602888017
rotation,5.4853541595657225
rotation,16.07048958615967
rotation,19.58294601626083
rotation,9.176180717361829
rotation,16.275466144368796
rotation,13.212360652066902
rotation,5.978462443271065
rotation,6.8458655883128605
rotation,10.3985183080642
rotation,34.4053810586242
rotation,11.727185078628535
rotation,9.68710392061252
rotation,15.052336835568555
rotation,9.444342222233198
rotation,18.90844111774877
rotation,8.71972256479885
rotation,10.720495819221819
rotation,8.403875302047625
rotation,13.506848339027123
rotation,6.543390403166437
rotation,18.473136482261253
rotation,12.687383845704513
rotation,22.108927656279363
rotation,22.315409049718824
rotation,34.955527327365445
rotation,30.500813096233852
rotation,43.03229172120832
rotation,36.08767436339696
rotation,32.51104248570009
rotation,29.78231684174347
rotation,20.543465473736237
rotation,20.35867362986234
rotation,134.0482221187387
rotation,32.23805689672256
rotation,140.86670573651452
rotation,10.94499599017572
rotation,152.79926628786245
rotation,13.848554116644548
rotation,164.71083841772096
rotation,16.680309251188064
rotation,173.9839059237804
rotation,21.564577849916
rotation,173.14592367849738
rotation,171.5013375924765
rotation,172.20950463217696
rotation,174.0088986694245
rotation,173.49204902517917
rotation,173.6155838544779
rotation,171.44100046267513
rotation,173.72845681792484
rotation,174.23582411347593
rotation,173.75076029858877
rotation,170.5173310684864
rotation,176.96495744242202
rotation,176.68049412908312
rotation,170.02913565959665
rotation,165.22977859500313
rotation,169.99505378754054
rotation,162.09308215436064
rotation,170.97647610079395
rotation,174.024618002247
rotation,1.9031274392046964
rotation,175.04622489713503
rotation,8.003322979261338
rotation,174.92206155846316
rotation,10.839277830382274
rotation,171.41901136784207
rotation,9.795818197474727
rotation,166.580844555228
rotation,4.893483440010348
rotation,160.51639694265134
rotation,2.550587581856618
rotation,1.9928470338533093
rotation,80.02462923011582
rotation,7.167914162297632
rotation,157.66557365685284
rotation,81.59427118894072
rotation,5.506520875484093
rotation,101.78789082856858
rotation,8.932724447595053
rotation,64.0607698304624
rotation,10.373506978840576
rotation,7.368657381821448
rotation,9.255871110632253
rotation,7.889790805052476
rotation,3.306328286075817
rotation,9.838506596849843
rotation,6.708082743968781
rotation,17.810329612088733
rotation,30.933013328717585
rotation,32.78166316847241
rotation,44.739116640110666
rotation,12.253047596473722
rotation,155.12292324886997
rotation,18.236019509846017
rotation,25.504645800621752
rotation,127.92057291247913
rotation,9.638239642023482
rotation,8.078626848212775
rotation,66.19910294096996
rotation,1.8053377242126298
rotation,5.358290519157195
rotation,27.85698793754336
rotation,6.0444591629251265
rotation,3.7889524628494406
rotation,5.851638515149674
rotation,2.444374754980473
rotation,3.3526894777482505
rotation,56.12679831585586
rotation,1.1872211047182808
rotation,7.075868703629673
rotation,3.0472555519057662
rotation,41.50649948173259
rotation,2.4999229971247203
rotation,12.3396961328858
rotation,3.13224421289277
rotation,21.041155113034765
rotation,2.946611440810985
rotation,7.578226771757954
rotation,0.6484289976150793
rotation,7.920436019425115
rotation,5.902397480730933
rotation,3.9220704764718137
rotation,3.624461788488265
rotation,2.820081262479269
rotation,0.40606799592866993
rotation,0.5345205232875216
rotation,0.801622902670011
rotation,1.2894375868746475
rotation,1.6219473290474846
rotation,2.5841881482951123
rotation,2.322078021887978
rotation,3.8154333781102863
rotation,0.5089679209351752
rotation,0.8210114747731724
rotation,3.217222105713061
rotation,2.1666771182667484
rotation,2.608198803455434
rotation,2.040188463750974
rotation,1.7033965079301543
rotation,2.3216601612932837
rotation,2.372436364670221
rotation,1.144729985154602
rotation,1.7474056075685294
rotation,1.8990563689953868
rotation,1.25104413289479
rotation,1.3402421964877682
rotation,1.0958028066799814
rotation,2.386641511326019
rotation,2.4069380430917895
rotation,3.1148158533576655
rotation,6.185792472744453
rotation,3.6182986859832886
rotation,3.1540685259743366
rotation,9.504129182986734
rotation,3.6574294859531356
rotation,3.30793895119745
rotation,8.946552813638702
rotation,4.5953405752237515
rotation,3.4523937498804567
rotation,5.4399679660134375
rotation,4.3310352914067005
rotation,2.1320330494392805
rotation,2.922396731191919
rotation,1.6527260749613184
rotation,0.5658336928593702
rotation,4.317041086831742
rotation,4.534667193434695
rotation,1.3035223808880034
rotation,7.5626182735122525
rotation,5.3085913089593415
rotation,2.377135788379058
rotation,8.369977725895936
rotation,4.3526997232152524
rotation,3.6192559897793304
rotation,4.751229119450139
rotation,2.392956235392405
rotation,1.8909191962444987
rotation,0.8573883585360155
rotation,1.8615365739036747
rotation,1.0784256032167443
rotation,2.290754316076755
rotation,1.0335723396142285
rotation,2.8967936449943137
rotation,0.2640301454912145
rotation,1.8805722367474806
rotation,178.11072282557686
rotation,5.346328802060721
rotation,177.35989394213703
rotation,3.8846890646487022
rotation,176.7539358325782
rotation,2.7776428121730623
rotation,176.4270103781183
rotation,2.658558957024419
rotation,177.44130989350555
rotation,177.47685778294166
rotation,177.63970614907024
rotation,178.20584177440816
rotation,177.982576730773
rotation,177.3719956316812
rotation,178.1195306253721
rotation,176.90663148646541
rotation,176.8696264321986
rotation,176.0675304642057
rotation,175.78872095433823
rotation,176.3022689028131
rotation,175.8373569218598
rotation,177.0279713029976
rotation,177.1419074334179
rotation,176.42918127566224
rotation,176.6209573194968
rotation,177.15325489375854
rotation,177.82112275257086
rotation,177.30982010164647
rotation,178.065019338027
rotation,176.33790224687056
rotation,177.2707804224738
rotation,177.61028448051292
rotation,174.80554196899917
rotation,176.66501946540893
rotation,176.85653360425502
rotation,175.40620847161043
rotation,175.52715895473426
rotation,175.58836581795038
rotation,175.80296083614365
rotation,175.20981259573801
rotation,174.18907328376406
rotation,173.89959374711793
rotation,178.5914889727504
rotation,176.58001816982232
rotation,171.21117063341072
rotation,175.37301043202802
rotation,177.1698492871172
rotation,173.0581645792452
rotation,172.6109542954977
rotation,177.1393079264161
rotation,177.25087499529212
rotation,173.68572378362592
rotation,176.4965350612356
rotation,176.2287217648006
rotation,3.476280900936141
rotation,4.609852436148203
rotation,3.459647894452816
rotation,4.33646465981455
rotation,4.394532769395859
rotation,7.165557089087624
rotation,7.003328076526462
rotation,7.925910486435292
rotation,8.131403256310547
rotation,5.335624936126731
rotation,7.034448108624747
rotation,6.1984750156894455
rotation,4.975900632034905
rotation,4.952187407497172
rotation,4.772861637564798
rotation,3.8394493006982513
rotation,2.9801433656787486
rotation,6.4715691102807
rotation,4.644530175175978
rotation,3.3328874650197156
rotation,9.158782901847761
rotation,7.705405202988384
rotation,4.919516280607287
rotation,11.493988768857891
rotation,7.565129444950782
rotation,9.039994180663331
rotation,16.311660348208846
rotation,14.467967218231246
rotation,16.38167164738721
rotation,18.93612367043352
rotation,14.455195385382394
rotation,22.897753440765886
rotation,21.770628661191427
rotation,23.55700193569035
rotation,31.45244155144715
rotation,24.42549603801196
rotation,120.1816732369847
rotation,145.81607611210268
rotation,131.5332323794441
rotation,176.54606160171383
rotation,145.4251741339276
rotation,168.4036119227329
rotation,147.32805654202812
rotation,58.51682110070425
rotation,173.93084989057357
rotation,143.13268286907842
rotation,36.9501369517426
rotation,149.18130002553872
rotation,31.771377608809185
rotation,129.00543708031773
rotation,13.876498084833605
rotation,120.64233168801236
rotation,7.289068346103366
rotation,110.4032542712913
rotation,13.973046779967872
rotation,31.220800720036664
rotation,16.70076913216708
rotation,21.652163756969678
rotation,7.251017085344463
rotation,25.555404435825228
rotation,19.25365418896047
rotation,17.394051670099454
rotation,6.266369720695535
rotation,1.0446123229567696
rotation,7.736083784554943
rotation,12.24937729552462
rotation,13.318021733242135
rotation,28.02180582796299
rotation,12.192154386404912
rotation,44.82350688671002
rotation,30.562428866236633
rotation,12.229404057072804
rotation,20.212742369793286
rotation,12.819640523540324
rotation,12.017125881059075
rotation,9.570611693699961
rotation,3.1149791267078286
rotation,68.72794285744892
rotation,8.165890875345813
rotation,28.5340610837672
rotation,27.274740623833598
rotation,25.992115560714474
rotation,39.70997835892124
rotation,12.165582506993307
rotation,45.68334339977258
rotation,8.262822834072596
rotation,4.758841494237258
rotation,9.660604356423642
rotation,42.162335988441285
rotation,10.066782758830353
rotation,20.822203770367725
rotation,3.012861519548805
rotation,8.396717378658755
rotation,0.7179541034769029
rotation,7.6086533761083075
rotation,4.208956446085585
rotation,9.273815435154729
rotation,5.434598696338204
rotation,3.6336283466760864
rotation,5.153963549371877
rotation,3.788803960067039
rotation,2.472997521411009
rotation,55.2883772115358
rotation,7.008057907578029
rotation,3.570318537485801
rotation,41.80056362592502
rotation,2.7475624036335384
rotation,0.5417970653823042
rotation,18.775485159889186
rotation,1.309194967719259
rotation,3.0018287509018324
rotation,2.1481814334269536
rotation,3.60014400652431
rotation,1.6228214041855717
rotation,10.129497279610327
rotation,10.092890140421162
rotation,7.253863961094908
rotation,8.475252651105597
rotation,14.6579736000298
rotation,18.39313501215717
rotation,8.912136086636155
rotation,11.696394107567379
rotation,11.706184303378794
rotation,18.079985164406715
rotation,6.493264094348034
rotation,10.19069555123577
rotation,12.75302120601322
rotation,16.904433265687356
rotation,6.755168134584378
rotation,10.730731001318954
rotation,23.69089103997018
rotation,18.320987980274925
rotation,11.663212242707987
rotation,8.514164617758844
rotation,34.37099229698324
rotation,16.511794500044736
rotation,13.932395516523027
rotation,10.632875847006328
rotation,33.5583172139876
rotation,9.914841806939071
rotation,9.08923009507576
rotation,9.578251892217324
rotation,11.218466657619945
rotation,17.50296819469716
rotation,14.207626862912607
rotation,7.381976865994626
rotation,14.536594121846282
rotation,25.069755736661325
rotation,27.575464463021845
rotation,20.757493364737954
rotation,18.27814603581052
rotation,15.42314940155611
rotation,16.614244873196622
rotation,13.632552855097051
rotation,9.886171181922599
rotation,5.878740237450139
rotation,0.9579967084228911
rotation,16.753403811375488
rotation,34.40617690934646
rotation,38.34742685239909
rotation,25.156685797048826
rotation,37.94425822033175
rotation,27.304501495048527
rotation,15.668293997987579
rotation,50.75106630989721
rotation,37.406791063071175
rotation,61.05269738021592
rotation,60.354903586217944
rotation,53.31721674714449
rotation,58.08385115186015
rotation,69.2383014119479
rotation,74.37960260784692
rotation,73.2423118838545
rotation,83.56451195930953
rotation,120.97058866961339
rotation,85.03889448404513
rotation,147.80898127404646
rotation,96.92240603424747
rotation,146.71987190603193
rotation,124.91378323569171
rotation,152.342710832737
rotation,117.53027530921061
rotation,135.3666716115497
rotation,109.99255324453183
rotation,125.0461569367517
rotation,103.46243622154198
rotation,122.39922379582343
rotation,124.81299672754388
rotation,150.68333938576856
rotation,144.30147543106028
rotation,163.66086332617212
rotation,143.20351720715678
rotation,169.23702719745583
rotation,145.70234318467678
rotation,165.04280967584927
rotation,160.0886594470604
rotation,157.23215501810805
rotation,147.2070544823276
rotation,153.3683898477415
rotation,151.06608458230085
rotation,173.49741896136905
rotation,133.42458402634168
rotation,161.49322444949595
rotation,133.22047694417603
rotation,149.7354114545941
rotation,141.51592572753628
rotation,152.92412886986824
rotation,150.3075723630011
rotation,159.84646238101354
rotation,162.9928873339447
rotation,160.49617821793146
rotation,162.2738731393513
rotation,170.88969952671124
rotation,159.63083546791475
rotation,172.71790557257054
rotation,146.71753168311213
rotation,179.20889647798938
rotation,143.0739991227761
rotation,172.39406444111773
rotation,137.0874708968786
rotation,171.74615895371633
rotation,140.16486294917632
rotation,166.61900893125977
rotation,157.06134107108386
rotation,163.38524126987303
rotation,170.85400446196488
rotation,168.4698877758869
rotation,150.1304515922344
rotation,162.88479508028146
rotation,159.6757552316038
rotation,159.12903864095546
rotation,167.16755605052265
rotation,149.37713472805433
rotation,170.02257926977592
rotation,152.40328371178427
rotation,169.04612516605562
rotation,123.56309774250279
rotation,152.01880467903334
rotation,85.6109103199755
rotation,137.81769249872013
rotation,66.91852916543446
rotation,135.01810871024625
rotation,70.77842857179107
rotation,133.58478421601933
rotation,40.72975073828715
rotation,138.53766391640804
rotation,11.473447505054436
rotation,130.5633444440378
rotation,8.692993582387524
rotation,121.77304896957372
rotation,27.274411169291906
rotation,104.65667930732133
rotation,39.43834275878627
rotation,87.77510269294082
rotation,39.97963747429788
rotation,67.47269774421716
rotation,34.13639121887562
rotation,32.44530641445374
rotation,22.103585020854478
rotation,4.461356798177034
rotation,11.2048565279326
rotation,15.752294534217201
rotation,9.937483253523679
rotation,15.06854329973265
rotation,14.468319658951962
rotation,3.4876567178378775
rotation,46.5385074069405
rotation,11.699812132621341
rotation,106.26065188766496
rotation,12.489947288751068
rotation,161.20111629609315
rotation,17.94474146455319
rotation,168.19783620521034
rotation,17.265381379409654
rotation,174.5243351527282
rotation,162.61128389619083
rotation,153.52127661915603
rotation,63.202987189621204
rotation,71.49349019519978
rotation,155.93126628623074
rotation,154.59485763826163
rotation,143.15740837899756
rotation,136.19337810017166
rotation,150.92563405782732
rotation,172.1918714860446
rotation,152.9144177567533
rotation,124.93658404939632
rotation,92.82596311286052
rotation,91.95395975763675
rotation,66.99012181694212
rotation,31.809694908290545
rotation,6.174773283600166
rotation,11.785923556047495
rotation,13.945794400360432
rotation,11.611781720907521
rotation,10.898658826477972
rotation,5.461448356186894
rotation,2.810309885466132
rotation,3.5756134523120404
rotation,4.0885277152605966
rotation,2.5487270542886074
rotation,3.9541454119746073
rotation,3.0127596365999563
rotation,3.801977332046068
rotation,2.4171749710304793
rotation,2.6619934358430624
rotation,4.594547934626982
rotation,1.2819044899911374
rotation,4.026667658495451
rotation,6.047437686595723
rotation,7.6437830117222765
rotation,10.201863213137436
rotation,14.315810455503991
rotation,13.334453589708556
rotation,5.3997550353040795
rotation,4.9077028511729255
rotation,10.963568785626736
rotation,14.440458219697954
rotation,14.880240794579457
rotation,6.198337902220125
rotation,18.38077453140161
rotation,166.15143425426393
rotation,178.7023472498972
rotation,168.36312019873733
rotation,164.82921584220787
rotation,162.03698633999016
rotation,166.27108484780803
rotation,162.30888897700117
rotation,139.05749191857348
rotation,134.65562450861069
rotation,145.61429631292876
rotation,107.23646037884588
rotation,74.22056453212224
rotation,46.60295957979913
rotation,42.31194370898114
rotation,25.808094664763807
rotation,12.207798043617522
rotation,3.203121174164152
rotation,8.991562857024702
rotation,0.9521718860156287
rotation,3.1795235685078174
rotation,13.804345448239244
rotation,11.456745013135786
rotation,6.975141472989254
rotation,4.267024994149876
rotation,8.360808399382508
rotation,14.206494548118057
rotation,14.953546281090976
rotation,10.018303858755711
rotation,19.25919682635451
rotation,42.32323634250737
rotation,58.17617671969781
rotation,94.57093767195504
rotation,140.54716217447447
rotation,150.4009981934651
rotation,125.0857907611246
rotation,107.12135536993269
rotation,111.09165554062142
rotation,126.93189850317654
rotation,132.22887108106605
rotation,154.03875895319106
rotation,165.6352336434272
rotation,174.29310638663824
rotation,170.38973748721205
rotation,169.65627576779997
rotation,161.50525266199256
rotation,172.87857414539852
rotation,169.0858587369293
rotation,157.33510907121715
rotation,165.76415990346248
rotation,168.108339647621
rotation,131.8604154157453
rotation,102.13333869635446
rotation,93.32732237812719
rotation,140.47837225204174
rotation,89.61463482288329
rotation,75.37241078073527
rotation,54.95492209280325
rotation,43.46936754589002
rotation,41.96545238907155
rotation,77.08434690408951
rotation,38.2109169002418
rotation,69.45694847956275
rotation,25.41831104359993
rotation,8.30372472447795
rotation,43.45553434594204
rotation,41.510479013889615
rotation,45.08153890836979
rotation,43.37365970079375
rotation,51.730273356420824
rotation,43.468456029102335
rotation,42.46525757426878
rotation,41.256682349945024
rotation,45.040879933053375
rotation,29.591429393340817
rotation,49.205976927566596
rotation,28.347178817081254
rotation,58.36334779583548
rotation,51.18411676565947
rotation,69.23574528058094
rotation,55.73406381807137
rotation,73.80264706888092
rotation,56.02848904811756
rotation,71.86346851476914
rotation,44.395153912286595
rotation,104.22775069352537
rotation,18.35591909205422
rotation,159.49091245737057
rotation,141.1417240992974
rotation,138.4209228524842
rotation,106.02104556379028
rotation,139.99087840996367
rotation,137.51609320003473
rotation,144.97826567671962
rotation,150.00795232136863
rotation,152.77643477852368
rotation,162.32304858178733
rotation,139.7300483664552
rotation,108.46791114762082
rotation,87.06602566392851
rotation,86.6013849422349
rotation,120.7776337441212
rotation,124.79277283659414
rotation,139.3248333723717
rotation,111.9637530105262
rotation,151.064780984065
rotation,102.4397353883354
rotation,159.6549866419802
rotation,164.50430497108727
rotation,163.23800636397124
rotation,100.50082981151341
rotation,164.71833884507572
rotation,101.22133011684485
rotation,131.45274032119573
rotation,104.84624248843443
rotation,97.87359458018707
rotation,73.90511256453397
rotation,70.3180434525347
rotation,65.83332841329934
rotation,81.95546973247664
rotation,108.32815180657974
rotation,118.35549850974691
rotation,115.11743747093978
rotation,123.30973698989293
rotation,161.02574242248625
rotation,112.15538407338416
rotation,90.22957028296527
rotation,60.00934897713199
rotation,70.01264943523334
rotation,44.63671662883858
rotation,58.392147417891984
rotation,43.29191619427005
rotation,46.37473913999609
rotation,31.15701547056827
rotation,23.768785615759462
rotation,9.20998993284134
rotation,5.342658364001017
rotation,4.885550142860676
rotation,13.992827020259908
rotation,3.792484406246381
rotation,23.34646393337074
rotation,18.314102161836736
rotation,26.05728974471693
rotation,15.777951934882495
rotation,18.347903429582125
rotation,8.550052480083423
rotation,13.378181088766176
rotation,7.6943208798597995
rotation,17.075916023852404
rotation,12.338508517813779
rotation,20.861903011512258
rotation,16.98867038485132
rotation,33.116644685414066
rotation,31.652143774765708
rotation,37.47135754645091
rotation,119.0334416038713
rotation,140.77170353701314
rotation,112.94481993784873
rotation,136.66533435705665
rotation,139.19136360416576
rotation,138.39207374883023
rotation,86.50265640784372
rotation,147.98374565341345
rotation,92.21839369540001
rotation,114.29707083951004
rotation,116.88398718575887
rotation,112.38345782606967
rotation,165.16162307265847
rotation,116.28688249091964
rotation,172.2405692689838
rotation,131.06864561450593
rotation,165.31364383373162
rotation,138.39008024993294
rotation,153.1053484672122
rotation,145.29965308756726
rotation,147.58532214175085
rotation,149.48027226946985
rotation,24.004972840873346
rotation,101.91897873620971
rotation,16.669341036824115
rotation,97.66531526078495
rotation,10.590948566258739
rotation,104.42865282569046
rotation,0.8040154678775048
rotation,1.8509169974037551
rotation,5.879424092656035
rotation,8.655042815608665
rotation,4.354439798483105
rotation,13.80352832900272
rotation,10.728816087596867
rotation,13.36776717727604
rotation,10.116566275367834
rotation,9.158738271731378
rotation,13.088426777913204
rotation,8.089970365561753
rotation,10.736708864506863
rotation,10.616148713568139
rotation,18.22339784803273
rotation,18.789419706360178
rotation,24.26403228060783
rotation,22.23430207556082
rotation,28.17418179861617
rotation,17.79395647486643
rotation,32.209284983398696
rotation,4.25099132554966
rotation,36.23859484429657
rotation,23.627069000353693
rotation,30.947245469348346
rotation,43.16566909079027
rotation,21.239415822156978
rotation,56.45595019129158
rotation,12.729258982295894
rotation,52.173643462805074
rotation,42.17515913099543
rotation,144.95510447050827
rotation,18.65346457471377
rotation,94.1689609822932
rotation,30.844003535555338
rotation,62.196618019587724
rotation,50.24778850685017
rotation,56.66325806390925
rotation,56.94549873198059
rotation,48.25262561376739
rotation,65.06132087665486
rotation,23.66966089109474
rotation,38.9572820167245
rotation,16.461879139311822
rotation,29.644695793585043
rotation,21.49179736281073
rotation,14.963530984371664
rotation,31.36957944050206
rotation,11.554226361082332
rotation,31.320606374037432
rotation,11.983022884879183
rotation,23.42828823896913
rotation,6.900109019635318
rotation,49.31905775670786
rotation,16.807092459721243
rotation,92.71065795699268
rotation,62.42313718973016
rotation,110.41912360621414
rotation,115.42552860199015
rotation,155.3545714961612
rotation,97.00798154756644
rotation,116.32677208876562
rotation,72.76833401950147
rotation,114.50927746764962
rotation,54.73207243153573
rotation,34.16789345918504
rotation,110.80810100025951
rotation,47.35723670923602
rotation,18.318241491143215
rotation,66.69196146291863
rotation,66.78530306543722
rotation,52.668162273280586
rotation,30.943428901969916
rotation,62.55597794538317
rotation,52.330076354934164
rotation,53.233460701587454
rotation,33.57745251832554
rotation,58.919326765232775
rotation,48.27645760780256
rotation,36.517877673945414
rotation,31.241849598802073
rotation,54.64895208343198
rotation,42.49356605264275
rotation,15.746021459065737
rotation,24.497895910155396
rotation,49.50810703477574
rotation,39.95827599118972
rotation,41.1851442943481
rotation,42.983561370140926
rotation,39.342377921788156
rotation,65.72436664082899
rotation,104.67019171029897
rotation,99.13618356591651
rotation,67.40596572988004
rotation,100.13347447877452
rotation,74.78999120237066
rotation,39.54450264735707
rotation,37.74651287415166
rotation,31.80298450656445
rotation,34.367392788964416
rotation,37.791199816058985
rotation,32.681051452855485
rotation,21.647757515797732
rotation,21.912814256272366
rotation,13.091020270453535
rotation,25.992493783467403
rotation,26.080578961839144
rotation,27.94093358646495
rotation,21.149061892360507
rotation,27.10743863003894
rotation,34.82528594130306
rotation,52.24869772343147
rotation,51.76448076824298
rotation,22.57142094881077
rotation,8.748203728708372
rotation,13.130865427098867
rotation,12.8253682434587
rotation,13.468794847319439
rotation,14.52488651195483
rotation,39.5122065817805
rotation,14.285373348738386
rotation,33.154299606856334
rotation,15.832055090775572
rotation,25.310593370091652
rotation,16.52457156503828
rotation,19.69524123391972
rotation,11.97940684887442
rotation,21.41636710705567
rotation,8.189204287351325
rotation,16.485541286200103
rotation,28.54375390931838
rotation,10.955588916007544
rotation,57.98762553730963
rotation,9.614416677338468
rotation,82.91714650650175
rotation,61.91045773680042
rotation,14.456864718638162
rotation,96.69014899084274
rotation,35.398347542225984
rotation,15.828676092645715
rotation,86.77506116234093
rotation,29.317236788071224
rotation,15.092602844654584
rotation,54.47244307384291
rotation,25.607615396668876
rotation,23.91079339569917
rotation,12.649234147717959
rotation,46.54325637675936
rotation,23.124926686165704
rotation,61.05010856572263
rotation,30.591537329363327
rotation,31.185170609790628
rotation,18.98975501142519
rotation,63.51237902084328
rotation,24.63962071202999
rotation,28.40654533488348
rotation,12.938566905485528
rotation,100.10533933721095
rotation,52.87583868583106
rotation,29.60101369392588
rotation,20.295114625097405
rotation,107.91472596403185
rotation,73.18219790266447
rotation,26.91534001273663
rotation,34.796003458463844
rotation,114.2514715718153
rotation,88.86431777554229
rotation,81.26439620312995
rotation,163.38992906610383
rotation,167.03849237896125
rotation,170.85066573216307
rotation,168.70929590091404
rotation,153.21806012294394
rotation,152.0233035775797
rotation,154.15292535496454
rotation,158.2494619665746
rotation,166.95302945790453
rotation,146.09746140247418
rotation,80.97172785295753
rotation,44.572150959870505
rotation,20.20487487803697
rotation,82.31595264192993
rotation,6.265607296887615
rotation,42.41211350271623
rotation,7.821473733901746
rotation,23.062390780556377
rotation,14.560025741303226
rotation,21.54977940812355
rotation,16.13260577082017
rotation,16.861712478895466
rotation,13.535885110699228
rotation,12.125650492853206
rotation,12.220086713825971
rotation,5.261382439126231
rotation,8.6539604204269
rotation,2.6874865658928395
rotation,4.680948591409061
rotation,7.116672709155237
rotation,3.1872446883588417
rotation,11.166160602271088
rotation,1.3180836687911668
rotation,13.509729839528564
rotation,1.956136467536614
rotation,12.260926993229436
rotation,5.4343106785009985
rotation,10.604861779541254
rotation,7.1900367962542555
rotation,10.248725449870667
rotation,9.827415275238588
rotation,16.46192572051842
rotation,14.078909296997248
rotation,18.039726656010544
rotation,17.12700609276809
rotation,11.551737995905835
rotation,13.19451438675253
rotation,5.751377951295975
rotation,10.436357429100473
rotation,3.78803643884952
rotation,4.873867588956087
rotation,7.423907847165538
rotation,4.919296836672776
rotation,9.124026091288048
rotation,8.459808338091145
rotation,8.150703418884818
rotation,10.396421673012227
rotation,3.577485222146261
rotation,7.874244114254363
rotation,17.50576185131559
rotation,5.862295601362747
rotation,30.572016634422475
rotation,16.524609396055933
rotation,27.981138564808756
rotation,29.20054981488474
rotation,34.63412151232684
rotation,36.46063321035027
rotation,27.38999101783703
rotation,33.86414272770172
rotation,26.730375049589387
rotation,18.13211921668363
rotation,33.706654674041715
rotation,82.32730358626699
rotation,35.51380100491662
rotation,101.40495640228332
rotation,36.10167611059712
rotation,120.05947344130037
rotation,112.63248934925633
rotation,125.24870681093765
rotation,16.287717802258015
rotation,22.265380512205503
rotation,25.408229804568567
rotation,11.405132530014537
rotation,7.717781624531664
rotation,18.039582893204287
rotation,26.866928083305012
rotation,25.304617194743894
rotation,23.616571994561138
rotation,27.00315584139421
rotation,31.955331527908683
rotation,14.211188650228204
rotation,17.846150627001933
rotation,14.193835600173985
rotation,21.790149109336184
rotation,33.7991712575305
rotation,44.10360869909326
rotation,35.53202103310488
rotation,63.23153088193382
rotation,31.09770214977506
rotation,71.8663915833341
rotation,21.529217028070093
rotation,82.92582047933963
rotation,6.1052972419363
rotation,145.42713293264043
rotation,6.064389146042445
rotation,161.426696749464
rotation,28.49100029067483
rotation,170.4351531033039
rotation,51.874227013044894
rotation,169.8922482707071
rotation,84.22062837804557
rotation,163.85065802249923
rotation,101.99063464214139
rotation,164.99727482604467
rotation,115.38407225080698
rotation,170.5815522350329
rotation,140.7172051837019
rotation,164.2404482087786
rotation,162.9138217379413
rotation,163.23781136187745
rotation,169.2265698548134
rotation,162.2069994163881
rotation,173.00136713390071
rotation,161.90963963489688
rotation,175.85579651279755
rotation,164.56075834849824
rotation,167.21570429535691
rotation,174.29075155318472
rotation,168.5389371257517
rotation,178.62052745902847
rotation,172.80754044876207
rotation,174.82565610877077
rotation,164.07840062385557
rotation,169.4873161615933
rotation,161.67643142015115
rotation,165.37865982880348
rotation,169.59951300630797
rotation,160.3675397131549
rotation,167.10133942214784
rotation,176.11472716791172
rotation,165.93806131158962
rotation,172.74813383184144
rotation,171.13718077725437
rotation,176.42816601831183
rotation,161.5995695874514
rotation,153.9949870862611
rotation,177.28416778217
rotation,147.90444210972322
rotation,142.74505429206587
rotation,105.73900159731315
rotation,125.57975572848422
rotation,121.40993356504437
rotation,96.28685234542971
rotation,77.88693118927713
rotation,69.55022691531218
rotation,64.86034404051875
rotation,61.03964581868247
rotation,85.4938620120964
rotation,50.12668187099379
rotation,62.34843565150346
rotation,47.33507569967028
rotation,43.92498398605833
rotation,48.06546005661302
rotation,40.835607194759625
rotation,44.86596075209549
rotation,34.581656966706355
rotation,37.16336483216263
rotation,29.283879035964343
rotation,24.67890580980758
rotation,21.990901848643624
rotation,8.06361733525936
rotation,12.502024122561055
rotation,23.344091555905635
rotation,58.52518609744019
rotation,61.11512351830985
rotation,60.42932408828678
rotation,55.57831393948422
rotation,48.39685718735183
rotation,38.206068876247976
rotation,19.642465180980384
rotation,19.12446656160684
rotation,64.01796858534604
rotation,26.17255330657281
rotation,61.6855303304067
rotation,46.4816231430329
rotation,57.45221335507753
rotation,60.10916263001751
rotation,67.83391979039772
rotation,60.310834887237256
rotation,69.9207658600674
rotation,71.76340743851912
rotation,71.77155728445479
rotation,73.06545457649986
rotation,74.63077542827938
rotation,70.84503177752669
rotation,80.20377727970357
rotation,104.22939541822157
rotation,69.70601273058041
rotation,84.72338366419108
rotation,113.88481439535293
rotation,69.25774493673386
rotation,87.46452747085578
rotation,112.84058872048222
rotation,69.50822617979858
rotation,92.33815071269582
rotation,125.90900371243931
rotation,108.78587780059641
rotation,71.09277591348238
rotation,104.59070663137764
rotation,110.50161655169619
rotation,94.96921574158067
rotation,64.20009176190415
rotation,131.88099998693218
rotation,107.28990764819756
rotation,86.50563498471018
rotation,58.54415961221387
rotation,171.46764640465545
rotation,100.41773398921356
rotation,64.57593831297912
rotation,65.22627586191676
rotation,171.17304940239953
rotation,82.74208352158713
rotation,62.06041683767388
rotation,62.06595122836019
rotation,143.34563197665506
rotation,36.10383918516912
rotation,65.93337807073912
rotation,77.14869601741388
rotation,101.45601153633126
rotation,88.72761199451794
rotation,77.68656712246369
rotation,56.3958668436494
rotation,67.47417442402916
rotation,73.82409218788383
rotation,76.58181369905206
rotation,78.26428969231
rotation,145.02660532783844
rotation,78.02418069058719
rotation,132.71565852974462
rotation,71.6631685931965
rotation,110.78855796996096
rotation,67.80620077340932
rotation,73.49197115883996
rotation,56.344712343894216
rotation,26.84708405920755
rotation,50.01544694663617
rotation,16.996987333025945
rotation,40.61229219664907
rotation,29.065265470061647
rotation,46.53563501490575
rotation,36.95987175087905
rotation,40.51537321286334
rotation,147.26464841580267
rotation,36.83429018414409
rotation,94.76443730063382
rotation,35.111607630696355
rotation,48.427605495696326
rotation,24.739953671574042
rotation,16.07410692117858
rotation,37.08677311572223
rotation,22.52005402987702
rotation,8.482494790151494
rotation,23.97234510281036
rotation,46.11012243942431
rotation,19.489360694617428
rotation,8.02376415763727
rotation,19.33140279539626
rotation,31.987721166423945
rotation,16.306239330566427
rotation,2.9567130312388032
rotation,16.242925057556253
rotation,22.524475297663123
rotation,9.093150923994978
rotation,8.858553381929951
rotation,14.956582292391369
rotation,16.3194752121669
rotation,3.50679596435941
rotation,15.20268656589141
rotation,18.432880703635767
rotation,5.055865157799254
rotation,11.953841106681397
rotation,14.284743578481184
rotation,37.168445175692796
rotation,19.871962448799195
rotation,29.04984640454556
rotation,16.745778839662446
rotation,103.88580907711733
rotation,42.90174573980524
rotation,44.88329150721707
rotation,73.49770388378171
rotation,152.0667809760758
rotation,176.8365857813333
rotation,164.6729451958374
rotation,166.3472990423358
rotation,46.14144128295847
rotation,43.41525932038222
rotation,125.31705360846847
rotation,41.626456831461155
rotation,170.49205705851952
rotation,23.551356225332825
rotation,176.3763559477488
rotation,9.939856978914
rotation,171.22143781902574
rotation,20.20427346631665
rotation,158.3992846266191
rotation,25.466933877282568
rotation,142.10648841377815
rotation,28.733036932777946
rotation,104.35988140072507
rotation,28.71596506421141
rotation,49.973602151263954
rotation,24.99145357570808
rotation,15.663556080994553
rotation,20.934598660402308
rotation,156.81937720639277
rotation,8.311758872970497
rotation,4.954955468144513
rotation,20.271496560120568
rotation,12.175741085146338
rotation,14.41627894083598
rotation,28.36610936372027
rotation,170.0025493996289
rotation,8.817698423436298
rotation,46.65230757500071
rotation,161.08705732792777
rotation,24.895817087075848
rotation,116.71616945888738
rotation,173.9279553500999
rotation,159.5614816498534
rotation,17.60587004933208
rotation,145.9907769593785
rotation,11.336556030879564
rotation,147.4522823954393
rotation,20.89010218559025
rotation,3.598646720580779
rotation,109.91052036546026
rotation,11.43806758562716
rotation,4.713701410593242
rotation,36.207598116804874
rotation,6.240705407276985
rotation,10.503507380321377
rotation,13.522576466447296
rotation,25.200515358977672
rotation,9.466026229400821
rotation,29.742363690744018
rotation,35.12591118620594
rotation,157.83065461363273
rotation,15.219432839710716
rotation,150.50304746334552
rotation,28.326198668899252
rotation,148.15850826014085
rotation,50.29672400329866
rotation,165.0009034122623
rotation,44.84868026900091
rotation,172.42306643365885
rotation,32.46416382152075
rotation,152.52719339893935
rotation,34.8537835680983
rotation,141.7167876628393
rotation,62.107280284343176
rotation,144.24379625855227
rotation,63.66296163818209
rotation,160.63827049556315
rotation,42.42794094463977
rotation,147.51533857159083
rotation,23.254836364313334
rotation,148.73535871794655
rotation,8.15635918932915
rotation,129.3620303371132
rotation,19.842234575618242
rotation,67.62254438622107
rotation,22.699163204953326
rotation,16.112347746657612
rotation,14.79571367132324
rotation,12.453770326577853
rotation,9.567358611956905
rotation,19.55831996256659
rotation,19.497610774341787
rotation,10.90280137010774
rotation,22.348267087432106
rotation,9.199951037739151
rotation,29.423514055752875
rotation,4.052612033367902
rotation,31.365468734190642
rotation,4.477803885195529
rotation,19.787818466493775
rotation,10.907976820237954
rotation,13.987014455784916
rotation,102.51222824948215
rotation,15.843955206855004
rotation,139.30521777162045
rotation,11.942891888710063
rotation,170.20596814853155
rotation,72.68486483502781
rotation,149.44324791530954
rotation,100.28750261087268
rotation,140.7945452186797
rotation,127.93235497471154
rotation,143.18985788571095
rotation,157.87394936771935
rotation,151.26339379460913
rotation,172.28314381729174
rotation,161.92579969873898
rotation,166.98553815668862
rotation,155.85264724310008
rotation,167.14681275935547
rotation,136.56484449284739
rotation,169.97945669086053
rotation,129.2144911732432
rotation,173.2895969117715
rotation,144.2248317003462
rotation,171.17596360310964
rotation,159.07345372167708
rotation,168.58382072835505
rotation,175.87935507857085
rotation,166.02960776925116
rotation,133.01421555601533
rotation,168.1279699961865
rotation,43.06136763711743
rotation,173.92587750359397
rotation,12.529173844221994
rotation,146.00620046615305
rotation,6.440622278550482
rotation,97.04755726397305
rotation,14.265860037716715
rotation,57.174522649375234
rotation,21.181408427454006
rotation,34.52498111196103
rotation,22.310791470677874
rotation,17.17436529541812
rotation,14.593100458292723
rotation,5.244212568590701
rotation,2.6160129603295608
rotation,2.1349047756415787
rotation,7.494810669345097
rotation,6.220075286970471
rotation,10.992563036087795
rotation,2.680150277120778
rotation,5.948705473584986
rotation,11.087532393819677
rotation,5.471513616279783
rotation,14.793718413004306
rotation,17.927827821764726
rotation,17.90943947020838
rotation,25.959331506051843
rotation,13.599882204455547
rotation,36.21176264620959
rotation,4.160509835844061
rotation,136.4830561438359
rotation,5.6878983161116095
rotation,163.8801199672152
rotation,14.604780725841362
rotation,176.6279960307386
rotation,173.95820499033357
rotation,125.91222168049912
rotation,26.104691798873983
rotation,8.429942446620917
rotation,4.474352148976761
rotation,1.8360098506714573
rotation,5.1961471846910365
rotation,5.985942572599436
rotation,6.7259323134428035
rotation,1.6828570077826208
rotation,4.178730717224819
rotation,1.7962344244041577
rotation,7.2454783973412225
rotation,3.4398952792127546
rotation,5.102365787890313
rotation,4.911817522442437
rotation,2.109774460487723
rotation,3.349703611160403
rotation,1.38667105439453
rotation,1.2385730407175126
rotation,3.820143475530826
rotation,0.9892931223623646
rotation,4.61743706162874
rotation,0.770577243596775
rotation,9.208867915281472
rotation,2.2063277430980204
rotation,0.9222455854086741
rotation,2.809240549470911
rotation,0.7054687440398032
rotation,2.106684810708597
rotation,1.2110827073326065
rotation,0.14803239503839158
rotation,2.3454981277479545
rotation,0.7696432868925924
rotation,2.8364558784085903
rotation,1.3989066844649551
rotation,7.660634942022145
rotation,1.757229846278888
rotation,3.27541829486
rotation,1.1378325999661008
rotation,14.485677373888421
rotation,2.494230767555176
rotation,3.0705671641130237
rotation,2.2059347393754303
rotation,15.431025208963707
rotation,1.6105149193399146
rotation,2.2991218482963123
rotation,2.755894345358099
rotation,13.075008908656892
rotation,1.3078966455768213
rotation,2.789641275969234
rotation,3.47194244519779
rotation,6.245952103598858
rotation,0.5925454973037093
rotation,1.8077906670363344
rotation,2.7006503944619515
rotation,6.314027543571887
rotation,0.4450979321553413
rotation,1.563494606736751
rotation,1.414519921775283
rotation,12.03946201190341
rotation,0.6313351419955103
rotation,1.7434753023230938
rotation,0.34518469082783254
rotation,13.096856995384945
rotation,4.393810104998755
rotation,0.9660517115769719
rotation,1.2717781562408983
rotation,6.8621063529310335
rotation,4.583812335862629
rotation,0.619006731124854
rotation,1.714530426727455
rotation,8.297280451398803
rotation,4.008366293874441
rotation,1.9521289774255977
rotation,1.8635781267383589
rotation,4.431738500705224
rotation,3.859600331199962
rotation,2.5992523938529835
rotation,25.770563982716112
rotation,5.1314202145044465
rotation,4.941443880088274
rotation,2.3362560815099953
rotation,20.21185977884452
rotation,3.1831787344757356
rotation,3.2561248600124406
rotation,0.8714160913403701
rotation,10.991269304300236
rotation,3.628398517418094
rotation,0.596844710141762
rotation,0.9495984020568865
rotation,9.680017173322248
rotation,3.577334925911345
rotation,1.487179513047139
rotation,1.1729707832154181
rotation,14.818852358202697
rotation,5.272730867566327
rotation,3.483937014543574
rotation,2.16352521121576
rotation,17.56603488927252
rotation,2.9817274115350205
rotation,3.1384029759270073
rotation,1.6435144458956432
rotation,13.961028113412667
rotation,3.2779501387687855
rotation,3.045274888509584
rotation,3.2946771568512387
rotation,8.786601378952978
rotation,4.686257857369818
rotation,2.895353819879862
rotation,3.3768367787663456
rotation,2.937190616870791
rotation,4.354284882781019
rotation,1.4549071833217295
rotation,4.244379663371168
rotation,9.15689625479974
rotation,3.9992041957910267
rotation,0.12812881124951425
rotation,4.558753763546494
rotation,6.446354805306766
rotation,3.0433894468807012
rotation,1.298806890677519
rotation,3.948518074427323
rotation,3.514101334648434
rotation,0.15634316882742902
rotation,1.0113432404381448
rotation,3.3721863334792928
rotation,4.756470262597824
rotation,2.1857929089357877
rotation,0.09262879787107883
rotation,2.746023774824772
rotation,2.361676916692268
rotation,3.1006099907707525
rotation,1.3929899614564374
rotation,2.3262261584717914
rotation,2.2583277209469452
rotation,2.3812591800964444
rotation,2.553164925459511
rotation,1.5228638317035728
rotation,2.832314971818314
rotation,1.8710307835857816
rotation,2.857717700925912
rotation,3.374780814433086
rotation,5.167459273187245
rotation,2.7215051995592496
rotation,2.9201236504442276
rotation,3.9787259487891182
rotation,3.4790783011525184
rotation,3.4166615540815486
rotation,3.5815141586175137
rotation,2.5057477189995434
rotation,3.871644393474245
rotation,2.9285592770130022
rotation,1.5531486686123097
rotation,4.3574213542923195
rotation,1.9372732153775045
rotation,1.2142860062680059
rotation,2.084233464671747
rotation,3.5545459239821846
rotation,1.3281883909257728
rotation,3.5971284457746058
rotation,1.5172611096350672
rotation,1.9414854225689377
rotation,1.7381165657914606
rotation,5.840971397164203
rotation,3.528526836926424
rotation,1.209309168272401
rotation,1.44711926915816
rotation,6.354472054658672
rotation,6.074484236192163
rotation,4.607538199326701
rotation,0.41080516769105385
rotation,5.1436163108454345
rotation,8.931814342998045
rotation,4.412697912345078
rotation,2.4718739601327417
rotation,5.968257106781354
rotation,11.669768128037013
rotation,2.8072037171224897
rotation,5.114014625022694
rotation,14.326069403573609
rotation,11.73467870564242
rotation,4.419160655128091
rotation,4.686283810337871
rotation,11.719899327056883
rotation,7.292625691345338
rotation,6.521943246060922
rotation,17.933339287024303
rotation,8.706651257854663
rotation,9.94447081186094
rotation,11.807206440933163
rotation,18.92231392052161
rotation,4.05168881486568
rotation,9.972950271737803
rotation,18.61507525830669
rotation,9.984087208346802
rotation,10.562422571742385
rotation,18.668794818845274
rotation,42.31481528947874
rotation,2.195114293497611
rotation,30.264309645161614
rotation,50.49886948148353
rotation,68.08075226516848
rotation,10.205741780079249
rotation,46.4255747671229
rotation,114.50619469282184
rotation,90.51987253718815
rotation,25.20804516620677
rotation,70.69824160109415
rotation,135.51242020840712
rotation,107.36298888023558
rotation,55.892389540489035
rotation,110.83001490827897
rotation,148.64591862325724
rotation,134.14705061118073
rotation,133.78642627091216
rotation,151.60410082304386
rotation,148.678742403316
rotation,154.48354491867684
rotation,156.8669110800231
rotation,163.78923385306194
rotation,168.69447445881434
rotation,160.8931433129658
rotation,162.07225302008652
rotation,174.11124369198214
rotation,170.67782546734415
rotation,163.3536352050031
rotation,156.42916288422128
rotation,171.55714042490195
rotation,167.0013519367919
rotation,166.63555947806745
rotation,149.4120917107222
rotation,154.7912413363378
rotation,127.2421237798063
rotation,126.60903847472682
rotation,112.69874030781557
rotation,172.72317948825528
rotation,85.01213786970474
rotation,115.66525093456688
rotation,154.9979114748606
rotation,31.411841592033877
rotation,129.50912818346725
rotation,125.60558421196775
rotation,29.435859652648784
rotation,161.87420252950727
rotation,96.07678083078942
rotation,42.12530701847011
rotation,170.76687897006775
rotation,77.19744502002274
rotation,50.83201141047999
rotation,164.73424754144884
rotation,96.76398092184705
rotation,49.52790784905695
rotation,51.987067520341924
rotation,153.84401475589462
rotation,76.81420683980106
rotation,11.267914356828456
rotation,42.07060808975836
rotation,152.1996564575446
rotation,49.39740415340312
rotation,16.002675386468226
rotation,33.321473367904666
rotation,153.01529692762904
rotation,10.257699020019723
rotation,25.61718335311291
rotation,11.896636665740818
rotation,165.76969280422827
rotation,16.614169152392122
rotation,173.9727512982469
rotation,11.388604245917191
rotation,128.14764506737512
rotation,171.8819997013679
rotation,47.472016591244206
rotation,15.249353331991191
rotation,147.48734437183725
rotation,165.40761441171554
rotation,46.46456277977958
rotation,32.38270171436523
rotation,164.97063112526254
rotation,165.2937709271569
rotation,24.978965863884905
rotation,54.20919400174179
rotation,175.04300686654474
rotation,169.02178064378535
rotation,71.05018969017644
rotation,166.76362708857584
rotation,170.6539848842066
rotation,100.39357390432865
rotation,161.3230094470337
rotation,167.74156111597895
rotation,80.7983023291961
rotation,137.81611091628594
rotation,162.09393255737328
rotation,164.73324030900613
rotation,101.97593492320402
rotation,167.43891214168536
rotation,168.05459445128122
rotation,168.97511688403918
rotation,131.0665755034297
rotation,163.29256582050013
rotation,167.53059918405032
rotation,170.09000679494466
rotation,166.1668445554003
rotation,156.15485360440218
rotation,167.70602756702743
rotation,161.18212702491033
rotation,157.6639573199538
rotation,165.57465021966317
rotation,149.28577356184496
rotation,164.31008410398888
rotation,165.92632411288503
rotation,136.32195209710352
rotation,144.89854848526002
rotation,169.98883031361186
rotation,145.66696115852292
rotation,152.36581623733977
rotation,174.91807530042303
rotation,157.2398066053266
rotation,171.3825462067654
rotation,172.55081566043137
rotation,111.8437837396216
rotation,167.79973896858
rotation,75.47936511230324
rotation,151.43697941363973
rotation,54.72200337052357
rotation,111.89761595897312
rotation,34.93551480622318
rotation,77.10104074411905
rotation,10.961799878250606
rotation,66.67765704223613
rotation,8.564763738112527
rotation,40.90042343999116
rotation,16.220604292201443
rotation,163.36988244807745
rotation,30.056603671301335
rotation,13.68848009767273
rotation,32.63369248056271
rotation,12.852471743375173
rotation,29.854676024111892
rotation,11.037937534036468
rotation,19.815199648358398
rotation,26.645900033259068
rotation,5.537642186367505
rotation,27.35983073514063
rotation,16.305817144382182
rotation,2.4886651524782204
rotation,32.87308393603306
rotation,10.040319690271025
rotation,3.2800334087302345
rotation,25.497646564423178
rotation,8.470583563003228
rotation,2.216193231320403
rotation,19.879789994495628
rotation,10.50240573845102
rotation,2.4150787165548175
rotation,24.57227177124528
rotation,11.789777820599651
rotation,27.840408095647437
rotation,12.592343690889821
rotation,31.4140165656804
rotation,11.032090218606044
rotation,35.741160838243054
rotation,6.577085906524506
rotation,34.97375563945765
rotation,8.205262911507745
rotation,146.22078657273423
rotation,36.00567685288078
rotation,13.631961344222903
rotation,107.07747181700346
rotation,26.8486156589224
rotation,11.059924542035919
rotation,66.75578599668286
rotation,27.12708277342475
rotation,10.973505750892322
rotation,29.876723392198496
rotation,29.86941292168907
rotation,22.394050089726882
rotation,30.51689726343804
rotation,145.16095242633492
rotation,19.010803568340418
rotation,19.929797600931078
rotation,123.70899326432965
rotation,16.353143534249522
rotation,19.281814529026178
rotation,101.98673286611877
rotation,14.482306023167894
rotation,68.97367466985197
rotation,9.164704792991467
rotation,22.40602873635397
rotation,6.253374515256309
rotation,0.5575136852658967
rotation,2.9190541542300092
rotation,4.910265144252114
rotation,4.005463420211037
rotation,117.54348992081108
rotation,4.121809513886814
rotation,4.580177619850813
rotation,24.061135085178055
rotation,3.1777831801207044
rotation,5.023977474528608
rotation,11.125244090924747
rotation,1.2848448083654092
rotation,4.915678341516824
rotation,5.738687525107353
rotation,3.131888933187271
rotation,2.0795208571319885
rotation,19.523706168677048
rotation,11.672003317305801
rotation,4.530485758700682
rotation,2.1708280435725653
rotation,15.599081102072207
rotation,10.456116656542905
rotation,2.956899604833973
rotation,3.501172113544306
rotation,12.53298660861931
rotation,5.604856420728947
rotation,1.3369573364229073
rotation,3.648892470788665
rotation,12.035978687963318
rotation,3.5470694298889565
rotation,1.4152181047443455
rotation,3.6336738480916346
rotation,10.213698825767818
rotation,2.8303933564005725
rotation,1.8660234784161216
rotation,7.142649422845103
rotation,178.14808394753481
rotation,7.6257645042555975
rotation,177.9648595230414
rotation,1.70843247626745
rotation,176.99197269890942
rotation,4.939784553774683
rotation,177.1831208314168
rotation,174.10761902050353
rotation,178.82922094226203
rotation,177.87125159585887
rotation,179.12776161685338
rotation,175.00861697962713
rotation,171.2392517738977
rotation,171.29752124671495
rotation,7.733339655431355
rotation,176.78259198035568
rotation,4.1357198680319325
rotation,173.01068331633653
rotation,10.49007087449914
rotation,169.94624405859904
rotation,7.565082499170928
rotation,3.1894927655712557
rotation,1.0383497130509423
rotation,4.3384587696987875
rotation,4.522425712302577
rotation,9.508841280615314
rotation,7.642338790588102
rotation,9.970460900269961
rotation,10.27550086689985
rotation,7.411537970841159
rotation,11.15395144289414
rotation,43.62325173697395
rotation,7.225507004140302
rotation,1.6436709361722397
rotation,124.01099584512636
rotation,8.348201849354876
rotation,103.00425408820597
rotation,131.54513028181316
rotation,14.15588617830197
rotation,176.2295014906923
rotation,150.31578798391456
rotation,24.842594776242482
rotation,167.47890335376937
rotation,139.85189109486564
rotation,25.68127716900244
rotation,166.05584513078634
rotation,141.06100758249136
rotation,28.50150360649397
rotation,172.82393084798815
rotation,172.1758166448266
rotation,83.59734865602007
rotation,7.911945038435517
rotation,147.16929051205187
rotation,171.70713391400915
rotation,54.61321298475805
rotation,29.122851212799663
rotation,140.98692214196092
rotation,162.52239701086233
rotation,25.099048872405277
rotation,26.975529019562767
rotation,161.51760304275305
rotation,159.3124218027249
rotation,7.864685504463378
rotation,9.52416931878546
rotation,153.261079447548
rotation,138.7851559970154
rotation,175.3052949556155
rotation,167.92658654021974
rotation,169.98798750225555
rotation,173.03500732038705
rotation,178.07226188804069
rotation,175.75206753329712
rotation,157.20986901651793
rotation,163.6458982935948
rotation,151.39325647870407
rotation,134.15976022551703
rotation,149.17932070983602
rotation,78.32828996327257
rotation,173.21985644844605
rotation,34.857171780052205
rotation,118.31416555208058
rotation,17.274780257192347
rotation,91.48254186208166
rotation,20.543240848243737
rotation,74.71996925489476
rotation,14.772168328211082
rotation,58.954392710541285
rotation,7.529857301973583
rotation,28.677602901878295
rotation,4.032207160642701
rotation,8.769788480724298
rotation,7.584453535948441
rotation,17.315672540992775
rotation,9.77749190466878
rotation,17.951591012712587
rotation,7.9772273125818725
rotation,12.747287169462325
rotation,4.602266068343085
rotation,11.367720790658215
rotation,2.3957747110403504
rotation,11.131210527766845
rotation,2.3422270418813196
rotation,8.773176238209661
rotation,1.3671676544938691
rotation,2.5443514189876533
rotation,2.0827414144707026
rotation,1.4138059117207813
rotation,2.7074635837962613
rotation,5.301703153356389
rotation,2.27353571880974
rotation,6.5351697345300535
rotation,4.420533053802805
rotation,6.841693567636053
rotation,3.4215499959146034
rotation,6.490817967918309
rotation,4.211717223387151
rotation,5.038257801348368
rotation,5.900421403905794
rotation,5.941321302626486
rotation,4.65648124168455
rotation,7.6765550110233125
rotation,1.103056552905821
rotation,5.476679808662213
rotation,3.1556228065569885
rotation,6.531702844611172
rotation,7.346971733126113
rotation,8.383750770518002
rotation,8.248394272265793
rotation,5.714625883762479
rotation,6.825765908826266
rotation,5.330255362594804
rotation,6.761956521300259
rotation,6.504023858683694
rotation,5.111095682878852
rotation,7.426285244292997
rotation,4.790527613251421
rotation,6.459374031037846
rotation,4.705502515898882
rotation,8.344249722196995
rotation,5.538342036574207
rotation,11.39237100168181
rotation,5.894221315812925
rotation,10.450629000346726
rotation,5.330570372066909
rotation,7.696806592410753
rotation,4.646151937420457
rotation,2.8891609188397314
rotation,2.674805065840195
rotation,5.616693815548371
rotation,1.762347775290718
rotation,6.7236694870425255
rotation,11.800007265565046
rotation,5.945326985839504
rotation,4.6245943101956835
rotation,44.35811283676369
rotation,20.20215135068179
rotation,17.846039082734272
rotation,49.26645444599904
rotation,20.313229754202176
rotation,25.732840739312607
rotation,47.78432149220763
rotation,12.116500856056078
rotation,19.351007596975222
rotation,16.78937747329839
rotation,1.8708201773324118
rotation,3.458306886276635
rotation,17.226224906111284
rotation,6.535937900643214
rotation,19.78854133546003
rotation,15.408162879038107
rotation,21.29253741370889
rotation,14.549920839720029
rotation,17.244055833120477
rotation,15.971731927147534
rotation,13.405554823917994
rotation,14.584718479574411
rotation,13.091546413765956
rotation,5.8045864028449605
rotation,9.918915170957378
rotation,5.1277448863433435
rotation,10.963435009545487
rotation,12.531975087990672
rotation,9.297282620659125
rotation,24.12947084849254
rotation,14.43379214466562
rotation,35.67435591137731
rotation,19.810055071930346
rotation,36.46519233187874
rotation,38.09782279416776
rotation,26.475108123448575
rotation,33.97985542303429
rotation,25.582169999479415
rotation,8.169262804745083
rotation,15.161371670174699
rotation,71.06216194673979
rotation,41.25927007009304
rotation,28.316901808226742
rotation,27.777383457141223
rotation,94.47783231396795
rotation,79.95859365878357
rotation,10.654716193355954
rotation,39.65114692829083
rotation,20.038992739341886
rotation,28.555973010797143
rotation,11.943060921319738
rotation,6.087723424579895
rotation,12.973921418920204
rotation,7.674094397514476
rotation,10.44751137214206
rotation,43.40253919118195
rotation,8.093225777834453
rotation,30.38569834170405
rotation,5.213256952322216
rotation,16.47069796427105
rotation,9.43089528772717
rotation,8.968168653777449
rotation,3.2542261449065557
rotation,2.989785819522836
rotation,23.20783759186915
rotation,1.2851858578599398
rotation,47.047551302831664
rotation,5.450380986998473
rotation,22.699161835780398
rotation,3.9507738507495795
rotation,21.549975824510327
rotation,15.618966349620292
rotation,9.537843850116014
rotation,28.50572076853461
rotation,20.563057057290823
rotation,6.451669904765056
rotation,23.18941101777531
rotation,28.266796737184826
rotation,9.317538148723866
rotation,5.176223918740661
rotation,3.6195228431432156
rotation,13.633993890237974
rotation,9.804200931826026
rotation,11.261753752812186
rotation,10.658731417954684
rotation,6.874496284793003
rotation,28.63191608337632
rotation,3.4117096551629658
rotation,49.91700333087864
rotation,1.5003721706268924
rotation,61.961019338653934
rotation,10.791445525882322
rotation,41.53007415086437
rotation,7.445893049032043
rotation,39.5048602728085
rotation,15.765621492522985
rotation,8.399926467032754
rotation,3.1755691386711438
rotation,32.18335484682973
rotation,18.759125436605352
rotation,5.493638559203404
rotation,10.54943036881655
rotation,52.135428071399815
rotation,21.273000734783686
rotation,13.872321221436945
rotation,27.454905190516715
rotation,27.779890341402744
rotation,65.40558688794374
rotation,75.1031286807854
rotation,35.71973881226788
rotation,44.867978589022805
rotation,58.45185382560672
rotation,52.75471520333826
rotation,10.642001981239545
rotation,29.727416736797522
rotation,32.89445389848329
rotation,31.552543509408906
rotation,29.957135771087138
rotation,15.935612265345714
rotation,70.97395168406428
rotation,72.36212748203101
rotation,59.72835764906519
rotation,37.83421588490391
rotation,28.050483210926217
rotation,17.41541791579285
rotation,17.194069222231484
rotation,27.585422104353245
rotation,23.381521740399286
rotation,21.652787349879272
rotation,35.380419737880054
rotation,55.847658819966554
rotation,66.12113961249113
rotation,38.39545887233714
rotation,35.27446661318148
rotation,20.876901488842496
rotation,28.053652245805655
rotation,37.368927649829416
rotation,85.56328482688868
rotation,74.01752296177551
rotation,72.42012660978718
rotation,86.8430553820911
rotation,79.6857495390686
rotation,25.683136341603614
rotation,50.5309115912566
rotation,50.19070664812949
rotation,68.40743321328179
rotation,53.02883289014393
rotation,47.75865004228319
rotation,37.09462612117569
rotation,22.783765700794447
rotation,16.278718719692264
rotation,143.40103341420823
rotation,16.749234392735435
rotation,26.147837455805476
rotation,51.584918941374994
rotation,6.250344551297023
rotation,69.66712646768693
rotation,55.55381389512382
rotation,64.04154392703755
rotation,58.96534301703046
rotation,97.60608565294486
rotation,49.63866215267728
rotation,34.75307787444176
rotation,29.958178119607084
rotation,21.43209767428067
rotation,21.62468073944873
rotation,54.73837010972655
rotation,15.874852547888532
rotation,39.4522355128613
rotation,9.793236478242786
rotation,8.482280290224102
rotation,9.767930091647473
rotation,0.6210664765809552
rotation,24.86086535452626
rotation,133.05108770354101
rotation,40.59948235609458
rotation,137.9259875626861
rotation,46.112131758940315
rotation,147.13951838819054
rotation,154.15877980661304
rotation,156.14658057532606
rotation,159.9767018230624
rotation,71.22738896390985
rotation,53.67428336934137
rotation,20.189321423768096
rotation,10.174287575080776
rotation,27.747575206232508
rotation,26.964545743927836
rotation,36.91137010179216
rotation,40.06542574977406
rotation,99.73751212500171
rotation,124.6728346766633
rotation,144.08454897154135
rotation,147.92796196551726
rotation,156.24270878876453
rotation,159.87990894183713
rotation,140.39002443992905
rotation,49.18191477778791
rotation,17.72003063958963
rotation,13.070581309706922
rotation,5.4378575073103255
rotation,35.05116746919197
rotation,16.40332788762369
rotation,57.468643487935424
rotation,15.236615703250788
rotation,63.49051639345167
rotation,14.046872457332295
rotation,84.30604403405174
rotation,2.4706801646667156
rotation,12.778942888544435
rotation,35.627334353635916
rotation,15.339364987274392
rotation,31.15315611495019
rotation,23.262015342896337
rotation,27.85627675468846
rotation,41.25818962657471
rotation,19.856704587236653
rotation,106.55852430311185
rotation,12.842319688289395
rotation,136.93662464535083
rotation,37.2541456320999
rotation,158.19874195953628
rotation,164.31421573747465
rotation,131.21199845309778
rotation,13.209128451557628
rotation,12.69747526821359
rotation,5.346759495191627
rotation,83.72025311390885
rotation,2.2794279226409433
rotation,12.86990277747321
rotation,20.48531232369896
rotation,11.28368224842083
rotation,12.215972763601563
rotation,7.020488009311954
rotation,7.566513567560228
rotation,26.085506657004203
rotation,19.04428382934505
rotation,30.80118532128012
rotation,15.083350890541011
rotation,31.46121239302014
rotation,9.666815556539618
rotation,5.979469113577773
rotation,8.845123352138058
rotation,9.77419295250438
rotation,5.736870639835624
rotation,7.931606105315709
rotation,3.918845656229248
rotation,3.222265411152471
rotation,12.167505712654059
rotation,5.552877635417685
rotation,7.229417055262593
rotation,12.293789968654602
rotation,5.704441801878089
rotation,8.301551405592889
rotation,11.268540953168642
rotation,6.606732301959489
rotation,17.370950251774982
rotation,6.79496299454303
rotation,3.5615788343401595
rotation,130.81245757954292
rotation,18.632565196085725
rotation,4.902265686544402
rotation,7.930151613323961
rotation,111.08732643179822
rotation,26.267382306253456
rotation,6.8624889758749275
rotation,11.119957945258104
rotation,25.345621455427608
rotation,10.222027965832115
rotation,6.658594295317786
rotation,6.434048249871474
rotation,6.197274549177533
rotation,3.525895391976774
rotation,10.28853573418921
rotation,6.275496040764969
rotation,10.21532695974835
rotation,7.37371278406743
rotation,5.819652469743889
rotation,8.160504260278268
rotation,9.060269513845501
rotation,14.610597702914223
rotation,6.066454523457326
rotation,10.541727055832583
rotation,19.671159523802963
rotation,8.257597916697703
rotation,7.766057736639061
rotation,15.833419134021824
rotation,5.2529181935857014
rotation,5.573627465396719
rotation,0.7915943215020838
rotation,0.9903128912262168
rotation,5.030662112913993
rotation,56.92948942063552
rotation,6.511676704277138
rotation,25.750074144333983
rotation,93.50251438857931
rotation,68.22449365796507
rotation,15.623632867265984
rotation,55.725757690161
rotation,106.48870127839255
rotation,38.83110526394049
rotation,5.2895257660365065
rotation,64.93833070605702
rotation,25.55114989973666
rotation,4.370175791963275
rotation,45.743493493288916
rotation,24.174164218246133
rotation,5.688397805696715
rotation,6.369552403290308
rotation,17.34245512875284
rotation,10.322430860603335
rotation,17.844863361218895
rotation,19.840142799944704
rotation,7.791474577534316
rotation,2.17124569548695
rotation,5.919279347947875
rotation,6.567304182985192
rotation,1.7964406535493613
rotation,18.61882265339901
rotation,0.30094460580947907
rotation,49.46617365640215
rotation,2.087474659711546
rotation,5.350559731035226
rotation,159.78544902870127
rotation,7.210082175535417
rotation,128.99403617765475
rotation,6.630914508037935
rotation,55.899773199293165
rotation,101.9482537957676
rotation,8.397562969113212
rotation,78.61203393934446
rotation,8.911735415455281
rotation,14.507267756831537
rotation,4.325856204627611
rotation,147.6304718697815
rotation,9.598560461567006
rotation,4.570051195232549
rotation,148.51622412821442
rotation,3.327055188917987
rotation,22.39216376038934
rotation,157.39003378440282
rotation,13.173085258912863
rotation,117.74247550813848
rotation,162.96956729240966
rotation,12.706913537278032
rotation,147.8897771845804
rotation,168.5989783015187
rotation,11.320569148188685
rotation,156.35254355124854
rotation,34.54125146273925
rotation,22.847631092439574
rotation,18.33499233760701
rotation,4.059819071493488
rotation,6.613816047660025
rotation,7.811932348348507
rotation,3.919441990252604
rotation,19.344729218190842
rotation,1.9604602767788535
rotation,11.453441617382431
rotation,2.2033799446472253
rotation,12.707732105040797
rotation,1.2767429373644839
rotation,13.876971702718041
rotation,2.229912652085593
rotation,10.616370601566821
rotation,2.336208626420208
rotation,10.354367070534263
rotation,4.01325551728773
rotation,5.264071179649594
rotation,3.497970831258683
rotation,3.209074314418841
rotation,2.650006336202879
rotation,2.1281030612714256
rotation,2.2690932179153154
rotation,27.305002484947945
rotation,0.8426466291167231
rotation,7.343244066658883
rotation,22.726269683088006
rotation,3.2749332695216244
rotation,8.145864649853124
rotation,17.2096845427401
rotation,3.75311261550051
rotation,7.26381954609825
rotation,8.882074523333307
rotation,1.4255655746574638
rotation,3.6912788359634248
rotation,17.602574383351953
rotation,6.313600424342552
rotation,2.9156237610347424
rotation,5.0227919293533585
rotation,17.234300008691303
rotation,2.7817372470905815
rotation,4.103099272022897
rotation,5.804686951498596
rotation,14.38694501491056
rotation,2.6478096098080752
rotation,4.143696965557038
rotation,2.7437254335427705
rotation,6.225877868679394
rotation,0.42745276382267444
rotation,3.5034767361302
rotation,3.177869790521442
rotation,3.502584037672966
rotation,2.4536368413103404
rotation,5.233784791895833
rotation,5.698022000542272
rotation,7.330251550479294
rotation,4.239927257652643
rotation,6.375805994538634
rotation,9.942400723155037
rotation,5.533363611420343
rotation,100.98969209335604
rotation,177.8339970903148
rotation,171.9728185255051
rotation,174.33017648496664
rotation,177.1074272937248
rotation,174.9375694808275
rotation,177.91890315713525
rotation,176.44318048641628
rotation,171.62248565278918
rotation,178.10334164782054
rotation,165.1837994206557
rotation,179.37086904846305
rotation,161.8717965382573
rotation,173.64736497109263
rotation,173.84283913566614
rotation,5.8481095134762064
rotation,168.94887011925223
rotation,11.282796959202981
rotation,160.81865029224602
rotation,9.390243472541533
rotation,152.95662634951177
rotation,4.10785572892974
rotation,47.18319404305218
rotation,1.3646331851250022
rotation,173.74918708619177
rotation,14.423123128214478
rotation,2.112837371813862
rotation,178.5851197977721
rotation,5.1686013656010035
rotation,0.4275234227421738
rotation,169.2619062712272
rotation,3.025231364360309
rotation,1.868497069481102
rotation,3.739506059040259
rotation,2.1038741073913156
rotation,172.33492315033325
rotation,27.078224847222163
rotation,2.305328512166706
rotation,0.5278029163913334
rotation,6.561862525250513
rotation,1.1661200786951107
rotation,0.17447041748369146
rotation,18.8106063404233
rotation,3.9123493566450858
rotation,2.3969807401459207
rotation,1.4494093364814864
rotation,8.063732966802824
rotation,5.21766043472018
rotation,1.2862854226863385
rotation,1.0425455175570382
rotation,14.93899756805753
rotation,2.1016600262443537
rotation,0.7165694888940914
rotation,0.8821799478366423
rotation,9.594611625406353
rotation,2.3732929185602925
rotation,0.6681056513951706
rotation,1.577179041050062
rotation,4.003482568468885
rotation,4.3576688349149855
rotation,1.1456877051386953
rotation,2.0507956657917497
rotation,14.625971560407832
rotation,2.6522062048955846
rotation,1.0604651220162435
rotation,1.324511240381919
rotation,13.176667268643328
rotation,3.4593858564442868
rotation,0.7706539185634864
rotation,1.0978097975972947
rotation,10.056609244499711
rotation,2.915273017850061
rotation,0.6014085652720308
rotation,0.587885914426507
rotation,6.182399695688728
rotation,2.1888304516885766
rotation,0.9865417549861352
rotation,0.8686684418517205
rotation,3.4835064699959717
rotation,2.348044656274047
rotation,1.2162235760032796
rotation,2.0853693091229735
rotation,5.299473363827795
rotation,1.5720859937672307
rotation,0.8789662906645072
rotation,1.1329305456265046
rotation,3.1077546714594404
rotation,2.169724520969583
rotation,1.162140074713984
rotation,0.2200134621595536
rotation,1.6244239264613858
rotation,3.2606427053176583
rotation,0.9464932776445812
rotation,0.85524307617547
rotation,3.197723932126887
rotation,1.2171372374970943
rotation,0.9953435277277092
rotation,2.108039480621271
rotation,1.880327553742587
rotation,1.2096249040005065
rotation,0.5756576767963894
rotation,2.3623313534295334
rotation,2.3629239289805066
rotation,1.8180818211394532
rotation,1.3710689448297941
rotation,1.9276651145640196
rotation,3.7242374677554935
rotation,0.965505487402852
rotation,3.413565473085345
rotation,2.8288011096885133
rotation,3.158979960565075
rotation,0.6775969799544267
rotation,4.183303604015723
rotation,4.330347096619316
rotation,1.8634452344200332
rotation,3.524017762876405
rotation,1.362143277592802
rotation,4.010073756479007
rotation,0.8787732306728419
rotation,6.1812389121721445
rotation,3.6066705708990927
rotation,3.085085245267636
rotation,6.436671470081204
rotation,8.81333542871483
rotation,7.551574025975302
rotation,1.1312536457107634
