 Image unitree-l1:humble-v1.0.16 Building 
#1 [internal] load local bake definitions
#1 reading from stdin 620B done
#1 DONE 0.0s

#2 [internal] load build definition from Dockerfile
#2 transferring dockerfile: 1.79kB done
#2 DONE 0.0s

#3 [internal] load metadata for docker.io/library/ros:humble-ros-base-jammy@sha256:5c793b92e0b12d6babb438cb20eed7766495fde6419a21e3d2e918464f09dc17
#3 DONE 1.0s

#4 [internal] load .dockerignore
#4 transferring context: 93B done
#4 DONE 0.0s

#5 [1/7] FROM docker.io/library/ros:humble-ros-base-jammy@sha256:5c793b92e0b12d6babb438cb20eed7766495fde6419a21e3d2e918464f09dc17
#5 resolve docker.io/library/ros:humble-ros-base-jammy@sha256:5c793b92e0b12d6babb438cb20eed7766495fde6419a21e3d2e918464f09dc17 0.0s done
#5 CACHED

#6 [internal] load build context
#6 transferring context: 68B done
#6 DONE 0.0s

#7 [2/7] RUN apt-get update && apt-get install -y --no-install-recommends       bash-completion       build-essential       ca-certificates       cmake       git       iproute2       iputils-ping       libboost-system-dev       libgl1-mesa-dri       liblz4-dev       liboctomap-dev       libpcl-dev       mesa-utils       ninja-build       pkg-config       python3-colcon-common-extensions       python3-pip       python3-rosdep       python3-vcstool       ros-humble-launch-ros       ros-humble-octomap-msgs       ros-humble-octomap-ros       ros-humble-pcl-conversions       ros-humble-pcl-ros       ros-humble-ros2bag       ros-humble-ros2doctor       ros-humble-rviz2       ros-humble-tf2-ros       usbutils       x11-utils       xauth     && rm -rf /var/lib/apt/lists/*
#7 0.346 Get:1 http://archive.ubuntu.com/ubuntu jammy InRelease [270 kB]
#7 0.395 Get:2 http://security.ubuntu.com/ubuntu jammy-security InRelease [129 kB]
#7 0.752 Get:3 http://packages.ros.org/ros2/ubuntu jammy InRelease [4682 B]
#7 0.945 Get:4 http://packages.ros.org/ros2/ubuntu jammy/main Sources [1850 kB]
#7 0.957 Get:5 http://archive.ubuntu.com/ubuntu jammy-updates InRelease [128 kB]
#7 1.185 Get:6 http://security.ubuntu.com/ubuntu jammy-security/restricted amd64 Packages [7332 kB]
#7 1.231 Get:7 http://archive.ubuntu.com/ubuntu jammy-backports InRelease [127 kB]
#7 1.629 Get:8 http://archive.ubuntu.com/ubuntu jammy/multiverse amd64 Packages [266 kB]
#7 2.336 Get:9 http://archive.ubuntu.com/ubuntu jammy/restricted amd64 Packages [164 kB]
#7 2.531 Get:10 http://archive.ubuntu.com/ubuntu jammy/universe amd64 Packages [17.5 MB]
#7 13.37 Get:11 http://security.ubuntu.com/ubuntu jammy-security/multiverse amd64 Packages [77.8 kB]
#7 13.60 Get:12 http://security.ubuntu.com/ubuntu jammy-security/main amd64 Packages [4091 kB]
#7 20.96 Get:13 http://security.ubuntu.com/ubuntu jammy-security/universe amd64 Packages [1313 kB]
#7 31.23 Get:14 http://archive.ubuntu.com/ubuntu jammy/main amd64 Packages [1792 kB]
#7 32.78 Get:15 http://archive.ubuntu.com/ubuntu jammy-updates/multiverse amd64 Packages [86.4 kB]
#7 32.96 Get:16 http://archive.ubuntu.com/ubuntu jammy-updates/restricted amd64 Packages [7619 kB]
#7 40.54 Get:17 http://archive.ubuntu.com/ubuntu jammy-updates/main amd64 Packages [4426 kB]
#7 42.76 Get:18 http://packages.ros.org/ros2/ubuntu jammy/main amd64 Packages [1822 kB]
#7 44.87 Get:19 http://archive.ubuntu.com/ubuntu jammy-updates/universe amd64 Packages [1615 kB]
#7 46.57 Get:20 http://archive.ubuntu.com/ubuntu jammy-backports/universe amd64 Packages [35.6 kB]
#7 46.66 Get:21 http://archive.ubuntu.com/ubuntu jammy-backports/main amd64 Packages [82.8 kB]
#7 64.50 Fetched 50.7 MB in 1min 4s (789 kB/s)
#7 64.50 Reading package lists...
#7 65.93 Reading package lists...
#7 67.29 Building dependency tree...
#7 67.56 Reading state information...
#7 67.96 build-essential is already the newest version (12.9ubuntu3).
#7 67.96 pkg-config is already the newest version (0.29.2-1ubuntu3).
#7 67.96 pkg-config set to manually installed.
#7 67.96 ca-certificates is already the newest version (20260601~22.04.1).
#7 67.96 cmake is already the newest version (3.22.1-1ubuntu1.22.04.2).
#7 67.96 cmake set to manually installed.
#7 67.96 git is already the newest version (1:2.34.1-1ubuntu1.17).
#7 67.96 python3-colcon-common-extensions is already the newest version (0.3.0-100).
#7 67.96 python3-rosdep is already the newest version (0.26.0-1).
#7 67.96 python3-vcstool is already the newest version (0.3.0-1).
#7 67.96 The following additional packages will be installed:
#7 67.96   autoconf automake autotools-dev ca-certificates-java default-jdk
#7 67.96   default-jdk-headless default-jre default-jre-headless
#7 67.96   default-libmysqlclient-dev gdal-data gfortran-11 hdf5-helpers
#7 67.96   ibverbs-providers icu-devtools iso-codes java-common libaec-dev libaec0
#7 67.96   libaom-dev libaom3 libarmadillo-dev libarmadillo10 libarpack2 libarpack2-dev
#7 67.96   libasound2 libasound2-data libassimp-dev libassimp5 libavahi-client3
#7 67.96   libavahi-common-data libavahi-common3 libavcodec-dev libavcodec58
#7 67.96   libavformat-dev libavformat58 libavutil-dev libavutil56 libblas-dev
#7 67.96   libblosc-dev libblosc1 libbluray2 libboost-all-dev libboost-atomic-dev
#7 67.96   libboost-atomic1.74-dev libboost-atomic1.74.0 libboost-chrono-dev
#7 67.96   libboost-chrono1.74-dev libboost-chrono1.74.0 libboost-container-dev
#7 67.96   libboost-container1.74-dev libboost-container1.74.0 libboost-context-dev
#7 67.96   libboost-context1.74-dev libboost-context1.74.0 libboost-coroutine-dev
#7 67.96   libboost-coroutine1.74-dev libboost-coroutine1.74.0 libboost-date-time-dev
#7 67.96   libboost-date-time1.74-dev libboost-date-time1.74.0 libboost-dev
#7 67.96   libboost-exception-dev libboost-exception1.74-dev libboost-fiber-dev
#7 67.96   libboost-fiber1.74-dev libboost-fiber1.74.0 libboost-filesystem-dev
#7 67.96   libboost-filesystem1.74-dev libboost-filesystem1.74.0 libboost-graph-dev
#7 67.96   libboost-graph-parallel-dev libboost-graph-parallel1.74-dev
#7 67.96   libboost-graph-parallel1.74.0 libboost-graph1.74-dev libboost-graph1.74.0
#7 67.96   libboost-iostreams-dev libboost-iostreams1.74-dev libboost-iostreams1.74.0
#7 67.96   libboost-locale-dev libboost-locale1.74-dev libboost-locale1.74.0
#7 67.96   libboost-log-dev libboost-log1.74-dev libboost-log1.74.0 libboost-math-dev
#7 67.96   libboost-math1.74-dev libboost-math1.74.0 libboost-mpi-dev
#7 67.96   libboost-mpi-python-dev libboost-mpi-python1.74-dev
#7 67.96   libboost-mpi-python1.74.0 libboost-mpi1.74-dev libboost-mpi1.74.0
#7 67.96   libboost-nowide-dev libboost-nowide1.74-dev libboost-nowide1.74.0
#7 67.96   libboost-numpy-dev libboost-numpy1.74-dev libboost-numpy1.74.0
#7 67.96   libboost-program-options-dev libboost-program-options1.74-dev
#7 67.96   libboost-program-options1.74.0 libboost-python-dev libboost-python1.74-dev
#7 67.96   libboost-python1.74.0 libboost-random-dev libboost-random1.74-dev
#7 67.96   libboost-random1.74.0 libboost-regex-dev libboost-regex1.74-dev
#7 67.96   libboost-regex1.74.0 libboost-serialization-dev
#7 67.96   libboost-serialization1.74-dev libboost-serialization1.74.0
#7 67.96   libboost-stacktrace-dev libboost-stacktrace1.74-dev
#7 67.96   libboost-stacktrace1.74.0 libboost-system1.74-dev libboost-system1.74.0
#7 67.96   libboost-test-dev libboost-test1.74-dev libboost-test1.74.0
#7 67.96   libboost-thread-dev libboost-thread1.74-dev libboost-thread1.74.0
#7 67.96   libboost-timer-dev libboost-timer1.74-dev libboost-timer1.74.0
#7 67.96   libboost-tools-dev libboost-type-erasure-dev libboost-type-erasure1.74-dev
#7 67.96   libboost-type-erasure1.74.0 libboost-wave-dev libboost-wave1.74-dev
#7 67.96   libboost-wave1.74.0 libboost1.74-dev libboost1.74-tools-dev libbpf0
#7 67.96   libbrotli-dev libcairo-gobject2 libcap2-bin libcbor0.8 libcfitsio-dev
#7 67.96   libcfitsio9 libcharls-dev libcharls2 libchromaprint1 libclang1-14
#7 67.96   libcodec2-1.0 libcups2 libcurl4-openssl-dev libdav1d-dev libdav1d5
#7 67.96   libde265-0 libde265-dev libdeflate-dev libdouble-conversion-dev
#7 67.96   libdouble-conversion3 libdraco-dev libdraco4 libdrm-amdgpu1 libdrm-common
#7 67.96   libdrm-intel1 libdrm-nouveau2 libdrm-radeon1 libdrm2 libdw1 libedit2
#7 67.96   libegl-dev libegl-mesa0 libegl1 libelf1 libevdev2 libevent-2.1-7
#7 67.96   libevent-core-2.1-7 libevent-dev libevent-extra-2.1-7 libevent-openssl-2.1-7
#7 67.96   libevent-pthreads-2.1-7 libfabric1 libfido2-1 libflann-dev libflann1.9
#7 67.96   libfontconfig-dev libfontconfig1-dev libfontenc1 libfreetype-dev
#7 67.96   libfreetype6-dev libfreexl-dev libfreexl1 libfyba-dev libfyba0 libgbm1
#7 67.96   libgdal-dev libgdal30 libgdk-pixbuf-2.0-0 libgdk-pixbuf2.0-common
#7 67.96   libgeos-c1v5 libgeos-dev libgeos3.10.2 libgeotiff-dev libgeotiff5
#7 67.96   libgfortran-11-dev libgif-dev libgif7 libgl-dev libgl1 libgl1-mesa-dev
#7 67.96   libgl2ps-dev libgl2ps1.4 libglapi-mesa libgles-dev libgles1 libgles2
#7 67.96   libglew-dev libglew2.2 libglu1-mesa libglu1-mesa-dev libglvnd-core-dev
#7 67.96   libglvnd-dev libglvnd0 libglx-dev libglx-mesa0 libglx0 libgme0 libgsm1
#7 67.96   libgstreamer-plugins-base1.0-0 libgstreamer1.0-0 libgudev-1.0-0
#7 67.96   libhdf4-0-alt libhdf4-alt-dev libhdf5-103-1 libhdf5-cpp-103-1 libhdf5-dev
#7 67.96   libhdf5-fortran-102 libhdf5-hl-100 libhdf5-hl-cpp-100 libhdf5-hl-fortran-100
#7 67.96   libhdf5-mpi-dev libhdf5-openmpi-103-1 libhdf5-openmpi-cpp-103-1
#7 67.96   libhdf5-openmpi-dev libhdf5-openmpi-fortran-102 libhdf5-openmpi-hl-100
#7 67.96   libhdf5-openmpi-hl-cpp-100 libhdf5-openmpi-hl-fortran-100 libheif-dev
#7 67.96   libheif1 libhwloc-dev libhwloc-plugins libhwloc15 libhyphen0 libibverbs-dev
#7 67.96   libibverbs1 libice-dev libicu-dev libignition-cmake2-dev libignition-math6
#7 67.96   libignition-math6-dev libinput-bin libinput10 libjbig-dev libjpeg-dev
#7 67.96   libjpeg-turbo8-dev libjpeg8-dev libjs-jquery-ui libjson-c-dev libjson-c5
#7 67.96   libjsoncpp-dev libkml-dev libkmlbase1 libkmlconvenience1 libkmldom1
#7 67.96   libkmlengine1 libkmlregionator1 libkmlxsd1 liblapack-dev liblcms2-2
#7 67.96   libllvm14 libllvm15 libltdl-dev liblzma-dev libmd4c0 libmfx1 libminizip-dev
#7 67.96   libminizip1 libmnl0 libmp3lame0 libmpg123-0 libmtdev1 libmysqlclient-dev
#7 67.96   libmysqlclient21 libnetcdf-c++4 libnetcdf-cxx-legacy-dev libnetcdf-dev
#7 67.96   libnetcdf19 libnl-3-200 libnl-3-dev libnl-route-3-200 libnl-route-3-dev
#7 67.96   libnorm1 libnspr4 libnss3 libnuma-dev libnuma1 liboctomap1.9 libodbc2
#7 67.96   libodbccr2 libodbcinst2 libogdi-dev libogdi4.1 libogg-dev libogg0
#7 67.96   libopengl-dev libopengl0 libopenjp2-7 libopenjp2-7-dev libopenmpi-dev
#7 67.96   libopenmpi3 libopenmpt0 libopenni-dev libopenni0 libopenni2-0 libopenni2-dev
#7 67.96   libopus0 liborc-0.4-0 libpcap0.8 libpciaccess0 libpcl-apps1.12
#7 67.96   libpcl-common1.12 libpcl-features1.12 libpcl-filters1.12 libpcl-io1.12
#7 67.96   libpcl-kdtree1.12 libpcl-keypoints1.12 libpcl-ml1.12 libpcl-octree1.12
#7 67.96   libpcl-outofcore1.12 libpcl-people1.12 libpcl-recognition1.12
#7 67.96   libpcl-registration1.12 libpcl-sample-consensus1.12 libpcl-search1.12
#7 67.96   libpcl-segmentation1.12 libpcl-stereo1.12 libpcl-surface1.12
#7 67.96   libpcl-tracking1.12 libpcl-visualization1.12 libpcre2-16-0 libpcre2-32-0
#7 67.96   libpcre2-dev libpcre2-posix3 libpcsclite1 libpgm-5.3-0 libpmix-dev libpmix2
#7 67.96   libpng-dev libpoppler-dev libpoppler-private-dev libpoppler118 libpq-dev
#7 67.96   libpq5 libproj-dev libproj22 libpsm-infinipath1 libpsm2-2
#7 67.96   libpthread-stubs0-dev libqhull-dev libqhull-r8.0 libqhull8.0 libqhullcpp8.0
#7 67.96   libqt5concurrent5 libqt5core5a libqt5dbus5 libqt5designer5
#7 67.96   libqt5designercomponents5 libqt5gui5 libqt5help5 libqt5network5
#7 67.96   libqt5opengl5 libqt5opengl5-dev libqt5positioning5 libqt5printsupport5
#7 67.96   libqt5qml5 libqt5qmlmodels5 libqt5qmlworkerscript5 libqt5quick5
#7 67.96   libqt5quickparticles5 libqt5quickshapes5 libqt5quicktest5
#7 67.96   libqt5quickwidgets5 libqt5sensors5 libqt5sql5 libqt5sql5-sqlite libqt5svg5
#7 67.96   libqt5test5 libqt5webchannel5 libqt5webkit5 libqt5webkit5-dev libqt5widgets5
#7 67.96   libqt5xml5 librabbitmq4 librdmacm1 librsvg2-2 librttopo-dev librttopo1
#7 67.96   libsensors-config libsensors5 libshine3 libsigsegv2 libsm-dev libsnappy1v5
#7 67.96   libsodium23 libsoxr0 libspatialite-dev libspatialite7 libspeex1
#7 67.96   libsrt1.4-gnutls libssh-gcrypt-4 libsuperlu-dev libsuperlu5
#7 67.96   libswresample-dev libswresample3 libswscale-dev libswscale5 libsz2
#7 67.96   libtbb-dev libtbb12 libtbbmalloc2 libtcl8.6 libtheora-dev libtheora0
#7 67.96   libtiff-dev libtiffxx5 libtk8.6 libtwolame0 libucx0 libudfread0 libunwind8
#7 67.96   liburiparser-dev liburiparser1 libusb-1.0-0 libusb-1.0-0-dev libutfcpp-dev
#7 67.96   libva-drm2 libva-x11-2 libva2 libvdpau1 libvorbis0a libvorbisenc2
#7 67.96   libvorbisfile3 libvpx7 libvtk9-dev libvtk9-java libvtk9-qt-dev libvtk9.1
#7 67.96   libvtk9.1-qt libvulkan-dev libvulkan1 libwacom-common libwacom9
#7 67.96   libwayland-client0 libwayland-egl1 libwayland-server0 libwebp-dev
#7 67.96   libwebpdemux2 libwebpmux3 libwoff1 libx11-dev libx11-xcb1 libx264-163
#7 67.96   libx265-199 libx265-dev libxau-dev libxaw7-dev libxcb-dri2-0 libxcb-dri3-0
#7 67.96   libxcb-glx0 libxcb-icccm4 libxcb-image0 libxcb-keysyms1 libxcb-present0
#7 67.96   libxcb-randr0 libxcb-render-util0 libxcb-shape0 libxcb-sync1 libxcb-util1
#7 67.96   libxcb-xfixes0 libxcb-xinerama0 libxcb-xinput0 libxcb-xkb1 libxcb1-dev
#7 67.96   libxcomposite1 libxdmcp-dev libxerces-c-dev libxerces-c3.2 libxext-dev
#7 67.96   libxfixes3 libxft-dev libxft2 libxi6 libxinerama1 libxkbcommon-x11-0
#7 67.96   libxkbcommon0 libxkbfile1 libxml2-dev libxmu-dev libxmu-headers libxmuu1
#7 67.96   libxnvctrl0 libxpm-dev libxrandr-dev libxrandr2 libxrender-dev libxshmfence1
#7 67.96   libxss-dev libxss1 libxt-dev libxtables12 libxtst6 libxv1 libxvidcore4
#7 67.96   libxxf86dga1 libxxf86vm1 libzmq5 libzvbi-common libzvbi0 m4 mesa-utils-bin
#7 67.96   mpi-default-bin mpi-default-dev mysql-common ocl-icd-libopencl1
#7 67.96   openjdk-11-jdk openjdk-11-jdk-headless openjdk-11-jre
#7 67.96   openjdk-11-jre-headless openmpi-bin openmpi-common openssh-client proj-data
#7 67.96   python3-mpi4py python3-vtk9 python3-wheel qdoc-qt5 qhelpgenerator-qt5
#7 67.96   qt5-assistant qt5-qmake qt5-qmake-bin qt5-qmltooling-plugins
#7 67.96   qtattributionsscanner-qt5 qtbase5-dev qtbase5-dev-tools qtchooser
#7 67.96   qtdeclarative5-dev qtdeclarative5-dev-tools qttools5-dev qttools5-dev-tools
#7 67.96   qttools5-private-dev ros-humble-ignition-cmake2-vendor
#7 67.96   ros-humble-ignition-math6-vendor ros-humble-image-transport
#7 67.96   ros-humble-interactive-markers ros-humble-laser-geometry
#7 67.96   ros-humble-libcurl-vendor ros-humble-map-msgs ros-humble-pcl-msgs
#7 67.96   ros-humble-resource-retriever ros-humble-rviz-assimp-vendor
#7 67.96   ros-humble-rviz-common ros-humble-rviz-default-plugins
#7 67.96   ros-humble-rviz-ogre-vendor ros-humble-rviz-rendering shared-mime-info tcl
#7 67.96   tcl-dev tcl8.6 tcl8.6-dev tk tk-dev tk8.6 tk8.6-dev unixodbc-common
#7 67.96   unixodbc-dev uuid-dev vtk9 x11proto-dev xkb-data xorg-sgml-doctools
#7 67.96   xtrans-dev
#7 67.97 Suggested packages:
#7 67.97   autoconf-archive gnu-standards autoconf-doc libtool gettext
#7 67.97   gfortran-11-multilib gfortran-11-doc libcoarrays-dev iproute2-doc isoquery
#7 67.97   libitpp-dev libasound2-plugins alsa-utils libcuda1 libnvcuvid1
#7 67.97   libnvidia-encode1 liblapack-doc libbluray-bdj libboost-doc libboost1.74-doc
#7 67.97   gccxml libboost-contract1.74-dev libmpfrc++-dev libntl-dev xsltproc doxygen
#7 67.97   docbook-xml docbook-xsl fop cups-common libcurl4-doc libidn11-dev
#7 67.97   libkrb5-dev libldap2-dev librtmp-dev libssh2-1-dev freetype2-doc libgdal-doc
#7 67.97   libgeotiff-epsg geotiff-bin gdal-bin glew-utils libvisual-0.4-plugins
#7 67.97   gstreamer1.0-tools libhdf4-doc hdf4-tools libhdf5-doc
#7 67.97   libhwloc-contrib-plugins libice-doc icu-doc libjs-jquery-ui-docs
#7 67.97   liblcms2-utils libtool-doc liblzma-doc netcdf-bin netcdf-doc odbc-postgresql
#7 67.97   tdsodbc ogdi-bin openmpi-doc openni-doc openni2-doc opus-tools pciutils
#7 67.97   libpcl-doc pcscd postgresql-doc-14 proj-bin qt5-image-formats-plugins
#7 67.97   qtwayland5 librsvg2-bin lm-sensors libsm-doc speex libsuperlu-doc libtbb-doc
#7 67.97   vtk9-doc vtk9-examples java-virtual-machine libx11-doc libx265-doc
#7 67.97   libxaw-doc libxcb-doc libxerces-c-doc libxext-doc libxt-doc m4-doc
#7 67.97   opencl-icd openjdk-11-demo openjdk-11-source visualvm libnss-mdns
#7 67.97   fonts-dejavu-extra fonts-ipafont-gothic fonts-ipafont-mincho
#7 67.97   fonts-wqy-microhei | fonts-wqy-zenhei fonts-indic gfortran
#7 67.97   | fortran-compiler keychain libpam-ssh monkeysphere ssh-askpass mayavi2
#7 67.97   qt5-doc firebird-dev tcl-doc tcl-tclreadline tcl8.6-doc tk-doc tk8.6-doc
#7 67.97 Recommended packages:
#7 67.97   libatm1 alsa-ucm-conf alsa-topology-conf libaacs0 libpam-cap libcfitsio-doc
#7 67.97   proj-bin libgdk-pixbuf2.0-bin libgl1-amber-dri gstreamer1.0-plugins-base
#7 67.97   javascript-common libtool libcoarrays-openmpi-dev
#7 67.97   libopenni-sensor-pointclouds0 | libopenni-sensor-primesense0 libpng-tools
#7 67.97   poppler-data qttranslations5-l10n qt5-gtk-platformtheme geoclue-2.0
#7 67.97   librsvg2-common libusb-1.0-doc va-driver-all | va-driver vdpau-driver-all
#7 67.97   | vdpau-driver mesa-vulkan-drivers | vulkan-icd libwacom-bin
#7 67.97   libatk-wrapper-java-jni fonts-dejavu-extra xterm | x-terminal-emulator
#7 69.78 The following NEW packages will be installed:
#7 69.78   autoconf automake autotools-dev bash-completion ca-certificates-java
#7 69.78   default-jdk default-jdk-headless default-jre default-jre-headless
#7 69.78   default-libmysqlclient-dev gdal-data gfortran-11 hdf5-helpers
#7 69.78   ibverbs-providers icu-devtools iproute2 iputils-ping iso-codes java-common
#7 69.78   libaec-dev libaec0 libaom-dev libaom3 libarmadillo-dev libarmadillo10
#7 69.78   libarpack2 libarpack2-dev libasound2 libasound2-data libassimp-dev
#7 69.78   libassimp5 libavahi-client3 libavahi-common-data libavahi-common3
#7 69.78   libavcodec-dev libavcodec58 libavformat-dev libavformat58 libavutil-dev
#7 69.78   libavutil56 libblas-dev libblosc-dev libblosc1 libbluray2 libboost-all-dev
#7 69.78   libboost-atomic-dev libboost-atomic1.74-dev libboost-atomic1.74.0
#7 69.78   libboost-chrono-dev libboost-chrono1.74-dev libboost-chrono1.74.0
#7 69.78   libboost-container-dev libboost-container1.74-dev libboost-container1.74.0
#7 69.78   libboost-context-dev libboost-context1.74-dev libboost-context1.74.0
#7 69.78   libboost-coroutine-dev libboost-coroutine1.74-dev libboost-coroutine1.74.0
#7 69.78   libboost-date-time-dev libboost-date-time1.74-dev libboost-date-time1.74.0
#7 69.78   libboost-dev libboost-exception-dev libboost-exception1.74-dev
#7 69.78   libboost-fiber-dev libboost-fiber1.74-dev libboost-fiber1.74.0
#7 69.78   libboost-filesystem-dev libboost-filesystem1.74-dev
#7 69.78   libboost-filesystem1.74.0 libboost-graph-dev libboost-graph-parallel-dev
#7 69.78   libboost-graph-parallel1.74-dev libboost-graph-parallel1.74.0
#7 69.78   libboost-graph1.74-dev libboost-graph1.74.0 libboost-iostreams-dev
#7 69.78   libboost-iostreams1.74-dev libboost-iostreams1.74.0 libboost-locale-dev
#7 69.78   libboost-locale1.74-dev libboost-locale1.74.0 libboost-log-dev
#7 69.78   libboost-log1.74-dev libboost-log1.74.0 libboost-math-dev
#7 69.78   libboost-math1.74-dev libboost-math1.74.0 libboost-mpi-dev
#7 69.78   libboost-mpi-python-dev libboost-mpi-python1.74-dev
#7 69.78   libboost-mpi-python1.74.0 libboost-mpi1.74-dev libboost-mpi1.74.0
#7 69.78   libboost-nowide-dev libboost-nowide1.74-dev libboost-nowide1.74.0
#7 69.78   libboost-numpy-dev libboost-numpy1.74-dev libboost-numpy1.74.0
#7 69.78   libboost-program-options-dev libboost-program-options1.74-dev
#7 69.78   libboost-program-options1.74.0 libboost-python-dev libboost-python1.74-dev
#7 69.78   libboost-python1.74.0 libboost-random-dev libboost-random1.74-dev
#7 69.78   libboost-random1.74.0 libboost-regex-dev libboost-regex1.74-dev
#7 69.78   libboost-regex1.74.0 libboost-serialization-dev
#7 69.78   libboost-serialization1.74-dev libboost-serialization1.74.0
#7 69.78   libboost-stacktrace-dev libboost-stacktrace1.74-dev
#7 69.78   libboost-stacktrace1.74.0 libboost-system-dev libboost-system1.74-dev
#7 69.78   libboost-system1.74.0 libboost-test-dev libboost-test1.74-dev
#7 69.78   libboost-test1.74.0 libboost-thread-dev libboost-thread1.74-dev
#7 69.78   libboost-thread1.74.0 libboost-timer-dev libboost-timer1.74-dev
#7 69.78   libboost-timer1.74.0 libboost-tools-dev libboost-type-erasure-dev
#7 69.78   libboost-type-erasure1.74-dev libboost-type-erasure1.74.0 libboost-wave-dev
#7 69.78   libboost-wave1.74-dev libboost-wave1.74.0 libboost1.74-dev
#7 69.78   libboost1.74-tools-dev libbpf0 libbrotli-dev libcairo-gobject2 libcap2-bin
#7 69.78   libcbor0.8 libcfitsio-dev libcfitsio9 libcharls-dev libcharls2
#7 69.78   libchromaprint1 libclang1-14 libcodec2-1.0 libcups2 libcurl4-openssl-dev
#7 69.78   libdav1d-dev libdav1d5 libde265-0 libde265-dev libdeflate-dev
#7 69.78   libdouble-conversion-dev libdouble-conversion3 libdraco-dev libdraco4
#7 69.78   libdrm-amdgpu1 libdrm-common libdrm-intel1 libdrm-nouveau2 libdrm-radeon1
#7 69.78   libdrm2 libdw1 libedit2 libegl-dev libegl-mesa0 libegl1 libelf1 libevdev2
#7 69.78   libevent-2.1-7 libevent-core-2.1-7 libevent-dev libevent-extra-2.1-7
#7 69.78   libevent-openssl-2.1-7 libevent-pthreads-2.1-7 libfabric1 libfido2-1
#7 69.78   libflann-dev libflann1.9 libfontconfig-dev libfontconfig1-dev libfontenc1
#7 69.78   libfreetype-dev libfreetype6-dev libfreexl-dev libfreexl1 libfyba-dev
#7 69.78   libfyba0 libgbm1 libgdal-dev libgdal30 libgdk-pixbuf-2.0-0
#7 69.78   libgdk-pixbuf2.0-common libgeos-c1v5 libgeos-dev libgeos3.10.2
#7 69.78   libgeotiff-dev libgeotiff5 libgfortran-11-dev libgif-dev libgif7 libgl-dev
#7 69.78   libgl1 libgl1-mesa-dev libgl1-mesa-dri libgl2ps-dev libgl2ps1.4
#7 69.78   libglapi-mesa libgles-dev libgles1 libgles2 libglew-dev libglew2.2
#7 69.78   libglu1-mesa libglu1-mesa-dev libglvnd-core-dev libglvnd-dev libglvnd0
#7 69.78   libglx-dev libglx-mesa0 libglx0 libgme0 libgsm1
#7 69.78   libgstreamer-plugins-base1.0-0 libgstreamer1.0-0 libgudev-1.0-0
#7 69.79   libhdf4-0-alt libhdf4-alt-dev libhdf5-103-1 libhdf5-cpp-103-1 libhdf5-dev
#7 69.79   libhdf5-fortran-102 libhdf5-hl-100 libhdf5-hl-cpp-100 libhdf5-hl-fortran-100
#7 69.79   libhdf5-mpi-dev libhdf5-openmpi-103-1 libhdf5-openmpi-cpp-103-1
#7 69.79   libhdf5-openmpi-dev libhdf5-openmpi-fortran-102 libhdf5-openmpi-hl-100
#7 69.79   libhdf5-openmpi-hl-cpp-100 libhdf5-openmpi-hl-fortran-100 libheif-dev
#7 69.79   libheif1 libhwloc-dev libhwloc-plugins libhwloc15 libhyphen0 libibverbs-dev
#7 69.79   libibverbs1 libice-dev libicu-dev libignition-cmake2-dev libignition-math6
#7 69.79   libignition-math6-dev libinput-bin libinput10 libjbig-dev libjpeg-dev
#7 69.79   libjpeg-turbo8-dev libjpeg8-dev libjs-jquery-ui libjson-c-dev libjson-c5
#7 69.79   libjsoncpp-dev libkml-dev libkmlbase1 libkmlconvenience1 libkmldom1
#7 69.79   libkmlengine1 libkmlregionator1 libkmlxsd1 liblapack-dev liblcms2-2
#7 69.79   libllvm14 libllvm15 libltdl-dev liblz4-dev liblzma-dev libmd4c0 libmfx1
#7 69.79   libminizip-dev libminizip1 libmnl0 libmp3lame0 libmpg123-0 libmtdev1
#7 69.79   libmysqlclient-dev libmysqlclient21 libnetcdf-c++4 libnetcdf-cxx-legacy-dev
#7 69.79   libnetcdf-dev libnetcdf19 libnl-3-200 libnl-3-dev libnl-route-3-200
#7 69.79   libnl-route-3-dev libnorm1 libnspr4 libnss3 libnuma-dev libnuma1
#7 69.79   liboctomap-dev liboctomap1.9 libodbc2 libodbccr2 libodbcinst2 libogdi-dev
#7 69.79   libogdi4.1 libogg-dev libogg0 libopengl-dev libopengl0 libopenjp2-7
#7 69.79   libopenjp2-7-dev libopenmpi-dev libopenmpi3 libopenmpt0 libopenni-dev
#7 69.79   libopenni0 libopenni2-0 libopenni2-dev libopus0 liborc-0.4-0 libpcap0.8
#7 69.79   libpciaccess0 libpcl-apps1.12 libpcl-common1.12 libpcl-dev
#7 69.79   libpcl-features1.12 libpcl-filters1.12 libpcl-io1.12 libpcl-kdtree1.12
#7 69.79   libpcl-keypoints1.12 libpcl-ml1.12 libpcl-octree1.12 libpcl-outofcore1.12
#7 69.79   libpcl-people1.12 libpcl-recognition1.12 libpcl-registration1.12
#7 69.79   libpcl-sample-consensus1.12 libpcl-search1.12 libpcl-segmentation1.12
#7 69.79   libpcl-stereo1.12 libpcl-surface1.12 libpcl-tracking1.12
#7 69.79   libpcl-visualization1.12 libpcre2-16-0 libpcre2-32-0 libpcre2-dev
#7 69.79   libpcre2-posix3 libpcsclite1 libpgm-5.3-0 libpmix-dev libpmix2 libpng-dev
#7 69.79   libpoppler-dev libpoppler-private-dev libpoppler118 libpq-dev libpq5
#7 69.79   libproj-dev libproj22 libpsm-infinipath1 libpsm2-2 libpthread-stubs0-dev
#7 69.79   libqhull-dev libqhull-r8.0 libqhull8.0 libqhullcpp8.0 libqt5concurrent5
#7 69.79   libqt5core5a libqt5dbus5 libqt5designer5 libqt5designercomponents5
#7 69.79   libqt5gui5 libqt5help5 libqt5network5 libqt5opengl5 libqt5opengl5-dev
#7 69.79   libqt5positioning5 libqt5printsupport5 libqt5qml5 libqt5qmlmodels5
#7 69.79   libqt5qmlworkerscript5 libqt5quick5 libqt5quickparticles5 libqt5quickshapes5
#7 69.79   libqt5quicktest5 libqt5quickwidgets5 libqt5sensors5 libqt5sql5
#7 69.79   libqt5sql5-sqlite libqt5svg5 libqt5test5 libqt5webchannel5 libqt5webkit5
#7 69.79   libqt5webkit5-dev libqt5widgets5 libqt5xml5 librabbitmq4 librdmacm1
#7 69.79   librsvg2-2 librttopo-dev librttopo1 libsensors-config libsensors5 libshine3
#7 69.79   libsigsegv2 libsm-dev libsnappy1v5 libsodium23 libsoxr0 libspatialite-dev
#7 69.79   libspatialite7 libspeex1 libsrt1.4-gnutls libssh-gcrypt-4 libsuperlu-dev
#7 69.79   libsuperlu5 libswresample-dev libswresample3 libswscale-dev libswscale5
#7 69.79   libsz2 libtbb-dev libtbb12 libtbbmalloc2 libtcl8.6 libtheora-dev libtheora0
#7 69.79   libtiff-dev libtiffxx5 libtk8.6 libtwolame0 libucx0 libudfread0 libunwind8
#7 69.79   liburiparser-dev liburiparser1 libusb-1.0-0 libusb-1.0-0-dev libutfcpp-dev
#7 69.79   libva-drm2 libva-x11-2 libva2 libvdpau1 libvorbis0a libvorbisenc2
#7 69.79   libvorbisfile3 libvpx7 libvtk9-dev libvtk9-java libvtk9-qt-dev libvtk9.1
#7 69.79   libvtk9.1-qt libvulkan-dev libvulkan1 libwacom-common libwacom9
#7 69.79   libwayland-client0 libwayland-egl1 libwayland-server0 libwebp-dev
#7 69.79   libwebpdemux2 libwebpmux3 libwoff1 libx11-dev libx11-xcb1 libx264-163
#7 69.79   libx265-199 libx265-dev libxau-dev libxaw7-dev libxcb-dri2-0 libxcb-dri3-0
#7 69.79   libxcb-glx0 libxcb-icccm4 libxcb-image0 libxcb-keysyms1 libxcb-present0
#7 69.79   libxcb-randr0 libxcb-render-util0 libxcb-shape0 libxcb-sync1 libxcb-util1
#7 69.79   libxcb-xfixes0 libxcb-xinerama0 libxcb-xinput0 libxcb-xkb1 libxcb1-dev
#7 69.79   libxcomposite1 libxdmcp-dev libxerces-c-dev libxerces-c3.2 libxext-dev
#7 69.79   libxfixes3 libxft-dev libxft2 libxi6 libxinerama1 libxkbcommon-x11-0
#7 69.79   libxkbcommon0 libxkbfile1 libxml2-dev libxmu-dev libxmu-headers libxmuu1
#7 69.79   libxnvctrl0 libxpm-dev libxrandr-dev libxrandr2 libxrender-dev libxshmfence1
#7 69.79   libxss-dev libxss1 libxt-dev libxtables12 libxtst6 libxv1 libxvidcore4
#7 69.79   libxxf86dga1 libxxf86vm1 libzmq5 libzvbi-common libzvbi0 m4 mesa-utils
#7 69.79   mesa-utils-bin mpi-default-bin mpi-default-dev mysql-common ninja-build
#7 69.79   ocl-icd-libopencl1 openjdk-11-jdk openjdk-11-jdk-headless openjdk-11-jre
#7 69.79   openjdk-11-jre-headless openmpi-bin openmpi-common openssh-client proj-data
#7 69.79   python3-mpi4py python3-pip python3-vtk9 python3-wheel qdoc-qt5
#7 69.79   qhelpgenerator-qt5 qt5-assistant qt5-qmake qt5-qmake-bin
#7 69.79   qt5-qmltooling-plugins qtattributionsscanner-qt5 qtbase5-dev
#7 69.79   qtbase5-dev-tools qtchooser qtdeclarative5-dev qtdeclarative5-dev-tools
#7 69.79   qttools5-dev qttools5-dev-tools qttools5-private-dev
#7 69.79   ros-humble-ignition-cmake2-vendor ros-humble-ignition-math6-vendor
#7 69.79   ros-humble-image-transport ros-humble-interactive-markers
#7 69.79   ros-humble-laser-geometry ros-humble-libcurl-vendor ros-humble-map-msgs
#7 69.79   ros-humble-octomap-msgs ros-humble-octomap-ros ros-humble-pcl-conversions
#7 69.79   ros-humble-pcl-msgs ros-humble-pcl-ros ros-humble-resource-retriever
#7 69.79   ros-humble-rviz-assimp-vendor ros-humble-rviz-common
#7 69.79   ros-humble-rviz-default-plugins ros-humble-rviz-ogre-vendor
#7 69.79   ros-humble-rviz-rendering ros-humble-rviz2 shared-mime-info tcl tcl-dev
#7 69.79   tcl8.6 tcl8.6-dev tk tk-dev tk8.6 tk8.6-dev unixodbc-common unixodbc-dev
#7 69.79   usbutils uuid-dev vtk9 x11-utils x11proto-dev xauth xkb-data
#7 69.79   xorg-sgml-doctools xtrans-dev
#7 69.79 The following packages will be upgraded:
#7 69.79   ros-humble-launch-ros ros-humble-ros2bag ros-humble-ros2doctor
#7 69.79   ros-humble-tf2-ros
#7 70.11 4 upgraded, 609 newly installed, 0 to remove and 115 not upgraded.
#7 70.11 Need to get 497 MB of archives.
#7 70.11 After this operation, 2184 MB of additional disk space will be used.
#7 70.11 Get:1 http://packages.ros.org/ros2/ubuntu jammy/main amd64 libignition-cmake2-dev amd64 2.19.0-1~jammy [201 kB]
#7 70.13 Get:2 http://archive.ubuntu.com/ubuntu jammy/main amd64 shared-mime-info amd64 2.1-2 [454 kB]
#7 71.25 Get:3 http://archive.ubuntu.com/ubuntu jammy/universe amd64 libdouble-conversion3 amd64 3.1.7-4 [39.0 kB]
#7 71.60 Get:4 http://archive.ubuntu.com/ubuntu jammy-updates/main amd64 libpcre2-16-0 amd64 10.39-3ubuntu0.1 [203 kB]
#7 71.67 Get:5 http://packages.ros.org/ros2/ubuntu jammy/main amd64 ros-humble-ignition-cmake2-vendor amd64 0.0.2-2jammy.20260304.200630 [2202 B]
#7 71.82 Get:6 http://packages.ros.org/ros2/ubuntu jammy/main amd64 libignition-math6 amd64 6.16.0-1~jammy [104 kB]
#7 71.95 Get:7 http://archive.ubuntu.com/ubuntu jammy-updates/universe amd64 libqt5core5a amd64 5.15.3+dfsg-2ubuntu0.2 [2006 kB]
#7 73.43 Get:8 http://packages.ros.org/ros2/ubuntu jammy/main amd64 libignition-math6-dev amd64 6.16.0-1~jammy [153 kB]
#7 73.65 Get:9 http://archive.ubuntu.com/ubuntu jammy-updates/main amd64 libdrm-common all 2.4.113-2~ubuntu0.22.04.1 [5450 B]
#7 73.66 Get:10 http://archive.ubuntu.com/ubuntu jammy-updates/main amd64 libdrm2 amd64 2.4.113-2~ubuntu0.22.04.1 [38.1 kB]
#7 73.69 Get:11 http://archive.ubuntu.com/ubuntu jammy/main amd64 libglvnd0 amd64 1.4.0-1 [73.6 kB]
#7 73.76 Get:12 http://archive.ubuntu.com/ubuntu jammy-updates/main amd64 libwayland-server0 amd64 1.20.0-1ubuntu0.1 [34.3 kB]
#7 73.79 Get:13 http://archive.ubuntu.com/ubuntu jammy/main amd64 libxcb-randr0 amd64 1.14-3ubuntu3 [18.3 kB]
#7 73.81 Get:14 http://archive.ubuntu.com/ubuntu jammy-updates/main amd64 libgbm1 amd64 23.2.1-1ubuntu3.1~22.04.4 [33.7 kB]
#7 73.84 Get:15 http://archive.ubuntu.com/ubuntu jammy-updates/main amd64 libglapi-mesa amd64 23.2.1-1ubuntu3.1~22.04.4 [35.6 kB]
#7 74.02 Get:16 http://archive.ubuntu.com/ubuntu jammy-updates/main amd64 libwayland-client0 amd64 1.20.0-1ubuntu0.1 [25.9 kB]
#7 74.02 Get:17 http://archive.ubuntu.com/ubuntu jammy-updates/main amd64 libx11-xcb1 amd64 2:1.7.5-1ubuntu0.3 [7802 B]
#7 74.07 Get:18 http://archive.ubuntu.com/ubuntu jammy/main amd64 libxcb-dri2-0 amd64 1.14-3ubuntu3 [7206 B]
#7 74.07 Get:19 http://archive.ubuntu.com/ubuntu jammy/main amd64 libxcb-dri3-0 amd64 1.14-3ubuntu3 [6968 B]
#7 74.07 Get:20 http://archive.ubuntu.com/ubuntu jammy/main amd64 libxcb-present0 amd64 1.14-3ubuntu3 [5734 B]
#7 74.07 Get:21 http://archive.ubuntu.com/ubuntu jammy/main amd64 libxcb-sync1 amd64 1.14-3ubuntu3 [9416 B]
#7 74.07 Get:22 http://archive.ubuntu.com/ubuntu jammy/main amd64 libxcb-xfixes0 amd64 1.14-3ubuntu3 [9996 B]
#7 74.07 Get:23 http://archive.ubuntu.com/ubuntu jammy/main amd64 libxshmfence1 amd64 1.3-1build4 [5394 B]
#7 74.07 Get:24 http://archive.ubuntu.com/ubuntu jammy-updates/main amd64 libegl-mesa0 amd64 23.2.1-1ubuntu3.1~22.04.4 [118 kB]
#7 74.43 Get:25 http://archive.ubuntu.com/ubuntu jammy/main amd64 libegl1 amd64 1.4.0-1 [28.6 kB]
#7 74.43 Get:26 http://archive.ubuntu.com/ubuntu jammy/main amd64 libxcb-glx0 amd64 1.14-3ubuntu3 [25.9 kB]
#7 74.43 Get:27 http://archive.ubuntu.com/ubuntu jammy/main amd64 libxfixes3 amd64 1:6.0.0-1 [11.7 kB]
#7 74.43 Get:28 http://archive.ubuntu.com/ubuntu jammy/main amd64 libxxf86vm1 amd64 1:1.1.4-1build3 [10.4 kB]
#7 74.43 Get:29 http://archive.ubuntu.com/ubuntu jammy-updates/main amd64 libdrm-amdgpu1 amd64 2.4.113-2~ubuntu0.22.04.1 [19.9 kB]
#7 74.43 Get:30 http://archive.ubuntu.com/ubuntu jammy/main amd64 libpciaccess0 amd64 0.16-3 [19.1 kB]
#7 74.43 Get:31 http://archive.ubuntu.com/ubuntu jammy-updates/main amd64 libdrm-intel1 amd64 2.4.113-2~ubuntu0.22.04.1 [66.7 kB]
#7 74.43 Get:32 http://archive.ubuntu.com/ubuntu jammy-updates/main amd64 libdrm-nouveau2 amd64 2.4.113-2~ubuntu0.22.04.1 [17.5 kB]
#7 74.61 Get:33 http://archive.ubuntu.com/ubuntu jammy-updates/main amd64 libdrm-radeon1 amd64 2.4.113-2~ubuntu0.22.04.1 [21.6 kB]
#7 74.61 Get:34 http://archive.ubuntu.com/ubuntu jammy-updates/main amd64 libelf1 amd64 0.186-1ubuntu0.1 [51.1 kB]
#7 74.76 Get:35 http://archive.ubuntu.com/ubuntu jammy/main amd64 libedit2 amd64 3.1-20210910-1build1 [96.8 kB]
#7 74.83 Get:36 http://archive.ubuntu.com/ubuntu jammy-updates/main amd64 libllvm15 amd64 1:15.0.7-0ubuntu0.22.04.3 [25.4 MB]
#7 76.27 Get:37 http://packages.ros.org/ros2/ubuntu jammy/main amd64 ros-humble-ignition-math6-vendor amd64 0.0.2-2jammy.20260304.200852 [2138 B]
#7 76.27 Get:38 http://packages.ros.org/ros2/ubuntu jammy/main amd64 ros-humble-image-transport amd64 3.1.13-1jammy.20260605.160640 [401 kB]
#7 83.17 Get:39 http://packages.ros.org/ros2/ubuntu jammy/main amd64 ros-humble-interactive-markers amd64 2.3.2-2jammy.20260605.164625 [209 kB]
#7 87.38 Get:40 http://packages.ros.org/ros2/ubuntu jammy/main amd64 ros-humble-laser-geometry amd64 2.4.1-1jammy.20260605.151049 [27.7 kB]
#7 88.30 Get:41 http://packages.ros.org/ros2/ubuntu jammy/main amd64 ros-humble-launch-ros amd64 0.19.13-1jammy.20260605.140440 [70.1 kB]
#7 89.62 Get:42 http://packages.ros.org/ros2/ubuntu jammy/main amd64 ros-humble-libcurl-vendor amd64 3.1.3-1jammy.20260304.090502 [7098 B]
#7 89.72 Get:43 http://packages.ros.org/ros2/ubuntu jammy/main amd64 ros-humble-map-msgs amd64 2.1.0-3jammy.20260605.123735 [137 kB]
#7 92.07 Get:44 http://packages.ros.org/ros2/ubuntu jammy/main amd64 ros-humble-octomap-msgs amd64 2.0.1-1jammy.20260605.123109 [82.3 kB]
#7 94.12 Get:45 http://packages.ros.org/ros2/ubuntu jammy/main amd64 ros-humble-octomap-ros amd64 0.4.4-1jammy.20260605.133136 [15.2 kB]
#7 94.37 Get:46 http://packages.ros.org/ros2/ubuntu jammy/main amd64 ros-humble-pcl-msgs amd64 1.0.0-7jammy.20260605.123825 [85.2 kB]
#7 96.40 Get:47 http://packages.ros.org/ros2/ubuntu jammy/main amd64 ros-humble-pcl-conversions amd64 2.4.5-2jammy.20260605.160413 [13.2 kB]
#7 96.69 Get:48 http://packages.ros.org/ros2/ubuntu jammy/main amd64 ros-humble-tf2-ros amd64 0.25.20-2jammy.20260605.160400 [313 kB]
#7 100.0 Get:49 http://archive.ubuntu.com/ubuntu jammy/main amd64 libsensors-config all 1:3.6.0-7ubuntu1 [5274 B]
#7 100.0 Get:50 http://archive.ubuntu.com/ubuntu jammy/main amd64 libsensors5 amd64 1:3.6.0-7ubuntu1 [26.3 kB]
#7 100.0 Get:51 http://archive.ubuntu.com/ubuntu jammy-updates/main amd64 libgl1-mesa-dri amd64 23.2.1-1ubuntu3.1~22.04.4 [8860 kB]
#7 102.7 Get:52 http://packages.ros.org/ros2/ubuntu jammy/main amd64 ros-humble-pcl-ros amd64 2.4.5-2jammy.20260606.043532 [123 kB]
#7 106.3 Get:53 http://packages.ros.org/ros2/ubuntu jammy/main amd64 ros-humble-resource-retriever amd64 3.1.3-1jammy.20260304.202624 [20.9 kB]
#7 106.8 Get:54 http://packages.ros.org/ros2/ubuntu jammy/main amd64 ros-humble-ros2bag amd64 0.15.16-1jammy.20260606.054621 [25.7 kB]
#7 108.2 Get:55 http://packages.ros.org/ros2/ubuntu jammy/main amd64 ros-humble-ros2doctor amd64 0.18.18-1jammy.20260605.143424 [32.2 kB]
#7 108.7 Get:56 http://archive.ubuntu.com/ubuntu jammy-updates/main amd64 libglx-mesa0 amd64 23.2.1-1ubuntu3.1~22.04.4 [158 kB]
#7 108.8 Get:57 http://archive.ubuntu.com/ubuntu jammy/main amd64 libglx0 amd64 1.4.0-1 [41.0 kB]
#7 108.9 Get:58 http://packages.ros.org/ros2/ubuntu jammy/main amd64 ros-humble-rviz-assimp-vendor amd64 11.2.27-1jammy.20260612.182901 [8414 B]
#7 109.0 Get:59 http://archive.ubuntu.com/ubuntu jammy/main amd64 libgl1 amd64 1.4.0-1 [110 kB]
#7 109.0 Get:60 http://packages.ros.org/ros2/ubuntu jammy/main amd64 ros-humble-rviz-ogre-vendor amd64 11.2.27-1jammy.20260612.182926 [3677 kB]
#7 109.2 Get:61 http://archive.ubuntu.com/ubuntu jammy/main amd64 libevdev2 amd64 1.12.1+dfsg-1 [39.5 kB]
#7 109.3 Get:62 http://archive.ubuntu.com/ubuntu jammy/main amd64 libmtdev1 amd64 1.1.6-1build4 [14.5 kB]
#7 109.4 Get:63 http://archive.ubuntu.com/ubuntu jammy/main amd64 libgudev-1.0-0 amd64 1:237-2build1 [16.3 kB]
#7 109.4 Get:64 http://archive.ubuntu.com/ubuntu jammy/main amd64 libwacom-common all 2.2.0-1 [54.3 kB]
#7 109.6 Get:65 http://archive.ubuntu.com/ubuntu jammy/main amd64 libwacom9 amd64 2.2.0-1 [22.0 kB]
#7 109.6 Get:66 http://archive.ubuntu.com/ubuntu jammy-updates/main amd64 libinput-bin amd64 1.20.0-1ubuntu0.3 [19.9 kB]
#7 109.7 Get:67 http://archive.ubuntu.com/ubuntu jammy-updates/main amd64 libinput10 amd64 1.20.0-1ubuntu0.3 [131 kB]
#7 109.9 Get:68 http://archive.ubuntu.com/ubuntu jammy/universe amd64 libmd4c0 amd64 0.4.8-1 [42.0 kB]
#7 110.0 Get:69 http://archive.ubuntu.com/ubuntu jammy-updates/universe amd64 libqt5dbus5 amd64 5.15.3+dfsg-2ubuntu0.2 [222 kB]
#7 110.3 Get:70 http://archive.ubuntu.com/ubuntu jammy-updates/universe amd64 libqt5network5 amd64 5.15.3+dfsg-2ubuntu0.2 [731 kB]
#7 111.1 Get:71 http://archive.ubuntu.com/ubuntu jammy/main amd64 libxcb-icccm4 amd64 0.4.1-1.1build2 [11.5 kB]
#7 111.1 Get:72 http://archive.ubuntu.com/ubuntu jammy/main amd64 libxcb-util1 amd64 0.4.0-1build2 [11.4 kB]
#7 111.2 Get:73 http://archive.ubuntu.com/ubuntu jammy/main amd64 libxcb-image0 amd64 0.4.0-2 [11.5 kB]
#7 111.3 Get:74 http://archive.ubuntu.com/ubuntu jammy/main amd64 libxcb-keysyms1 amd64 0.4.0-1build3 [8746 B]
#7 111.3 Get:75 http://archive.ubuntu.com/ubuntu jammy/main amd64 libxcb-render-util0 amd64 0.3.9-1build3 [10.3 kB]
#7 111.4 Get:76 http://archive.ubuntu.com/ubuntu jammy/main amd64 libxcb-shape0 amd64 1.14-3ubuntu3 [6158 B]
#7 111.4 Get:77 http://archive.ubuntu.com/ubuntu jammy/main amd64 libxcb-xinerama0 amd64 1.14-3ubuntu3 [5414 B]
#7 111.5 Get:78 http://archive.ubuntu.com/ubuntu jammy/main amd64 libxcb-xinput0 amd64 1.14-3ubuntu3 [34.3 kB]
#7 111.6 Get:79 http://archive.ubuntu.com/ubuntu jammy/main amd64 libxcb-xkb1 amd64 1.14-3ubuntu3 [32.8 kB]
#7 111.6 Get:80 http://archive.ubuntu.com/ubuntu jammy/main amd64 xkb-data all 2.33-1 [394 kB]
#7 112.1 Get:81 http://archive.ubuntu.com/ubuntu jammy/main amd64 libxkbcommon0 amd64 1.4.0-1 [125 kB]
#7 112.2 Get:82 http://archive.ubuntu.com/ubuntu jammy/main amd64 libxkbcommon-x11-0 amd64 1.4.0-1 [14.4 kB]
#7 112.3 Get:83 http://archive.ubuntu.com/ubuntu jammy-updates/universe amd64 libqt5gui5 amd64 5.15.3+dfsg-2ubuntu0.2 [3722 kB]
#7 115.8 Get:84 http://archive.ubuntu.com/ubuntu jammy-updates/universe amd64 libqt5widgets5 amd64 5.15.3+dfsg-2ubuntu0.2 [2561 kB]
#7 118.2 Get:85 http://archive.ubuntu.com/ubuntu jammy/universe amd64 libqt5svg5 amd64 5.15.3-1 [149 kB]
#7 118.4 Get:86 http://archive.ubuntu.com/ubuntu jammy-updates/main amd64 libdw1 amd64 0.186-1ubuntu0.1 [251 kB]
#7 118.7 Get:87 http://archive.ubuntu.com/ubuntu jammy-updates/main amd64 libunwind8 amd64 1.3.2-2build2.1 [54.5 kB]
#7 118.8 Get:88 http://archive.ubuntu.com/ubuntu jammy-updates/main amd64 libcap2-bin amd64 1:2.44-1ubuntu0.22.04.3 [26.0 kB]
#7 118.8 Get:89 http://archive.ubuntu.com/ubuntu jammy-updates/main amd64 libgstreamer1.0-0 amd64 1.20.3-0ubuntu1.1 [984 kB]
#7 119.8 Get:90 http://archive.ubuntu.com/ubuntu jammy-updates/main amd64 liborc-0.4-0 amd64 1:0.4.32-2ubuntu0.1 [228 kB]
#7 120.0 Get:91 http://archive.ubuntu.com/ubuntu jammy/main amd64 iso-codes all 4.9.0-1 [3459 kB]
#7 123.4 Get:92 http://archive.ubuntu.com/ubuntu jammy-updates/main amd64 libgstreamer-plugins-base1.0-0 amd64 1.20.1-1ubuntu0.6 [848 kB]
#7 124.2 Get:93 http://archive.ubuntu.com/ubuntu jammy/main amd64 libhyphen0 amd64 2.8.8-7build2 [28.2 kB]
#7 124.3 Get:94 http://archive.ubuntu.com/ubuntu jammy/universe amd64 libqt5positioning5 amd64 5.15.3+dfsg-3 [223 kB]
#7 124.6 Get:95 http://archive.ubuntu.com/ubuntu jammy-updates/main amd64 libavahi-common-data amd64 0.8-5ubuntu5.5 [24.0 kB]
#7 124.6 Get:96 http://archive.ubuntu.com/ubuntu jammy-updates/main amd64 libavahi-common3 amd64 0.8-5ubuntu5.5 [23.9 kB]
#7 124.7 Get:97 http://archive.ubuntu.com/ubuntu jammy-updates/main amd64 libavahi-client3 amd64 0.8-5ubuntu5.5 [28.1 kB]
#7 124.8 Get:98 http://archive.ubuntu.com/ubuntu jammy-updates/main amd64 libcups2 amd64 2.4.1op1-1ubuntu4.21 [266 kB]
#7 125.1 Get:99 http://archive.ubuntu.com/ubuntu jammy-updates/universe amd64 libqt5printsupport5 amd64 5.15.3+dfsg-2ubuntu0.2 [214 kB]
#7 125.3 Get:100 http://archive.ubuntu.com/ubuntu jammy/universe amd64 libqt5qml5 amd64 5.15.3+dfsg-1 [1472 kB]
#7 126.7 Get:101 http://archive.ubuntu.com/ubuntu jammy/universe amd64 libqt5qmlmodels5 amd64 5.15.3+dfsg-1 [205 kB]
#7 126.9 Get:102 http://archive.ubuntu.com/ubuntu jammy/universe amd64 libqt5quick5 amd64 5.15.3+dfsg-1 [1748 kB]
#7 128.8 Get:103 http://archive.ubuntu.com/ubuntu jammy/universe amd64 libqt5sensors5 amd64 5.15.3-1 [123 kB]
#7 129.0 Get:104 http://archive.ubuntu.com/ubuntu jammy/universe amd64 libqt5webchannel5 amd64 5.15.3-1 [62.9 kB]
#7 129.2 Get:105 http://archive.ubuntu.com/ubuntu jammy/main amd64 libwoff1 amd64 1.0.2-1build4 [45.2 kB]
#7 129.3 Get:106 http://archive.ubuntu.com/ubuntu jammy/universe amd64 libqt5webkit5 amd64 5.212.0~alpha4-15ubuntu1 [12.8 MB]
#7 141.1 Get:107 http://archive.ubuntu.com/ubuntu jammy/main amd64 xorg-sgml-doctools all 1:1.11-1.1 [10.9 kB]
#7 141.2 Get:108 http://archive.ubuntu.com/ubuntu jammy/main amd64 x11proto-dev all 2021.5-1 [604 kB]
#7 141.8 Get:109 http://archive.ubuntu.com/ubuntu jammy/main amd64 libxau-dev amd64 1:1.0.9-1build5 [9724 B]
#7 141.9 Get:110 http://archive.ubuntu.com/ubuntu jammy/main amd64 libxdmcp-dev amd64 1:1.1.3-0ubuntu5 [26.5 kB]
#7 142.0 Get:111 http://archive.ubuntu.com/ubuntu jammy/main amd64 xtrans-dev all 1.4.0-1 [68.9 kB]
#7 142.1 Get:112 http://archive.ubuntu.com/ubuntu jammy/main amd64 libpthread-stubs0-dev amd64 0.4-1build2 [5516 B]
#7 142.1 Get:113 http://archive.ubuntu.com/ubuntu jammy/main amd64 libxcb1-dev amd64 1.14-3ubuntu3 [86.5 kB]
#7 142.3 Get:114 http://archive.ubuntu.com/ubuntu jammy-updates/main amd64 libx11-dev amd64 2:1.7.5-1ubuntu0.3 [744 kB]
#7 143.0 Get:115 http://archive.ubuntu.com/ubuntu jammy/main amd64 libglx-dev amd64 1.4.0-1 [14.1 kB]
#7 143.1 Get:116 http://archive.ubuntu.com/ubuntu jammy/main amd64 libgl-dev amd64 1.4.0-1 [101 kB]
#7 143.2 Get:117 http://archive.ubuntu.com/ubuntu jammy/main amd64 libegl-dev amd64 1.4.0-1 [18.0 kB]
#7 143.3 Get:118 http://archive.ubuntu.com/ubuntu jammy/main amd64 libopengl0 amd64 1.4.0-1 [36.5 kB]
#7 143.4 Get:119 http://archive.ubuntu.com/ubuntu jammy/main amd64 libglu1-mesa amd64 9.0.2-1 [145 kB]
#7 143.6 Get:120 http://archive.ubuntu.com/ubuntu jammy/main amd64 libglu1-mesa-dev amd64 9.0.2-1 [231 kB]
#7 143.9 Get:121 http://archive.ubuntu.com/ubuntu jammy-updates/universe amd64 libqt5concurrent5 amd64 5.15.3+dfsg-2ubuntu0.2 [36.3 kB]
#7 144.0 Get:122 http://archive.ubuntu.com/ubuntu jammy-updates/universe amd64 libqt5sql5 amd64 5.15.3+dfsg-2ubuntu0.2 [123 kB]
#7 144.2 Get:123 http://archive.ubuntu.com/ubuntu jammy-updates/universe amd64 libqt5test5 amd64 5.15.3+dfsg-2ubuntu0.2 [152 kB]
#7 144.4 Get:124 http://archive.ubuntu.com/ubuntu jammy-updates/universe amd64 libqt5xml5 amd64 5.15.3+dfsg-2ubuntu0.2 [124 kB]
#7 144.5 Get:125 http://archive.ubuntu.com/ubuntu jammy/main amd64 libvulkan1 amd64 1.3.204.1-2 [128 kB]
#7 144.7 Get:126 http://archive.ubuntu.com/ubuntu jammy/main amd64 libvulkan-dev amd64 1.3.204.1-2 [892 kB]
#7 145.6 Get:127 http://archive.ubuntu.com/ubuntu jammy/main amd64 libxext-dev amd64 2:1.3.4-1build1 [84.7 kB]
#7 145.7 Get:128 http://archive.ubuntu.com/ubuntu jammy-updates/universe amd64 qt5-qmake-bin amd64 5.15.3+dfsg-2ubuntu0.2 [1126 kB]
#7 146.8 Get:129 http://archive.ubuntu.com/ubuntu jammy/universe amd64 qtchooser amd64 66-2build1 [24.7 kB]
#7 146.9 Get:130 http://archive.ubuntu.com/ubuntu jammy-updates/universe amd64 qt5-qmake amd64 5.15.3+dfsg-2ubuntu0.2 [208 kB]
#7 147.1 Get:131 http://archive.ubuntu.com/ubuntu jammy-updates/universe amd64 qtbase5-dev-tools amd64 5.15.3+dfsg-2ubuntu0.2 [819 kB]
#7 148.0 Get:132 http://archive.ubuntu.com/ubuntu jammy-updates/universe amd64 qtbase5-dev amd64 5.15.3+dfsg-2ubuntu0.2 [1135 kB]
#7 149.4 Get:133 http://archive.ubuntu.com/ubuntu jammy/universe amd64 libqt5qmlworkerscript5 amd64 5.15.3+dfsg-1 [34.4 kB]
#7 149.4 Get:134 http://archive.ubuntu.com/ubuntu jammy/universe amd64 libqt5quickparticles5 amd64 5.15.3+dfsg-1 [218 kB]
#7 149.7 Get:135 http://archive.ubuntu.com/ubuntu jammy/universe amd64 libqt5quickshapes5 amd64 5.15.3+dfsg-1 [104 kB]
#7 149.9 Get:136 http://archive.ubuntu.com/ubuntu jammy/universe amd64 libqt5quicktest5 amd64 5.15.3+dfsg-1 [58.2 kB]
#7 150.0 Get:137 http://archive.ubuntu.com/ubuntu jammy/universe amd64 libqt5quickwidgets5 amd64 5.15.3+dfsg-1 [39.9 kB]
#7 150.1 Get:138 http://archive.ubuntu.com/ubuntu jammy/universe amd64 qt5-qmltooling-plugins amd64 5.15.3+dfsg-1 [193 kB]
#7 150.3 Get:139 http://archive.ubuntu.com/ubuntu jammy/universe amd64 qtdeclarative5-dev-tools amd64 5.15.3+dfsg-1 [688 kB]
#7 151.1 Get:140 http://archive.ubuntu.com/ubuntu jammy/universe amd64 qtdeclarative5-dev amd64 5.15.3+dfsg-1 [494 kB]
#7 151.6 Get:141 http://archive.ubuntu.com/ubuntu jammy/universe amd64 libqt5webkit5-dev amd64 5.212.0~alpha4-15ubuntu1 [54.7 kB]
#7 151.7 Get:142 http://archive.ubuntu.com/ubuntu jammy-updates/main amd64 libbpf0 amd64 1:0.5.0-1ubuntu22.04.1 [140 kB]
#7 152.0 Get:143 http://archive.ubuntu.com/ubuntu jammy/main amd64 libmnl0 amd64 1.0.4-3build2 [13.2 kB]
#7 152.0 Get:144 http://archive.ubuntu.com/ubuntu jammy-updates/main amd64 libxtables12 amd64 1.8.7-1ubuntu5.2 [31.3 kB]
#7 152.1 Get:145 http://archive.ubuntu.com/ubuntu jammy-updates/main amd64 iproute2 amd64 5.15.0-1ubuntu2.2 [1072 kB]
#7 153.1 Get:146 http://archive.ubuntu.com/ubuntu jammy-updates/main amd64 iputils-ping amd64 3:20211215-1ubuntu0.1 [43.0 kB]
#7 153.2 Get:147 http://archive.ubuntu.com/ubuntu jammy-updates/main amd64 libjson-c5 amd64 0.15-3~ubuntu1.22.04.2 [33.5 kB]
#7 153.3 Get:148 http://archive.ubuntu.com/ubuntu jammy/main amd64 bash-completion all 1:2.11-5ubuntu1 [180 kB]
#7 153.5 Get:149 http://archive.ubuntu.com/ubuntu jammy/main amd64 libcbor0.8 amd64 0.8.0-2ubuntu1 [24.6 kB]
#7 153.6 Get:150 http://archive.ubuntu.com/ubuntu jammy/main amd64 libfido2-1 amd64 1.10.0-1 [82.8 kB]
#7 153.7 Get:151 http://archive.ubuntu.com/ubuntu jammy/main amd64 libnuma1 amd64 2.0.14-3ubuntu2 [22.5 kB]
#7 153.8 Get:152 http://archive.ubuntu.com/ubuntu jammy-updates/main amd64 libpcap0.8 amd64 1.10.1-4ubuntu1.22.04.1 [145 kB]
#7 154.0 Get:153 http://archive.ubuntu.com/ubuntu jammy-updates/main amd64 libusb-1.0-0 amd64 2:1.0.25-1ubuntu2 [52.7 kB]
#7 154.2 Get:154 http://archive.ubuntu.com/ubuntu jammy/main amd64 libxmuu1 amd64 2:1.1.3-3 [10.2 kB]
#7 154.2 Get:155 http://archive.ubuntu.com/ubuntu jammy-updates/main amd64 openssh-client amd64 1:8.9p1-3ubuntu0.16 [904 kB]
#7 155.2 Get:156 http://archive.ubuntu.com/ubuntu jammy/main amd64 usbutils amd64 1:014-1build1 [85.6 kB]
#7 155.3 Get:157 http://archive.ubuntu.com/ubuntu jammy/main amd64 xauth amd64 1:1.1-1build2 [27.5 kB]
#7 155.4 Get:158 http://archive.ubuntu.com/ubuntu jammy/main amd64 libsigsegv2 amd64 2.13-1ubuntu3 [14.6 kB]
#7 155.4 Get:159 http://archive.ubuntu.com/ubuntu jammy/main amd64 m4 amd64 1.4.18-5ubuntu2 [199 kB]
#7 155.9 Get:160 http://archive.ubuntu.com/ubuntu jammy/main amd64 autoconf all 2.71-2 [338 kB]
#7 157.0 Get:161 http://archive.ubuntu.com/ubuntu jammy/main amd64 autotools-dev all 20220109.1 [44.9 kB]
#7 157.2 Get:162 http://archive.ubuntu.com/ubuntu jammy/main amd64 automake all 1:1.16.5-1.3 [558 kB]
#7 158.3 Get:163 http://archive.ubuntu.com/ubuntu jammy/main amd64 java-common all 0.72build2 [6782 B]
#7 158.4 Get:164 http://archive.ubuntu.com/ubuntu jammy-updates/main amd64 liblcms2-2 amd64 2.12~rc1-2ubuntu0.1 [159 kB]
#7 158.7 Get:165 http://archive.ubuntu.com/ubuntu jammy-updates/main amd64 libnspr4 amd64 2:4.35-0ubuntu0.22.04.1 [119 kB]
#7 158.9 Get:166 http://archive.ubuntu.com/ubuntu jammy-updates/main amd64 libnss3 amd64 2:3.98-0ubuntu0.22.04.4 [1347 kB]
#7 160.5 Get:167 http://archive.ubuntu.com/ubuntu jammy-updates/main amd64 libasound2-data all 1.2.6.1-1ubuntu1.2 [19.3 kB]
#7 160.7 Get:168 http://archive.ubuntu.com/ubuntu jammy-updates/main amd64 libasound2 amd64 1.2.6.1-1ubuntu1.2 [391 kB]
#7 161.2 Get:169 http://archive.ubuntu.com/ubuntu jammy-updates/main amd64 libpcsclite1 amd64 1.9.5-3ubuntu1 [19.8 kB]
#7 161.3 Get:170 http://archive.ubuntu.com/ubuntu jammy-updates/main amd64 openjdk-11-jre-headless amd64 11.0.31+11-1ubuntu1~22.04.2 [42.6 MB]
#7 170.1 Get:171 http://packages.ros.org/ros2/ubuntu jammy/main amd64 ros-humble-rviz-rendering amd64 11.2.27-1jammy.20260612.190415 [797 kB]
#7 179.4 Get:172 http://packages.ros.org/ros2/ubuntu jammy/main amd64 ros-humble-rviz-common amd64 11.2.27-1jammy.20260612.193221 [620 kB]
#7 189.9 Get:173 http://packages.ros.org/ros2/ubuntu jammy/main amd64 ros-humble-rviz-default-plugins amd64 11.2.27-1jammy.20260612.201202 [2223 kB]
#7 205.9 Get:174 http://archive.ubuntu.com/ubuntu jammy/main amd64 default-jre-headless amd64 2:1.11-72build2 [3042 B]
#7 206.0 Get:175 http://archive.ubuntu.com/ubuntu jammy-updates/main amd64 ca-certificates-java all 20190909ubuntu1.3 [12.3 kB]
#7 206.1 Get:176 http://archive.ubuntu.com/ubuntu jammy-updates/main amd64 libgif7 amd64 5.1.9-2ubuntu0.1 [33.9 kB]
#7 206.3 Get:177 http://archive.ubuntu.com/ubuntu jammy/main amd64 libxi6 amd64 2:1.8-1build1 [32.6 kB]
#7 206.5 Get:178 http://archive.ubuntu.com/ubuntu jammy/main amd64 libxtst6 amd64 2:1.2.3-1build4 [13.4 kB]
#7 206.6 Get:179 http://archive.ubuntu.com/ubuntu jammy-updates/main amd64 openjdk-11-jre amd64 11.0.31+11-1ubuntu1~22.04.2 [213 kB]
#7 207.0 Get:180 http://archive.ubuntu.com/ubuntu jammy/main amd64 default-jre amd64 2:1.11-72build2 [896 B]
#7 207.2 Get:181 http://archive.ubuntu.com/ubuntu jammy-updates/main amd64 openjdk-11-jdk-headless amd64 11.0.31+11-1ubuntu1~22.04.2 [73.7 MB]
#7 221.0 Get:182 http://packages.ros.org/ros2/ubuntu jammy/main amd64 ros-humble-rviz2 amd64 11.2.27-1jammy.20260612.213323 [13.9 kB]
#7 275.0 Get:183 http://archive.ubuntu.com/ubuntu jammy/main amd64 default-jdk-headless amd64 2:1.11-72build2 [942 B]
#7 275.1 Get:184 http://archive.ubuntu.com/ubuntu jammy-updates/main amd64 openjdk-11-jdk amd64 11.0.31+11-1ubuntu1~22.04.2 [1355 kB]
#7 276.5 Get:185 http://archive.ubuntu.com/ubuntu jammy/main amd64 default-jdk amd64 2:1.11-72build2 [908 B]
#7 276.6 Get:186 http://archive.ubuntu.com/ubuntu jammy/main amd64 mysql-common all 5.8+1.0.8 [7212 B]
#7 276.7 Get:187 http://archive.ubuntu.com/ubuntu jammy-updates/main amd64 libmysqlclient21 amd64 8.0.46-0ubuntu0.22.04.3 [1336 kB]
#7 278.0 Get:188 http://archive.ubuntu.com/ubuntu jammy-updates/main amd64 libmysqlclient-dev amd64 8.0.46-0ubuntu0.22.04.3 [1705 kB]
#7 279.6 Get:189 http://archive.ubuntu.com/ubuntu jammy/main amd64 default-libmysqlclient-dev amd64 1.0.8 [3586 B]
#7 279.9 Get:190 http://archive.ubuntu.com/ubuntu jammy/universe amd64 gdal-data all 3.4.1+dfsg-1build4 [216 kB]
#7 280.2 Get:191 http://archive.ubuntu.com/ubuntu jammy-updates/main amd64 libgfortran-11-dev amd64 11.4.0-1ubuntu1~22.04.3 [842 kB]
#7 281.2 Get:192 http://archive.ubuntu.com/ubuntu jammy-updates/main amd64 gfortran-11 amd64 11.4.0-1ubuntu1~22.04.3 [11.2 MB]
#7 291.6 Get:193 http://archive.ubuntu.com/ubuntu jammy/universe amd64 hdf5-helpers amd64 1.10.7+repack-4ubuntu2 [14.2 kB]
#7 291.7 Get:194 http://archive.ubuntu.com/ubuntu jammy/main amd64 libnl-3-200 amd64 3.5.0-0.1 [59.1 kB]
#7 291.8 Get:195 http://archive.ubuntu.com/ubuntu jammy/main amd64 libnl-route-3-200 amd64 3.5.0-0.1 [180 kB]
#7 292.1 Get:196 http://archive.ubuntu.com/ubuntu jammy/main amd64 libibverbs1 amd64 39.0-1 [69.3 kB]
#7 292.3 Get:197 http://archive.ubuntu.com/ubuntu jammy/main amd64 ibverbs-providers amd64 39.0-1 [341 kB]
#7 292.8 Get:198 http://archive.ubuntu.com/ubuntu jammy/main amd64 icu-devtools amd64 70.1-2 [197 kB]
#7 293.1 Get:199 http://archive.ubuntu.com/ubuntu jammy/universe amd64 libaec0 amd64 1.0.6-1 [20.1 kB]
#7 293.2 Get:200 http://archive.ubuntu.com/ubuntu jammy-updates/universe amd64 libaom3 amd64 3.3.0-1ubuntu0.1 [1748 kB]
#7 294.9 Get:201 http://archive.ubuntu.com/ubuntu jammy-updates/universe amd64 libaom-dev amd64 3.3.0-1ubuntu0.1 [2093 kB]
#7 297.1 Get:202 http://archive.ubuntu.com/ubuntu jammy/universe amd64 libarpack2 amd64 3.8.0-1 [92.4 kB]
#7 297.3 Get:203 http://archive.ubuntu.com/ubuntu jammy/universe amd64 libsuperlu5 amd64 5.3.0+dfsg1-2 [183 kB]
#7 297.5 Get:204 http://archive.ubuntu.com/ubuntu jammy/universe amd64 libarmadillo10 amd64 1:10.8.2+dfsg-1 [105 kB]
#7 297.8 Get:205 http://archive.ubuntu.com/ubuntu jammy/main amd64 libblas-dev amd64 3.10.0-2ubuntu1 [164 kB]
#7 298.0 Get:206 http://archive.ubuntu.com/ubuntu jammy/main amd64 liblapack-dev amd64 3.10.0-2ubuntu1 [4774 kB]
#7 302.5 Get:207 http://archive.ubuntu.com/ubuntu jammy/universe amd64 libarpack2-dev amd64 3.8.0-1 [105 kB]
#7 302.7 Get:208 http://archive.ubuntu.com/ubuntu jammy/universe amd64 libsz2 amd64 1.0.6-1 [5354 B]
#7 302.8 Get:209 http://archive.ubuntu.com/ubuntu jammy/universe amd64 libhdf5-103-1 amd64 1.10.7+repack-4ubuntu2 [1295 kB]
#7 304.1 Get:210 http://archive.ubuntu.com/ubuntu jammy/universe amd64 libhdf5-fortran-102 amd64 1.10.7+repack-4ubuntu2 [90.9 kB]
#7 304.3 Get:211 http://archive.ubuntu.com/ubuntu jammy/universe amd64 libhdf5-hl-100 amd64 1.10.7+repack-4ubuntu2 [59.1 kB]
#7 304.4 Get:212 http://archive.ubuntu.com/ubuntu jammy/universe amd64 libhdf5-hl-fortran-100 amd64 1.10.7+repack-4ubuntu2 [33.8 kB]
#7 304.6 Get:213 http://archive.ubuntu.com/ubuntu jammy/universe amd64 libhdf5-cpp-103-1 amd64 1.10.7+repack-4ubuntu2 [129 kB]
#7 304.8 Get:214 http://archive.ubuntu.com/ubuntu jammy/universe amd64 libhdf5-hl-cpp-100 amd64 1.10.7+repack-4ubuntu2 [10.6 kB]
#7 304.9 Get:215 http://archive.ubuntu.com/ubuntu jammy/main amd64 libjpeg-turbo8-dev amd64 2.1.2-0ubuntu1 [257 kB]
#7 305.5 Get:216 http://archive.ubuntu.com/ubuntu jammy/main amd64 libjpeg8-dev amd64 8c-2ubuntu10 [1476 B]
#7 305.7 Get:217 http://archive.ubuntu.com/ubuntu jammy/main amd64 libjpeg-dev amd64 8c-2ubuntu10 [1472 B]
#7 305.8 Get:218 http://archive.ubuntu.com/ubuntu jammy/universe amd64 libaec-dev amd64 1.0.6-1 [17.9 kB]
#7 305.9 Get:219 http://archive.ubuntu.com/ubuntu jammy-updates/main amd64 libcurl4-openssl-dev amd64 7.81.0-1ubuntu1.25 [387 kB]
#7 306.4 Get:220 http://archive.ubuntu.com/ubuntu jammy/universe amd64 libhdf5-dev amd64 1.10.7+repack-4ubuntu2 [2684 kB]
#7 308.9 Get:221 http://archive.ubuntu.com/ubuntu jammy/universe amd64 libsuperlu-dev amd64 5.3.0+dfsg1-2 [20.0 kB]
#7 309.0 Get:222 http://archive.ubuntu.com/ubuntu jammy/universe amd64 libarmadillo-dev amd64 1:10.8.2+dfsg-1 [399 kB]
#7 309.6 Get:223 http://archive.ubuntu.com/ubuntu jammy/universe amd64 libdraco4 amd64 1.5.2+dfsg-2 [726 kB]
#7 310.5 Get:224 http://archive.ubuntu.com/ubuntu jammy/universe amd64 libminizip1 amd64 1.1-8build1 [20.2 kB]
#7 310.6 Get:225 http://archive.ubuntu.com/ubuntu jammy/universe amd64 libassimp5 amd64 5.2.2~ds0-1 [2265 kB]
#7 312.8 Get:226 http://archive.ubuntu.com/ubuntu jammy/universe amd64 libva2 amd64 2.14.0-1 [65.0 kB]
#7 313.0 Get:227 http://archive.ubuntu.com/ubuntu jammy/universe amd64 libmfx1 amd64 22.3.0-1 [3105 kB]
#7 315.9 Get:228 http://archive.ubuntu.com/ubuntu jammy/universe amd64 libva-drm2 amd64 2.14.0-1 [7502 B]
#7 316.0 Get:229 http://archive.ubuntu.com/ubuntu jammy/universe amd64 libva-x11-2 amd64 2.14.0-1 [12.6 kB]
#7 316.0 Get:230 http://archive.ubuntu.com/ubuntu jammy/main amd64 libvdpau1 amd64 1.4-3build2 [27.0 kB]
#7 316.1 Get:231 http://archive.ubuntu.com/ubuntu jammy/universe amd64 ocl-icd-libopencl1 amd64 2.2.14-3 [39.1 kB]
#7 316.2 Get:232 http://archive.ubuntu.com/ubuntu jammy-updates/universe amd64 libavutil56 amd64 7:4.4.2-0ubuntu0.22.04.1 [290 kB]
#7 316.5 Get:233 http://archive.ubuntu.com/ubuntu jammy/universe amd64 libcodec2-1.0 amd64 1.0.1-3 [8435 kB]
#7 323.9 Get:234 http://archive.ubuntu.com/ubuntu jammy/universe amd64 libdav1d5 amd64 0.9.2-1 [463 kB]
#7 324.4 Get:235 http://archive.ubuntu.com/ubuntu jammy/universe amd64 libgsm1 amd64 1.0.19-1 [27.7 kB]
#7 324.5 Get:236 http://archive.ubuntu.com/ubuntu jammy/main amd64 libmp3lame0 amd64 3.100-3build2 [141 kB]
#7 324.6 Get:237 http://archive.ubuntu.com/ubuntu jammy-updates/main amd64 libopenjp2-7 amd64 2.4.0-6ubuntu0.5 [158 kB]
#7 324.8 Get:238 http://archive.ubuntu.com/ubuntu jammy/main amd64 libopus0 amd64 1.3.1-0.1build2 [203 kB]
#7 325.0 Get:239 http://archive.ubuntu.com/ubuntu jammy-updates/main amd64 libcairo-gobject2 amd64 1.16.0-5ubuntu2.1 [19.5 kB]
#7 325.1 Get:240 http://archive.ubuntu.com/ubuntu jammy-updates/main amd64 libgdk-pixbuf2.0-common all 2.42.8+dfsg-1ubuntu0.5 [5560 B]
#7 325.1 Get:241 http://archive.ubuntu.com/ubuntu jammy-updates/main amd64 libgdk-pixbuf-2.0-0 amd64 2.42.8+dfsg-1ubuntu0.5 [148 kB]
#7 325.3 Get:242 http://archive.ubuntu.com/ubuntu jammy-updates/main amd64 librsvg2-2 amd64 2.52.5+dfsg-3ubuntu0.2 [2974 kB]
#7 328.2 Get:243 http://archive.ubuntu.com/ubuntu jammy/universe amd64 libshine3 amd64 3.1.1-2 [23.2 kB]
#7 328.3 Get:244 http://archive.ubuntu.com/ubuntu jammy/main amd64 libsnappy1v5 amd64 1.1.8-1build3 [17.5 kB]
#7 328.3 Get:245 http://archive.ubuntu.com/ubuntu jammy/main amd64 libspeex1 amd64 1.2~rc1.2-1.1ubuntu3 [57.9 kB]
#7 328.4 Get:246 http://archive.ubuntu.com/ubuntu jammy/main amd64 libsoxr0 amd64 0.1.3-4build2 [79.8 kB]
#7 328.5 Get:247 http://archive.ubuntu.com/ubuntu jammy-updates/universe amd64 libswresample3 amd64 7:4.4.2-0ubuntu0.22.04.1 [62.2 kB]
#7 328.6 Get:248 http://archive.ubuntu.com/ubuntu jammy/main amd64 libogg0 amd64 1.3.5-0ubuntu3 [22.9 kB]
#7 328.7 Get:249 http://archive.ubuntu.com/ubuntu jammy/main amd64 libtheora0 amd64 1.1.1+dfsg.1-15ubuntu4 [209 kB]
#7 328.9 Get:250 http://archive.ubuntu.com/ubuntu jammy/main amd64 libtwolame0 amd64 0.4.0-2build2 [52.5 kB]
#7 329.0 Get:251 http://archive.ubuntu.com/ubuntu jammy/main amd64 libvorbis0a amd64 1.3.7-1build2 [99.2 kB]
#7 329.2 Get:252 http://archive.ubuntu.com/ubuntu jammy/main amd64 libvorbisenc2 amd64 1.3.7-1build2 [82.6 kB]
#7 329.3 Get:253 http://archive.ubuntu.com/ubuntu jammy-updates/main amd64 libvpx7 amd64 1.11.0-2ubuntu2.5 [1078 kB]
#7 330.4 Get:254 http://archive.ubuntu.com/ubuntu jammy-updates/main amd64 libwebpmux3 amd64 1.2.2-2ubuntu0.22.04.2 [20.5 kB]
#7 330.4 Get:255 http://archive.ubuntu.com/ubuntu jammy/universe amd64 libx264-163 amd64 2:0.163.3060+git5db6aa6-2build1 [591 kB]
#7 331.0 Get:256 http://archive.ubuntu.com/ubuntu jammy/universe amd64 libx265-199 amd64 3.5-2 [1170 kB]
#7 332.0 Get:257 http://archive.ubuntu.com/ubuntu jammy/universe amd64 libxvidcore4 amd64 2:1.3.7-1 [201 kB]
#7 332.3 Get:258 http://archive.ubuntu.com/ubuntu jammy/universe amd64 libzvbi-common all 0.2.35-19 [35.5 kB]
#7 332.3 Get:259 http://archive.ubuntu.com/ubuntu jammy/universe amd64 libzvbi0 amd64 0.2.35-19 [262 kB]
#7 332.6 Get:260 http://archive.ubuntu.com/ubuntu jammy-updates/universe amd64 libavcodec58 amd64 7:4.4.2-0ubuntu0.22.04.1 [5567 kB]
#7 337.4 Get:261 http://archive.ubuntu.com/ubuntu jammy-updates/universe amd64 libavutil-dev amd64 7:4.4.2-0ubuntu0.22.04.1 [427 kB]
#7 337.9 Get:262 http://archive.ubuntu.com/ubuntu jammy-updates/universe amd64 libswresample-dev amd64 7:4.4.2-0ubuntu0.22.04.1 [78.0 kB]
#7 338.0 Get:263 http://archive.ubuntu.com/ubuntu jammy-updates/universe amd64 libavcodec-dev amd64 7:4.4.2-0ubuntu0.22.04.1 [6221 kB]
#7 343.4 Get:264 http://archive.ubuntu.com/ubuntu jammy/universe amd64 libudfread0 amd64 1.1.2-1 [16.2 kB]
#7 343.5 Get:265 http://archive.ubuntu.com/ubuntu jammy/universe amd64 libbluray2 amd64 1:1.3.1-1 [159 kB]
#7 343.7 Get:266 http://archive.ubuntu.com/ubuntu jammy/universe amd64 libchromaprint1 amd64 1.5.1-2 [28.4 kB]
#7 343.7 Get:267 http://archive.ubuntu.com/ubuntu jammy/universe amd64 libgme0 amd64 0.6.3-2 [127 kB]
#7 343.9 Get:268 http://archive.ubuntu.com/ubuntu jammy-updates/main amd64 libmpg123-0 amd64 1.29.3-1ubuntu0.1 [172 kB]
#7 344.1 Get:269 http://archive.ubuntu.com/ubuntu jammy/main amd64 libvorbisfile3 amd64 1.3.7-1build2 [17.1 kB]
#7 344.2 Get:270 http://archive.ubuntu.com/ubuntu jammy/universe amd64 libopenmpt0 amd64 0.6.1-1 [592 kB]
#7 344.7 Get:271 http://archive.ubuntu.com/ubuntu jammy-updates/main amd64 librabbitmq4 amd64 0.10.0-1ubuntu2.1 [39.5 kB]
#7 344.8 Get:272 http://archive.ubuntu.com/ubuntu jammy/universe amd64 libsrt1.4-gnutls amd64 1.4.4-4 [309 kB]
#7 345.1 Get:273 http://archive.ubuntu.com/ubuntu jammy-updates/main amd64 libssh-gcrypt-4 amd64 0.9.6-2ubuntu0.22.04.7 [224 kB]
#7 345.4 Get:274 http://archive.ubuntu.com/ubuntu jammy/universe amd64 libnorm1 amd64 1.5.9+dfsg-2 [221 kB]
#7 345.6 Get:275 http://archive.ubuntu.com/ubuntu jammy/universe amd64 libpgm-5.3-0 amd64 5.3.128~dfsg-2 [161 kB]
#7 345.8 Get:276 http://archive.ubuntu.com/ubuntu jammy-updates/main amd64 libsodium23 amd64 1.0.18-1ubuntu0.22.04.1 [164 kB]
#7 346.0 Get:277 http://archive.ubuntu.com/ubuntu jammy/universe amd64 libzmq5 amd64 4.3.4-2 [256 kB]
#7 346.2 Get:278 http://archive.ubuntu.com/ubuntu jammy-updates/universe amd64 libavformat58 amd64 7:4.4.2-0ubuntu0.22.04.1 [1103 kB]
#7 347.3 Get:279 http://archive.ubuntu.com/ubuntu jammy-updates/universe amd64 libavformat-dev amd64 7:4.4.2-0ubuntu0.22.04.1 [1347 kB]
#7 348.7 Get:280 http://archive.ubuntu.com/ubuntu jammy/universe amd64 libblosc1 amd64 1.21.1+ds2-2 [35.8 kB]
#7 348.9 Get:281 http://archive.ubuntu.com/ubuntu jammy/universe amd64 libblosc-dev amd64 1.21.1+ds2-2 [44.1 kB]
#7 349.0 Get:282 http://archive.ubuntu.com/ubuntu jammy/main amd64 libboost1.74-dev amd64 1.74.0-14ubuntu3 [9609 kB]
#7 357.4 Get:283 http://archive.ubuntu.com/ubuntu jammy/main amd64 libboost-dev amd64 1.74.0.3ubuntu7 [3490 B]
#7 357.4 Get:284 http://archive.ubuntu.com/ubuntu jammy/main amd64 libboost1.74-tools-dev amd64 1.74.0-14ubuntu3 [1351 kB]
#7 359.0 Get:285 http://archive.ubuntu.com/ubuntu jammy/universe amd64 libboost-tools-dev amd64 1.74.0.3ubuntu7 [3428 B]
#7 359.0 Get:286 http://archive.ubuntu.com/ubuntu jammy/main amd64 libboost-atomic1.74.0 amd64 1.74.0-14ubuntu3 [224 kB]
#7 359.3 Get:287 http://archive.ubuntu.com/ubuntu jammy/main amd64 libboost-atomic1.74-dev amd64 1.74.0-14ubuntu3 [221 kB]
#7 359.5 Get:288 http://archive.ubuntu.com/ubuntu jammy/universe amd64 libboost-atomic-dev amd64 1.74.0.3ubuntu7 [3544 B]
#7 359.5 Get:289 http://archive.ubuntu.com/ubuntu jammy/main amd64 libboost-chrono1.74.0 amd64 1.74.0-14ubuntu3 [232 kB]
#7 359.8 Get:290 http://archive.ubuntu.com/ubuntu jammy/main amd64 libboost-chrono1.74-dev amd64 1.74.0-14ubuntu3 [239 kB]
#7 360.0 Get:291 http://archive.ubuntu.com/ubuntu jammy/universe amd64 libboost-chrono-dev amd64 1.74.0.3ubuntu7 [3854 B]
#7 360.1 Get:292 http://archive.ubuntu.com/ubuntu jammy/universe amd64 libboost-container1.74.0 amd64 1.74.0-14ubuntu3 [246 kB]
#7 360.3 Get:293 http://archive.ubuntu.com/ubuntu jammy/universe amd64 libboost-container1.74-dev amd64 1.74.0-14ubuntu3 [254 kB]
#7 360.6 Get:294 http://archive.ubuntu.com/ubuntu jammy/universe amd64 libboost-container-dev amd64 1.74.0.3ubuntu7 [3712 B]
#7 360.7 Get:295 http://archive.ubuntu.com/ubuntu jammy/main amd64 libboost-date-time1.74.0 amd64 1.74.0-14ubuntu3 [221 kB]
#7 360.9 Get:296 http://archive.ubuntu.com/ubuntu jammy/main amd64 libboost-serialization1.74.0 amd64 1.74.0-14ubuntu3 [327 kB]
#7 361.2 Get:297 http://archive.ubuntu.com/ubuntu jammy/main amd64 libboost-serialization1.74-dev amd64 1.74.0-14ubuntu3 [375 kB]
#7 361.6 Get:298 http://archive.ubuntu.com/ubuntu jammy/main amd64 libboost-date-time1.74-dev amd64 1.74.0-14ubuntu3 [226 kB]
#7 361.9 Get:299 http://archive.ubuntu.com/ubuntu jammy/main amd64 libboost-system1.74.0 amd64 1.74.0-14ubuntu3 [221 kB]
#7 362.1 Get:300 http://archive.ubuntu.com/ubuntu jammy/main amd64 libboost-system1.74-dev amd64 1.74.0-14ubuntu3 [218 kB]
#7 362.4 Get:301 http://archive.ubuntu.com/ubuntu jammy/main amd64 libboost-thread1.74.0 amd64 1.74.0-14ubuntu3 [262 kB]
#7 362.6 Get:302 http://archive.ubuntu.com/ubuntu jammy/main amd64 libboost-thread1.74-dev amd64 1.74.0-14ubuntu3 [272 kB]
#7 362.9 Get:303 http://archive.ubuntu.com/ubuntu jammy/main amd64 libboost-context1.74.0 amd64 1.74.0-14ubuntu3 [223 kB]
#7 363.2 Get:304 http://archive.ubuntu.com/ubuntu jammy/universe amd64 libboost-context1.74-dev amd64 1.74.0-14ubuntu3 [220 kB]
#7 363.4 Get:305 http://archive.ubuntu.com/ubuntu jammy/universe amd64 libboost-context-dev amd64 1.74.0.3ubuntu7 [3456 B]
#7 363.6 Get:306 http://archive.ubuntu.com/ubuntu jammy/universe amd64 libboost-coroutine1.74.0 amd64 1.74.0-14ubuntu3 [235 kB]
#7 363.8 Get:307 http://archive.ubuntu.com/ubuntu jammy/universe amd64 libboost-coroutine1.74-dev amd64 1.74.0-14ubuntu3 [244 kB]
#7 364.1 Get:308 http://archive.ubuntu.com/ubuntu jammy/universe amd64 libboost-coroutine-dev amd64 1.74.0.3ubuntu7 [3520 B]
#7 364.1 Get:309 http://archive.ubuntu.com/ubuntu jammy/universe amd64 libboost-date-time-dev amd64 1.74.0.3ubuntu7 [3248 B]
#7 364.2 Get:310 http://archive.ubuntu.com/ubuntu jammy/universe amd64 libboost-exception1.74-dev amd64 1.74.0-14ubuntu3 [217 kB]
#7 364.4 Get:311 http://archive.ubuntu.com/ubuntu jammy/universe amd64 libboost-exception-dev amd64 1.74.0.3ubuntu7 [3250 B]
#7 364.5 Get:312 http://archive.ubuntu.com/ubuntu jammy/main amd64 libboost-filesystem1.74.0 amd64 1.74.0-14ubuntu3 [264 kB]
#7 364.8 Get:313 http://archive.ubuntu.com/ubuntu jammy/main amd64 libboost-filesystem1.74-dev amd64 1.74.0-14ubuntu3 [287 kB]
#7 365.1 Get:314 http://archive.ubuntu.com/ubuntu jammy/universe amd64 libboost-fiber1.74.0 amd64 1.74.0-14ubuntu3 [242 kB]
#7 365.4 Get:315 http://archive.ubuntu.com/ubuntu jammy/universe amd64 libboost-fiber1.74-dev amd64 1.74.0-14ubuntu3 [254 kB]
#7 365.7 Get:316 http://archive.ubuntu.com/ubuntu jammy/universe amd64 libboost-fiber-dev amd64 1.74.0.3ubuntu7 [3674 B]
#7 365.7 Get:317 http://archive.ubuntu.com/ubuntu jammy/main amd64 libboost-filesystem-dev amd64 1.74.0.3ubuntu7 [3280 B]
#7 365.8 Get:318 http://archive.ubuntu.com/ubuntu jammy/main amd64 libboost-regex1.74.0 amd64 1.74.0-14ubuntu3 [511 kB]
#7 366.3 Get:319 http://archive.ubuntu.com/ubuntu jammy/universe amd64 libboost-graph1.74.0 amd64 1.74.0-14ubuntu3 [304 kB]
#7 366.6 Get:320 http://archive.ubuntu.com/ubuntu jammy/main amd64 libicu-dev amd64 70.1-2 [11.6 MB]
#7 377.1 Get:321 http://archive.ubuntu.com/ubuntu jammy/main amd64 libboost-regex1.74-dev amd64 1.74.0-14ubuntu3 [596 kB]
#7 377.7 Get:322 http://archive.ubuntu.com/ubuntu jammy/universe amd64 libboost-test1.74.0 amd64 1.74.0-14ubuntu3 [446 kB]
#7 378.2 Get:323 http://archive.ubuntu.com/ubuntu jammy/universe amd64 libboost-test1.74-dev amd64 1.74.0-14ubuntu3 [564 kB]
#7 378.7 Get:324 http://archive.ubuntu.com/ubuntu jammy/universe amd64 libboost-graph1.74-dev amd64 1.74.0-14ubuntu3 [335 kB]
#7 379.1 Get:325 http://archive.ubuntu.com/ubuntu jammy/universe amd64 libboost-graph-dev amd64 1.74.0.3ubuntu7 [3348 B]
#7 379.1 Get:326 http://archive.ubuntu.com/ubuntu jammy/main amd64 libevent-core-2.1-7 amd64 2.1.12-stable-1build3 [93.9 kB]
#7 379.2 Get:327 http://archive.ubuntu.com/ubuntu jammy/main amd64 libevent-pthreads-2.1-7 amd64 2.1.12-stable-1build3 [7642 B]
#7 379.3 Get:328 http://archive.ubuntu.com/ubuntu jammy/universe amd64 libpsm-infinipath1 amd64 3.3+20.604758e7-6.1 [170 kB]
#7 379.5 Get:329 http://archive.ubuntu.com/ubuntu jammy/universe amd64 libpsm2-2 amd64 11.2.185-1 [182 kB]
#7 379.7 Get:330 http://archive.ubuntu.com/ubuntu jammy/main amd64 librdmacm1 amd64 39.0-1 [71.2 kB]
#7 379.8 Get:331 http://archive.ubuntu.com/ubuntu jammy/universe amd64 libfabric1 amd64 1.11.0-3 [558 kB]
#7 380.3 Get:332 http://archive.ubuntu.com/ubuntu jammy-updates/universe amd64 libhwloc15 amd64 2.7.0-2ubuntu1 [159 kB]
#7 380.5 Get:333 http://archive.ubuntu.com/ubuntu jammy-updates/main amd64 libxnvctrl0 amd64 510.47.03-0ubuntu1.22.04.1 [11.4 kB]
#7 380.6 Get:334 http://archive.ubuntu.com/ubuntu jammy-updates/universe amd64 libhwloc-plugins amd64 2.7.0-2ubuntu1 [15.6 kB]
#7 380.6 Get:335 http://archive.ubuntu.com/ubuntu jammy/universe amd64 libpmix2 amd64 4.1.2-2ubuntu1 [604 kB]
#7 381.2 Get:336 http://archive.ubuntu.com/ubuntu jammy/universe amd64 libucx0 amd64 1.12.1~rc2-1 [891 kB]
#7 382.0 Get:337 http://archive.ubuntu.com/ubuntu jammy/universe amd64 libopenmpi3 amd64 4.1.2-2ubuntu1 [2594 kB]
#7 384.3 Get:338 http://archive.ubuntu.com/ubuntu jammy/universe amd64 libboost-mpi1.74.0 amd64 1.74.0-14ubuntu3 [259 kB]
#7 384.6 Get:339 http://archive.ubuntu.com/ubuntu jammy/universe amd64 libboost-graph-parallel1.74.0 amd64 1.74.0-14ubuntu3 [266 kB]
#7 384.9 Get:340 http://archive.ubuntu.com/ubuntu jammy/universe amd64 libboost-graph-parallel1.74-dev amd64 1.74.0-14ubuntu3 [277 kB]
#7 385.2 Get:341 http://archive.ubuntu.com/ubuntu jammy/universe amd64 libboost-graph-parallel-dev amd64 1.74.0.3ubuntu7 [3384 B]
#7 385.2 Get:342 http://archive.ubuntu.com/ubuntu jammy/main amd64 libboost-iostreams1.74.0 amd64 1.74.0-14ubuntu3 [245 kB]
#7 385.5 Get:343 http://archive.ubuntu.com/ubuntu jammy/universe amd64 libboost-iostreams1.74-dev amd64 1.74.0-14ubuntu3 [252 kB]
#7 385.7 Get:344 http://archive.ubuntu.com/ubuntu jammy/universe amd64 libboost-iostreams-dev amd64 1.74.0.3ubuntu7 [3238 B]
#7 385.8 Get:345 http://archive.ubuntu.com/ubuntu jammy/main amd64 libboost-locale1.74.0 amd64 1.74.0-14ubuntu3 [413 kB]
#7 386.3 Get:346 http://archive.ubuntu.com/ubuntu jammy/universe amd64 libboost-locale1.74-dev amd64 1.74.0-14ubuntu3 [594 kB]
#7 386.8 Get:347 http://archive.ubuntu.com/ubuntu jammy/universe amd64 libboost-locale-dev amd64 1.74.0.3ubuntu7 [3572 B]
#7 386.9 Get:348 http://archive.ubuntu.com/ubuntu jammy/universe amd64 libboost-log1.74.0 amd64 1.74.0-14ubuntu3 [592 kB]
#7 387.5 Get:349 http://archive.ubuntu.com/ubuntu jammy/universe amd64 libboost-log1.74-dev amd64 1.74.0-14ubuntu3 [853 kB]
#7 388.5 Get:350 http://archive.ubuntu.com/ubuntu jammy/universe amd64 libboost-log-dev amd64 1.74.0.3ubuntu7 [3446 B]
#7 388.7 Get:351 http://archive.ubuntu.com/ubuntu jammy/universe amd64 libboost-math1.74.0 amd64 1.74.0-14ubuntu3 [423 kB]
#7 389.2 Get:352 http://archive.ubuntu.com/ubuntu jammy/universe amd64 libboost-math1.74-dev amd64 1.74.0-14ubuntu3 [620 kB]
#7 389.8 Get:353 http://archive.ubuntu.com/ubuntu jammy/universe amd64 libboost-math-dev amd64 1.74.0.3ubuntu7 [3454 B]
#7 389.9 Get:354 http://archive.ubuntu.com/ubuntu jammy/universe amd64 openmpi-common all 4.1.2-2ubuntu1 [162 kB]
#7 390.1 Get:355 http://archive.ubuntu.com/ubuntu jammy/main amd64 libnl-3-dev amd64 3.5.0-0.1 [101 kB]
#7 390.2 Get:356 http://archive.ubuntu.com/ubuntu jammy/main amd64 libnl-route-3-dev amd64 3.5.0-0.1 [202 kB]
#7 390.4 Get:357 http://archive.ubuntu.com/ubuntu jammy/main amd64 libibverbs-dev amd64 39.0-1 [628 kB]
#7 391.0 Get:358 http://archive.ubuntu.com/ubuntu jammy/main amd64 libnuma-dev amd64 2.0.14-3ubuntu2 [35.9 kB]
#7 391.0 Get:359 http://archive.ubuntu.com/ubuntu jammy/main amd64 libltdl-dev amd64 2.4.6-15build2 [169 kB]
#7 391.2 Get:360 http://archive.ubuntu.com/ubuntu jammy-updates/universe amd64 libhwloc-dev amd64 2.7.0-2ubuntu1 [256 kB]
#7 391.5 Get:361 http://archive.ubuntu.com/ubuntu jammy/main amd64 libevent-2.1-7 amd64 2.1.12-stable-1build3 [148 kB]
#7 391.6 Get:362 http://archive.ubuntu.com/ubuntu jammy/main amd64 libevent-extra-2.1-7 amd64 2.1.12-stable-1build3 [65.4 kB]
#7 391.7 Get:363 http://archive.ubuntu.com/ubuntu jammy/main amd64 libevent-openssl-2.1-7 amd64 2.1.12-stable-1build3 [15.8 kB]
#7 391.8 Get:364 http://archive.ubuntu.com/ubuntu jammy/main amd64 libevent-dev amd64 2.1.12-stable-1build3 [278 kB]
#7 392.1 Get:365 http://archive.ubuntu.com/ubuntu jammy/universe amd64 libpmix-dev amd64 4.1.2-2ubuntu1 [805 kB]
#7 392.8 Get:366 http://archive.ubuntu.com/ubuntu jammy/universe amd64 libjs-jquery-ui all 1.13.1+dfsg-1 [253 kB]
#7 393.1 Get:367 http://archive.ubuntu.com/ubuntu jammy/universe amd64 openmpi-bin amd64 4.1.2-2ubuntu1 [116 kB]
#7 393.2 Get:368 http://archive.ubuntu.com/ubuntu jammy/universe amd64 libopenmpi-dev amd64 4.1.2-2ubuntu1 [867 kB]
#7 394.0 Get:369 http://archive.ubuntu.com/ubuntu jammy/universe amd64 mpi-default-dev amd64 1.14 [3698 B]
#7 394.0 Get:370 http://archive.ubuntu.com/ubuntu jammy/universe amd64 libboost-mpi1.74-dev amd64 1.74.0-14ubuntu3 [285 kB]
#7 394.3 Get:371 http://archive.ubuntu.com/ubuntu jammy/universe amd64 libboost-mpi-dev amd64 1.74.0.3ubuntu7 [3328 B]
#7 394.3 Get:372 http://archive.ubuntu.com/ubuntu jammy/main amd64 libboost-python1.74.0 amd64 1.74.0-14ubuntu3 [299 kB]
#7 394.6 Get:373 http://archive.ubuntu.com/ubuntu jammy/universe amd64 mpi-default-bin amd64 1.14 [2898 B]
#7 394.7 Get:374 http://archive.ubuntu.com/ubuntu jammy/universe amd64 libboost-mpi-python1.74.0 amd64 1.74.0-14ubuntu3 [351 kB]
#7 395.0 Get:375 http://archive.ubuntu.com/ubuntu jammy/universe amd64 libboost-mpi-python1.74-dev amd64 1.74.0-14ubuntu3 [225 kB]
#7 395.2 Get:376 http://archive.ubuntu.com/ubuntu jammy/universe amd64 libboost-mpi-python-dev amd64 1.74.0.3ubuntu7 [3382 B]
#7 395.3 Get:377 http://archive.ubuntu.com/ubuntu jammy/universe amd64 libboost-numpy1.74.0 amd64 1.74.0-14ubuntu3 [229 kB]
#7 395.6 Get:378 http://archive.ubuntu.com/ubuntu jammy/universe amd64 libboost-numpy1.74-dev amd64 1.74.0-14ubuntu3 [233 kB]
#7 395.8 Get:379 http://archive.ubuntu.com/ubuntu jammy/universe amd64 libboost-numpy-dev amd64 1.74.0.3ubuntu7 [3286 B]
#7 395.8 Get:380 http://archive.ubuntu.com/ubuntu jammy/main amd64 libboost-program-options1.74.0 amd64 1.74.0-14ubuntu3 [311 kB]
#7 396.2 Get:381 http://archive.ubuntu.com/ubuntu jammy/main amd64 libboost-program-options1.74-dev amd64 1.74.0-14ubuntu3 [380 kB]
#7 396.5 Get:382 http://archive.ubuntu.com/ubuntu jammy/main amd64 libboost-program-options-dev amd64 1.74.0.3ubuntu7 [3266 B]
#7 396.6 Get:383 http://archive.ubuntu.com/ubuntu jammy/universe amd64 libboost-python1.74-dev amd64 1.74.0-14ubuntu3 [323 kB]
#7 396.9 Get:384 http://archive.ubuntu.com/ubuntu jammy/universe amd64 libboost-python-dev amd64 1.74.0.3ubuntu7 [3538 B]
#7 396.9 Get:385 http://archive.ubuntu.com/ubuntu jammy/universe amd64 libboost-random1.74.0 amd64 1.74.0-14ubuntu3 [231 kB]
#7 397.1 Get:386 http://archive.ubuntu.com/ubuntu jammy/universe amd64 libboost-random1.74-dev amd64 1.74.0-14ubuntu3 [231 kB]
#7 397.4 Get:387 http://archive.ubuntu.com/ubuntu jammy/universe amd64 libboost-random-dev amd64 1.74.0.3ubuntu7 [3258 B]
#7 397.4 Get:388 http://archive.ubuntu.com/ubuntu jammy/main amd64 libboost-regex-dev amd64 1.74.0.3ubuntu7 [3510 B]
#7 397.5 Get:389 http://archive.ubuntu.com/ubuntu jammy/universe amd64 libboost-serialization-dev amd64 1.74.0.3ubuntu7 [3468 B]
#7 397.5 Get:390 http://archive.ubuntu.com/ubuntu jammy/universe amd64 libboost-stacktrace1.74.0 amd64 1.74.0-14ubuntu3 [267 kB]
#7 397.8 Get:391 http://archive.ubuntu.com/ubuntu jammy/universe amd64 libboost-stacktrace1.74-dev amd64 1.74.0-14ubuntu3 [232 kB]
#7 398.0 Get:392 http://archive.ubuntu.com/ubuntu jammy/universe amd64 libboost-stacktrace-dev amd64 1.74.0.3ubuntu7 [3260 B]
#7 398.0 Get:393 http://archive.ubuntu.com/ubuntu jammy/main amd64 libboost-system-dev amd64 1.74.0.3ubuntu7 [3390 B]
#7 398.1 Get:394 http://archive.ubuntu.com/ubuntu jammy/universe amd64 libboost-test-dev amd64 1.74.0.3ubuntu7 [3274 B]
#7 398.1 Get:395 http://archive.ubuntu.com/ubuntu jammy/main amd64 libboost-thread-dev amd64 1.74.0.3ubuntu7 [3266 B]
#7 398.1 Get:396 http://archive.ubuntu.com/ubuntu jammy/universe amd64 libboost-timer1.74.0 amd64 1.74.0-14ubuntu3 [228 kB]
#7 398.4 Get:397 http://archive.ubuntu.com/ubuntu jammy/universe amd64 libboost-timer1.74-dev amd64 1.74.0-14ubuntu3 [231 kB]
#7 398.6 Get:398 http://archive.ubuntu.com/ubuntu jammy/universe amd64 libboost-timer-dev amd64 1.74.0.3ubuntu7 [3380 B]
#7 398.6 Get:399 http://archive.ubuntu.com/ubuntu jammy/universe amd64 libboost-type-erasure1.74.0 amd64 1.74.0-14ubuntu3 [234 kB]
#7 398.9 Get:400 http://archive.ubuntu.com/ubuntu jammy/universe amd64 libboost-type-erasure1.74-dev amd64 1.74.0-14ubuntu3 [239 kB]
#7 399.2 Get:401 http://archive.ubuntu.com/ubuntu jammy/universe amd64 libboost-type-erasure-dev amd64 1.74.0.3ubuntu7 [3344 B]
#7 399.3 Get:402 http://archive.ubuntu.com/ubuntu jammy/universe amd64 libboost-wave1.74.0 amd64 1.74.0-14ubuntu3 [449 kB]
#7 399.7 Get:403 http://archive.ubuntu.com/ubuntu jammy/universe amd64 libboost-wave1.74-dev amd64 1.74.0-14ubuntu3 [496 kB]
#7 400.1 Get:404 http://archive.ubuntu.com/ubuntu jammy/universe amd64 libboost-wave-dev amd64 1.74.0.3ubuntu7 [3292 B]
#7 400.2 Get:405 http://archive.ubuntu.com/ubuntu jammy/universe amd64 libboost-nowide1.74.0 amd64 1.74.0-14ubuntu3 [223 kB]
#7 400.4 Get:406 http://archive.ubuntu.com/ubuntu jammy/universe amd64 libboost-nowide1.74-dev amd64 1.74.0-14ubuntu3 [220 kB]
#7 400.6 Get:407 http://archive.ubuntu.com/ubuntu jammy/universe amd64 libboost-nowide-dev amd64 1.74.0.3ubuntu7 [3322 B]
#7 400.7 Get:408 http://archive.ubuntu.com/ubuntu jammy/universe amd64 libboost-all-dev amd64 1.74.0.3ubuntu7 [2268 B]
#7 400.7 Get:409 http://archive.ubuntu.com/ubuntu jammy/main amd64 libbrotli-dev amd64 1.0.9-2build6 [337 kB]
#7 401.0 Get:410 http://archive.ubuntu.com/ubuntu jammy/universe amd64 libcfitsio9 amd64 4.0.0-1 [519 kB]
#7 401.5 Get:411 http://archive.ubuntu.com/ubuntu jammy/universe amd64 libcfitsio-dev amd64 4.0.0-1 [591 kB]
#7 402.1 Get:412 http://archive.ubuntu.com/ubuntu jammy/universe amd64 libcharls2 amd64 2.3.4-1 [87.0 kB]
#7 402.2 Get:413 http://archive.ubuntu.com/ubuntu jammy/universe amd64 libcharls-dev amd64 2.3.4-1 [22.4 kB]
#7 402.2 Get:414 http://archive.ubuntu.com/ubuntu jammy-updates/main amd64 libllvm14 amd64 1:14.0.0-1ubuntu1.1 [24.0 MB]
#7 424.0 Get:415 http://archive.ubuntu.com/ubuntu jammy-updates/universe amd64 libclang1-14 amd64 1:14.0.0-1ubuntu1.1 [6792 kB]
#7 430.0 Get:416 http://archive.ubuntu.com/ubuntu jammy/universe amd64 libdav1d-dev amd64 0.9.2-1 [24.1 kB]
#7 430.1 Get:417 http://archive.ubuntu.com/ubuntu jammy-updates/universe amd64 libde265-0 amd64 1.0.8-1ubuntu0.3 [290 kB]
#7 430.5 Get:418 http://archive.ubuntu.com/ubuntu jammy-updates/universe amd64 libde265-dev amd64 1.0.8-1ubuntu0.3 [12.3 kB]
#7 430.5 Get:419 http://archive.ubuntu.com/ubuntu jammy/main amd64 libdeflate-dev amd64 1.10-2 [59.2 kB]
#7 430.6 Get:420 http://archive.ubuntu.com/ubuntu jammy/universe amd64 libdraco-dev amd64 1.5.2+dfsg-2 [1017 kB]
#7 431.5 Get:421 http://archive.ubuntu.com/ubuntu jammy/universe amd64 libflann1.9 amd64 1.9.1+dfsg-11 [742 kB]
#7 432.2 Get:422 http://archive.ubuntu.com/ubuntu jammy/universe amd64 libhdf5-openmpi-103-1 amd64 1.10.7+repack-4ubuntu2 [1344 kB]
#7 433.5 Get:423 http://archive.ubuntu.com/ubuntu jammy/universe amd64 libhdf5-openmpi-fortran-102 amd64 1.10.7+repack-4ubuntu2 [90.6 kB]
#7 433.6 Get:424 http://archive.ubuntu.com/ubuntu jammy/universe amd64 libhdf5-openmpi-hl-100 amd64 1.10.7+repack-4ubuntu2 [59.2 kB]
#7 433.7 Get:425 http://archive.ubuntu.com/ubuntu jammy/universe amd64 libhdf5-openmpi-hl-fortran-100 amd64 1.10.7+repack-4ubuntu2 [33.5 kB]
#7 433.8 Get:426 http://archive.ubuntu.com/ubuntu jammy/universe amd64 libhdf5-openmpi-cpp-103-1 amd64 1.10.7+repack-4ubuntu2 [129 kB]
#7 433.9 Get:427 http://archive.ubuntu.com/ubuntu jammy/universe amd64 libhdf5-openmpi-hl-cpp-100 amd64 1.10.7+repack-4ubuntu2 [10.7 kB]
#7 434.0 Get:428 http://archive.ubuntu.com/ubuntu jammy/universe amd64 libhdf5-openmpi-dev amd64 1.10.7+repack-4ubuntu2 [2750 kB]
#7 436.4 Get:429 http://archive.ubuntu.com/ubuntu jammy/universe amd64 libhdf5-mpi-dev amd64 1.10.7+repack-4ubuntu2 [4610 B]
#7 436.4 Get:430 http://archive.ubuntu.com/ubuntu jammy/main amd64 liblz4-dev amd64 1.9.3-2build2 [80.7 kB]
#7 436.6 Get:431 http://archive.ubuntu.com/ubuntu jammy/universe amd64 libflann-dev amd64 1.9.1+dfsg-11 [798 kB]
#7 437.3 Get:432 http://archive.ubuntu.com/ubuntu jammy-updates/main amd64 libpng-dev amd64 1.6.37-3ubuntu0.5 [193 kB]
#7 437.5 Get:433 http://archive.ubuntu.com/ubuntu jammy-updates/main amd64 libfreetype-dev amd64 2.11.1+dfsg-1ubuntu0.3 [555 kB]
#7 438.0 Get:434 http://archive.ubuntu.com/ubuntu jammy-updates/main amd64 libfreetype6-dev amd64 2.11.1+dfsg-1ubuntu0.3 [8298 B]
#7 438.1 Get:435 http://archive.ubuntu.com/ubuntu jammy-updates/main amd64 uuid-dev amd64 2.37.2-4ubuntu3.5 [33.1 kB]
#7 438.2 Get:436 http://archive.ubuntu.com/ubuntu jammy/main amd64 libfontconfig-dev amd64 2.13.1-4.2ubuntu5 [151 kB]
#7 438.3 Get:437 http://archive.ubuntu.com/ubuntu jammy/main amd64 libfontconfig1-dev amd64 2.13.1-4.2ubuntu5 [1836 B]
#7 438.4 Get:438 http://archive.ubuntu.com/ubuntu jammy/main amd64 libfontenc1 amd64 1:1.1.4-1build3 [14.7 kB]
#7 438.4 Get:439 http://archive.ubuntu.com/ubuntu jammy/universe amd64 libfyba0 amd64 4.1.1-7 [113 kB]
#7 438.6 Get:440 http://archive.ubuntu.com/ubuntu jammy/universe amd64 libfyba-dev amd64 4.1.1-7 [166 kB]
#7 438.8 Get:441 http://archive.ubuntu.com/ubuntu jammy/universe amd64 libfreexl1 amd64 1.0.6-1 [33.5 kB]
#7 438.9 Get:442 http://archive.ubuntu.com/ubuntu jammy/universe amd64 libgeos3.10.2 amd64 3.10.2-1 [713 kB]
#7 439.6 Get:443 http://archive.ubuntu.com/ubuntu jammy/universe amd64 libgeos-c1v5 amd64 3.10.2-1 [82.5 kB]
#7 439.7 Get:444 http://archive.ubuntu.com/ubuntu jammy/universe amd64 proj-data all 8.2.1-1 [10.0 MB]
#7 448.9 Get:445 http://archive.ubuntu.com/ubuntu jammy/universe amd64 libproj22 amd64 8.2.1-1 [1257 kB]
#7 450.7 Get:446 http://archive.ubuntu.com/ubuntu jammy/universe amd64 libgeotiff5 amd64 1.7.0-2build1 [67.1 kB]
#7 450.9 Get:447 http://archive.ubuntu.com/ubuntu jammy/universe amd64 libhdf4-0-alt amd64 4.2.15-4 [290 kB]
#7 451.6 Get:448 http://archive.ubuntu.com/ubuntu jammy/universe amd64 libheif1 amd64 1.12.0-2build1 [196 kB]
#7 451.7 Get:449 http://archive.ubuntu.com/ubuntu jammy/universe amd64 liburiparser1 amd64 0.9.6+dfsg-1 [36.4 kB]
#7 451.9 Get:450 http://archive.ubuntu.com/ubuntu jammy/universe amd64 libkmlbase1 amd64 1.3.0-9 [45.0 kB]
#7 452.0 Get:451 http://archive.ubuntu.com/ubuntu jammy/universe amd64 libkmldom1 amd64 1.3.0-9 [150 kB]
#7 452.4 Get:452 http://archive.ubuntu.com/ubuntu jammy/universe amd64 libkmlengine1 amd64 1.3.0-9 [71.7 kB]
#7 452.6 Get:453 http://archive.ubuntu.com/ubuntu jammy/universe amd64 libnetcdf19 amd64 1:4.8.1-1 [456 kB]
#7 453.1 Get:454 http://archive.ubuntu.com/ubuntu jammy-updates/main amd64 libodbc2 amd64 2.3.9-5ubuntu0.1 [159 kB]
#7 453.3 Get:455 http://archive.ubuntu.com/ubuntu jammy-updates/main amd64 unixodbc-common all 2.3.9-5ubuntu0.1 [9256 B]
#7 453.4 Get:456 http://archive.ubuntu.com/ubuntu jammy-updates/main amd64 libodbcinst2 amd64 2.3.9-5ubuntu0.1 [31.9 kB]
#7 453.5 Get:457 http://archive.ubuntu.com/ubuntu jammy/universe amd64 libogdi4.1 amd64 4.1.0+ds-5 [197 kB]
#7 453.9 Get:458 http://archive.ubuntu.com/ubuntu jammy-updates/main amd64 libpoppler118 amd64 22.02.0-2ubuntu0.13 [1081 kB]
#7 455.0 Get:459 http://archive.ubuntu.com/ubuntu jammy-updates/main amd64 libpq5 amd64 14.23-0ubuntu0.22.04.1 [153 kB]
#7 455.3 Get:460 http://archive.ubuntu.com/ubuntu jammy/universe amd64 libqhull-r8.0 amd64 2020.2-4 [196 kB]
#7 455.5 Get:461 http://archive.ubuntu.com/ubuntu jammy/universe amd64 librttopo1 amd64 1.1.0-2 [178 kB]
#7 455.9 Get:462 http://archive.ubuntu.com/ubuntu jammy/universe amd64 libspatialite7 amd64 5.0.1-2build2 [2092 kB]
#7 457.9 Get:463 http://archive.ubuntu.com/ubuntu jammy-updates/universe amd64 libxerces-c3.2 amd64 3.2.3+debian-3ubuntu0.1 [929 kB]
#7 459.1 Get:464 http://archive.ubuntu.com/ubuntu jammy/universe amd64 libgdal30 amd64 3.4.1+dfsg-1build4 [7642 kB]
#7 466.6 Get:465 http://archive.ubuntu.com/ubuntu jammy/universe amd64 libgeos-dev amd64 3.10.2-1 [46.6 kB]
#7 466.7 Get:466 http://archive.ubuntu.com/ubuntu jammy-updates/main amd64 libgif-dev amd64 5.1.9-2ubuntu0.1 [22.4 kB]
#7 466.9 Get:467 http://archive.ubuntu.com/ubuntu jammy/universe amd64 libgl2ps1.4 amd64 1.4.2+dfsg1-2 [43.5 kB]
#7 467.0 Get:468 http://archive.ubuntu.com/ubuntu jammy/universe amd64 libgl2ps-dev amd64 1.4.2+dfsg1-2 [248 kB]
#7 467.8 Get:469 http://archive.ubuntu.com/ubuntu jammy/main amd64 libgles1 amd64 1.4.0-1 [11.5 kB]
#7 468.0 Get:470 http://archive.ubuntu.com/ubuntu jammy/main amd64 libgles2 amd64 1.4.0-1 [18.0 kB]
#7 468.2 Get:471 http://archive.ubuntu.com/ubuntu jammy/main amd64 libgles-dev amd64 1.4.0-1 [49.4 kB]
#7 468.6 Get:472 http://archive.ubuntu.com/ubuntu jammy/main amd64 libglvnd-core-dev amd64 1.4.0-1 [12.7 kB]
#7 468.8 Get:473 http://archive.ubuntu.com/ubuntu jammy/main amd64 libopengl-dev amd64 1.4.0-1 [3400 B]
#7 468.9 Get:474 http://archive.ubuntu.com/ubuntu jammy/main amd64 libglvnd-dev amd64 1.4.0-1 [3162 B]
#7 469.0 Get:475 http://archive.ubuntu.com/ubuntu jammy-updates/main amd64 libgl1-mesa-dev amd64 23.2.1-1ubuntu3.1~22.04.4 [7012 B]
#7 469.1 Get:476 http://archive.ubuntu.com/ubuntu jammy/universe amd64 libglew2.2 amd64 2.2.0-4 [196 kB]
#7 469.5 Get:477 http://archive.ubuntu.com/ubuntu jammy/universe amd64 libglew-dev amd64 2.2.0-4 [287 kB]
#7 469.7 Get:478 http://archive.ubuntu.com/ubuntu jammy/universe amd64 libx265-dev amd64 3.5-2 [1374 kB]
#7 471.2 Get:479 http://archive.ubuntu.com/ubuntu jammy/universe amd64 libheif-dev amd64 1.12.0-2build1 [26.4 kB]
#7 471.4 Get:480 http://archive.ubuntu.com/ubuntu jammy/main amd64 libice-dev amd64 2:1.0.10-1build2 [51.4 kB]
#7 471.5 Get:481 http://archive.ubuntu.com/ubuntu jammy/universe amd64 libkmlconvenience1 amd64 1.3.0-9 [45.1 kB]
#7 471.7 Get:482 http://archive.ubuntu.com/ubuntu jammy/universe amd64 libkmlregionator1 amd64 1.3.0-9 [19.9 kB]
#7 471.8 Get:483 http://archive.ubuntu.com/ubuntu jammy/universe amd64 libkmlxsd1 amd64 1.3.0-9 [27.3 kB]
#7 471.9 Get:484 http://archive.ubuntu.com/ubuntu jammy/universe amd64 libminizip-dev amd64 1.1-8build1 [26.7 kB]
#7 472.0 Get:485 http://archive.ubuntu.com/ubuntu jammy/universe amd64 libnetcdf-c++4 amd64 4.2-12build1 [38.4 kB]
#7 472.2 Get:486 http://archive.ubuntu.com/ubuntu jammy/universe amd64 libnetcdf-dev amd64 1:4.8.1-1 [50.3 kB]
#7 472.3 Get:487 http://archive.ubuntu.com/ubuntu jammy/universe amd64 libnetcdf-cxx-legacy-dev amd64 4.2-12build1 [61.6 kB]
#7 472.5 Get:488 http://archive.ubuntu.com/ubuntu jammy/universe amd64 liboctomap1.9 amd64 1.9.7+dfsg-3 [80.4 kB]
#7 472.7 Get:489 http://archive.ubuntu.com/ubuntu jammy/universe amd64 liboctomap-dev amd64 1.9.7+dfsg-3 [1164 kB]
#7 474.1 Get:490 http://archive.ubuntu.com/ubuntu jammy-updates/main amd64 libodbccr2 amd64 2.3.9-5ubuntu0.1 [16.7 kB]
#7 474.2 Get:491 http://archive.ubuntu.com/ubuntu jammy/universe amd64 libogdi-dev amd64 4.1.0+ds-5 [22.1 kB]
#7 474.4 Get:492 http://archive.ubuntu.com/ubuntu jammy/main amd64 libogg-dev amd64 1.3.5-0ubuntu3 [161 kB]
#7 474.6 Get:493 http://archive.ubuntu.com/ubuntu jammy/universe amd64 libopenni0 amd64 1.5.4.0+dfsg-5 [306 kB]
#7 474.9 Get:494 http://archive.ubuntu.com/ubuntu jammy/universe amd64 libopenni-dev amd64 1.5.4.0+dfsg-5 [139 kB]
#7 475.2 Get:495 http://archive.ubuntu.com/ubuntu jammy/universe amd64 libopenni2-0 amd64 2.2.0.33+dfsg-15 [389 kB]
#7 475.7 Get:496 http://archive.ubuntu.com/ubuntu jammy/universe amd64 libopenni2-dev amd64 2.2.0.33+dfsg-15 [53.8 kB]
#7 475.8 Get:497 http://archive.ubuntu.com/ubuntu jammy/universe amd64 libpcl-common1.12 amd64 1.12.1+dfsg-3build1 [181 kB]
#7 476.3 Get:498 http://archive.ubuntu.com/ubuntu jammy/universe amd64 libpcl-kdtree1.12 amd64 1.12.1+dfsg-3build1 [229 kB]
#7 476.6 Get:499 http://archive.ubuntu.com/ubuntu jammy/universe amd64 libpcl-octree1.12 amd64 1.12.1+dfsg-3build1 [236 kB]
#7 477.0 Get:500 http://archive.ubuntu.com/ubuntu jammy/universe amd64 libpcl-sample-consensus1.12 amd64 1.12.1+dfsg-3build1 [1406 kB]
#7 478.4 Get:501 http://archive.ubuntu.com/ubuntu jammy/universe amd64 libpcl-search1.12 amd64 1.12.1+dfsg-3build1 [253 kB]
#7 478.7 Get:502 http://archive.ubuntu.com/ubuntu jammy/universe amd64 libpcl-filters1.12 amd64 1.12.1+dfsg-3build1 [1002 kB]
#7 479.9 Get:503 http://archive.ubuntu.com/ubuntu jammy/universe amd64 libpcl-features1.12 amd64 1.12.1+dfsg-3build1 [4308 kB]
#7 484.3 Get:504 http://archive.ubuntu.com/ubuntu jammy/universe amd64 libpcl-ml1.12 amd64 1.12.1+dfsg-3build1 [70.0 kB]
#7 484.5 Get:505 http://archive.ubuntu.com/ubuntu jammy/universe amd64 libpcl-segmentation1.12 amd64 1.12.1+dfsg-3build1 [1444 kB]
#7 486.0 Get:506 http://archive.ubuntu.com/ubuntu jammy/universe amd64 libtbbmalloc2 amd64 2021.5.0-7ubuntu2 [49.6 kB]
#7 486.2 Get:507 http://archive.ubuntu.com/ubuntu jammy/universe amd64 libtbb12 amd64 2021.5.0-7ubuntu2 [84.8 kB]
#7 486.4 Get:508 http://archive.ubuntu.com/ubuntu jammy/main amd64 libtcl8.6 amd64 8.6.12+dfsg-1build1 [990 kB]
#7 487.3 Get:509 http://archive.ubuntu.com/ubuntu jammy/main amd64 libxft2 amd64 2.3.4-1 [41.8 kB]
#7 487.4 Get:510 http://archive.ubuntu.com/ubuntu jammy/main amd64 libxss1 amd64 1:1.2.3-1build2 [8476 B]
#7 487.5 Get:511 http://archive.ubuntu.com/ubuntu jammy/main amd64 libtk8.6 amd64 8.6.12-1build1 [784 kB]
#7 488.4 Get:512 http://archive.ubuntu.com/ubuntu jammy/universe amd64 libvtk9.1 amd64 9.1.0+really9.1.0+dfsg2-3build1 [20.2 MB]
#7 507.8 Get:513 http://archive.ubuntu.com/ubuntu jammy/universe amd64 libpcl-surface1.12 amd64 1.12.1+dfsg-3build1 [1664 kB]
#7 509.4 Get:514 http://archive.ubuntu.com/ubuntu jammy/universe amd64 libpcl-apps1.12 amd64 1.12.1+dfsg-3build1 [222 kB]
#7 509.7 Get:515 http://archive.ubuntu.com/ubuntu jammy/universe amd64 libpcl-io1.12 amd64 1.12.1+dfsg-3build1 [560 kB]
#7 510.2 Get:516 http://archive.ubuntu.com/ubuntu jammy/universe amd64 libpcl-keypoints1.12 amd64 1.12.1+dfsg-3build1 [260 kB]
#7 510.5 Get:517 http://archive.ubuntu.com/ubuntu jammy/universe amd64 libpcl-outofcore1.12 amd64 1.12.1+dfsg-3build1 [39.2 kB]
#7 510.6 Get:518 http://archive.ubuntu.com/ubuntu jammy/universe amd64 libpcl-people1.12 amd64 1.12.1+dfsg-3build1 [20.5 kB]
#7 510.7 Get:519 http://archive.ubuntu.com/ubuntu jammy/universe amd64 libpcl-recognition1.12 amd64 1.12.1+dfsg-3build1 [704 kB]
#7 511.4 Get:520 http://archive.ubuntu.com/ubuntu jammy/universe amd64 libpcl-registration1.12 amd64 1.12.1+dfsg-3build1 [350 kB]
#7 511.7 Get:521 http://archive.ubuntu.com/ubuntu jammy/universe amd64 libpcl-stereo1.12 amd64 1.12.1+dfsg-3build1 [61.2 kB]
#7 511.8 Get:522 http://archive.ubuntu.com/ubuntu jammy/universe amd64 libpcl-tracking1.12 amd64 1.12.1+dfsg-3build1 [402 kB]
#7 512.3 Get:523 http://archive.ubuntu.com/ubuntu jammy/universe amd64 libpcl-visualization1.12 amd64 1.12.1+dfsg-3build1 [282 kB]
#7 512.6 Get:524 http://archive.ubuntu.com/ubuntu jammy-updates/main amd64 libpcre2-32-0 amd64 10.39-3ubuntu0.1 [194 kB]
#7 512.8 Get:525 http://archive.ubuntu.com/ubuntu jammy-updates/main amd64 libpcre2-posix3 amd64 10.39-3ubuntu0.1 [6130 B]
#7 512.9 Get:526 http://archive.ubuntu.com/ubuntu jammy-updates/main amd64 libpcre2-dev amd64 10.39-3ubuntu0.1 [730 kB]
#7 513.6 Get:527 http://archive.ubuntu.com/ubuntu jammy-updates/main amd64 libpoppler-dev amd64 22.02.0-2ubuntu0.13 [5186 B]
#7 513.6 Get:528 http://archive.ubuntu.com/ubuntu jammy-updates/main amd64 libpoppler-private-dev amd64 22.02.0-2ubuntu0.13 [198 kB]
#7 513.9 Get:529 http://archive.ubuntu.com/ubuntu jammy-updates/main amd64 libpq-dev amd64 14.23-0ubuntu0.22.04.1 [149 kB]
#7 514.1 Get:530 http://archive.ubuntu.com/ubuntu jammy/universe amd64 libqhull8.0 amd64 2020.2-4 [193 kB]
#7 514.3 Get:531 http://archive.ubuntu.com/ubuntu jammy/universe amd64 libqhullcpp8.0 amd64 2020.2-4 [53.0 kB]
#7 514.4 Get:532 http://archive.ubuntu.com/ubuntu jammy/universe amd64 libqhull-dev amd64 2020.2-4 [502 kB]
#7 515.0 Get:533 http://archive.ubuntu.com/ubuntu jammy/universe amd64 libqt5designer5 amd64 5.15.3-1 [2832 kB]
#7 518.0 Get:534 http://archive.ubuntu.com/ubuntu jammy/universe amd64 libqt5designercomponents5 amd64 5.15.3-1 [796 kB]
#7 522.1 Get:535 http://archive.ubuntu.com/ubuntu jammy/universe amd64 libqt5help5 amd64 5.15.3-1 [162 kB]
#7 522.9 Get:536 http://archive.ubuntu.com/ubuntu jammy-updates/universe amd64 libqt5opengl5 amd64 5.15.3+dfsg-2ubuntu0.2 [153 kB]
#7 523.5 Get:537 http://archive.ubuntu.com/ubuntu jammy-updates/universe amd64 libqt5opengl5-dev amd64 5.15.3+dfsg-2ubuntu0.2 [42.3 kB]
#7 523.6 Get:538 http://archive.ubuntu.com/ubuntu jammy-updates/universe amd64 libqt5sql5-sqlite amd64 5.15.3+dfsg-2ubuntu0.2 [53.0 kB]
#7 523.8 Get:539 http://archive.ubuntu.com/ubuntu jammy/universe amd64 librttopo-dev amd64 1.1.0-2 [220 kB]
#7 524.3 Get:540 http://archive.ubuntu.com/ubuntu jammy/main amd64 libsm-dev amd64 2:1.2.3-1build2 [18.1 kB]
#7 524.4 Get:541 http://archive.ubuntu.com/ubuntu jammy-updates/universe amd64 libswscale5 amd64 7:4.4.2-0ubuntu0.22.04.1 [180 kB]
#7 524.9 Get:542 http://archive.ubuntu.com/ubuntu jammy-updates/universe amd64 libswscale-dev amd64 7:4.4.2-0ubuntu0.22.04.1 [206 kB]
#7 525.4 Get:543 http://archive.ubuntu.com/ubuntu jammy/main amd64 libtheora-dev amd64 1.1.1+dfsg.1-15ubuntu4 [187 kB]
#7 525.6 Get:544 http://archive.ubuntu.com/ubuntu jammy-updates/main amd64 libjbig-dev amd64 2.1-3.1ubuntu0.22.04.1 [27.4 kB]
#7 525.7 Get:545 http://archive.ubuntu.com/ubuntu jammy-updates/main amd64 liblzma-dev amd64 5.2.5-2ubuntu1.1 [159 kB]
#7 526.0 Get:546 http://archive.ubuntu.com/ubuntu jammy-updates/main amd64 libtiffxx5 amd64 4.3.0-6ubuntu0.13 [5742 B]
#7 526.1 Get:547 http://archive.ubuntu.com/ubuntu jammy-updates/main amd64 libtiff-dev amd64 4.3.0-6ubuntu0.13 [316 kB]
#7 526.7 Get:548 http://archive.ubuntu.com/ubuntu jammy/universe amd64 liburiparser-dev amd64 0.9.6+dfsg-1 [12.2 kB]
#7 526.8 Get:549 http://archive.ubuntu.com/ubuntu jammy-updates/main amd64 libusb-1.0-0-dev amd64 2:1.0.25-1ubuntu2 [76.3 kB]
#7 527.0 Get:550 http://archive.ubuntu.com/ubuntu jammy/universe amd64 libutfcpp-dev amd64 3.2.1-2 [10.2 kB]
#7 527.2 Get:551 http://archive.ubuntu.com/ubuntu jammy/universe amd64 libdouble-conversion-dev amd64 3.1.7-4 [59.8 kB]
#7 527.3 Get:552 http://archive.ubuntu.com/ubuntu jammy/universe amd64 libfreexl-dev amd64 1.0.6-1 [31.4 kB]
#7 527.5 Get:553 http://archive.ubuntu.com/ubuntu jammy/universe amd64 libproj-dev amd64 8.2.1-1 [1594 kB]
#7 532.6 Get:554 http://archive.ubuntu.com/ubuntu jammy/universe amd64 libgeotiff-dev amd64 1.7.0-2build1 [92.4 kB]
#7 532.8 Get:555 http://archive.ubuntu.com/ubuntu jammy/universe amd64 libhdf4-alt-dev amd64 4.2.15-4 [406 kB]
#7 533.3 Get:556 http://archive.ubuntu.com/ubuntu jammy-updates/main amd64 libjson-c-dev amd64 0.15-3~ubuntu1.22.04.2 [60.5 kB]
#7 533.5 Get:557 http://archive.ubuntu.com/ubuntu jammy/universe amd64 libkml-dev amd64 1.3.0-9 [933 kB]
#7 534.6 Get:558 http://archive.ubuntu.com/ubuntu jammy-updates/main amd64 libopenjp2-7-dev amd64 2.4.0-6ubuntu0.5 [245 kB]
#7 534.8 Get:559 http://archive.ubuntu.com/ubuntu jammy-updates/main amd64 libxml2-dev amd64 2.9.13+dfsg-1ubuntu0.12 [805 kB]
#7 536.0 Get:560 http://archive.ubuntu.com/ubuntu jammy/universe amd64 libspatialite-dev amd64 5.0.1-2build2 [2397 kB]
#7 538.3 Get:561 http://archive.ubuntu.com/ubuntu jammy-updates/main amd64 libwebpdemux2 amd64 1.2.2-2ubuntu0.22.04.2 [9964 B]
#7 538.4 Get:562 http://archive.ubuntu.com/ubuntu jammy-updates/main amd64 libwebp-dev amd64 1.2.2-2ubuntu0.22.04.2 [298 kB]
#7 538.8 Get:563 http://archive.ubuntu.com/ubuntu jammy-updates/universe amd64 libxerces-c-dev amd64 3.2.3+debian-3ubuntu0.1 [1820 kB]
#7 540.9 Get:564 http://archive.ubuntu.com/ubuntu jammy-updates/main amd64 unixodbc-dev amd64 2.3.9-5ubuntu0.1 [248 kB]
#7 541.2 Get:565 http://archive.ubuntu.com/ubuntu jammy/universe amd64 libgdal-dev amd64 3.4.1+dfsg-1build4 [10.6 MB]
#7 553.3 Get:566 http://archive.ubuntu.com/ubuntu jammy/main amd64 libjsoncpp-dev amd64 1.9.5-3 [22.9 kB]
#7 553.5 Get:567 http://archive.ubuntu.com/ubuntu jammy/universe amd64 libtbb-dev amd64 2021.5.0-7ubuntu2 [191 kB]
#7 554.4 Get:568 http://archive.ubuntu.com/ubuntu jammy/universe amd64 libvtk9.1-qt amd64 9.1.0+really9.1.0+dfsg2-3build1 [181 kB]
#7 556.0 Get:569 http://archive.ubuntu.com/ubuntu jammy/universe amd64 libvtk9-java amd64 9.1.0+really9.1.0+dfsg2-3build1 [6407 kB]
#7 564.5 Get:570 http://archive.ubuntu.com/ubuntu jammy/main amd64 libxrender-dev amd64 1:0.9.10-1build4 [26.7 kB]
#7 564.6 Get:571 http://archive.ubuntu.com/ubuntu jammy/main amd64 libxft-dev amd64 2.3.4-1 [52.4 kB]
#7 564.8 Get:572 http://archive.ubuntu.com/ubuntu jammy/main amd64 libxss-dev amd64 1:1.2.3-1build2 [12.3 kB]
#7 564.9 Get:573 http://archive.ubuntu.com/ubuntu jammy/main amd64 libxt-dev amd64 1:1.2.1-1 [396 kB]
#7 565.6 Get:574 http://archive.ubuntu.com/ubuntu jammy/universe amd64 python3-mpi4py amd64 3.1.3-1build2 [465 kB]
#7 566.1 Get:575 http://archive.ubuntu.com/ubuntu jammy/universe amd64 python3-vtk9 amd64 9.1.0+really9.1.0+dfsg2-3build1 [7524 kB]
#7 574.0 Get:576 http://archive.ubuntu.com/ubuntu jammy/main amd64 tcl8.6 amd64 8.6.12+dfsg-1build1 [15.0 kB]
#7 574.2 Get:577 http://archive.ubuntu.com/ubuntu jammy/main amd64 tcl8.6-dev amd64 8.6.12+dfsg-1build1 [1002 kB]
#7 575.1 Get:578 http://archive.ubuntu.com/ubuntu jammy/main amd64 tcl amd64 8.6.11+1build2 [4678 B]
#7 575.3 Get:579 http://archive.ubuntu.com/ubuntu jammy/main amd64 tcl-dev amd64 8.6.11+1build2 [5768 B]
#7 575.4 Get:580 http://archive.ubuntu.com/ubuntu jammy/main amd64 tk8.6 amd64 8.6.12-1build1 [12.8 kB]
#7 575.5 Get:581 http://archive.ubuntu.com/ubuntu jammy/main amd64 tk8.6-dev amd64 8.6.12-1build1 [785 kB]
#7 576.4 Get:582 http://archive.ubuntu.com/ubuntu jammy/main amd64 tk amd64 8.6.11+1build2 [3058 B]
#7 576.5 Get:583 http://archive.ubuntu.com/ubuntu jammy/main amd64 tk-dev amd64 8.6.11+1build2 [2904 B]
#7 576.6 Get:584 http://archive.ubuntu.com/ubuntu jammy/universe amd64 vtk9 amd64 9.1.0+really9.1.0+dfsg2-3build1 [16.3 kB]
#7 576.8 Get:585 http://archive.ubuntu.com/ubuntu jammy/universe amd64 libvtk9-dev amd64 9.1.0+really9.1.0+dfsg2-3build1 [2768 kB]
#7 579.6 Get:586 http://archive.ubuntu.com/ubuntu jammy/universe amd64 qdoc-qt5 amd64 5.15.3-1 [632 kB]
#7 580.4 Get:587 http://archive.ubuntu.com/ubuntu jammy/universe amd64 qhelpgenerator-qt5 amd64 5.15.3-1 [60.7 kB]
#7 580.5 Get:588 http://archive.ubuntu.com/ubuntu jammy/universe amd64 qt5-assistant amd64 5.15.3-1 [373 kB]
#7 581.1 Get:589 http://archive.ubuntu.com/ubuntu jammy/universe amd64 qtattributionsscanner-qt5 amd64 5.15.3-1 [32.5 kB]
#7 581.2 Get:590 http://archive.ubuntu.com/ubuntu jammy/universe amd64 qttools5-dev-tools amd64 5.15.3-1 [1129 kB]
#7 582.4 Get:591 http://archive.ubuntu.com/ubuntu jammy/universe amd64 qttools5-dev amd64 5.15.3-1 [203 kB]
#7 582.6 Get:592 http://archive.ubuntu.com/ubuntu jammy/universe amd64 qttools5-private-dev amd64 5.15.3-1 [71.6 kB]
#7 582.8 Get:593 http://archive.ubuntu.com/ubuntu jammy/universe amd64 libvtk9-qt-dev amd64 9.1.0+really9.1.0+dfsg2-3build1 [28.6 kB]
#7 583.0 Get:594 http://archive.ubuntu.com/ubuntu jammy-updates/main amd64 libwayland-egl1 amd64 1.20.0-1ubuntu0.1 [5582 B]
#7 583.1 Get:595 http://archive.ubuntu.com/ubuntu jammy/main amd64 libxmu-headers all 2:1.1.3-3 [54.1 kB]
#7 583.3 Get:596 http://archive.ubuntu.com/ubuntu jammy/main amd64 libxmu-dev amd64 2:1.1.3-3 [54.6 kB]
#7 583.4 Get:597 http://archive.ubuntu.com/ubuntu jammy-updates/main amd64 libxpm-dev amd64 1:3.5.12-1ubuntu0.22.04.2 [90.7 kB]
#7 583.6 Get:598 http://archive.ubuntu.com/ubuntu jammy/main amd64 libxaw7-dev amd64 2:1.0.14-1 [253 kB]
#7 584.3 Get:599 http://archive.ubuntu.com/ubuntu jammy/main amd64 libxcomposite1 amd64 1:0.4.5-1build2 [7192 B]
#7 584.4 Get:600 http://archive.ubuntu.com/ubuntu jammy/main amd64 libxinerama1 amd64 2:1.1.4-3 [7382 B]
#7 584.5 Get:601 http://archive.ubuntu.com/ubuntu jammy/main amd64 libxkbfile1 amd64 1:1.1.0-1build3 [71.8 kB]
#7 584.7 Get:602 http://archive.ubuntu.com/ubuntu jammy/main amd64 libxrandr2 amd64 2:1.5.2-1build1 [20.4 kB]
#7 584.8 Get:603 http://archive.ubuntu.com/ubuntu jammy/main amd64 libxrandr-dev amd64 2:1.5.2-1build1 [26.7 kB]
#7 585.0 Get:604 http://archive.ubuntu.com/ubuntu jammy/main amd64 libxv1 amd64 2:1.0.11-1build2 [11.2 kB]
#7 585.1 Get:605 http://archive.ubuntu.com/ubuntu jammy/main amd64 libxxf86dga1 amd64 2:1.1.5-0ubuntu3 [12.6 kB]
#7 585.2 Get:606 http://archive.ubuntu.com/ubuntu jammy/universe amd64 mesa-utils-bin amd64 8.4.0-1ubuntu1 [53.8 kB]
#7 585.5 Get:607 http://archive.ubuntu.com/ubuntu jammy/universe amd64 ninja-build amd64 1.10.1-1 [111 kB]
#7 585.7 Get:608 http://archive.ubuntu.com/ubuntu jammy-updates/universe amd64 python3-wheel all 0.37.1-2ubuntu0.22.04.1 [32.0 kB]
#7 585.8 Get:609 http://archive.ubuntu.com/ubuntu jammy-updates/universe amd64 python3-pip all 22.0.2+dfsg-1ubuntu0.7 [1306 kB]
#7 587.1 Get:610 http://archive.ubuntu.com/ubuntu jammy/universe amd64 libpcl-dev amd64 1.12.1+dfsg-3build1 [1125 kB]
#7 588.2 Get:611 http://archive.ubuntu.com/ubuntu jammy/universe amd64 libassimp-dev amd64 5.2.2~ds0-1 [145 kB]
#7 588.3 Get:612 http://archive.ubuntu.com/ubuntu jammy/main amd64 x11-utils amd64 7.7+5build2 [206 kB]
#7 588.6 Get:613 http://archive.ubuntu.com/ubuntu jammy/universe amd64 mesa-utils amd64 8.4.0-1ubuntu1 [1065 kB]
#7 590.0 debconf: delaying package configuration, since apt-utils is not installed
#7 590.0 Fetched 497 MB in 8min 40s (955 kB/s)
#7 590.1 Selecting previously unselected package shared-mime-info.
#7 590.1 (Reading database ... (Reading database ... 5%(Reading database ... 10%(Reading database ... 15%(Reading database ... 20%(Reading database ... 25%(Reading database ... 30%(Reading database ... 35%(Reading database ... 40%(Reading database ... 45%(Reading database ... 50%(Reading database ... 55%(Reading database ... 60%(Reading database ... 65%(Reading database ... 70%(Reading database ... 75%(Reading database ... 80%(Reading database ... 85%(Reading database ... 90%(Reading database ... 95%(Reading database ... 100%(Reading database ... 38421 files and directories currently installed.)
#7 590.1 Preparing to unpack .../000-shared-mime-info_2.1-2_amd64.deb ...
#7 590.1 Unpacking shared-mime-info (2.1-2) ...
#7 590.2 Selecting previously unselected package libdouble-conversion3:amd64.
#7 590.2 Preparing to unpack .../001-libdouble-conversion3_3.1.7-4_amd64.deb ...
#7 590.2 Unpacking libdouble-conversion3:amd64 (3.1.7-4) ...
#7 590.2 Selecting previously unselected package libpcre2-16-0:amd64.
#7 590.3 Preparing to unpack .../002-libpcre2-16-0_10.39-3ubuntu0.1_amd64.deb ...
#7 590.3 Unpacking libpcre2-16-0:amd64 (10.39-3ubuntu0.1) ...
#7 590.3 Selecting previously unselected package libqt5core5a:amd64.
#7 590.3 Preparing to unpack .../003-libqt5core5a_5.15.3+dfsg-2ubuntu0.2_amd64.deb ...
#7 590.3 Unpacking libqt5core5a:amd64 (5.15.3+dfsg-2ubuntu0.2) ...
#7 590.4 Selecting previously unselected package libdrm-common.
#7 590.4 Preparing to unpack .../004-libdrm-common_2.4.113-2~ubuntu0.22.04.1_all.deb ...
#7 590.4 Unpacking libdrm-common (2.4.113-2~ubuntu0.22.04.1) ...
#7 590.4 Selecting previously unselected package libdrm2:amd64.
#7 590.4 Preparing to unpack .../005-libdrm2_2.4.113-2~ubuntu0.22.04.1_amd64.deb ...
#7 590.4 Unpacking libdrm2:amd64 (2.4.113-2~ubuntu0.22.04.1) ...
#7 590.5 Selecting previously unselected package libglvnd0:amd64.
#7 590.5 Preparing to unpack .../006-libglvnd0_1.4.0-1_amd64.deb ...
#7 590.5 Unpacking libglvnd0:amd64 (1.4.0-1) ...
#7 590.5 Selecting previously unselected package libwayland-server0:amd64.
#7 590.5 Preparing to unpack .../007-libwayland-server0_1.20.0-1ubuntu0.1_amd64.deb ...
#7 590.5 Unpacking libwayland-server0:amd64 (1.20.0-1ubuntu0.1) ...
#7 590.6 Selecting previously unselected package libxcb-randr0:amd64.
#7 590.6 Preparing to unpack .../008-libxcb-randr0_1.14-3ubuntu3_amd64.deb ...
#7 590.6 Unpacking libxcb-randr0:amd64 (1.14-3ubuntu3) ...
#7 590.6 Selecting previously unselected package libgbm1:amd64.
#7 590.6 Preparing to unpack .../009-libgbm1_23.2.1-1ubuntu3.1~22.04.4_amd64.deb ...
#7 590.6 Unpacking libgbm1:amd64 (23.2.1-1ubuntu3.1~22.04.4) ...
#7 590.6 Selecting previously unselected package libglapi-mesa:amd64.
#7 590.7 Preparing to unpack .../010-libglapi-mesa_23.2.1-1ubuntu3.1~22.04.4_amd64.deb ...
#7 590.7 Unpacking libglapi-mesa:amd64 (23.2.1-1ubuntu3.1~22.04.4) ...
#7 590.7 Selecting previously unselected package libwayland-client0:amd64.
#7 590.7 Preparing to unpack .../011-libwayland-client0_1.20.0-1ubuntu0.1_amd64.deb ...
#7 590.7 Unpacking libwayland-client0:amd64 (1.20.0-1ubuntu0.1) ...
#7 590.7 Selecting previously unselected package libx11-xcb1:amd64.
#7 590.7 Preparing to unpack .../012-libx11-xcb1_2%3a1.7.5-1ubuntu0.3_amd64.deb ...
#7 590.7 Unpacking libx11-xcb1:amd64 (2:1.7.5-1ubuntu0.3) ...
#7 590.8 Selecting previously unselected package libxcb-dri2-0:amd64.
#7 590.8 Preparing to unpack .../013-libxcb-dri2-0_1.14-3ubuntu3_amd64.deb ...
#7 590.8 Unpacking libxcb-dri2-0:amd64 (1.14-3ubuntu3) ...
#7 590.8 Selecting previously unselected package libxcb-dri3-0:amd64.
#7 590.8 Preparing to unpack .../014-libxcb-dri3-0_1.14-3ubuntu3_amd64.deb ...
#7 590.8 Unpacking libxcb-dri3-0:amd64 (1.14-3ubuntu3) ...
#7 590.9 Selecting previously unselected package libxcb-present0:amd64.
#7 590.9 Preparing to unpack .../015-libxcb-present0_1.14-3ubuntu3_amd64.deb ...
#7 590.9 Unpacking libxcb-present0:amd64 (1.14-3ubuntu3) ...
#7 590.9 Selecting previously unselected package libxcb-sync1:amd64.
#7 590.9 Preparing to unpack .../016-libxcb-sync1_1.14-3ubuntu3_amd64.deb ...
#7 590.9 Unpacking libxcb-sync1:amd64 (1.14-3ubuntu3) ...
#7 591.0 Selecting previously unselected package libxcb-xfixes0:amd64.
#7 591.0 Preparing to unpack .../017-libxcb-xfixes0_1.14-3ubuntu3_amd64.deb ...
#7 591.0 Unpacking libxcb-xfixes0:amd64 (1.14-3ubuntu3) ...
#7 591.0 Selecting previously unselected package libxshmfence1:amd64.
#7 591.0 Preparing to unpack .../018-libxshmfence1_1.3-1build4_amd64.deb ...
#7 591.0 Unpacking libxshmfence1:amd64 (1.3-1build4) ...
#7 591.0 Selecting previously unselected package libegl-mesa0:amd64.
#7 591.1 Preparing to unpack .../019-libegl-mesa0_23.2.1-1ubuntu3.1~22.04.4_amd64.deb ...
#7 591.1 Unpacking libegl-mesa0:amd64 (23.2.1-1ubuntu3.1~22.04.4) ...
#7 591.1 Selecting previously unselected package libegl1:amd64.
#7 591.1 Preparing to unpack .../020-libegl1_1.4.0-1_amd64.deb ...
#7 591.1 Unpacking libegl1:amd64 (1.4.0-1) ...
#7 591.1 Selecting previously unselected package libxcb-glx0:amd64.
#7 591.1 Preparing to unpack .../021-libxcb-glx0_1.14-3ubuntu3_amd64.deb ...
#7 591.1 Unpacking libxcb-glx0:amd64 (1.14-3ubuntu3) ...
#7 591.2 Selecting previously unselected package libxfixes3:amd64.
#7 591.2 Preparing to unpack .../022-libxfixes3_1%3a6.0.0-1_amd64.deb ...
#7 591.2 Unpacking libxfixes3:amd64 (1:6.0.0-1) ...
#7 591.2 Selecting previously unselected package libxxf86vm1:amd64.
#7 591.2 Preparing to unpack .../023-libxxf86vm1_1%3a1.1.4-1build3_amd64.deb ...
#7 591.2 Unpacking libxxf86vm1:amd64 (1:1.1.4-1build3) ...
#7 591.3 Selecting previously unselected package libdrm-amdgpu1:amd64.
#7 591.3 Preparing to unpack .../024-libdrm-amdgpu1_2.4.113-2~ubuntu0.22.04.1_amd64.deb ...
#7 591.3 Unpacking libdrm-amdgpu1:amd64 (2.4.113-2~ubuntu0.22.04.1) ...
#7 591.3 Selecting previously unselected package libpciaccess0:amd64.
#7 591.3 Preparing to unpack .../025-libpciaccess0_0.16-3_amd64.deb ...
#7 591.3 Unpacking libpciaccess0:amd64 (0.16-3) ...
#7 591.4 Selecting previously unselected package libdrm-intel1:amd64.
#7 591.4 Preparing to unpack .../026-libdrm-intel1_2.4.113-2~ubuntu0.22.04.1_amd64.deb ...
#7 591.4 Unpacking libdrm-intel1:amd64 (2.4.113-2~ubuntu0.22.04.1) ...
#7 591.4 Selecting previously unselected package libdrm-nouveau2:amd64.
#7 591.4 Preparing to unpack .../027-libdrm-nouveau2_2.4.113-2~ubuntu0.22.04.1_amd64.deb ...
#7 591.4 Unpacking libdrm-nouveau2:amd64 (2.4.113-2~ubuntu0.22.04.1) ...
#7 591.4 Selecting previously unselected package libdrm-radeon1:amd64.
#7 591.4 Preparing to unpack .../028-libdrm-radeon1_2.4.113-2~ubuntu0.22.04.1_amd64.deb ...
#7 591.5 Unpacking libdrm-radeon1:amd64 (2.4.113-2~ubuntu0.22.04.1) ...
#7 591.5 Selecting previously unselected package libelf1:amd64.
#7 591.5 Preparing to unpack .../029-libelf1_0.186-1ubuntu0.1_amd64.deb ...
#7 591.5 Unpacking libelf1:amd64 (0.186-1ubuntu0.1) ...
#7 591.5 Selecting previously unselected package libedit2:amd64.
#7 591.5 Preparing to unpack .../030-libedit2_3.1-20210910-1build1_amd64.deb ...
#7 591.5 Unpacking libedit2:amd64 (3.1-20210910-1build1) ...
#7 591.6 Selecting previously unselected package libllvm15:amd64.
#7 591.6 Preparing to unpack .../031-libllvm15_1%3a15.0.7-0ubuntu0.22.04.3_amd64.deb ...
#7 591.6 Unpacking libllvm15:amd64 (1:15.0.7-0ubuntu0.22.04.3) ...
#7 592.2 Selecting previously unselected package libsensors-config.
#7 592.2 Preparing to unpack .../032-libsensors-config_1%3a3.6.0-7ubuntu1_all.deb ...
#7 592.2 Unpacking libsensors-config (1:3.6.0-7ubuntu1) ...
#7 592.2 Selecting previously unselected package libsensors5:amd64.
#7 592.2 Preparing to unpack .../033-libsensors5_1%3a3.6.0-7ubuntu1_amd64.deb ...
#7 592.2 Unpacking libsensors5:amd64 (1:3.6.0-7ubuntu1) ...
#7 592.3 Selecting previously unselected package libgl1-mesa-dri:amd64.
#7 592.3 Preparing to unpack .../034-libgl1-mesa-dri_23.2.1-1ubuntu3.1~22.04.4_amd64.deb ...
#7 592.3 Unpacking libgl1-mesa-dri:amd64 (23.2.1-1ubuntu3.1~22.04.4) ...
#7 592.5 Selecting previously unselected package libglx-mesa0:amd64.
#7 592.5 Preparing to unpack .../035-libglx-mesa0_23.2.1-1ubuntu3.1~22.04.4_amd64.deb ...
#7 592.5 Unpacking libglx-mesa0:amd64 (23.2.1-1ubuntu3.1~22.04.4) ...
#7 592.5 Selecting previously unselected package libglx0:amd64.
#7 592.5 Preparing to unpack .../036-libglx0_1.4.0-1_amd64.deb ...
#7 592.5 Unpacking libglx0:amd64 (1.4.0-1) ...
#7 592.6 Selecting previously unselected package libgl1:amd64.
#7 592.6 Preparing to unpack .../037-libgl1_1.4.0-1_amd64.deb ...
#7 592.6 Unpacking libgl1:amd64 (1.4.0-1) ...
#7 592.6 Selecting previously unselected package libevdev2:amd64.
#7 592.6 Preparing to unpack .../038-libevdev2_1.12.1+dfsg-1_amd64.deb ...
#7 592.6 Unpacking libevdev2:amd64 (1.12.1+dfsg-1) ...
#7 592.7 Selecting previously unselected package libmtdev1:amd64.
#7 592.7 Preparing to unpack .../039-libmtdev1_1.1.6-1build4_amd64.deb ...
#7 592.7 Unpacking libmtdev1:amd64 (1.1.6-1build4) ...
#7 592.7 Selecting previously unselected package libgudev-1.0-0:amd64.
#7 592.7 Preparing to unpack .../040-libgudev-1.0-0_1%3a237-2build1_amd64.deb ...
#7 592.7 Unpacking libgudev-1.0-0:amd64 (1:237-2build1) ...
#7 592.8 Selecting previously unselected package libwacom-common.
#7 592.8 Preparing to unpack .../041-libwacom-common_2.2.0-1_all.deb ...
#7 592.8 Unpacking libwacom-common (2.2.0-1) ...
#7 592.9 Selecting previously unselected package libwacom9:amd64.
#7 592.9 Preparing to unpack .../042-libwacom9_2.2.0-1_amd64.deb ...
#7 592.9 Unpacking libwacom9:amd64 (2.2.0-1) ...
#7 592.9 Selecting previously unselected package libinput-bin.
#7 592.9 Preparing to unpack .../043-libinput-bin_1.20.0-1ubuntu0.3_amd64.deb ...
#7 592.9 Unpacking libinput-bin (1.20.0-1ubuntu0.3) ...
#7 592.9 Selecting previously unselected package libinput10:amd64.
#7 592.9 Preparing to unpack .../044-libinput10_1.20.0-1ubuntu0.3_amd64.deb ...
#7 593.0 Unpacking libinput10:amd64 (1.20.0-1ubuntu0.3) ...
#7 593.0 Selecting previously unselected package libmd4c0:amd64.
#7 593.0 Preparing to unpack .../045-libmd4c0_0.4.8-1_amd64.deb ...
#7 593.0 Unpacking libmd4c0:amd64 (0.4.8-1) ...
#7 593.0 Selecting previously unselected package libqt5dbus5:amd64.
#7 593.0 Preparing to unpack .../046-libqt5dbus5_5.15.3+dfsg-2ubuntu0.2_amd64.deb ...
#7 593.0 Unpacking libqt5dbus5:amd64 (5.15.3+dfsg-2ubuntu0.2) ...
#7 593.1 Selecting previously unselected package libqt5network5:amd64.
#7 593.1 Preparing to unpack .../047-libqt5network5_5.15.3+dfsg-2ubuntu0.2_amd64.deb ...
#7 593.1 Unpacking libqt5network5:amd64 (5.15.3+dfsg-2ubuntu0.2) ...
#7 593.1 Selecting previously unselected package libxcb-icccm4:amd64.
#7 593.1 Preparing to unpack .../048-libxcb-icccm4_0.4.1-1.1build2_amd64.deb ...
#7 593.1 Unpacking libxcb-icccm4:amd64 (0.4.1-1.1build2) ...
#7 593.2 Selecting previously unselected package libxcb-util1:amd64.
#7 593.2 Preparing to unpack .../049-libxcb-util1_0.4.0-1build2_amd64.deb ...
#7 593.2 Unpacking libxcb-util1:amd64 (0.4.0-1build2) ...
#7 593.2 Selecting previously unselected package libxcb-image0:amd64.
#7 593.2 Preparing to unpack .../050-libxcb-image0_0.4.0-2_amd64.deb ...
#7 593.2 Unpacking libxcb-image0:amd64 (0.4.0-2) ...
#7 593.3 Selecting previously unselected package libxcb-keysyms1:amd64.
#7 593.3 Preparing to unpack .../051-libxcb-keysyms1_0.4.0-1build3_amd64.deb ...
#7 593.3 Unpacking libxcb-keysyms1:amd64 (0.4.0-1build3) ...
#7 593.3 Selecting previously unselected package libxcb-render-util0:amd64.
#7 593.3 Preparing to unpack .../052-libxcb-render-util0_0.3.9-1build3_amd64.deb ...
#7 593.3 Unpacking libxcb-render-util0:amd64 (0.3.9-1build3) ...
#7 593.4 Selecting previously unselected package libxcb-shape0:amd64.
#7 593.4 Preparing to unpack .../053-libxcb-shape0_1.14-3ubuntu3_amd64.deb ...
#7 593.4 Unpacking libxcb-shape0:amd64 (1.14-3ubuntu3) ...
#7 593.4 Selecting previously unselected package libxcb-xinerama0:amd64.
#7 593.4 Preparing to unpack .../054-libxcb-xinerama0_1.14-3ubuntu3_amd64.deb ...
#7 593.4 Unpacking libxcb-xinerama0:amd64 (1.14-3ubuntu3) ...
#7 593.4 Selecting previously unselected package libxcb-xinput0:amd64.
#7 593.4 Preparing to unpack .../055-libxcb-xinput0_1.14-3ubuntu3_amd64.deb ...
#7 593.5 Unpacking libxcb-xinput0:amd64 (1.14-3ubuntu3) ...
#7 593.5 Selecting previously unselected package libxcb-xkb1:amd64.
#7 593.5 Preparing to unpack .../056-libxcb-xkb1_1.14-3ubuntu3_amd64.deb ...
#7 593.5 Unpacking libxcb-xkb1:amd64 (1.14-3ubuntu3) ...
#7 593.5 Selecting previously unselected package xkb-data.
#7 593.5 Preparing to unpack .../057-xkb-data_2.33-1_all.deb ...
#7 593.5 Unpacking xkb-data (2.33-1) ...
#7 593.6 Selecting previously unselected package libxkbcommon0:amd64.
#7 593.6 Preparing to unpack .../058-libxkbcommon0_1.4.0-1_amd64.deb ...
#7 593.6 Unpacking libxkbcommon0:amd64 (1.4.0-1) ...
#7 593.7 Selecting previously unselected package libxkbcommon-x11-0:amd64.
#7 593.7 Preparing to unpack .../059-libxkbcommon-x11-0_1.4.0-1_amd64.deb ...
#7 593.7 Unpacking libxkbcommon-x11-0:amd64 (1.4.0-1) ...
#7 593.7 Selecting previously unselected package libqt5gui5:amd64.
#7 593.7 Preparing to unpack .../060-libqt5gui5_5.15.3+dfsg-2ubuntu0.2_amd64.deb ...
#7 593.7 Unpacking libqt5gui5:amd64 (5.15.3+dfsg-2ubuntu0.2) ...
#7 593.9 Selecting previously unselected package libqt5widgets5:amd64.
#7 593.9 Preparing to unpack .../061-libqt5widgets5_5.15.3+dfsg-2ubuntu0.2_amd64.deb ...
#7 593.9 Unpacking libqt5widgets5:amd64 (5.15.3+dfsg-2ubuntu0.2) ...
#7 593.9 Selecting previously unselected package libqt5svg5:amd64.
#7 593.9 Preparing to unpack .../062-libqt5svg5_5.15.3-1_amd64.deb ...
#7 593.9 Unpacking libqt5svg5:amd64 (5.15.3-1) ...
#7 594.0 Selecting previously unselected package libdw1:amd64.
#7 594.0 Preparing to unpack .../063-libdw1_0.186-1ubuntu0.1_amd64.deb ...
#7 594.0 Unpacking libdw1:amd64 (0.186-1ubuntu0.1) ...
#7 594.0 Selecting previously unselected package libunwind8:amd64.
#7 594.0 Preparing to unpack .../064-libunwind8_1.3.2-2build2.1_amd64.deb ...
#7 594.0 Unpacking libunwind8:amd64 (1.3.2-2build2.1) ...
#7 594.1 Selecting previously unselected package libcap2-bin.
#7 594.1 Preparing to unpack .../065-libcap2-bin_1%3a2.44-1ubuntu0.22.04.3_amd64.deb ...
#7 594.1 Unpacking libcap2-bin (1:2.44-1ubuntu0.22.04.3) ...
#7 594.1 Selecting previously unselected package libgstreamer1.0-0:amd64.
#7 594.1 Preparing to unpack .../066-libgstreamer1.0-0_1.20.3-0ubuntu1.1_amd64.deb ...
#7 594.1 Unpacking libgstreamer1.0-0:amd64 (1.20.3-0ubuntu1.1) ...
#7 594.2 Selecting previously unselected package liborc-0.4-0:amd64.
#7 594.2 Preparing to unpack .../067-liborc-0.4-0_1%3a0.4.32-2ubuntu0.1_amd64.deb ...
#7 594.2 Unpacking liborc-0.4-0:amd64 (1:0.4.32-2ubuntu0.1) ...
#7 594.2 Selecting previously unselected package iso-codes.
#7 594.2 Preparing to unpack .../068-iso-codes_4.9.0-1_all.deb ...
#7 594.2 Unpacking iso-codes (4.9.0-1) ...
#7 594.4 Selecting previously unselected package libgstreamer-plugins-base1.0-0:amd64.
#7 594.4 Preparing to unpack .../069-libgstreamer-plugins-base1.0-0_1.20.1-1ubuntu0.6_amd64.deb ...
#7 594.4 Unpacking libgstreamer-plugins-base1.0-0:amd64 (1.20.1-1ubuntu0.6) ...
#7 594.5 Selecting previously unselected package libhyphen0:amd64.
#7 594.5 Preparing to unpack .../070-libhyphen0_2.8.8-7build2_amd64.deb ...
#7 594.5 Unpacking libhyphen0:amd64 (2.8.8-7build2) ...
#7 594.5 Selecting previously unselected package libqt5positioning5:amd64.
#7 594.5 Preparing to unpack .../071-libqt5positioning5_5.15.3+dfsg-3_amd64.deb ...
#7 594.5 Unpacking libqt5positioning5:amd64 (5.15.3+dfsg-3) ...
#7 594.6 Selecting previously unselected package libavahi-common-data:amd64.
#7 594.6 Preparing to unpack .../072-libavahi-common-data_0.8-5ubuntu5.5_amd64.deb ...
#7 594.6 Unpacking libavahi-common-data:amd64 (0.8-5ubuntu5.5) ...
#7 594.6 Selecting previously unselected package libavahi-common3:amd64.
#7 594.6 Preparing to unpack .../073-libavahi-common3_0.8-5ubuntu5.5_amd64.deb ...
#7 594.6 Unpacking libavahi-common3:amd64 (0.8-5ubuntu5.5) ...
#7 594.7 Selecting previously unselected package libavahi-client3:amd64.
#7 594.7 Preparing to unpack .../074-libavahi-client3_0.8-5ubuntu5.5_amd64.deb ...
#7 594.7 Unpacking libavahi-client3:amd64 (0.8-5ubuntu5.5) ...
#7 594.7 Selecting previously unselected package libcups2:amd64.
#7 594.7 Preparing to unpack .../075-libcups2_2.4.1op1-1ubuntu4.21_amd64.deb ...
#7 594.7 Unpacking libcups2:amd64 (2.4.1op1-1ubuntu4.21) ...
#7 594.8 Selecting previously unselected package libqt5printsupport5:amd64.
#7 594.8 Preparing to unpack .../076-libqt5printsupport5_5.15.3+dfsg-2ubuntu0.2_amd64.deb ...
#7 594.8 Unpacking libqt5printsupport5:amd64 (5.15.3+dfsg-2ubuntu0.2) ...
#7 594.8 Selecting previously unselected package libqt5qml5:amd64.
#7 594.8 Preparing to unpack .../077-libqt5qml5_5.15.3+dfsg-1_amd64.deb ...
#7 594.8 Unpacking libqt5qml5:amd64 (5.15.3+dfsg-1) ...
#7 594.9 Selecting previously unselected package libqt5qmlmodels5:amd64.
#7 594.9 Preparing to unpack .../078-libqt5qmlmodels5_5.15.3+dfsg-1_amd64.deb ...
#7 594.9 Unpacking libqt5qmlmodels5:amd64 (5.15.3+dfsg-1) ...
#7 594.9 Selecting previously unselected package libqt5quick5:amd64.
#7 594.9 Preparing to unpack .../079-libqt5quick5_5.15.3+dfsg-1_amd64.deb ...
#7 594.9 Unpacking libqt5quick5:amd64 (5.15.3+dfsg-1) ...
#7 595.0 Selecting previously unselected package libqt5sensors5:amd64.
#7 595.0 Preparing to unpack .../080-libqt5sensors5_5.15.3-1_amd64.deb ...
#7 595.0 Unpacking libqt5sensors5:amd64 (5.15.3-1) ...
#7 595.0 Selecting previously unselected package libqt5webchannel5:amd64.
#7 595.0 Preparing to unpack .../081-libqt5webchannel5_5.15.3-1_amd64.deb ...
#7 595.1 Unpacking libqt5webchannel5:amd64 (5.15.3-1) ...
#7 595.1 Selecting previously unselected package libwoff1:amd64.
#7 595.1 Preparing to unpack .../082-libwoff1_1.0.2-1build4_amd64.deb ...
#7 595.1 Unpacking libwoff1:amd64 (1.0.2-1build4) ...
#7 595.2 Selecting previously unselected package libqt5webkit5:amd64.
#7 595.2 Preparing to unpack .../083-libqt5webkit5_5.212.0~alpha4-15ubuntu1_amd64.deb ...
#7 595.2 Unpacking libqt5webkit5:amd64 (5.212.0~alpha4-15ubuntu1) ...
#7 595.5 Selecting previously unselected package xorg-sgml-doctools.
#7 595.5 Preparing to unpack .../084-xorg-sgml-doctools_1%3a1.11-1.1_all.deb ...
#7 595.5 Unpacking xorg-sgml-doctools (1:1.11-1.1) ...
#7 595.6 Selecting previously unselected package x11proto-dev.
#7 595.6 Preparing to unpack .../085-x11proto-dev_2021.5-1_all.deb ...
#7 595.6 Unpacking x11proto-dev (2021.5-1) ...
#7 595.6 Selecting previously unselected package libxau-dev:amd64.
#7 595.7 Preparing to unpack .../086-libxau-dev_1%3a1.0.9-1build5_amd64.deb ...
#7 595.7 Unpacking libxau-dev:amd64 (1:1.0.9-1build5) ...
#7 595.7 Selecting previously unselected package libxdmcp-dev:amd64.
#7 595.7 Preparing to unpack .../087-libxdmcp-dev_1%3a1.1.3-0ubuntu5_amd64.deb ...
#7 595.7 Unpacking libxdmcp-dev:amd64 (1:1.1.3-0ubuntu5) ...
#7 595.7 Selecting previously unselected package xtrans-dev.
#7 595.7 Preparing to unpack .../088-xtrans-dev_1.4.0-1_all.deb ...
#7 595.7 Unpacking xtrans-dev (1.4.0-1) ...
#7 595.8 Selecting previously unselected package libpthread-stubs0-dev:amd64.
#7 595.8 Preparing to unpack .../089-libpthread-stubs0-dev_0.4-1build2_amd64.deb ...
#7 595.8 Unpacking libpthread-stubs0-dev:amd64 (0.4-1build2) ...
#7 595.8 Selecting previously unselected package libxcb1-dev:amd64.
#7 595.8 Preparing to unpack .../090-libxcb1-dev_1.14-3ubuntu3_amd64.deb ...
#7 595.8 Unpacking libxcb1-dev:amd64 (1.14-3ubuntu3) ...
#7 595.9 Selecting previously unselected package libx11-dev:amd64.
#7 595.9 Preparing to unpack .../091-libx11-dev_2%3a1.7.5-1ubuntu0.3_amd64.deb ...
#7 595.9 Unpacking libx11-dev:amd64 (2:1.7.5-1ubuntu0.3) ...
#7 595.9 Selecting previously unselected package libglx-dev:amd64.
#7 595.9 Preparing to unpack .../092-libglx-dev_1.4.0-1_amd64.deb ...
#7 595.9 Unpacking libglx-dev:amd64 (1.4.0-1) ...
#7 596.0 Selecting previously unselected package libgl-dev:amd64.
#7 596.0 Preparing to unpack .../093-libgl-dev_1.4.0-1_amd64.deb ...
#7 596.0 Unpacking libgl-dev:amd64 (1.4.0-1) ...
#7 596.0 Selecting previously unselected package libegl-dev:amd64.
#7 596.0 Preparing to unpack .../094-libegl-dev_1.4.0-1_amd64.deb ...
#7 596.0 Unpacking libegl-dev:amd64 (1.4.0-1) ...
#7 596.0 Selecting previously unselected package libopengl0:amd64.
#7 596.0 Preparing to unpack .../095-libopengl0_1.4.0-1_amd64.deb ...
#7 596.0 Unpacking libopengl0:amd64 (1.4.0-1) ...
#7 596.1 Selecting previously unselected package libglu1-mesa:amd64.
#7 596.1 Preparing to unpack .../096-libglu1-mesa_9.0.2-1_amd64.deb ...
#7 596.1 Unpacking libglu1-mesa:amd64 (9.0.2-1) ...
#7 596.1 Selecting previously unselected package libglu1-mesa-dev:amd64.
#7 596.1 Preparing to unpack .../097-libglu1-mesa-dev_9.0.2-1_amd64.deb ...
#7 596.1 Unpacking libglu1-mesa-dev:amd64 (9.0.2-1) ...
#7 596.2 Selecting previously unselected package libqt5concurrent5:amd64.
#7 596.2 Preparing to unpack .../098-libqt5concurrent5_5.15.3+dfsg-2ubuntu0.2_amd64.deb ...
#7 596.2 Unpacking libqt5concurrent5:amd64 (5.15.3+dfsg-2ubuntu0.2) ...
#7 596.2 Selecting previously unselected package libqt5sql5:amd64.
#7 596.2 Preparing to unpack .../099-libqt5sql5_5.15.3+dfsg-2ubuntu0.2_amd64.deb ...
#7 596.2 Unpacking libqt5sql5:amd64 (5.15.3+dfsg-2ubuntu0.2) ...
#7 596.3 Selecting previously unselected package libqt5test5:amd64.
#7 596.3 Preparing to unpack .../100-libqt5test5_5.15.3+dfsg-2ubuntu0.2_amd64.deb ...
#7 596.3 Unpacking libqt5test5:amd64 (5.15.3+dfsg-2ubuntu0.2) ...
#7 596.3 Selecting previously unselected package libqt5xml5:amd64.
#7 596.3 Preparing to unpack .../101-libqt5xml5_5.15.3+dfsg-2ubuntu0.2_amd64.deb ...
#7 596.3 Unpacking libqt5xml5:amd64 (5.15.3+dfsg-2ubuntu0.2) ...
#7 596.4 Selecting previously unselected package libvulkan1:amd64.
#7 596.4 Preparing to unpack .../102-libvulkan1_1.3.204.1-2_amd64.deb ...
#7 596.4 Unpacking libvulkan1:amd64 (1.3.204.1-2) ...
#7 596.4 Selecting previously unselected package libvulkan-dev:amd64.
#7 596.4 Preparing to unpack .../103-libvulkan-dev_1.3.204.1-2_amd64.deb ...
#7 596.4 Unpacking libvulkan-dev:amd64 (1.3.204.1-2) ...
#7 596.5 Selecting previously unselected package libxext-dev:amd64.
#7 596.5 Preparing to unpack .../104-libxext-dev_2%3a1.3.4-1build1_amd64.deb ...
#7 596.5 Unpacking libxext-dev:amd64 (2:1.3.4-1build1) ...
#7 596.5 Selecting previously unselected package qt5-qmake-bin.
#7 596.5 Preparing to unpack .../105-qt5-qmake-bin_5.15.3+dfsg-2ubuntu0.2_amd64.deb ...
#7 596.5 Unpacking qt5-qmake-bin (5.15.3+dfsg-2ubuntu0.2) ...
#7 596.6 Selecting previously unselected package qtchooser.
#7 596.6 Preparing to unpack .../106-qtchooser_66-2build1_amd64.deb ...
#7 596.6 Unpacking qtchooser (66-2build1) ...
#7 596.7 Selecting previously unselected package qt5-qmake:amd64.
#7 596.7 Preparing to unpack .../107-qt5-qmake_5.15.3+dfsg-2ubuntu0.2_amd64.deb ...
#7 596.7 Unpacking qt5-qmake:amd64 (5.15.3+dfsg-2ubuntu0.2) ...
#7 596.8 Selecting previously unselected package qtbase5-dev-tools.
#7 596.8 Preparing to unpack .../108-qtbase5-dev-tools_5.15.3+dfsg-2ubuntu0.2_amd64.deb ...
#7 596.8 Unpacking qtbase5-dev-tools (5.15.3+dfsg-2ubuntu0.2) ...
#7 596.8 Selecting previously unselected package qtbase5-dev:amd64.
#7 596.8 Preparing to unpack .../109-qtbase5-dev_5.15.3+dfsg-2ubuntu0.2_amd64.deb ...
#7 596.8 Unpacking qtbase5-dev:amd64 (5.15.3+dfsg-2ubuntu0.2) ...
#7 597.2 Selecting previously unselected package libqt5qmlworkerscript5:amd64.
#7 597.2 Preparing to unpack .../110-libqt5qmlworkerscript5_5.15.3+dfsg-1_amd64.deb ...
#7 597.2 Unpacking libqt5qmlworkerscript5:amd64 (5.15.3+dfsg-1) ...
#7 597.2 Selecting previously unselected package libqt5quickparticles5:amd64.
#7 597.2 Preparing to unpack .../111-libqt5quickparticles5_5.15.3+dfsg-1_amd64.deb ...
#7 597.2 Unpacking libqt5quickparticles5:amd64 (5.15.3+dfsg-1) ...
#7 597.3 Selecting previously unselected package libqt5quickshapes5:amd64.
#7 597.3 Preparing to unpack .../112-libqt5quickshapes5_5.15.3+dfsg-1_amd64.deb ...
#7 597.3 Unpacking libqt5quickshapes5:amd64 (5.15.3+dfsg-1) ...
#7 597.3 Selecting previously unselected package libqt5quicktest5:amd64.
#7 597.3 Preparing to unpack .../113-libqt5quicktest5_5.15.3+dfsg-1_amd64.deb ...
#7 597.3 Unpacking libqt5quicktest5:amd64 (5.15.3+dfsg-1) ...
#7 597.4 Selecting previously unselected package libqt5quickwidgets5:amd64.
#7 597.4 Preparing to unpack .../114-libqt5quickwidgets5_5.15.3+dfsg-1_amd64.deb ...
#7 597.4 Unpacking libqt5quickwidgets5:amd64 (5.15.3+dfsg-1) ...
#7 597.4 Selecting previously unselected package qt5-qmltooling-plugins:amd64.
#7 597.4 Preparing to unpack .../115-qt5-qmltooling-plugins_5.15.3+dfsg-1_amd64.deb ...
#7 597.4 Unpacking qt5-qmltooling-plugins:amd64 (5.15.3+dfsg-1) ...
#7 597.4 Selecting previously unselected package qtdeclarative5-dev-tools.
#7 597.4 Preparing to unpack .../116-qtdeclarative5-dev-tools_5.15.3+dfsg-1_amd64.deb ...
#7 597.4 Unpacking qtdeclarative5-dev-tools (5.15.3+dfsg-1) ...
#7 597.5 Selecting previously unselected package qtdeclarative5-dev:amd64.
#7 597.5 Preparing to unpack .../117-qtdeclarative5-dev_5.15.3+dfsg-1_amd64.deb ...
#7 597.5 Unpacking qtdeclarative5-dev:amd64 (5.15.3+dfsg-1) ...
#7 597.6 Selecting previously unselected package libqt5webkit5-dev:amd64.
#7 597.6 Preparing to unpack .../118-libqt5webkit5-dev_5.212.0~alpha4-15ubuntu1_amd64.deb ...
#7 597.6 Unpacking libqt5webkit5-dev:amd64 (5.212.0~alpha4-15ubuntu1) ...
#7 597.6 Selecting previously unselected package libbpf0:amd64.
#7 597.6 Preparing to unpack .../119-libbpf0_1%3a0.5.0-1ubuntu22.04.1_amd64.deb ...
#7 597.7 Unpacking libbpf0:amd64 (1:0.5.0-1ubuntu22.04.1) ...
#7 597.7 Selecting previously unselected package libmnl0:amd64.
#7 597.7 Preparing to unpack .../120-libmnl0_1.0.4-3build2_amd64.deb ...
#7 597.7 Unpacking libmnl0:amd64 (1.0.4-3build2) ...
#7 597.7 Selecting previously unselected package libxtables12:amd64.
#7 597.7 Preparing to unpack .../121-libxtables12_1.8.7-1ubuntu5.2_amd64.deb ...
#7 597.7 Unpacking libxtables12:amd64 (1.8.7-1ubuntu5.2) ...
#7 597.8 Selecting previously unselected package iproute2.
#7 597.8 Preparing to unpack .../122-iproute2_5.15.0-1ubuntu2.2_amd64.deb ...
#7 597.8 Unpacking iproute2 (5.15.0-1ubuntu2.2) ...
#7 597.9 Selecting previously unselected package iputils-ping.
#7 597.9 Preparing to unpack .../123-iputils-ping_3%3a20211215-1ubuntu0.1_amd64.deb ...
#7 597.9 Unpacking iputils-ping (3:20211215-1ubuntu0.1) ...
#7 597.9 Selecting previously unselected package libjson-c5:amd64.
#7 597.9 Preparing to unpack .../124-libjson-c5_0.15-3~ubuntu1.22.04.2_amd64.deb ...
#7 597.9 Unpacking libjson-c5:amd64 (0.15-3~ubuntu1.22.04.2) ...
#7 597.9 Selecting previously unselected package bash-completion.
#7 597.9 Preparing to unpack .../125-bash-completion_1%3a2.11-5ubuntu1_all.deb ...
#7 598.0 Unpacking bash-completion (1:2.11-5ubuntu1) ...
#7 598.1 Selecting previously unselected package libcbor0.8:amd64.
#7 598.1 Preparing to unpack .../126-libcbor0.8_0.8.0-2ubuntu1_amd64.deb ...
#7 598.1 Unpacking libcbor0.8:amd64 (0.8.0-2ubuntu1) ...
#7 598.2 Selecting previously unselected package libfido2-1:amd64.
#7 598.2 Preparing to unpack .../127-libfido2-1_1.10.0-1_amd64.deb ...
#7 598.2 Unpacking libfido2-1:amd64 (1.10.0-1) ...
#7 598.2 Selecting previously unselected package libnuma1:amd64.
#7 598.2 Preparing to unpack .../128-libnuma1_2.0.14-3ubuntu2_amd64.deb ...
#7 598.2 Unpacking libnuma1:amd64 (2.0.14-3ubuntu2) ...
#7 598.3 Selecting previously unselected package libpcap0.8:amd64.
#7 598.3 Preparing to unpack .../129-libpcap0.8_1.10.1-4ubuntu1.22.04.1_amd64.deb ...
#7 598.3 Unpacking libpcap0.8:amd64 (1.10.1-4ubuntu1.22.04.1) ...
#7 598.3 Selecting previously unselected package libusb-1.0-0:amd64.
#7 598.3 Preparing to unpack .../130-libusb-1.0-0_2%3a1.0.25-1ubuntu2_amd64.deb ...
#7 598.3 Unpacking libusb-1.0-0:amd64 (2:1.0.25-1ubuntu2) ...
#7 598.3 Selecting previously unselected package libxmuu1:amd64.
#7 598.4 Preparing to unpack .../131-libxmuu1_2%3a1.1.3-3_amd64.deb ...
#7 598.4 Unpacking libxmuu1:amd64 (2:1.1.3-3) ...
#7 598.4 Selecting previously unselected package openssh-client.
#7 598.4 Preparing to unpack .../132-openssh-client_1%3a8.9p1-3ubuntu0.16_amd64.deb ...
#7 598.4 Unpacking openssh-client (1:8.9p1-3ubuntu0.16) ...
#7 598.5 Selecting previously unselected package usbutils.
#7 598.5 Preparing to unpack .../133-usbutils_1%3a014-1build1_amd64.deb ...
#7 598.5 Unpacking usbutils (1:014-1build1) ...
#7 598.5 Selecting previously unselected package xauth.
#7 598.5 Preparing to unpack .../134-xauth_1%3a1.1-1build2_amd64.deb ...
#7 598.5 Unpacking xauth (1:1.1-1build2) ...
#7 598.5 Selecting previously unselected package libsigsegv2:amd64.
#7 598.5 Preparing to unpack .../135-libsigsegv2_2.13-1ubuntu3_amd64.deb ...
#7 598.6 Unpacking libsigsegv2:amd64 (2.13-1ubuntu3) ...
#7 598.6 Selecting previously unselected package m4.
#7 598.6 Preparing to unpack .../136-m4_1.4.18-5ubuntu2_amd64.deb ...
#7 598.6 Unpacking m4 (1.4.18-5ubuntu2) ...
#7 598.6 Selecting previously unselected package autoconf.
#7 598.6 Preparing to unpack .../137-autoconf_2.71-2_all.deb ...
#7 598.6 Unpacking autoconf (2.71-2) ...
#7 598.7 Selecting previously unselected package autotools-dev.
#7 598.7 Preparing to unpack .../138-autotools-dev_20220109.1_all.deb ...
#7 598.7 Unpacking autotools-dev (20220109.1) ...
#7 598.7 Selecting previously unselected package automake.
#7 598.7 Preparing to unpack .../139-automake_1%3a1.16.5-1.3_all.deb ...
#7 598.7 Unpacking automake (1:1.16.5-1.3) ...
#7 598.8 Selecting previously unselected package java-common.
#7 598.8 Preparing to unpack .../140-java-common_0.72build2_all.deb ...
#7 598.8 Unpacking java-common (0.72build2) ...
#7 598.8 Selecting previously unselected package liblcms2-2:amd64.
#7 598.9 Preparing to unpack .../141-liblcms2-2_2.12~rc1-2ubuntu0.1_amd64.deb ...
#7 598.9 Unpacking liblcms2-2:amd64 (2.12~rc1-2ubuntu0.1) ...
#7 598.9 Selecting previously unselected package libnspr4:amd64.
#7 598.9 Preparing to unpack .../142-libnspr4_2%3a4.35-0ubuntu0.22.04.1_amd64.deb ...
#7 598.9 Unpacking libnspr4:amd64 (2:4.35-0ubuntu0.22.04.1) ...
#7 598.9 Selecting previously unselected package libnss3:amd64.
#7 598.9 Preparing to unpack .../143-libnss3_2%3a3.98-0ubuntu0.22.04.4_amd64.deb ...
#7 598.9 Unpacking libnss3:amd64 (2:3.98-0ubuntu0.22.04.4) ...
#7 599.1 Selecting previously unselected package libasound2-data.
#7 599.1 Preparing to unpack .../144-libasound2-data_1.2.6.1-1ubuntu1.2_all.deb ...
#7 599.1 Unpacking libasound2-data (1.2.6.1-1ubuntu1.2) ...
#7 599.1 Selecting previously unselected package libasound2:amd64.
#7 599.2 Preparing to unpack .../145-libasound2_1.2.6.1-1ubuntu1.2_amd64.deb ...
#7 599.2 Unpacking libasound2:amd64 (1.2.6.1-1ubuntu1.2) ...
#7 599.2 Selecting previously unselected package libpcsclite1:amd64.
#7 599.2 Preparing to unpack .../146-libpcsclite1_1.9.5-3ubuntu1_amd64.deb ...
#7 599.2 Unpacking libpcsclite1:amd64 (1.9.5-3ubuntu1) ...
#7 599.2 Selecting previously unselected package openjdk-11-jre-headless:amd64.
#7 599.3 Preparing to unpack .../147-openjdk-11-jre-headless_11.0.31+11-1ubuntu1~22.04.2_amd64.deb ...
#7 599.3 Unpacking openjdk-11-jre-headless:amd64 (11.0.31+11-1ubuntu1~22.04.2) ...
#7 600.0 Selecting previously unselected package default-jre-headless.
#7 600.0 Preparing to unpack .../148-default-jre-headless_2%3a1.11-72build2_amd64.deb ...
#7 600.0 Unpacking default-jre-headless (2:1.11-72build2) ...
#7 600.1 Selecting previously unselected package ca-certificates-java.
#7 600.1 Preparing to unpack .../149-ca-certificates-java_20190909ubuntu1.3_all.deb ...
#7 600.1 Unpacking ca-certificates-java (20190909ubuntu1.3) ...
#7 600.1 Selecting previously unselected package libgif7:amd64.
#7 600.1 Preparing to unpack .../150-libgif7_5.1.9-2ubuntu0.1_amd64.deb ...
#7 600.1 Unpacking libgif7:amd64 (5.1.9-2ubuntu0.1) ...
#7 600.2 Selecting previously unselected package libxi6:amd64.
#7 600.2 Preparing to unpack .../151-libxi6_2%3a1.8-1build1_amd64.deb ...
#7 600.2 Unpacking libxi6:amd64 (2:1.8-1build1) ...
#7 600.2 Selecting previously unselected package libxtst6:amd64.
#7 600.2 Preparing to unpack .../152-libxtst6_2%3a1.2.3-1build4_amd64.deb ...
#7 600.2 Unpacking libxtst6:amd64 (2:1.2.3-1build4) ...
#7 600.3 Selecting previously unselected package openjdk-11-jre:amd64.
#7 600.3 Preparing to unpack .../153-openjdk-11-jre_11.0.31+11-1ubuntu1~22.04.2_amd64.deb ...
#7 600.3 Unpacking openjdk-11-jre:amd64 (11.0.31+11-1ubuntu1~22.04.2) ...
#7 600.3 Selecting previously unselected package default-jre.
#7 600.3 Preparing to unpack .../154-default-jre_2%3a1.11-72build2_amd64.deb ...
#7 600.3 Unpacking default-jre (2:1.11-72build2) ...
#7 600.4 Selecting previously unselected package openjdk-11-jdk-headless:amd64.
#7 600.4 Preparing to unpack .../155-openjdk-11-jdk-headless_11.0.31+11-1ubuntu1~22.04.2_amd64.deb ...
#7 600.4 Unpacking openjdk-11-jdk-headless:amd64 (11.0.31+11-1ubuntu1~22.04.2) ...
#7 600.6 Selecting previously unselected package default-jdk-headless.
#7 600.6 Preparing to unpack .../156-default-jdk-headless_2%3a1.11-72build2_amd64.deb ...
#7 600.6 Unpacking default-jdk-headless (2:1.11-72build2) ...
#7 600.7 Selecting previously unselected package openjdk-11-jdk:amd64.
#7 600.7 Preparing to unpack .../157-openjdk-11-jdk_11.0.31+11-1ubuntu1~22.04.2_amd64.deb ...
#7 600.7 Unpacking openjdk-11-jdk:amd64 (11.0.31+11-1ubuntu1~22.04.2) ...
#7 600.7 Selecting previously unselected package default-jdk.
#7 600.7 Preparing to unpack .../158-default-jdk_2%3a1.11-72build2_amd64.deb ...
#7 600.7 Unpacking default-jdk (2:1.11-72build2) ...
#7 600.8 Selecting previously unselected package mysql-common.
#7 600.8 Preparing to unpack .../159-mysql-common_5.8+1.0.8_all.deb ...
#7 600.8 Unpacking mysql-common (5.8+1.0.8) ...
#7 600.8 Selecting previously unselected package libmysqlclient21:amd64.
#7 600.8 Preparing to unpack .../160-libmysqlclient21_8.0.46-0ubuntu0.22.04.3_amd64.deb ...
#7 600.8 Unpacking libmysqlclient21:amd64 (8.0.46-0ubuntu0.22.04.3) ...
#7 600.9 Selecting previously unselected package libmysqlclient-dev.
#7 600.9 Preparing to unpack .../161-libmysqlclient-dev_8.0.46-0ubuntu0.22.04.3_amd64.deb ...
#7 600.9 Unpacking libmysqlclient-dev (8.0.46-0ubuntu0.22.04.3) ...
#7 601.0 Selecting previously unselected package default-libmysqlclient-dev:amd64.
#7 601.0 Preparing to unpack .../162-default-libmysqlclient-dev_1.0.8_amd64.deb ...
#7 601.0 Unpacking default-libmysqlclient-dev:amd64 (1.0.8) ...
#7 601.0 Selecting previously unselected package gdal-data.
#7 601.0 Preparing to unpack .../163-gdal-data_3.4.1+dfsg-1build4_all.deb ...
#7 601.0 Unpacking gdal-data (3.4.1+dfsg-1build4) ...
#7 601.1 Selecting previously unselected package libgfortran-11-dev:amd64.
#7 601.1 Preparing to unpack .../164-libgfortran-11-dev_11.4.0-1ubuntu1~22.04.3_amd64.deb ...
#7 601.1 Unpacking libgfortran-11-dev:amd64 (11.4.0-1ubuntu1~22.04.3) ...
#7 601.2 Selecting previously unselected package gfortran-11.
#7 601.2 Preparing to unpack .../165-gfortran-11_11.4.0-1ubuntu1~22.04.3_amd64.deb ...
#7 601.2 Unpacking gfortran-11 (11.4.0-1ubuntu1~22.04.3) ...
#7 601.4 Selecting previously unselected package hdf5-helpers.
#7 601.4 Preparing to unpack .../166-hdf5-helpers_1.10.7+repack-4ubuntu2_amd64.deb ...
#7 601.4 Unpacking hdf5-helpers (1.10.7+repack-4ubuntu2) ...
#7 601.4 Selecting previously unselected package libnl-3-200:amd64.
#7 601.4 Preparing to unpack .../167-libnl-3-200_3.5.0-0.1_amd64.deb ...
#7 601.4 Unpacking libnl-3-200:amd64 (3.5.0-0.1) ...
#7 601.4 Selecting previously unselected package libnl-route-3-200:amd64.
#7 601.5 Preparing to unpack .../168-libnl-route-3-200_3.5.0-0.1_amd64.deb ...
#7 601.5 Unpacking libnl-route-3-200:amd64 (3.5.0-0.1) ...
#7 601.5 Selecting previously unselected package libibverbs1:amd64.
#7 601.5 Preparing to unpack .../169-libibverbs1_39.0-1_amd64.deb ...
#7 601.5 Unpacking libibverbs1:amd64 (39.0-1) ...
#7 601.6 Selecting previously unselected package ibverbs-providers:amd64.
#7 601.6 Preparing to unpack .../170-ibverbs-providers_39.0-1_amd64.deb ...
#7 601.6 Unpacking ibverbs-providers:amd64 (39.0-1) ...
#7 601.6 Selecting previously unselected package icu-devtools.
#7 601.6 Preparing to unpack .../171-icu-devtools_70.1-2_amd64.deb ...
#7 601.6 Unpacking icu-devtools (70.1-2) ...
#7 601.7 Selecting previously unselected package libaec0:amd64.
#7 601.7 Preparing to unpack .../172-libaec0_1.0.6-1_amd64.deb ...
#7 601.7 Unpacking libaec0:amd64 (1.0.6-1) ...
#7 601.7 Selecting previously unselected package libaom3:amd64.
#7 601.7 Preparing to unpack .../173-libaom3_3.3.0-1ubuntu0.1_amd64.deb ...
#7 601.7 Unpacking libaom3:amd64 (3.3.0-1ubuntu0.1) ...
#7 601.8 Selecting previously unselected package libaom-dev:amd64.
#7 601.8 Preparing to unpack .../174-libaom-dev_3.3.0-1ubuntu0.1_amd64.deb ...
#7 601.8 Unpacking libaom-dev:amd64 (3.3.0-1ubuntu0.1) ...
#7 601.9 Selecting previously unselected package libarpack2:amd64.
#7 601.9 Preparing to unpack .../175-libarpack2_3.8.0-1_amd64.deb ...
#7 601.9 Unpacking libarpack2:amd64 (3.8.0-1) ...
#7 601.9 Selecting previously unselected package libsuperlu5:amd64.
#7 601.9 Preparing to unpack .../176-libsuperlu5_5.3.0+dfsg1-2_amd64.deb ...
#7 601.9 Unpacking libsuperlu5:amd64 (5.3.0+dfsg1-2) ...
#7 602.0 Selecting previously unselected package libarmadillo10.
#7 602.0 Preparing to unpack .../177-libarmadillo10_1%3a10.8.2+dfsg-1_amd64.deb ...
#7 602.0 Unpacking libarmadillo10 (1:10.8.2+dfsg-1) ...
#7 602.0 Selecting previously unselected package libblas-dev:amd64.
#7 602.0 Preparing to unpack .../178-libblas-dev_3.10.0-2ubuntu1_amd64.deb ...
#7 602.0 Unpacking libblas-dev:amd64 (3.10.0-2ubuntu1) ...
#7 602.1 Selecting previously unselected package liblapack-dev:amd64.
#7 602.1 Preparing to unpack .../179-liblapack-dev_3.10.0-2ubuntu1_amd64.deb ...
#7 602.1 Unpacking liblapack-dev:amd64 (3.10.0-2ubuntu1) ...
#7 602.2 Selecting previously unselected package libarpack2-dev:amd64.
#7 602.2 Preparing to unpack .../180-libarpack2-dev_3.8.0-1_amd64.deb ...
#7 602.2 Unpacking libarpack2-dev:amd64 (3.8.0-1) ...
#7 602.3 Selecting previously unselected package libsz2:amd64.
#7 602.3 Preparing to unpack .../181-libsz2_1.0.6-1_amd64.deb ...
#7 602.3 Unpacking libsz2:amd64 (1.0.6-1) ...
#7 602.3 Selecting previously unselected package libhdf5-103-1:amd64.
#7 602.3 Preparing to unpack .../182-libhdf5-103-1_1.10.7+repack-4ubuntu2_amd64.deb ...
#7 602.3 Unpacking libhdf5-103-1:amd64 (1.10.7+repack-4ubuntu2) ...
#7 602.4 Selecting previously unselected package libhdf5-fortran-102:amd64.
#7 602.4 Preparing to unpack .../183-libhdf5-fortran-102_1.10.7+repack-4ubuntu2_amd64.deb ...
#7 602.4 Unpacking libhdf5-fortran-102:amd64 (1.10.7+repack-4ubuntu2) ...
#7 602.4 Selecting previously unselected package libhdf5-hl-100:amd64.
#7 602.4 Preparing to unpack .../184-libhdf5-hl-100_1.10.7+repack-4ubuntu2_amd64.deb ...
#7 602.4 Unpacking libhdf5-hl-100:amd64 (1.10.7+repack-4ubuntu2) ...
#7 602.5 Selecting previously unselected package libhdf5-hl-fortran-100:amd64.
#7 602.5 Preparing to unpack .../185-libhdf5-hl-fortran-100_1.10.7+repack-4ubuntu2_amd64.deb ...
#7 602.5 Unpacking libhdf5-hl-fortran-100:amd64 (1.10.7+repack-4ubuntu2) ...
#7 602.5 Selecting previously unselected package libhdf5-cpp-103-1:amd64.
#7 602.5 Preparing to unpack .../186-libhdf5-cpp-103-1_1.10.7+repack-4ubuntu2_amd64.deb ...
#7 602.5 Unpacking libhdf5-cpp-103-1:amd64 (1.10.7+repack-4ubuntu2) ...
#7 602.6 Selecting previously unselected package libhdf5-hl-cpp-100:amd64.
#7 602.6 Preparing to unpack .../187-libhdf5-hl-cpp-100_1.10.7+repack-4ubuntu2_amd64.deb ...
#7 602.6 Unpacking libhdf5-hl-cpp-100:amd64 (1.10.7+repack-4ubuntu2) ...
#7 602.6 Selecting previously unselected package libjpeg-turbo8-dev:amd64.
#7 602.6 Preparing to unpack .../188-libjpeg-turbo8-dev_2.1.2-0ubuntu1_amd64.deb ...
#7 602.6 Unpacking libjpeg-turbo8-dev:amd64 (2.1.2-0ubuntu1) ...
#7 602.7 Selecting previously unselected package libjpeg8-dev:amd64.
#7 602.7 Preparing to unpack .../189-libjpeg8-dev_8c-2ubuntu10_amd64.deb ...
#7 602.7 Unpacking libjpeg8-dev:amd64 (8c-2ubuntu10) ...
#7 602.7 Selecting previously unselected package libjpeg-dev:amd64.
#7 602.7 Preparing to unpack .../190-libjpeg-dev_8c-2ubuntu10_amd64.deb ...
#7 602.7 Unpacking libjpeg-dev:amd64 (8c-2ubuntu10) ...
#7 602.7 Selecting previously unselected package libaec-dev:amd64.
#7 602.7 Preparing to unpack .../191-libaec-dev_1.0.6-1_amd64.deb ...
#7 602.7 Unpacking libaec-dev:amd64 (1.0.6-1) ...
#7 602.8 Selecting previously unselected package libcurl4-openssl-dev:amd64.
#7 602.8 Preparing to unpack .../192-libcurl4-openssl-dev_7.81.0-1ubuntu1.25_amd64.deb ...
#7 602.8 Unpacking libcurl4-openssl-dev:amd64 (7.81.0-1ubuntu1.25) ...
#7 602.8 Selecting previously unselected package libhdf5-dev.
#7 602.8 Preparing to unpack .../193-libhdf5-dev_1.10.7+repack-4ubuntu2_amd64.deb ...
#7 602.8 Unpacking libhdf5-dev (1.10.7+repack-4ubuntu2) ...
#7 602.9 Selecting previously unselected package libsuperlu-dev:amd64.
#7 602.9 Preparing to unpack .../194-libsuperlu-dev_5.3.0+dfsg1-2_amd64.deb ...
#7 602.9 Unpacking libsuperlu-dev:amd64 (5.3.0+dfsg1-2) ...
#7 603.0 Selecting previously unselected package libarmadillo-dev.
#7 603.0 Preparing to unpack .../195-libarmadillo-dev_1%3a10.8.2+dfsg-1_amd64.deb ...
#7 603.0 Unpacking libarmadillo-dev (1:10.8.2+dfsg-1) ...
#7 603.1 Selecting previously unselected package libdraco4:amd64.
#7 603.1 Preparing to unpack .../196-libdraco4_1.5.2+dfsg-2_amd64.deb ...
#7 603.1 Unpacking libdraco4:amd64 (1.5.2+dfsg-2) ...
#7 603.2 Selecting previously unselected package libminizip1:amd64.
#7 603.2 Preparing to unpack .../197-libminizip1_1.1-8build1_amd64.deb ...
#7 603.2 Unpacking libminizip1:amd64 (1.1-8build1) ...
#7 603.2 Selecting previously unselected package libassimp5:amd64.
#7 603.2 Preparing to unpack .../198-libassimp5_5.2.2~ds0-1_amd64.deb ...
#7 603.2 Unpacking libassimp5:amd64 (5.2.2~ds0-1) ...
#7 603.3 Selecting previously unselected package libva2:amd64.
#7 603.3 Preparing to unpack .../199-libva2_2.14.0-1_amd64.deb ...
#7 603.3 Unpacking libva2:amd64 (2.14.0-1) ...
#7 603.4 Selecting previously unselected package libmfx1:amd64.
#7 603.4 Preparing to unpack .../200-libmfx1_22.3.0-1_amd64.deb ...
#7 603.4 Unpacking libmfx1:amd64 (22.3.0-1) ...
#7 603.5 Selecting previously unselected package libva-drm2:amd64.
#7 603.5 Preparing to unpack .../201-libva-drm2_2.14.0-1_amd64.deb ...
#7 603.5 Unpacking libva-drm2:amd64 (2.14.0-1) ...
#7 603.5 Selecting previously unselected package libva-x11-2:amd64.
#7 603.5 Preparing to unpack .../202-libva-x11-2_2.14.0-1_amd64.deb ...
#7 603.6 Unpacking libva-x11-2:amd64 (2.14.0-1) ...
#7 603.6 Selecting previously unselected package libvdpau1:amd64.
#7 603.6 Preparing to unpack .../203-libvdpau1_1.4-3build2_amd64.deb ...
#7 603.6 Unpacking libvdpau1:amd64 (1.4-3build2) ...
#7 603.6 Selecting previously unselected package ocl-icd-libopencl1:amd64.
#7 603.6 Preparing to unpack .../204-ocl-icd-libopencl1_2.2.14-3_amd64.deb ...
#7 603.6 Unpacking ocl-icd-libopencl1:amd64 (2.2.14-3) ...
#7 603.7 Selecting previously unselected package libavutil56:amd64.
#7 603.7 Preparing to unpack .../205-libavutil56_7%3a4.4.2-0ubuntu0.22.04.1_amd64.deb ...
#7 603.7 Unpacking libavutil56:amd64 (7:4.4.2-0ubuntu0.22.04.1) ...
#7 603.7 Selecting previously unselected package libcodec2-1.0:amd64.
#7 603.7 Preparing to unpack .../206-libcodec2-1.0_1.0.1-3_amd64.deb ...
#7 603.7 Unpacking libcodec2-1.0:amd64 (1.0.1-3) ...
#7 603.8 Selecting previously unselected package libdav1d5:amd64.
#7 603.9 Preparing to unpack .../207-libdav1d5_0.9.2-1_amd64.deb ...
#7 603.9 Unpacking libdav1d5:amd64 (0.9.2-1) ...
#7 603.9 Selecting previously unselected package libgsm1:amd64.
#7 603.9 Preparing to unpack .../208-libgsm1_1.0.19-1_amd64.deb ...
#7 603.9 Unpacking libgsm1:amd64 (1.0.19-1) ...
#7 603.9 Selecting previously unselected package libmp3lame0:amd64.
#7 604.0 Preparing to unpack .../209-libmp3lame0_3.100-3build2_amd64.deb ...
#7 604.0 Unpacking libmp3lame0:amd64 (3.100-3build2) ...
#7 604.0 Selecting previously unselected package libopenjp2-7:amd64.
#7 604.0 Preparing to unpack .../210-libopenjp2-7_2.4.0-6ubuntu0.5_amd64.deb ...
#7 604.0 Unpacking libopenjp2-7:amd64 (2.4.0-6ubuntu0.5) ...
#7 604.0 Selecting previously unselected package libopus0:amd64.
#7 604.1 Preparing to unpack .../211-libopus0_1.3.1-0.1build2_amd64.deb ...
#7 604.1 Unpacking libopus0:amd64 (1.3.1-0.1build2) ...
#7 604.1 Selecting previously unselected package libcairo-gobject2:amd64.
#7 604.1 Preparing to unpack .../212-libcairo-gobject2_1.16.0-5ubuntu2.1_amd64.deb ...
#7 604.1 Unpacking libcairo-gobject2:amd64 (1.16.0-5ubuntu2.1) ...
#7 604.1 Selecting previously unselected package libgdk-pixbuf2.0-common.
#7 604.1 Preparing to unpack .../213-libgdk-pixbuf2.0-common_2.42.8+dfsg-1ubuntu0.5_all.deb ...
#7 604.1 Unpacking libgdk-pixbuf2.0-common (2.42.8+dfsg-1ubuntu0.5) ...
#7 604.2 Selecting previously unselected package libgdk-pixbuf-2.0-0:amd64.
#7 604.2 Preparing to unpack .../214-libgdk-pixbuf-2.0-0_2.42.8+dfsg-1ubuntu0.5_amd64.deb ...
#7 604.2 Unpacking libgdk-pixbuf-2.0-0:amd64 (2.42.8+dfsg-1ubuntu0.5) ...
#7 604.2 Selecting previously unselected package librsvg2-2:amd64.
#7 604.2 Preparing to unpack .../215-librsvg2-2_2.52.5+dfsg-3ubuntu0.2_amd64.deb ...
#7 604.3 Unpacking librsvg2-2:amd64 (2.52.5+dfsg-3ubuntu0.2) ...
#7 604.3 Selecting previously unselected package libshine3:amd64.
#7 604.4 Preparing to unpack .../216-libshine3_3.1.1-2_amd64.deb ...
#7 604.4 Unpacking libshine3:amd64 (3.1.1-2) ...
#7 604.4 Selecting previously unselected package libsnappy1v5:amd64.
#7 604.4 Preparing to unpack .../217-libsnappy1v5_1.1.8-1build3_amd64.deb ...
#7 604.4 Unpacking libsnappy1v5:amd64 (1.1.8-1build3) ...
#7 604.4 Selecting previously unselected package libspeex1:amd64.
#7 604.4 Preparing to unpack .../218-libspeex1_1.2~rc1.2-1.1ubuntu3_amd64.deb ...
#7 604.4 Unpacking libspeex1:amd64 (1.2~rc1.2-1.1ubuntu3) ...
#7 604.5 Selecting previously unselected package libsoxr0:amd64.
#7 604.5 Preparing to unpack .../219-libsoxr0_0.1.3-4build2_amd64.deb ...
#7 604.5 Unpacking libsoxr0:amd64 (0.1.3-4build2) ...
#7 604.5 Selecting previously unselected package libswresample3:amd64.
#7 604.5 Preparing to unpack .../220-libswresample3_7%3a4.4.2-0ubuntu0.22.04.1_amd64.deb ...
#7 604.5 Unpacking libswresample3:amd64 (7:4.4.2-0ubuntu0.22.04.1) ...
#7 604.6 Selecting previously unselected package libogg0:amd64.
#7 604.6 Preparing to unpack .../221-libogg0_1.3.5-0ubuntu3_amd64.deb ...
#7 604.6 Unpacking libogg0:amd64 (1.3.5-0ubuntu3) ...
#7 604.6 Selecting previously unselected package libtheora0:amd64.
#7 604.6 Preparing to unpack .../222-libtheora0_1.1.1+dfsg.1-15ubuntu4_amd64.deb ...
#7 604.6 Unpacking libtheora0:amd64 (1.1.1+dfsg.1-15ubuntu4) ...
#7 604.7 Selecting previously unselected package libtwolame0:amd64.
#7 604.7 Preparing to unpack .../223-libtwolame0_0.4.0-2build2_amd64.deb ...
#7 604.7 Unpacking libtwolame0:amd64 (0.4.0-2build2) ...
#7 604.7 Selecting previously unselected package libvorbis0a:amd64.
#7 604.7 Preparing to unpack .../224-libvorbis0a_1.3.7-1build2_amd64.deb ...
#7 604.7 Unpacking libvorbis0a:amd64 (1.3.7-1build2) ...
#7 604.8 Selecting previously unselected package libvorbisenc2:amd64.
#7 604.8 Preparing to unpack .../225-libvorbisenc2_1.3.7-1build2_amd64.deb ...
#7 604.8 Unpacking libvorbisenc2:amd64 (1.3.7-1build2) ...
#7 604.8 Selecting previously unselected package libvpx7:amd64.
#7 604.8 Preparing to unpack .../226-libvpx7_1.11.0-2ubuntu2.5_amd64.deb ...
#7 604.8 Unpacking libvpx7:amd64 (1.11.0-2ubuntu2.5) ...
#7 604.9 Selecting previously unselected package libwebpmux3:amd64.
#7 604.9 Preparing to unpack .../227-libwebpmux3_1.2.2-2ubuntu0.22.04.2_amd64.deb ...
#7 604.9 Unpacking libwebpmux3:amd64 (1.2.2-2ubuntu0.22.04.2) ...
#7 604.9 Selecting previously unselected package libx264-163:amd64.
#7 604.9 Preparing to unpack .../228-libx264-163_2%3a0.163.3060+git5db6aa6-2build1_amd64.deb ...
#7 604.9 Unpacking libx264-163:amd64 (2:0.163.3060+git5db6aa6-2build1) ...
#7 605.0 Selecting previously unselected package libx265-199:amd64.
#7 605.0 Preparing to unpack .../229-libx265-199_3.5-2_amd64.deb ...
#7 605.0 Unpacking libx265-199:amd64 (3.5-2) ...
#7 605.1 Selecting previously unselected package libxvidcore4:amd64.
#7 605.1 Preparing to unpack .../230-libxvidcore4_2%3a1.3.7-1_amd64.deb ...
#7 605.1 Unpacking libxvidcore4:amd64 (2:1.3.7-1) ...
#7 605.1 Selecting previously unselected package libzvbi-common.
#7 605.2 Preparing to unpack .../231-libzvbi-common_0.2.35-19_all.deb ...
#7 605.2 Unpacking libzvbi-common (0.2.35-19) ...
#7 605.2 Selecting previously unselected package libzvbi0:amd64.
#7 605.2 Preparing to unpack .../232-libzvbi0_0.2.35-19_amd64.deb ...
#7 605.2 Unpacking libzvbi0:amd64 (0.2.35-19) ...
#7 605.2 Selecting previously unselected package libavcodec58:amd64.
#7 605.2 Preparing to unpack .../233-libavcodec58_7%3a4.4.2-0ubuntu0.22.04.1_amd64.deb ...
#7 605.3 Unpacking libavcodec58:amd64 (7:4.4.2-0ubuntu0.22.04.1) ...
#7 605.4 Selecting previously unselected package libavutil-dev:amd64.
#7 605.4 Preparing to unpack .../234-libavutil-dev_7%3a4.4.2-0ubuntu0.22.04.1_amd64.deb ...
#7 605.4 Unpacking libavutil-dev:amd64 (7:4.4.2-0ubuntu0.22.04.1) ...
#7 605.4 Selecting previously unselected package libswresample-dev:amd64.
#7 605.4 Preparing to unpack .../235-libswresample-dev_7%3a4.4.2-0ubuntu0.22.04.1_amd64.deb ...
#7 605.4 Unpacking libswresample-dev:amd64 (7:4.4.2-0ubuntu0.22.04.1) ...
#7 605.5 Selecting previously unselected package libavcodec-dev:amd64.
#7 605.5 Preparing to unpack .../236-libavcodec-dev_7%3a4.4.2-0ubuntu0.22.04.1_amd64.deb ...
#7 605.5 Unpacking libavcodec-dev:amd64 (7:4.4.2-0ubuntu0.22.04.1) ...
#7 605.6 Selecting previously unselected package libudfread0:amd64.
#7 605.7 Preparing to unpack .../237-libudfread0_1.1.2-1_amd64.deb ...
#7 605.7 Unpacking libudfread0:amd64 (1.1.2-1) ...
#7 605.7 Selecting previously unselected package libbluray2:amd64.
#7 605.7 Preparing to unpack .../238-libbluray2_1%3a1.3.1-1_amd64.deb ...
#7 605.7 Unpacking libbluray2:amd64 (1:1.3.1-1) ...
#7 605.7 Selecting previously unselected package libchromaprint1:amd64.
#7 605.7 Preparing to unpack .../239-libchromaprint1_1.5.1-2_amd64.deb ...
#7 605.8 Unpacking libchromaprint1:amd64 (1.5.1-2) ...
#7 605.8 Selecting previously unselected package libgme0:amd64.
#7 605.8 Preparing to unpack .../240-libgme0_0.6.3-2_amd64.deb ...
#7 605.8 Unpacking libgme0:amd64 (0.6.3-2) ...
#7 605.9 Selecting previously unselected package libmpg123-0:amd64.
#7 605.9 Preparing to unpack .../241-libmpg123-0_1.29.3-1ubuntu0.1_amd64.deb ...
#7 605.9 Unpacking libmpg123-0:amd64 (1.29.3-1ubuntu0.1) ...
#7 605.9 Selecting previously unselected package libvorbisfile3:amd64.
#7 605.9 Preparing to unpack .../242-libvorbisfile3_1.3.7-1build2_amd64.deb ...
#7 605.9 Unpacking libvorbisfile3:amd64 (1.3.7-1build2) ...
#7 605.9 Selecting previously unselected package libopenmpt0:amd64.
#7 606.0 Preparing to unpack .../243-libopenmpt0_0.6.1-1_amd64.deb ...
#7 606.0 Unpacking libopenmpt0:amd64 (0.6.1-1) ...
#7 606.0 Selecting previously unselected package librabbitmq4:amd64.
#7 606.0 Preparing to unpack .../244-librabbitmq4_0.10.0-1ubuntu2.1_amd64.deb ...
#7 606.0 Unpacking librabbitmq4:amd64 (0.10.0-1ubuntu2.1) ...
#7 606.1 Selecting previously unselected package libsrt1.4-gnutls:amd64.
#7 606.1 Preparing to unpack .../245-libsrt1.4-gnutls_1.4.4-4_amd64.deb ...
#7 606.1 Unpacking libsrt1.4-gnutls:amd64 (1.4.4-4) ...
#7 606.1 Selecting previously unselected package libssh-gcrypt-4:amd64.
#7 606.1 Preparing to unpack .../246-libssh-gcrypt-4_0.9.6-2ubuntu0.22.04.7_amd64.deb ...
#7 606.1 Unpacking libssh-gcrypt-4:amd64 (0.9.6-2ubuntu0.22.04.7) ...
#7 606.2 Selecting previously unselected package libnorm1:amd64.
#7 606.2 Preparing to unpack .../247-libnorm1_1.5.9+dfsg-2_amd64.deb ...
#7 606.2 Unpacking libnorm1:amd64 (1.5.9+dfsg-2) ...
#7 606.2 Selecting previously unselected package libpgm-5.3-0:amd64.
#7 606.2 Preparing to unpack .../248-libpgm-5.3-0_5.3.128~dfsg-2_amd64.deb ...
#7 606.2 Unpacking libpgm-5.3-0:amd64 (5.3.128~dfsg-2) ...
#7 606.3 Selecting previously unselected package libsodium23:amd64.
#7 606.3 Preparing to unpack .../249-libsodium23_1.0.18-1ubuntu0.22.04.1_amd64.deb ...
#7 606.3 Unpacking libsodium23:amd64 (1.0.18-1ubuntu0.22.04.1) ...
#7 606.4 Selecting previously unselected package libzmq5:amd64.
#7 606.4 Preparing to unpack .../250-libzmq5_4.3.4-2_amd64.deb ...
#7 606.4 Unpacking libzmq5:amd64 (4.3.4-2) ...
#7 606.4 Selecting previously unselected package libavformat58:amd64.
#7 606.4 Preparing to unpack .../251-libavformat58_7%3a4.4.2-0ubuntu0.22.04.1_amd64.deb ...
#7 606.4 Unpacking libavformat58:amd64 (7:4.4.2-0ubuntu0.22.04.1) ...
#7 606.5 Selecting previously unselected package libavformat-dev:amd64.
#7 606.5 Preparing to unpack .../252-libavformat-dev_7%3a4.4.2-0ubuntu0.22.04.1_amd64.deb ...
#7 606.5 Unpacking libavformat-dev:amd64 (7:4.4.2-0ubuntu0.22.04.1) ...
#7 606.5 Selecting previously unselected package libblosc1:amd64.
#7 606.5 Preparing to unpack .../253-libblosc1_1.21.1+ds2-2_amd64.deb ...
#7 606.6 Unpacking libblosc1:amd64 (1.21.1+ds2-2) ...
#7 606.6 Selecting previously unselected package libblosc-dev.
#7 606.6 Preparing to unpack .../254-libblosc-dev_1.21.1+ds2-2_amd64.deb ...
#7 606.6 Unpacking libblosc-dev (1.21.1+ds2-2) ...
#7 606.6 Selecting previously unselected package libboost1.74-dev:amd64.
#7 606.6 Preparing to unpack .../255-libboost1.74-dev_1.74.0-14ubuntu3_amd64.deb ...
#7 606.6 Unpacking libboost1.74-dev:amd64 (1.74.0-14ubuntu3) ...
#7 608.8 Selecting previously unselected package libboost-dev:amd64.
#7 608.8 Preparing to unpack .../256-libboost-dev_1.74.0.3ubuntu7_amd64.deb ...
#7 608.8 Unpacking libboost-dev:amd64 (1.74.0.3ubuntu7) ...
#7 608.9 Selecting previously unselected package libboost1.74-tools-dev.
#7 608.9 Preparing to unpack .../257-libboost1.74-tools-dev_1.74.0-14ubuntu3_amd64.deb ...
#7 608.9 Unpacking libboost1.74-tools-dev (1.74.0-14ubuntu3) ...
#7 609.0 Selecting previously unselected package libboost-tools-dev.
#7 609.0 Preparing to unpack .../258-libboost-tools-dev_1.74.0.3ubuntu7_amd64.deb ...
#7 609.0 Unpacking libboost-tools-dev (1.74.0.3ubuntu7) ...
#7 609.0 Selecting previously unselected package libboost-atomic1.74.0:amd64.
#7 609.0 Preparing to unpack .../259-libboost-atomic1.74.0_1.74.0-14ubuntu3_amd64.deb ...
#7 609.0 Unpacking libboost-atomic1.74.0:amd64 (1.74.0-14ubuntu3) ...
#7 609.1 Selecting previously unselected package libboost-atomic1.74-dev:amd64.
#7 609.1 Preparing to unpack .../260-libboost-atomic1.74-dev_1.74.0-14ubuntu3_amd64.deb ...
#7 609.1 Unpacking libboost-atomic1.74-dev:amd64 (1.74.0-14ubuntu3) ...
#7 609.1 Selecting previously unselected package libboost-atomic-dev:amd64.
#7 609.1 Preparing to unpack .../261-libboost-atomic-dev_1.74.0.3ubuntu7_amd64.deb ...
#7 609.1 Unpacking libboost-atomic-dev:amd64 (1.74.0.3ubuntu7) ...
#7 609.2 Selecting previously unselected package libboost-chrono1.74.0:amd64.
#7 609.2 Preparing to unpack .../262-libboost-chrono1.74.0_1.74.0-14ubuntu3_amd64.deb ...
#7 609.2 Unpacking libboost-chrono1.74.0:amd64 (1.74.0-14ubuntu3) ...
#7 609.2 Selecting previously unselected package libboost-chrono1.74-dev:amd64.
#7 609.2 Preparing to unpack .../263-libboost-chrono1.74-dev_1.74.0-14ubuntu3_amd64.deb ...
#7 609.2 Unpacking libboost-chrono1.74-dev:amd64 (1.74.0-14ubuntu3) ...
#7 609.3 Selecting previously unselected package libboost-chrono-dev:amd64.
#7 609.3 Preparing to unpack .../264-libboost-chrono-dev_1.74.0.3ubuntu7_amd64.deb ...
#7 609.3 Unpacking libboost-chrono-dev:amd64 (1.74.0.3ubuntu7) ...
#7 609.3 Selecting previously unselected package libboost-container1.74.0:amd64.
#7 609.3 Preparing to unpack .../265-libboost-container1.74.0_1.74.0-14ubuntu3_amd64.deb ...
#7 609.3 Unpacking libboost-container1.74.0:amd64 (1.74.0-14ubuntu3) ...
#7 609.4 Selecting previously unselected package libboost-container1.74-dev:amd64.
#7 609.4 Preparing to unpack .../266-libboost-container1.74-dev_1.74.0-14ubuntu3_amd64.deb ...
#7 609.4 Unpacking libboost-container1.74-dev:amd64 (1.74.0-14ubuntu3) ...
#7 609.5 Selecting previously unselected package libboost-container-dev:amd64.
#7 609.5 Preparing to unpack .../267-libboost-container-dev_1.74.0.3ubuntu7_amd64.deb ...
#7 609.5 Unpacking libboost-container-dev:amd64 (1.74.0.3ubuntu7) ...
#7 609.6 Selecting previously unselected package libboost-date-time1.74.0:amd64.
#7 609.6 Preparing to unpack .../268-libboost-date-time1.74.0_1.74.0-14ubuntu3_amd64.deb ...
#7 609.6 Unpacking libboost-date-time1.74.0:amd64 (1.74.0-14ubuntu3) ...
#7 609.6 Selecting previously unselected package libboost-serialization1.74.0:amd64.
#7 609.6 Preparing to unpack .../269-libboost-serialization1.74.0_1.74.0-14ubuntu3_amd64.deb ...
#7 609.6 Unpacking libboost-serialization1.74.0:amd64 (1.74.0-14ubuntu3) ...
#7 609.7 Selecting previously unselected package libboost-serialization1.74-dev:amd64.
#7 609.7 Preparing to unpack .../270-libboost-serialization1.74-dev_1.74.0-14ubuntu3_amd64.deb ...
#7 609.7 Unpacking libboost-serialization1.74-dev:amd64 (1.74.0-14ubuntu3) ...
#7 609.7 Selecting previously unselected package libboost-date-time1.74-dev:amd64.
#7 609.7 Preparing to unpack .../271-libboost-date-time1.74-dev_1.74.0-14ubuntu3_amd64.deb ...
#7 609.7 Unpacking libboost-date-time1.74-dev:amd64 (1.74.0-14ubuntu3) ...
#7 609.8 Selecting previously unselected package libboost-system1.74.0:amd64.
#7 609.8 Preparing to unpack .../272-libboost-system1.74.0_1.74.0-14ubuntu3_amd64.deb ...
#7 609.8 Unpacking libboost-system1.74.0:amd64 (1.74.0-14ubuntu3) ...
#7 609.8 Selecting previously unselected package libboost-system1.74-dev:amd64.
#7 609.8 Preparing to unpack .../273-libboost-system1.74-dev_1.74.0-14ubuntu3_amd64.deb ...
#7 609.8 Unpacking libboost-system1.74-dev:amd64 (1.74.0-14ubuntu3) ...
#7 609.9 Selecting previously unselected package libboost-thread1.74.0:amd64.
#7 609.9 Preparing to unpack .../274-libboost-thread1.74.0_1.74.0-14ubuntu3_amd64.deb ...
#7 609.9 Unpacking libboost-thread1.74.0:amd64 (1.74.0-14ubuntu3) ...
#7 609.9 Selecting previously unselected package libboost-thread1.74-dev:amd64.
#7 609.9 Preparing to unpack .../275-libboost-thread1.74-dev_1.74.0-14ubuntu3_amd64.deb ...
#7 609.9 Unpacking libboost-thread1.74-dev:amd64 (1.74.0-14ubuntu3) ...
#7 610.0 Selecting previously unselected package libboost-context1.74.0:amd64.
#7 610.0 Preparing to unpack .../276-libboost-context1.74.0_1.74.0-14ubuntu3_amd64.deb ...
#7 610.0 Unpacking libboost-context1.74.0:amd64 (1.74.0-14ubuntu3) ...
#7 610.0 Selecting previously unselected package libboost-context1.74-dev:amd64.
#7 610.0 Preparing to unpack .../277-libboost-context1.74-dev_1.74.0-14ubuntu3_amd64.deb ...
#7 610.0 Unpacking libboost-context1.74-dev:amd64 (1.74.0-14ubuntu3) ...
#7 610.1 Selecting previously unselected package libboost-context-dev:amd64.
#7 610.1 Preparing to unpack .../278-libboost-context-dev_1.74.0.3ubuntu7_amd64.deb ...
#7 610.1 Unpacking libboost-context-dev:amd64 (1.74.0.3ubuntu7) ...
#7 610.1 Selecting previously unselected package libboost-coroutine1.74.0:amd64.
#7 610.1 Preparing to unpack .../279-libboost-coroutine1.74.0_1.74.0-14ubuntu3_amd64.deb ...
#7 610.1 Unpacking libboost-coroutine1.74.0:amd64 (1.74.0-14ubuntu3) ...
#7 610.2 Selecting previously unselected package libboost-coroutine1.74-dev:amd64.
#7 610.2 Preparing to unpack .../280-libboost-coroutine1.74-dev_1.74.0-14ubuntu3_amd64.deb ...
#7 610.2 Unpacking libboost-coroutine1.74-dev:amd64 (1.74.0-14ubuntu3) ...
#7 610.2 Selecting previously unselected package libboost-coroutine-dev:amd64.
#7 610.2 Preparing to unpack .../281-libboost-coroutine-dev_1.74.0.3ubuntu7_amd64.deb ...
#7 610.2 Unpacking libboost-coroutine-dev:amd64 (1.74.0.3ubuntu7) ...
#7 610.3 Selecting previously unselected package libboost-date-time-dev:amd64.
#7 610.3 Preparing to unpack .../282-libboost-date-time-dev_1.74.0.3ubuntu7_amd64.deb ...
#7 610.3 Unpacking libboost-date-time-dev:amd64 (1.74.0.3ubuntu7) ...
#7 610.3 Selecting previously unselected package libboost-exception1.74-dev:amd64.
#7 610.3 Preparing to unpack .../283-libboost-exception1.74-dev_1.74.0-14ubuntu3_amd64.deb ...
#7 610.3 Unpacking libboost-exception1.74-dev:amd64 (1.74.0-14ubuntu3) ...
#7 610.4 Selecting previously unselected package libboost-exception-dev:amd64.
#7 610.4 Preparing to unpack .../284-libboost-exception-dev_1.74.0.3ubuntu7_amd64.deb ...
#7 610.4 Unpacking libboost-exception-dev:amd64 (1.74.0.3ubuntu7) ...
#7 610.4 Selecting previously unselected package libboost-filesystem1.74.0:amd64.
#7 610.4 Preparing to unpack .../285-libboost-filesystem1.74.0_1.74.0-14ubuntu3_amd64.deb ...
#7 610.4 Unpacking libboost-filesystem1.74.0:amd64 (1.74.0-14ubuntu3) ...
#7 610.5 Selecting previously unselected package libboost-filesystem1.74-dev:amd64.
#7 610.5 Preparing to unpack .../286-libboost-filesystem1.74-dev_1.74.0-14ubuntu3_amd64.deb ...
#7 610.5 Unpacking libboost-filesystem1.74-dev:amd64 (1.74.0-14ubuntu3) ...
#7 610.5 Selecting previously unselected package libboost-fiber1.74.0:amd64.
#7 610.5 Preparing to unpack .../287-libboost-fiber1.74.0_1.74.0-14ubuntu3_amd64.deb ...
#7 610.5 Unpacking libboost-fiber1.74.0:amd64 (1.74.0-14ubuntu3) ...
#7 610.6 Selecting previously unselected package libboost-fiber1.74-dev:amd64.
#7 610.6 Preparing to unpack .../288-libboost-fiber1.74-dev_1.74.0-14ubuntu3_amd64.deb ...
#7 610.6 Unpacking libboost-fiber1.74-dev:amd64 (1.74.0-14ubuntu3) ...
#7 610.6 Selecting previously unselected package libboost-fiber-dev:amd64.
#7 610.6 Preparing to unpack .../289-libboost-fiber-dev_1.74.0.3ubuntu7_amd64.deb ...
#7 610.6 Unpacking libboost-fiber-dev:amd64 (1.74.0.3ubuntu7) ...
#7 610.7 Selecting previously unselected package libboost-filesystem-dev:amd64.
#7 610.7 Preparing to unpack .../290-libboost-filesystem-dev_1.74.0.3ubuntu7_amd64.deb ...
#7 610.7 Unpacking libboost-filesystem-dev:amd64 (1.74.0.3ubuntu7) ...
#7 610.7 Selecting previously unselected package libboost-regex1.74.0:amd64.
#7 610.7 Preparing to unpack .../291-libboost-regex1.74.0_1.74.0-14ubuntu3_amd64.deb ...
#7 610.7 Unpacking libboost-regex1.74.0:amd64 (1.74.0-14ubuntu3) ...
#7 610.8 Selecting previously unselected package libboost-graph1.74.0:amd64.
#7 610.8 Preparing to unpack .../292-libboost-graph1.74.0_1.74.0-14ubuntu3_amd64.deb ...
#7 610.8 Unpacking libboost-graph1.74.0:amd64 (1.74.0-14ubuntu3) ...
#7 610.8 Selecting previously unselected package libicu-dev:amd64.
#7 610.8 Preparing to unpack .../293-libicu-dev_70.1-2_amd64.deb ...
#7 610.8 Unpacking libicu-dev:amd64 (70.1-2) ...
#7 611.1 Selecting previously unselected package libboost-regex1.74-dev:amd64.
#7 611.1 Preparing to unpack .../294-libboost-regex1.74-dev_1.74.0-14ubuntu3_amd64.deb ...
#7 611.1 Unpacking libboost-regex1.74-dev:amd64 (1.74.0-14ubuntu3) ...
#7 611.1 Selecting previously unselected package libboost-test1.74.0:amd64.
#7 611.1 Preparing to unpack .../295-libboost-test1.74.0_1.74.0-14ubuntu3_amd64.deb ...
#7 611.2 Unpacking libboost-test1.74.0:amd64 (1.74.0-14ubuntu3) ...
#7 611.2 Selecting previously unselected package libboost-test1.74-dev:amd64.
#7 611.2 Preparing to unpack .../296-libboost-test1.74-dev_1.74.0-14ubuntu3_amd64.deb ...
#7 611.2 Unpacking libboost-test1.74-dev:amd64 (1.74.0-14ubuntu3) ...
#7 611.3 Selecting previously unselected package libboost-graph1.74-dev:amd64.
#7 611.3 Preparing to unpack .../297-libboost-graph1.74-dev_1.74.0-14ubuntu3_amd64.deb ...
#7 611.3 Unpacking libboost-graph1.74-dev:amd64 (1.74.0-14ubuntu3) ...
#7 611.3 Selecting previously unselected package libboost-graph-dev:amd64.
#7 611.3 Preparing to unpack .../298-libboost-graph-dev_1.74.0.3ubuntu7_amd64.deb ...
#7 611.3 Unpacking libboost-graph-dev:amd64 (1.74.0.3ubuntu7) ...
#7 611.4 Selecting previously unselected package libevent-core-2.1-7:amd64.
#7 611.4 Preparing to unpack .../299-libevent-core-2.1-7_2.1.12-stable-1build3_amd64.deb ...
#7 611.4 Unpacking libevent-core-2.1-7:amd64 (2.1.12-stable-1build3) ...
#7 611.4 Selecting previously unselected package libevent-pthreads-2.1-7:amd64.
#7 611.4 Preparing to unpack .../300-libevent-pthreads-2.1-7_2.1.12-stable-1build3_amd64.deb ...
#7 611.4 Unpacking libevent-pthreads-2.1-7:amd64 (2.1.12-stable-1build3) ...
#7 611.5 Selecting previously unselected package libpsm-infinipath1.
#7 611.5 Preparing to unpack .../301-libpsm-infinipath1_3.3+20.604758e7-6.1_amd64.deb ...
#7 611.5 Unpacking libpsm-infinipath1 (3.3+20.604758e7-6.1) ...
#7 611.5 Selecting previously unselected package libpsm2-2.
#7 611.5 Preparing to unpack .../302-libpsm2-2_11.2.185-1_amd64.deb ...
#7 611.5 Unpacking libpsm2-2 (11.2.185-1) ...
#7 611.6 Selecting previously unselected package librdmacm1:amd64.
#7 611.6 Preparing to unpack .../303-librdmacm1_39.0-1_amd64.deb ...
#7 611.6 Unpacking librdmacm1:amd64 (39.0-1) ...
#7 611.6 Selecting previously unselected package libfabric1:amd64.
#7 611.6 Preparing to unpack .../304-libfabric1_1.11.0-3_amd64.deb ...
#7 611.7 Unpacking libfabric1:amd64 (1.11.0-3) ...
#7 611.7 Selecting previously unselected package libhwloc15:amd64.
#7 611.7 Preparing to unpack .../305-libhwloc15_2.7.0-2ubuntu1_amd64.deb ...
#7 611.7 Unpacking libhwloc15:amd64 (2.7.0-2ubuntu1) ...
#7 611.7 Selecting previously unselected package libxnvctrl0:amd64.
#7 611.8 Preparing to unpack .../306-libxnvctrl0_510.47.03-0ubuntu1.22.04.1_amd64.deb ...
#7 611.8 Unpacking libxnvctrl0:amd64 (510.47.03-0ubuntu1.22.04.1) ...
#7 611.8 Selecting previously unselected package libhwloc-plugins:amd64.
#7 611.8 Preparing to unpack .../307-libhwloc-plugins_2.7.0-2ubuntu1_amd64.deb ...
#7 611.8 Unpacking libhwloc-plugins:amd64 (2.7.0-2ubuntu1) ...
#7 611.8 Selecting previously unselected package libpmix2:amd64.
#7 611.8 Preparing to unpack .../308-libpmix2_4.1.2-2ubuntu1_amd64.deb ...
#7 611.8 Unpacking libpmix2:amd64 (4.1.2-2ubuntu1) ...
#7 611.9 Selecting previously unselected package libucx0:amd64.
#7 611.9 Preparing to unpack .../309-libucx0_1.12.1~rc2-1_amd64.deb ...
#7 611.9 Unpacking libucx0:amd64 (1.12.1~rc2-1) ...
#7 612.0 Selecting previously unselected package libopenmpi3:amd64.
#7 612.0 Preparing to unpack .../310-libopenmpi3_4.1.2-2ubuntu1_amd64.deb ...
#7 612.0 Unpacking libopenmpi3:amd64 (4.1.2-2ubuntu1) ...
#7 612.1 Selecting previously unselected package libboost-mpi1.74.0.
#7 612.1 Preparing to unpack .../311-libboost-mpi1.74.0_1.74.0-14ubuntu3_amd64.deb ...
#7 612.1 Unpacking libboost-mpi1.74.0 (1.74.0-14ubuntu3) ...
#7 612.1 Selecting previously unselected package libboost-graph-parallel1.74.0.
#7 612.1 Preparing to unpack .../312-libboost-graph-parallel1.74.0_1.74.0-14ubuntu3_amd64.deb ...
#7 612.1 Unpacking libboost-graph-parallel1.74.0 (1.74.0-14ubuntu3) ...
#7 612.2 Selecting previously unselected package libboost-graph-parallel1.74-dev.
#7 612.2 Preparing to unpack .../313-libboost-graph-parallel1.74-dev_1.74.0-14ubuntu3_amd64.deb ...
#7 612.2 Unpacking libboost-graph-parallel1.74-dev (1.74.0-14ubuntu3) ...
#7 612.2 Selecting previously unselected package libboost-graph-parallel-dev.
#7 612.2 Preparing to unpack .../314-libboost-graph-parallel-dev_1.74.0.3ubuntu7_amd64.deb ...
#7 612.2 Unpacking libboost-graph-parallel-dev (1.74.0.3ubuntu7) ...
#7 612.3 Selecting previously unselected package libboost-iostreams1.74.0:amd64.
#7 612.3 Preparing to unpack .../315-libboost-iostreams1.74.0_1.74.0-14ubuntu3_amd64.deb ...
#7 612.3 Unpacking libboost-iostreams1.74.0:amd64 (1.74.0-14ubuntu3) ...
#7 612.3 Selecting previously unselected package libboost-iostreams1.74-dev:amd64.
#7 612.3 Preparing to unpack .../316-libboost-iostreams1.74-dev_1.74.0-14ubuntu3_amd64.deb ...
#7 612.3 Unpacking libboost-iostreams1.74-dev:amd64 (1.74.0-14ubuntu3) ...
#7 612.4 Selecting previously unselected package libboost-iostreams-dev:amd64.
#7 612.4 Preparing to unpack .../317-libboost-iostreams-dev_1.74.0.3ubuntu7_amd64.deb ...
#7 612.4 Unpacking libboost-iostreams-dev:amd64 (1.74.0.3ubuntu7) ...
#7 612.4 Selecting previously unselected package libboost-locale1.74.0:amd64.
#7 612.4 Preparing to unpack .../318-libboost-locale1.74.0_1.74.0-14ubuntu3_amd64.deb ...
#7 612.4 Unpacking libboost-locale1.74.0:amd64 (1.74.0-14ubuntu3) ...
#7 612.5 Selecting previously unselected package libboost-locale1.74-dev:amd64.
#7 612.5 Preparing to unpack .../319-libboost-locale1.74-dev_1.74.0-14ubuntu3_amd64.deb ...
#7 612.5 Unpacking libboost-locale1.74-dev:amd64 (1.74.0-14ubuntu3) ...
#7 612.5 Selecting previously unselected package libboost-locale-dev:amd64.
#7 612.5 Preparing to unpack .../320-libboost-locale-dev_1.74.0.3ubuntu7_amd64.deb ...
#7 612.5 Unpacking libboost-locale-dev:amd64 (1.74.0.3ubuntu7) ...
#7 612.6 Selecting previously unselected package libboost-log1.74.0.
#7 612.6 Preparing to unpack .../321-libboost-log1.74.0_1.74.0-14ubuntu3_amd64.deb ...
#7 612.6 Unpacking libboost-log1.74.0 (1.74.0-14ubuntu3) ...
#7 612.6 Selecting previously unselected package libboost-log1.74-dev.
#7 612.6 Preparing to unpack .../322-libboost-log1.74-dev_1.74.0-14ubuntu3_amd64.deb ...
#7 612.6 Unpacking libboost-log1.74-dev (1.74.0-14ubuntu3) ...
#7 612.8 Selecting previously unselected package libboost-log-dev.
#7 612.8 Preparing to unpack .../323-libboost-log-dev_1.74.0.3ubuntu7_amd64.deb ...
#7 612.8 Unpacking libboost-log-dev (1.74.0.3ubuntu7) ...
#7 612.8 Selecting previously unselected package libboost-math1.74.0:amd64.
#7 612.8 Preparing to unpack .../324-libboost-math1.74.0_1.74.0-14ubuntu3_amd64.deb ...
#7 612.9 Unpacking libboost-math1.74.0:amd64 (1.74.0-14ubuntu3) ...
#7 612.9 Selecting previously unselected package libboost-math1.74-dev:amd64.
#7 612.9 Preparing to unpack .../325-libboost-math1.74-dev_1.74.0-14ubuntu3_amd64.deb ...
#7 612.9 Unpacking libboost-math1.74-dev:amd64 (1.74.0-14ubuntu3) ...
#7 613.0 Selecting previously unselected package libboost-math-dev:amd64.
#7 613.0 Preparing to unpack .../326-libboost-math-dev_1.74.0.3ubuntu7_amd64.deb ...
#7 613.0 Unpacking libboost-math-dev:amd64 (1.74.0.3ubuntu7) ...
#7 613.0 Selecting previously unselected package openmpi-common.
#7 613.0 Preparing to unpack .../327-openmpi-common_4.1.2-2ubuntu1_all.deb ...
#7 613.0 Unpacking openmpi-common (4.1.2-2ubuntu1) ...
#7 613.1 Selecting previously unselected package libnl-3-dev:amd64.
#7 613.1 Preparing to unpack .../328-libnl-3-dev_3.5.0-0.1_amd64.deb ...
#7 613.1 Unpacking libnl-3-dev:amd64 (3.5.0-0.1) ...
#7 613.1 Selecting previously unselected package libnl-route-3-dev:amd64.
#7 613.1 Preparing to unpack .../329-libnl-route-3-dev_3.5.0-0.1_amd64.deb ...
#7 613.1 Unpacking libnl-route-3-dev:amd64 (3.5.0-0.1) ...
#7 613.2 Selecting previously unselected package libibverbs-dev:amd64.
#7 613.2 Preparing to unpack .../330-libibverbs-dev_39.0-1_amd64.deb ...
#7 613.2 Unpacking libibverbs-dev:amd64 (39.0-1) ...
#7 613.2 Selecting previously unselected package libnuma-dev:amd64.
#7 613.3 Preparing to unpack .../331-libnuma-dev_2.0.14-3ubuntu2_amd64.deb ...
#7 613.3 Unpacking libnuma-dev:amd64 (2.0.14-3ubuntu2) ...
#7 613.3 Selecting previously unselected package libltdl-dev:amd64.
#7 613.3 Preparing to unpack .../332-libltdl-dev_2.4.6-15build2_amd64.deb ...
#7 613.3 Unpacking libltdl-dev:amd64 (2.4.6-15build2) ...
#7 613.4 Selecting previously unselected package libhwloc-dev:amd64.
#7 613.4 Preparing to unpack .../333-libhwloc-dev_2.7.0-2ubuntu1_amd64.deb ...
#7 613.4 Unpacking libhwloc-dev:amd64 (2.7.0-2ubuntu1) ...
#7 613.4 Selecting previously unselected package libevent-2.1-7:amd64.
#7 613.4 Preparing to unpack .../334-libevent-2.1-7_2.1.12-stable-1build3_amd64.deb ...
#7 613.4 Unpacking libevent-2.1-7:amd64 (2.1.12-stable-1build3) ...
#7 613.5 Selecting previously unselected package libevent-extra-2.1-7:amd64.
#7 613.5 Preparing to unpack .../335-libevent-extra-2.1-7_2.1.12-stable-1build3_amd64.deb ...
#7 613.5 Unpacking libevent-extra-2.1-7:amd64 (2.1.12-stable-1build3) ...
#7 613.5 Selecting previously unselected package libevent-openssl-2.1-7:amd64.
#7 613.5 Preparing to unpack .../336-libevent-openssl-2.1-7_2.1.12-stable-1build3_amd64.deb ...
#7 613.5 Unpacking libevent-openssl-2.1-7:amd64 (2.1.12-stable-1build3) ...
#7 613.6 Selecting previously unselected package libevent-dev.
#7 613.6 Preparing to unpack .../337-libevent-dev_2.1.12-stable-1build3_amd64.deb ...
#7 613.6 Unpacking libevent-dev (2.1.12-stable-1build3) ...
#7 613.6 Selecting previously unselected package libpmix-dev:amd64.
#7 613.6 Preparing to unpack .../338-libpmix-dev_4.1.2-2ubuntu1_amd64.deb ...
#7 613.6 Unpacking libpmix-dev:amd64 (4.1.2-2ubuntu1) ...
#7 613.7 Selecting previously unselected package libjs-jquery-ui.
#7 613.7 Preparing to unpack .../339-libjs-jquery-ui_1.13.1+dfsg-1_all.deb ...
#7 613.7 Unpacking libjs-jquery-ui (1.13.1+dfsg-1) ...
#7 613.8 Selecting previously unselected package openmpi-bin.
#7 613.8 Preparing to unpack .../340-openmpi-bin_4.1.2-2ubuntu1_amd64.deb ...
#7 613.8 Unpacking openmpi-bin (4.1.2-2ubuntu1) ...
#7 613.8 Selecting previously unselected package libopenmpi-dev:amd64.
#7 613.9 Preparing to unpack .../341-libopenmpi-dev_4.1.2-2ubuntu1_amd64.deb ...
#7 613.9 Unpacking libopenmpi-dev:amd64 (4.1.2-2ubuntu1) ...
#7 614.2 Selecting previously unselected package mpi-default-dev.
#7 614.2 Preparing to unpack .../342-mpi-default-dev_1.14_amd64.deb ...
#7 614.2 Unpacking mpi-default-dev (1.14) ...
#7 614.3 Selecting previously unselected package libboost-mpi1.74-dev.
#7 614.3 Preparing to unpack .../343-libboost-mpi1.74-dev_1.74.0-14ubuntu3_amd64.deb ...
#7 614.3 Unpacking libboost-mpi1.74-dev (1.74.0-14ubuntu3) ...
#7 614.3 Selecting previously unselected package libboost-mpi-dev.
#7 614.3 Preparing to unpack .../344-libboost-mpi-dev_1.74.0.3ubuntu7_amd64.deb ...
#7 614.3 Unpacking libboost-mpi-dev (1.74.0.3ubuntu7) ...
#7 614.4 Selecting previously unselected package libboost-python1.74.0.
#7 614.4 Preparing to unpack .../345-libboost-python1.74.0_1.74.0-14ubuntu3_amd64.deb ...
#7 614.4 Unpacking libboost-python1.74.0 (1.74.0-14ubuntu3) ...
#7 614.4 Selecting previously unselected package mpi-default-bin.
#7 614.4 Preparing to unpack .../346-mpi-default-bin_1.14_amd64.deb ...
#7 614.4 Unpacking mpi-default-bin (1.14) ...
#7 614.5 Selecting previously unselected package libboost-mpi-python1.74.0.
#7 614.5 Preparing to unpack .../347-libboost-mpi-python1.74.0_1.74.0-14ubuntu3_amd64.deb ...
#7 614.5 Unpacking libboost-mpi-python1.74.0 (1.74.0-14ubuntu3) ...
#7 614.5 Selecting previously unselected package libboost-mpi-python1.74-dev.
#7 614.5 Preparing to unpack .../348-libboost-mpi-python1.74-dev_1.74.0-14ubuntu3_amd64.deb ...
#7 614.5 Unpacking libboost-mpi-python1.74-dev (1.74.0-14ubuntu3) ...
#7 614.6 Selecting previously unselected package libboost-mpi-python-dev.
#7 614.6 Preparing to unpack .../349-libboost-mpi-python-dev_1.74.0.3ubuntu7_amd64.deb ...
#7 614.6 Unpacking libboost-mpi-python-dev (1.74.0.3ubuntu7) ...
#7 614.6 Selecting previously unselected package libboost-numpy1.74.0.
#7 614.6 Preparing to unpack .../350-libboost-numpy1.74.0_1.74.0-14ubuntu3_amd64.deb ...
#7 614.6 Unpacking libboost-numpy1.74.0 (1.74.0-14ubuntu3) ...
#7 614.7 Selecting previously unselected package libboost-numpy1.74-dev.
#7 614.7 Preparing to unpack .../351-libboost-numpy1.74-dev_1.74.0-14ubuntu3_amd64.deb ...
#7 614.7 Unpacking libboost-numpy1.74-dev (1.74.0-14ubuntu3) ...
#7 614.7 Selecting previously unselected package libboost-numpy-dev.
#7 614.7 Preparing to unpack .../352-libboost-numpy-dev_1.74.0.3ubuntu7_amd64.deb ...
#7 614.7 Unpacking libboost-numpy-dev (1.74.0.3ubuntu7) ...
#7 614.8 Selecting previously unselected package libboost-program-options1.74.0:amd64.
#7 614.8 Preparing to unpack .../353-libboost-program-options1.74.0_1.74.0-14ubuntu3_amd64.deb ...
#7 614.8 Unpacking libboost-program-options1.74.0:amd64 (1.74.0-14ubuntu3) ...
#7 614.8 Selecting previously unselected package libboost-program-options1.74-dev:amd64.
#7 614.8 Preparing to unpack .../354-libboost-program-options1.74-dev_1.74.0-14ubuntu3_amd64.deb ...
#7 614.8 Unpacking libboost-program-options1.74-dev:amd64 (1.74.0-14ubuntu3) ...
#7 614.9 Selecting previously unselected package libboost-program-options-dev:amd64.
#7 614.9 Preparing to unpack .../355-libboost-program-options-dev_1.74.0.3ubuntu7_amd64.deb ...
#7 614.9 Unpacking libboost-program-options-dev:amd64 (1.74.0.3ubuntu7) ...
#7 614.9 Selecting previously unselected package libboost-python1.74-dev.
#7 614.9 Preparing to unpack .../356-libboost-python1.74-dev_1.74.0-14ubuntu3_amd64.deb ...
#7 614.9 Unpacking libboost-python1.74-dev (1.74.0-14ubuntu3) ...
#7 615.0 Selecting previously unselected package libboost-python-dev.
#7 615.0 Preparing to unpack .../357-libboost-python-dev_1.74.0.3ubuntu7_amd64.deb ...
#7 615.0 Unpacking libboost-python-dev (1.74.0.3ubuntu7) ...
#7 615.0 Selecting previously unselected package libboost-random1.74.0:amd64.
#7 615.0 Preparing to unpack .../358-libboost-random1.74.0_1.74.0-14ubuntu3_amd64.deb ...
#7 615.0 Unpacking libboost-random1.74.0:amd64 (1.74.0-14ubuntu3) ...
#7 615.1 Selecting previously unselected package libboost-random1.74-dev:amd64.
#7 615.1 Preparing to unpack .../359-libboost-random1.74-dev_1.74.0-14ubuntu3_amd64.deb ...
#7 615.1 Unpacking libboost-random1.74-dev:amd64 (1.74.0-14ubuntu3) ...
#7 615.1 Selecting previously unselected package libboost-random-dev:amd64.
#7 615.1 Preparing to unpack .../360-libboost-random-dev_1.74.0.3ubuntu7_amd64.deb ...
#7 615.1 Unpacking libboost-random-dev:amd64 (1.74.0.3ubuntu7) ...
#7 615.2 Selecting previously unselected package libboost-regex-dev:amd64.
#7 615.2 Preparing to unpack .../361-libboost-regex-dev_1.74.0.3ubuntu7_amd64.deb ...
#7 615.2 Unpacking libboost-regex-dev:amd64 (1.74.0.3ubuntu7) ...
#7 615.2 Selecting previously unselected package libboost-serialization-dev:amd64.
#7 615.2 Preparing to unpack .../362-libboost-serialization-dev_1.74.0.3ubuntu7_amd64.deb ...
#7 615.2 Unpacking libboost-serialization-dev:amd64 (1.74.0.3ubuntu7) ...
#7 615.3 Selecting previously unselected package libboost-stacktrace1.74.0:amd64.
#7 615.3 Preparing to unpack .../363-libboost-stacktrace1.74.0_1.74.0-14ubuntu3_amd64.deb ...
#7 615.3 Unpacking libboost-stacktrace1.74.0:amd64 (1.74.0-14ubuntu3) ...
#7 615.3 Selecting previously unselected package libboost-stacktrace1.74-dev:amd64.
#7 615.3 Preparing to unpack .../364-libboost-stacktrace1.74-dev_1.74.0-14ubuntu3_amd64.deb ...
#7 615.3 Unpacking libboost-stacktrace1.74-dev:amd64 (1.74.0-14ubuntu3) ...
#7 615.4 Selecting previously unselected package libboost-stacktrace-dev:amd64.
#7 615.4 Preparing to unpack .../365-libboost-stacktrace-dev_1.74.0.3ubuntu7_amd64.deb ...
#7 615.4 Unpacking libboost-stacktrace-dev:amd64 (1.74.0.3ubuntu7) ...
#7 615.4 Selecting previously unselected package libboost-system-dev:amd64.
#7 615.4 Preparing to unpack .../366-libboost-system-dev_1.74.0.3ubuntu7_amd64.deb ...
#7 615.4 Unpacking libboost-system-dev:amd64 (1.74.0.3ubuntu7) ...
#7 615.5 Selecting previously unselected package libboost-test-dev:amd64.
#7 615.5 Preparing to unpack .../367-libboost-test-dev_1.74.0.3ubuntu7_amd64.deb ...
#7 615.5 Unpacking libboost-test-dev:amd64 (1.74.0.3ubuntu7) ...
#7 615.5 Selecting previously unselected package libboost-thread-dev:amd64.
#7 615.5 Preparing to unpack .../368-libboost-thread-dev_1.74.0.3ubuntu7_amd64.deb ...
#7 615.5 Unpacking libboost-thread-dev:amd64 (1.74.0.3ubuntu7) ...
#7 615.5 Selecting previously unselected package libboost-timer1.74.0:amd64.
#7 615.5 Preparing to unpack .../369-libboost-timer1.74.0_1.74.0-14ubuntu3_amd64.deb ...
#7 615.6 Unpacking libboost-timer1.74.0:amd64 (1.74.0-14ubuntu3) ...
#7 615.6 Selecting previously unselected package libboost-timer1.74-dev:amd64.
#7 615.6 Preparing to unpack .../370-libboost-timer1.74-dev_1.74.0-14ubuntu3_amd64.deb ...
#7 615.6 Unpacking libboost-timer1.74-dev:amd64 (1.74.0-14ubuntu3) ...
#7 615.6 Selecting previously unselected package libboost-timer-dev:amd64.
#7 615.7 Preparing to unpack .../371-libboost-timer-dev_1.74.0.3ubuntu7_amd64.deb ...
#7 615.7 Unpacking libboost-timer-dev:amd64 (1.74.0.3ubuntu7) ...
#7 615.7 Selecting previously unselected package libboost-type-erasure1.74.0:amd64.
#7 615.7 Preparing to unpack .../372-libboost-type-erasure1.74.0_1.74.0-14ubuntu3_amd64.deb ...
#7 615.7 Unpacking libboost-type-erasure1.74.0:amd64 (1.74.0-14ubuntu3) ...
#7 615.7 Selecting previously unselected package libboost-type-erasure1.74-dev:amd64.
#7 615.8 Preparing to unpack .../373-libboost-type-erasure1.74-dev_1.74.0-14ubuntu3_amd64.deb ...
#7 615.8 Unpacking libboost-type-erasure1.74-dev:amd64 (1.74.0-14ubuntu3) ...
#7 615.8 Selecting previously unselected package libboost-type-erasure-dev:amd64.
#7 615.8 Preparing to unpack .../374-libboost-type-erasure-dev_1.74.0.3ubuntu7_amd64.deb ...
#7 615.8 Unpacking libboost-type-erasure-dev:amd64 (1.74.0.3ubuntu7) ...
#7 615.8 Selecting previously unselected package libboost-wave1.74.0:amd64.
#7 615.9 Preparing to unpack .../375-libboost-wave1.74.0_1.74.0-14ubuntu3_amd64.deb ...
#7 615.9 Unpacking libboost-wave1.74.0:amd64 (1.74.0-14ubuntu3) ...
#7 615.9 Selecting previously unselected package libboost-wave1.74-dev:amd64.
#7 615.9 Preparing to unpack .../376-libboost-wave1.74-dev_1.74.0-14ubuntu3_amd64.deb ...
#7 615.9 Unpacking libboost-wave1.74-dev:amd64 (1.74.0-14ubuntu3) ...
#7 616.0 Selecting previously unselected package libboost-wave-dev:amd64.
#7 616.0 Preparing to unpack .../377-libboost-wave-dev_1.74.0.3ubuntu7_amd64.deb ...
#7 616.0 Unpacking libboost-wave-dev:amd64 (1.74.0.3ubuntu7) ...
#7 616.0 Selecting previously unselected package libboost-nowide1.74.0.
#7 616.0 Preparing to unpack .../378-libboost-nowide1.74.0_1.74.0-14ubuntu3_amd64.deb ...
#7 616.0 Unpacking libboost-nowide1.74.0 (1.74.0-14ubuntu3) ...
#7 616.1 Selecting previously unselected package libboost-nowide1.74-dev.
#7 616.1 Preparing to unpack .../379-libboost-nowide1.74-dev_1.74.0-14ubuntu3_amd64.deb ...
#7 616.1 Unpacking libboost-nowide1.74-dev (1.74.0-14ubuntu3) ...
#7 616.1 Selecting previously unselected package libboost-nowide-dev.
#7 616.1 Preparing to unpack .../380-libboost-nowide-dev_1.74.0.3ubuntu7_amd64.deb ...
#7 616.1 Unpacking libboost-nowide-dev (1.74.0.3ubuntu7) ...
#7 616.2 Selecting previously unselected package libboost-all-dev.
#7 616.2 Preparing to unpack .../381-libboost-all-dev_1.74.0.3ubuntu7_amd64.deb ...
#7 616.2 Unpacking libboost-all-dev (1.74.0.3ubuntu7) ...
#7 616.2 Selecting previously unselected package libbrotli-dev:amd64.
#7 616.2 Preparing to unpack .../382-libbrotli-dev_1.0.9-2build6_amd64.deb ...
#7 616.2 Unpacking libbrotli-dev:amd64 (1.0.9-2build6) ...
#7 616.3 Selecting previously unselected package libcfitsio9:amd64.
#7 616.3 Preparing to unpack .../383-libcfitsio9_4.0.0-1_amd64.deb ...
#7 616.3 Unpacking libcfitsio9:amd64 (4.0.0-1) ...
#7 616.3 Selecting previously unselected package libcfitsio-dev:amd64.
#7 616.3 Preparing to unpack .../384-libcfitsio-dev_4.0.0-1_amd64.deb ...
#7 616.3 Unpacking libcfitsio-dev:amd64 (4.0.0-1) ...
#7 616.4 Selecting previously unselected package libcharls2:amd64.
#7 616.4 Preparing to unpack .../385-libcharls2_2.3.4-1_amd64.deb ...
#7 616.4 Unpacking libcharls2:amd64 (2.3.4-1) ...
#7 616.4 Selecting previously unselected package libcharls-dev:amd64.
#7 616.5 Preparing to unpack .../386-libcharls-dev_2.3.4-1_amd64.deb ...
#7 616.5 Unpacking libcharls-dev:amd64 (2.3.4-1) ...
#7 616.5 Selecting previously unselected package libllvm14:amd64.
#7 616.5 Preparing to unpack .../387-libllvm14_1%3a14.0.0-1ubuntu1.1_amd64.deb ...
#7 616.5 Unpacking libllvm14:amd64 (1:14.0.0-1ubuntu1.1) ...
#7 617.4 Selecting previously unselected package libclang1-14.
#7 617.4 Preparing to unpack .../388-libclang1-14_1%3a14.0.0-1ubuntu1.1_amd64.deb ...
#7 617.4 Unpacking libclang1-14 (1:14.0.0-1ubuntu1.1) ...
#7 617.7 Selecting previously unselected package libdav1d-dev:amd64.
#7 617.7 Preparing to unpack .../389-libdav1d-dev_0.9.2-1_amd64.deb ...
#7 617.7 Unpacking libdav1d-dev:amd64 (0.9.2-1) ...
#7 618.1 Selecting previously unselected package libde265-0:amd64.
#7 618.2 Preparing to unpack .../390-libde265-0_1.0.8-1ubuntu0.3_amd64.deb ...
#7 618.2 Unpacking libde265-0:amd64 (1.0.8-1ubuntu0.3) ...
#7 618.2 Selecting previously unselected package libde265-dev:amd64.
#7 618.2 Preparing to unpack .../391-libde265-dev_1.0.8-1ubuntu0.3_amd64.deb ...
#7 618.2 Unpacking libde265-dev:amd64 (1.0.8-1ubuntu0.3) ...
#7 618.3 Selecting previously unselected package libdeflate-dev:amd64.
#7 618.3 Preparing to unpack .../392-libdeflate-dev_1.10-2_amd64.deb ...
#7 618.3 Unpacking libdeflate-dev:amd64 (1.10-2) ...
#7 618.3 Selecting previously unselected package libdraco-dev:amd64.
#7 618.3 Preparing to unpack .../393-libdraco-dev_1.5.2+dfsg-2_amd64.deb ...
#7 618.3 Unpacking libdraco-dev:amd64 (1.5.2+dfsg-2) ...
#7 618.4 Selecting previously unselected package libflann1.9:amd64.
#7 618.4 Preparing to unpack .../394-libflann1.9_1.9.1+dfsg-11_amd64.deb ...
#7 618.4 Unpacking libflann1.9:amd64 (1.9.1+dfsg-11) ...
#7 618.5 Selecting previously unselected package libhdf5-openmpi-103-1:amd64.
#7 618.5 Preparing to unpack .../395-libhdf5-openmpi-103-1_1.10.7+repack-4ubuntu2_amd64.deb ...
#7 618.5 Unpacking libhdf5-openmpi-103-1:amd64 (1.10.7+repack-4ubuntu2) ...
#7 618.5 Selecting previously unselected package libhdf5-openmpi-fortran-102:amd64.
#7 618.6 Preparing to unpack .../396-libhdf5-openmpi-fortran-102_1.10.7+repack-4ubuntu2_amd64.deb ...
#7 618.6 Unpacking libhdf5-openmpi-fortran-102:amd64 (1.10.7+repack-4ubuntu2) ...
#7 618.6 Selecting previously unselected package libhdf5-openmpi-hl-100:amd64.
#7 618.6 Preparing to unpack .../397-libhdf5-openmpi-hl-100_1.10.7+repack-4ubuntu2_amd64.deb ...
#7 618.6 Unpacking libhdf5-openmpi-hl-100:amd64 (1.10.7+repack-4ubuntu2) ...
#7 618.7 Selecting previously unselected package libhdf5-openmpi-hl-fortran-100:amd64.
#7 618.7 Preparing to unpack .../398-libhdf5-openmpi-hl-fortran-100_1.10.7+repack-4ubuntu2_amd64.deb ...
#7 618.7 Unpacking libhdf5-openmpi-hl-fortran-100:amd64 (1.10.7+repack-4ubuntu2) ...
#7 618.7 Selecting previously unselected package libhdf5-openmpi-cpp-103-1:amd64.
#7 618.7 Preparing to unpack .../399-libhdf5-openmpi-cpp-103-1_1.10.7+repack-4ubuntu2_amd64.deb ...
#7 618.7 Unpacking libhdf5-openmpi-cpp-103-1:amd64 (1.10.7+repack-4ubuntu2) ...
#7 618.8 Selecting previously unselected package libhdf5-openmpi-hl-cpp-100:amd64.
#7 618.8 Preparing to unpack .../400-libhdf5-openmpi-hl-cpp-100_1.10.7+repack-4ubuntu2_amd64.deb ...
#7 618.8 Unpacking libhdf5-openmpi-hl-cpp-100:amd64 (1.10.7+repack-4ubuntu2) ...
#7 618.8 Selecting previously unselected package libhdf5-openmpi-dev.
#7 618.8 Preparing to unpack .../401-libhdf5-openmpi-dev_1.10.7+repack-4ubuntu2_amd64.deb ...
#7 618.8 Unpacking libhdf5-openmpi-dev (1.10.7+repack-4ubuntu2) ...
#7 618.9 Selecting previously unselected package libhdf5-mpi-dev.
#7 618.9 Preparing to unpack .../402-libhdf5-mpi-dev_1.10.7+repack-4ubuntu2_amd64.deb ...
#7 618.9 Unpacking libhdf5-mpi-dev (1.10.7+repack-4ubuntu2) ...
#7 619.0 Selecting previously unselected package liblz4-dev:amd64.
#7 619.0 Preparing to unpack .../403-liblz4-dev_1.9.3-2build2_amd64.deb ...
#7 619.0 Unpacking liblz4-dev:amd64 (1.9.3-2build2) ...
#7 619.0 Selecting previously unselected package libflann-dev:amd64.
#7 619.0 Preparing to unpack .../404-libflann-dev_1.9.1+dfsg-11_amd64.deb ...
#7 619.0 Unpacking libflann-dev:amd64 (1.9.1+dfsg-11) ...
#7 619.1 Selecting previously unselected package libpng-dev:amd64.
#7 619.1 Preparing to unpack .../405-libpng-dev_1.6.37-3ubuntu0.5_amd64.deb ...
#7 619.1 Unpacking libpng-dev:amd64 (1.6.37-3ubuntu0.5) ...
#7 619.2 Selecting previously unselected package libfreetype-dev:amd64.
#7 619.2 Preparing to unpack .../406-libfreetype-dev_2.11.1+dfsg-1ubuntu0.3_amd64.deb ...
#7 619.2 Unpacking libfreetype-dev:amd64 (2.11.1+dfsg-1ubuntu0.3) ...
#7 619.2 Selecting previously unselected package libfreetype6-dev:amd64.
#7 619.2 Preparing to unpack .../407-libfreetype6-dev_2.11.1+dfsg-1ubuntu0.3_amd64.deb ...
#7 619.2 Unpacking libfreetype6-dev:amd64 (2.11.1+dfsg-1ubuntu0.3) ...
#7 619.3 Selecting previously unselected package uuid-dev:amd64.
#7 619.3 Preparing to unpack .../408-uuid-dev_2.37.2-4ubuntu3.5_amd64.deb ...
#7 619.3 Unpacking uuid-dev:amd64 (2.37.2-4ubuntu3.5) ...
#7 619.3 Selecting previously unselected package libfontconfig-dev:amd64.
#7 619.3 Preparing to unpack .../409-libfontconfig-dev_2.13.1-4.2ubuntu5_amd64.deb ...
#7 619.3 Unpacking libfontconfig-dev:amd64 (2.13.1-4.2ubuntu5) ...
#7 619.4 Selecting previously unselected package libfontconfig1-dev:amd64.
#7 619.4 Preparing to unpack .../410-libfontconfig1-dev_2.13.1-4.2ubuntu5_amd64.deb ...
#7 619.4 Unpacking libfontconfig1-dev:amd64 (2.13.1-4.2ubuntu5) ...
#7 619.4 Selecting previously unselected package libfontenc1:amd64.
#7 619.4 Preparing to unpack .../411-libfontenc1_1%3a1.1.4-1build3_amd64.deb ...
#7 619.4 Unpacking libfontenc1:amd64 (1:1.1.4-1build3) ...
#7 619.5 Selecting previously unselected package libfyba0:amd64.
#7 619.5 Preparing to unpack .../412-libfyba0_4.1.1-7_amd64.deb ...
#7 619.5 Unpacking libfyba0:amd64 (4.1.1-7) ...
#7 619.5 Selecting previously unselected package libfyba-dev:amd64.
#7 619.5 Preparing to unpack .../413-libfyba-dev_4.1.1-7_amd64.deb ...
#7 619.5 Unpacking libfyba-dev:amd64 (4.1.1-7) ...
#7 619.6 Selecting previously unselected package libfreexl1:amd64.
#7 619.6 Preparing to unpack .../414-libfreexl1_1.0.6-1_amd64.deb ...
#7 619.6 Unpacking libfreexl1:amd64 (1.0.6-1) ...
#7 619.6 Selecting previously unselected package libgeos3.10.2:amd64.
#7 619.6 Preparing to unpack .../415-libgeos3.10.2_3.10.2-1_amd64.deb ...
#7 619.6 Unpacking libgeos3.10.2:amd64 (3.10.2-1) ...
#7 619.7 Selecting previously unselected package libgeos-c1v5:amd64.
#7 619.7 Preparing to unpack .../416-libgeos-c1v5_3.10.2-1_amd64.deb ...
#7 619.7 Unpacking libgeos-c1v5:amd64 (3.10.2-1) ...
#7 619.8 Selecting previously unselected package proj-data.
#7 619.8 Preparing to unpack .../417-proj-data_8.2.1-1_all.deb ...
#7 619.8 Unpacking proj-data (8.2.1-1) ...
#7 619.9 Selecting previously unselected package libproj22:amd64.
#7 619.9 Preparing to unpack .../418-libproj22_8.2.1-1_amd64.deb ...
#7 619.9 Unpacking libproj22:amd64 (8.2.1-1) ...
#7 620.0 Selecting previously unselected package libgeotiff5:amd64.
#7 620.0 Preparing to unpack .../419-libgeotiff5_1.7.0-2build1_amd64.deb ...
#7 620.0 Unpacking libgeotiff5:amd64 (1.7.0-2build1) ...
#7 620.0 Selecting previously unselected package libhdf4-0-alt.
#7 620.1 Preparing to unpack .../420-libhdf4-0-alt_4.2.15-4_amd64.deb ...
#7 620.1 Unpacking libhdf4-0-alt (4.2.15-4) ...
#7 620.1 Selecting previously unselected package libheif1:amd64.
#7 620.1 Preparing to unpack .../421-libheif1_1.12.0-2build1_amd64.deb ...
#7 620.1 Unpacking libheif1:amd64 (1.12.0-2build1) ...
#7 620.2 Selecting previously unselected package liburiparser1:amd64.
#7 620.2 Preparing to unpack .../422-liburiparser1_0.9.6+dfsg-1_amd64.deb ...
#7 620.2 Unpacking liburiparser1:amd64 (0.9.6+dfsg-1) ...
#7 620.2 Selecting previously unselected package libkmlbase1:amd64.
#7 620.2 Preparing to unpack .../423-libkmlbase1_1.3.0-9_amd64.deb ...
#7 620.2 Unpacking libkmlbase1:amd64 (1.3.0-9) ...
#7 620.3 Selecting previously unselected package libkmldom1:amd64.
#7 620.3 Preparing to unpack .../424-libkmldom1_1.3.0-9_amd64.deb ...
#7 620.3 Unpacking libkmldom1:amd64 (1.3.0-9) ...
#7 620.3 Selecting previously unselected package libkmlengine1:amd64.
#7 620.3 Preparing to unpack .../425-libkmlengine1_1.3.0-9_amd64.deb ...
#7 620.3 Unpacking libkmlengine1:amd64 (1.3.0-9) ...
#7 620.4 Selecting previously unselected package libnetcdf19:amd64.
#7 620.4 Preparing to unpack .../426-libnetcdf19_1%3a4.8.1-1_amd64.deb ...
#7 620.4 Unpacking libnetcdf19:amd64 (1:4.8.1-1) ...
#7 620.4 Selecting previously unselected package libodbc2:amd64.
#7 620.4 Preparing to unpack .../427-libodbc2_2.3.9-5ubuntu0.1_amd64.deb ...
#7 620.4 Unpacking libodbc2:amd64 (2.3.9-5ubuntu0.1) ...
#7 620.5 Selecting previously unselected package unixodbc-common.
#7 620.5 Preparing to unpack .../428-unixodbc-common_2.3.9-5ubuntu0.1_all.deb ...
#7 620.5 Unpacking unixodbc-common (2.3.9-5ubuntu0.1) ...
#7 620.5 Selecting previously unselected package libodbcinst2:amd64.
#7 620.5 Preparing to unpack .../429-libodbcinst2_2.3.9-5ubuntu0.1_amd64.deb ...
#7 620.5 Unpacking libodbcinst2:amd64 (2.3.9-5ubuntu0.1) ...
#7 620.6 Selecting previously unselected package libogdi4.1.
#7 620.6 Preparing to unpack .../430-libogdi4.1_4.1.0+ds-5_amd64.deb ...
#7 620.6 Unpacking libogdi4.1 (4.1.0+ds-5) ...
#7 620.7 Selecting previously unselected package libpoppler118:amd64.
#7 620.7 Preparing to unpack .../431-libpoppler118_22.02.0-2ubuntu0.13_amd64.deb ...
#7 620.7 Unpacking libpoppler118:amd64 (22.02.0-2ubuntu0.13) ...
#7 620.7 Selecting previously unselected package libpq5:amd64.
#7 620.7 Preparing to unpack .../432-libpq5_14.23-0ubuntu0.22.04.1_amd64.deb ...
#7 620.7 Unpacking libpq5:amd64 (14.23-0ubuntu0.22.04.1) ...
#7 620.8 Selecting previously unselected package libqhull-r8.0:amd64.
#7 620.8 Preparing to unpack .../433-libqhull-r8.0_2020.2-4_amd64.deb ...
#7 620.8 Unpacking libqhull-r8.0:amd64 (2020.2-4) ...
#7 620.8 Selecting previously unselected package librttopo1:amd64.
#7 620.8 Preparing to unpack .../434-librttopo1_1.1.0-2_amd64.deb ...
#7 620.8 Unpacking librttopo1:amd64 (1.1.0-2) ...
#7 620.9 Selecting previously unselected package libspatialite7:amd64.
#7 620.9 Preparing to unpack .../435-libspatialite7_5.0.1-2build2_amd64.deb ...
#7 620.9 Unpacking libspatialite7:amd64 (5.0.1-2build2) ...
#7 621.0 Selecting previously unselected package libxerces-c3.2:amd64.
#7 621.0 Preparing to unpack .../436-libxerces-c3.2_3.2.3+debian-3ubuntu0.1_amd64.deb ...
#7 621.0 Unpacking libxerces-c3.2:amd64 (3.2.3+debian-3ubuntu0.1) ...
#7 621.1 Selecting previously unselected package libgdal30.
#7 621.1 Preparing to unpack .../437-libgdal30_3.4.1+dfsg-1build4_amd64.deb ...
#7 621.1 Unpacking libgdal30 (3.4.1+dfsg-1build4) ...
#7 621.2 Selecting previously unselected package libgeos-dev.
#7 621.2 Preparing to unpack .../438-libgeos-dev_3.10.2-1_amd64.deb ...
#7 621.2 Unpacking libgeos-dev (3.10.2-1) ...
#7 621.3 Selecting previously unselected package libgif-dev.
#7 621.3 Preparing to unpack .../439-libgif-dev_5.1.9-2ubuntu0.1_amd64.deb ...
#7 621.3 Unpacking libgif-dev (5.1.9-2ubuntu0.1) ...
#7 621.3 Selecting previously unselected package libgl2ps1.4.
#7 621.3 Preparing to unpack .../440-libgl2ps1.4_1.4.2+dfsg1-2_amd64.deb ...
#7 621.3 Unpacking libgl2ps1.4 (1.4.2+dfsg1-2) ...
#7 621.4 Selecting previously unselected package libgl2ps-dev.
#7 621.4 Preparing to unpack .../441-libgl2ps-dev_1.4.2+dfsg1-2_amd64.deb ...
#7 621.4 Unpacking libgl2ps-dev (1.4.2+dfsg1-2) ...
#7 621.4 Selecting previously unselected package libgles1:amd64.
#7 621.4 Preparing to unpack .../442-libgles1_1.4.0-1_amd64.deb ...
#7 621.4 Unpacking libgles1:amd64 (1.4.0-1) ...
#7 621.5 Selecting previously unselected package libgles2:amd64.
#7 621.5 Preparing to unpack .../443-libgles2_1.4.0-1_amd64.deb ...
#7 621.5 Unpacking libgles2:amd64 (1.4.0-1) ...
#7 621.5 Selecting previously unselected package libgles-dev:amd64.
#7 621.5 Preparing to unpack .../444-libgles-dev_1.4.0-1_amd64.deb ...
#7 621.5 Unpacking libgles-dev:amd64 (1.4.0-1) ...
#7 621.6 Selecting previously unselected package libglvnd-core-dev:amd64.
#7 621.6 Preparing to unpack .../445-libglvnd-core-dev_1.4.0-1_amd64.deb ...
#7 621.6 Unpacking libglvnd-core-dev:amd64 (1.4.0-1) ...
#7 621.6 Selecting previously unselected package libopengl-dev:amd64.
#7 621.6 Preparing to unpack .../446-libopengl-dev_1.4.0-1_amd64.deb ...
#7 621.6 Unpacking libopengl-dev:amd64 (1.4.0-1) ...
#7 621.7 Selecting previously unselected package libglvnd-dev:amd64.
#7 621.7 Preparing to unpack .../447-libglvnd-dev_1.4.0-1_amd64.deb ...
#7 621.7 Unpacking libglvnd-dev:amd64 (1.4.0-1) ...
#7 621.7 Selecting previously unselected package libgl1-mesa-dev:amd64.
#7 621.7 Preparing to unpack .../448-libgl1-mesa-dev_23.2.1-1ubuntu3.1~22.04.4_amd64.deb ...
#7 621.7 Unpacking libgl1-mesa-dev:amd64 (23.2.1-1ubuntu3.1~22.04.4) ...
#7 621.8 Selecting previously unselected package libglew2.2:amd64.
#7 621.8 Preparing to unpack .../449-libglew2.2_2.2.0-4_amd64.deb ...
#7 621.8 Unpacking libglew2.2:amd64 (2.2.0-4) ...
#7 621.8 Selecting previously unselected package libglew-dev:amd64.
#7 621.8 Preparing to unpack .../450-libglew-dev_2.2.0-4_amd64.deb ...
#7 621.8 Unpacking libglew-dev:amd64 (2.2.0-4) ...
#7 621.9 Selecting previously unselected package libx265-dev:amd64.
#7 621.9 Preparing to unpack .../451-libx265-dev_3.5-2_amd64.deb ...
#7 621.9 Unpacking libx265-dev:amd64 (3.5-2) ...
#7 622.0 Selecting previously unselected package libheif-dev:amd64.
#7 622.0 Preparing to unpack .../452-libheif-dev_1.12.0-2build1_amd64.deb ...
#7 622.0 Unpacking libheif-dev:amd64 (1.12.0-2build1) ...
#7 622.0 Selecting previously unselected package libice-dev:amd64.
#7 622.0 Preparing to unpack .../453-libice-dev_2%3a1.0.10-1build2_amd64.deb ...
#7 622.0 Unpacking libice-dev:amd64 (2:1.0.10-1build2) ...
#7 622.1 Selecting previously unselected package libignition-cmake2-dev:amd64.
#7 622.1 Preparing to unpack .../454-libignition-cmake2-dev_2.19.0-1~jammy_amd64.deb ...
#7 622.1 Unpacking libignition-cmake2-dev:amd64 (2.19.0-1~jammy) ...
#7 622.2 Selecting previously unselected package libkmlconvenience1:amd64.
#7 622.2 Preparing to unpack .../455-libkmlconvenience1_1.3.0-9_amd64.deb ...
#7 622.2 Unpacking libkmlconvenience1:amd64 (1.3.0-9) ...
#7 622.2 Selecting previously unselected package libkmlregionator1:amd64.
#7 622.2 Preparing to unpack .../456-libkmlregionator1_1.3.0-9_amd64.deb ...
#7 622.2 Unpacking libkmlregionator1:amd64 (1.3.0-9) ...
#7 622.3 Selecting previously unselected package libkmlxsd1:amd64.
#7 622.3 Preparing to unpack .../457-libkmlxsd1_1.3.0-9_amd64.deb ...
#7 622.3 Unpacking libkmlxsd1:amd64 (1.3.0-9) ...
#7 622.3 Selecting previously unselected package libminizip-dev:amd64.
#7 622.3 Preparing to unpack .../458-libminizip-dev_1.1-8build1_amd64.deb ...
#7 622.3 Unpacking libminizip-dev:amd64 (1.1-8build1) ...
#7 622.4 Selecting previously unselected package libnetcdf-c++4.
#7 622.4 Preparing to unpack .../459-libnetcdf-c++4_4.2-12build1_amd64.deb ...
#7 622.4 Unpacking libnetcdf-c++4 (4.2-12build1) ...
#7 622.4 Selecting previously unselected package libnetcdf-dev.
#7 622.4 Preparing to unpack .../460-libnetcdf-dev_1%3a4.8.1-1_amd64.deb ...
#7 622.4 Unpacking libnetcdf-dev (1:4.8.1-1) ...
#7 622.5 Selecting previously unselected package libnetcdf-cxx-legacy-dev.
#7 622.5 Preparing to unpack .../461-libnetcdf-cxx-legacy-dev_4.2-12build1_amd64.deb ...
#7 622.5 Unpacking libnetcdf-cxx-legacy-dev (4.2-12build1) ...
#7 622.5 Selecting previously unselected package liboctomap1.9:amd64.
#7 622.5 Preparing to unpack .../462-liboctomap1.9_1.9.7+dfsg-3_amd64.deb ...
#7 622.5 Unpacking liboctomap1.9:amd64 (1.9.7+dfsg-3) ...
#7 622.6 Selecting previously unselected package liboctomap-dev:amd64.
#7 622.6 Preparing to unpack .../463-liboctomap-dev_1.9.7+dfsg-3_amd64.deb ...
#7 622.6 Unpacking liboctomap-dev:amd64 (1.9.7+dfsg-3) ...
#7 622.7 Selecting previously unselected package libodbccr2:amd64.
#7 622.7 Preparing to unpack .../464-libodbccr2_2.3.9-5ubuntu0.1_amd64.deb ...
#7 622.7 Unpacking libodbccr2:amd64 (2.3.9-5ubuntu0.1) ...
#7 622.7 Selecting previously unselected package libogdi-dev.
#7 622.7 Preparing to unpack .../465-libogdi-dev_4.1.0+ds-5_amd64.deb ...
#7 622.7 Unpacking libogdi-dev (4.1.0+ds-5) ...
#7 622.8 Selecting previously unselected package libogg-dev:amd64.
#7 622.8 Preparing to unpack .../466-libogg-dev_1.3.5-0ubuntu3_amd64.deb ...
#7 622.8 Unpacking libogg-dev:amd64 (1.3.5-0ubuntu3) ...
#7 622.8 Selecting previously unselected package libopenni0.
#7 622.8 Preparing to unpack .../467-libopenni0_1.5.4.0+dfsg-5_amd64.deb ...
#7 622.8 Unpacking libopenni0 (1.5.4.0+dfsg-5) ...
#7 622.9 Selecting previously unselected package libopenni-dev:amd64.
#7 622.9 Preparing to unpack .../468-libopenni-dev_1.5.4.0+dfsg-5_amd64.deb ...
#7 622.9 Unpacking libopenni-dev:amd64 (1.5.4.0+dfsg-5) ...
#7 622.9 Selecting previously unselected package libopenni2-0:amd64.
#7 622.9 Preparing to unpack .../469-libopenni2-0_2.2.0.33+dfsg-15_amd64.deb ...
#7 622.9 Unpacking libopenni2-0:amd64 (2.2.0.33+dfsg-15) ...
#7 623.0 Selecting previously unselected package libopenni2-dev:amd64.
#7 623.0 Preparing to unpack .../470-libopenni2-dev_2.2.0.33+dfsg-15_amd64.deb ...
#7 623.0 Unpacking libopenni2-dev:amd64 (2.2.0.33+dfsg-15) ...
#7 623.1 Selecting previously unselected package libpcl-common1.12:amd64.
#7 623.1 Preparing to unpack .../471-libpcl-common1.12_1.12.1+dfsg-3build1_amd64.deb ...
#7 623.1 Unpacking libpcl-common1.12:amd64 (1.12.1+dfsg-3build1) ...
#7 623.1 Selecting previously unselected package libpcl-kdtree1.12:amd64.
#7 623.1 Preparing to unpack .../472-libpcl-kdtree1.12_1.12.1+dfsg-3build1_amd64.deb ...
#7 623.1 Unpacking libpcl-kdtree1.12:amd64 (1.12.1+dfsg-3build1) ...
#7 623.2 Selecting previously unselected package libpcl-octree1.12:amd64.
#7 623.2 Preparing to unpack .../473-libpcl-octree1.12_1.12.1+dfsg-3build1_amd64.deb ...
#7 623.2 Unpacking libpcl-octree1.12:amd64 (1.12.1+dfsg-3build1) ...
#7 623.2 Selecting previously unselected package libpcl-sample-consensus1.12:amd64.
#7 623.2 Preparing to unpack .../474-libpcl-sample-consensus1.12_1.12.1+dfsg-3build1_amd64.deb ...
#7 623.2 Unpacking libpcl-sample-consensus1.12:amd64 (1.12.1+dfsg-3build1) ...
#7 623.3 Selecting previously unselected package libpcl-search1.12:amd64.
#7 623.3 Preparing to unpack .../475-libpcl-search1.12_1.12.1+dfsg-3build1_amd64.deb ...
#7 623.3 Unpacking libpcl-search1.12:amd64 (1.12.1+dfsg-3build1) ...
#7 623.4 Selecting previously unselected package libpcl-filters1.12:amd64.
#7 623.4 Preparing to unpack .../476-libpcl-filters1.12_1.12.1+dfsg-3build1_amd64.deb ...
#7 623.4 Unpacking libpcl-filters1.12:amd64 (1.12.1+dfsg-3build1) ...
#7 623.4 Selecting previously unselected package libpcl-features1.12:amd64.
#7 623.4 Preparing to unpack .../477-libpcl-features1.12_1.12.1+dfsg-3build1_amd64.deb ...
#7 623.5 Unpacking libpcl-features1.12:amd64 (1.12.1+dfsg-3build1) ...
#7 623.6 Selecting previously unselected package libpcl-ml1.12:amd64.
#7 623.6 Preparing to unpack .../478-libpcl-ml1.12_1.12.1+dfsg-3build1_amd64.deb ...
#7 623.6 Unpacking libpcl-ml1.12:amd64 (1.12.1+dfsg-3build1) ...
#7 623.6 Selecting previously unselected package libpcl-segmentation1.12:amd64.
#7 623.7 Preparing to unpack .../479-libpcl-segmentation1.12_1.12.1+dfsg-3build1_amd64.deb ...
#7 623.7 Unpacking libpcl-segmentation1.12:amd64 (1.12.1+dfsg-3build1) ...
#7 623.7 Selecting previously unselected package libtbbmalloc2:amd64.
#7 623.7 Preparing to unpack .../480-libtbbmalloc2_2021.5.0-7ubuntu2_amd64.deb ...
#7 623.7 Unpacking libtbbmalloc2:amd64 (2021.5.0-7ubuntu2) ...
#7 623.8 Selecting previously unselected package libtbb12:amd64.
#7 623.8 Preparing to unpack .../481-libtbb12_2021.5.0-7ubuntu2_amd64.deb ...
#7 623.8 Unpacking libtbb12:amd64 (2021.5.0-7ubuntu2) ...
#7 623.8 Selecting previously unselected package libtcl8.6:amd64.
#7 623.8 Preparing to unpack .../482-libtcl8.6_8.6.12+dfsg-1build1_amd64.deb ...
#7 623.9 Unpacking libtcl8.6:amd64 (8.6.12+dfsg-1build1) ...
#7 623.9 Selecting previously unselected package libxft2:amd64.
#7 623.9 Preparing to unpack .../483-libxft2_2.3.4-1_amd64.deb ...
#7 624.0 Unpacking libxft2:amd64 (2.3.4-1) ...
#7 624.0 Selecting previously unselected package libxss1:amd64.
#7 624.0 Preparing to unpack .../484-libxss1_1%3a1.2.3-1build2_amd64.deb ...
#7 624.0 Unpacking libxss1:amd64 (1:1.2.3-1build2) ...
#7 624.0 Selecting previously unselected package libtk8.6:amd64.
#7 624.1 Preparing to unpack .../485-libtk8.6_8.6.12-1build1_amd64.deb ...
#7 624.1 Unpacking libtk8.6:amd64 (8.6.12-1build1) ...
#7 624.1 Selecting previously unselected package libvtk9.1:amd64.
#7 624.1 Preparing to unpack .../486-libvtk9.1_9.1.0+really9.1.0+dfsg2-3build1_amd64.deb ...
#7 624.1 Unpacking libvtk9.1:amd64 (9.1.0+really9.1.0+dfsg2-3build1) ...
#7 624.6 Selecting previously unselected package libpcl-surface1.12:amd64.
#7 624.6 Preparing to unpack .../487-libpcl-surface1.12_1.12.1+dfsg-3build1_amd64.deb ...
#7 624.6 Unpacking libpcl-surface1.12:amd64 (1.12.1+dfsg-3build1) ...
#7 624.7 Selecting previously unselected package libpcl-apps1.12:amd64.
#7 624.7 Preparing to unpack .../488-libpcl-apps1.12_1.12.1+dfsg-3build1_amd64.deb ...
#7 624.7 Unpacking libpcl-apps1.12:amd64 (1.12.1+dfsg-3build1) ...
#7 624.8 Selecting previously unselected package libpcl-io1.12:amd64.
#7 624.8 Preparing to unpack .../489-libpcl-io1.12_1.12.1+dfsg-3build1_amd64.deb ...
#7 624.8 Unpacking libpcl-io1.12:amd64 (1.12.1+dfsg-3build1) ...
#7 624.8 Selecting previously unselected package libpcl-keypoints1.12:amd64.
#7 624.8 Preparing to unpack .../490-libpcl-keypoints1.12_1.12.1+dfsg-3build1_amd64.deb ...
#7 624.8 Unpacking libpcl-keypoints1.12:amd64 (1.12.1+dfsg-3build1) ...
#7 624.9 Selecting previously unselected package libpcl-outofcore1.12:amd64.
#7 624.9 Preparing to unpack .../491-libpcl-outofcore1.12_1.12.1+dfsg-3build1_amd64.deb ...
#7 624.9 Unpacking libpcl-outofcore1.12:amd64 (1.12.1+dfsg-3build1) ...
#7 624.9 Selecting previously unselected package libpcl-people1.12:amd64.
#7 624.9 Preparing to unpack .../492-libpcl-people1.12_1.12.1+dfsg-3build1_amd64.deb ...
#7 624.9 Unpacking libpcl-people1.12:amd64 (1.12.1+dfsg-3build1) ...
#7 625.0 Selecting previously unselected package libpcl-recognition1.12:amd64.
#7 625.0 Preparing to unpack .../493-libpcl-recognition1.12_1.12.1+dfsg-3build1_amd64.deb ...
#7 625.0 Unpacking libpcl-recognition1.12:amd64 (1.12.1+dfsg-3build1) ...
#7 625.0 Selecting previously unselected package libpcl-registration1.12:amd64.
#7 625.1 Preparing to unpack .../494-libpcl-registration1.12_1.12.1+dfsg-3build1_amd64.deb ...
#7 625.1 Unpacking libpcl-registration1.12:amd64 (1.12.1+dfsg-3build1) ...
#7 625.1 Selecting previously unselected package libpcl-stereo1.12:amd64.
#7 625.1 Preparing to unpack .../495-libpcl-stereo1.12_1.12.1+dfsg-3build1_amd64.deb ...
#7 625.1 Unpacking libpcl-stereo1.12:amd64 (1.12.1+dfsg-3build1) ...
#7 625.2 Selecting previously unselected package libpcl-tracking1.12:amd64.
#7 625.2 Preparing to unpack .../496-libpcl-tracking1.12_1.12.1+dfsg-3build1_amd64.deb ...
#7 625.2 Unpacking libpcl-tracking1.12:amd64 (1.12.1+dfsg-3build1) ...
#7 625.2 Selecting previously unselected package libpcl-visualization1.12:amd64.
#7 625.2 Preparing to unpack .../497-libpcl-visualization1.12_1.12.1+dfsg-3build1_amd64.deb ...
#7 625.2 Unpacking libpcl-visualization1.12:amd64 (1.12.1+dfsg-3build1) ...
#7 625.3 Selecting previously unselected package libpcre2-32-0:amd64.
#7 625.3 Preparing to unpack .../498-libpcre2-32-0_10.39-3ubuntu0.1_amd64.deb ...
#7 625.3 Unpacking libpcre2-32-0:amd64 (10.39-3ubuntu0.1) ...
#7 625.3 Selecting previously unselected package libpcre2-posix3:amd64.
#7 625.3 Preparing to unpack .../499-libpcre2-posix3_10.39-3ubuntu0.1_amd64.deb ...
#7 625.3 Unpacking libpcre2-posix3:amd64 (10.39-3ubuntu0.1) ...
#7 625.4 Selecting previously unselected package libpcre2-dev:amd64.
#7 625.4 Preparing to unpack .../500-libpcre2-dev_10.39-3ubuntu0.1_amd64.deb ...
#7 625.4 Unpacking libpcre2-dev:amd64 (10.39-3ubuntu0.1) ...
#7 625.4 Selecting previously unselected package libpoppler-dev:amd64.
#7 625.5 Preparing to unpack .../501-libpoppler-dev_22.02.0-2ubuntu0.13_amd64.deb ...
#7 625.5 Unpacking libpoppler-dev:amd64 (22.02.0-2ubuntu0.13) ...
#7 625.5 Selecting previously unselected package libpoppler-private-dev:amd64.
#7 625.5 Preparing to unpack .../502-libpoppler-private-dev_22.02.0-2ubuntu0.13_amd64.deb ...
#7 625.5 Unpacking libpoppler-private-dev:amd64 (22.02.0-2ubuntu0.13) ...
#7 625.6 Selecting previously unselected package libpq-dev.
#7 625.6 Preparing to unpack .../503-libpq-dev_14.23-0ubuntu0.22.04.1_amd64.deb ...
#7 625.6 Unpacking libpq-dev (14.23-0ubuntu0.22.04.1) ...
#7 625.6 Selecting previously unselected package libqhull8.0:amd64.
#7 625.6 Preparing to unpack .../504-libqhull8.0_2020.2-4_amd64.deb ...
#7 625.6 Unpacking libqhull8.0:amd64 (2020.2-4) ...
#7 625.7 Selecting previously unselected package libqhullcpp8.0:amd64.
#7 625.7 Preparing to unpack .../505-libqhullcpp8.0_2020.2-4_amd64.deb ...
#7 625.7 Unpacking libqhullcpp8.0:amd64 (2020.2-4) ...
#7 625.7 Selecting previously unselected package libqhull-dev:amd64.
#7 625.7 Preparing to unpack .../506-libqhull-dev_2020.2-4_amd64.deb ...
#7 625.7 Unpacking libqhull-dev:amd64 (2020.2-4) ...
#7 625.8 Selecting previously unselected package libqt5designer5:amd64.
#7 625.8 Preparing to unpack .../507-libqt5designer5_5.15.3-1_amd64.deb ...
#7 625.8 Unpacking libqt5designer5:amd64 (5.15.3-1) ...
#7 625.9 Selecting previously unselected package libqt5designercomponents5:amd64.
#7 625.9 Preparing to unpack .../508-libqt5designercomponents5_5.15.3-1_amd64.deb ...
#7 625.9 Unpacking libqt5designercomponents5:amd64 (5.15.3-1) ...
#7 625.9 Selecting previously unselected package libqt5help5:amd64.
#7 625.9 Preparing to unpack .../509-libqt5help5_5.15.3-1_amd64.deb ...
#7 625.9 Unpacking libqt5help5:amd64 (5.15.3-1) ...
#7 626.0 Selecting previously unselected package libqt5opengl5:amd64.
#7 626.0 Preparing to unpack .../510-libqt5opengl5_5.15.3+dfsg-2ubuntu0.2_amd64.deb ...
#7 626.0 Unpacking libqt5opengl5:amd64 (5.15.3+dfsg-2ubuntu0.2) ...
#7 626.0 Selecting previously unselected package libqt5opengl5-dev:amd64.
#7 626.0 Preparing to unpack .../511-libqt5opengl5-dev_5.15.3+dfsg-2ubuntu0.2_amd64.deb ...
#7 626.0 Unpacking libqt5opengl5-dev:amd64 (5.15.3+dfsg-2ubuntu0.2) ...
#7 626.1 Selecting previously unselected package libqt5sql5-sqlite:amd64.
#7 626.1 Preparing to unpack .../512-libqt5sql5-sqlite_5.15.3+dfsg-2ubuntu0.2_amd64.deb ...
#7 626.1 Unpacking libqt5sql5-sqlite:amd64 (5.15.3+dfsg-2ubuntu0.2) ...
#7 626.1 Selecting previously unselected package librttopo-dev:amd64.
#7 626.1 Preparing to unpack .../513-librttopo-dev_1.1.0-2_amd64.deb ...
#7 626.1 Unpacking librttopo-dev:amd64 (1.1.0-2) ...
#7 626.2 Selecting previously unselected package libsm-dev:amd64.
#7 626.2 Preparing to unpack .../514-libsm-dev_2%3a1.2.3-1build2_amd64.deb ...
#7 626.2 Unpacking libsm-dev:amd64 (2:1.2.3-1build2) ...
#7 626.2 Selecting previously unselected package libswscale5:amd64.
#7 626.2 Preparing to unpack .../515-libswscale5_7%3a4.4.2-0ubuntu0.22.04.1_amd64.deb ...
#7 626.3 Unpacking libswscale5:amd64 (7:4.4.2-0ubuntu0.22.04.1) ...
#7 626.3 Selecting previously unselected package libswscale-dev:amd64.
#7 626.3 Preparing to unpack .../516-libswscale-dev_7%3a4.4.2-0ubuntu0.22.04.1_amd64.deb ...
#7 626.3 Unpacking libswscale-dev:amd64 (7:4.4.2-0ubuntu0.22.04.1) ...
#7 626.3 Selecting previously unselected package libtheora-dev:amd64.
#7 626.3 Preparing to unpack .../517-libtheora-dev_1.1.1+dfsg.1-15ubuntu4_amd64.deb ...
#7 626.3 Unpacking libtheora-dev:amd64 (1.1.1+dfsg.1-15ubuntu4) ...
#7 626.4 Selecting previously unselected package libjbig-dev:amd64.
#7 626.4 Preparing to unpack .../518-libjbig-dev_2.1-3.1ubuntu0.22.04.1_amd64.deb ...
#7 626.4 Unpacking libjbig-dev:amd64 (2.1-3.1ubuntu0.22.04.1) ...
#7 626.4 Selecting previously unselected package liblzma-dev:amd64.
#7 626.4 Preparing to unpack .../519-liblzma-dev_5.2.5-2ubuntu1.1_amd64.deb ...
#7 626.4 Unpacking liblzma-dev:amd64 (5.2.5-2ubuntu1.1) ...
#7 626.5 Selecting previously unselected package libtiffxx5:amd64.
#7 626.5 Preparing to unpack .../520-libtiffxx5_4.3.0-6ubuntu0.13_amd64.deb ...
#7 626.5 Unpacking libtiffxx5:amd64 (4.3.0-6ubuntu0.13) ...
#7 626.5 Selecting previously unselected package libtiff-dev:amd64.
#7 626.5 Preparing to unpack .../521-libtiff-dev_4.3.0-6ubuntu0.13_amd64.deb ...
#7 626.6 Unpacking libtiff-dev:amd64 (4.3.0-6ubuntu0.13) ...
#7 626.6 Selecting previously unselected package liburiparser-dev.
#7 626.6 Preparing to unpack .../522-liburiparser-dev_0.9.6+dfsg-1_amd64.deb ...
#7 626.6 Unpacking liburiparser-dev (0.9.6+dfsg-1) ...
#7 626.6 Selecting previously unselected package libusb-1.0-0-dev:amd64.
#7 626.6 Preparing to unpack .../523-libusb-1.0-0-dev_2%3a1.0.25-1ubuntu2_amd64.deb ...
#7 626.7 Unpacking libusb-1.0-0-dev:amd64 (2:1.0.25-1ubuntu2) ...
#7 626.7 Selecting previously unselected package libutfcpp-dev:amd64.
#7 626.7 Preparing to unpack .../524-libutfcpp-dev_3.2.1-2_amd64.deb ...
#7 626.7 Unpacking libutfcpp-dev:amd64 (3.2.1-2) ...
#7 626.7 Selecting previously unselected package libdouble-conversion-dev:amd64.
#7 626.8 Preparing to unpack .../525-libdouble-conversion-dev_3.1.7-4_amd64.deb ...
#7 626.8 Unpacking libdouble-conversion-dev:amd64 (3.1.7-4) ...
#7 626.8 Selecting previously unselected package libfreexl-dev:amd64.
#7 626.8 Preparing to unpack .../526-libfreexl-dev_1.0.6-1_amd64.deb ...
#7 626.8 Unpacking libfreexl-dev:amd64 (1.0.6-1) ...
#7 626.8 Selecting previously unselected package libproj-dev:amd64.
#7 626.9 Preparing to unpack .../527-libproj-dev_8.2.1-1_amd64.deb ...
#7 626.9 Unpacking libproj-dev:amd64 (8.2.1-1) ...
#7 626.9 Selecting previously unselected package libgeotiff-dev:amd64.
#7 626.9 Preparing to unpack .../528-libgeotiff-dev_1.7.0-2build1_amd64.deb ...
#7 626.9 Unpacking libgeotiff-dev:amd64 (1.7.0-2build1) ...
#7 627.0 Selecting previously unselected package libhdf4-alt-dev.
#7 627.0 Preparing to unpack .../529-libhdf4-alt-dev_4.2.15-4_amd64.deb ...
#7 627.0 Unpacking libhdf4-alt-dev (4.2.15-4) ...
#7 627.0 Selecting previously unselected package libjson-c-dev:amd64.
#7 627.1 Preparing to unpack .../530-libjson-c-dev_0.15-3~ubuntu1.22.04.2_amd64.deb ...
#7 627.1 Unpacking libjson-c-dev:amd64 (0.15-3~ubuntu1.22.04.2) ...
#7 627.1 Selecting previously unselected package libkml-dev:amd64.
#7 627.1 Preparing to unpack .../531-libkml-dev_1.3.0-9_amd64.deb ...
#7 627.1 Unpacking libkml-dev:amd64 (1.3.0-9) ...
#7 627.2 Selecting previously unselected package libopenjp2-7-dev:amd64.
#7 627.2 Preparing to unpack .../532-libopenjp2-7-dev_2.4.0-6ubuntu0.5_amd64.deb ...
#7 627.2 Unpacking libopenjp2-7-dev:amd64 (2.4.0-6ubuntu0.5) ...
#7 627.2 Selecting previously unselected package libxml2-dev:amd64.
#7 627.2 Preparing to unpack .../533-libxml2-dev_2.9.13+dfsg-1ubuntu0.12_amd64.deb ...
#7 627.2 Unpacking libxml2-dev:amd64 (2.9.13+dfsg-1ubuntu0.12) ...
#7 627.3 Selecting previously unselected package libspatialite-dev:amd64.
#7 627.3 Preparing to unpack .../534-libspatialite-dev_5.0.1-2build2_amd64.deb ...
#7 627.3 Unpacking libspatialite-dev:amd64 (5.0.1-2build2) ...
#7 627.4 Selecting previously unselected package libwebpdemux2:amd64.
#7 627.4 Preparing to unpack .../535-libwebpdemux2_1.2.2-2ubuntu0.22.04.2_amd64.deb ...
#7 627.4 Unpacking libwebpdemux2:amd64 (1.2.2-2ubuntu0.22.04.2) ...
#7 627.5 Selecting previously unselected package libwebp-dev:amd64.
#7 627.5 Preparing to unpack .../536-libwebp-dev_1.2.2-2ubuntu0.22.04.2_amd64.deb ...
#7 627.5 Unpacking libwebp-dev:amd64 (1.2.2-2ubuntu0.22.04.2) ...
#7 627.5 Selecting previously unselected package libxerces-c-dev:amd64.
#7 627.5 Preparing to unpack .../537-libxerces-c-dev_3.2.3+debian-3ubuntu0.1_amd64.deb ...
#7 627.5 Unpacking libxerces-c-dev:amd64 (3.2.3+debian-3ubuntu0.1) ...
#7 627.7 Selecting previously unselected package unixodbc-dev:amd64.
#7 627.7 Preparing to unpack .../538-unixodbc-dev_2.3.9-5ubuntu0.1_amd64.deb ...
#7 627.7 Unpacking unixodbc-dev:amd64 (2.3.9-5ubuntu0.1) ...
#7 627.7 Selecting previously unselected package libgdal-dev.
#7 627.7 Preparing to unpack .../539-libgdal-dev_3.4.1+dfsg-1build4_amd64.deb ...
#7 627.8 Unpacking libgdal-dev (3.4.1+dfsg-1build4) ...
#7 628.0 Selecting previously unselected package libjsoncpp-dev:amd64.
#7 628.0 Preparing to unpack .../540-libjsoncpp-dev_1.9.5-3_amd64.deb ...
#7 628.0 Unpacking libjsoncpp-dev:amd64 (1.9.5-3) ...
#7 628.1 Selecting previously unselected package libtbb-dev:amd64.
#7 628.1 Preparing to unpack .../541-libtbb-dev_2021.5.0-7ubuntu2_amd64.deb ...
#7 628.1 Unpacking libtbb-dev:amd64 (2021.5.0-7ubuntu2) ...
#7 628.1 Selecting previously unselected package libvtk9.1-qt:amd64.
#7 628.1 Preparing to unpack .../542-libvtk9.1-qt_9.1.0+really9.1.0+dfsg2-3build1_amd64.deb ...
#7 628.1 Unpacking libvtk9.1-qt:amd64 (9.1.0+really9.1.0+dfsg2-3build1) ...
#7 628.2 Selecting previously unselected package libvtk9-java.
#7 628.2 Preparing to unpack .../543-libvtk9-java_9.1.0+really9.1.0+dfsg2-3build1_amd64.deb ...
#7 628.2 Unpacking libvtk9-java (9.1.0+really9.1.0+dfsg2-3build1) ...
#7 628.4 Selecting previously unselected package libxrender-dev:amd64.
#7 628.4 Preparing to unpack .../544-libxrender-dev_1%3a0.9.10-1build4_amd64.deb ...
#7 628.4 Unpacking libxrender-dev:amd64 (1:0.9.10-1build4) ...
#7 628.4 Selecting previously unselected package libxft-dev:amd64.
#7 628.4 Preparing to unpack .../545-libxft-dev_2.3.4-1_amd64.deb ...
#7 628.4 Unpacking libxft-dev:amd64 (2.3.4-1) ...
#7 628.4 Selecting previously unselected package libxss-dev:amd64.
#7 628.5 Preparing to unpack .../546-libxss-dev_1%3a1.2.3-1build2_amd64.deb ...
#7 628.5 Unpacking libxss-dev:amd64 (1:1.2.3-1build2) ...
#7 628.5 Selecting previously unselected package libxt-dev:amd64.
#7 628.5 Preparing to unpack .../547-libxt-dev_1%3a1.2.1-1_amd64.deb ...
#7 628.5 Unpacking libxt-dev:amd64 (1:1.2.1-1) ...
#7 628.6 Selecting previously unselected package python3-mpi4py.
#7 628.6 Preparing to unpack .../548-python3-mpi4py_3.1.3-1build2_amd64.deb ...
#7 628.6 Unpacking python3-mpi4py (3.1.3-1build2) ...
#7 628.6 Selecting previously unselected package python3-vtk9.
#7 628.6 Preparing to unpack .../549-python3-vtk9_9.1.0+really9.1.0+dfsg2-3build1_amd64.deb ...
#7 628.6 Unpacking python3-vtk9 (9.1.0+really9.1.0+dfsg2-3build1) ...
#7 628.9 Selecting previously unselected package tcl8.6.
#7 628.9 Preparing to unpack .../550-tcl8.6_8.6.12+dfsg-1build1_amd64.deb ...
#7 628.9 Unpacking tcl8.6 (8.6.12+dfsg-1build1) ...
#7 628.9 Selecting previously unselected package tcl8.6-dev:amd64.
#7 628.9 Preparing to unpack .../551-tcl8.6-dev_8.6.12+dfsg-1build1_amd64.deb ...
#7 628.9 Unpacking tcl8.6-dev:amd64 (8.6.12+dfsg-1build1) ...
#7 629.0 Selecting previously unselected package tcl.
#7 629.0 Preparing to unpack .../552-tcl_8.6.11+1build2_amd64.deb ...
#7 629.0 Unpacking tcl (8.6.11+1build2) ...
#7 629.1 Selecting previously unselected package tcl-dev:amd64.
#7 629.1 Preparing to unpack .../553-tcl-dev_8.6.11+1build2_amd64.deb ...
#7 629.1 Unpacking tcl-dev:amd64 (8.6.11+1build2) ...
#7 629.1 Selecting previously unselected package tk8.6.
#7 629.1 Preparing to unpack .../554-tk8.6_8.6.12-1build1_amd64.deb ...
#7 629.1 Unpacking tk8.6 (8.6.12-1build1) ...
#7 629.2 Selecting previously unselected package tk8.6-dev:amd64.
#7 629.2 Preparing to unpack .../555-tk8.6-dev_8.6.12-1build1_amd64.deb ...
#7 629.2 Unpacking tk8.6-dev:amd64 (8.6.12-1build1) ...
#7 629.2 Selecting previously unselected package tk.
#7 629.2 Preparing to unpack .../556-tk_8.6.11+1build2_amd64.deb ...
#7 629.2 Unpacking tk (8.6.11+1build2) ...
#7 629.3 Selecting previously unselected package tk-dev:amd64.
#7 629.3 Preparing to unpack .../557-tk-dev_8.6.11+1build2_amd64.deb ...
#7 629.3 Unpacking tk-dev:amd64 (8.6.11+1build2) ...
#7 629.3 Selecting previously unselected package vtk9.
#7 629.3 Preparing to unpack .../558-vtk9_9.1.0+really9.1.0+dfsg2-3build1_amd64.deb ...
#7 629.3 Unpacking vtk9 (9.1.0+really9.1.0+dfsg2-3build1) ...
#7 629.4 Selecting previously unselected package libvtk9-dev.
#7 629.4 Preparing to unpack .../559-libvtk9-dev_9.1.0+really9.1.0+dfsg2-3build1_amd64.deb ...
#7 629.4 Unpacking libvtk9-dev (9.1.0+really9.1.0+dfsg2-3build1) ...
#7 629.9 Selecting previously unselected package qdoc-qt5.
#7 629.9 Preparing to unpack .../560-qdoc-qt5_5.15.3-1_amd64.deb ...
#7 629.9 Unpacking qdoc-qt5 (5.15.3-1) ...
#7 630.0 Selecting previously unselected package qhelpgenerator-qt5.
#7 630.0 Preparing to unpack .../561-qhelpgenerator-qt5_5.15.3-1_amd64.deb ...
#7 630.0 Unpacking qhelpgenerator-qt5 (5.15.3-1) ...
#7 630.0 Selecting previously unselected package qt5-assistant.
#7 630.0 Preparing to unpack .../562-qt5-assistant_5.15.3-1_amd64.deb ...
#7 630.0 Unpacking qt5-assistant (5.15.3-1) ...
#7 630.1 Selecting previously unselected package qtattributionsscanner-qt5.
#7 630.1 Preparing to unpack .../563-qtattributionsscanner-qt5_5.15.3-1_amd64.deb ...
#7 630.1 Unpacking qtattributionsscanner-qt5 (5.15.3-1) ...
#7 630.1 Selecting previously unselected package qttools5-dev-tools.
#7 630.1 Preparing to unpack .../564-qttools5-dev-tools_5.15.3-1_amd64.deb ...
#7 630.1 Unpacking qttools5-dev-tools (5.15.3-1) ...
#7 630.2 Selecting previously unselected package qttools5-dev:amd64.
#7 630.2 Preparing to unpack .../565-qttools5-dev_5.15.3-1_amd64.deb ...
#7 630.2 Unpacking qttools5-dev:amd64 (5.15.3-1) ...
#7 630.3 Selecting previously unselected package qttools5-private-dev:amd64.
#7 630.3 Preparing to unpack .../566-qttools5-private-dev_5.15.3-1_amd64.deb ...
#7 630.3 Unpacking qttools5-private-dev:amd64 (5.15.3-1) ...
#7 630.3 Selecting previously unselected package libvtk9-qt-dev:amd64.
#7 630.3 Preparing to unpack .../567-libvtk9-qt-dev_9.1.0+really9.1.0+dfsg2-3build1_amd64.deb ...
#7 630.4 Unpacking libvtk9-qt-dev:amd64 (9.1.0+really9.1.0+dfsg2-3build1) ...
#7 630.4 Selecting previously unselected package libwayland-egl1:amd64.
#7 630.4 Preparing to unpack .../568-libwayland-egl1_1.20.0-1ubuntu0.1_amd64.deb ...
#7 630.4 Unpacking libwayland-egl1:amd64 (1.20.0-1ubuntu0.1) ...
#7 630.4 Selecting previously unselected package libxmu-headers.
#7 630.5 Preparing to unpack .../569-libxmu-headers_2%3a1.1.3-3_all.deb ...
#7 630.5 Unpacking libxmu-headers (2:1.1.3-3) ...
#7 630.5 Selecting previously unselected package libxmu-dev:amd64.
#7 630.5 Preparing to unpack .../570-libxmu-dev_2%3a1.1.3-3_amd64.deb ...
#7 630.5 Unpacking libxmu-dev:amd64 (2:1.1.3-3) ...
#7 630.6 Selecting previously unselected package libxpm-dev:amd64.
#7 630.6 Preparing to unpack .../571-libxpm-dev_1%3a3.5.12-1ubuntu0.22.04.2_amd64.deb ...
#7 630.6 Unpacking libxpm-dev:amd64 (1:3.5.12-1ubuntu0.22.04.2) ...
#7 630.6 Selecting previously unselected package libxaw7-dev:amd64.
#7 630.6 Preparing to unpack .../572-libxaw7-dev_2%3a1.0.14-1_amd64.deb ...
#7 630.6 Unpacking libxaw7-dev:amd64 (2:1.0.14-1) ...
#7 630.7 Selecting previously unselected package libxcomposite1:amd64.
#7 630.7 Preparing to unpack .../573-libxcomposite1_1%3a0.4.5-1build2_amd64.deb ...
#7 630.7 Unpacking libxcomposite1:amd64 (1:0.4.5-1build2) ...
#7 630.7 Selecting previously unselected package libxinerama1:amd64.
#7 630.7 Preparing to unpack .../574-libxinerama1_2%3a1.1.4-3_amd64.deb ...
#7 630.7 Unpacking libxinerama1:amd64 (2:1.1.4-3) ...
#7 630.8 Selecting previously unselected package libxkbfile1:amd64.
#7 630.8 Preparing to unpack .../575-libxkbfile1_1%3a1.1.0-1build3_amd64.deb ...
#7 630.8 Unpacking libxkbfile1:amd64 (1:1.1.0-1build3) ...
#7 630.8 Selecting previously unselected package libxrandr2:amd64.
#7 630.8 Preparing to unpack .../576-libxrandr2_2%3a1.5.2-1build1_amd64.deb ...
#7 630.8 Unpacking libxrandr2:amd64 (2:1.5.2-1build1) ...
#7 630.9 Selecting previously unselected package libxrandr-dev:amd64.
#7 630.9 Preparing to unpack .../577-libxrandr-dev_2%3a1.5.2-1build1_amd64.deb ...
#7 630.9 Unpacking libxrandr-dev:amd64 (2:1.5.2-1build1) ...
#7 630.9 Selecting previously unselected package libxv1:amd64.
#7 630.9 Preparing to unpack .../578-libxv1_2%3a1.0.11-1build2_amd64.deb ...
#7 630.9 Unpacking libxv1:amd64 (2:1.0.11-1build2) ...
#7 631.0 Selecting previously unselected package libxxf86dga1:amd64.
#7 631.0 Preparing to unpack .../579-libxxf86dga1_2%3a1.1.5-0ubuntu3_amd64.deb ...
#7 631.0 Unpacking libxxf86dga1:amd64 (2:1.1.5-0ubuntu3) ...
#7 631.0 Selecting previously unselected package mesa-utils-bin:amd64.
#7 631.0 Preparing to unpack .../580-mesa-utils-bin_8.4.0-1ubuntu1_amd64.deb ...
#7 631.0 Unpacking mesa-utils-bin:amd64 (8.4.0-1ubuntu1) ...
#7 631.1 Selecting previously unselected package ninja-build.
#7 631.1 Preparing to unpack .../581-ninja-build_1.10.1-1_amd64.deb ...
#7 631.1 Unpacking ninja-build (1.10.1-1) ...
#7 631.1 Selecting previously unselected package python3-wheel.
#7 631.1 Preparing to unpack .../582-python3-wheel_0.37.1-2ubuntu0.22.04.1_all.deb ...
#7 631.1 Unpacking python3-wheel (0.37.1-2ubuntu0.22.04.1) ...
#7 631.2 Selecting previously unselected package python3-pip.
#7 631.2 Preparing to unpack .../583-python3-pip_22.0.2+dfsg-1ubuntu0.7_all.deb ...
#7 631.2 Unpacking python3-pip (22.0.2+dfsg-1ubuntu0.7) ...
#7 631.3 Selecting previously unselected package ros-humble-ignition-cmake2-vendor.
#7 631.4 Preparing to unpack .../584-ros-humble-ignition-cmake2-vendor_0.0.2-2jammy.20260304.200630_amd64.deb ...
#7 631.4 Unpacking ros-humble-ignition-cmake2-vendor (0.0.2-2jammy.20260304.200630) ...
#7 631.4 Selecting previously unselected package libignition-math6:amd64.
#7 631.4 Preparing to unpack .../585-libignition-math6_6.16.0-1~jammy_amd64.deb ...
#7 631.4 Unpacking libignition-math6:amd64 (6.16.0-1~jammy) ...
#7 631.5 Selecting previously unselected package libignition-math6-dev:amd64.
#7 631.5 Preparing to unpack .../586-libignition-math6-dev_6.16.0-1~jammy_amd64.deb ...
#7 631.5 Unpacking libignition-math6-dev:amd64 (6.16.0-1~jammy) ...
#7 631.5 Selecting previously unselected package ros-humble-ignition-math6-vendor.
#7 631.5 Preparing to unpack .../587-ros-humble-ignition-math6-vendor_0.0.2-2jammy.20260304.200852_amd64.deb ...
#7 631.5 Unpacking ros-humble-ignition-math6-vendor (0.0.2-2jammy.20260304.200852) ...
#7 631.6 Selecting previously unselected package ros-humble-image-transport.
#7 631.6 Preparing to unpack .../588-ros-humble-image-transport_3.1.13-1jammy.20260605.160640_amd64.deb ...
#7 631.6 Unpacking ros-humble-image-transport (3.1.13-1jammy.20260605.160640) ...
#7 631.7 Selecting previously unselected package ros-humble-interactive-markers.
#7 631.7 Preparing to unpack .../589-ros-humble-interactive-markers_2.3.2-2jammy.20260605.164625_amd64.deb ...
#7 631.7 Unpacking ros-humble-interactive-markers (2.3.2-2jammy.20260605.164625) ...
#7 631.7 Selecting previously unselected package ros-humble-laser-geometry.
#7 631.7 Preparing to unpack .../590-ros-humble-laser-geometry_2.4.1-1jammy.20260605.151049_amd64.deb ...
#7 631.7 Unpacking ros-humble-laser-geometry (2.4.1-1jammy.20260605.151049) ...
#7 631.8 Preparing to unpack .../591-ros-humble-launch-ros_0.19.13-1jammy.20260605.140440_amd64.deb ...
#7 631.8 Unpacking ros-humble-launch-ros (0.19.13-1jammy.20260605.140440) over (0.19.13-1jammy.20260421.071810) ...
#7 632.1 Selecting previously unselected package ros-humble-libcurl-vendor.
#7 632.1 Preparing to unpack .../592-ros-humble-libcurl-vendor_3.1.3-1jammy.20260304.090502_amd64.deb ...
#7 632.1 Unpacking ros-humble-libcurl-vendor (3.1.3-1jammy.20260304.090502) ...
#7 632.1 Selecting previously unselected package ros-humble-map-msgs.
#7 632.2 Preparing to unpack .../593-ros-humble-map-msgs_2.1.0-3jammy.20260605.123735_amd64.deb ...
#7 632.2 Unpacking ros-humble-map-msgs (2.1.0-3jammy.20260605.123735) ...
#7 632.2 Selecting previously unselected package ros-humble-octomap-msgs.
#7 632.3 Preparing to unpack .../594-ros-humble-octomap-msgs_2.0.1-1jammy.20260605.123109_amd64.deb ...
#7 632.3 Unpacking ros-humble-octomap-msgs (2.0.1-1jammy.20260605.123109) ...
#7 632.3 Selecting previously unselected package ros-humble-octomap-ros.
#7 632.3 Preparing to unpack .../595-ros-humble-octomap-ros_0.4.4-1jammy.20260605.133136_amd64.deb ...
#7 632.3 Unpacking ros-humble-octomap-ros (0.4.4-1jammy.20260605.133136) ...
#7 632.4 Selecting previously unselected package libpcl-dev.
#7 632.4 Preparing to unpack .../596-libpcl-dev_1.12.1+dfsg-3build1_amd64.deb ...
#7 632.4 Unpacking libpcl-dev (1.12.1+dfsg-3build1) ...
#7 632.6 Selecting previously unselected package ros-humble-pcl-msgs.
#7 632.6 Preparing to unpack .../597-ros-humble-pcl-msgs_1.0.0-7jammy.20260605.123825_amd64.deb ...
#7 632.6 Unpacking ros-humble-pcl-msgs (1.0.0-7jammy.20260605.123825) ...
#7 632.8 Selecting previously unselected package ros-humble-pcl-conversions.
#7 632.8 Preparing to unpack .../598-ros-humble-pcl-conversions_2.4.5-2jammy.20260605.160413_amd64.deb ...
#7 632.8 Unpacking ros-humble-pcl-conversions (2.4.5-2jammy.20260605.160413) ...
#7 632.8 Preparing to unpack .../599-ros-humble-tf2-ros_0.25.20-2jammy.20260605.160400_amd64.deb ...
#7 632.8 Unpacking ros-humble-tf2-ros (0.25.20-2jammy.20260605.160400) over (0.25.20-2jammy.20260421.080016) ...
#7 633.1 Selecting previously unselected package ros-humble-pcl-ros.
#7 633.1 Preparing to unpack .../600-ros-humble-pcl-ros_2.4.5-2jammy.20260606.043532_amd64.deb ...
#7 633.1 Unpacking ros-humble-pcl-ros (2.4.5-2jammy.20260606.043532) ...
#7 633.1 Selecting previously unselected package ros-humble-resource-retriever.
#7 633.1 Preparing to unpack .../601-ros-humble-resource-retriever_3.1.3-1jammy.20260304.202624_amd64.deb ...
#7 633.1 Unpacking ros-humble-resource-retriever (3.1.3-1jammy.20260304.202624) ...
#7 633.2 Preparing to unpack .../602-ros-humble-ros2bag_0.15.16-1jammy.20260606.054621_amd64.deb ...
#7 633.2 Unpacking ros-humble-ros2bag (0.15.16-1jammy.20260606.054621) over (0.15.16-1jammy.20260422.101646) ...
#7 633.3 Preparing to unpack .../603-ros-humble-ros2doctor_0.18.18-1jammy.20260605.143424_amd64.deb ...
#7 633.4 Unpacking ros-humble-ros2doctor (0.18.18-1jammy.20260605.143424) over (0.18.18-1jammy.20260422.081639) ...
#7 633.5 Selecting previously unselected package libassimp-dev:amd64.
#7 633.5 Preparing to unpack .../604-libassimp-dev_5.2.2~ds0-1_amd64.deb ...
#7 633.5 Unpacking libassimp-dev:amd64 (5.2.2~ds0-1) ...
#7 633.6 Selecting previously unselected package ros-humble-rviz-assimp-vendor.
#7 633.6 Preparing to unpack .../605-ros-humble-rviz-assimp-vendor_11.2.27-1jammy.20260612.182901_amd64.deb ...
#7 633.6 Unpacking ros-humble-rviz-assimp-vendor (11.2.27-1jammy.20260612.182901) ...
#7 633.7 Selecting previously unselected package ros-humble-rviz-ogre-vendor.
#7 633.7 Preparing to unpack .../606-ros-humble-rviz-ogre-vendor_11.2.27-1jammy.20260612.182926_amd64.deb ...
#7 633.7 Unpacking ros-humble-rviz-ogre-vendor (11.2.27-1jammy.20260612.182926) ...
#7 633.9 Selecting previously unselected package ros-humble-rviz-rendering.
#7 633.9 Preparing to unpack .../607-ros-humble-rviz-rendering_11.2.27-1jammy.20260612.190415_amd64.deb ...
#7 633.9 Unpacking ros-humble-rviz-rendering (11.2.27-1jammy.20260612.190415) ...
#7 633.9 Selecting previously unselected package ros-humble-rviz-common.
#7 633.9 Preparing to unpack .../608-ros-humble-rviz-common_11.2.27-1jammy.20260612.193221_amd64.deb ...
#7 633.9 Unpacking ros-humble-rviz-common (11.2.27-1jammy.20260612.193221) ...
#7 634.0 Selecting previously unselected package ros-humble-rviz-default-plugins.
#7 634.0 Preparing to unpack .../609-ros-humble-rviz-default-plugins_11.2.27-1jammy.20260612.201202_amd64.deb ...
#7 634.0 Unpacking ros-humble-rviz-default-plugins (11.2.27-1jammy.20260612.201202) ...
#7 634.1 Selecting previously unselected package ros-humble-rviz2.
#7 634.1 Preparing to unpack .../610-ros-humble-rviz2_11.2.27-1jammy.20260612.213323_amd64.deb ...
#7 634.1 Unpacking ros-humble-rviz2 (11.2.27-1jammy.20260612.213323) ...
#7 634.2 Selecting previously unselected package x11-utils.
#7 634.2 Preparing to unpack .../611-x11-utils_7.7+5build2_amd64.deb ...
#7 634.2 Unpacking x11-utils (7.7+5build2) ...
#7 634.2 Selecting previously unselected package mesa-utils.
#7 634.2 Preparing to unpack .../612-mesa-utils_8.4.0-1ubuntu1_amd64.deb ...
#7 634.2 Unpacking mesa-utils (8.4.0-1ubuntu1) ...
#7 634.3 Setting up libgme0:amd64 (0.6.3-2) ...
#7 634.3 Setting up libssh-gcrypt-4:amd64 (0.9.6-2ubuntu0.22.04.7) ...
#7 634.4 Setting up libboost-chrono1.74.0:amd64 (1.74.0-14ubuntu3) ...
#7 634.4 Setting up libboost-system1.74.0:amd64 (1.74.0-14ubuntu3) ...
#7 634.4 Setting up libsrt1.4-gnutls:amd64 (1.4.4-4) ...
#7 634.4 Setting up libxcb-dri3-0:amd64 (1.14-3ubuntu3) ...
#7 634.4 Setting up liblcms2-2:amd64 (2.12~rc1-2ubuntu0.1) ...
#7 634.4 Setting up libtbbmalloc2:amd64 (2021.5.0-7ubuntu2) ...
#7 634.4 Setting up libudfread0:amd64 (1.1.2-1) ...
#7 634.4 Setting up libwayland-server0:amd64 (1.20.0-1ubuntu0.1) ...
#7 634.5 Setting up libgeos3.10.2:amd64 (3.10.2-1) ...
#7 634.5 Setting up libaom3:amd64 (3.3.0-1ubuntu0.1) ...
#7 634.5 Setting up libx11-xcb1:amd64 (2:1.7.5-1ubuntu0.3) ...
#7 634.5 Setting up libjsoncpp-dev:amd64 (1.9.5-3) ...
#7 634.5 Setting up libpciaccess0:amd64 (0.16-3) ...
#7 634.5 Setting up mysql-common (5.8+1.0.8) ...
#7 634.5 update-alternatives: using /etc/mysql/my.cnf.fallback to provide /etc/mysql/my.cnf (my.cnf) in auto mode
#7 634.6 Setting up librabbitmq4:amd64 (0.10.0-1ubuntu2.1) ...
#7 634.6 Setting up libjpeg-turbo8-dev:amd64 (2.1.2-0ubuntu1) ...
#7 634.6 Setting up libmysqlclient21:amd64 (8.0.46-0ubuntu0.22.04.3) ...
#7 634.6 Setting up libdouble-conversion3:amd64 (3.1.7-4) ...
#7 634.6 Setting up libxft2:amd64 (2.3.4-1) ...
#7 634.6 Setting up libboost1.74-dev:amd64 (1.74.0-14ubuntu3) ...
#7 634.6 Setting up libcodec2-1.0:amd64 (1.0.1-3) ...
#7 634.6 Setting up libsodium23:amd64 (1.0.18-1ubuntu0.22.04.1) ...
#7 634.7 Setting up libmpg123-0:amd64 (1.29.3-1ubuntu0.1) ...
#7 634.7 Setting up libboost-atomic1.74.0:amd64 (1.74.0-14ubuntu3) ...
#7 634.7 Setting up libxcb-xfixes0:amd64 (1.14-3ubuntu3) ...
#7 634.7 Setting up libogg0:amd64 (1.3.5-0ubuntu3) ...
#7 634.7 Setting up libxerces-c3.2:amd64 (3.2.3+debian-3ubuntu0.1) ...
#7 634.7 Setting up libspeex1:amd64 (1.2~rc1.2-1.1ubuntu3) ...
#7 634.7 Setting up proj-data (8.2.1-1) ...
#7 634.8 Setting up libshine3:amd64 (3.1.1-2) ...
#7 634.8 Setting up liboctomap1.9:amd64 (1.9.7+dfsg-3) ...
#7 634.8 Setting up libglvnd-core-dev:amd64 (1.4.0-1) ...
#7 634.8 Setting up hdf5-helpers (1.10.7+repack-4ubuntu2) ...
#7 634.8 Setting up libxi6:amd64 (2:1.8-1build1) ...
#7 634.8 Setting up libtwolame0:amd64 (0.4.0-2build2) ...
#7 634.8 Setting up java-common (0.72build2) ...
#7 634.9 Setting up libxcb-xinput0:amd64 (1.14-3ubuntu3) ...
#7 634.9 Setting up libwoff1:amd64 (1.0.2-1build4) ...
#7 634.9 Setting up libhyphen0:amd64 (2.8.8-7build2) ...
#7 634.9 Setting up libpcl-common1.12:amd64 (1.12.1+dfsg-3build1) ...
#7 634.9 Setting up libogdi4.1 (4.1.0+ds-5) ...
#7 634.9 Setting up libignition-math6:amd64 (6.16.0-1~jammy) ...
#7 634.9 Setting up libqhull8.0:amd64 (2020.2-4) ...
#7 634.9 Setting up libgsm1:amd64 (1.0.19-1) ...
#7 635.0 Setting up libcharls2:amd64 (2.3.4-1) ...
#7 635.0 Setting up libminizip1:amd64 (1.1-8build1) ...
#7 635.0 Setting up libsoxr0:amd64 (0.1.3-4build2) ...
#7 635.0 Setting up ros-humble-octomap-msgs (2.0.1-1jammy.20260605.123109) ...
#7 635.0 Setting up libgfortran-11-dev:amd64 (11.4.0-1ubuntu1~22.04.3) ...
#7 635.0 Setting up libboost-iostreams1.74.0:amd64 (1.74.0-14ubuntu3) ...
#7 635.0 Setting up libglvnd0:amd64 (1.4.0-1) ...
#7 635.1 Setting up libboost-program-options1.74.0:amd64 (1.74.0-14ubuntu3) ...
#7 635.1 Setting up libpgm-5.3-0:amd64 (5.3.128~dfsg-2) ...
#7 635.1 Setting up libxtst6:amd64 (2:1.2.3-1build4) ...
#7 635.1 Setting up libxcb-glx0:amd64 (1.14-3ubuntu3) ...
#7 635.1 Setting up libwebpdemux2:amd64 (1.2.2-2ubuntu0.22.04.2) ...
#7 635.1 Setting up libcbor0.8:amd64 (0.8.0-2ubuntu1) ...
#7 635.1 Setting up libedit2:amd64 (3.1-20210910-1build1) ...
#7 635.2 Setting up libboost-chrono1.74-dev:amd64 (1.74.0-14ubuntu3) ...
#7 635.2 Setting up libgdk-pixbuf2.0-common (2.42.8+dfsg-1ubuntu0.5) ...
#7 635.2 Setting up libpng-dev:amd64 (1.6.37-3ubuntu0.5) ...
#7 635.2 Setting up libpcl-kdtree1.12:amd64 (1.12.1+dfsg-3build1) ...
#7 635.2 Setting up libnorm1:amd64 (1.5.9+dfsg-2) ...
#7 635.2 Setting up libxcb-keysyms1:amd64 (0.4.0-1build3) ...
#7 635.2 Setting up libarpack2:amd64 (3.8.0-1) ...
#7 635.2 Setting up libxcb-shape0:amd64 (1.14-3ubuntu3) ...
#7 635.3 Setting up libsensors-config (1:3.6.0-7ubuntu1) ...
#7 635.3 Setting up libboost-stacktrace1.74.0:amd64 (1.74.0-14ubuntu3) ...
#7 635.3 Setting up libpq5:amd64 (14.23-0ubuntu0.22.04.1) ...
#7 635.3 Setting up libxxf86dga1:amd64 (2:1.1.5-0ubuntu3) ...
#7 635.3 Setting up libjbig-dev:amd64 (2.1-3.1ubuntu0.22.04.1) ...
#7 635.3 Setting up libpcl-ml1.12:amd64 (1.12.1+dfsg-3build1) ...
#7 635.3 Setting up libsuperlu5:amd64 (5.3.0+dfsg1-2) ...
#7 635.3 Setting up libboost-nowide1.74.0 (1.74.0-14ubuntu3) ...
#7 635.4 Setting up libqhull-r8.0:amd64 (2020.2-4) ...
#7 635.4 Setting up libxcb-render-util0:amd64 (0.3.9-1build3) ...
#7 635.4 Setting up xkb-data (2.33-1) ...
#7 635.4 Setting up libboost-filesystem1.74.0:amd64 (1.74.0-14ubuntu3) ...
#7 635.4 Setting up libpq-dev (14.23-0ubuntu0.22.04.1) ...
#7 635.4 Setting up libpcl-stereo1.12:amd64 (1.12.1+dfsg-3build1) ...
#7 635.5 Setting up libtbb12:amd64 (2021.5.0-7ubuntu2) ...
#7 635.5 Setting up libxcb-icccm4:amd64 (0.4.1-1.1build2) ...
#7 635.5 Setting up libboost-exception1.74-dev:amd64 (1.74.0-14ubuntu3) ...
#7 635.5 Setting up libboost-exception-dev:amd64 (1.74.0.3ubuntu7) ...
#7 635.5 Setting up libproj22:amd64 (8.2.1-1) ...
#7 635.5 Setting up libogg-dev:amd64 (1.3.5-0ubuntu3) ...
#7 635.5 Setting up libxvidcore4:amd64 (2:1.3.7-1) ...
#7 635.6 Setting up libunwind8:amd64 (1.3.2-2build2.1) ...
#7 635.6 Setting up libpthread-stubs0-dev:amd64 (0.4-1build2) ...
#7 635.6 Setting up python3-wheel (0.37.1-2ubuntu0.22.04.1) ...
#7 635.7 Setting up liboctomap-dev:amd64 (1.9.7+dfsg-3) ...
#7 635.8 Setting up libpcre2-16-0:amd64 (10.39-3ubuntu0.1) ...
#7 635.8 Setting up libaec0:amd64 (1.0.6-1) ...
#7 635.8 Setting up gdal-data (3.4.1+dfsg-1build4) ...
#7 635.8 Setting up libopengl0:amd64 (1.4.0-1) ...
#7 635.8 Setting up libpcl-people1.12:amd64 (1.12.1+dfsg-3build1) ...
#7 635.8 Setting up ninja-build (1.10.1-1) ...
#7 635.8 Setting up ros-humble-ros2bag (0.15.16-1jammy.20260606.054621) ...
#7 635.9 Setting up libxcb-util1:amd64 (0.4.0-1build2) ...
#7 635.9 Setting up libgeotiff5:amd64 (1.7.0-2build1) ...
#7 635.9 Setting up libxxf86vm1:amd64 (1:1.1.4-1build3) ...
#7 635.9 Setting up libsnappy1v5:amd64 (1.1.8-1build3) ...
#7 635.9 Setting up ros-humble-octomap-ros (0.4.4-1jammy.20260605.133136) ...
#7 635.9 Setting up libboost-program-options1.74-dev:amd64 (1.74.0-14ubuntu3) ...
#7 635.9 Setting up libxcb-xkb1:amd64 (1.14-3ubuntu3) ...
#7 635.9 Setting up libxcb-image0:amd64 (0.4.0-2) ...
#7 635.9 Setting up libcfitsio9:amd64 (4.0.0-1) ...
#7 636.0 Setting up libaom-dev:amd64 (3.3.0-1ubuntu0.1) ...
#7 636.0 Setting up libxnvctrl0:amd64 (510.47.03-0ubuntu1.22.04.1) ...
#7 636.0 Setting up libcap2-bin (1:2.44-1ubuntu0.22.04.3) ...
#7 636.0 Setting up libxcb-present0:amd64 (1.14-3ubuntu3) ...
#7 636.0 Setting up libasound2-data (1.2.6.1-1ubuntu1.2) ...
#7 636.0 Setting up libminizip-dev:amd64 (1.1-8build1) ...
#7 636.0 Setting up ros-humble-pcl-msgs (1.0.0-7jammy.20260605.123825) ...
#7 636.1 Setting up xtrans-dev (1.4.0-1) ...
#7 636.1 Setting up libfontenc1:amd64 (1:1.1.4-1build3) ...
#7 636.1 Setting up autotools-dev (20220109.1) ...
#7 636.1 Setting up libpcre2-32-0:amd64 (10.39-3ubuntu0.1) ...
#7 636.1 Setting up libignition-cmake2-dev:amd64 (2.19.0-1~jammy) ...
#7 636.1 Setting up libxcb-xinerama0:amd64 (1.14-3ubuntu3) ...
#7 636.1 Setting up libutfcpp-dev:amd64 (3.2.1-2) ...
#7 636.2 Setting up libgles2:amd64 (1.4.0-1) ...
#7 636.2 Setting up libjs-jquery-ui (1.13.1+dfsg-1) ...
#7 636.2 Setting up libboost-test1.74.0:amd64 (1.74.0-14ubuntu3) ...
#7 636.2 Setting up qt5-qmake-bin (5.15.3+dfsg-2ubuntu0.2) ...
#7 636.2 Setting up libva2:amd64 (2.14.0-1) ...
#7 636.2 Setting up libboost-program-options-dev:amd64 (1.74.0.3ubuntu7) ...
#7 636.2 Setting up libpcap0.8:amd64 (1.10.1-4ubuntu1.22.04.1) ...
#7 636.3 Setting up libnspr4:amd64 (2:4.35-0ubuntu0.22.04.1) ...
#7 636.3 Setting up libxfixes3:amd64 (1:6.0.0-1) ...
#7 636.3 Setting up libcurl4-openssl-dev:amd64 (7.81.0-1ubuntu1.25) ...
#7 636.3 Setting up libxcb-sync1:amd64 (1.14-3ubuntu3) ...
#7 636.3 Setting up bash-completion (1:2.11-5ubuntu1) ...
#7 636.3 Setting up uuid-dev:amd64 (2.37.2-4ubuntu3.5) ...
#7 636.4 Setting up libavahi-common-data:amd64 (0.8-5ubuntu5.5) ...
#7 636.4 Setting up libboost-system1.74-dev:amd64 (1.74.0-14ubuntu3) ...
#7 636.4 Setting up libgles1:amd64 (1.4.0-1) ...
#7 636.4 Setting up libx264-163:amd64 (2:0.163.3060+git5db6aa6-2build1) ...
#7 636.4 Setting up libsigsegv2:amd64 (2.13-1ubuntu3) ...
#7 636.4 Setting up libboost-nowide1.74-dev (1.74.0-14ubuntu3) ...
#7 636.4 Setting up libboost-regex1.74.0:amd64 (1.74.0-14ubuntu3) ...
#7 636.5 Setting up libopus0:amd64 (1.3.1-0.1build2) ...
#7 636.5 Setting up shared-mime-info (2.1-2) ...
#7 640.0 Setting up libpcl-octree1.12:amd64 (1.12.1+dfsg-3build1) ...
#7 640.0 Setting up libxinerama1:amd64 (2:1.1.4-3) ...
#7 640.0 Setting up libxv1:amd64 (2:1.0.11-1build2) ...
#7 640.0 Setting up libhwloc15:amd64 (2.7.0-2ubuntu1) ...
#7 640.1 Setting up libmnl0:amd64 (1.0.4-3build2) ...
#7 640.1 Setting up libevent-core-2.1-7:amd64 (2.1.12-stable-1build3) ...
#7 640.1 Setting up libvorbis0a:amd64 (1.3.7-1build2) ...
#7 640.1 Setting up libboost-context1.74.0:amd64 (1.74.0-14ubuntu3) ...
#7 640.1 Setting up libevent-2.1-7:amd64 (2.1.12-stable-1build3) ...
#7 640.1 Setting up libflann1.9:amd64 (1.9.1+dfsg-11) ...
#7 640.1 Setting up libxrandr2:amd64 (2:1.5.2-1build1) ...
#7 640.2 Setting up liborc-0.4-0:amd64 (1:0.4.32-2ubuntu0.1) ...
#7 640.2 Setting up libboost-graph1.74.0:amd64 (1.74.0-14ubuntu3) ...
#7 640.2 Setting up libtcl8.6:amd64 (8.6.12+dfsg-1build1) ...
#7 640.2 Setting up libboost-random1.74.0:amd64 (1.74.0-14ubuntu3) ...
#7 640.2 Setting up icu-devtools (70.1-2) ...
#7 640.2 Setting up liblz4-dev:amd64 (1.9.3-2build2) ...
#7 640.2 Setting up libgeos-c1v5:amd64 (3.10.2-1) ...
#7 640.3 Setting up unixodbc-common (2.3.9-5ubuntu0.1) ...
#7 640.3 Setting up libqhullcpp8.0:amd64 (2020.2-4) ...
#7 640.3 Setting up ros-humble-tf2-ros (0.25.20-2jammy.20260605.160400) ...
#7 640.3 Setting up libpcsclite1:amd64 (1.9.5-3ubuntu1) ...
#7 640.3 Setting up libboost1.74-tools-dev (1.74.0-14ubuntu3) ...
#7 640.3 Setting up libsensors5:amd64 (1:3.6.0-7ubuntu1) ...
#7 640.4 Setting up python3-pip (22.0.2+dfsg-1ubuntu0.7) ...
#7 641.5 Setting up libxtables12:amd64 (1.8.7-1ubuntu5.2) ...
#7 641.5 Setting up libqt5core5a:amd64 (5.15.3+dfsg-2ubuntu0.2) ...
#7 641.6 Setting up libglapi-mesa:amd64 (23.2.1-1ubuntu3.1~22.04.4) ...
#7 641.6 Setting up libqhull-dev:amd64 (2020.2-4) ...
#7 641.6 Setting up libdouble-conversion-dev:amd64 (3.1.7-4) ...
#7 641.6 Setting up libmtdev1:amd64 (1.1.6-1build4) ...
#7 641.6 Setting up libvulkan1:amd64 (1.3.204.1-2) ...
#7 641.6 Setting up gfortran-11 (11.4.0-1ubuntu1~22.04.3) ...
#7 641.6 Setting up libhdf4-0-alt (4.2.15-4) ...
#7 641.6 Setting up libboost-atomic1.74-dev:amd64 (1.74.0-14ubuntu3) ...
#7 641.7 Setting up libboost-math1.74.0:amd64 (1.74.0-14ubuntu3) ...
#7 641.7 Setting up liblzma-dev:amd64 (5.2.5-2ubuntu1.1) ...
#7 641.7 Setting up libxcb-dri2-0:amd64 (1.14-3ubuntu3) ...
#7 641.7 Setting up libboost-serialization1.74.0:amd64 (1.74.0-14ubuntu3) ...
#7 641.7 Setting up libgif7:amd64 (5.1.9-2ubuntu0.1) ...
#7 641.7 Setting up libllvm14:amd64 (1:14.0.0-1ubuntu1.1) ...
#7 641.7 Setting up libodbc2:amd64 (2.3.9-5ubuntu0.1) ...
#7 641.8 Setting up liburiparser1:amd64 (0.9.6+dfsg-1) ...
#7 641.8 Setting up libboost-atomic-dev:amd64 (1.74.0.3ubuntu7) ...
#7 641.8 Setting up libnuma1:amd64 (2.0.14-3ubuntu2) ...
#7 641.8 Setting up libpcre2-posix3:amd64 (10.39-3ubuntu0.1) ...
#7 641.8 Setting up librttopo1:amd64 (1.1.0-2) ...
#7 641.8 Setting up libboost-container1.74.0:amd64 (1.74.0-14ubuntu3) ...
#7 641.8 Setting up libfreexl1:amd64 (1.0.6-1) ...
#7 641.8 Setting up ocl-icd-libopencl1:amd64 (2.2.14-3) ...
#7 641.9 Setting up libgif-dev (5.1.9-2ubuntu0.1) ...
#7 641.9 Setting up libxshmfence1:amd64 (1.3-1build4) ...
#7 641.9 Setting up libvdpau1:amd64 (1.4-3build2) ...
#7 641.9 Setting up libqt5dbus5:amd64 (5.15.3+dfsg-2ubuntu0.2) ...
#7 641.9 Setting up libxcb-randr0:amd64 (1.14-3ubuntu3) ...
#7 641.9 Setting up ros-humble-image-transport (3.1.13-1jammy.20260605.160640) ...
#7 641.9 Setting up libfyba0:amd64 (4.1.1-7) ...
#7 641.9 Setting up libllvm15:amd64 (1:15.0.7-0ubuntu0.22.04.3) ...
#7 642.0 Setting up libtheora0:amd64 (1.1.1+dfsg.1-15ubuntu4) ...
#7 642.0 Setting up libasound2:amd64 (1.2.6.1-1ubuntu1.2) ...
#7 642.0 Setting up libkmlbase1:amd64 (1.3.0-9) ...
#7 642.0 Setting up libblosc1:amd64 (1.21.1+ds2-2) ...
#7 642.0 Setting up libnl-3-200:amd64 (3.5.0-0.1) ...
#7 642.0 Setting up libpsm2-2 (11.2.185-1) ...
#7 642.0 Setting up openmpi-common (4.1.2-2ubuntu1) ...
#7 642.1 Setting up libmd4c0:amd64 (0.4.8-1) ...
#7 642.1 Setting up libdraco4:amd64 (1.5.2+dfsg-2) ...
#7 642.1 Setting up libpcl-sample-consensus1.12:amd64 (1.12.1+dfsg-3build1) ...
#7 642.1 Setting up libopenjp2-7:amd64 (2.4.0-6ubuntu0.5) ...
#7 642.1 Setting up ros-humble-laser-geometry (2.4.1-1jammy.20260605.151049) ...
#7 642.1 Setting up xorg-sgml-doctools (1:1.11-1.1) ...
#7 642.1 Setting up libgdk-pixbuf-2.0-0:amd64 (2.42.8+dfsg-1ubuntu0.5) ...
#7 642.2 Setting up libvpx7:amd64 (1.11.0-2ubuntu2.5) ...
#7 642.2 Setting up libcairo-gobject2:amd64 (1.16.0-5ubuntu2.1) ...
#7 642.2 Setting up libboost-dev:amd64 (1.74.0.3ubuntu7) ...
#7 642.2 Setting up libglu1-mesa:amd64 (9.0.2-1) ...
#7 642.2 Setting up libboost-math1.74-dev:amd64 (1.74.0-14ubuntu3) ...
#7 642.2 Setting up libwayland-egl1:amd64 (1.20.0-1ubuntu0.1) ...
#7 642.2 Setting up libxss1:amd64 (1:1.2.3-1build2) ...
#7 642.3 Setting up libusb-1.0-0:amd64 (2:1.0.25-1ubuntu2) ...
#7 642.3 Setting up libtbb-dev:amd64 (2021.5.0-7ubuntu2) ...
#7 642.3 Setting up libxkbfile1:amd64 (1:1.1.0-1build3) ...
#7 642.3 Setting up libpsm-infinipath1 (3.3+20.604758e7-6.1) ...
#7 642.3 update-alternatives: using /usr/lib/libpsm1/libpsm_infinipath.so.1.16 to provide /usr/lib/x86_64-linux-gnu/libpsm_infinipath.so.1 (libpsm_infinipath.so.1) in auto mode
#7 642.3 Setting up ros-humble-interactive-markers (2.3.2-2jammy.20260605.164625) ...
#7 642.3 Setting up libboost-filesystem1.74-dev:amd64 (1.74.0-14ubuntu3) ...
#7 642.3 Setting up libopengl-dev:amd64 (1.4.0-1) ...
#7 642.3 Setting up libboost-date-time1.74.0:amd64 (1.74.0-14ubuntu3) ...
#7 642.3 Setting up libjpeg8-dev:amd64 (8c-2ubuntu10) ...
#7 642.4 Setting up libqt5sensors5:amd64 (5.15.3-1) ...
#7 642.4 Setting up libdav1d5:amd64 (0.9.2-1) ...
#7 642.4 Setting up libmfx1:amd64 (22.3.0-1) ...
#7 642.4 Setting up libfido2-1:amd64 (1.10.0-1) ...
#7 642.4 Setting up libboost-python1.74.0 (1.74.0-14ubuntu3) ...
#7 642.4 Setting up ros-humble-launch-ros (0.19.13-1jammy.20260605.140440) ...
#7 642.4 Setting up libbluray2:amd64 (1:1.3.1-1) ...
#7 642.5 Setting up libde265-0:amd64 (1.0.8-1ubuntu0.3) ...
#7 642.5 Setting up libboost-fiber1.74.0:amd64 (1.74.0-14ubuntu3) ...
#7 642.5 Setting up ros-humble-ros2doctor (0.18.18-1jammy.20260605.143424) ...
#7 642.5 Setting up libboost-stacktrace1.74-dev:amd64 (1.74.0-14ubuntu3) ...
#7 642.5 Setting up libqt5test5:amd64 (5.15.3+dfsg-2ubuntu0.2) ...
#7 642.5 Setting up libboost-test1.74-dev:amd64 (1.74.0-14ubuntu3) ...
#7 642.6 Setting up libwebpmux3:amd64 (1.2.2-2ubuntu0.22.04.2) ...
#7 642.6 Setting up libdeflate-dev:amd64 (1.10-2) ...
#7 642.6 Setting up libdrm-common (2.4.113-2~ubuntu0.22.04.1) ...
#7 642.6 Setting up libelf1:amd64 (0.186-1ubuntu0.1) ...
#7 642.6 Setting up libxcomposite1:amd64 (1:0.4.5-1build2) ...
#7 642.6 Setting up iputils-ping (3:20211215-1ubuntu0.1) ...
#7 642.7 Setting up libjson-c5:amd64 (0.15-3~ubuntu1.22.04.2) ...
#7 642.7 Setting up libevdev2:amd64 (1.12.1+dfsg-1) ...
#7 642.7 Setting up libogdi-dev (4.1.0+ds-5) ...
#7 642.7 Setting up libboost-timer1.74.0:amd64 (1.74.0-14ubuntu3) ...
#7 642.7 Setting up libicu-dev:amd64 (70.1-2) ...
#7 642.7 Setting up libqt5concurrent5:amd64 (5.15.3+dfsg-2ubuntu0.2) ...
#7 642.7 Setting up iso-codes (4.9.0-1) ...
#7 642.8 Setting up libxmuu1:amd64 (2:1.1.3-3) ...
#7 642.8 Setting up libboost-filesystem-dev:amd64 (1.74.0.3ubuntu7) ...
#7 642.8 Setting up libbrotli-dev:amd64 (1.0.9-2build6) ...
#7 642.8 Setting up libgudev-1.0-0:amd64 (1:237-2build1) ...
#7 642.8 Setting up ros-humble-libcurl-vendor (3.1.3-1jammy.20260304.090502) ...
#7 642.8 Setting up libzvbi-common (0.2.35-19) ...
#7 642.8 Setting up qtchooser (66-2build1) ...
#7 642.8 Setting up libmp3lame0:amd64 (3.100-3build2) ...
#7 642.8 Setting up libblas-dev:amd64 (3.10.0-2ubuntu1) ...
#7 642.8 update-alternatives: using /usr/lib/x86_64-linux-gnu/blas/libblas.so to provide /usr/lib/x86_64-linux-gnu/libblas.so (libblas.so-x86_64-linux-gnu) in auto mode
#7 642.9 Setting up libsz2:amd64 (1.0.6-1) ...
#7 642.9 Setting up libmysqlclient-dev (8.0.46-0ubuntu0.22.04.3) ...
#7 642.9 Setting up libvorbisenc2:amd64 (1.3.7-1build2) ...
#7 642.9 Setting up libkmlxsd1:amd64 (1.3.0-9) ...
#7 642.9 Setting up libtiffxx5:amd64 (4.3.0-6ubuntu0.13) ...
#7 642.9 Setting up ros-humble-map-msgs (2.1.0-3jammy.20260605.123735) ...
#7 642.9 Setting up libboost-thread1.74.0:amd64 (1.74.0-14ubuntu3) ...
#7 642.9 Setting up libboost-numpy1.74.0 (1.74.0-14ubuntu3) ...
#7 643.0 Setting up libodbccr2:amd64 (2.3.9-5ubuntu0.1) ...
#7 643.0 Setting up libevent-pthreads-2.1-7:amd64 (2.1.12-stable-1build3) ...
#7 643.0 Setting up libwacom-common (2.2.0-1) ...
#7 643.0 Setting up libxkbcommon0:amd64 (1.4.0-1) ...
#7 643.0 Setting up libkmldom1:amd64 (1.3.0-9) ...
#7 643.0 Setting up libwayland-client0:amd64 (1.20.0-1ubuntu0.1) ...
#7 643.0 Setting up default-libmysqlclient-dev:amd64 (1.0.8) ...
#7 643.0 Setting up libspatialite7:amd64 (5.0.1-2build2) ...
#7 643.0 Setting up libzvbi0:amd64 (0.2.35-19) ...
#7 643.1 Setting up librttopo-dev:amd64 (1.1.0-2) ...
#7 643.1 Setting up libboost-log1.74.0 (1.74.0-14ubuntu3) ...
#7 643.1 Setting up libcharls-dev:amd64 (2.3.4-1) ...
#7 643.1 Setting up libdw1:amd64 (0.186-1ubuntu0.1) ...
#7 643.1 Setting up libodbcinst2:amd64 (2.3.9-5ubuntu0.1) ...
#7 643.1 Setting up libevent-extra-2.1-7:amd64 (2.1.12-stable-1build3) ...
#7 643.1 Setting up tcl8.6 (8.6.12+dfsg-1build1) ...
#7 643.1 Setting up libarmadillo10 (1:10.8.2+dfsg-1) ...
#7 643.2 Setting up libvulkan-dev:amd64 (1.3.204.1-2) ...
#7 643.2 Setting up libcfitsio-dev:amd64 (4.0.0-1) ...
#7 643.2 Setting up libopenni2-0:amd64 (2.2.0.33+dfsg-15) ...
#7 643.2 Setting up libzmq5:amd64 (4.3.4-2) ...
#7 643.2 Setting up libkmlengine1:amd64 (1.3.0-9) ...
#7 643.2 Setting up qt5-qmake:amd64 (5.15.3+dfsg-2ubuntu0.2) ...
#7 643.2 Setting up libpcre2-dev:amd64 (10.39-3ubuntu0.1) ...
#7 643.3 Setting up ros-humble-ignition-cmake2-vendor (0.0.2-2jammy.20260304.200630) ...
#7 643.3 Setting up libkmlconvenience1:amd64 (1.3.0-9) ...
#7 643.3 Setting up libboost-container1.74-dev:amd64 (1.74.0-14ubuntu3) ...
#7 643.3 Setting up libblosc-dev (1.21.1+ds2-2) ...
#7 643.3 Setting up libboost-chrono-dev:amd64 (1.74.0.3ubuntu7) ...
#7 643.3 Setting up libwacom9:amd64 (2.2.0-1) ...
#7 643.4 Setting up libpcl-outofcore1.12:amd64 (1.12.1+dfsg-3build1) ...
#7 643.4 Setting up libjson-c-dev:amd64 (0.15-3~ubuntu1.22.04.2) ...
#7 643.4 Setting up openssh-client (1:8.9p1-3ubuntu0.16) ...
#7 643.5 update-alternatives: using /usr/bin/ssh to provide /usr/bin/rsh (rsh) in auto mode
#7 643.5 update-alternatives: warning: skip creation of /usr/share/man/man1/rsh.1.gz because associated file /usr/share/man/man1/ssh.1.gz (of link group rsh) doesn't exist
#7 643.5 update-alternatives: using /usr/bin/slogin to provide /usr/bin/rlogin (rlogin) in auto mode
#7 643.5 update-alternatives: warning: skip creation of /usr/share/man/man1/rlogin.1.gz because associated file /usr/share/man/man1/slogin.1.gz (of link group rlogin) doesn't exist
#7 643.5 update-alternatives: using /usr/bin/scp to provide /usr/bin/rcp (rcp) in auto mode
#7 643.5 update-alternatives: warning: skip creation of /usr/share/man/man1/rcp.1.gz because associated file /usr/share/man/man1/scp.1.gz (of link group rcp) doesn't exist
#7 643.5 Setting up libfreexl-dev:amd64 (1.0.6-1) ...
#7 643.5 Setting up libboost-math-dev:amd64 (1.74.0.3ubuntu7) ...
#7 643.5 Setting up libfyba-dev:amd64 (4.1.1-7) ...
#7 643.5 Setting up libboost-coroutine1.74.0:amd64 (1.74.0-14ubuntu3) ...
#7 643.5 Setting up tcl8.6-dev:amd64 (8.6.12+dfsg-1build1) ...
#7 643.5 Setting up libtk8.6:amd64 (8.6.12-1build1) ...
#7 643.6 Setting up libqt5positioning5:amd64 (5.15.3+dfsg-3) ...
#7 643.6 Setting up libboost-system-dev:amd64 (1.74.0.3ubuntu7) ...
#7 643.6 Setting up libaec-dev:amd64 (1.0.6-1) ...
#7 643.6 Setting up libavahi-common3:amd64 (0.8-5ubuntu5.5) ...
#7 643.6 Setting up libjpeg-dev:amd64 (8c-2ubuntu10) ...
#7 643.6 Setting up libpcl-search1.12:amd64 (1.12.1+dfsg-3build1) ...
#7 643.7 Setting up ros-humble-resource-retriever (3.1.3-1jammy.20260304.202624) ...
#7 643.7 Setting up libevent-openssl-2.1-7:amd64 (2.1.12-stable-1build3) ...
#7 643.7 Setting up libclang1-14 (1:14.0.0-1ubuntu1.1) ...
#7 643.7 Setting up libusb-1.0-0-dev:amd64 (2:1.0.25-1ubuntu2) ...
#7 643.7 Setting up m4 (1.4.18-5ubuntu2) ...
#7 643.7 Setting up libboost-tools-dev (1.74.0.3ubuntu7) ...
#7 643.7 Setting up libnss3:amd64 (2:3.98-0ubuntu0.22.04.4) ...
#7 643.7 Setting up libopenni0 (1.5.4.0+dfsg-5) ...
#7 643.8 Setting up libignition-math6-dev:amd64 (6.16.0-1~jammy) ...
#7 643.8 Setting up libdraco-dev:amd64 (1.5.2+dfsg-2) ...
#7 643.8 Setting up libhwloc-plugins:amd64 (2.7.0-2ubuntu1) ...
#7 643.8 Setting up libboost-nowide-dev (1.74.0.3ubuntu7) ...
#7 643.8 Setting up usbutils (1:014-1build1) ...
#7 643.8 Setting up libboost-container-dev:amd64 (1.74.0.3ubuntu7) ...
#7 643.8 Setting up libboost-python1.74-dev (1.74.0-14ubuntu3) ...
#7 643.9 Setting up libqt5network5:amd64 (5.15.3+dfsg-2ubuntu0.2) ...
#7 643.9 Setting up libboost-python-dev (1.74.0.3ubuntu7) ...
#7 643.9 Setting up libinput-bin (1.20.0-1ubuntu0.3) ...
#7 643.9 Setting up libfreetype-dev:amd64 (2.11.1+dfsg-1ubuntu0.3) ...
#7 643.9 Setting up liburiparser-dev (0.9.6+dfsg-1) ...
#7 643.9 Setting up libnuma-dev:amd64 (2.0.14-3ubuntu2) ...
#7 643.9 Setting up libnl-route-3-200:amd64 (3.5.0-0.1) ...
#7 644.0 Setting up librsvg2-2:amd64 (2.52.5+dfsg-3ubuntu0.2) ...
#7 644.0 Setting up libboost-test-dev:amd64 (1.74.0.3ubuntu7) ...
#7 644.0 Setting up libqt5sql5:amd64 (5.15.3+dfsg-2ubuntu0.2) ...
#7 644.0 Setting up libpoppler118:amd64 (22.02.0-2ubuntu0.13) ...
#7 644.0 Setting up qtbase5-dev-tools (5.15.3+dfsg-2ubuntu0.2) ...
#7 644.0 Setting up libvorbisfile3:amd64 (1.3.7-1build2) ...
#7 644.0 Setting up libqt5xml5:amd64 (5.15.3+dfsg-2ubuntu0.2) ...
#7 644.0 Setting up libxml2-dev:amd64 (2.9.13+dfsg-1ubuntu0.12) ...
#7 644.1 Setting up libwebp-dev:amd64 (1.2.2-2ubuntu0.22.04.2) ...
#7 644.1 Setting up libtheora-dev:amd64 (1.1.1+dfsg.1-15ubuntu4) ...
#7 644.1 Setting up libtiff-dev:amd64 (4.3.0-6ubuntu0.13) ...
#7 644.1 Setting up libde265-dev:amd64 (1.0.8-1ubuntu0.3) ...
#7 644.1 Setting up libopenjp2-7-dev:amd64 (2.4.0-6ubuntu0.5) ...
#7 644.1 Setting up libqt5qml5:amd64 (5.15.3+dfsg-1) ...
#7 644.1 Setting up libxerces-c-dev:amd64 (3.2.3+debian-3ubuntu0.1) ...
#7 644.1 Setting up libkmlregionator1:amd64 (1.3.0-9) ...
#7 644.2 Setting up libassimp5:amd64 (5.2.2~ds0-1) ...
#7 644.2 Setting up libgeos-dev (3.10.2-1) ...
#7 644.2 Setting up libdav1d-dev:amd64 (0.9.2-1) ...
#7 644.2 Setting up libxkbcommon-x11-0:amd64 (1.4.0-1) ...
#7 644.2 Setting up qtattributionsscanner-qt5 (5.15.3-1) ...
#7 644.2 Setting up libevent-dev (2.1.12-stable-1build3) ...
#7 644.2 Setting up liblapack-dev:amd64 (3.10.0-2ubuntu1) ...
#7 644.2 update-alternatives: using /usr/lib/x86_64-linux-gnu/lapack/liblapack.so to provide /usr/lib/x86_64-linux-gnu/liblapack.so (liblapack.so-x86_64-linux-gnu) in auto mode
#7 644.3 Setting up libboost-random1.74-dev:amd64 (1.74.0-14ubuntu3) ...
#7 644.3 Setting up libproj-dev:amd64 (8.2.1-1) ...
#7 644.3 Setting up libboost-timer1.74-dev:amd64 (1.74.0-14ubuntu3) ...
#7 644.3 Setting up libboost-numpy1.74-dev (1.74.0-14ubuntu3) ...
#7 644.3 Setting up libqt5webchannel5:amd64 (5.15.3-1) ...
#7 644.3 Setting up libassimp-dev:amd64 (5.2.2~ds0-1) ...
#7 644.3 Setting up libspatialite-dev:amd64 (5.0.1-2build2) ...
#7 644.3 Setting up autoconf (2.71-2) ...
#7 644.4 Setting up libx265-199:amd64 (3.5-2) ...
#7 644.4 Setting up libboost-serialization1.74-dev:amd64 (1.74.0-14ubuntu3) ...
#7 644.4 Setting up libboost-wave1.74.0:amd64 (1.74.0-14ubuntu3) ...
#7 644.4 Setting up libdrm2:amd64 (2.4.113-2~ubuntu0.22.04.1) ...
#7 644.4 Setting up libhdf5-103-1:amd64 (1.10.7+repack-4ubuntu2) ...
#7 644.4 Setting up libboost-regex1.74-dev:amd64 (1.74.0-14ubuntu3) ...
#7 644.4 Setting up libnl-3-dev:amd64 (3.5.0-0.1) ...
#7 644.4 Setting up libva-drm2:amd64 (2.14.0-1) ...
#7 644.5 Setting up xauth (1:1.1-1build2) ...
#7 644.5 Setting up libboost-stacktrace-dev:amd64 (1.74.0.3ubuntu7) ...
#7 644.5 Setting up tcl (8.6.11+1build2) ...
#7 644.5 Setting up libopenni2-dev:amd64 (2.2.0.33+dfsg-15) ...
#7 644.5 Setting up libhdf5-cpp-103-1:amd64 (1.10.7+repack-4ubuntu2) ...
#7 644.5 Setting up ros-humble-rviz-assimp-vendor (11.2.27-1jammy.20260612.182901) ...
#7 644.5 Setting up libbpf0:amd64 (1:0.5.0-1ubuntu22.04.1) ...
#7 644.6 Setting up libpcl-filters1.12:amd64 (1.12.1+dfsg-3build1) ...
#7 644.6 Setting up libboost-locale1.74.0:amd64 (1.74.0-14ubuntu3) ...
#7 644.6 Setting up libsuperlu-dev:amd64 (5.3.0+dfsg1-2) ...
#7 644.6 Setting up libva-x11-2:amd64 (2.14.0-1) ...
#7 644.6 Setting up libboost-regex-dev:amd64 (1.74.0.3ubuntu7) ...
#7 644.6 Setting up libopenmpt0:amd64 (0.6.1-1) ...
#7 644.6 Setting up unixodbc-dev:amd64 (2.3.9-5ubuntu0.1) ...
#7 644.7 Setting up libavahi-client3:amd64 (0.8-5ubuntu5.5) ...
#7 644.7 Setting up libboost-timer-dev:amd64 (1.74.0.3ubuntu7) ...
#7 644.7 Setting up libgstreamer1.0-0:amd64 (1.20.3-0ubuntu1.1) ...
#7 644.7 Setcap worked! gst-ptp-helper is not suid!
#7 644.7 Setting up libboost-type-erasure1.74.0:amd64 (1.74.0-14ubuntu3) ...
#7 644.7 Setting up libdrm-amdgpu1:amd64 (2.4.113-2~ubuntu0.22.04.1) ...
#7 644.7 Setting up libhdf5-hl-100:amd64 (1.10.7+repack-4ubuntu2) ...
#7 644.7 Setting up automake (1:1.16.5-1.3) ...
#7 644.7 update-alternatives: using /usr/bin/automake-1.16 to provide /usr/bin/automake (automake) in auto mode
#7 644.7 update-alternatives: warning: skip creation of /usr/share/man/man1/automake.1.gz because associated file /usr/share/man/man1/automake-1.16.1.gz (of link group automake) doesn't exist
#7 644.7 update-alternatives: warning: skip creation of /usr/share/man/man1/aclocal.1.gz because associated file /usr/share/man/man1/aclocal-1.16.1.gz (of link group automake) doesn't exist
#7 644.7 Setting up libpoppler-dev:amd64 (22.02.0-2ubuntu0.13) ...
#7 644.8 Setting up libkml-dev:amd64 (1.3.0-9) ...
#7 644.8 Setting up tk8.6 (8.6.12-1build1) ...
#7 644.8 Setting up libinput10:amd64 (1.20.0-1ubuntu0.3) ...
#7 644.8 Setting up libibverbs1:amd64 (39.0-1) ...
#7 644.9 Setting up libdrm-nouveau2:amd64 (2.4.113-2~ubuntu0.22.04.1) ...
#7 644.9 Setting up libqt5qmlmodels5:amd64 (5.15.3+dfsg-1) ...
#7 644.9 Setting up libarpack2-dev:amd64 (3.8.0-1) ...
#7 644.9 Setting up ros-humble-ignition-math6-vendor (0.0.2-2jammy.20260304.200852) ...
#7 644.9 Setting up libqt5sql5-sqlite:amd64 (5.15.3+dfsg-2ubuntu0.2) ...
#7 644.9 Setting up libboost-wave1.74-dev:amd64 (1.74.0-14ubuntu3) ...
#7 644.9 Setting up libpmix2:amd64 (4.1.2-2ubuntu1) ...
#7 645.0 Setting up libgbm1:amd64 (23.2.1-1ubuntu3.1~22.04.4) ...
#7 645.0 Setting up ibverbs-providers:amd64 (39.0-1) ...
#7 645.1 Setting up libgeotiff-dev:amd64 (1.7.0-2build1) ...
#7 645.1 Setting up libfontconfig-dev:amd64 (2.13.1-4.2ubuntu5) ...
#7 645.1 Setting up libpcl-registration1.12:amd64 (1.12.1+dfsg-3build1) ...
#7 645.1 Setting up libdrm-radeon1:amd64 (2.4.113-2~ubuntu0.22.04.1) ...
#7 645.1 Setting up iproute2 (5.15.0-1ubuntu2.2) ...
#7 645.3 Setting up qdoc-qt5 (5.15.3-1) ...
#7 645.3 Setting up libpoppler-private-dev:amd64 (22.02.0-2ubuntu0.13) ...
#7 645.3 Setting up libopenni-dev:amd64 (1.5.4.0+dfsg-5) ...
#7 645.3 Setting up libdrm-intel1:amd64 (2.4.113-2~ubuntu0.22.04.1) ...
#7 645.3 Setting up libgl1-mesa-dri:amd64 (23.2.1-1ubuntu3.1~22.04.4) ...
#7 645.4 Setting up libheif1:amd64 (1.12.0-2build1) ...
#7 645.4 Setting up libboost-random-dev:amd64 (1.74.0.3ubuntu7) ...
#7 645.4 Setting up libpcl-tracking1.12:amd64 (1.12.1+dfsg-3build1) ...
#7 645.4 Setting up libboost-wave-dev:amd64 (1.74.0.3ubuntu7) ...
#7 645.4 Setting up libavutil56:amd64 (7:4.4.2-0ubuntu0.22.04.1) ...
#7 645.4 Setting up libfreetype6-dev:amd64 (2.11.1+dfsg-1ubuntu0.3) ...
#7 645.4 Setting up libqt5qmlworkerscript5:amd64 (5.15.3+dfsg-1) ...
#7 645.4 Setting up libboost-iostreams1.74-dev:amd64 (1.74.0-14ubuntu3) ...
#7 645.5 Setting up libnl-route-3-dev:amd64 (3.5.0-0.1) ...
#7 645.5 Setting up libboost-date-time1.74-dev:amd64 (1.74.0-14ubuntu3) ...
#7 645.5 Setting up libltdl-dev:amd64 (2.4.6-15build2) ...
#7 645.5 Setting up libegl-mesa0:amd64 (23.2.1-1ubuntu3.1~22.04.4) ...
#7 645.5 Setting up libhdf5-hl-cpp-100:amd64 (1.10.7+repack-4ubuntu2) ...
#7 645.5 Setting up libboost-graph1.74-dev:amd64 (1.74.0-14ubuntu3) ...
#7 645.5 Setting up libx265-dev:amd64 (3.5-2) ...
#7 645.5 Setting up libboost-numpy-dev (1.74.0.3ubuntu7) ...
#7 645.6 Setting up libhdf5-fortran-102:amd64 (1.10.7+repack-4ubuntu2) ...
#7 645.6 Setting up libboost-serialization-dev:amd64 (1.74.0.3ubuntu7) ...
#7 645.6 Setting up libboost-date-time-dev:amd64 (1.74.0.3ubuntu7) ...
#7 645.6 Setting up tcl-dev:amd64 (8.6.11+1build2) ...
#7 645.6 Setting up libcups2:amd64 (2.4.1op1-1ubuntu4.21) ...
#7 645.6 Setting up libnetcdf19:amd64 (1:4.8.1-1) ...
#7 645.6 Setting up libpcl-features1.12:amd64 (1.12.1+dfsg-3build1) ...
#7 645.6 Setting up libegl1:amd64 (1.4.0-1) ...
#7 645.7 Setting up libhdf5-hl-fortran-100:amd64 (1.10.7+repack-4ubuntu2) ...
#7 645.7 Setting up libboost-thread1.74-dev:amd64 (1.74.0-14ubuntu3) ...
#7 645.7 Setting up libswscale5:amd64 (7:4.4.2-0ubuntu0.22.04.1) ...
#7 645.7 Setting up libhwloc-dev:amd64 (2.7.0-2ubuntu1) ...
#7 645.7 Setting up tk (8.6.11+1build2) ...
#7 645.7 Setting up libpmix-dev:amd64 (4.1.2-2ubuntu1) ...
#7 645.7 Setting up libboost-thread-dev:amd64 (1.74.0.3ubuntu7) ...
#7 645.8 Setting up libavutil-dev:amd64 (7:4.4.2-0ubuntu0.22.04.1) ...
#7 645.8 Setting up librdmacm1:amd64 (39.0-1) ...
#7 645.8 Setting up libboost-graph-dev:amd64 (1.74.0.3ubuntu7) ...
#7 645.8 Setting up libucx0:amd64 (1.12.1~rc2-1) ...
#7 645.8 Setting up libfontconfig1-dev:amd64 (2.13.1-4.2ubuntu5) ...
#7 645.8 Setting up libglx-mesa0:amd64 (23.2.1-1ubuntu3.1~22.04.4) ...
#7 645.8 Setting up libboost-log1.74-dev (1.74.0-14ubuntu3) ...
#7 645.9 Setting up libglx0:amd64 (1.4.0-1) ...
#7 645.9 Setting up libpcl-keypoints1.12:amd64 (1.12.1+dfsg-3build1) ...
#7 645.9 Setting up libheif-dev:amd64 (1.12.0-2build1) ...
#7 645.9 Setting up libboost-iostreams-dev:amd64 (1.74.0.3ubuntu7) ...
#7 645.9 Setting up libswresample3:amd64 (7:4.4.2-0ubuntu0.22.04.1) ...
#7 645.9 Setting up libibverbs-dev:amd64 (39.0-1) ...
#7 645.9 Setting up libnetcdf-c++4 (4.2-12build1) ...
#7 645.9 Setting up libboost-context1.74-dev:amd64 (1.74.0-14ubuntu3) ...
#7 645.9 Setting up libboost-fiber1.74-dev:amd64 (1.74.0-14ubuntu3) ...
#7 646.0 Setting up libgl1:amd64 (1.4.0-1) ...
#7 646.0 Setting up libboost-type-erasure1.74-dev:amd64 (1.74.0-14ubuntu3) ...
#7 646.0 Setting up libgdal30 (3.4.1+dfsg-1build4) ...
#7 646.0 Setting up mesa-utils-bin:amd64 (8.4.0-1ubuntu1) ...
#7 646.0 Setting up libpcl-segmentation1.12:amd64 (1.12.1+dfsg-3build1) ...
#7 646.0 Setting up libswscale-dev:amd64 (7:4.4.2-0ubuntu0.22.04.1) ...
#7 646.0 Setting up libhdf5-dev (1.10.7+repack-4ubuntu2) ...
#7 646.0 update-alternatives: using /usr/lib/x86_64-linux-gnu/pkgconfig/hdf5-serial.pc to provide /usr/lib/x86_64-linux-gnu/pkgconfig/hdf5.pc (hdf5.pc) in auto mode
#7 646.1 Setting up libnetcdf-dev (1:4.8.1-1) ...
#7 646.1 Setting up libboost-locale1.74-dev:amd64 (1.74.0-14ubuntu3) ...
#7 646.1 Setting up libglew2.2:amd64 (2.2.0-4) ...
#7 646.1 Setting up x11-utils (7.7+5build2) ...
#7 646.2 Setting up libboost-coroutine1.74-dev:amd64 (1.74.0-14ubuntu3) ...
#7 646.2 Setting up libavcodec58:amd64 (7:4.4.2-0ubuntu0.22.04.1) ...
#7 646.2 Setting up libboost-coroutine-dev:amd64 (1.74.0.3ubuntu7) ...
#7 646.2 Setting up libboost-log-dev (1.74.0.3ubuntu7) ...
#7 646.2 Setting up libboost-fiber-dev:amd64 (1.74.0.3ubuntu7) ...
#7 646.2 Setting up libchromaprint1:amd64 (1.5.1-2) ...
#7 646.2 Setting up libfabric1:amd64 (1.11.0-3) ...
#7 646.3 Setting up libswresample-dev:amd64 (7:4.4.2-0ubuntu0.22.04.1) ...
#7 646.3 Setting up libavformat58:amd64 (7:4.4.2-0ubuntu0.22.04.1) ...
#7 646.3 Setting up libavcodec-dev:amd64 (7:4.4.2-0ubuntu0.22.04.1) ...
#7 646.3 Setting up libopenmpi3:amd64 (4.1.2-2ubuntu1) ...
#7 646.3 Setting up libboost-mpi1.74.0 (1.74.0-14ubuntu3) ...
#7 646.3 Setting up libqt5gui5:amd64 (5.15.3+dfsg-2ubuntu0.2) ...
#7 646.3 Setting up libboost-locale-dev:amd64 (1.74.0.3ubuntu7) ...
#7 646.4 Setting up libqt5widgets5:amd64 (5.15.3+dfsg-2ubuntu0.2) ...
#7 646.4 Setting up libavformat-dev:amd64 (7:4.4.2-0ubuntu0.22.04.1) ...
#7 646.4 Setting up libnetcdf-cxx-legacy-dev (4.2-12build1) ...
#7 646.4 Setting up libboost-context-dev:amd64 (1.74.0.3ubuntu7) ...
#7 646.4 Setting up libqt5help5:amd64 (5.15.3-1) ...
#7 646.4 Setting up libgl2ps1.4 (1.4.2+dfsg1-2) ...
#7 646.4 Setting up libboost-type-erasure-dev:amd64 (1.74.0.3ubuntu7) ...
#7 646.4 Setting up libarmadillo-dev (1:10.8.2+dfsg-1) ...
#7 646.5 Setting up libvtk9.1:amd64 (9.1.0+really9.1.0+dfsg2-3build1) ...
#7 646.5 Setting up libqt5printsupport5:amd64 (5.15.3+dfsg-2ubuntu0.2) ...
#7 646.5 Setting up mesa-utils (8.4.0-1ubuntu1) ...
#7 646.5 Setting up libhdf4-alt-dev (4.2.15-4) ...
#7 646.5 Setting up libgdal-dev (3.4.1+dfsg-1build4) ...
#7 646.5 Setting up vtk9 (9.1.0+really9.1.0+dfsg2-3build1) ...
#7 646.5 Setting up libvtk9.1-qt:amd64 (9.1.0+really9.1.0+dfsg2-3build1) ...
#7 646.6 Setting up libqt5opengl5:amd64 (5.15.3+dfsg-2ubuntu0.2) ...
#7 646.6 Setting up libboost-graph-parallel1.74.0 (1.74.0-14ubuntu3) ...
#7 646.6 Setting up libpcl-io1.12:amd64 (1.12.1+dfsg-3build1) ...
#7 646.6 Setting up libpcl-recognition1.12:amd64 (1.12.1+dfsg-3build1) ...
#7 646.6 Setting up libqt5quick5:amd64 (5.15.3+dfsg-1) ...
#7 646.6 Setting up openmpi-bin (4.1.2-2ubuntu1) ...
#7 646.6 update-alternatives: using /usr/bin/mpirun.openmpi to provide /usr/bin/mpirun (mpirun) in auto mode
#7 646.6 update-alternatives: warning: skip creation of /usr/share/man/man1/mpirun.1.gz because associated file /usr/share/man/man1/mpirun.openmpi.1.gz (of link group mpirun) doesn't exist
#7 646.6 update-alternatives: warning: skip creation of /usr/share/man/man1/mpiexec.1.gz because associated file /usr/share/man/man1/mpiexec.openmpi.1.gz (of link group mpirun) doesn't exist
#7 646.6 update-alternatives: using /usr/bin/mpicc.openmpi to provide /usr/bin/mpicc (mpi) in auto mode
#7 646.6 update-alternatives: warning: skip creation of /usr/share/man/man1/mpicc.1.gz because associated file /usr/share/man/man1/mpicc.openmpi.1.gz (of link group mpi) doesn't exist
#7 646.6 update-alternatives: warning: skip creation of /usr/share/man/man1/mpic++.1.gz because associated file /usr/share/man/man1/mpic++.openmpi.1.gz (of link group mpi) doesn't exist
#7 646.6 update-alternatives: warning: skip creation of /usr/share/man/man1/mpicxx.1.gz because associated file /usr/share/man/man1/mpicxx.openmpi.1.gz (of link group mpi) doesn't exist
#7 646.6 update-alternatives: warning: skip creation of /usr/share/man/man1/mpiCC.1.gz because associated file /usr/share/man/man1/mpiCC.openmpi.1.gz (of link group mpi) doesn't exist
#7 646.6 update-alternatives: warning: skip creation of /usr/share/man/man1/mpif77.1.gz because associated file /usr/share/man/man1/mpif77.openmpi.1.gz (of link group mpi) doesn't exist
#7 646.6 update-alternatives: warning: skip creation of /usr/share/man/man1/mpif90.1.gz because associated file /usr/share/man/man1/mpif90.openmpi.1.gz (of link group mpi) doesn't exist
#7 646.6 update-alternatives: warning: skip creation of /usr/share/man/man1/mpifort.1.gz because associated file /usr/share/man/man1/mpifort.openmpi.1.gz (of link group mpi) doesn't exist
#7 646.7 Setting up libhdf5-openmpi-103-1:amd64 (1.10.7+repack-4ubuntu2) ...
#7 646.7 Setting up libpcl-visualization1.12:amd64 (1.12.1+dfsg-3build1) ...
#7 646.7 Setting up libqt5quickshapes5:amd64 (5.15.3+dfsg-1) ...
#7 646.7 Setting up libqt5quicktest5:amd64 (5.15.3+dfsg-1) ...
#7 646.7 Setting up libqt5designer5:amd64 (5.15.3-1) ...
#7 646.7 Setting up qtdeclarative5-dev-tools (5.15.3+dfsg-1) ...
#7 646.7 Setting up libqt5svg5:amd64 (5.15.3-1) ...
#7 646.7 Setting up mpi-default-bin (1.14) ...
#7 646.8 Setting up qhelpgenerator-qt5 (5.15.3-1) ...
#7 646.8 Setting up libpcl-surface1.12:amd64 (1.12.1+dfsg-3build1) ...
#7 646.8 Setting up libqt5designercomponents5:amd64 (5.15.3-1) ...
#7 646.8 Setting up python3-mpi4py (3.1.3-1build2) ...
#7 647.0 Setting up libgl2ps-dev (1.4.2+dfsg1-2) ...
#7 647.0 Setting up qt5-qmltooling-plugins:amd64 (5.15.3+dfsg-1) ...
#7 647.0 Setting up libqt5quickwidgets5:amd64 (5.15.3+dfsg-1) ...
#7 647.0 Setting up libpcl-apps1.12:amd64 (1.12.1+dfsg-3build1) ...
#7 647.0 Setting up libhdf5-openmpi-fortran-102:amd64 (1.10.7+repack-4ubuntu2) ...
#7 647.0 Setting up libvtk9-java (9.1.0+really9.1.0+dfsg2-3build1) ...
#7 647.0 Setting up libboost-graph-parallel1.74-dev (1.74.0-14ubuntu3) ...
#7 647.1 Setting up libhdf5-openmpi-hl-100:amd64 (1.10.7+repack-4ubuntu2) ...
#7 647.1 Setting up libqt5quickparticles5:amd64 (5.15.3+dfsg-1) ...
#7 647.1 Setting up libopenmpi-dev:amd64 (4.1.2-2ubuntu1) ...
#7 647.1 update-alternatives: using /usr/lib/x86_64-linux-gnu/openmpi/include to provide /usr/include/x86_64-linux-gnu/mpi (mpi-x86_64-linux-gnu) in auto mode
#7 647.1 Setting up libhdf5-openmpi-cpp-103-1:amd64 (1.10.7+repack-4ubuntu2) ...
#7 647.1 Setting up libhdf5-openmpi-hl-cpp-100:amd64 (1.10.7+repack-4ubuntu2) ...
#7 647.1 Setting up libhdf5-openmpi-hl-fortran-100:amd64 (1.10.7+repack-4ubuntu2) ...
#7 647.1 Setting up libboost-mpi-python1.74.0 (1.74.0-14ubuntu3) ...
#7 647.3 Setting up python3-vtk9 (9.1.0+really9.1.0+dfsg2-3build1) ...
#7 647.5 Setting up libboost-graph-parallel-dev (1.74.0.3ubuntu7) ...
#7 647.5 Setting up mpi-default-dev (1.14) ...
#7 647.5 Setting up libhdf5-openmpi-dev (1.10.7+repack-4ubuntu2) ...
#7 647.5 update-alternatives: using /usr/bin/h5pcc.openmpi to provide /usr/bin/h5pcc (h5pcc) in auto mode
#7 647.5 update-alternatives: warning: skip creation of /usr/share/man/man1/h5pcc.1.gz because associated file /usr/share/man/man1/h5pcc.openmpi.1.gz (of link group h5pcc) doesn't exist
#7 647.5 update-alternatives: warning: skip creation of /usr/share/man/man1/h5pfc.1.gz because associated file /usr/share/man/man1/h5pfc.openmpi.1.gz (of link group h5pcc) doesn't exist
#7 647.5 update-alternatives: using /usr/lib/x86_64-linux-gnu/pkgconfig/hdf5-openmpi.pc to provide /usr/lib/x86_64-linux-gnu/pkgconfig/hdf5.pc (hdf5.pc) in auto mode
#7 647.5 update-alternatives: updating alternative /usr/bin/mpicc.openmpi because link group mpi has changed slave links
#7 647.5 update-alternatives: warning: skip creation of /usr/share/man/man1/mpiCC.1.gz because associated file /usr/share/man/man1/mpiCC.openmpi.1.gz (of link group mpi) doesn't exist
#7 647.5 update-alternatives: warning: skip creation of /usr/share/man/man1/mpic++.1.gz because associated file /usr/share/man/man1/mpic++.openmpi.1.gz (of link group mpi) doesn't exist
#7 647.5 update-alternatives: warning: skip creation of /usr/share/man/man1/mpicc.1.gz because associated file /usr/share/man/man1/mpicc.openmpi.1.gz (of link group mpi) doesn't exist
#7 647.5 update-alternatives: warning: skip creation of /usr/share/man/man1/mpicxx.1.gz because associated file /usr/share/man/man1/mpicxx.openmpi.1.gz (of link group mpi) doesn't exist
#7 647.5 update-alternatives: warning: skip creation of /usr/share/man/man1/mpif77.1.gz because associated file /usr/share/man/man1/mpif77.openmpi.1.gz (of link group mpi) doesn't exist
#7 647.5 update-alternatives: warning: skip creation of /usr/share/man/man1/mpif90.1.gz because associated file /usr/share/man/man1/mpif90.openmpi.1.gz (of link group mpi) doesn't exist
#7 647.5 update-alternatives: warning: skip creation of /usr/share/man/man1/mpifort.1.gz because associated file /usr/share/man/man1/mpifort.openmpi.1.gz (of link group mpi) doesn't exist
#7 647.6 update-alternatives: using /usr/lib/x86_64-linux-gnu/pkgconfig/hdf5-mpi.pc to provide /usr/lib/x86_64-linux-gnu/pkgconfig/hdf5.pc (hdf5.pc) in auto mode
#7 647.6 Setting up libboost-mpi1.74-dev (1.74.0-14ubuntu3) ...
#7 647.6 Setting up libboost-mpi-python1.74-dev (1.74.0-14ubuntu3) ...
#7 647.6 Setting up libboost-mpi-python-dev (1.74.0.3ubuntu7) ...
#7 647.6 Setting up libboost-mpi-dev (1.74.0.3ubuntu7) ...
#7 647.6 Setting up libhdf5-mpi-dev (1.10.7+repack-4ubuntu2) ...
#7 647.6 Setting up libboost-all-dev (1.74.0.3ubuntu7) ...
#7 647.6 Setting up libflann-dev:amd64 (1.9.1+dfsg-11) ...
#7 647.7 Setting up default-jre-headless (2:1.11-72build2) ...
#7 647.7 Setting up openjdk-11-jre-headless:amd64 (11.0.31+11-1ubuntu1~22.04.2) ...
#7 647.8 update-alternatives: using /usr/lib/jvm/java-11-openjdk-amd64/bin/java to provide /usr/bin/java (java) in auto mode
#7 647.9 update-alternatives: using /usr/lib/jvm/java-11-openjdk-amd64/bin/jjs to provide /usr/bin/jjs (jjs) in auto mode
#7 647.9 update-alternatives: using /usr/lib/jvm/java-11-openjdk-amd64/bin/keytool to provide /usr/bin/keytool (keytool) in auto mode
#7 647.9 update-alternatives: using /usr/lib/jvm/java-11-openjdk-amd64/bin/rmid to provide /usr/bin/rmid (rmid) in auto mode
#7 647.9 update-alternatives: using /usr/lib/jvm/java-11-openjdk-amd64/bin/rmiregistry to provide /usr/bin/rmiregistry (rmiregistry) in auto mode
#7 647.9 update-alternatives: using /usr/lib/jvm/java-11-openjdk-amd64/bin/pack200 to provide /usr/bin/pack200 (pack200) in auto mode
#7 647.9 update-alternatives: using /usr/lib/jvm/java-11-openjdk-amd64/bin/unpack200 to provide /usr/bin/unpack200 (unpack200) in auto mode
#7 647.9 update-alternatives: using /usr/lib/jvm/java-11-openjdk-amd64/lib/jexec to provide /usr/bin/jexec (jexec) in auto mode
#7 648.4 Setting up openjdk-11-jre:amd64 (11.0.31+11-1ubuntu1~22.04.2) ...
#7 648.4 Setting up openjdk-11-jdk-headless:amd64 (11.0.31+11-1ubuntu1~22.04.2) ...
#7 648.4 update-alternatives: using /usr/lib/jvm/java-11-openjdk-amd64/bin/jar to provide /usr/bin/jar (jar) in auto mode
#7 648.4 update-alternatives: using /usr/lib/jvm/java-11-openjdk-amd64/bin/jarsigner to provide /usr/bin/jarsigner (jarsigner) in auto mode
#7 648.4 update-alternatives: using /usr/lib/jvm/java-11-openjdk-amd64/bin/javac to provide /usr/bin/javac (javac) in auto mode
#7 648.5 update-alternatives: using /usr/lib/jvm/java-11-openjdk-amd64/bin/javadoc to provide /usr/bin/javadoc (javadoc) in auto mode
#7 648.5 update-alternatives: using /usr/lib/jvm/java-11-openjdk-amd64/bin/javap to provide /usr/bin/javap (javap) in auto mode
#7 648.5 update-alternatives: using /usr/lib/jvm/java-11-openjdk-amd64/bin/jcmd to provide /usr/bin/jcmd (jcmd) in auto mode
#7 648.5 update-alternatives: using /usr/lib/jvm/java-11-openjdk-amd64/bin/jdb to provide /usr/bin/jdb (jdb) in auto mode
#7 648.5 update-alternatives: using /usr/lib/jvm/java-11-openjdk-amd64/bin/jdeprscan to provide /usr/bin/jdeprscan (jdeprscan) in auto mode
#7 648.5 update-alternatives: using /usr/lib/jvm/java-11-openjdk-amd64/bin/jdeps to provide /usr/bin/jdeps (jdeps) in auto mode
#7 648.5 update-alternatives: using /usr/lib/jvm/java-11-openjdk-amd64/bin/jfr to provide /usr/bin/jfr (jfr) in auto mode
#7 648.5 update-alternatives: using /usr/lib/jvm/java-11-openjdk-amd64/bin/jimage to provide /usr/bin/jimage (jimage) in auto mode
#7 648.5 update-alternatives: using /usr/lib/jvm/java-11-openjdk-amd64/bin/jinfo to provide /usr/bin/jinfo (jinfo) in auto mode
#7 648.5 update-alternatives: using /usr/lib/jvm/java-11-openjdk-amd64/bin/jlink to provide /usr/bin/jlink (jlink) in auto mode
#7 648.5 update-alternatives: using /usr/lib/jvm/java-11-openjdk-amd64/bin/jmap to provide /usr/bin/jmap (jmap) in auto mode
#7 648.5 update-alternatives: using /usr/lib/jvm/java-11-openjdk-amd64/bin/jmod to provide /usr/bin/jmod (jmod) in auto mode
#7 648.5 update-alternatives: using /usr/lib/jvm/java-11-openjdk-amd64/bin/jps to provide /usr/bin/jps (jps) in auto mode
#7 648.5 update-alternatives: using /usr/lib/jvm/java-11-openjdk-amd64/bin/jrunscript to provide /usr/bin/jrunscript (jrunscript) in auto mode
#7 648.5 update-alternatives: using /usr/lib/jvm/java-11-openjdk-amd64/bin/jshell to provide /usr/bin/jshell (jshell) in auto mode
#7 648.5 update-alternatives: using /usr/lib/jvm/java-11-openjdk-amd64/bin/jstack to provide /usr/bin/jstack (jstack) in auto mode
#7 648.5 update-alternatives: using /usr/lib/jvm/java-11-openjdk-amd64/bin/jstat to provide /usr/bin/jstat (jstat) in auto mode
#7 648.5 update-alternatives: using /usr/lib/jvm/java-11-openjdk-amd64/bin/jstatd to provide /usr/bin/jstatd (jstatd) in auto mode
#7 648.5 update-alternatives: using /usr/lib/jvm/java-11-openjdk-amd64/bin/rmic to provide /usr/bin/rmic (rmic) in auto mode
#7 648.5 update-alternatives: using /usr/lib/jvm/java-11-openjdk-amd64/bin/serialver to provide /usr/bin/serialver (serialver) in auto mode
#7 648.6 update-alternatives: using /usr/lib/jvm/java-11-openjdk-amd64/bin/jaotc to provide /usr/bin/jaotc (jaotc) in auto mode
#7 648.6 update-alternatives: using /usr/lib/jvm/java-11-openjdk-amd64/bin/jhsdb to provide /usr/bin/jhsdb (jhsdb) in auto mode
#7 648.6 Setting up default-jre (2:1.11-72build2) ...
#7 648.6 Setting up default-jdk-headless (2:1.11-72build2) ...
#7 648.6 Setting up openjdk-11-jdk:amd64 (11.0.31+11-1ubuntu1~22.04.2) ...
#7 648.6 update-alternatives: using /usr/lib/jvm/java-11-openjdk-amd64/bin/jconsole to provide /usr/bin/jconsole (jconsole) in auto mode
#7 648.6 Setting up ca-certificates-java (20190909ubuntu1.3) ...
#7 648.7 head: cannot open '/etc/ssl/certs/java/cacerts' for reading: No such file or directory
#7 648.9 Adding debian:TunTrust_Root_CA.pem
#7 648.9 Adding debian:ANF_Secure_Server_Root_CA.pem
#7 648.9 Adding debian:SSL.com_EV_Root_Certification_Authority_RSA_R2.pem
#7 648.9 Adding debian:IdenTrust_Commercial_Root_CA_1.pem
#7 648.9 Adding debian:USERTrust_ECC_Certification_Authority.pem
#7 648.9 Adding debian:emSign_Root_CA_-_C1.pem
#7 649.0 Adding debian:Telekom_Security_TLS_ECC_Root_2020.pem
#7 649.0 Adding debian:IdenTrust_Public_Sector_Root_CA_1.pem
#7 649.0 Adding debian:TrustAsia_TLS_ECC_Root_CA.pem
#7 649.0 Adding debian:vTrus_ECC_Root_CA.pem
#7 649.0 Adding debian:TrustAsia_Global_Root_CA_G4.pem
#7 649.0 Adding debian:Starfield_Services_Root_Certificate_Authority_-_G2.pem
#7 649.0 Adding debian:e-Szigno_Root_CA_2017.pem
#7 649.0 Adding debian:DigiCert_Assured_ID_Root_G3.pem
#7 649.0 Adding debian:Atos_TrustedRoot_2011.pem
#7 649.0 Adding debian:TWCA_Root_Certification_Authority.pem
#7 649.0 Adding debian:Amazon_Root_CA_2.pem
#7 649.0 Adding debian:Certainly_Root_R1.pem
#7 649.0 Adding debian:emSign_ECC_Root_CA_-_G3.pem
#7 649.0 Adding debian:GTS_Root_R4.pem
#7 649.0 Adding debian:ISRG_Root_X2.pem
#7 649.0 Adding debian:Sectigo_Public_Server_Authentication_Root_E46.pem
#7 649.0 Adding debian:DigiCert_Global_Root_G2.pem
#7 649.0 Adding debian:vTrus_Root_CA.pem
#7 649.0 Adding debian:Telia_Root_CA_v2.pem
#7 649.0 Adding debian:AC_RAIZ_FNMT-RCM.pem
#7 649.0 Adding debian:GTS_Root_R3.pem
#7 649.0 Adding debian:SwissSign_RSA_TLS_Root_CA_2022_-_1.pem
#7 649.0 Adding debian:OISTE_Server_Root_ECC_G1.pem
#7 649.0 Adding debian:GlobalSign_Root_E46.pem
#7 649.0 Adding debian:SSL.com_EV_Root_Certification_Authority_ECC.pem
#7 649.0 Adding debian:Microsec_e-Szigno_Root_CA_2009.pem
#7 649.0 Adding debian:SecureSign_Root_CA14.pem
#7 649.1 Adding debian:CA_Disig_Root_R2.pem
#7 649.1 Adding debian:emSign_ECC_Root_CA_-_C3.pem
#7 649.1 Adding debian:UCA_Global_G2_Root.pem
#7 649.1 Adding debian:AC_RAIZ_FNMT-RCM_SERVIDORES_SEGUROS.pem
#7 649.1 Adding debian:DigiCert_TLS_ECC_P384_Root_G5.pem
#7 649.1 Adding debian:OISTE_WISeKey_Global_Root_GC_CA.pem
#7 649.1 Adding debian:TrustAsia_Global_Root_CA_G3.pem
#7 649.1 Adding debian:GlobalSign_Root_CA_-_R3.pem
#7 649.1 Adding debian:Hellenic_Academic_and_Research_Institutions_ECC_RootCA_2015.pem
#7 649.1 Adding debian:Amazon_Root_CA_4.pem
#7 649.1 Adding debian:NetLock_Arany_=Class_Gold=_Főtanúsítvány.pem
#7 649.1 Adding debian:Actalis_Authentication_Root_CA.pem
#7 649.1 Adding debian:DigiCert_TLS_RSA4096_Root_G5.pem
#7 649.1 Adding debian:certSIGN_Root_CA_G2.pem
#7 649.1 Adding debian:D-TRUST_Root_Class_3_CA_2_EV_2009.pem
#7 649.1 Adding debian:Microsoft_ECC_Root_Certificate_Authority_2017.pem
#7 649.1 Adding debian:GTS_Root_R1.pem
#7 649.1 Adding debian:TWCA_Global_Root_CA.pem
#7 649.1 Adding debian:OISTE_WISeKey_Global_Root_GB_CA.pem
#7 649.1 Adding debian:DigiCert_Trusted_Root_G4.pem
#7 649.1 Adding debian:T-TeleSec_GlobalRoot_Class_3.pem
#7 649.1 Adding debian:SZAFIR_ROOT_CA2.pem
#7 649.1 Adding debian:SecureSign_Root_CA15.pem
#7 649.1 Adding debian:COMODO_RSA_Certification_Authority.pem
#7 649.1 Adding debian:QuoVadis_Root_CA_3_G3.pem
#7 649.1 Adding debian:GDCA_TrustAUTH_R5_ROOT.pem
#7 649.1 Adding debian:Certum_EC-384_CA.pem
#7 649.2 Adding debian:Entrust_Root_Certification_Authority.pem
#7 649.2 Adding debian:emSign_Root_CA_-_G1.pem
#7 649.2 Adding debian:UCA_Extended_Validation_Root.pem
#7 649.2 Adding debian:USERTrust_RSA_Certification_Authority.pem
#7 649.2 Adding debian:D-TRUST_BR_Root_CA_2_2023.pem
#7 649.2 Adding debian:Certainly_Root_E1.pem
#7 649.2 Adding debian:SSL.com_TLS_ECC_Root_CA_2022.pem
#7 649.2 Adding debian:SSL.com_Root_Certification_Authority_ECC.pem
#7 649.2 Adding debian:Security_Communication_ECC_RootCA1.pem
#7 649.2 Adding debian:HARICA_TLS_RSA_Root_CA_2021.pem
#7 649.2 Adding debian:CFCA_EV_ROOT.pem
#7 649.2 Adding debian:ACCVRAIZ1.pem
#7 649.2 Adding debian:Atos_TrustedRoot_Root_CA_RSA_TLS_2021.pem
#7 649.2 Adding debian:Amazon_Root_CA_3.pem
#7 649.2 Adding debian:Security_Communication_RootCA2.pem
#7 649.2 Adding debian:TUBITAK_Kamu_SM_SSL_Kok_Sertifikasi_-_Surum_1.pem
#7 649.2 Adding debian:Telekom_Security_TLS_RSA_Root_2023.pem
#7 649.2 Adding debian:Certum_Trusted_Root_CA.pem
#7 649.2 Adding debian:Izenpe.com.pem
#7 649.2 Adding debian:QuoVadis_Root_CA_2_G3.pem
#7 649.2 Adding debian:Buypass_Class_3_Root_CA.pem
#7 649.2 Adding debian:Amazon_Root_CA_1.pem
#7 649.2 Adding debian:SecureSign_Root_CA12.pem
#7 649.2 Adding debian:NAVER_Global_Root_Certification_Authority.pem
#7 649.2 Adding debian:SSL.com_Root_Certification_Authority_RSA.pem
#7 649.3 Adding debian:Autoridad_de_Certificacion_Firmaprofesional_CIF_A62634068.pem
#7 649.3 Adding debian:Atos_TrustedRoot_Root_CA_ECC_TLS_2021.pem
#7 649.3 Adding debian:Starfield_Root_Certificate_Authority_-_G2.pem
#7 649.3 Adding debian:Certum_Trusted_Network_CA.pem
#7 649.3 Adding debian:OISTE_Server_Root_RSA_G1.pem
#7 649.3 Adding debian:COMODO_ECC_Certification_Authority.pem
#7 649.3 Adding debian:GlobalSign_ECC_Root_CA_-_R4.pem
#7 649.3 Adding debian:ISRG_Root_X1.pem
#7 649.3 Adding debian:Certum_Trusted_Network_CA_2.pem
#7 649.3 Adding debian:BJCA_Global_Root_CA2.pem
#7 649.3 Adding debian:GlobalSign_Root_CA_-_R6.pem
#7 649.3 Adding debian:HiPKI_Root_CA_-_G1.pem
#7 649.3 Adding debian:GlobalSign_ECC_Root_CA_-_R5.pem
#7 649.3 Adding debian:D-TRUST_Root_Class_3_CA_2_2009.pem
#7 649.3 Adding debian:DigiCert_Assured_ID_Root_G2.pem
#7 649.3 Adding debian:Buypass_Class_2_Root_CA.pem
#7 649.3 Adding debian:D-TRUST_BR_Root_CA_1_2020.pem
#7 649.3 Adding debian:ePKI_Root_Certification_Authority.pem
#7 649.3 Adding debian:D-TRUST_EV_Root_CA_1_2020.pem
#7 649.3 Adding debian:DigiCert_Global_Root_G3.pem
#7 649.3 Adding debian:HARICA_TLS_ECC_Root_CA_2021.pem
#7 649.3 Adding debian:TrustAsia_TLS_RSA_Root_CA.pem
#7 649.3 Adding debian:Sectigo_Public_Server_Authentication_Root_R46.pem
#7 649.3 Adding debian:GlobalSign_Root_R46.pem
#7 649.3 Adding debian:Hongkong_Post_Root_CA_3.pem
#7 649.3 Adding debian:e-Szigno_TLS_Root_CA_2023.pem
#7 649.3 Adding debian:Hellenic_Academic_and_Research_Institutions_RootCA_2015.pem
#7 649.3 Adding debian:Go_Daddy_Root_Certificate_Authority_-_G2.pem
#7 649.3 Adding debian:QuoVadis_Root_CA_1_G3.pem
#7 649.3 Adding debian:Certigna_Root_CA.pem
#7 649.3 Adding debian:D-TRUST_EV_Root_CA_2_2023.pem
#7 649.3 Adding debian:SSL.com_TLS_RSA_Root_CA_2022.pem
#7 649.3 Adding debian:Microsoft_RSA_Root_Certificate_Authority_2017.pem
#7 649.3 Adding debian:TWCA_CYBER_Root_CA.pem
#7 649.4 Adding debian:T-TeleSec_GlobalRoot_Class_2.pem
#7 649.4 Adding debian:BJCA_Global_Root_CA1.pem
#7 649.4 done.
#7 649.4 Setting up default-jdk (2:1.11-72build2) ...
#7 649.5 Processing triggers for ca-certificates (20260601~22.04.1) ...
#7 649.5 Updating certificates in /etc/ssl/certs...
#7 650.0 0 added, 0 removed; done.
#7 650.0 Running hooks in /etc/ca-certificates/update.d...
#7 650.0 
#7 650.2 done.
#7 650.2 done.
#7 650.3 Processing triggers for sgml-base (1.30) ...
#7 650.3 Setting up x11proto-dev (2021.5-1) ...
#7 650.3 Setting up libxau-dev:amd64 (1:1.0.9-1build5) ...
#7 650.3 Setting up libice-dev:amd64 (2:1.0.10-1build2) ...
#7 650.3 Setting up libsm-dev:amd64 (2:1.2.3-1build2) ...
#7 650.3 Processing triggers for libc-bin (2.35-0ubuntu3.13) ...
#7 650.5 Setting up libgstreamer-plugins-base1.0-0:amd64 (1.20.1-1ubuntu0.6) ...
#7 650.5 Setting up libqt5webkit5:amd64 (5.212.0~alpha4-15ubuntu1) ...
#7 650.5 Setting up libxdmcp-dev:amd64 (1:1.1.3-0ubuntu5) ...
#7 650.5 Setting up qt5-assistant (5.15.3-1) ...
#7 650.5 Setting up qttools5-dev-tools (5.15.3-1) ...
#7 650.6 Setting up libxcb1-dev:amd64 (1.14-3ubuntu3) ...
#7 650.6 Setting up libx11-dev:amd64 (2:1.7.5-1ubuntu0.3) ...
#7 650.6 Setting up libxt-dev:amd64 (1:1.2.1-1) ...
#7 650.6 Setting up libxpm-dev:amd64 (1:3.5.12-1ubuntu0.22.04.2) ...
#7 650.7 Setting up libxext-dev:amd64 (2:1.3.4-1build1) ...
#7 650.7 Setting up libglx-dev:amd64 (1.4.0-1) ...
#7 650.7 Setting up libxrender-dev:amd64 (1:0.9.10-1build4) ...
#7 650.7 Setting up libgl-dev:amd64 (1.4.0-1) ...
#7 650.7 Setting up libxft-dev:amd64 (2.3.4-1) ...
#7 650.7 Setting up libxmu-headers (2:1.1.3-3) ...
#7 650.8 Setting up libegl-dev:amd64 (1.4.0-1) ...
#7 650.8 Setting up libxmu-dev:amd64 (2:1.1.3-3) ...
#7 650.8 Setting up libxss-dev:amd64 (1:1.2.3-1build2) ...
#7 650.8 Setting up libxrandr-dev:amd64 (2:1.5.2-1build1) ...
#7 650.8 Setting up libglu1-mesa-dev:amd64 (9.0.2-1) ...
#7 650.8 Setting up tk8.6-dev:amd64 (8.6.12-1build1) ...
#7 650.9 Setting up qtbase5-dev:amd64 (5.15.3+dfsg-2ubuntu0.2) ...
#7 650.9 Setting up qtdeclarative5-dev:amd64 (5.15.3+dfsg-1) ...
#7 650.9 Setting up libxaw7-dev:amd64 (2:1.0.14-1) ...
#7 650.9 Setting up libgles-dev:amd64 (1.4.0-1) ...
#7 650.9 Setting up libqt5opengl5-dev:amd64 (5.15.3+dfsg-2ubuntu0.2) ...
#7 650.9 Setting up libglvnd-dev:amd64 (1.4.0-1) ...
#7 651.0 Setting up libqt5webkit5-dev:amd64 (5.212.0~alpha4-15ubuntu1) ...
#7 651.0 Setting up libglew-dev:amd64 (2.2.0-4) ...
#7 651.0 Setting up tk-dev:amd64 (8.6.11+1build2) ...
#7 651.0 Setting up qttools5-dev:amd64 (5.15.3-1) ...
#7 651.0 Setting up libgl1-mesa-dev:amd64 (23.2.1-1ubuntu3.1~22.04.4) ...
#7 651.1 Setting up ros-humble-rviz-ogre-vendor (11.2.27-1jammy.20260612.182926) ...
#7 651.1 Setting up qttools5-private-dev:amd64 (5.15.3-1) ...
#7 651.1 Setting up libvtk9-dev (9.1.0+really9.1.0+dfsg2-3build1) ...
#7 651.1 Setting up libvtk9-qt-dev:amd64 (9.1.0+really9.1.0+dfsg2-3build1) ...
#7 651.1 Setting up ros-humble-rviz-rendering (11.2.27-1jammy.20260612.190415) ...
#7 651.2 Setting up libpcl-dev (1.12.1+dfsg-3build1) ...
#7 651.2 Setting up ros-humble-rviz-common (11.2.27-1jammy.20260612.193221) ...
#7 651.2 Setting up ros-humble-pcl-conversions (2.4.5-2jammy.20260605.160413) ...
#7 651.2 Setting up ros-humble-rviz-default-plugins (11.2.27-1jammy.20260612.201202) ...
#7 651.2 Setting up ros-humble-rviz2 (11.2.27-1jammy.20260612.213323) ...
#7 651.3 Setting up ros-humble-pcl-ros (2.4.5-2jammy.20260606.043532) ...
#7 651.3 Processing triggers for libc-bin (2.35-0ubuntu3.13) ...
#7 DONE 652.9s

#8 [3/7] RUN if [[ ! -e /etc/ros/rosdep/sources.list.d/20-default.list ]]; then rosdep init; fi
#8 DONE 0.5s

#9 [4/7] RUN groupadd --gid "1000" "ros"     && useradd --uid "1000" --gid "1000" --create-home       --shell /bin/bash "ros"     && mkdir -p /workspace/ros2_ws     && chown -R "1000:1000" /workspace
#9 DONE 0.3s

#10 [5/7] COPY --chmod=0755 docker/entrypoint.sh /usr/local/bin/unitree-entrypoint
#10 DONE 0.1s

#11 [6/7] WORKDIR /workspace/ros2_ws
#11 DONE 0.0s

#12 [7/7] RUN rosdep update --rosdistro humble
#12 7.409 reading in sources list data from /etc/ros/rosdep/sources.list.d
#12 7.409 Hit https://raw.githubusercontent.com/ros/rosdistro/master/rosdep/osx-homebrew.yaml
#12 7.409 Hit https://raw.githubusercontent.com/ros/rosdistro/master/rosdep/base.yaml
#12 7.409 Hit https://raw.githubusercontent.com/ros/rosdistro/master/rosdep/python.yaml
#12 7.409 Hit https://raw.githubusercontent.com/ros/rosdistro/master/rosdep/ruby.yaml
#12 7.409 Hit https://raw.githubusercontent.com/ros/rosdistro/master/releases/fuerte.yaml
#12 7.409 Query rosdistro index https://raw.githubusercontent.com/ros/rosdistro/master/index-v4.yaml
#12 7.409 Skip distro "ardent" different from requested "humble"
#12 7.409 Skip distro "bouncy" different from requested "humble"
#12 7.409 Skip distro "crystal" different from requested "humble"
#12 7.409 Skip distro "dashing" different from requested "humble"
#12 7.409 Skip distro "eloquent" different from requested "humble"
#12 7.409 Skip distro "foxy" different from requested "humble"
#12 7.409 Skip distro "galactic" different from requested "humble"
#12 7.409 Skip distro "groovy" different from requested "humble"
#12 7.409 Add distro "humble"
#12 7.409 Skip distro "hydro" different from requested "humble"
#12 7.409 Skip distro "indigo" different from requested "humble"
#12 7.409 Skip distro "iron" different from requested "humble"
#12 7.409 Skip distro "jade" different from requested "humble"
#12 7.409 Skip distro "jazzy" different from requested "humble"
#12 7.409 Skip distro "kilted" different from requested "humble"
#12 7.409 Skip distro "kinetic" different from requested "humble"
#12 7.409 Skip distro "lunar" different from requested "humble"
#12 7.409 Skip distro "lyrical" different from requested "humble"
#12 7.409 Skip distro "melodic" different from requested "humble"
#12 7.409 Skip distro "noetic" different from requested "humble"
#12 7.409 Skip distro "rolling" different from requested "humble"
#12 7.409 updated cache in /home/ros/.ros/rosdep/sources.cache
#12 DONE 7.5s

#13 exporting to image
#13 exporting layers
#13 exporting layers 127.3s done
#13 exporting manifest sha256:de1aa517a9ecd8928df056fdd86bf51a5462daf23121e8ffc9627f8fe512d681 0.0s done
#13 exporting config sha256:b73bb37f5b829006b6db71462d3e430f03d6a5b0441f28d7e866111c6bc2d1d2 0.0s done
#13 exporting attestation manifest sha256:e2c02ed271c6810cb2b01b28b9dee875cda20ee92428928827e48df79ff19c36 0.0s done
#13 exporting manifest list sha256:2e9707a45f0ef0dfa3a8e37ecd28cd89c873493aacde3494fda2cc33115a8978 0.0s done
#13 naming to docker.io/library/unitree-l1:humble-v1.0.16 done
#13 unpacking to docker.io/library/unitree-l1:humble-v1.0.16
#13 unpacking to docker.io/library/unitree-l1:humble-v1.0.16 18.1s done
#13 DONE 145.6s

#14 resolving provenance for metadata file
#14 DONE 0.0s
 Image unitree-l1:humble-v1.0.16 Built 
