time_s,x_m,y_m,z_m,qx,qy,qz,qw,frame_id,child_frame_id
1786133634.813496,0.0,0.0,0.0,0.0,0.0,0.0,1.0,odom_lidar,unilidar_lidar
1786133634.9466321,-0.03295938610313231,0.05139424769566686,0.015394811448565039,-0.013465372287428617,0.014855266173792521,0.004804164991001074,0.9997874398164872,odom_lidar,unilidar_lidar
1786133635.0664935,-0.013713440153065838,0.1325445874303767,0.018935033055680922,-0.011959563407206802,0.01826145436931025,0.0015273338031114303,0.9997605490210546,odom_lidar,unilidar_lidar
1786133635.1869428,-0.033425806847964985,0.11367483965999978,-0.015628644537581397,-0.0265828045562797,0.019831744450720473,9.028006989440425e-05,0.9994498728117748,odom_lidar,unilidar_lidar
1786133635.3111053,-0.008145300720673258,0.08951182751428158,-0.031258018854457725,-0.014204057652709089,0.013705460557647525,0.0001754778289362616,0.999805168172596,odom_lidar,unilidar_lidar
1786133635.4367797,0.041226516982709446,-0.013186101462960259,-0.016002954389057678,-0.004612082620051134,-0.002761944187354227,0.009035104193412254,0.9999447320979425,odom_lidar,unilidar_lidar
1786133635.5696983,-0.007716117847478152,-0.09214986893445574,-0.024282500029906146,-0.01778907160837426,-0.007292973739623338,0.057179288268427775,0.9981787868205082,odom_lidar,unilidar_lidar
1786133635.7113304,0.06648746431561506,-0.12154202991657766,-0.04240968261538444,-0.02276809242232456,-0.007402432586607578,0.07261648709926276,0.9970725468894487,odom_lidar,unilidar_lidar
1786133635.8393235,-0.02908500079319365,-0.02922850600491808,-0.08964644615684271,-0.015268537824350297,-0.001125849064508035,0.056692447221105925,0.9982742962956986,odom_lidar,unilidar_lidar
1786133635.961596,-0.042773630942758115,0.05998612210125927,-0.06761939959119331,-0.01218967642508573,0.011762200913478111,0.030931990813564642,0.9993779437042988,odom_lidar,unilidar_lidar
1786133636.0896823,0.056843272577837695,-0.0020210297214946493,-0.0668352438842042,-0.024500008024754005,0.011550413239354464,0.016860026373625478,0.9994909089488849,odom_lidar,unilidar_lidar
1786133636.2094128,0.16258396832761088,-0.11194349796127759,-0.04104190097378656,-0.026086164581602258,0.0007849120895533586,0.06722919293715761,0.9973961758235549,odom_lidar,unilidar_lidar
1786133636.333609,0.3383710234179862,-0.10350436529579712,-0.048345953727833645,0.011705668973749066,-0.03530331464266125,0.09884777318668483,0.9944072460642833,odom_lidar,unilidar_lidar
1786133636.4574785,0.3134040122190093,-0.06974544017328718,-0.08584939979913232,0.012398179473291762,-0.022380599788417187,0.0929586389704945,0.9953411904164381,odom_lidar,unilidar_lidar
1786133636.5888276,0.17112972605434024,-0.038934052868073776,-0.10568936111566771,-0.005655367842576535,0.011992544672122848,0.060566220306611414,0.9980761136529736,odom_lidar,unilidar_lidar
1786133636.7222624,0.04337611355216794,-0.09119072384195423,-0.09358649270658762,-0.03770439014632786,0.0329475086448171,0.04211959382494686,0.9978570942042828,odom_lidar,unilidar_lidar
1786133636.8443267,0.09817580087579406,-0.054093461899518275,-0.11874175746748925,-0.050345536486338105,0.024575914327554037,0.030416513645977198,0.9979660250171304,odom_lidar,unilidar_lidar
1786133636.9694295,0.13801632716290071,-0.06305494649882516,-0.08289551547030491,-0.028446215517892327,-0.006033226380616128,0.04375272556014665,0.9986191025652416,odom_lidar,unilidar_lidar
1786133637.101354,0.10103233426437426,-0.0641575770484981,-0.07473519079506104,6.20809449062131e-05,-0.0242420988836879,0.08616037257598803,0.9959862985931266,odom_lidar,unilidar_lidar
1786133637.2301195,0.17590276986821585,-0.059144849648297124,-0.012435143577204072,0.009359405078665287,-0.01134988628685857,0.08688605752398107,0.9961096298228366,odom_lidar,unilidar_lidar
1786133637.3577378,0.16229985191283613,-0.0758681946770913,-0.03994870515733523,-0.00890046423809025,0.010590346959134094,0.06568009437145339,0.9977448328560709,odom_lidar,unilidar_lidar
1786133637.4967024,0.15339113000312776,-0.05918638892963204,-0.04634386202600543,-0.026205250707207747,0.030969143235078916,0.04189352945438736,0.998298116392349,odom_lidar,unilidar_lidar
1786133637.6256166,0.2245350996286427,-0.054366463265311346,-0.05520082231788395,-0.032364324434716166,0.019263233165032177,0.032019693090134936,0.9987773613805669,odom_lidar,unilidar_lidar
1786133637.7685874,0.19225771021832944,-0.02281389572763264,-0.021779772460972006,-0.024704767150201538,0.0032991061367056455,0.061766142954060334,0.9977794014527118,odom_lidar,unilidar_lidar
1786133637.9064348,0.06734577022284903,-0.040301538962075965,-0.05030851549303966,-0.014847309853929258,-0.00021108663713351314,0.07940110291534465,0.9967321494204749,odom_lidar,unilidar_lidar
1786133638.0299065,0.040130440367632136,-0.11424695507741893,-0.06612803662330514,-0.008170974512373383,0.0021708575700887557,0.07918899412098238,0.9968237686587513,odom_lidar,unilidar_lidar
1786133638.1746123,0.15306960124086455,-0.13695380633353837,-0.014091858472539673,-0.0028553010921723147,-0.011428844324908623,0.08050788247105403,0.996684358075864,odom_lidar,unilidar_lidar
1786133638.3022969,0.3123911377786893,-0.09776162138380118,0.0003816078984725177,-0.005267895859969308,-0.005824072714508701,0.07580314542630867,0.9970918777092224,odom_lidar,unilidar_lidar
1786133638.4440763,0.2857414477741207,-0.023225624561897577,-0.005814610943483684,-0.016200290939364818,0.01675585797803968,0.07421039388635135,0.9969702148189445,odom_lidar,unilidar_lidar
1786133638.5916302,0.12586767116982306,-0.0390558127520996,-0.04570446527667112,-0.016379004876569035,0.011802943662901733,0.09693728856468578,0.9950857153059081,odom_lidar,unilidar_lidar
1786133638.7392547,0.12547556217201453,-0.04310551519280057,-0.10244548407790999,-0.010137958974084824,0.001223424492219574,0.10017550817195044,0.9949173797772572,odom_lidar,unilidar_lidar
1786133638.8748538,0.14395465715513164,-0.09215872811461517,-0.08953788499092277,-0.02048858024284947,0.008481201465878722,0.08191604617110951,0.9963925173750655,odom_lidar,unilidar_lidar
1786133639.0084872,0.1313318230803451,-0.12981635880247736,-0.03714319599033766,-0.012758014252876065,0.00943923640892156,0.07812818437628447,0.9968169945854682,odom_lidar,unilidar_lidar
1786133639.1357896,0.16458434376201792,-0.12875693987273057,-0.020429465297498957,-0.007767926954496723,0.002530782013878837,0.09591512490749945,0.9953559882108545,odom_lidar,unilidar_lidar
1786133639.2593205,0.11672624371939194,-0.0858905425765074,-0.017695713703993178,-0.006718898991960844,-2.694957344808357e-05,0.09390034074817637,0.9955589292841648,odom_lidar,unilidar_lidar
1786133639.386332,0.14831260341964,-0.056974361467497674,-0.05166447746891345,-0.012161938501565538,0.009649244698293645,0.06978140276106581,0.9974414946037359,odom_lidar,unilidar_lidar
1786133639.522373,0.21388884607746603,-0.03604092086888823,-0.07627730387781773,-0.009353046397970771,0.008172975070007018,0.039048218657114886,0.9991601271174149,odom_lidar,unilidar_lidar
1786133639.6502147,0.13681779509129288,-0.006058203861987843,-0.087598331727764,-0.012968862697179636,0.0001293168231600315,0.04948723740288327,0.998690545270021,odom_lidar,unilidar_lidar
1786133639.7837903,0.05889634581673532,-0.03543994443225833,-0.07954512824855468,-0.018454658742981925,0.00031666902955707,0.046246919722326224,0.9987595044391832,odom_lidar,unilidar_lidar
1786133639.9092941,0.053355941513855934,-0.08651640036933493,-0.034362847218820484,-0.022642772327992854,0.008653114748584418,0.03852019667750869,0.9989637745756234,odom_lidar,unilidar_lidar
1786133640.0476594,0.15989015545328703,-0.1034315098602909,-0.046016284306316685,-0.00705368440777761,0.005623072813311311,0.04740890495452329,0.9988348323518883,odom_lidar,unilidar_lidar
1786133640.172756,0.21859750574014897,-0.12059552346712882,-0.05981212615763558,-0.0018820342103508486,-0.0010621617965602922,0.0684728794945697,0.9976506375145917,odom_lidar,unilidar_lidar
1786133640.2944484,0.23089328340901089,-0.15537927039755056,-0.012221658572743113,-0.010993419797237364,0.006437666846476645,0.07329443542117926,0.9972289741594085,odom_lidar,unilidar_lidar
1786133640.4289417,0.21394954361028218,-0.0738113960804373,-0.011062829706840076,-0.01118184264512346,0.007355791947981418,0.0617393317956024,0.998002561935244,odom_lidar,unilidar_lidar
1786133640.5695252,0.15679899125858004,-0.014029159097404964,-0.034789101046189964,-0.010288992808877033,0.007608511114228787,0.05675393955457475,0.9983061842594382,odom_lidar,unilidar_lidar
1786133640.707614,0.12075609098687075,-0.028477606135625555,-0.039619451677309334,-0.0107615960429289,0.007028892471133734,0.043378882933697425,0.9989760033337451,odom_lidar,unilidar_lidar
1786133640.8414762,0.13413830460982473,-0.03989381187274557,-0.06657816666295881,-0.014130247286163557,0.006281070433212235,0.027093947673204652,0.9995132826857914,odom_lidar,unilidar_lidar
1786133640.9580097,0.1290385826069079,-0.06912863745359668,-0.04183094461372905,-0.013154519596305113,0.005340387124781007,0.031416914807011746,0.999405531475365,odom_lidar,unilidar_lidar
1786133641.0733376,0.1220943095027823,-0.04309611845220286,-0.014191391937121631,-0.004617298312914196,-0.005065232663644863,0.04679572270996082,0.9988809660366972,odom_lidar,unilidar_lidar
1786133641.2010834,0.15723037374975307,-0.07233169899128326,-0.02385345627300267,-0.011735522443190654,-0.0013765423845647595,0.05792690437504313,0.998250898518791,odom_lidar,unilidar_lidar
1786133641.3195646,0.18812906115589165,-0.09428041457483005,-0.05750449945664781,-0.01373563160316974,0.006865491202330793,0.04745072346566708,0.9987555388069682,odom_lidar,unilidar_lidar
1786133641.46368,0.2405911555631213,-0.08411607554816902,-0.06665026915017785,-0.004994005533935917,0.003164048652786597,0.03217142860923522,0.9994648807667484,odom_lidar,unilidar_lidar
1786133641.6052034,0.3123911548636755,-0.032266290647094444,0.024569874490916327,0.0011265718117079507,0.001500103261345601,0.012703797654906222,0.9999175436261241,odom_lidar,unilidar_lidar
1786133641.7384453,0.3353297599245196,-0.04907798523158913,0.041944323288198124,-0.0004103839730243611,0.006119775185602411,0.010651139990932923,0.9999244637239184,odom_lidar,unilidar_lidar
1786133641.858266,0.30917756085401804,-0.09098158161362847,0.005155731059935095,-0.009033232526736589,0.014043444839895157,0.010191140369766571,0.9998086432038436,odom_lidar,unilidar_lidar
1786133641.9722793,0.23178876783522798,-0.04525890186047876,-0.052334212433936184,-0.011803665379538619,0.009535905369663126,0.031113461692437536,0.9994006666467168,odom_lidar,unilidar_lidar
1786133642.0946255,0.16874832460404587,-0.07467885280233696,-0.06154880813104947,-0.01250145518411305,0.0030637920841698678,0.054935482713997556,0.9984069408489329,odom_lidar,unilidar_lidar
1786133642.2192726,0.10369707250729401,-0.10437001159813684,-0.08464489786809691,-0.011878651651866204,-0.0034532392810469534,0.04584211771915231,0.9988721004294919,odom_lidar,unilidar_lidar
1786133642.3476236,0.1272712774899386,-0.11090841806315468,-0.04624205113765825,-0.01040961295876382,0.0012703395539867093,0.03034958319601296,0.9994843315406673,odom_lidar,unilidar_lidar
1786133642.4746711,0.14900649483210704,-0.06993255409033772,-0.0012454177299494953,-0.009063756904674723,0.00291379711683442,0.01761810280524038,0.9997994601672272,odom_lidar,unilidar_lidar
1786133642.6224492,0.22118493408768886,-0.16284161352536733,-0.03282893653621192,-0.021954177189816237,0.010361391345345071,0.0243052760600245,0.9994097804349089,odom_lidar,unilidar_lidar
1786133642.758673,0.3395621429039033,-0.157279639424245,-0.05936445766741867,-0.0229897626220784,0.014262882205569566,0.02156538264622728,0.9994013084227439,odom_lidar,unilidar_lidar
1786133642.8869944,0.41660013655615186,-0.1109539021084778,-0.04222989174768234,-0.018787963727376008,0.014660919602640668,0.021558827170586884,0.9994835100322629,odom_lidar,unilidar_lidar
1786133643.0077682,0.3878655131877049,-0.14607360009918413,-0.06067138435198191,-0.012851859885338004,0.00902928023651082,0.022555545761891314,0.9996222032104337,odom_lidar,unilidar_lidar
1786133643.136174,0.40357781266538023,-0.16075426064520573,-0.056295629477952844,-0.005705774599113802,-0.0010705964933810641,0.0391781635610843,0.9992153769129823,odom_lidar,unilidar_lidar
1786133643.2636268,0.430109280337216,-0.13033520025362993,-0.00772734823813432,-0.0032860518977770917,5.8228174725269286e-05,0.052252059312217075,0.998628519906195,odom_lidar,unilidar_lidar
1786133643.400008,0.46940757611347567,-0.10157358800726882,0.05481461939401501,0.008882346147971853,-0.0007727737460020553,0.05064276498102847,0.9986770334310895,odom_lidar,unilidar_lidar
1786133643.5360012,0.5677115519844634,-0.1685874579505956,0.0032072001334722683,-0.003015354519834843,0.006213750053383552,0.03907617204365985,0.9992123646782041,odom_lidar,unilidar_lidar
1786133643.6755464,0.5476068020001668,-0.20055344743078501,-0.07640139387048356,-0.017466545457382392,0.010811478828970907,0.033640326211357985,0.99922287812465,odom_lidar,unilidar_lidar
1786133643.8084,0.535250324660779,-0.15470957915756522,-0.07865618359695123,-0.019645391247728572,0.010143691834125583,0.03759307725851666,0.9990485096635365,odom_lidar,unilidar_lidar
1786133643.9285762,0.4860747902469911,-0.15190701909631732,-0.02569281446721338,-0.01733755412017245,0.011660075126844235,0.042804892358147564,0.9988649523611156,odom_lidar,unilidar_lidar
1786133644.047936,0.4426532497816473,-0.17881657788422195,-0.0430766120536057,-0.017758162534186567,0.00752248093088095,0.042597189167693096,0.9989061714791164,odom_lidar,unilidar_lidar
1786133644.1673567,0.44681746475044837,-0.17847821546813608,-0.03044038668874155,-0.015572649224347923,0.003802566401666454,0.039229790802880166,0.9991016247601936,odom_lidar,unilidar_lidar
1786133644.2924228,0.44349457587552826,-0.22124080722488107,-0.03719653881919413,-0.01940261619312816,0.0033728494528876907,0.03308680328620445,0.9992584379527302,odom_lidar,unilidar_lidar
1786133644.414727,0.4707074380632937,-0.23606982457055223,-0.046892540042919116,-0.016129355366067594,0.0014066643813657618,0.01354438938943709,0.9997771825296179,odom_lidar,unilidar_lidar
1786133644.5475507,0.4687764709255974,-0.1863964113847241,-0.05894896647502693,-0.011552421591842612,0.0016468408456181815,-0.0065003943929987,0.9999107831918451,odom_lidar,unilidar_lidar
1786133644.6784909,0.5138385506276643,-0.15591048975161217,-0.04015273498492149,-0.004043321841489247,0.0006044423845642055,-0.013244395105039608,0.9999039314835159,odom_lidar,unilidar_lidar
1786133644.800649,0.5046895941949004,-0.1375790012135448,0.012874461244018101,-0.0009316697612743243,0.004971309910686217,-0.007448819852039786,0.9999594657545073,odom_lidar,unilidar_lidar
1786133644.9364676,0.4973096824105142,-0.1267693127830187,0.02744811439828771,-0.0031424692057238483,0.010894142127378078,0.0018200978121256782,0.9999340627254149,odom_lidar,unilidar_lidar
1786133645.061779,0.47439167515270286,-0.14961139092647124,-0.0061829593188529874,-0.012110695937262522,0.00950081538187592,0.009297155251758319,0.9998383011543515,odom_lidar,unilidar_lidar
1786133645.1750293,0.4359415636333923,-0.21718249996619565,-0.06096938389880363,-0.02386359337497823,0.00527070246674045,0.012838546889974795,0.9996188875368927,odom_lidar,unilidar_lidar
1786133645.3018777,0.4575051806454316,-0.19823977936504783,-0.05754882138826099,-0.02087414236666762,0.0019676128536511043,0.011479608690625488,0.9997142678107703,odom_lidar,unilidar_lidar
1786133645.4449475,0.4446940025490016,-0.14621220138385582,-0.029067361600251036,-0.008651069643025722,0.003513735635911451,-0.0013524513876834994,0.9999554907750426,odom_lidar,unilidar_lidar
1786133645.5839598,0.5097691324004628,-0.13095408669721595,-0.030778849032106842,-0.004472042694307866,0.0006362414687091366,-0.014280723640077129,0.9998878221896943,odom_lidar,unilidar_lidar
1786133645.7177293,0.6329682415356208,-0.2027809019329752,-0.0347033786755408,-0.010186448211636263,0.0075511420042031555,-0.017944971717978847,0.9997585681139748,odom_lidar,unilidar_lidar
1786133645.8509042,0.7096704066050556,-0.2753591306811417,-0.04523201534090636,-0.021333572143631085,0.014296740621925047,-0.013770543014607381,0.9995753368567397,odom_lidar,unilidar_lidar
1786133645.9645588,0.7511307622504495,-0.28886455145077616,-0.0173016885205549,-0.018890890992275367,0.012341080531406467,-0.0025098306417770905,0.9997422331376148,odom_lidar,unilidar_lidar
1786133646.0952675,0.7171754978427674,-0.3353440063906285,-0.048328776509434436,-0.01922100512458727,0.010426610562482237,0.020145627953826274,0.9995578984873889,odom_lidar,unilidar_lidar
1786133646.2173328,0.712830372763051,-0.31577579706430076,-0.06006043372429746,-0.01842938062384287,0.004889885502124706,0.015140415854240169,0.9997035634413625,odom_lidar,unilidar_lidar
1786133646.3544888,0.6841080955053783,-0.29652862997925267,-0.06560989807813526,-0.021018455550954756,-0.00021066608977541115,0.010168935740115048,0.9997273492767739,odom_lidar,unilidar_lidar
1786133646.4866524,0.5862338224540857,-0.2663812833224706,-0.05433084374439784,-0.026996997591715047,-0.007693554600156746,0.008607017880037105,0.9995688523467807,odom_lidar,unilidar_lidar
1786133646.6266544,0.5773821730548423,-0.2068473682777417,-0.0392822533461588,-0.015564664258048472,-0.007006330304902435,0.008026769771769509,0.9998220959396847,odom_lidar,unilidar_lidar
1786133646.7564857,0.6644172369454472,-0.16310673292363695,-0.01681154713574707,-0.0054851458915877605,-0.0036944167069888362,0.0006786849530816807,0.9999779016790709,odom_lidar,unilidar_lidar
1786133646.8697016,0.6680533075169648,-0.1683947085720031,-0.0587211120374085,-0.003148458122848235,-0.0027780600575580206,0.008131554762506326,0.9999581228286062,odom_lidar,unilidar_lidar
1786133646.9928145,0.6855800203691321,-0.2591253731643971,-0.04563977261801075,-0.008402597550600894,0.0059049643694416894,0.011772509530180322,0.9998779604379527,odom_lidar,unilidar_lidar
1786133647.1225607,0.7476554349071431,-0.3549023477834697,-0.030373804781907852,-0.01631196607482189,0.01332934898548086,0.011299192426028634,0.9997142474071862,odom_lidar,unilidar_lidar
1786133647.2504528,0.8456522524472748,-0.263808553500406,-0.019487831858521414,-0.011492365270493193,0.0032895151915403814,0.010920878253184677,0.9998689109320648,odom_lidar,unilidar_lidar
1786133647.3794694,0.7708440033924706,-0.21064631262134662,-0.04789918684130208,-0.012892608093203882,-0.0017242989594964556,0.014782416487549003,0.9998061250124656,odom_lidar,unilidar_lidar
1786133647.5116467,0.6805823396623499,-0.22823168816730416,-0.0796343772347964,-0.022987251956874597,-0.008543841936649898,0.006721735445627813,0.9996766513653461,odom_lidar,unilidar_lidar
1786133647.6518874,0.5635100710282706,-0.2743935737089449,-0.05331547631769472,-0.02319723108563139,0.006123990051986166,-0.009036843670361517,0.9996713063163715,odom_lidar,unilidar_lidar
1786133647.7896893,0.5050168646492932,-0.3089833607319067,-0.0009566283390623834,-0.023219725826798942,0.013447316716710308,-0.03744442053389904,0.9989384011922504,odom_lidar,unilidar_lidar
1786133647.9196603,0.5223085028240748,-0.23126855205967073,0.0062422923852175835,-0.010132223101649502,0.01153928202206914,-0.08933113322766338,0.9958835934293199,odom_lidar,unilidar_lidar
1786133648.0455258,0.6379665843102558,-0.16315112628852627,-0.037821846291672484,0.004770555833445105,-0.0020827308427166093,-0.13180362334181525,0.9912621796998238,odom_lidar,unilidar_lidar
1786133648.1727605,0.6614322105893471,-0.1252842805361182,-0.09808496026527277,-0.004605522527029477,-0.0064872372138776455,-0.11870660232964218,0.9928975009933988,odom_lidar,unilidar_lidar
1786133648.2895868,0.7420853838811033,-0.2024113151931787,-0.149388436477826,-0.03841426206118276,-0.005226128601266523,-0.09638357574966433,0.9945889796171314,odom_lidar,unilidar_lidar
1786133648.4146955,0.7821162707031711,-0.3090645706368515,-0.16620541455748475,-0.04962156591754147,-0.0008241065657782398,-0.06424191041684052,0.9966995525183375,odom_lidar,unilidar_lidar
1786133648.5533147,0.7851467706723257,-0.3521293470227947,-0.059149882479962806,-0.030788452788246632,0.0021672553732423514,-0.052391907964648134,0.9981495189393607,odom_lidar,unilidar_lidar
1786133648.6975493,0.7296529506080733,-0.36621684792797804,-0.024944699684162075,-0.01615726533327276,0.0037716519270415004,-0.05588475062318964,0.9982993599449393,odom_lidar,unilidar_lidar
1786133648.820837,0.6711170098190599,-0.29998908520292944,0.02992255673340895,0.0014631691058666664,0.007984923367463433,-0.074881515333688,0.9971593948794316,odom_lidar,unilidar_lidar
1786133648.9426622,0.6232028994993538,-0.18809026087541209,-0.01169632417449526,0.004401014017580541,0.0035767589427526357,-0.09210673932251996,0.9957329895320614,odom_lidar,unilidar_lidar
1786133649.0675826,0.5676268386840606,-0.13448605546624218,-0.05889926735504566,-0.008126440246328604,0.004114646619796579,-0.09763860875001236,0.9951802513783518,odom_lidar,unilidar_lidar
1786133649.1930377,0.5904612944289594,-0.20818073173813562,-0.07807777413678019,-0.020312516827262716,0.008630695193192877,-0.09646009670859519,0.995092137695597,odom_lidar,unilidar_lidar
1786133649.3211741,0.6771206031508281,-0.33720482617881664,-0.029006399970533232,-0.02197293276582961,0.005199598899373307,-0.0682393770413107,0.9974134257257458,odom_lidar,unilidar_lidar
1786133649.44851,0.8039317873883116,-0.3764839249253014,-0.030267902972245592,-0.021262309277746264,0.0008714429159002513,-0.05720969629734857,0.998135364287323,odom_lidar,unilidar_lidar
1786133649.5739152,0.8030217487152669,-0.37033603988920377,-0.04966584400501001,-0.016614783235389594,-0.005834240378740243,-0.07469909235748125,0.9970506287136139,odom_lidar,unilidar_lidar
1786133649.7124279,0.7787617676432201,-0.298091056509956,-0.0450074271675191,-0.007620811995816711,-0.006749901145682386,-0.09552357709100917,0.9953751093325501,odom_lidar,unilidar_lidar
1786133649.8458748,0.735698035027948,-0.25264498519713174,-0.040677293473311456,-0.006911834619184739,-0.003365610173557056,-0.10240149912972826,0.9947134422467313,odom_lidar,unilidar_lidar
1786133649.970507,0.5817417121741497,-0.23259370694974568,-0.0347467018694064,-0.009084408559216982,-0.00031973037529074163,-0.08336534044357335,0.996477591974021,odom_lidar,unilidar_lidar
1786133650.10884,0.568128278017307,-0.2413507274070061,-0.032107667921984814,-0.005217325688037534,-0.008369109259864841,-0.06862937396951392,0.9975934776006778,odom_lidar,unilidar_lidar
1786133650.2370157,0.6942557828398821,-0.28793612333768287,-0.06471676965432396,0.003841314013688969,-0.015922553965276236,-0.060564115448336606,0.9980299116268168,odom_lidar,unilidar_lidar
1786133650.3746755,0.8525469022230485,-0.3607609862167559,-0.06403505787306157,0.004553410762225273,-0.004001732062828773,-0.060293646351536855,0.9981622757851369,odom_lidar,unilidar_lidar
1786133650.5177922,0.9600673878465729,-0.37595137779783494,-0.07475168839572274,-0.009508385221922185,-0.0004079101224341052,-0.06580659126278264,0.9977870097200988,odom_lidar,unilidar_lidar
1786133650.659495,1.0707417779816986,-0.399672977520539,-0.025798125000160682,-0.014435252853658471,-0.0003294434933377451,-0.07172674662187675,0.9973198026516252,odom_lidar,unilidar_lidar
1786133650.7911947,1.0192787570594777,-0.4319683207193596,-0.02025180119844207,-0.03267863397489313,0.015605901287369583,-0.08185310849405224,0.9959862606263225,odom_lidar,unilidar_lidar
1786133650.9070292,0.9802171358274065,-0.5116031831440457,-0.04392217338121995,-0.042333587006885776,0.021959686839449988,-0.08350435645511092,0.9953655921409288,odom_lidar,unilidar_lidar
1786133651.028623,0.9392115282536367,-0.4982286125043286,-0.047939498978619474,-0.03183144011515683,0.01595276345527123,-0.08658212698706252,0.9956082583248955,odom_lidar,unilidar_lidar
1786133651.1433995,0.8889970073325263,-0.519923949506861,-0.08809765971634687,-0.018889589516218993,0.005806842091225947,-0.0774510308639321,0.9968002818072188,odom_lidar,unilidar_lidar
1786133651.2653105,0.9343675617651837,-0.43489809438891,-0.0712749916694756,-0.006878003006334126,-0.004144194192790881,-0.06370654950555324,0.9979363678507933,odom_lidar,unilidar_lidar
1786133651.3959684,0.9390428993520797,-0.36298521886306234,-0.04021307444078813,-0.012654529169832954,-0.0025622955168829236,-0.06094437777007874,0.9980576538213572,odom_lidar,unilidar_lidar
1786133651.5349095,0.9666988781112171,-0.36919273966457394,-0.006159705645181514,-0.015002710002684215,-0.0023292469533083516,-0.05442301825361219,0.9984025382506662,odom_lidar,unilidar_lidar
1786133651.6741054,0.9684968834385268,-0.4889471870812741,-0.01966581102554576,-0.03132061041988971,0.006522606113151398,-0.04466466948545883,0.9984896305281157,odom_lidar,unilidar_lidar
1786133651.7966032,0.9827008613991755,-0.5685610943978323,-0.04235565986055354,-0.03445745082169359,0.011562502176378765,-0.04936737692241927,0.9981191585788202,odom_lidar,unilidar_lidar
1786133651.9126117,1.0125098098009069,-0.606535092621747,-0.02983095294783774,-0.029845360382491682,0.018668137996944768,-0.05615595070130604,0.9978012148159566,odom_lidar,unilidar_lidar
1786133652.023657,1.1048690453910308,-0.5799894869649077,-0.04993580892561859,-0.018339018951506462,0.01620090046499331,-0.06412200682506898,0.9976420096651631,odom_lidar,unilidar_lidar
1786133652.1456022,1.174348650700175,-0.5306108401778279,-0.014960312677067985,-0.004992798981870225,-0.0014163297932591342,-0.03930373309517694,0.9992138322366373,odom_lidar,unilidar_lidar
1786133652.270752,1.2167363315024196,-0.4949562447088379,0.0020009362404107348,0.0027897009837926853,-0.011273267141180852,-0.017023479257692653,0.9997876435375402,odom_lidar,unilidar_lidar
1786133652.4070778,1.2401667670552385,-0.5457091007258821,-0.026896218818569947,0.0006230224683103058,-0.015080372031506674,-0.016703731419355713,0.9997465576730261,odom_lidar,unilidar_lidar
1786133652.5530164,1.179908347882289,-0.6230947919160468,-0.051926113873125394,-0.015317172760289557,-0.006555759086676282,-0.018907619811236877,0.9996824036435286,odom_lidar,unilidar_lidar
1786133652.6888275,1.110550250456332,-0.6433821691150416,-0.0696977185288386,-0.02938558285216573,0.00842422232311833,-0.03214864334382701,0.9990155077524276,odom_lidar,unilidar_lidar
1786133652.8155503,1.0509053323625828,-0.6780203419030554,-0.07354661333516278,-0.04292368306524361,0.019293517465826002,-0.04364327112491526,0.9979381656703122,odom_lidar,unilidar_lidar
1786133652.9329634,1.1830235894810355,-0.6233494381246228,-0.10991119269224948,-0.03845888107760048,0.009512108455383042,-0.05730318943696545,0.9975704379838766,odom_lidar,unilidar_lidar
1786133653.057631,1.3006176979937005,-0.5657820473557353,-0.018846752502449715,-0.008194873201106031,-0.0024265762663063495,-0.02545238925191205,0.9996395008512872,odom_lidar,unilidar_lidar
1786133653.183316,1.4119529111415783,-0.5432886021083693,0.03637145519184252,0.009849306543530634,-0.0064798561826694195,0.003896627665119295,0.9999229064869467,odom_lidar,unilidar_lidar
1786133653.3050215,1.416471399172876,-0.6185876152271639,0.006348531485550438,-0.0005674250707002649,0.002479700070853059,-0.00484834401184569,0.9999850112260136,odom_lidar,unilidar_lidar
1786133653.443774,1.4430716530154162,-0.6535906605567421,-0.036326652632785145,-0.016471603555613175,0.0086511685659687,-0.01777628302706913,0.9996688688363221,odom_lidar,unilidar_lidar
1786133653.584486,1.4526838338916304,-0.6477309220547468,-0.05444642860072837,-0.024774423277776337,0.006505627056858145,-0.023382996013529736,0.9993983891648426,odom_lidar,unilidar_lidar
1786133653.7095177,1.3920759602626633,-0.7098090067345693,-0.07981939602232688,-0.029145854532082734,0.003428372487320672,-0.017619898777244188,0.999413980587005,odom_lidar,unilidar_lidar
1786133653.8380768,1.3614342552128647,-0.7465405881085847,-0.08569715166142905,-0.02668753545376085,-0.001394692439726059,-0.0017317501818996145,0.9996413513484276,odom_lidar,unilidar_lidar
1786133653.96256,1.3495028348033493,-0.7432214594243544,-0.06241112714501706,-0.023750041384294953,-0.002572813854440443,0.012839592210135068,0.9996321628654175,odom_lidar,unilidar_lidar
1786133654.0818539,1.3771882379560483,-0.6336336376469393,-0.02166360637992961,-0.016480338843160112,-0.001573764883824711,0.01915672043770987,0.9996794194929576,odom_lidar,unilidar_lidar
1786133654.204583,1.471604843933397,-0.5840439739128779,-0.014502766342507852,-0.0123418202199857,3.1681621629001147e-05,0.020446446961443508,0.9997147699602049,odom_lidar,unilidar_lidar
1786133654.3236911,1.5307319522727585,-0.6403787046674349,-0.03154934285813646,-0.01855907768717128,-0.003165028555837702,0.005143234910304398,0.9998095270421761,odom_lidar,unilidar_lidar
1786133654.4570906,1.5148603633788646,-0.65242515073391,-0.02748807623498662,-0.01125176991519817,-0.006898830823918249,0.014196623989969645,0.9998121121862478,odom_lidar,unilidar_lidar
1786133654.5930767,1.4788577115845565,-0.6757077170204735,-0.06298996189924055,-0.00875501803721988,-0.003928877721638868,0.021476031771273597,0.9997233085401058,odom_lidar,unilidar_lidar
1786133654.7317128,1.4624376853118368,-0.7306452844122044,-0.07468036947133928,-0.01167324000335806,-0.007348888738245174,0.022607744438828833,0.9996492480833092,odom_lidar,unilidar_lidar
1786133654.8574524,1.454357587133581,-0.7222212133200125,-0.032902707573295886,-0.01669058821189407,-0.0046051807962595994,0.018116712336310316,0.999685951341269,odom_lidar,unilidar_lidar
1786133654.9802856,1.4957200782083464,-0.7096408950516359,-0.0027746793431699555,-0.020433793743799212,0.0003173561787260761,0.005949249425133836,0.9997734572339723,odom_lidar,unilidar_lidar
1786133655.0988066,1.5270140631186855,-0.752106546948824,-0.0067271054582068515,-0.020479877552695053,0.0012545608544385024,-0.00405821136709839,0.9997812418789368,odom_lidar,unilidar_lidar
1786133655.213333,1.5832400201180998,-0.7391263331649054,-0.02946670882048875,-0.02214161153886921,0.004258044676151463,-0.006762207739450336,0.9997229069299585,odom_lidar,unilidar_lidar
1786133655.340979,1.628718892728047,-0.7046356974780263,-0.0630678573688286,-0.02237545754621832,0.0071433473668255755,-0.01105574324325189,0.9996629842248506,odom_lidar,unilidar_lidar
1786133655.4884696,1.6765013500193973,-0.7489793164725136,-0.05803916652592767,-0.01898029662917163,0.008084056940723661,-0.029363457797654733,0.9993558844122615,odom_lidar,unilidar_lidar
1786133655.6201055,1.6821455996649182,-0.7902417293396279,-0.04964381046788642,-0.013036646937326958,0.006027242972770924,-0.0448997700165561,0.9988882464176055,odom_lidar,unilidar_lidar
1786133655.7438164,1.6690976480759145,-0.809614151191073,-0.023249283936005123,-0.007965088614588427,0.00549577024603082,-0.058651137566348065,0.9982316354108088,odom_lidar,unilidar_lidar
1786133655.8648264,1.6211565614639263,-0.8089929929335706,-0.03287728100711489,-0.0006580280042865487,0.005012556922346047,-0.10885304298009467,0.9940449971234802,odom_lidar,unilidar_lidar
1786133655.9871154,1.4923609031839684,-0.8498585368177508,-0.06639308670257119,-0.015549155347152569,0.004242055481793726,-0.15109491309055612,0.9883878570538173,odom_lidar,unilidar_lidar
1786133656.1017807,1.4971505341565083,-0.7337952131578456,-0.04250735479331146,-0.017138911475604337,-0.0011545536766061953,-0.19347584388727582,0.9809546485701293,odom_lidar,unilidar_lidar
1786133656.2182949,1.5627878415721126,-0.6293435270582052,-0.031438595636721904,-0.016603700258237524,-0.00727038419342076,-0.2103471106885776,0.9774587212135262,odom_lidar,unilidar_lidar
1786133656.3425813,1.5912473885081782,-0.6638980021133813,-0.030817740680557516,-0.03234031997030019,0.00299418552001339,-0.19178078384334307,0.9809002342265617,odom_lidar,unilidar_lidar
1786133656.4850192,1.5786057778036164,-0.779637973953134,-0.013378560980903925,-0.04253071541951452,0.01642918699175888,-0.1677499714551405,0.9847746783592143,odom_lidar,unilidar_lidar
1786133656.6317935,1.5520609382945965,-0.8496674677210981,-0.031061990830737914,-0.0409040320000222,0.013751421536086352,-0.14628595699302951,0.9883006512992448,odom_lidar,unilidar_lidar
1786133656.763113,1.4677900164775495,-0.7728711119234959,-0.05352769439786763,-0.01876134005452594,0.004419712512846454,-0.1397487355857466,0.9899993783648793,odom_lidar,unilidar_lidar
1786133656.8817873,1.4055835175019482,-0.6068052313708413,-0.042165901316878515,-0.001169248300515664,-0.0016947692478394138,-0.14277963526238546,0.9897523611338084,odom_lidar,unilidar_lidar
1786133656.9976616,1.4092398077634924,-0.5990834219180096,-0.05571149605533497,0.00519387437958,-0.011349908577298999,-0.15151315573171176,0.9883764297495334,odom_lidar,unilidar_lidar
1786133657.1211133,1.4463652231028008,-0.6626233944883226,-0.043882727706543403,-0.00547736440189548,-0.006600573439840351,-0.17302694090150095,0.9848797432335293,odom_lidar,unilidar_lidar
1786133657.2414262,1.4369095633206004,-0.6878874949394158,-0.0067477596835045645,-0.018120048773807997,-0.0007893504769451125,-0.1791386420957633,0.9836566411438218,odom_lidar,unilidar_lidar
1786133657.3876657,1.4829342283239615,-0.7761502651539931,0.00047870112994535113,-0.032764902453174635,0.009148772285579377,-0.18222043175663935,0.9826690568972469,odom_lidar,unilidar_lidar
1786133657.515691,1.5800990571602271,-0.8255382615042046,-0.020122160502647042,-0.04090889080673954,0.015969085370571436,-0.18034009784858096,0.9826234782831895,odom_lidar,unilidar_lidar
1786133657.6546166,1.6154748241160588,-0.8186942828961383,-0.05026915196642061,-0.03012359692830018,0.00868790419729072,-0.172364724328233,0.9845341492482688,odom_lidar,unilidar_lidar
1786133657.7936459,1.6724693689536096,-0.7599043157827083,-0.04675373075647244,-0.008723591860054829,0.002807580833497972,-0.16722633834085984,0.9858759395583356,odom_lidar,unilidar_lidar
1786133657.918586,1.7232038999402037,-0.6456393271432215,-0.01940878784401576,0.016608212130396312,-0.002403912637718937,-0.2146793714035565,0.9765404016156404,odom_lidar,unilidar_lidar
1786133658.0406535,1.5531565107275787,-0.6653468171257115,-0.023628794926685938,0.0011532209506424059,-0.004133057017025688,-0.2604887783750012,0.9654673398214114,odom_lidar,unilidar_lidar
1786133658.166341,1.3096079698235812,-0.6903033376863484,-0.05026638892190709,-0.02585984628013054,0.002594964701651164,-0.27115933779899093,0.9621835313665361,odom_lidar,unilidar_lidar
1786133658.2873812,1.2698147421698514,-0.7445039718513309,-0.06998284336750218,-0.039740482338062814,0.0030835542395713923,-0.26135743701014885,0.9644187243496861,odom_lidar,unilidar_lidar
1786133658.4263363,1.429290009982335,-0.7415568408023724,-0.03886545195778707,-0.037658603137025695,0.005789902989278937,-0.25124508341342155,0.9671733116115878,odom_lidar,unilidar_lidar
1786133658.5766919,1.722650999399191,-0.739168889185214,-0.02225627643768019,-0.014309335285418343,0.00288447848505746,-0.2451717137836534,0.9693697712781977,odom_lidar,unilidar_lidar
1786133658.7038336,1.8787475375711116,-0.736654691400606,0.008768614822220026,0.009198338899731226,0.0033693565228765936,-0.2516084427331576,0.9677795356089645,odom_lidar,unilidar_lidar
1786133658.825863,1.795269027267096,-0.8459117002156361,0.014062776042097325,0.0014972537934554186,0.002406627177786117,-0.28522006320510007,0.9584578665345618,odom_lidar,unilidar_lidar
1786133658.9566834,1.6147864897594744,-0.8463038896565535,-0.03342865369175307,-0.022242634745025455,0.003335948234351384,-0.3199652663064784,0.9471622696277557,odom_lidar,unilidar_lidar
1786133659.0795515,1.3466113129836763,-0.7382264154806764,-0.056672695263673314,-0.04282663570014179,0.006093538913202395,-0.3308221482348605,0.9427011479230268,odom_lidar,unilidar_lidar
1786133659.2127664,1.2940661719643503,-0.698596906774839,-0.0975677722302512,-0.0512277978204401,0.0027493100306519927,-0.33577728201731577,0.9405433381327454,odom_lidar,unilidar_lidar
1786133659.343087,1.2469817892341135,-0.6782111297026407,-0.13226183910131573,-0.05947735817818502,0.004707727939126224,-0.33595345837569396,0.93998699723305,odom_lidar,unilidar_lidar
1786133659.4985554,1.4384365190227424,-0.6944989832705829,-0.06167148478519913,-0.027112836230016903,0.002008270161040937,-0.3319502026416272,0.942905045022407,odom_lidar,unilidar_lidar
1786133659.6352994,1.6316318090247766,-0.7220944880560456,0.00636716621656341,0.0038350989772317308,0.0005201778537812505,-0.3245844226617185,0.9458488113838249,odom_lidar,unilidar_lidar
1786133659.7817066,1.728671482513816,-0.7434910335769038,0.0075570617306288945,0.0037301589565856747,0.005489032219405658,-0.3153657120898373,0.9489470080449818,odom_lidar,unilidar_lidar
1786133659.8986123,1.7212510499493083,-0.7277401774243227,-0.027401464044186613,-0.012556976620647402,0.01268799730322932,-0.30676645835132343,0.9516174005834318,odom_lidar,unilidar_lidar
1786133660.0235803,1.659586784220669,-0.7795883766241762,-0.016999679518856645,-0.030163689042328357,0.009234738203424157,-0.29936350854163973,0.9536175130665918,odom_lidar,unilidar_lidar
1786133660.1572332,1.582746083429152,-0.7875803047659433,-0.02560768395582831,-0.0370485745487411,0.0031939944009259555,-0.3003329660704602,0.9531092859766886,odom_lidar,unilidar_lidar
1786133660.2827337,1.5564358556359053,-0.7463972606658658,-0.008188212219823188,-0.028603321866275032,-0.0014628774551025984,-0.32440578429275424,0.9454843187939019,odom_lidar,unilidar_lidar
1786133660.4090142,1.5414044372883318,-0.740019785157446,-0.010038683823044087,-0.023948373618393973,-0.007930464673280227,-0.3233373634420642,0.9459474258823447,odom_lidar,unilidar_lidar
1786133660.5415695,1.4419036700351786,-0.7610985706432771,-0.026406254437139585,-0.0270454212429217,0.004864738392098373,-0.30531916440871226,0.9518535009942104,odom_lidar,unilidar_lidar
1786133660.6746922,1.4721774422517198,-0.7806657749317121,-0.042818477140988194,-0.01113527511933214,0.004320568577214446,-0.29659892130945886,0.9549274413342891,odom_lidar,unilidar_lidar
1786133660.8047547,1.5420267110915826,-0.7682255700943322,-0.06533751489964633,-0.008012067727218864,0.00423303383777251,-0.3057567388811865,0.9520665443255555,odom_lidar,unilidar_lidar
1786133660.9245675,1.6499842680409538,-0.783870791457784,-0.04224889630503883,-0.012465541483387492,-0.0014923679973732394,-0.3159458675658357,0.9486941508628361,odom_lidar,unilidar_lidar
1786133661.0381715,1.7130526745752868,-0.8015295425873306,-0.023319365987217643,-0.009598706911985694,0.0012589468662700322,-0.3112283544984675,0.9502858471189509,odom_lidar,unilidar_lidar
1786133661.1685667,1.7184645288223621,-0.8345562569299372,-0.024744414209190192,-0.0179695780404929,0.0037802576673965018,-0.30477650368885256,0.9522468622769066,odom_lidar,unilidar_lidar
1786133661.3020923,1.7205316774610178,-0.8395516213011321,-0.04900436638205307,-0.024187747296178015,-0.0012974939501286375,-0.30311968328794275,0.9526445963703373,odom_lidar,unilidar_lidar
1786133661.446418,1.737202325436934,-0.7689399555963504,-0.01715867446348436,-0.010854020272317431,-0.0031778539729731313,-0.3009473967505922,0.953573676166187,odom_lidar,unilidar_lidar
1786133661.5913072,1.731328064788669,-0.8071075877405358,-0.002178103372151235,-0.007549581441546503,-0.0016418604304806524,-0.30158886699033455,0.953406767031717,odom_lidar,unilidar_lidar
1786133661.7241483,1.7197309148108644,-0.8646939062467447,-0.010461504562862371,-0.007879298470762547,0.004630100563061134,-0.3095151496645587,0.9508505933912595,odom_lidar,unilidar_lidar
1786133661.841991,1.6623098509698402,-0.9015224624202803,0.0003130922264013222,-0.012201783952764438,0.012977357196853355,-0.3110056340837325,0.9502411274180523,odom_lidar,unilidar_lidar
1786133661.9627836,1.6868036708839782,-0.863379858980781,-0.02059117033450259,-0.001670212764427709,0.005573062839051635,-0.3019837583522732,0.9532953168097227,odom_lidar,unilidar_lidar
1786133662.0818493,1.7178497425805384,-0.820987150949888,-0.01942901440809652,0.005217740211723574,-0.0033495821284286954,-0.29475532006120403,0.9555526446942969,odom_lidar,unilidar_lidar
1786133662.209929,1.7714752083159673,-0.7946382383939865,-0.04096860817827714,0.012991998317891558,-0.0066164937986095945,-0.29484912417600756,0.9554325847291175,odom_lidar,unilidar_lidar
1786133662.3546865,1.7039495198043297,-0.8742792892674762,-0.0210187988234901,-0.01214325140242189,0.0013563304116247837,-0.291593896874833,0.9564641661445249,odom_lidar,unilidar_lidar
1786133662.501907,1.61256642596478,-1.0034095732719561,-0.03929641235399856,-0.05152984241897046,0.010851805234812465,-0.2863389844545221,0.9566801448995242,odom_lidar,unilidar_lidar
1786133662.6387637,1.6279838763467411,-1.0533745534805123,-0.08007851196368569,-0.0665658997404106,0.013390584262494228,-0.2831761195370592,0.9566613604451639,odom_lidar,unilidar_lidar
1786133662.759861,1.6861229528059016,-0.9422282663012651,-0.07570262602466259,-0.04546422733554128,0.010103597669242424,-0.28917262528349397,0.9561433543844629,odom_lidar,unilidar_lidar
1786133662.871148,1.7820892748608417,-0.7428965421240232,0.008204511002563593,0.01280637526429614,-0.0026710555412892793,-0.3098931392962909,0.950681389547505,odom_lidar,unilidar_lidar
1786133662.9907804,1.7719649414511012,-0.7226414311542969,0.009254088472137448,0.05132718422022641,-0.011019109319193367,-0.3128680047508804,0.948344721603404,odom_lidar,unilidar_lidar
1786133663.111364,1.7617746013527347,-0.818805141862833,0.0004734137272607332,0.045917783791269914,-0.0177924353556013,-0.29737799069239823,0.9534890230241598,odom_lidar,unilidar_lidar
1786133663.2320604,1.6685628357873934,-0.9300487420861988,0.02052731801136814,0.027453904809830003,-0.01400673106604046,-0.2729531992878552,0.9615334864652718,odom_lidar,unilidar_lidar
1786133663.3826337,1.5874809770126195,-1.0075987050827964,-0.03548842544164431,-0.01831382720518165,-0.001796575614005834,-0.26027868898952433,0.9653581615685738,odom_lidar,unilidar_lidar
1786133663.5216842,1.5595049121428621,-1.1678717549579365,-0.0865062488034399,-0.05963017835935477,0.009896610556207287,-0.2867802988774198,0.9560875269054127,odom_lidar,unilidar_lidar
1786133663.6643384,1.6089525713434956,-1.2026927338417843,-0.12304263877025272,-0.07070522088815827,0.010585652953552937,-0.30639438677391323,0.9492160952302385,odom_lidar,unilidar_lidar
1786133663.7881384,1.6833670834332024,-1.1434785436264077,-0.15474156846683773,-0.0601104653629099,0.003300336301669208,-0.3228782244262983,0.9445239498951159,odom_lidar,unilidar_lidar
1786133663.912694,1.7095966713979178,-1.041851115323195,-0.14204300780203796,-0.04282328230014353,-0.0015353426471678274,-0.3314934804961185,0.9424838893076993,odom_lidar,unilidar_lidar
1786133664.0320344,1.7120420212241168,-0.9819353247797691,-0.023389945964908676,-0.030597227893257327,-5.084228116085626e-06,-0.2972206714483353,0.9543184385115902,odom_lidar,unilidar_lidar
1786133664.1602893,1.813354405820646,-1.1020657844258959,0.09239993274157125,-0.00043890357552549725,0.0006590453666230159,-0.2640813587389227,0.9645000824206603,odom_lidar,unilidar_lidar
1786133664.286012,1.8742401109683866,-1.204202112200247,0.045606431730381675,0.011215975737357291,0.008996498341638764,-0.23316451786845963,0.9723309994610976,odom_lidar,unilidar_lidar
1786133664.4165528,2.0030367009968115,-1.1657603414811795,-0.03255549563219755,0.03472877315234503,-0.015856947279349238,-0.26624098333441165,0.9631501483836455,odom_lidar,unilidar_lidar
1786133664.5526333,2.04315123672013,-1.0786480939479375,-0.048364824641613374,0.043833166001729144,-0.016404435874698264,-0.30192829117589504,0.9521811041128163,odom_lidar,unilidar_lidar
1786133664.702665,1.813119551345792,-0.9819303678769247,-0.058724971281144386,0.017754268654115193,-0.009306460555930008,-0.27571729928062827,0.9610297324296866,odom_lidar,unilidar_lidar
1786133664.8217607,1.596029699592061,-1.01378807077576,-0.02162324168725171,-0.029338298980175866,0.0021269783801123494,-0.24071370624348523,0.9701503243324953,odom_lidar,unilidar_lidar
1786133664.9534533,1.6901878099406482,-1.1326717915734883,-0.03196186663656485,-0.04328416536520017,0.007635330077938985,-0.22796088076570536,0.9726777573296117,odom_lidar,unilidar_lidar
1786133665.081805,1.921709663180055,-1.3234477600195027,-0.05384010176424612,-0.022517345070152066,-0.002069497976379471,-0.24124254843750184,0.9702013807310815,odom_lidar,unilidar_lidar
1786133665.2052424,2.112648922668829,-1.5015249860288096,-0.040046943497519416,-0.015580318525255944,-0.003355996589991121,-0.2507063445532445,0.9679319809585225,odom_lidar,unilidar_lidar
1786133665.3525279,2.210798405265575,-1.4923639075971975,-0.011394759922177124,0.00014497776228275487,-0.0006637827665829419,-0.26813919669150793,0.9633799404033281,odom_lidar,unilidar_lidar
1786133665.4896295,2.1203840963600777,-1.311334232533447,-0.02287845689300412,0.008189466703547758,0.0036815380054496002,-0.26781777022658393,0.9634277455335646,odom_lidar,unilidar_lidar
1786133665.6167412,1.943872009915789,-1.1852698110806412,-0.03439450343407098,-0.011058844416220563,0.014885038442441139,-0.2672589855445531,0.9634462996122001,odom_lidar,unilidar_lidar
1786133665.755754,1.90794348498082,-1.0369056661495746,-0.019753193883529543,-0.003023999539279201,0.003447090397742167,-0.25919261440068714,0.9658147656951167,odom_lidar,unilidar_lidar
1786133665.8887854,1.8389970026392923,-1.1966081061558937,-0.024619354842091525,-0.016664607864121585,-0.0022482326195274096,-0.24228356799826115,0.970059745053291,odom_lidar,unilidar_lidar
1786133666.0159378,1.8306684685723453,-1.3585585994097453,-0.05821173973954677,-0.018280269601364252,-0.002890636917736683,-0.22573887153907254,0.9740120316699262,odom_lidar,unilidar_lidar
1786133666.1493876,1.8988425785570011,-1.4952888833496252,-0.061657040155087516,-0.01738934625079384,-0.0012613904143190685,-0.20802455978238024,0.977968200944458,odom_lidar,unilidar_lidar
1786133666.2772954,1.9572409709093506,-1.4808457971050153,-0.031433652544744436,-0.016928130461513275,0.004434218450196652,-0.20189271429924818,0.9792512997278565,odom_lidar,unilidar_lidar
1786133666.4195538,2.145873821487197,-1.4035476875159123,0.012390419146531165,-0.015349705864897279,0.004882047398090227,-0.2148858410541662,0.9765063376432883,odom_lidar,unilidar_lidar
1786133666.5584707,2.3184854303798423,-1.3518883764806833,0.049173506801560574,-0.006953715569678079,0.00020969560933841109,-0.2223637198035924,0.9749389611573829,odom_lidar,unilidar_lidar
1786133666.6971762,2.2931266587406274,-1.480290282636318,0.013248435615797513,-0.014282084562611723,0.00017669372890897299,-0.21021733452124716,0.9775503378888755,odom_lidar,unilidar_lidar
1786133666.8316617,2.22134401825557,-1.6215368641009607,-0.02226568043141418,-0.016210112230037193,0.001947219516768694,-0.2003999686209693,0.9795781199957244,odom_lidar,unilidar_lidar
1786133666.9529483,2.1026589037223284,-1.6626953925703087,-0.06502800769129922,-0.018251986925503148,0.0015349218631013919,-0.19157343136795832,0.9813073572444321,odom_lidar,unilidar_lidar
1786133667.0640824,2.0125801281330404,-1.5520789559340407,-0.05551520738575001,-0.026582677958767488,0.004668268752249847,-0.183518686634623,0.9826456432281683,odom_lidar,unilidar_lidar
1786133667.1834183,2.247556498992887,-1.4791962894246367,-0.007622192291861826,0.00014336457216682343,-0.0005498404389630302,-0.2033284513466708,0.9791104217579627,odom_lidar,unilidar_lidar
1786133667.3317955,2.4955667979250986,-1.5043570539886937,0.011985988455748386,0.007007121375041421,-0.002900811878951855,-0.21213705122756826,0.9772104978135215,odom_lidar,unilidar_lidar
1786133667.4557161,2.5063127530680522,-1.6731052096673562,-0.021385749799031708,-0.022392643643749464,0.00591254877252533,-0.2144031924320015,0.9764706254427844,odom_lidar,unilidar_lidar
1786133667.602599,2.315814668800238,-1.7571711102514653,-0.014880199235845635,-0.03800001287899209,0.0032970394682868415,-0.18361654270602892,0.9822576514319581,odom_lidar,unilidar_lidar
1786133667.7331343,1.9906981230585878,-1.7407876299872345,-0.030853354237589975,-0.04300965154062116,0.0002217669331514549,-0.15186062238139425,0.9874656814612432,odom_lidar,unilidar_lidar
1786133667.860872,1.8386309251247668,-1.7643257862288297,-0.04398514440543021,-0.05082098798216669,0.0013847989305232357,-0.15899524095837714,0.9859694837392413,odom_lidar,unilidar_lidar
1786133667.9947464,1.984251604917561,-1.6503511679940157,-0.031908230173724544,-0.041907010140984476,0.004391180986643921,-0.18583618283694828,0.9816768476332618,odom_lidar,unilidar_lidar
1786133668.1141632,2.3088527600032025,-1.5404466104618915,0.0013570857217929146,-0.020606031512188795,0.0016964646629900899,-0.21663001577751256,0.9760348096954333,odom_lidar,unilidar_lidar
1786133668.2444744,2.4858673277748276,-1.6509881330588834,0.004176708135436566,-0.004592902242673857,-0.0028679610189423985,-0.2007048063224933,0.9796368004355664,odom_lidar,unilidar_lidar
1786133668.3752856,2.44703644638161,-1.7791751379716678,-0.0210566979952438,-0.009617061595840236,-0.0022443181203516175,-0.17163158320577895,0.985111706766656,odom_lidar,unilidar_lidar
1786133668.525379,2.3714109836755655,-1.7933530240199311,0.010633100005002533,-0.007686222836590109,0.0010698429660587708,-0.14510917611493468,0.9893852153846747,odom_lidar,unilidar_lidar
1786133668.6530817,2.288655444659123,-1.6964718455832715,0.007036025766008258,2.354264786231299e-05,-0.006660537996021508,-0.15160399475513647,0.9884188714576589,odom_lidar,unilidar_lidar
1786133668.7828765,2.188362678061085,-1.6151331915221339,-0.0007931693324115165,0.009793207066722704,-0.012321882880183408,-0.15835255276399202,0.9872571768950392,odom_lidar,unilidar_lidar
1786133668.8969655,2.2217772017819524,-1.627174664021175,-0.037420585869422165,0.002295569341172567,-0.008347785276083467,-0.15405293946532292,0.9880246640061563,odom_lidar,unilidar_lidar
1786133669.0254343,2.2911548203394685,-1.6577491992690487,-0.09333389436816558,-0.019024750024537913,-0.005563046646057196,-0.14791654210013594,0.9888011973959461,odom_lidar,unilidar_lidar
1786133669.1556137,2.471710237853322,-1.753084902175009,-0.06657671594911929,-0.02452438108654351,-0.0017337363038340795,-0.13937288240569004,0.9899347193328863,odom_lidar,unilidar_lidar
1786133669.2861576,2.4897292934313726,-1.868333449959483,-0.0037975734730158472,-0.014313492391436214,0.00017889586071956475,-0.1520873804932423,0.9882633862622531,odom_lidar,unilidar_lidar
1786133669.4142525,2.6265693255570453,-1.949841901163627,0.03643371865498169,0.00044660640732485337,-0.003620176907834216,-0.13728418857684546,0.9905249852621942,odom_lidar,unilidar_lidar
1786133669.5543473,2.6217816821569477,-1.9610811606699032,-0.004286166453866258,0.002064769719341255,-0.0014307732598718688,-0.13132593450973268,0.9913360623618162,odom_lidar,unilidar_lidar
1786133669.7034593,2.6107207982939413,-1.8983228421575835,0.030594815603934674,0.0013061397225957963,-0.0010794176357550964,-0.12394222907172345,0.9922879887962592,odom_lidar,unilidar_lidar
1786133669.8307085,2.6282304451417984,-1.841094004352542,0.008433368161611235,-0.008221205060349587,0.0002688047494709535,-0.1169525646382055,0.9931034372893434,odom_lidar,unilidar_lidar
1786133669.9543242,2.6027338720304267,-1.9559679410819697,-0.015851574235541243,-0.024937386488455185,0.0001406797523641947,-0.1318255714419014,0.9909591947594759,odom_lidar,unilidar_lidar
1786133670.0663571,2.6388399311400086,-1.9036104867941408,-0.015456142644084722,-0.002677129566475944,-0.007948273029884819,-0.13211058594566702,0.9911995011168132,odom_lidar,unilidar_lidar
1786133670.1835709,2.6397271466240553,-1.88617685612824,-0.06008659103488746,0.009972464872979123,-0.0019111854248298182,-0.12026841317597628,0.9926894812108981,odom_lidar,unilidar_lidar
1786133670.3136415,2.6063894167498245,-1.8904176799935068,-0.102945895427738,0.0007357331312771612,0.0019881414266579977,-0.10126912570233434,0.9948568088774947,odom_lidar,unilidar_lidar
1786133670.466729,2.5298634456105455,-1.9490778562514735,-0.05357404257369012,-0.02614846337687894,0.010854989413923315,-0.09192621646298929,0.9953632491681875,odom_lidar,unilidar_lidar
1786133670.5948648,2.564913590538904,-2.0507570164470597,0.02185228909877201,-0.04230903571693432,0.005014189064421091,-0.09271036197004894,0.9947811780427452,odom_lidar,unilidar_lidar
1786133670.7219186,2.4965385320547937,-2.0871765457491054,0.05734624049880976,-0.01995498401151337,0.001018270965887199,-0.10533809690145242,0.9942357100197723,odom_lidar,unilidar_lidar
1786133670.841534,2.6334313319418565,-2.089422100147224,-0.034290477883866397,0.009419710273672994,-0.0037266377896787795,-0.11402545076707962,0.9934261813574822,odom_lidar,unilidar_lidar
1786133670.9639006,2.7722248234713014,-1.9966528503700258,-0.10566792427872823,0.04703505028132983,-0.012838940006369922,-0.1232976508142564,0.991171304552463,odom_lidar,unilidar_lidar
1786133671.08569,2.970727820593135,-1.9838323767014645,-0.11847751729947867,0.03962788011049988,-0.014044810372105164,-0.10939825935494583,0.9931084509104067,odom_lidar,unilidar_lidar
1786133671.2022247,2.922378390734381,-2.00055156420502,-0.07894736822040876,0.002506549001437775,-0.0018798094456968309,-0.08523563898530906,0.9963558949368029,odom_lidar,unilidar_lidar
1786133671.3194084,2.904318335027326,-2.049442388078113,0.016867995518514957,-0.02850062334372111,0.006220024875608398,-0.07002694206489501,0.9971184749790799,odom_lidar,unilidar_lidar
1786133671.4581823,2.856920251970371,-2.157859212602623,0.05168766343553744,-0.0380562427218425,0.007886865661726222,-0.07066473147348512,0.9967427027401357,odom_lidar,unilidar_lidar
1786133671.597394,2.804933843680283,-2.248217241848111,0.0028338716734256503,-0.021657936199228664,-0.001522611927236678,-0.09528588320760557,0.9952131509952308,odom_lidar,unilidar_lidar
1786133671.7250118,2.920277040765159,-2.19500679899562,-0.05696626965697236,0.01039410625553201,-0.013501082034543466,-0.14663157279883904,0.9890444202347962,odom_lidar,unilidar_lidar
1786133671.847457,3.0583310939984383,-2.0436823510935938,-0.05103724002586718,0.03249097408443197,-0.009409549678219505,-0.16774488404552518,0.9852499433415114,odom_lidar,unilidar_lidar
1786133671.9611702,3.1925584946441607,-1.9981044337244183,-0.04443514141707071,0.03194233890363113,-0.002374159961463811,-0.19256409680820274,0.9807614995350726,odom_lidar,unilidar_lidar
1786133672.082945,3.131967765446679,-2.1543705094619803,-0.01277731138475141,-0.007892744642346251,0.0024968820171217647,-0.2140593956272635,0.9767855677199034,odom_lidar,unilidar_lidar
1786133672.2107959,2.9854575602860556,-2.2742178195405316,0.03422506932489258,-0.038318465516348196,0.0008913436829604803,-0.23281875412556793,0.9717645437215384,odom_lidar,unilidar_lidar
1786133672.352846,2.8987148295336524,-2.2651449814981692,0.059379712036762344,-0.03771085870684075,-0.0020264443790288956,-0.25120768022921297,0.9671961983241192,odom_lidar,unilidar_lidar
1786133672.4833488,2.8646180853521948,-2.1315174858031907,-0.02302234003002389,-0.023121600806692177,-0.00395585832168484,-0.25174921264135763,0.9675081791362444,odom_lidar,unilidar_lidar
1786133672.6360345,2.7426035768920807,-2.034327895638965,-0.10755150304294968,-0.004365623367728534,-0.0033414694551871117,-0.2387259126685246,0.971071426072805,odom_lidar,unilidar_lidar
1786133672.7613719,2.9143803802683417,-2.176694240668265,-0.13204029802648135,0.014986980254095126,-0.010574244624619127,-0.22247198921533337,0.9747665309129436,odom_lidar,unilidar_lidar
1786133672.889189,3.0415487553765623,-2.3047335210477633,-0.09497804073117146,0.013346949801996823,-0.011482124652286691,-0.2105213772694756,0.9774306980328659,odom_lidar,unilidar_lidar
1786133673.0140595,3.158356870493043,-2.3324991593780444,-0.021580667440317947,0.004755041025431254,-0.00383699752698047,-0.21284026938454403,0.9770679028415268,odom_lidar,unilidar_lidar
1786133673.1310031,3.275110558117332,-2.356648840370228,0.06206899223736638,-0.00221794455140166,-0.0007720057256123376,-0.22056049842457473,0.9753704687265397,odom_lidar,unilidar_lidar
1786133673.2697022,3.3032500483864125,-2.385328982550897,0.02713076964117811,-0.017150044319986003,0.0004573225557993623,-0.22426458226489632,0.9743772698382562,odom_lidar,unilidar_lidar
1786133673.4107275,3.346613037775746,-2.4399333132778738,-0.0018505550925730085,-0.021995366394531857,0.0015425069250557997,-0.22295259930339242,0.9745798905135574,odom_lidar,unilidar_lidar
1786133673.5664403,3.315987954039903,-2.4425121673791326,-0.04020496373677294,-0.0020840765633313284,-0.006279444663821593,-0.2209276450424405,0.9752677585440799,odom_lidar,unilidar_lidar
1786133673.688736,3.218589388689934,-2.3331454956431976,-0.0407254489934661,0.0005004322978269963,-0.006865660320932866,-0.2222066193527486,0.9749752974263992,odom_lidar,unilidar_lidar
1786133673.808529,3.0990754050264795,-2.3169368794464646,-0.07552054599581363,0.0037655416037005733,-0.007338689618452587,-0.2228910934578134,0.9748084554353718,odom_lidar,unilidar_lidar
1786133673.9343638,3.0608645041669797,-2.2327856593457156,-0.049059043908999816,0.014367166693923515,-0.0028401548546944126,-0.22575531680162875,0.9740739473866381,odom_lidar,unilidar_lidar
1786133674.0707877,3.0465892216328636,-2.3111927823715823,-0.014109160198312057,-0.0012374288724318317,-0.0012080034382489398,-0.23096832464710348,0.9729597332403789,odom_lidar,unilidar_lidar
1786133674.1944468,3.0791614754836627,-2.4470790296488407,-0.027169677030091193,-0.013061184954620924,-0.0009400481882289751,-0.23606136173365472,0.9716499139368241,odom_lidar,unilidar_lidar
1786133674.3227658,3.1266670721507013,-2.5752472948676557,-0.0558208209242968,-0.027136330194289404,-0.0005605969233585027,-0.23067371992313299,0.9726525280137301,odom_lidar,unilidar_lidar
1786133674.4670174,3.153730755154686,-2.5361161496704425,-0.04185735612544586,-0.015053307949050769,0.0013955062387593408,-0.21874926882699205,0.9756639830750057,odom_lidar,unilidar_lidar
1786133674.5993953,3.1904073477265813,-2.4975419626227713,-0.013723958338201149,-0.004344095529595327,0.0016655558036211828,-0.20623140389313652,0.9784921884236792,odom_lidar,unilidar_lidar
1786133674.733905,3.27011630426805,-2.4759229655747994,-0.004654183313911306,-0.002491516980612397,-0.005680888870445565,-0.21070379865890262,0.9775302701581603,odom_lidar,unilidar_lidar
1786133674.8534896,3.3245207553435843,-2.500798984641603,-0.01660320655498767,-0.0070820033153240845,-0.013142539196356386,-0.20865530053003478,0.9778752908491117,odom_lidar,unilidar_lidar
1786133674.9759643,3.4117127952557333,-2.501217620100394,-0.05879786984798574,-0.005816802832643083,-0.009886429426349218,-0.1994583665199111,0.9798391619767057,odom_lidar,unilidar_lidar
1786133675.0978293,3.4404005008003455,-2.576908323435143,-0.03488839157966423,-0.012606198940505471,-0.005675720486290212,-0.18898033867815683,0.9818835478499083,odom_lidar,unilidar_lidar
1786133675.223582,3.4327740507865725,-2.6729189480105275,-0.007296744961738148,-0.022248395960309312,0.001660561722030342,-0.1804175641067739,0.98333705003612,odom_lidar,unilidar_lidar
1786133675.3599975,3.5027880662671516,-2.6710687736206835,0.010211613960119001,-0.01457794139605971,-0.0007707993511601721,-0.17812046763021358,0.9839003956215322,odom_lidar,unilidar_lidar
1786133675.509017,3.508010578548658,-2.6856178815950145,0.01924830784322339,-0.006674679610887755,0.00019213572468448437,-0.17761218343800883,0.9840779054680268,odom_lidar,unilidar_lidar
1786133675.6401036,3.3842916744761014,-2.7218725368606735,0.019112980583216407,-0.017204656691516815,-0.002918318674712245,-0.18185308889898108,0.9831708586314687,odom_lidar,unilidar_lidar
1786133675.756516,3.2531075739924344,-2.6322003696975074,-0.027474638635802896,-0.021643443502554108,-0.007209297247863292,-0.184454891637454,0.982576195690471,odom_lidar,unilidar_lidar
1786133675.8697472,3.2415182224167975,-2.4121991741724282,-0.036370658815389756,-0.002145243344765357,-0.007334823883156196,-0.20244803145352436,0.979263188754784,odom_lidar,unilidar_lidar
1786133675.9891663,3.2523249880245637,-2.3843886991982024,-0.027022353517788367,0.005239206629927691,-0.008134847275157632,-0.20346741539329904,0.9790339043398189,odom_lidar,unilidar_lidar
1786133676.114211,3.3069593295215265,-2.4500895662233426,-0.03225117266118045,-0.0005748269182640071,-0.0031782700837390612,-0.1974477655346998,0.9803080883368469,odom_lidar,unilidar_lidar
1786133676.2388153,3.331845408969096,-2.5712783102966497,0.004685741899959418,-0.014409193663708067,0.0028281349626507846,-0.19612334381764573,0.9804692809060264,odom_lidar,unilidar_lidar
1786133676.3832567,3.291191897840358,-2.58755143707479,-0.00537104774505723,-0.0016734122414174108,-0.00010513593655748707,-0.24899823199350118,0.9685024879173082,odom_lidar,unilidar_lidar
1786133676.5278125,3.220684537605599,-2.692738458560287,0.0028175410335457007,-0.004134966562689917,-0.006280979462387418,-0.30063637911853486,0.9537091898996335,odom_lidar,unilidar_lidar
1786133676.6587975,3.276432684831536,-2.7535645098614534,0.03342646430482351,-0.004486777835360017,-0.012419642899503357,-0.3351305345795015,0.9420791612637244,odom_lidar,unilidar_lidar
1786133676.772044,3.3796006863666483,-2.6432540838717404,-0.04255552721490074,-0.007807856360389427,-0.003859735371743748,-0.3389689993943708,0.9407572254686619,odom_lidar,unilidar_lidar
1786133676.8978798,3.3790782176670584,-2.458607530836655,-0.06491934536119251,-0.016007076039131284,0.004036887805907494,-0.32478174438296736,0.9456449098731917,odom_lidar,unilidar_lidar
1786133677.0256836,3.288894114264192,-2.51937738526403,-0.018795119594387268,-0.042551734975866846,0.009503698806701067,-0.30741949792747425,0.9505747113475904,odom_lidar,unilidar_lidar
1786133677.1534832,3.2592651712491807,-2.6892838106957546,0.04953912880123027,-0.05236846208928459,0.001155549433385329,-0.3211035279364759,0.9455943809216821,odom_lidar,unilidar_lidar
1786133677.2821074,3.3740978780412143,-2.724966963155872,0.015834799472100067,-0.024383499658463398,-0.00694535691610563,-0.3324564294974299,0.9427777730979524,odom_lidar,unilidar_lidar
1786133677.419834,3.3356431306645744,-2.681783935888286,-0.0050597677291254126,0.0022491245273435867,-0.009362340602718976,-0.33822418165692253,0.9410163074887726,odom_lidar,unilidar_lidar
1786133677.5615718,3.230928106737601,-2.5662852244302767,-0.03715287659778628,0.01681460154012202,-0.0024880825700436195,-0.32034391117911104,0.9471488041435946,odom_lidar,unilidar_lidar
1786133677.6868706,3.1736840451577737,-2.459269535837305,-0.08374600974800588,0.029496760096208427,0.0036662623074427986,-0.3010181644184293,0.9531550578760413,odom_lidar,unilidar_lidar
1786133677.808798,3.2065664970801593,-2.419806034135892,-0.120581674408644,0.012048769927182618,0.00047245511844244,-0.2920072513005354,0.9563400907194621,odom_lidar,unilidar_lidar
1786133677.9338157,3.1448006441913985,-2.547024904547054,-0.016153236011498734,-0.02529884818247018,-0.001738815932684806,-0.2908502727530849,0.9564324668471104,odom_lidar,unilidar_lidar
1786133678.0646305,3.1768950774301654,-2.7313356296930063,0.03991710687418511,-0.030997194538061247,-0.0011325302119622827,-0.3017685668428158,0.952876499537963,odom_lidar,unilidar_lidar
1786133678.183601,3.3135728816314582,-2.761425601881454,0.04811772459904301,-0.011760221297911867,-0.002694870847201818,-0.31421627719435996,0.949274757913776,odom_lidar,unilidar_lidar
1786133678.3337145,3.432280147656819,-2.8363948305010402,-0.005504721674773588,-0.010796652501812342,-0.008614108836788844,-0.31809473161257884,0.9479583171975573,odom_lidar,unilidar_lidar
1786133678.4712489,3.5446509073291295,-2.7838470374328925,-0.09647851140916577,4.763597877887654e-05,-0.009138236814228422,-0.3155692993304307,0.9488585288012337,odom_lidar,unilidar_lidar
1786133678.6038232,3.5687448224448612,-2.7892530533583058,-0.11159029891628633,0.004683827416519615,-0.005942269325810283,-0.3106249210732452,0.9505024511300494,odom_lidar,unilidar_lidar
1786133678.7280416,3.452140598592386,-2.8074906088493146,-0.007663706279942187,-0.0011610229947145207,0.0003402178872486767,-0.310576719595951,0.9505475461661099,odom_lidar,unilidar_lidar
1786133678.8557708,3.3820820174403106,-2.8537606229870707,0.06219696181891869,-0.023495989023133646,0.002732690034322359,-0.3071449807434247,0.951368714909799,odom_lidar,unilidar_lidar
1786133678.975877,3.337432414136842,-2.818122629685906,0.03839966737876051,-0.033617119998113315,-0.0005101442554533651,-0.30549323022660957,0.9516005019342849,odom_lidar,unilidar_lidar
1786133679.1030552,3.3238846225034697,-2.7700408202314355,0.02225336947805423,-0.03852601604890294,-0.00431433898157178,-0.3036821551064368,0.9519843912777467,odom_lidar,unilidar_lidar
1786133679.228109,3.3381033242468057,-2.712686037763764,-0.025819852489901044,-0.03397356536597722,-0.005272723931044651,-0.3015567922099205,0.9528281567579401,odom_lidar,unilidar_lidar
1786133679.359218,3.4245549658319208,-2.7875160579813008,-0.06811008702762766,-0.008884815274879509,0.0018010726384557175,-0.3008846226820561,0.9536174600060335,odom_lidar,unilidar_lidar
1786133679.500719,3.5216215046118844,-2.834529306754304,-0.04818961666853804,0.012998988035203265,0.0019692140062926244,-0.3043290151489546,0.9524762459215063,odom_lidar,unilidar_lidar
1786133679.6344728,3.656752733957364,-2.9393193801724573,-0.05338773299829297,0.003329926491256887,-0.002415097657832378,-0.29275755957846905,0.9561778549007109,odom_lidar,unilidar_lidar
1786133679.7562227,3.838391222116956,-3.0539631037921047,-0.05036983704229974,-0.009355848317172552,-0.009124707371550921,-0.2850315549639345,0.9584290377970041,odom_lidar,unilidar_lidar
1786133679.875861,3.810161472968268,-3.082797298537949,-0.010376924574800522,-0.029449092983281393,-0.0035461783601356553,-0.2863853367447905,0.9576552691021301,odom_lidar,unilidar_lidar
1786133680.004942,3.6381280446478703,-2.966092288083065,0.05530237297555281,-0.027999986424611142,0.0015447032900527736,-0.2882520389144581,0.9571438641675686,odom_lidar,unilidar_lidar
1786133680.1348636,3.4120440711887126,-2.8849823530820817,0.06780721280537998,-0.024455534362541994,0.0017468716337959002,-0.2873608535779779,0.9575085457109371,odom_lidar,unilidar_lidar
1786133680.2562149,3.279542268081213,-2.9429703002217376,0.016962920273515134,-0.01852968302440872,-0.004782792831792415,-0.2861733627874642,0.9579867338176754,odom_lidar,unilidar_lidar
1786133680.3871422,3.450212397042029,-2.9410340545152107,-0.08564055820544639,-0.002854058006926005,-0.008712746402178739,-0.27656571687924675,0.9609512717355094,odom_lidar,unilidar_lidar
1786133680.5148625,3.6299715469503573,-2.960193460981798,-0.15754568032810787,0.015492870258887346,-0.0055266495552012415,-0.26943216526744035,0.9628788789017724,odom_lidar,unilidar_lidar
1786133680.6398528,3.797881326662913,-2.9924977877590795,-0.15197448160857524,0.011098319059741842,-0.006032836194750081,-0.26871934627356675,0.9631356836603047,odom_lidar,unilidar_lidar
1786133680.7629464,3.874076778663026,-3.0459744106479114,-0.049342565102574065,0.009855212974713786,-0.003412577995358261,-0.2669019741313999,0.96366724822078,odom_lidar,unilidar_lidar
1786133680.895762,3.763381107774993,-3.046803957695527,0.00660368321740569,0.004117576298879902,-0.002286513059357388,-0.26754835334489996,0.96353292421478,odom_lidar,unilidar_lidar
1786133681.0218263,3.611335885284347,-3.1600997321053192,0.07217037864394583,-0.018264260444349863,-0.002439928771308665,-0.2678730069960104,0.9632780053862577,odom_lidar,unilidar_lidar
1786133681.1428578,3.5502787584626696,-3.2145447486688585,0.05684219421444922,-0.03173469056464774,-0.0007428354870660011,-0.25887981411798716,0.9653877974433083,odom_lidar,unilidar_lidar
1786133681.2576568,3.6148924322013247,-3.283122602931439,0.015519070703358766,-0.03128255854142467,-0.006788544174704249,-0.2537590949798955,0.9667376267188916,odom_lidar,unilidar_lidar
1786133681.4068098,3.6368667145162368,-3.3225904315441963,0.012517019421747794,-0.03288943072068174,-0.006686086504514181,-0.25458795330797346,0.9664670483904667,odom_lidar,unilidar_lidar
1786133681.5510776,3.66302587303228,-3.242645273747351,-0.0011628024720125654,-0.027259142269694777,-0.003224951513578335,-0.2523200012871958,0.9672544421200066,odom_lidar,unilidar_lidar
1786133681.6927452,3.7451059048803743,-3.13753024639748,0.015459146007351154,-0.008200229961478202,-0.0018182908699951542,-0.24504973668090219,0.9694741237390051,odom_lidar,unilidar_lidar
1786133681.8106117,3.8478884068835733,-3.0591079470560585,0.018597513975912895,0.003361232405017416,-0.0015152782824503315,-0.2397477272317257,0.9708282203024736,odom_lidar,unilidar_lidar
1786133681.9535987,3.9591458538981343,-3.0733308931047842,-0.018487724919160856,0.0035160537371249157,-0.0037109164208308414,-0.23625045551079735,0.971678747702334,odom_lidar,unilidar_lidar
1786133682.0624926,3.8913638346867643,-3.2461553168937534,-0.08181753476949455,-0.004065420562418616,-0.003160604730714376,-0.2315065857905973,0.97281970768944,odom_lidar,unilidar_lidar
1786133682.1870701,3.7365909656410663,-3.3355407752367334,-0.10733807812920693,-0.010672726855981966,-0.005025551723835009,-0.22653995255469211,0.9739304321294445,odom_lidar,unilidar_lidar
1786133682.3340309,3.613533839231468,-3.313353284409714,-0.06716269642587877,-0.003995360939388784,-0.0045652720327542485,-0.22623584107283565,0.9740536636121736,odom_lidar,unilidar_lidar
1786133682.4839976,3.5821083103919213,-3.2310812920101246,-0.002969199754025622,-0.000257793443117759,-0.003051551895343036,-0.23362998880572233,0.9723207546402621,odom_lidar,unilidar_lidar
1786133682.6097784,3.742136188250568,-3.155984434341722,-0.01872726073281858,0.00553207723320547,-0.007752788757579319,-0.2435520037740387,0.9698410755611544,odom_lidar,unilidar_lidar
1786133682.7437327,3.869441599491893,-3.087556760936185,-0.061381997394303826,0.009438901719091298,-0.008650917637699181,-0.2589016695464099,0.9658188206203299,odom_lidar,unilidar_lidar
1786133682.8717136,3.8096850801924957,-3.1534738457312015,-0.05595491153389561,-0.003478451005746655,-0.004358736898935339,-0.26887867886927896,0.9631579090890329,odom_lidar,unilidar_lidar
1786133682.9976585,3.6921495614450635,-3.3168134051681224,0.040655242196848476,-0.041676757608138736,-0.0070321556847958155,-0.262472819295338,0.9640132861080567,odom_lidar,unilidar_lidar
1786133683.1155026,3.504487647426523,-3.35097714839297,0.06248314770027932,-0.045669949858128514,-0.0034508609137285937,-0.24719713882375077,0.9678821838407097,odom_lidar,unilidar_lidar
1786133683.2428083,3.5154626096234365,-3.1958938924896585,0.010524937331016532,-0.012384701965536683,0.0021261683665548432,-0.2233866967355233,0.9746489020600667,odom_lidar,unilidar_lidar
1786133683.3705263,3.581114909913767,-3.09984910780989,-0.039508739450389505,0.005517012080971182,0.0025645460024034746,-0.19956794799074226,0.979865102866851,odom_lidar,unilidar_lidar
1786133683.5146723,3.88448045235284,-3.204469180216499,-0.025569848798193393,-0.0054153770757830915,-0.0003478688209977787,-0.17865129776106642,0.9838974877936711,odom_lidar,unilidar_lidar
1786133683.647691,4.180248185096419,-3.305131519197397,-0.006919274191520919,-0.010577992782058966,-0.005974925356671508,-0.15674308569573125,0.9875646872090282,odom_lidar,unilidar_lidar
1786133683.7670412,4.187970001308047,-3.3474674366067307,0.025806293537741803,-0.025794037005460197,-0.003087704221169186,-0.13649219790254485,0.9903004663481363,odom_lidar,unilidar_lidar
1786133683.8886285,4.000280515558819,-3.349381458411163,0.034765237537907716,-0.023769257179548628,0.0014784841009311343,-0.10999897562819541,0.9936463464727496,odom_lidar,unilidar_lidar
1786133684.006379,3.7703405121164884,-3.2425250428066863,-0.025685187360661853,-0.006727640525427009,-0.0014779782904181986,-0.08085709387640158,0.9967019036818363,odom_lidar,unilidar_lidar
1786133684.133047,3.574289826707333,-3.193560996855405,-0.10038587704589898,0.014032584205880508,-0.006225107938326313,-0.048946383900978066,0.9986834263742836,odom_lidar,unilidar_lidar
1786133684.2654133,3.486232845215831,-3.1462371449451147,-0.08943980502371485,0.01806227970130654,-0.0062612591264948215,-0.01894567090627407,0.9996377405040557,odom_lidar,unilidar_lidar
1786133684.4014907,3.426378702002543,-3.1882400912924136,-0.01737638919263397,-0.014368795338832072,0.003434777062274507,-0.02111636665029348,0.999667864386234,odom_lidar,unilidar_lidar
1786133684.5333977,3.5400826173800573,-3.260240940086776,0.05088009788636731,-0.04854961793006402,0.004854576905517004,-0.04620317406743404,0.9977397628580349,odom_lidar,unilidar_lidar
1786133684.6567755,3.683768763291545,-3.3284609754942647,0.06779802498276294,-0.06451679295112678,0.006390996270592435,-0.07016511010980994,0.9954263387701017,odom_lidar,unilidar_lidar
1786133684.7776647,3.7800589352845133,-3.3388810139707514,0.0452514216219193,-0.04837739032233695,0.0020852206868278086,-0.09281789834162227,0.9945049611277622,odom_lidar,unilidar_lidar
1786133684.893486,3.751897079069316,-3.314419303326114,0.05771154737171466,-0.028942576808163714,-0.0010122044831699989,-0.09157863795002566,0.9953766401523626,odom_lidar,unilidar_lidar
1786133685.0100996,3.768915991481639,-3.25027811293452,-0.07204636466221229,0.008598459695673894,-0.012918771723718291,-0.07033526686332589,0.9974026880168697,odom_lidar,unilidar_lidar
1786133685.1517823,3.7728066556902666,-3.2148219980745334,-0.12394141272030373,0.0308001410090433,-0.01541353214250039,-0.044576509102824936,0.9984120938655145,odom_lidar,unilidar_lidar
1786133685.2857254,3.672804276538838,-3.129643573360015,-0.12703869747623678,0.01684449975617363,-0.006413802840687835,-0.018534233219479227,0.9996657482178986,odom_lidar,unilidar_lidar
1786133685.4348085,3.544383874382686,-3.1195033287575367,-0.04011385173050521,-0.01425381249521252,0.0034025469487020377,-0.014536164998453628,0.9997869530108658,odom_lidar,unilidar_lidar
1786133685.5628896,3.5835325911965086,-3.1904630494711417,-0.04115707987558261,-0.028766416835181146,0.003668277363348212,-0.03915404100635708,0.9988122937151518,odom_lidar,unilidar_lidar
1786133685.7046642,3.6904855567543713,-3.2398409614077974,-0.022344390338124284,-0.03397164698454118,-0.0009904478783700375,-0.06469330657018413,0.9973262867783914,odom_lidar,unilidar_lidar
1786133685.8206491,3.808202273820873,-3.2938427560654944,-0.04124096590797495,-0.013731819479379941,-0.00630718899154833,-0.07410550031023579,0.9971359141684649,odom_lidar,unilidar_lidar
1786133685.9458313,3.768831837120801,-3.352065809916742,-0.023554649540216882,0.014044049182477494,-0.0068041750562786146,-0.07641847004390358,0.9969537026966261,odom_lidar,unilidar_lidar
1786133686.0653722,3.748553762317142,-3.291878656568091,-0.06190502350539137,0.03613416705753348,-0.014460636007612993,-0.0665622256494244,0.9970229095130707,odom_lidar,unilidar_lidar
1786133686.195601,3.6925653865379107,-3.1949065805750663,-0.12707959616171696,0.039741687778316916,-0.01665996982679854,-0.053318943050741086,0.9976472993848342,odom_lidar,unilidar_lidar
1786133686.3238087,3.7030518252226945,-3.1723806855862904,-0.15106092505453178,0.02181958639190983,-0.01593330268843051,-0.043081197344713,0.9987061859978994,odom_lidar,unilidar_lidar
1786133686.4652548,3.7873540292225814,-3.2212973428537808,-0.054491944990777974,0.0036493646540968483,-0.00923093468509863,-0.029975049670939974,0.9995013598688527,odom_lidar,unilidar_lidar
1786133686.5988245,3.8188899257107405,-3.312791670955669,0.045916647106714156,-0.022183787182750738,0.004123324094915193,-0.007132590687044746,0.9997199627569363,odom_lidar,unilidar_lidar
1786133686.719268,3.8604606134122803,-3.284463838853502,0.06383149647809411,-0.033403128705300655,0.010937457687663087,0.021057605524233483,0.999160237530304,odom_lidar,unilidar_lidar
1786133686.845947,3.900802907559497,-3.3666177341095707,0.04476821394341403,-0.03485759371148041,0.009130465460956833,0.03711752398401595,0.9986610396798344,odom_lidar,unilidar_lidar
1786133686.9658513,3.9027226563944772,-3.488274757334167,0.025654112548045043,-0.02979405014480429,0.0019625485998814255,0.05167451100055158,0.9982175153200908,odom_lidar,unilidar_lidar
1786133687.083743,3.955667190542627,-3.4358119559217077,-0.08525548437937971,0.0018309646956038807,-0.013219366634059544,0.05428781530916285,0.9984361416851035,odom_lidar,unilidar_lidar
1786133687.227924,3.979228956897737,-3.301641462587469,-0.13277159784279055,0.019568048442107324,-0.02299336730893331,0.04476924114718668,0.9985409914405462,odom_lidar,unilidar_lidar
1786133687.3514283,3.969179726681014,-3.1616510709521854,-0.15574396592604428,0.029669427299381552,-0.01936982221126414,0.02764107421306319,0.9989897427339175,odom_lidar,unilidar_lidar
1786133687.489974,3.9708356191427856,-3.0761116999645295,-0.15316072244725343,0.03300592138319663,-0.018138245866827035,0.012972675507689347,0.9992063464974055,odom_lidar,unilidar_lidar
1786133687.6322076,3.9291646557951405,-3.148310701156401,-0.10734223938087668,0.014887266741863444,-0.010254192895111851,0.00236868350117511,0.999833791265077,odom_lidar,unilidar_lidar
1786133687.7603211,3.741550963140974,-3.36659438850908,0.009050919010510411,-0.017498152162208028,0.0001117721582521287,0.0036756152306391156,0.9998401332365937,odom_lidar,unilidar_lidar
1786133687.8820987,3.7159100370801155,-3.457981724851477,0.10309636216571183,-0.033493613841921455,0.005427428984312958,0.007164210171584288,0.9993985165783698,odom_lidar,unilidar_lidar
1786133688.0124414,3.725020155067686,-3.4146843890376695,0.05764710514210524,-0.025146837422032237,0.0037049236916648336,0.012684412866905801,0.9995964264533616,odom_lidar,unilidar_lidar
1786133688.1400995,3.803989248737317,-3.2750738022085546,-0.015173134090928297,-0.003910819909143136,-0.0038170509331742772,0.022805195803175568,0.9997249915122611,odom_lidar,unilidar_lidar
1786133688.261125,3.874829006879799,-3.1815943561755735,-0.09971855125082414,0.010680754671813448,-0.010004144916562156,0.03845947102835684,0.9991529951175386,odom_lidar,unilidar_lidar
1786133688.3969793,4.038082581235746,-3.2845775441089575,-0.10994442340385509,0.004915563723380123,-0.01132579587233789,0.052790090919703804,0.9985293034667682,odom_lidar,unilidar_lidar
1786133688.5436356,4.2051562892491745,-3.370714453474953,-0.07433215008892616,-0.010107439765372988,-0.002522218961770027,0.05869814011529116,0.9982214215392816,odom_lidar,unilidar_lidar
1786133688.6902227,4.304142040193888,-3.5217765792530447,0.03459215202481109,-0.035770574040945934,0.01001439314435054,0.06116060328537815,0.9974364935014661,odom_lidar,unilidar_lidar
1786133688.8100793,4.345857908603533,-3.5126594472403294,0.09702875471158662,-0.043889851421977565,0.015016631006727038,0.05236384574098591,0.9975501037013523,odom_lidar,unilidar_lidar
1786133688.931913,4.308046851443265,-3.434853070197087,0.04268772534752647,-0.028942306141127288,0.009606340228174104,0.0427235463554255,0.9986214296366115,odom_lidar,unilidar_lidar
1786133689.0540857,4.265264457339997,-3.3404044398916564,0.0019136935671937305,0.00012033361315592389,-0.0034092279139907506,0.03663197633257143,0.999323001333814,odom_lidar,unilidar_lidar
1786133689.1822264,4.182252640883912,-3.359794615769376,-0.09906610218961495,0.007099479487926427,-0.00764540715834423,0.04490106306857255,0.9989369548053049,odom_lidar,unilidar_lidar
1786133689.31235,4.0512389599189556,-3.2927125603119842,-0.18256135544110036,0.007785934605785785,-0.010448437503710146,0.051651337907958825,0.9985801663704138,odom_lidar,unilidar_lidar
1786133689.465697,3.922095205999016,-3.294359650700737,-0.17389194559202345,0.0016122993238035053,-0.006109124377523676,0.06074846592393019,0.9981331088477727,odom_lidar,unilidar_lidar
1786133689.5965602,4.008352184274003,-3.3151451546404345,-0.08234764489835561,-0.012531483385995322,-0.001493226741729203,0.06389050607271697,0.9978771143942606,odom_lidar,unilidar_lidar
1786133689.7121286,4.099737602150734,-3.3445632074344167,0.0555829569100863,-0.02917922556829393,0.006923135258446963,0.06648504812866608,0.9973366439516583,odom_lidar,unilidar_lidar
1786133689.848912,4.20404633021125,-3.3760407628404137,0.05306789068643854,-0.02523555672445381,0.003706717743800212,0.08117908790921752,0.996373114152827,odom_lidar,unilidar_lidar
1786133689.9712303,4.335650083910295,-3.4543305115552974,-0.0006721712984925077,-0.0164782203420979,-0.0010019361068349343,0.08692637863144802,0.9960779432737266,odom_lidar,unilidar_lidar
1786133690.1026273,4.4142660381697425,-3.543645723109238,-0.05817708231952884,-0.013527255173923572,0.0034308609238007997,0.08442738783897542,0.9963319018998982,odom_lidar,unilidar_lidar
1786133690.2324479,4.478885740550698,-3.470629310102184,-0.0863256753051156,0.003311804458156107,-0.002476377492736194,0.08136037734717307,0.9966761703299976,odom_lidar,unilidar_lidar
1786133690.3654811,4.579269560669306,-3.3643868719853733,-0.09081647348966179,0.02456028123198539,-0.010024594791914261,0.07855601999787191,0.9965566977383464,odom_lidar,unilidar_lidar
1786133690.5047276,4.558835692248118,-3.329289554078546,-0.11045097485774608,0.023865874973476964,-0.012353415263515286,0.07259214590721504,0.9969995955343529,odom_lidar,unilidar_lidar
1786133690.635199,4.426218681600575,-3.4013421654292366,0.03481601437865299,-0.026691610288157325,0.004800117851243893,0.07646523157163654,0.9967033586627144,odom_lidar,unilidar_lidar
1786133690.7621465,4.3304041798520965,-3.4039098454365466,0.0971927114184255,-0.04171935603188875,0.015952520791843602,0.0839770897626246,0.9954661525173372,odom_lidar,unilidar_lidar
1786133690.8820593,4.487143947075773,-3.5028243329513984,0.05440842249270931,-0.04031080270636703,0.01952361060716327,0.10991204666812689,0.9929316239355315,odom_lidar,unilidar_lidar
1786133691.0071547,4.61877168485963,-3.6595139490943396,-0.0175682259431931,-0.03504106717749139,0.014034333508222018,0.12548834165966535,0.9913767382794242,odom_lidar,unilidar_lidar
1786133691.1320832,4.712026678243728,-3.7071018491448458,-0.11551961456524884,-0.0015190382025481884,-0.005298340201808556,0.13386090104106635,0.9909848027525543,odom_lidar,unilidar_lidar
1786133691.265958,4.8002439021184475,-3.739364569607326,-0.09066330071458839,0.017304231543648595,-0.012482528134816333,0.13758960714090834,0.9902594862301789,odom_lidar,unilidar_lidar
1786133691.405338,4.61235506508059,-3.5707313139908625,-0.025177098945628487,0.0023202024010688773,-0.004181370044490608,0.11502742354765375,0.9933508064311208,odom_lidar,unilidar_lidar
1786133691.5561192,4.504471948607739,-3.3386415735676795,-0.0046494276793570145,-0.008302224291457298,0.003309484613562429,0.08203243629357332,0.9965895844223678,odom_lidar,unilidar_lidar
1786133691.6879156,4.44834660963731,-3.3525138923769924,0.016284066967068578,-0.0244382001299718,0.009282384903351036,0.08644471320712088,0.995913612349712,odom_lidar,unilidar_lidar
1786133691.8005333,4.4084095522794,-3.410648007571253,-0.018619259015978856,-0.039782938858236,0.014245125808111386,0.09190644625569638,0.9948706445076977,odom_lidar,unilidar_lidar
1786133691.9246452,4.363159096815911,-3.4459846763721718,-0.04459172861581477,-0.043162577466731654,0.010311484970574627,0.10363522978453435,0.9936248810952938,odom_lidar,unilidar_lidar
1786133692.0466413,4.398388964926763,-3.51605234962689,-0.023889307747209487,-0.03284970939731375,0.00785695087047611,0.11121258722701742,0.9932224953945638,odom_lidar,unilidar_lidar
1786133692.1688976,4.447971946902827,-3.5396583856831185,-0.051864555029251344,-0.006776282314734098,-0.00019029985167297157,0.10102975674642382,0.9948603088050685,odom_lidar,unilidar_lidar
1786133692.3018975,4.5802078305038405,-3.612676849519435,0.013337424208123595,-0.010897817396204447,0.0025540681587230864,0.09462736084864279,0.9954498364511697,odom_lidar,unilidar_lidar
1786133692.432765,4.683429280167915,-3.5442079328152127,0.011616268819473433,-0.004562797590687257,0.0007887705676899746,0.09061031561576033,0.9958756596197892,odom_lidar,unilidar_lidar
1786133692.5740755,4.700074969945898,-3.533664565773012,0.029746983393692597,-0.009296659680019128,0.0003585596193951643,0.08348631499960539,0.9964654930109622,odom_lidar,unilidar_lidar
1786133692.7022614,4.617167185664155,-3.5563811416251623,0.01050182167990242,-0.024679336261831435,0.006340918012134895,0.08248800423361598,0.9962662557158071,odom_lidar,unilidar_lidar
1786133692.8158462,4.436159513809734,-3.526062556809929,-0.04231065765285963,-0.035685379482243464,0.011690910798663336,0.08469880629397285,0.9956987438519153,odom_lidar,unilidar_lidar
1786133692.941597,4.3019944847940454,-3.413598361154519,-0.0489235550127953,-0.02478357381654559,0.008415725397564189,0.08894193066409654,0.9956928657998186,odom_lidar,unilidar_lidar
1786133693.0685587,4.285568153248353,-3.3820106287682177,-0.007785820477366923,-0.011461391981476861,0.004217997052436989,0.09521055850850794,0.9953822353966394,odom_lidar,unilidar_lidar
1786133693.2105966,4.353079096179463,-3.3980726745517127,0.012288421377526787,0.0037701615217125505,-0.0005862058233359433,0.0973901836364184,0.9952389634535506,odom_lidar,unilidar_lidar
1786133693.3419497,4.468589906357517,-3.4357759696226897,-0.010576463668444946,-0.005929238812135653,-0.00020112761869487973,0.09295037922644993,0.9956530674268266,odom_lidar,unilidar_lidar
1786133693.4802547,4.545489346125043,-3.530565025683029,0.0022036449953222875,-0.01757522636018823,0.006562786202756193,0.09449847602764268,0.9953482201139953,odom_lidar,unilidar_lidar
1786133693.6109493,4.683324260869373,-3.5200898574578794,-0.05118612369723605,-0.011627308552896074,0.005263533844626372,0.10090089566149194,0.9948146109512018,odom_lidar,unilidar_lidar
1786133693.7440922,4.800730037675101,-3.5454375159949265,-0.0743608235662985,-0.011928763898455111,0.006100878738633297,0.10666324608382126,0.9942049264640233,odom_lidar,unilidar_lidar
1786133693.8768902,4.895679434919339,-3.5650967893053997,-0.05314130916681658,-0.014100692572756724,0.0051742076508952016,0.11212766270946425,0.9935802862876593,odom_lidar,unilidar_lidar
1786133694.001919,4.807486002844642,-3.5343435073998863,-0.011869600581364381,-0.00993106701734692,0.007069771632593798,0.11332147722957359,0.9934835856900037,odom_lidar,unilidar_lidar
1786133694.1519508,4.718786653080621,-3.5105550683567674,-0.027529697807574458,-0.005876542158090472,0.006176489654301096,0.11457008201865355,0.9933785852000504,odom_lidar,unilidar_lidar
1786133694.2996483,4.627775672335522,-3.590068135755475,-0.011058338198460704,-0.013104676556083165,0.009799392106371714,0.11551474451649905,0.993170973783464,odom_lidar,unilidar_lidar
1786133694.446468,4.614282732437606,-3.577655851942149,-0.01053296532992469,-0.021021769953366184,0.009182759294138807,0.11660452280668634,0.9929134641955454,odom_lidar,unilidar_lidar
1786133694.579974,4.728403189161144,-3.5691399637157915,-0.008051391211466571,-0.012309723935771502,0.005604045809555184,0.07066909365221564,0.99740811334657,odom_lidar,unilidar_lidar
1786133694.69661,4.77073614644537,-3.602509034850377,-0.0013121505757591918,-0.000773002837342166,0.002685602293169406,0.017779509348862948,0.9998380264094031,odom_lidar,unilidar_lidar
1786133694.813825,4.780546078582299,-3.654762962703195,-0.00941292733802803,0.001395556916430536,0.003067931108034379,-0.03370722485020875,0.9994260669066556,odom_lidar,unilidar_lidar
1786133694.939654,4.737378661653635,-3.779333646256539,-0.00018546833092361603,-0.013477482536238535,-0.004529613386303163,-0.06110129505500227,0.9980302960379799,odom_lidar,unilidar_lidar
1786133695.0609326,4.853898690051852,-3.5721364159481666,-0.08978926427946907,-0.004428826497262105,-0.014080949058116934,-0.02592379701852624,0.9995549355176144,odom_lidar,unilidar_lidar
1786133695.1859126,4.930788783460995,-3.330516800656038,-0.19583129259013088,0.022420665720729864,-0.022546248059303185,0.01148230997547673,0.9994284051420167,odom_lidar,unilidar_lidar
1786133695.3188128,4.916063095771397,-3.320820877778507,-0.15691306571978383,0.0158922935597157,-0.015271000319266656,0.04198062878438731,0.9988752967020099,odom_lidar,unilidar_lidar
1786133695.4630136,4.835521261413183,-3.5264667354462795,-0.022122418944334657,-0.01000750102166808,0.0038038122211489214,0.04726493455852106,0.9988250131514861,odom_lidar,unilidar_lidar
1786133695.6005368,4.965651966530116,-3.6038229176515935,-0.0773679989430525,-0.0005376689305486785,0.00395329157388215,0.03850700411126063,0.9992503655402025,odom_lidar,unilidar_lidar
1786133695.722093,5.08159534337454,-3.6404062999254716,-0.1090034243499254,0.014831065258888255,8.671913654496989e-05,0.027789971908722677,0.9995037515909534,odom_lidar,unilidar_lidar
1786133695.8449872,5.200608144675899,-3.6717885583293324,-0.13341877202306504,0.02351918602060068,-0.011615801710072857,0.014238576937827777,0.999554492744816,odom_lidar,unilidar_lidar
1786133695.9729207,5.312689107172073,-3.6823233796035377,-0.11636197303167775,0.03093257885908754,-0.021147226653288675,-0.0017358702665456304,0.999296230916748,odom_lidar,unilidar_lidar
1786133696.0969005,5.264176432851786,-3.634091954086864,-0.09986166453089555,0.014504338814460244,-0.01154415489986025,-0.0014507129344351914,0.9998271110923056,odom_lidar,unilidar_lidar
1786133696.2329865,5.1348623984033654,-3.4730032008216902,-0.09687568065074241,0.013823935971285332,-0.009435179543652718,0.011159090765432292,0.9997976549655084,odom_lidar,unilidar_lidar
1786133696.3731341,4.965889722789539,-3.502458778637202,-0.03889720692262246,0.003667413226202588,-0.0006058119335444538,0.029613345798115108,0.9995545171839156,odom_lidar,unilidar_lidar
1786133696.5013506,4.843676434886247,-3.6221084663503613,0.005763281240403206,-0.012381642768499481,0.004045012837156467,0.049657609424297505,0.9986813579013901,odom_lidar,unilidar_lidar
1786133696.6299446,4.934360657526436,-3.658322084011144,0.015323970209563116,-0.02487167714600748,0.0054599799956850815,0.06597089008588718,0.9974965814255542,odom_lidar,unilidar_lidar
1786133696.753298,5.041202185805444,-3.760610065741534,0.03902893529494403,-0.029642902988268605,0.004880777931778581,0.07350785138761695,0.9968420497218127,odom_lidar,unilidar_lidar
1786133696.8816059,5.309530100671509,-3.6971753828553293,-0.06232432972872612,-0.007808643919369591,-0.0014040944861402668,0.07571344386548606,0.9970980533612742,odom_lidar,unilidar_lidar
1786133697.005246,5.5244738317181215,-3.6965419123648453,-0.0315981124508975,-0.015846516682931345,0.0015435117556907368,0.06723377634903563,0.9976102068434973,odom_lidar,unilidar_lidar
1786133697.1260266,5.63663651390699,-3.736855098760343,-0.014693445886396553,-0.012285031019612121,0.0033087416015588414,0.05632389280482034,0.9983314826955887,odom_lidar,unilidar_lidar
1786133697.261371,5.719626813372936,-3.758790812051947,-0.018783015952384893,-0.01095283397200822,0.0053696254614077525,0.05152353633127379,0.9985972800655457,odom_lidar,unilidar_lidar
1786133697.3948522,5.563726265040641,-3.7984926815325895,-0.04949434592615156,-0.012396222262388968,0.004175826466864891,0.047116211414570404,0.9988037638940283,odom_lidar,unilidar_lidar
1786133697.5303144,5.361563959390786,-3.794037824399024,-0.09923396020351097,-0.00166372780119471,-0.0025827037679091746,0.046346374469421886,0.9989207051736343,odom_lidar,unilidar_lidar
1786133697.6501431,5.202432354553902,-3.7585581668859764,-0.14403938127655047,0.012295886151516972,-0.012100963295318744,0.040979465723677354,0.9990110416106902,odom_lidar,unilidar_lidar
1786133697.7783926,5.174011809822441,-3.63823899137646,-0.10898483453841754,0.026695029102038383,-0.020787032373440577,0.05163843368965862,0.9980925542615904,odom_lidar,unilidar_lidar
1786133697.9069884,5.177082797843423,-3.5149674211945365,-0.12828987667009373,0.025791767967050502,-0.021694586474861784,0.060544715565888786,0.9975963447406292,odom_lidar,unilidar_lidar
1786133698.0281284,5.35854689298064,-3.6663846709983927,-0.1045880158016366,0.004382925173176601,-0.012626826179068679,0.07173412283479318,0.9973342312628666,odom_lidar,unilidar_lidar
1786133698.1721737,5.532772943525373,-3.840054383245917,-0.003062399126313925,-0.019979799015471717,0.000278894821452599,0.08342899575112495,0.996313370640452,odom_lidar,unilidar_lidar
1786133698.2953677,5.820965885635843,-3.832835154902752,-0.0029462107397889604,-0.02116525423698526,0.005663457085971049,0.09436251405595293,0.99529677644809,odom_lidar,unilidar_lidar
1786133698.451479,5.852666695711813,-3.803187852703359,-0.02954218340857018,-0.0034503272667733946,-0.0031840598568472515,0.09407723859540044,0.9955538308815071,odom_lidar,unilidar_lidar
1786133698.5911646,5.76657364387282,-3.7888185522760223,-0.02176324749440354,-0.0006954675451890228,-0.0016180719456394023,0.07937802616890345,0.9968430303360711,odom_lidar,unilidar_lidar
1786133698.713965,5.683840696176789,-3.7742911067931098,-0.04005716643704863,0.0029058908730945905,-0.002990750837729173,0.0655566645886123,0.9978401349593414,odom_lidar,unilidar_lidar
1786133698.8499625,5.602184098765163,-3.72848678277309,-0.062136814950659404,0.0014479717994063054,-0.007377026877900841,0.055808368071830816,0.9984131954783401,odom_lidar,unilidar_lidar
1786133698.9757166,5.534978745313578,-3.8251329249127894,-0.07373041886725365,-0.003920675693737916,-0.005480325071717966,0.05132312324624748,0.9986593670313534,odom_lidar,unilidar_lidar
1786133699.1050565,5.453749847335714,-3.8773820239432846,-0.08291715082740084,-0.014791443713000452,-0.004363916166212629,0.04143413952677337,0.9990222127211463,odom_lidar,unilidar_lidar
1786133699.229716,5.3402394326109865,-3.897059939631422,-0.04785374623218408,-0.023320242534973883,0.0017119549026621552,0.04785850623574795,0.9985803917959756,odom_lidar,unilidar_lidar
1786133699.3831868,5.268268848301823,-3.81105449288219,-0.011550470720856049,-0.020737829886521588,0.0044887852163344585,0.05185467484724657,0.9984292092659178,odom_lidar,unilidar_lidar
1786133699.5167773,5.319310042333896,-3.8083737377868045,-0.019884895260884633,-0.018269961509367282,0.006309908136057158,0.07141597968791198,0.9972593200421728,odom_lidar,unilidar_lidar
1786133699.6356423,5.52307866552109,-3.7908972779843997,-0.04770885240265326,-0.012766983939795409,0.0007051276335608993,0.08102713955298767,0.9966298759178165,odom_lidar,unilidar_lidar
1786133699.7566864,5.730978530805823,-3.7515389097571767,-0.03436059830517944,-0.005994103390324576,-0.004022434236967692,0.0893962445276238,0.9959699805775839,odom_lidar,unilidar_lidar
1786133699.8744564,5.875687238110023,-3.807906752690544,0.015264101367583624,-0.009622210749799798,-0.002208065319731856,0.10127340070058598,0.9948096480324107,odom_lidar,unilidar_lidar
1786133700.0051851,5.766210519481478,-3.8611784538539964,0.00328077590423817,-0.021824878202797944,0.0039193320805726555,0.09457821510284095,0.9952704530706395,odom_lidar,unilidar_lidar
1786133700.1356547,5.629963147874,-3.82589215283066,-0.018259215299734434,-0.019980456398244365,0.004960755598649056,0.0880875197815265,0.9958999754617667,odom_lidar,unilidar_lidar
1786133700.2733061,5.575177260807268,-3.798468662299604,-0.021845228602117267,-0.014429164050889887,0.007455258326307688,0.08217546524258634,0.9964855298800104,odom_lidar,unilidar_lidar
1786133700.4166138,5.613668626679331,-3.836755651234949,0.00821761761812085,-0.016431202572045635,0.0069915153903539464,0.07679354371805044,0.9968870978891274,odom_lidar,unilidar_lidar
1786133700.558173,5.524335379727647,-3.8876315968738666,0.0040195825441971395,-0.020585396900873257,0.007842892650924067,0.07843980389647609,0.9966754374589463,odom_lidar,unilidar_lidar
1786133700.6864023,5.452345217795941,-3.9084193789261468,-0.024685308536524602,-0.02025148069436512,0.0031332214224960332,0.08026511252091913,0.996562879182848,odom_lidar,unilidar_lidar
1786133700.8179545,5.391085949779548,-3.8861390405047858,-0.03337949993951522,-0.011929501322567643,-0.003113134919596659,0.08032098731807416,0.9966927984015019,odom_lidar,unilidar_lidar
1786133700.945739,5.397031390765848,-3.895295638391358,-0.020044490385085087,-0.015137115017735651,-0.006313725847011197,0.07872741428655525,0.9967612546917249,odom_lidar,unilidar_lidar
1786133701.0698931,5.40739250960251,-3.8407936155465254,-0.029504227073485812,-0.022456599897196672,-0.0037447815615788216,0.06889794215877715,0.9973639011406014,odom_lidar,unilidar_lidar
1786133701.1998725,5.471039284094873,-3.723677245596693,-0.0728621562314076,-0.019307340949389996,-0.0008964338530166038,0.062202737990512944,0.997876366279057,odom_lidar,unilidar_lidar
1786133701.3411248,5.664097280583289,-3.6550783665322566,-0.02922617728308033,-0.004123753208561264,-0.0002285561980566949,0.07004789670724075,0.9975350793773775,odom_lidar,unilidar_lidar
1786133701.4751253,5.74067638913637,-3.6835276259377396,-0.03999185178216798,0.008255356020525777,-0.004432669492743341,0.07266625097870563,0.9973122963780414,odom_lidar,unilidar_lidar
1786133701.605884,5.703441072557442,-3.757320227898342,-0.12690729965502198,0.01828137384826342,-0.008357608780301548,0.0827994109690516,0.9963634875329754,odom_lidar,unilidar_lidar
1786133701.723045,5.6599183243998,-3.9946101594821113,-0.17788920076291576,0.00192020253937717,-0.008642311169943103,0.0941128199495844,0.9955221747409683,odom_lidar,unilidar_lidar
1786133701.8500519,5.49608024639622,-3.995743065472519,-0.07729701177208897,-0.011798088742493898,0.00021671481163875364,0.09708194243094108,0.9952064381778035,odom_lidar,unilidar_lidar
1786133701.970604,5.389543390925923,-3.7943248000058327,0.02261837718805837,-0.02906194078841953,0.005708237901097164,0.0836757347081307,0.9960528053465486,odom_lidar,unilidar_lidar
1786133702.1059887,5.281143078610369,-3.6082311381538865,0.0778997572462164,-0.0427775099485787,0.008765693879952073,0.07273486243377848,0.9963949453104134,odom_lidar,unilidar_lidar
1786133702.2474775,5.37532079519225,-3.5984064721767868,0.05301082747692652,-0.044022715682640004,0.013564023255202746,0.06254138541100292,0.9969787324150553,odom_lidar,unilidar_lidar
1786133702.3794787,5.4193473701892865,-3.645368796951255,0.01950937127169036,-0.04504219659937722,0.01810677125028282,0.04758722818338893,0.9976867249163012,odom_lidar,unilidar_lidar
1786133702.5419147,5.48678347093424,-3.8390031766518242,-0.02076474238975678,-0.03191738808196636,0.012691689196829807,0.03858766903147809,0.998664705074768,odom_lidar,unilidar_lidar
1786133702.6614952,5.583179225758354,-4.042008713594202,-0.02011451473905783,-0.006327272890916699,0.0037930407082351313,0.04303312072851186,0.9990464098230447,odom_lidar,unilidar_lidar
1786133702.7831697,5.66058025793327,-4.053923366147348,0.008173262780863805,-0.002721871062033295,-0.005449984781453155,0.06393143303821269,0.9979356998091031,odom_lidar,unilidar_lidar
1786133702.900397,5.720914452601451,-4.013588731743524,0.016288868225029077,-0.014355191513396951,0.0006264771881462821,0.08032017182128112,0.9966655437013695,odom_lidar,unilidar_lidar
1786133703.038999,5.751536690232372,-3.904873541895883,-0.028221288896116963,-0.016378979028647298,0.002086528061864567,0.09102558895373429,0.9957116638878206,odom_lidar,unilidar_lidar
1786133703.1615725,5.7004847444483575,-3.7630841643730153,-0.03566531345316668,-0.017324511306505416,0.004511153144482693,0.09501183152938096,0.9953151574625649,odom_lidar,unilidar_lidar
1786133703.2946594,5.658811077282374,-3.6211651956279582,-0.05592375665047766,-0.013024566653684861,0.004503281088016122,0.09998192966415793,0.9948938108479505,odom_lidar,unilidar_lidar
1786133703.4361255,5.563303024811813,-3.592016308824498,-0.038555296761233364,-0.0055860244275491066,-0.0010904134418776598,0.09204075785096343,0.9957389749446593,odom_lidar,unilidar_lidar
1786133703.5669816,5.44278566139337,-3.5832778205418987,-0.05397171816530645,0.0048474374398050045,-0.007699705852540735,0.0827339381913838,0.9965301361982969,odom_lidar,unilidar_lidar
1786133703.7000074,5.455700847012913,-3.8921363023336757,-0.027642594491931308,-0.030170478465387264,0.004807629349315604,0.07398487492097082,0.9967912856822824,odom_lidar,unilidar_lidar
1786133703.8206728,5.580509282912754,-4.017803791499572,-0.03199199500119604,-0.025924725484632004,0.007271818736657171,0.07622790296070958,0.9967268111528959,odom_lidar,unilidar_lidar
1786133703.9444249,5.743379692180816,-3.995870931176837,-0.027800061229575936,-0.007135529654494032,0.001605396138850855,0.07676811349299831,0.9970221480340912,odom_lidar,unilidar_lidar
1786133704.061485,5.745047915782262,-3.932058491673678,-0.06006643389629718,0.006117050874285442,-0.007855591571360341,0.07997799066557444,0.9967469048754367,odom_lidar,unilidar_lidar
1786133704.1777174,5.675192809027743,-3.8905201424848688,-0.04046610070996303,-0.006401548619362769,0.00191396481655199,0.08274217106350977,0.9965485889015406,odom_lidar,unilidar_lidar
1786133704.329355,5.600913656283894,-3.7516359710030462,-0.0769400057442493,-0.00842727394885552,0.005791231280319521,0.08660056943097767,0.9961906364086541,odom_lidar,unilidar_lidar
1786133704.4573228,5.615858595493947,-3.6406815099388865,-0.07699337513841184,-0.005972222315388317,-0.001589947327640125,0.08308620788478303,0.9965231992720679,odom_lidar,unilidar_lidar
1786133704.597189,5.6369412475854555,-3.602018469823938,-0.09233287587602204,-0.006324487169045026,-0.009313582591708431,0.07683861936998053,0.996979982053136,odom_lidar,unilidar_lidar
1786133704.7251453,5.643424353214883,-3.6381611213861578,-0.07268232282047138,-0.01246871724830084,-0.00761335510175382,0.07050726288556906,0.9974042780110088,odom_lidar,unilidar_lidar
1786133704.8536024,5.4890175401851815,-3.7331167287221607,0.013212950826661615,-0.02600928625353468,0.006287110679120202,0.06025368646889757,0.9978243745944463,odom_lidar,unilidar_lidar
1786133704.975212,5.399724283061653,-3.8007210874330046,0.08240461158256918,-0.03033163890318328,0.01102315326256947,0.05305504976535552,0.9980699592052615,odom_lidar,unilidar_lidar
1786133705.1120737,5.472536243353555,-3.8362023521694972,-0.03184015786985625,-0.021326850983864366,0.00434298694019445,0.057360367819922854,0.9981162718316501,odom_lidar,unilidar_lidar
1786133705.2505035,5.568631170633684,-3.918844517831222,-0.09594884750415933,-0.02137978616012699,-0.0008596978284824382,0.06092596411146094,0.9979129183252815,odom_lidar,unilidar_lidar
1786133705.3785322,5.6899374499310795,-4.018160266419279,-0.04306236066417424,-0.014153525156384466,0.0012595278851043694,0.07126651951770976,0.9973560921310836,odom_lidar,unilidar_lidar
1786133705.5230484,5.649288428079349,-4.020691121276773,0.002079689302767033,-0.005180476517341373,0.00522251117941998,0.08032859096137814,0.9967412931720016,odom_lidar,unilidar_lidar
1786133705.6561563,5.544706576841222,-3.933309298026136,-0.00022366558736408582,-0.007873201258298981,0.0047399800479645685,0.08635501000240665,0.9962220422870474,odom_lidar,unilidar_lidar
1786133705.7704542,5.452311294611535,-3.7997738993375094,0.008911751058266398,-0.0032635029618383474,0.0007340875695654637,0.09063299084156924,0.9958787434396671,odom_lidar,unilidar_lidar
1786133705.8976007,5.383121495610513,-3.6265385103537997,-0.07510596624886443,-0.004736751754265763,-0.0056473017273921495,0.08762089832398058,0.9961266231473372,odom_lidar,unilidar_lidar
1786133706.0252237,5.43628899938232,-3.5278786890442033,-0.0877658745012847,0.000367493588640115,-0.010417452489480776,0.08044731630141534,0.9967043548274442,odom_lidar,unilidar_lidar
1786133706.1561096,5.549041880127985,-3.5076523246839653,-0.10116649611287809,0.0006135923672551532,-0.010481709742193687,0.07442443475236828,0.9971713798425413,odom_lidar,unilidar_lidar
1786133706.2895923,5.633935597659724,-3.595880716190312,-0.05857986434603052,-0.007610984218425671,-0.004158782794237858,0.07309689349253995,0.9972871309741431,odom_lidar,unilidar_lidar
1786133706.4169338,5.719296192675733,-3.7102997612685145,-0.0006879600873254425,-0.02024205452904255,0.0045671741316437855,0.07207351405708426,0.9971834378490038,odom_lidar,unilidar_lidar
1786133706.556088,5.76061867898982,-3.8361239190862926,0.010962093957838911,-0.030077423319463843,0.01161501338756207,0.07331626959493905,0.9967874220129139,odom_lidar,unilidar_lidar
1786133706.679641,5.725045883237711,-3.8910401574273403,-0.03042399823969662,-0.018334534254075472,0.004187945685707252,0.0805477155935828,0.9965733146524018,odom_lidar,unilidar_lidar
1786133706.803142,5.647811572483277,-3.8625983630617555,-0.056014185453020254,-0.0007986350434013345,-0.0015212074710701496,0.08547367474200288,0.9963389478666362,odom_lidar,unilidar_lidar
1786133706.931885,5.5903889217677065,-3.943082028024415,-0.0065419155096765255,-0.005846724994281439,3.578509821559883e-05,0.08855085690747724,0.9960544966352091,odom_lidar,unilidar_lidar
1786133707.0620813,5.457661437993758,-3.7614408655357745,-0.013177202800216524,-0.005215134053112136,-0.0005420347374936808,0.08524564664200696,0.9963461689110554,odom_lidar,unilidar_lidar
1786133707.18963,5.4124308159208665,-3.5803482525871075,-0.06741047395489341,-0.0007521072946440529,-0.003464096738281068,0.08665895505273326,0.9962317300094259,odom_lidar,unilidar_lidar
1786133707.3244748,5.472510310811691,-3.5187166280547704,-0.07877549655086967,-0.007508115447203082,-0.005916954094010561,0.08487240014765442,0.9963459708102691,odom_lidar,unilidar_lidar
1786133707.4616704,5.47151723082079,-3.680989916032801,-0.013875582157352961,-0.02938960579067239,0.007676270153859827,0.08789643852689037,0.9956663808938628,odom_lidar,unilidar_lidar
1786133707.5862849,5.6117885577350055,-3.8103055400474948,-0.0015625531388123032,-0.018680827437584462,0.007809088588650652,0.08575087034891084,0.9961108537989466,odom_lidar,unilidar_lidar
1786133707.7128758,5.7907311777931,-3.922030491078135,-0.001505193389099338,-0.008226651558248336,0.0055437350948620125,0.08250552518614644,0.9965412322222776,odom_lidar,unilidar_lidar
1786133707.8398366,5.9563734110949484,-4.034069822093788,-0.04178055108510381,-0.005742334063847752,0.00018618569550971087,0.07939649722582526,0.9968265582149463,odom_lidar,unilidar_lidar
1786133707.9689014,6.0182266070801775,-4.0811189598992135,-0.05737443625168112,-0.008019306216345305,-0.006655112176343594,0.07553086570112713,0.9970890073289179,odom_lidar,unilidar_lidar
1786133708.1035202,5.65549093339845,-3.9881380943528963,0.004000645395847213,-0.013477755956744754,0.00156990409190873,0.07432226670751116,0.9971419588839747,odom_lidar,unilidar_lidar
1786133708.240995,5.389266205565316,-3.846646339888973,0.013538652522360195,-0.012760884489774598,0.004500753110767223,0.0751856401061007,0.997077741487749,odom_lidar,unilidar_lidar
1786133708.3757236,5.1800131404480165,-3.7383586646547204,0.027332617481827297,-0.017697532563584074,0.007603584810413637,0.07285556521378435,0.997156481930781,odom_lidar,unilidar_lidar
1786133708.5066898,5.152386523351765,-3.765764844281319,0.03960370115760268,-0.027670451643994752,0.010550188835430827,0.06990337766857393,0.997114114538491,odom_lidar,unilidar_lidar
1786133708.6376674,5.281596046361711,-3.7903289964683724,0.04950451808297848,-0.04884189191597631,0.008657375566139129,0.06829960063569904,0.9964309730209008,odom_lidar,unilidar_lidar
1786133708.74807,5.4753156113447075,-3.874097091356905,0.033613421524338674,-0.058877171833041246,0.01448320378176619,0.07200452403242698,0.9955596737333339,odom_lidar,unilidar_lidar
1786133708.8731487,5.661297538284439,-3.970269094792495,0.007056333707763721,-0.059975016434558555,0.021400392771316317,0.07514227757054971,0.9951375074402624,odom_lidar,unilidar_lidar
1786133709.017578,5.723473554401925,-3.952663963963523,0.024226156711539555,-0.05889057849253798,0.021708241745720103,0.07194793759831598,0.9954316381753558,odom_lidar,unilidar_lidar
1786133709.1482213,5.823901809574365,-3.8095860156200123,0.00915935064642329,-0.025591790625877867,0.002864119494079883,0.07239047302572804,0.9970438688880227,odom_lidar,unilidar_lidar
1786133709.2760065,5.862788050551167,-3.7111957840634107,-0.011561957369770552,-0.0006929623233934151,-0.007983430159292945,0.07730997713260976,0.9969749004272201,odom_lidar,unilidar_lidar
1786133709.4121153,5.815716924290953,-3.7062896458414616,-0.04188315684122601,0.009598960212741682,-0.009542961696656619,0.08375301247700723,0.9963946129651227,odom_lidar,unilidar_lidar
1786133709.5383365,5.6576740270513195,-3.7219787913759177,-0.08600425463596409,-0.001485088885635855,-0.0005912584859336137,0.08035413168379724,0.9967650969239179,odom_lidar,unilidar_lidar
1786133709.673104,5.5011865310938175,-3.7112486430398093,-0.0663098421689722,-0.016399849357821298,0.004665457922741232,0.07842434994896606,0.9967742471485176,odom_lidar,unilidar_lidar
1786133709.8070533,5.39114144968337,-3.6798824060101447,-0.030043074224373793,-0.026199206211851095,0.005055525712046639,0.0782197398665619,0.9965790061750505,odom_lidar,unilidar_lidar
1786133709.926616,5.276236735402395,-3.712852931919351,0.019563903398154073,-0.041670840453238205,0.007249544277544036,0.07841658279435233,0.9960230041050986,odom_lidar,unilidar_lidar
1786133710.0511284,5.233106692265975,-3.8324035839163675,-0.0007390387925606395,-0.05120636409596658,0.01612360888448708,0.08021772327557429,0.9953306256642035,odom_lidar,unilidar_lidar
1786133710.1929965,5.285146236115694,-3.9007025558414066,-0.0486734795600885,-0.04662201342750562,0.017236170651081892,0.08339660203773684,0.9952759964220034,odom_lidar,unilidar_lidar
1786133710.3356638,5.408035366315843,-3.829115037421327,-0.05326703649172715,-0.0208575629773786,0.0029145053861571123,0.08640796675132031,0.9960372136656851,odom_lidar,unilidar_lidar
1786133710.492404,5.508749090775261,-3.7658906297555466,-0.02173537035099416,-0.0062272971220724985,-0.011554292407575115,0.0893029505091257,0.995918019782692,odom_lidar,unilidar_lidar
1786133710.6348865,5.596010018441745,-3.8123143832344715,-0.04877026853712606,0.0010598825406665374,-0.013979153567750164,0.09117086318996702,0.995736578428113,odom_lidar,unilidar_lidar
1786133710.7592678,5.660338378222246,-3.8776083036019475,-0.027919193373466634,-0.015402605572111197,0.0020440445714882873,0.08497790699304461,0.9962616809586031,odom_lidar,unilidar_lidar
1786133710.8849998,5.662567276351631,-3.875924458814332,0.003354064369428155,-0.026721598157212964,0.010889239434456566,0.08109772156417679,0.9962883820528887,odom_lidar,unilidar_lidar
1786133711.0261714,5.725448465137161,-3.872142448163693,-0.03788181619203265,-0.03293794919966414,0.01577231556074722,0.08031422287415635,0.9961003720351143,odom_lidar,unilidar_lidar
1786133711.1524923,5.7930661518273485,-3.9086188053133464,-0.031838820956268575,-0.038078943158612134,0.01338001869357374,0.08616556008440909,0.9954629402659965,odom_lidar,unilidar_lidar
1786133711.28198,5.730981205324074,-3.8724944862832973,-0.039355194220691066,-0.03332371695108716,0.00763061248126529,0.08916655284936038,0.9954298717110548,odom_lidar,unilidar_lidar
1786133711.4294803,5.6458264197976264,-3.7691516317653524,-0.0017842214454788508,-0.02288550942461806,0.002505644414696509,0.09322038849761984,0.9953792917138651,odom_lidar,unilidar_lidar
1786133711.5525997,5.538497699250619,-3.7890752781595545,0.03230689617332945,-0.020888208875190974,0.0004952137224236356,0.08557042807675601,0.9961130153411893,odom_lidar,unilidar_lidar
1786133711.6766858,5.525838361065075,-3.729673221308386,-0.041174802792201995,-0.00703790023565913,-0.0006607847861586479,0.07058144584937705,0.9974809726634143,odom_lidar,unilidar_lidar
1786133711.796991,5.511380194919589,-3.70149352737534,-0.12304250746748516,-0.0013005288544053278,-0.002164042803015425,0.06085147035370346,0.9981436390115594,odom_lidar,unilidar_lidar
1786133711.9203596,5.433087540255332,-3.7620074808932578,-0.07704583534311675,-0.013795795151646644,0.0023583070184761026,0.058615399091992246,0.9981825230955644,odom_lidar,unilidar_lidar
1786133712.043272,5.402630560224926,-3.7090994942169013,-0.025165697970278178,-0.013749616666414556,0.00033221002421448967,0.0544574030269218,0.9984213684279748,odom_lidar,unilidar_lidar
1786133712.173767,5.380941245270708,-3.6274262657812644,0.026348164345115322,-0.016324740664101754,0.001255874212261048,0.05372673655019553,0.9984214357684228,odom_lidar,unilidar_lidar
1786133712.3134878,5.351818813760436,-3.6676696244076874,0.04234806726357331,-0.022767590683808455,0.0061616784057583465,0.060229924459461986,0.9979058205729067,odom_lidar,unilidar_lidar
1786133712.4417152,5.329584788600041,-3.70741544435967,0.018710068501513154,-0.03566306989258507,0.015811606257447652,0.06680989350927286,0.9970027967276099,odom_lidar,unilidar_lidar
1786133712.5694537,5.474479392727526,-3.7081128665294685,-0.009725329463858706,-0.046209699081071524,0.011853973847717232,0.07373091603220508,0.9961364861483121,odom_lidar,unilidar_lidar
1786133712.693891,5.536772031930586,-3.7038753298671323,0.011914180224519233,-0.0404738268039711,0.006342752008582504,0.08349853622728114,0.9956654223627038,odom_lidar,unilidar_lidar
1786133712.809433,5.5711820333887365,-3.8447993025619325,0.039031112271303015,-0.030387190165822087,0.005721096017032714,0.09214922583336314,0.9952649938144625,odom_lidar,unilidar_lidar
1786133712.9401257,5.644714946718732,-4.026546129081969,0.006187950761535958,-0.016445003380799125,0.007509170491471901,0.09776544859423872,0.9950452709718804,odom_lidar,unilidar_lidar
1786133713.0651066,5.693282718557265,-3.9551251032938977,-0.09259662802568051,0.007265299287819605,-8.441903310560427e-05,0.08915274331995919,0.9959914641492721,odom_lidar,unilidar_lidar
1786133713.1929,5.677491533510131,-3.9744046798116814,-0.1639138932448116,0.01532666560154744,-0.005414228353207818,0.0783504075820105,0.9967933552570515,odom_lidar,unilidar_lidar
1786133713.3181078,5.765891376269469,-3.9674762947184754,-0.1144257088791892,0.009813440308392686,-0.010095690869483425,0.08025039777019269,0.9966752967104721,odom_lidar,unilidar_lidar
1786133713.4702234,5.712414904598649,-3.901272369885742,-0.07738660754581825,0.0010053936985071816,-0.010115486363711576,0.09128251288368443,0.9957731513556572,odom_lidar,unilidar_lidar
1786133713.6010509,5.6455943458861775,-3.89876625590263,-0.03197912864423594,-0.01468137492813102,-0.001107518082136666,0.10200007656844065,0.9946754319947535,odom_lidar,unilidar_lidar
1786133713.7312253,5.6719076441627525,-3.8284505774459987,0.0017927746935581246,-0.03037772685864479,0.015479561813906726,0.1054812626608453,0.9938366465895815,odom_lidar,unilidar_lidar
1786133713.848887,5.8048532386245375,-3.695397160504426,0.04369857830785261,-0.03444402610307643,0.016451581002860094,0.10754532459470725,0.9934671397213579,odom_lidar,unilidar_lidar
1786133713.984872,5.887488269049493,-3.6323439751863944,-0.02704044127303197,-0.014387821523609484,0.0039049333289054183,0.10110337551275736,0.9947642180674915,odom_lidar,unilidar_lidar
1786133714.1268423,5.988062719633656,-3.7215299576766867,-0.0828754134321729,-0.0049927491309960485,-0.004447827627079375,0.09452509094849505,0.9955000233383691,odom_lidar,unilidar_lidar
1786133714.2570405,5.945959301639458,-3.9176492779977994,-0.09986480641320197,-0.008405788892299539,-0.006424771927947211,0.10153720561411479,0.9947754826566892,odom_lidar,unilidar_lidar
1786133714.4069724,5.917469879489367,-4.109461336552361,-0.08563843710210206,-0.0071858468299853,-0.00843678455683738,0.11095067801192211,0.9937641225765661,odom_lidar,unilidar_lidar
1786133714.5402126,5.8644633141832205,-4.111305533931813,-0.046458392835526524,0.0016485042712516373,-0.00571564405842914,0.11261437971251362,0.9936209615988538,odom_lidar,unilidar_lidar
1786133714.6681657,5.786678880431667,-4.0989130841596575,0.028163029469617268,-0.014345894208922854,0.005542760356775558,0.1107482765222226,0.9937294865174985,odom_lidar,unilidar_lidar
1786133714.7851381,5.769265076679043,-3.990542515915193,0.02724465024880174,-0.021567385809791333,0.00875067535091175,0.10840941056374605,0.9938338257734316,odom_lidar,unilidar_lidar
1786133714.9156625,5.820857063537317,-3.7958772859796297,-0.03594431992698777,-0.011099621306953666,-0.00042778860384159697,0.11049819344403837,0.9938142505767144,odom_lidar,unilidar_lidar
1786133715.0403848,5.955292162050777,-3.577275597944585,-0.13760557546753813,0.015731486399528333,-0.014329930743023186,0.12146395742088655,0.9923677143419262,odom_lidar,unilidar_lidar
1786133715.1791263,6.1060901412577255,-3.7055631228223347,-0.1760973183029271,0.027276816666391774,-0.016205964422107526,0.13885889384793768,0.9898037934808215,odom_lidar,unilidar_lidar
1786133715.3161607,6.2489624673951525,-3.9479567999544543,-0.12909919117387111,0.015500116097680823,-0.010422850097446423,0.16371693290608166,0.9863305107704163,odom_lidar,unilidar_lidar
1786133715.4482443,6.377186613739849,-4.090697782193579,-0.0879904277858219,0.0157703298574629,-0.006385784436554711,0.18042883698930537,0.9834408742959606,odom_lidar,unilidar_lidar
1786133715.5762355,6.360147882027891,-3.979351658208013,-0.00997324080614724,0.004766761539580752,-0.004215847627457808,0.17039504522866306,0.9853552827151884,odom_lidar,unilidar_lidar
1786133715.696097,6.343236033784046,-3.8724762051705537,-0.013609305383552261,-0.012664806304245234,0.000784964475983086,0.15905340715753988,0.9871884319539129,odom_lidar,unilidar_lidar
1786133715.8153203,6.309745150132548,-3.806102856767946,-0.022203562869601758,-0.02890784939005009,0.005051878801636038,0.15404157453803122,0.9876284767452082,odom_lidar,unilidar_lidar
1786133715.9489207,6.224191627381187,-3.7490550164009093,-0.07688151025548487,-0.012665859219283832,-0.0005543702203669003,0.15719616945084258,0.987486016606756,odom_lidar,unilidar_lidar
1786133716.074255,6.180711296949933,-3.7512588285488144,-0.0566701459626627,-0.008127251522283021,-0.004664045594171953,0.15428669115878918,0.9879816857577177,odom_lidar,unilidar_lidar
1786133716.2099426,6.240417862649325,-3.8161256101160346,-0.04771377854913281,-0.004725731523683005,-0.007247039991227511,0.15184899541591393,0.9883658383736811,odom_lidar,unilidar_lidar
1786133716.3418162,6.308294185035941,-3.950698094870664,-0.07688036834888268,-0.010847099384476474,0.0005040449821320671,0.14462410097188197,0.9894270846260851,odom_lidar,unilidar_lidar
1786133716.4768078,6.346994396132342,-3.9485663080232776,-0.08254392646544388,0.0046839191158722865,-0.004904665056302387,0.11297327570721702,0.9935748809920582,odom_lidar,unilidar_lidar
1786133716.5999467,6.367263458664564,-3.967946740424079,-0.12566233177803074,0.016052811369921982,-0.010155004814249271,0.07952977367297011,0.9966514928619084,odom_lidar,unilidar_lidar
1786133716.7292943,6.307695336827205,-3.8987949026729374,-0.09516137500949895,0.009602833518856874,-0.010856600449413494,0.07125152923664459,0.9973530665699738,odom_lidar,unilidar_lidar
1786133716.8551247,6.2848009897969135,-3.8942580383840912,-0.07714304692401053,0.008172447706164574,-0.012147781174605998,0.06646069848210134,0.9976816215949331,odom_lidar,unilidar_lidar
1786133716.976907,6.264927120388678,-3.954589806339976,-0.035848765069747955,-0.0035516116047266157,-0.007697551304656841,0.059390629306260934,0.9981988213324676,odom_lidar,unilidar_lidar
1786133717.1131227,6.366008652861412,-4.002420467974412,-0.05856986215341711,-0.014810553310382881,-0.0005613341002324027,0.0625422375823233,0.9979322626976564,odom_lidar,unilidar_lidar
1786133717.2586176,6.403684059110945,-4.063533204435944,-0.10925782203044686,-0.01439089011528312,0.006092358416893223,0.07219883518503437,0.9972678244326015,odom_lidar,unilidar_lidar
1786133717.3942595,6.507276248088775,-4.0693296764114155,-0.0913208777555791,0.008777984660482912,-0.005544252902007319,0.09463630127169811,0.9954577734523306,odom_lidar,unilidar_lidar
1786133717.5384574,6.592518283582552,-4.112047971778192,-0.06692691164556613,0.023432134226407705,-0.013619214260407833,0.11437632398744749,0.9930677260890333,odom_lidar,unilidar_lidar
1786133717.658932,6.596346365982667,-4.11595333870027,-0.04539303097114375,0.015620175612663014,-0.011787482136392444,0.1347518945070176,0.990686121990958,odom_lidar,unilidar_lidar
1786133717.7749438,6.6117118242039945,-4.125619193429438,-0.049814662701544346,-0.002695632320093984,-0.0027815363419396604,0.15243543757109387,0.9883058403118352,odom_lidar,unilidar_lidar
1786133717.8933997,6.677749158080047,-3.8810329080084354,-0.03362408137200025,-0.020148200392031846,0.009850014233750187,0.15241103133331882,0.9880627028526437,odom_lidar,unilidar_lidar
1786133718.0210252,6.725776787845518,-3.783029711535428,-0.022539834976406894,-0.038599409976676095,0.014116083733605124,0.14013828020823177,0.989278567517642,odom_lidar,unilidar_lidar
1786133718.151512,6.7412039306536045,-3.877481604144284,-0.045285696867507,-0.0330091157612416,0.008322846620045343,0.10552765426005786,0.9938335085350916,odom_lidar,unilidar_lidar
1786133718.290864,6.763019369414751,-3.9756200541071047,-0.05621777109769135,-0.022307998046695473,0.0015787071285532793,0.07043054001473607,0.9972659624895375,odom_lidar,unilidar_lidar
1786133718.447702,6.6544936343367205,-3.991091377790069,-0.07469595215697133,0.0060580395901513266,-0.006833237413468867,0.04910602346841723,0.9987518237689955,odom_lidar,unilidar_lidar
1786133718.596091,6.625819515837217,-4.0781597732262265,-0.09462955562629949,0.0031529215345278013,-0.0042932178395084925,0.04954171551594378,0.9987578514285216,odom_lidar,unilidar_lidar
1786133718.7135744,6.7231275962996095,-4.037889570622452,-0.0918051421499954,0.005063397062457068,-0.00836538125714803,0.07440483595665612,0.9971801756918726,odom_lidar,unilidar_lidar
1786133718.8357866,6.848921055472508,-3.976885422662417,-0.0886623498593721,-0.00338481769218396,-0.00863187542618803,0.11385832545203181,0.9934537309110458,odom_lidar,unilidar_lidar
1786133718.9689555,6.927194604969956,-3.971325924467119,-0.06068267506074895,-0.012882096213680895,-0.0020703333499558865,0.1367910317178371,0.9905139973561864,odom_lidar,unilidar_lidar
1786133719.0942235,6.922101784276142,-4.067903964564557,-0.04148828007029088,-0.020173868390383497,0.006766378541294669,0.13676925294371664,0.9903743749738385,odom_lidar,unilidar_lidar
1786133719.2413435,6.968602579785885,-4.097650662615669,-0.02127976398347204,-0.013657339810527391,0.002489327250820905,0.12065190510935739,0.9925978027945764,odom_lidar,unilidar_lidar
1786133719.3799849,7.110347170590482,-4.100585816535205,-0.04912112131942802,-0.0060613244847599465,-0.002747567031762341,0.1010135460820542,0.9948627919109374,odom_lidar,unilidar_lidar
1786133719.5189939,7.172785227702483,-3.967600078756909,-0.09123481677681244,0.011292929993582498,-0.011278067331410365,0.08158012135425773,0.9965389900697579,odom_lidar,unilidar_lidar
1786133719.6375766,7.185174460409908,-3.9495523598109674,-0.11077327323021433,0.008120991123165028,-0.013856407860472429,0.06084202067480457,0.9980181851973382,odom_lidar,unilidar_lidar
1786133719.7607346,7.063071806104367,-3.9104602719592596,-0.11798298037176895,-0.004830500694196828,-0.008448495904596204,0.039589846343306506,0.9991686210277557,odom_lidar,unilidar_lidar
1786133719.8936613,6.906769869740914,-3.9663382156775744,-0.07643202096119696,-0.016343789570629076,-0.005960896877926228,0.023894464096043087,0.99956310598003,odom_lidar,unilidar_lidar
1786133720.0171204,6.695669599148825,-4.004110998162297,-0.0636116789226631,-0.014490133937497643,-0.004075987359410381,0.013374600492847393,0.9997972506499386,odom_lidar,unilidar_lidar
1786133720.1492314,6.667786578484416,-3.993543949952437,-0.10173574300723247,-0.0019552326845852434,-0.009223181227600673,0.018264888826919422,0.9997887295970747,odom_lidar,unilidar_lidar
1786133720.2968218,6.788277999387614,-4.024476504565197,-0.0887897079906649,-0.0034341940785039813,-0.006584368451664917,0.03390636088935515,0.9993974239982635,odom_lidar,unilidar_lidar
1786133720.430222,6.94969233557198,-4.082794562712578,-0.075100567463041,0.0010199544763636948,-0.009101790295774542,0.04250330226908242,0.9990543460705733,odom_lidar,unilidar_lidar
1786133720.574228,7.1293707747592,-4.190905991034571,-0.08465615436267232,0.010245879653372234,-0.012447912795218974,0.05514895472054898,0.9983479674995097,odom_lidar,unilidar_lidar
1786133720.6977193,7.2352365593148,-4.281110232604133,-0.06294306356943791,0.0068261203457630724,-0.010297001747424844,0.06784818391812465,0.9976191657015473,odom_lidar,unilidar_lidar
1786133720.8241642,7.292762823359531,-4.280253447507554,-0.03503348770313817,-0.004922151429281869,-0.0029576777431865827,0.07527032013665762,0.9971466308794309,odom_lidar,unilidar_lidar
1786133720.9410808,7.343459797927755,-4.236314842784077,0.02221671637026082,-0.02115138609895934,-0.000958475361960036,0.07314689137426178,0.9970964007924988,odom_lidar,unilidar_lidar
1786133721.0745764,7.402927168982863,-4.1181947792688405,0.004547849259072142,-0.03161586967654742,0.0012194064358961886,0.07025616560662636,0.9970270914206866,odom_lidar,unilidar_lidar
1786133721.1998472,7.32710774929957,-3.9536597742257307,-0.005624984757443746,-0.032142870199030386,0.009910111479722455,0.0655644166374193,0.9972812706838641,odom_lidar,unilidar_lidar
1786133721.336254,7.24683731267443,-3.8700910549812346,0.009780850079449357,-0.028158618979121697,0.009317834733444705,0.05827169822289991,0.9978600499665713,odom_lidar,unilidar_lidar
1786133721.4606864,7.25290968951168,-3.9215735936861695,-0.024389840537274582,-0.013751168117433503,-0.0021097725739807577,0.05534390856785349,0.9983704252528345,odom_lidar,unilidar_lidar
1786133721.591692,7.272244547125547,-4.093321620829686,-0.06014610597576086,-0.0032995868909139,-0.010601441080155717,0.044446792284746274,0.9989500512182629,odom_lidar,unilidar_lidar
1786133721.7164211,7.2351709244491,-4.227282388085532,-0.053610434508849836,0.010237136341779118,-0.018137899736320767,0.0334338843418065,0.9992238953360221,odom_lidar,unilidar_lidar
1786133721.8360417,7.235466253531679,-4.332944976835522,-0.08905510145704439,0.017955251691247582,-0.01709414149199889,0.021570436978849937,0.9994599119083752,odom_lidar,unilidar_lidar
1786133721.9639857,7.0953339939487865,-4.242846980069672,-0.1279383790617713,0.020840155262711837,-0.018792224600374274,0.012804729267816891,0.9995241763617192,odom_lidar,unilidar_lidar
1786133722.0801632,6.97761543438563,-4.229988914147077,-0.12209145218719694,-0.0005924204912090302,-0.010390142348031577,0.0011543824538446646,0.999945179187889,odom_lidar,unilidar_lidar
1786133722.2242796,6.948651629653518,-4.1682385893300165,-0.0963936544240411,-0.017306828189177653,-0.006313021287675977,0.002350634593823005,0.9998275321160436,odom_lidar,unilidar_lidar
1786133722.355104,7.053711586978666,-4.0805492779277825,-0.02848257123425904,-0.007507771563898472,-0.011974238416637207,0.017996922231348817,0.9997381466017413,odom_lidar,unilidar_lidar
1786133722.4856288,7.276551055890437,-4.147615002343066,0.036699052574157176,-0.009470343981019029,-0.007273394101975343,0.033786641288515926,0.9993577303416229,odom_lidar,unilidar_lidar
1786133722.6020436,7.513366448559366,-4.282433987721134,0.0038523088375975734,-0.02170205924823485,0.003123809377686267,0.046159447404056274,0.9986934303652498,odom_lidar,unilidar_lidar
1786133722.720038,7.7361104821874935,-4.363017173265547,-0.004795124633986236,-0.023791745490815183,1.402205582703129e-05,0.06016816749321083,0.997904676945845,odom_lidar,unilidar_lidar
1786133722.8359566,7.884096488270301,-4.278716909590098,-0.04275537949074945,-0.007075104181671191,-0.006848069868332891,0.06538406248042021,0.9978115910398383,odom_lidar,unilidar_lidar
1786133722.9719849,8.024795359670321,-4.245080414276047,-0.11161667327454328,0.0008261682326830442,-0.007212855505482591,0.06981005823674573,0.9975338830989605,odom_lidar,unilidar_lidar
1786133723.1161675,7.9932714100288935,-4.249554423574817,-0.09985582829696728,0.0007877323972669206,-0.0014987122168312753,0.07381754004583953,0.9972703265017676,odom_lidar,unilidar_lidar
1786133723.246751,7.925932359430135,-4.2879537972812285,-0.028397895322637125,-0.006935607536777704,3.7132950870751654e-05,0.07065290341026412,0.997476848457617,odom_lidar,unilidar_lidar
1786133723.389072,7.779999464142539,-4.359098756789667,0.0075611493968968276,-0.01518962273742242,0.002407975767171098,0.06784502970676363,0.9975773298135276,odom_lidar,unilidar_lidar
1786133723.5162592,7.632548080420209,-4.4329905393480455,0.03179022561512369,-0.024701338981780327,-0.0014194790755360544,0.06815784228096938,0.9973677042431562,odom_lidar,unilidar_lidar
1786133723.6331892,7.382329383146448,-4.255968603832028,-0.04253730408763068,-0.0060750784627525865,-0.00799206153724736,0.07162114745293315,0.9973813872393957,odom_lidar,unilidar_lidar
1786133723.752337,7.330549396640315,-4.242270729490963,-0.12202482144602152,0.0020733890654831186,-0.009423377424499103,0.07136979468082455,0.9974032551696007,odom_lidar,unilidar_lidar
1786133723.8750427,7.427607742635795,-4.1911853669087895,-0.1060291429095036,-0.003974074029755847,-0.005437143894751498,0.07276739895311542,0.9973262003233807,odom_lidar,unilidar_lidar
1786133724.0096154,7.5563069034583235,-4.210410914403054,-0.08215810729107338,-0.01480546969713393,0.0011538258317338004,0.07481485660622163,0.9970868587961572,odom_lidar,unilidar_lidar
1786133724.1442077,7.671989430636678,-4.238952177511204,-0.06650898577353959,-0.01883887894636707,0.001653473205390657,0.07822800795030846,0.996756109305847,odom_lidar,unilidar_lidar
1786133724.2884545,7.731530901157807,-4.264002021546905,-0.04143272161787542,-0.015918644420861595,0.0007459138804548928,0.08473722665797294,0.9962758868860576,odom_lidar,unilidar_lidar
1786133724.4220731,7.750899474522691,-4.154527363209964,-0.04492702874975904,-0.007949584909985354,-0.005312158346183829,0.08956758981236507,0.9959348532553061,odom_lidar,unilidar_lidar
1786133724.5521324,7.750742292322359,-4.073981567720468,-0.06104134247355496,0.002144816663301356,-0.01232251169983469,0.08951495457972458,0.995906937606862,odom_lidar,unilidar_lidar
1786133724.6690316,7.751498171666514,-4.054873722024624,-0.09912065333345337,0.003202730140405597,-0.01210887379443656,0.08708285677252428,0.9961223287083841,odom_lidar,unilidar_lidar
1786133724.7937028,7.702761195160864,-4.024485810276326,-0.11410133885531704,0.0035517486785362636,-0.0083759362693614,0.08342439898184434,0.9964725778602512,odom_lidar,unilidar_lidar
1786133724.9058955,7.600671240749299,-4.071382715751104,-0.11512361394895029,-0.0035477908211879543,-0.0003040300830175772,0.08659338209270598,0.9962373747876279,odom_lidar,unilidar_lidar
1786133725.0412264,7.483924026015987,-4.099344321002664,-0.09422924648605832,-0.010139015806483711,0.007450839106464972,0.09028460983064664,0.9958365200085874,odom_lidar,unilidar_lidar
1786133725.1857765,7.5773329403912175,-4.258194579573815,-0.03830483926333991,-0.0011812516106643233,-0.0016782184393299565,0.08724216944412679,0.9961850190091118,odom_lidar,unilidar_lidar
1786133725.3145754,7.730570675908045,-4.304720089914322,-0.04773407347830694,0.009945770004129054,-0.010760074402072575,0.08073232058139532,0.996628112623475,odom_lidar,unilidar_lidar
1786133725.444213,7.824865427920057,-4.434763323939012,-0.03809306920734325,0.0029580030688296953,-0.013338704044924266,0.07344076724560697,0.9972059881983377,odom_lidar,unilidar_lidar
1786133725.5665162,7.879984958174571,-4.484551927960304,-0.11060236589837592,0.004723876704626242,-0.00947322697373616,0.06024295634220242,0.9981276116663315,odom_lidar,unilidar_lidar
1786133725.6993384,7.910959059568675,-4.481392977484868,-0.14067479196998123,0.01307452170593029,-0.008651884741900687,0.05222426746550259,0.998512307215222,odom_lidar,unilidar_lidar
1786133725.8150375,7.91886346583668,-4.424432652335781,-0.1324298077107797,0.01768822746650466,-0.01375451832360128,0.04788855125051102,0.9986013351152232,odom_lidar,unilidar_lidar
1786133725.9309459,7.720187524671002,-4.354556104830566,-0.10224762431944664,0.001937205839191257,-0.010099715778573404,0.04457091078122002,0.9989532906431917,odom_lidar,unilidar_lidar
1786133726.069474,7.465280571074247,-4.3082168379557935,-0.026427104969219295,-0.022090101054910993,0.0030432840827336726,0.04495468309380585,0.9987401275233269,odom_lidar,unilidar_lidar
1786133726.221963,7.261384944886661,-4.249048796762614,0.057740604034221515,-0.03596290834201762,0.011701810818382567,0.04887173609733368,0.9980888188222464,odom_lidar,unilidar_lidar
1786133726.3772037,7.249124207760468,-4.098561296477873,0.004480318220196872,-0.023124001417894707,0.006412383241242465,0.06076948489561187,0.9978633331299005,odom_lidar,unilidar_lidar
1786133726.5081613,7.359322153424219,-4.087423962178878,-0.051919235032603074,-0.0036105601437146427,-0.009110329363121348,0.0733840532756066,0.9972556073942063,odom_lidar,unilidar_lidar
1786133726.6213222,7.54245313254095,-4.208730251614172,-0.148807755143382,0.01081264995526318,-0.02043492072988706,0.09203032738234991,0.9954877796626164,odom_lidar,unilidar_lidar
1786133726.7482977,7.659056790322217,-4.254916302361679,-0.12965909089420857,0.017210987733532593,-0.016441242114788212,0.08845427630393086,0.9957958166524437,odom_lidar,unilidar_lidar
1786133726.8860817,7.819447281763786,-4.415849715443519,-0.0831731261216433,-0.00533726944023523,-0.0030250337064394264,0.0806930689263926,0.9967201168599126,odom_lidar,unilidar_lidar
1786133727.0192938,7.930426661206848,-4.567424072918879,-0.05264553635023186,-0.025706419849954303,0.009800514854902399,0.07256634088534468,0.9969840801425011,odom_lidar,unilidar_lidar
1786133727.147249,7.949509559062569,-4.533263380342775,-0.037265557028312774,-0.026595833987627642,0.00797578004049132,0.06502688962499704,0.9974971439422505,odom_lidar,unilidar_lidar
1786133727.2842689,7.95070971139276,-4.357198541879705,0.007817646197745536,-0.016813333902614615,-0.0005978518417455249,0.057793233351527966,0.9981868044384429,odom_lidar,unilidar_lidar
1786133727.4194276,7.890934623637007,-4.252418700282861,-0.04879417994445816,-0.0020398730417089364,-0.005190789691265874,0.05480263325755908,0.9984816302808942,odom_lidar,unilidar_lidar
1786133727.5493333,7.740961384836901,-4.222783423035266,-0.13230461091064444,0.007040386097053074,-0.005995777489965033,0.060121696016621026,0.9981482180938763,odom_lidar,unilidar_lidar
1786133727.6651762,7.543387119824551,-4.2316560367167995,-0.16607031136390926,0.017640317783451067,-0.00907290614727939,0.06340970611975298,0.99779041423154,odom_lidar,unilidar_lidar
1786133727.7832274,7.380336748408775,-4.251695950106208,-0.15052808993220873,0.021584294779066027,-0.012723029505960435,0.07028546512149687,0.9972122121854183,odom_lidar,unilidar_lidar
1786133727.9113295,7.258623787087513,-4.2541673299594525,-0.10187264212315988,0.023549290867800596,-0.0163458621821762,0.07166690437082116,0.9970165989124998,odom_lidar,unilidar_lidar
1786133728.0471933,7.385626033280234,-4.262263798512097,-0.07221757662526786,0.011537595735452058,-0.013460947294524534,0.06401909121014628,0.9977911819329766,odom_lidar,unilidar_lidar
1786133728.1751437,7.657642583355635,-4.278395589293711,-0.0875948920207704,0.009744168033090543,-0.00732671575711109,0.060613895326489295,0.9980868329553831,odom_lidar,unilidar_lidar
1786133728.3140728,7.976684685327269,-4.20299776498375,-0.1342059865021893,0.015438040431292332,-0.005847529235206526,0.056716812681354166,0.9982538136509941,odom_lidar,unilidar_lidar
1786133728.4531064,7.947061950690407,-4.204784821293988,-0.1369951007831019,0.0033931381727879723,-0.0014739937598515673,0.05819451146837559,0.9982984086888517,odom_lidar,unilidar_lidar
1786133728.5802643,7.851141410481859,-4.186564663948785,-0.061733171006978615,-0.004936242260312652,-0.0037872138221064595,0.07150751901376806,0.9974206561167204,odom_lidar,unilidar_lidar
1786133728.6997995,7.809271892882369,-4.133346435948582,-0.018987641152305963,-0.010969678745225935,-0.005862108383978082,0.08997298501864244,0.9958665391508825,odom_lidar,unilidar_lidar
1786133728.8282125,7.776773025681215,-4.115509355223113,0.01956178077712991,-0.020896853242285584,-0.005249682248945547,0.10663695522718557,0.9940645462648443,odom_lidar,unilidar_lidar
1786133728.961286,7.7019019673741225,-4.169900291774893,0.0386336050332548,-0.033555042222007725,0.001664642860524942,0.11539454057631639,0.9927514231220256,odom_lidar,unilidar_lidar
1786133729.0901644,7.626720039995701,-4.1975321684923905,-9.13989857512093e-05,-0.023455499291731585,0.002672545012510982,0.11373085016593659,0.993231086291939,odom_lidar,unilidar_lidar
1786133729.228061,7.715384451679282,-4.155784519474752,0.010967162535944992,-0.015124765540503151,0.0008033376542632595,0.09490633351176206,0.9953709780656216,odom_lidar,unilidar_lidar
1786133729.3754053,7.85045928074647,-4.134993355811057,-0.04461019025236269,-0.006556685794212502,-0.003662649416769861,0.07738797052453111,0.9969727663726528,odom_lidar,unilidar_lidar
1786133729.5086284,7.950670197757139,-4.069101175679536,-0.096638492232585,0.0017309255153495303,-0.010948815168598268,0.05840564938389336,0.99823138974053,odom_lidar,unilidar_lidar
1786133729.6386993,7.812180222460942,-4.388071284426317,-0.09876779764152346,-0.007444693083509926,-0.01021235787570578,0.05010105180980556,0.9986641922583698,odom_lidar,unilidar_lidar
1786133729.7642956,7.629959806299631,-4.558083515971468,-0.06358024469202223,-0.015418202270883299,-0.0036435205385414874,0.05455340939658048,0.998385160807205,odom_lidar,unilidar_lidar
1786133729.8893678,7.589405017017075,-4.5341756897809145,-0.03129232411015231,-0.007803390052224512,-0.003479724088425358,0.05373107700238309,0.9985188881479035,odom_lidar,unilidar_lidar
1786133730.017396,7.553980190126018,-4.4724412938748035,-0.028031556444198212,0.0001789585297641734,-0.0046383203880007925,0.05234798035778766,0.9986181166543513,odom_lidar,unilidar_lidar
1786133730.158747,7.613018721622631,-4.38757713209269,-0.049257659990118274,0.008359538465277025,-0.008906213683404255,0.05566549274177734,0.9983747544846516,odom_lidar,unilidar_lidar
1786133730.2951238,7.693713334437155,-4.288063519158608,-0.10727037625592939,0.014382713354887621,-0.019670471583141922,0.0599390043467948,0.9979045675124265,odom_lidar,unilidar_lidar
1786133730.425789,7.771396794833058,-4.207174811622528,-0.1711119661531097,0.013780574309113988,-0.017757316942845627,0.0749661772241604,0.996932718762454,odom_lidar,unilidar_lidar
1786133730.5502896,7.822816412945453,-4.154324520696717,-0.17591398130381544,0.011574388164246352,-0.010194204704997115,0.0891318601896139,0.995900408287995,odom_lidar,unilidar_lidar
1786133730.6644316,7.874536635074509,-4.118733454188507,-0.16730833570510395,0.014273734093255401,-0.008094543536119207,0.10303864367899229,0.9945419934767815,odom_lidar,unilidar_lidar
1786133730.8003983,7.720413018559562,-4.116118918927484,-0.1227422931800434,0.003196498105667277,-0.008515166030912957,0.10611643274656597,0.9943121124920837,odom_lidar,unilidar_lidar
1786133730.9311721,7.467596644008517,-4.098026271472757,-0.04975650632142972,-0.024253767520372758,0.0011398592102348638,0.10855703453503479,0.9937936534990591,odom_lidar,unilidar_lidar
1786133731.053387,7.408861954085129,-4.021709287678575,-0.035393483754808344,-0.030622280872674015,-0.005314384567648272,0.10314459605304163,0.9941806805283823,odom_lidar,unilidar_lidar
1786133731.1948256,7.421780633085703,-3.9545320084921523,-0.038471371295268564,-0.01739536567790833,-0.0047793471861604115,0.0934395313494919,0.9954615075805762,odom_lidar,unilidar_lidar
1786133731.3392792,7.554180074217208,-3.9720189715540593,-0.09184882556337226,0.011575697090998873,-0.008633829728639218,0.08683034599155874,0.9961184423732253,odom_lidar,unilidar_lidar
1786133731.4723425,7.683694894216098,-4.073730652371858,-0.17235964399253345,0.031063728214592728,-0.015066061952624573,0.07766868637186312,0.9963812692558602,odom_lidar,unilidar_lidar
1786133731.6002898,7.720308006778148,-4.33273529823443,-0.16254251985340765,0.019697482102184208,-0.016318441602787646,0.06976187265127408,0.9972356786570956,odom_lidar,unilidar_lidar
1786133731.714291,7.718756082710037,-4.494583225870849,-0.09101890805762997,0.008418517974790216,-0.010689665163459379,0.06597615781630098,0.9977284230759391,odom_lidar,unilidar_lidar
1786133731.8389242,7.629638215435443,-4.563419160402686,0.008521478160731899,0.0005540282918194349,-0.0023867266645438887,0.06078982890332621,0.9981475809169629,odom_lidar,unilidar_lidar
1786133731.9654253,7.604809528689684,-4.540223610650114,0.004114362487455864,-0.01234510965747725,0.002916119772974976,0.059007501692162,0.998176942859864,odom_lidar,unilidar_lidar
1786133732.09518,7.634433573052487,-4.397407288029794,0.009009045448506406,-0.014011850750009481,-0.002014541053146264,0.06093475698048835,0.9980413644006112,odom_lidar,unilidar_lidar
1786133732.2338603,7.640019116147599,-4.210210352055763,-0.08856330717182166,-0.013793974682441978,-0.008884054766443909,0.06750933208130003,0.9975837257670676,odom_lidar,unilidar_lidar
1786133732.378549,7.760085398154567,-4.067227709402576,-0.1083535692577362,-0.0007901217539147858,-0.009466331035156914,0.08037630245525924,0.996719325732158,odom_lidar,unilidar_lidar
1786133732.514279,7.811564276806886,-4.022693487709302,-0.07486172213380661,0.0032198960526207384,-0.005769314606354898,0.09362325966921997,0.995585773566142,odom_lidar,unilidar_lidar
1786133732.63351,7.837223431577858,-3.9950115629651495,-0.037585793321614075,0.005055319974824048,-0.003100323390534188,0.10586922604615928,0.9943623779644992,odom_lidar,unilidar_lidar
1786133732.7562203,7.8289080337025,-4.058006139589592,-0.02058806434151228,-0.011391980328899513,0.0026294800160336592,0.11493369366693276,0.9933043615524433,odom_lidar,unilidar_lidar
1786133732.881399,7.807734529881548,-4.1220011072744445,-0.09829791412048848,-0.027080961711742846,0.0035337706229009737,0.11945419212784766,0.9924640194793135,odom_lidar,unilidar_lidar
1786133733.0005324,7.825187947126814,-4.147198426804096,-0.14441482647354664,-0.0038458881786329253,-0.004670168930017152,0.10697533930486333,0.994243267740291,odom_lidar,unilidar_lidar
1786133733.1481824,7.773048934380001,-4.140566447621763,-0.1413458440594652,0.00726764309425681,-0.009035773701702485,0.08486055746785039,0.9963253594803817,odom_lidar,unilidar_lidar
1786133733.2759337,7.7505668455955945,-4.15052495035087,-0.12723312102461784,0.0166626616486998,-0.016055941593785476,0.06837535071411871,0.9973912842315393,odom_lidar,unilidar_lidar
1786133733.4062662,7.658286868757042,-4.1363576681705885,-0.12071950669948174,0.015387184432814572,-0.01757312923759121,0.05908621317330117,0.9979795784969094,odom_lidar,unilidar_lidar
1786133733.5313587,7.517744794084103,-4.184861029624373,-0.10912322138237723,0.00699216920402891,-0.013956842020272255,0.05019442975111351,0.9986174619706008,odom_lidar,unilidar_lidar
1786133733.648029,7.442621392042335,-4.336210898710522,-0.042383469000315255,-0.004928412234984003,-0.011963372167461739,0.04419139367475599,0.9989392920514778,odom_lidar,unilidar_lidar
1786133733.7693813,7.503763443532233,-4.352913505226547,-0.07545222991673667,7.998679816844826e-05,-0.011106642260039264,0.05406712696022056,0.9984755289350296,odom_lidar,unilidar_lidar
1786133733.8947759,7.585781865313113,-4.390226788690113,-0.13202709867490686,0.004016935343545885,-0.010100389856647445,0.06114695769371513,0.9980695847083974,odom_lidar,unilidar_lidar
1786133734.0334864,7.666915809892092,-4.364519260294266,-0.12360170878322158,0.00438008064255867,-0.004787366097693793,0.06878292494147044,0.9976105478872542,odom_lidar,unilidar_lidar
1786133734.1781068,7.712082035649117,-4.282404588540103,-0.089378323416923,0.004757859741107393,-0.007552251776339129,0.07678898398794733,0.9970074113074032,odom_lidar,unilidar_lidar
1786133734.3141353,7.723203086617982,-4.229406935628637,-0.06351827337269779,-0.0028719212994464424,-0.010793133070230632,0.08415740612567513,0.996389879184236,odom_lidar,unilidar_lidar
1786133734.4445071,7.658904624937553,-4.212655022097444,-0.07259844729222682,-0.01099099663379629,-0.006773063676264878,0.09066669070403811,0.9957976073471012,odom_lidar,unilidar_lidar
1786133734.5701265,7.564411024524907,-4.147629770872537,-0.05504366536232394,-0.007689046784270871,-0.0029809148792299114,0.09474225185352617,0.9954676782396077,odom_lidar,unilidar_lidar
1786133734.6880977,7.530891071875179,-4.030787954604452,-0.04797350710767785,-0.006519872466445741,-0.0007876655786020923,0.09615222048466117,0.9953449760469114,odom_lidar,unilidar_lidar
1786133734.8204134,7.552134123357417,-3.980203761700317,-0.029769601009480156,0.00061965228211871,-0.0012370950686379487,0.0983165968179497,0.9951542254429597,odom_lidar,unilidar_lidar
1786133734.960387,7.64115371516671,-4.010035297691777,-0.07610214237974533,0.006839711585620651,-0.00756572324552911,0.0926509786543662,0.9956464102941294,odom_lidar,unilidar_lidar
1786133735.1007879,7.7179330077079875,-4.092470446319243,-0.13629145337153029,0.009032746892324785,-0.013509155815904929,0.08321485818160673,0.9963991166046546,odom_lidar,unilidar_lidar
1786133735.2422335,7.8200871130727565,-4.093290285341337,-0.12252476901166626,0.011143806386170562,-0.012340004353264376,0.07460933766466077,0.997074213188281,odom_lidar,unilidar_lidar
1786133735.3790472,7.925095287453794,-4.223463520453013,-0.05851596983404013,0.004850680043139556,-0.010562824995175612,0.07784289647710815,0.9968978789722118,odom_lidar,unilidar_lidar
1786133735.5091438,7.833614059967775,-4.399840247179167,-0.021535583222217505,-0.014526137567812661,-0.00482500754483944,0.07463710660865074,0.9970932819684636,odom_lidar,unilidar_lidar
1786133735.6312125,7.743938908057989,-4.519692013646721,-0.03731367029644544,-0.025457048680914873,-0.0015518953723514934,0.07528886898674458,0.9968355513824272,odom_lidar,unilidar_lidar
1786133735.756338,7.697713780852991,-4.453303832110065,-0.09146446425189436,-0.008270973053700949,-0.003075708106922791,0.07743329923088199,0.9969584821819848,odom_lidar,unilidar_lidar
1786133735.8817408,7.726890503624695,-4.285569370998048,-0.14355104752758832,0.016216549333066925,-0.0072225122143883365,0.07341384768646336,0.9971435532624728,odom_lidar,unilidar_lidar
1786133736.0115047,7.809928304671666,-4.257623862926141,-0.16652663070001575,0.020471347935526542,-0.011341201329607914,0.07517350287963594,0.996895804751384,odom_lidar,unilidar_lidar
1786133736.1504242,7.855415600447565,-4.256893740329152,-0.18917083548941982,0.020308551184064758,-0.009327374920042132,0.07487343746240949,0.9969425917215433,odom_lidar,unilidar_lidar
1786133736.2823389,7.876832737323163,-4.283138872858004,-0.11886730464172016,0.0012408705169636516,-0.004963561010081036,0.07185516481677034,0.997401954375273,odom_lidar,unilidar_lidar
1786133736.440218,7.870440007832885,-4.255138469416898,-0.06954321035618666,-0.00821124805728728,-0.00662246380364214,0.0678911171122321,0.99763696533146,odom_lidar,unilidar_lidar
1786133736.5674791,7.813488918662927,-4.2395681485855174,-0.030437668119005598,-0.016254882264301142,-0.00831161327264008,0.07247955322591916,0.9972027929421131,odom_lidar,unilidar_lidar
1786133736.6897867,7.629976052896152,-4.168918129906401,-0.0007763852868566401,-0.016313307924240905,-0.005186879057054695,0.08158816380832218,0.9965191136132828,odom_lidar,unilidar_lidar
1786133736.8175964,7.418614103063732,-4.145712565630501,0.021967672174805258,-0.01823258047452468,0.0006919419398293294,0.08340073393961205,0.996349041151707,odom_lidar,unilidar_lidar
1786133736.9425018,7.2660179445382935,-4.1260053416757465,-0.03216612176182512,-0.014006812456266454,1.6730224685867087e-05,0.07825672176543653,0.9968348380867523,odom_lidar,unilidar_lidar
1786133737.0818076,7.249043685394856,-4.073369846419538,-0.04850349064359212,-0.015594551278314156,-0.00064633652028146,0.07169091547823267,0.9973047702971363,odom_lidar,unilidar_lidar
1786133737.212131,7.2835874591506755,-4.0707673761675744,-0.08588765252472806,-0.013113179823880753,-0.0028431432576542675,0.0638569421745959,0.9978688551044338,odom_lidar,unilidar_lidar
1786133737.3534453,7.417502321112325,-4.1886940385252664,-0.1321575811165785,0.016308424842376112,-0.0151986701621545,0.06032780551703208,0.997929652623852,odom_lidar,unilidar_lidar
1786133737.476245,7.526127999624543,-4.305151620322164,-0.15316855448072297,0.030717870270345733,-0.018847918732433404,0.05629060285385204,0.9977637678508174,odom_lidar,unilidar_lidar
1786133737.601282,7.639033778579214,-4.4816555395983615,-0.0847106771928308,0.01979898416566161,-0.011422354824856632,0.0600698662287472,0.9979324331874997,odom_lidar,unilidar_lidar
1786133737.7315903,7.7472032507087,-4.589489386517068,-0.05633655902833126,0.006295307774600655,-0.011184509390133855,0.06703908559959083,0.9976677988447337,odom_lidar,unilidar_lidar
1786133737.859469,7.794050339774959,-4.57954838236091,-0.02334160992991752,-0.0053653494203470264,-0.01110813112015808,0.06836251814843211,0.9975842764203035,odom_lidar,unilidar_lidar
1786133737.9864652,7.818064501824365,-4.455014128790354,-0.06124530594977856,-0.011472286981281287,-0.005144666701914026,0.06372772472459601,0.997888118045992,odom_lidar,unilidar_lidar
1786133738.1148143,7.770042967284021,-4.3306142770128675,-0.015584476214269546,-0.022242029821512747,0.005124547387245972,0.06575225515801136,0.9975748954665662,odom_lidar,unilidar_lidar
1786133738.248421,7.770937374875644,-4.239280260890006,-0.01912552238492407,-0.027732300707414396,0.0068601090005594376,0.07082733850790685,0.9970794083330877,odom_lidar,unilidar_lidar
1786133738.381506,7.689361050428662,-4.1472776401665294,-0.026323233453136734,-0.015463820942261678,-0.0036901517073711317,0.07767635589264152,0.9968518629954412,odom_lidar,unilidar_lidar
1786133738.495647,7.572030578013073,-4.083227936161988,-0.022929206606309177,0.0007126057802405645,-0.007704921325917044,0.08368682782463455,0.996462062112258,odom_lidar,unilidar_lidar
1786133738.624052,7.4620996674512385,-4.034350430988594,-0.05392922588980931,0.014027717104376088,-0.013076697140564832,0.08849984949089269,0.9958915602538375,odom_lidar,unilidar_lidar
1786133738.748512,7.394790759500835,-3.9858463950737058,-0.12838960535620803,0.02091346451700502,-0.019086816688280276,0.09163725480722877,0.9953898401942824,odom_lidar,unilidar_lidar
1786133738.8739204,7.4034731358650285,-3.964428274633475,-0.12954967993504993,0.015154618106174066,-0.01574804942781586,0.08364721344872514,0.9962557303080061,odom_lidar,unilidar_lidar
1786133739.006477,7.379691176705098,-3.998147921663313,-0.15113431480382583,0.0018438718174589197,-0.004903282790056673,0.07692395851350553,0.9970232006133127,odom_lidar,unilidar_lidar
1786133739.1453521,7.522732861750236,-4.034860613042829,-0.10888446388829603,-0.00040613147563875115,-0.003129992034129312,0.06408164127552947,0.9979396682457939,odom_lidar,unilidar_lidar
1786133739.2769647,7.670808580993421,-4.108988825917034,-0.01956966908886173,-0.01095359606193251,-0.0011423618187220838,0.0483578235465609,0.9987693600850134,odom_lidar,unilidar_lidar
1786133739.4114566,7.7943356146731615,-4.197874981928213,-0.006739219283338268,-0.009187520759639073,-0.0013212596764632168,0.036041899637467116,0.9993071725979362,odom_lidar,unilidar_lidar
1786133739.5284245,7.861741850173896,-4.2161735261334,-0.05251137133199131,-0.003483148675850983,-0.001290679370580482,0.020530879377473235,0.999782318714455,odom_lidar,unilidar_lidar
1786133739.6455452,7.850182316558182,-4.2730475931977905,-0.06792751782105784,-0.011448453604337055,-0.0017432747083526302,0.0016473927198567082,0.9999315876601695,odom_lidar,unilidar_lidar
1786133739.7650478,7.737201727253287,-4.299077833057509,-0.09355602158301102,-0.013595623297989622,-0.0012697377976631495,-0.013120455734333299,0.999820684140105,odom_lidar,unilidar_lidar
1786133739.8929913,7.663064439362512,-4.275794319275875,-0.10177324989200287,-0.005501012818091841,-0.007476741102140917,-0.019412856856900185,0.9997684622897045,odom_lidar,unilidar_lidar
1786133740.0187688,7.679753962680788,-4.287281845071448,-0.09960279589497381,-0.001100680268140926,-0.010123106189023944,-0.02730740174415841,0.9995752182972606,odom_lidar,unilidar_lidar
1786133740.154269,7.628348472217098,-4.3499849687306895,-0.037800527609990045,-0.002443661160728124,-0.00900390675932126,-0.024476763340285076,0.9996568642487206,odom_lidar,unilidar_lidar
1786133740.301384,7.577447706428895,-4.426353288414364,-0.014193261822948082,-0.004552347789161083,-0.005606140718400306,-0.02199178714148663,0.9997320684134203,odom_lidar,unilidar_lidar
1786133740.4264607,7.573811036326683,-4.498305409479719,-0.021773392406079808,-0.004125354181738003,-0.002955654430310351,-0.019432265973885334,0.9997982959571816,odom_lidar,unilidar_lidar
1786133740.5543418,7.603333561595714,-4.487781458135291,-0.09977210885396132,0.0035029672905634566,-0.002930075504486329,-0.01824465169307323,0.9998231226383484,odom_lidar,unilidar_lidar
1786133740.6708717,7.719996611648764,-4.428618690077872,-0.12387104155408195,0.010032571450032104,-0.0051335423613856155,-0.016967527501469962,0.9997925271092052,odom_lidar,unilidar_lidar
1786133740.7900825,7.855512405739089,-4.334492132230857,-0.10930603043228246,0.010238302171698152,-0.008578873118149937,-0.009745925940072672,0.9998632891711919,odom_lidar,unilidar_lidar
1786133740.9123333,7.986416437072943,-4.254736724253167,-0.0872836647751119,0.007742914177164485,-0.010937988712716623,-0.003008445587283972,0.9999056740203619,odom_lidar,unilidar_lidar
1786133741.053669,8.146240465486928,-4.2454812049353,-0.09380171365964124,0.004848152210987287,-0.010487852718275056,0.004457889573321095,0.9999233108524128,odom_lidar,unilidar_lidar
1786133741.1902986,8.155834180417786,-4.246457589711949,-0.10951384592502192,-0.003935308670783352,-0.00995449359717432,0.013861767485450727,0.999846624640534,odom_lidar,unilidar_lidar
1786133741.3268058,8.161496814672644,-4.192542849675194,-0.11205221696896636,0.0004130549959918385,-0.010885184143671135,0.02366412783317571,0.9996606180127453,odom_lidar,unilidar_lidar
1786133741.4595428,8.143489852350019,-4.126859343747408,-0.09768183876643016,0.011968968842454993,-0.010574030110337074,0.031338232367486854,0.999381232995775,odom_lidar,unilidar_lidar
1786133741.5787835,8.115746005237979,-4.073147184002338,-0.09975059100855592,0.025424872751384064,-0.01064444035093283,0.03738104884369018,0.99892088221367,odom_lidar,unilidar_lidar
1786133741.699029,8.117198781944387,-4.06352123956727,-0.08422703769990625,0.03339997811497481,-0.013353762038496364,0.03229571259902858,0.9988308692912226,odom_lidar,unilidar_lidar
1786133741.8190954,8.072914464315721,-4.11977601510812,-0.08351297937384457,0.026971699314932457,-0.014537123073166586,0.02711821494689728,0.9991625502924509,odom_lidar,unilidar_lidar
1786133741.9543052,8.006572199939873,-4.227545291486247,-0.1111115873330183,0.01700162816819424,-0.012424567988803589,0.02709885060634419,0.9994109400270428,odom_lidar,unilidar_lidar
1786133742.078845,7.985532097475364,-4.329654309209557,-0.16639964492176632,0.014390997163570738,-0.015112094651262814,0.01893210635084783,0.9996029707563947,odom_lidar,unilidar_lidar
1786133742.2072694,8.055167808800302,-4.494620554906089,-0.15788889586056043,0.0008749035545585932,-0.00998031629640819,0.010853603670746524,0.9998909076083012,odom_lidar,unilidar_lidar
1786133742.3565066,8.14318018317913,-4.642574168600325,-0.07936378049081919,-0.01268851897785658,-0.0013931079482482395,0.006713938310402966,0.999895986474972,odom_lidar,unilidar_lidar
1786133742.4823072,8.245082621495976,-4.728886844164597,0.0011585388208611436,-0.03294582723134014,0.008689574145486857,0.007007806522640753,0.999394794071369,odom_lidar,unilidar_lidar
1786133742.6093688,8.414604253724876,-4.725652285427933,0.03641609849644954,-0.04133914562575259,0.009838827050980992,0.012313533763940421,0.9990208453317869,odom_lidar,unilidar_lidar
1786133742.731856,8.473393962760168,-4.552928863292662,-0.03992198522043819,-0.015626956925674472,0.001713873435302246,0.024794490340944598,0.9995689541516501,odom_lidar,unilidar_lidar
1786133742.8708415,8.558326596073366,-4.508969185699613,-0.08514676321219874,0.012517626164134777,-0.009882272646384308,0.0318953543312518,0.9993639657775546,odom_lidar,unilidar_lidar
1786133743.0011828,8.624612222488263,-4.548125451949137,-0.08195765251873141,0.007951741639097077,-0.012667684406491945,0.03619536616694689,0.9992328032269173,odom_lidar,unilidar_lidar
1786133743.1512043,8.70908182965563,-4.574058475707829,-0.07641514598046659,0.00345568099082664,-0.018432192985689502,0.0355167029481113,0.999193112637554,odom_lidar,unilidar_lidar
1786133743.2760906,8.73454798597285,-4.56078999759602,-0.09987924027397072,0.003337166802385244,-0.02141171653377874,0.039837597508637426,0.998971154507251,odom_lidar,unilidar_lidar
1786133743.3987236,8.672076290100362,-4.50461553864835,-0.12792921418540287,0.015252774499627532,-0.01617040766508359,0.03981359394697444,0.9989598332881228,odom_lidar,unilidar_lidar
1786133743.5152628,8.562254564720401,-4.498123767185857,-0.12132433352826166,0.005414350680140836,-0.004071350334105761,0.04120524619161,0.9991277378791256,odom_lidar,unilidar_lidar
1786133743.6288323,8.494739271497874,-4.523252779714152,-0.1279571926649549,-0.0013521034651719044,-0.0004835633468657476,0.04043891967319619,0.9991809804827021,odom_lidar,unilidar_lidar
1786133743.7537808,8.46236381897376,-4.558964824248713,-0.07613694961003678,-0.006542754255426267,-6.037364185615944e-05,0.03907409869544018,0.9992148935704049,odom_lidar,unilidar_lidar
1786133743.892802,8.316480350258317,-4.558600104215074,-0.038437273737252295,-0.006531278558209016,-0.005917324511055407,0.03584790791850427,0.9993183952919572,odom_lidar,unilidar_lidar
1786133744.0214105,8.240294054779875,-4.649845922513478,-0.06134426236938367,-0.0023852607660734483,-0.006239680311147883,0.02511532076390255,0.9996622417514922,odom_lidar,unilidar_lidar
1786133744.1571672,8.457102618362502,-4.823375196107262,-0.10549959141140235,0.008212155669718784,-0.010215978378399573,0.019629103272798248,0.9997214074879732,odom_lidar,unilidar_lidar
1786133744.3064923,8.805426476692077,-4.961388762475949,-0.109913206019458,0.016223146325655302,-0.015702925836146322,0.017148265137038363,0.999598001521747,odom_lidar,unilidar_lidar
1786133744.4434636,9.138535949896658,-4.892272139024717,-0.13710250165701038,0.019433508178524118,-0.02056632487780806,0.0240034365669535,0.9993113629264264,odom_lidar,unilidar_lidar
1786133744.5737848,9.015479917927374,-4.737692462019735,-0.05873873021538634,-0.0022089458756287417,-0.01221765054628743,0.03475539190188706,0.9993187240850607,odom_lidar,unilidar_lidar
1786133744.6904423,8.859103228298297,-4.656822169877208,0.005487512952873662,-0.01666410440199946,-0.004011720716619444,0.06385757237841322,0.9978118180154546,odom_lidar,unilidar_lidar
1786133744.810084,8.712805504628175,-4.6061899734442795,0.0498374272382913,-0.02540113379963177,-0.00054477696910738,0.09291243431127498,0.9953500716683052,odom_lidar,unilidar_lidar
1786133744.945723,8.570308498517406,-4.473136408200613,-0.07025714295808627,-0.002148045957595397,-0.0033144767322535007,0.11933558280917303,0.992846120412499,odom_lidar,unilidar_lidar
1786133745.0931857,8.590132491294854,-4.3790852261777715,-0.14692760891007473,0.009374879460530146,-0.0013721667739146656,0.11010806312036969,0.993874460497565,odom_lidar,unilidar_lidar
1786133745.2185085,8.732497046679114,-4.479416159453501,-0.14336343627676823,0.008948191422742757,-0.004405610691067354,0.08884854168788221,0.9959952093783571,odom_lidar,unilidar_lidar
1786133745.3542647,8.88029792893145,-4.624346471585995,-0.11655265169027977,0.007829178051557452,-0.006358857247482441,0.06543138733912995,0.997806094617797,odom_lidar,unilidar_lidar
1786133745.4874346,9.071573583484733,-4.877000497222905,-0.08223792152365503,0.0018412656881236552,-0.01149562762031993,0.04965749851051962,0.9986984495471887,odom_lidar,unilidar_lidar
1786133745.6191304,9.253348238370478,-5.134373823534023,-0.05362839258012414,-0.015600010508111349,-0.00600496578075339,0.037292609972998665,0.9991645716795211,odom_lidar,unilidar_lidar
1786133745.745757,9.243060742572764,-5.180210978043828,-0.027320734218767864,-0.011126393387998217,-0.007346987231939492,0.047745514332306865,0.9987705397186747,odom_lidar,unilidar_lidar
1786133745.8791735,9.178607833807867,-4.972913785457737,-0.05321830198967385,0.011304662620111651,-0.011349096312552783,0.06824897886722225,0.9975397132442976,odom_lidar,unilidar_lidar
1786133746.0112998,9.113604106031064,-4.763085850514268,-0.07680938026559261,0.022494486635349645,-0.0156142790207044,0.08612128756056975,0.9959082870378103,odom_lidar,unilidar_lidar
1786133746.1513329,9.147666604460731,-4.647901351655349,-0.1370019099162917,0.021188205650493088,-0.01441637152313988,0.0979557779443501,0.9948607408782077,odom_lidar,unilidar_lidar
1786133746.2792552,9.19739576401376,-4.588748198218578,-0.17932384145528002,0.021257936063832163,-0.015912360655842513,0.10438014622306711,0.9941829218041898,odom_lidar,unilidar_lidar
1786133746.4101996,9.122748124755107,-4.705810397010095,-0.0653858131829729,-0.009507950100154886,-0.0059649411197437874,0.10456067961748536,0.9944551687432978,odom_lidar,unilidar_lidar
1786133746.53238,9.059297009154902,-4.6474884997893255,0.03495485153309239,-0.023320048881826826,-0.0012665273154459952,0.10873677562613444,0.9937961988532358,odom_lidar,unilidar_lidar
1786133746.6571052,9.146246833555487,-4.58337863661346,-0.014346592464948335,-0.0043096453446096385,-0.007549837430284739,0.10229677463739713,0.9947159377483432,odom_lidar,unilidar_lidar
1786133746.7880845,9.284712986289701,-4.651272578193682,-0.09936766128687596,0.017399933932625313,-0.01609449715397822,0.09742933359897475,0.9949601672504084,odom_lidar,unilidar_lidar
1786133746.912557,9.395780420893685,-4.866870397400034,-0.12543514746888468,0.012376060043160138,-0.01432188419456649,0.09291671366550797,0.995493948295281,odom_lidar,unilidar_lidar
1786133747.0404322,9.47825086862664,-5.10659099587197,-0.12305219090700772,0.003417167039519013,-0.006892947167074125,0.08990938728247116,0.9959202339179913,odom_lidar,unilidar_lidar
1786133747.190582,9.55570905558188,-5.271301245985299,-0.05740416901905144,0.0015389678956241363,-0.007036294492654679,0.0865303225752205,0.9962231805236502,odom_lidar,unilidar_lidar
1786133747.3295276,9.506542183849096,-5.178827088404264,-0.019958438549415272,0.0016697008136587822,-0.013357153133441572,0.09465414264565514,0.9954192040740317,odom_lidar,unilidar_lidar
1786133747.4527032,9.391506644109235,-4.963925458451705,-0.05619410333764878,-0.0008410378563899152,-0.007661897995893564,0.11341746024801587,0.9935175225859453,odom_lidar,unilidar_lidar
1786133747.5771456,9.338293520397627,-4.78678594925818,-0.07771616370498363,-0.010555892787990807,0.0043644447117785114,0.1228644145021602,0.9923577280390614,odom_lidar,unilidar_lidar
1786133747.6970203,9.333129406854658,-4.684196945096539,-0.0684236470625132,-0.026901250530633917,0.00921112133778325,0.12833934129467534,0.9913225970589179,odom_lidar,unilidar_lidar
1786133747.82391,9.297563750114573,-4.639956957595442,-0.050943592695279774,-0.046029907791461995,0.010193082528334861,0.1250254285601641,0.9910327900077915,odom_lidar,unilidar_lidar
1786133747.9469018,9.318912435004789,-4.74663418203417,0.025318735324461383,-0.05663640394187638,0.009865668957337526,0.08557516709896207,0.9946717433910254,odom_lidar,unilidar_lidar
1786133748.0934954,9.433226728624424,-4.833483638861449,0.0027754545224642074,-0.03807243710748921,0.0016413362696852468,0.046178596052211654,0.9982060572920767,odom_lidar,unilidar_lidar
1786133748.2383492,9.468778747098382,-4.827468271589741,-0.03825408035108796,0.002298922405011173,-0.017738409523585724,0.010918676641350177,0.9997803990295824,odom_lidar,unilidar_lidar
1786133748.3772018,9.320456936986005,-4.986371205217972,-0.13072122071382075,0.033302470032728085,-0.025149050940390345,0.004762664784808573,0.9991175044761575,odom_lidar,unilidar_lidar
1786133748.4993625,9.275265349592159,-4.974733042136026,-0.12000604533076142,0.0206159374947843,-0.01773445193972073,0.039926341259728826,0.9988324982744707,odom_lidar,unilidar_lidar
1786133748.612603,9.27307927471724,-4.890874273839947,-0.10557868869024602,0.016873148030770974,-0.01595108310860971,0.0716719658693251,0.9971579559586436,odom_lidar,unilidar_lidar
1786133748.7266862,9.310563506205826,-4.840284305077097,-0.12741917416091897,0.0007856132876509912,-0.0066226836628791655,0.10181644072811456,0.9947808478606343,odom_lidar,unilidar_lidar
1786133748.8521497,9.503807915896186,-4.714439591003281,-0.12822498055197157,0.0015451514170772168,-0.005466187703383653,0.1253382373177018,0.9920978074591139,odom_lidar,unilidar_lidar
1786133748.9908478,9.655397573434465,-4.4988280322850445,-0.08980203463398051,0.0017947954156628378,-0.0037899686922719736,0.106641839879363,0.9942886566957666,odom_lidar,unilidar_lidar
1786133749.1303923,9.795700842641503,-4.440731905636602,-0.06708275047193286,-0.005454705064994981,-0.0021763638421320015,0.0861118695508955,0.9962681644795895,odom_lidar,unilidar_lidar
1786133749.274212,9.7924246771717,-4.6524611219414425,-0.03250765643596922,-0.030634321515365513,0.004976302988385053,0.07754997888266983,0.996505281234956,odom_lidar,unilidar_lidar
1786133749.4130092,9.64900793271529,-4.774778915835421,-0.10653639300034362,-0.014584653101415618,-0.001521020293828994,0.07210935759243493,0.9972889325259674,odom_lidar,unilidar_lidar
1786133749.5394135,9.505802557934771,-4.880815035356073,-0.1579167030397925,0.0027607628925743984,-0.007897340738004167,0.07179205587490485,0.9973845351271362,odom_lidar,unilidar_lidar
1786133749.662942,9.35083230455007,-4.9018128256187365,-0.172930776962248,0.02608506912418419,-0.013647978853424284,0.07036788864478798,0.9970865870573518,odom_lidar,unilidar_lidar
1786133749.7795136,9.389680270765817,-5.067030952143373,-0.06003988899428479,0.01606296934571599,-0.010694258675840595,0.04720080110752904,0.9986990028141515,odom_lidar,unilidar_lidar
1786133749.9116337,9.512093807048029,-5.050228468568356,0.034264316119115096,-0.006062376067554297,0.00034505444824937357,0.0064265489121544325,0.9999609132375741,odom_lidar,unilidar_lidar
1786133750.0326478,9.799005653027123,-4.96370781418586,-0.0073118297507584196,-0.015899589770129275,0.0026084431045506045,-0.03944446917439574,0.9990918540961398,odom_lidar,unilidar_lidar
1786133750.1852806,10.111866808610896,-5.0833627639939785,-0.09204283562491436,-0.013896450701174191,-0.0034641859618308613,-0.07463240839470743,0.9971082647790748,odom_lidar,unilidar_lidar
1786133750.3183045,10.17200928984399,-5.15800978460909,-0.09587160078263857,0.003713205449794733,-0.014178741008282694,-0.06812248187999177,0.997569297277747,odom_lidar,unilidar_lidar
1786133750.4410603,10.035148811955292,-5.325181119955228,-0.03316131494282912,0.003382322413232677,-0.013327098451668764,-0.04470132169573116,0.9989057714222135,odom_lidar,unilidar_lidar
1786133750.565367,9.903044110436465,-5.259524189927116,0.001597757341202169,-0.011125651451884972,-0.009683491508526227,-0.02408565957640222,0.9996010858711316,odom_lidar,unilidar_lidar
1786133750.6846395,9.83612184586852,-5.12012783319439,-0.029703778104646687,-0.008470013440073433,-0.00907791554690312,-0.004245495625966289,0.9999139093384681,odom_lidar,unilidar_lidar
1786133750.8238661,9.745678332654498,-4.978083886571543,-0.030948816202785563,-0.012352703469340191,-0.010945231007559482,0.025854518340316966,0.9995294675579005,odom_lidar,unilidar_lidar
1786133750.9436831,9.627225126504861,-4.890191308945049,-0.0729735186879828,-0.021329463567209356,-0.00823190405634229,0.0551009861799336,0.9982189995494681,odom_lidar,unilidar_lidar
1786133751.0729382,9.640875938317343,-4.838056087818838,-0.032276047083205514,-0.030061958711247318,-0.0037457357777903122,0.08544719011373555,0.9958820340801381,odom_lidar,unilidar_lidar
1786133751.2160056,9.672805935156893,-4.8099818896650435,0.03118338421417341,-0.03139009991198412,0.0006759686465241057,0.10715614412090374,0.9937463285321083,odom_lidar,unilidar_lidar
1786133751.3604648,9.819530634650999,-4.80656336466407,-0.007253076172579309,-0.023155420931075237,0.0009209731135269968,0.10886952948126408,0.9937858943658625,odom_lidar,unilidar_lidar
1786133751.4886749,10.006616603424092,-4.883457237046654,-0.08790357270275617,-0.004551651343520514,-0.008450270023233872,0.0786445087996438,0.9968565175802605,odom_lidar,unilidar_lidar
1786133751.6076488,10.188298516104519,-4.963640407108284,-0.17202984670440818,0.023020349456896724,-0.019256105638511847,0.04450985847526078,0.9985580295631463,odom_lidar,unilidar_lidar
1786133751.7330523,10.365924291631448,-5.097238132099349,-0.21263502393282357,0.05058073955560333,-0.02724626378445233,0.016436134395746232,0.9982129449080097,odom_lidar,unilidar_lidar
1786133751.865902,10.136550005186713,-5.283754719487607,-0.1462457594015979,0.025111458233467655,-0.012883562413514446,0.007719845302850115,0.9995718245696135,odom_lidar,unilidar_lidar
1786133751.9973495,9.87096407494362,-5.412298508479488,-0.022241658522182555,-0.0198685659004541,0.00819586669402611,0.009832174815439904,0.9997206590826218,odom_lidar,unilidar_lidar
1786133752.1340692,9.747218910305442,-5.285424453189228,0.013838156594444914,-0.028328894995348054,0.010344022328922864,0.016583134512477685,0.999407561788554,odom_lidar,unilidar_lidar
1786133752.2664819,9.779682146540212,-5.032444643512304,-0.01393248941927848,-0.026154138182938155,0.003702095205932685,0.02819871793766358,0.999253265120343,odom_lidar,unilidar_lidar
1786133752.3993175,9.767158469073857,-4.7423644092210475,-0.07001448554298682,-0.009389473940624053,-0.010724516017200156,0.04338982539177741,0.9989565283773796,odom_lidar,unilidar_lidar
1786133752.5162227,9.780195344233793,-4.629213308565882,-0.14932689233642105,0.010241395682431039,-0.023144340692147793,0.04820417781634269,0.9985168053415285,odom_lidar,unilidar_lidar
1786133752.6384833,9.816198379764185,-4.755322129277254,-0.14746811833056395,0.009513032561452276,-0.01131456712740925,0.06304018184392249,0.9979015072918216,odom_lidar,unilidar_lidar
1786133752.755042,9.723201670948855,-4.90607658596278,-0.10043001453782104,0.0013239439797625128,0.006398088887652804,0.07933231484220735,0.9968268131690184,odom_lidar,unilidar_lidar
1786133752.894197,9.966940417378266,-5.022781223183625,-0.08478675097391106,0.00232642302850729,0.005535013224049243,0.07934721668492989,0.9968289575392846,odom_lidar,unilidar_lidar
1786133753.0354636,10.041700387652291,-5.061148753440096,-0.05872671931663777,0.009771213294137536,-0.006799996639007265,0.07256693073396997,0.9972924967131365,odom_lidar,unilidar_lidar
1786133753.1854692,9.994901820841186,-5.073731101660793,-0.02902031092387597,0.011123357148570913,-0.014059225084875155,0.05922731475012509,0.9980835307243818,odom_lidar,unilidar_lidar
1786133753.3328521,9.969567194905517,-5.120454244682155,-0.02750210721129778,-0.001802277502301881,-0.013990832400110424,0.04431662194203294,0.9989179372822393,odom_lidar,unilidar_lidar
1786133753.4554121,9.955613952200906,-5.181057984648633,-0.1366979328726733,-0.002716263664355453,-0.009813970110174368,0.027083320204223736,0.9995813131852245,odom_lidar,unilidar_lidar
1786133753.5829666,9.92473922052851,-5.246371494279782,-0.12792868213234146,-0.00649911060220808,-0.003651157637204147,0.011272617028222132,0.9999086751872012,odom_lidar,unilidar_lidar
1786133753.702945,9.94747877373167,-5.137503858658161,-0.11100640301281584,-0.005479645889973946,0.0003118655671284985,0.00862375924812944,0.9999477521336897,odom_lidar,unilidar_lidar
1786133753.8396897,9.90448627571426,-5.181276817174232,-0.03336721047851442,-0.016352102557122446,0.0048851629530532615,0.015448467171741814,0.9997350092834236,odom_lidar,unilidar_lidar
1786133753.9743118,9.883910038550038,-5.160806651206186,0.031032376874854453,-0.01637827941637288,0.005287845023697679,0.024687592812824444,0.9995470541297558,odom_lidar,unilidar_lidar
1786133754.1051903,9.861697125721799,-5.141010419965641,0.031080389462839003,-0.02155121354590373,0.006703995722766952,0.030880160243675403,0.9992682409340211,odom_lidar,unilidar_lidar
1786133754.2462354,9.861929065696211,-5.070613012929052,-0.003973487123487836,-0.012671396002228075,0.0012450774882480904,0.03694613963805251,0.999236142396405,odom_lidar,unilidar_lidar
1786133754.3885257,9.960450136739693,-4.941132247934964,-0.09772383607266982,0.010144282641863301,-0.010829175487908274,0.047054543791578564,0.9987821045636034,odom_lidar,unilidar_lidar
1786133754.5080547,10.031124195506367,-4.834836770298601,-0.18838172382092955,0.02951582166838516,-0.016054570627663134,0.056336521666683084,0.9978463124949156,odom_lidar,unilidar_lidar
1786133754.6331272,10.126711673553734,-4.800380758664598,-0.18976928724161,0.032084997387486484,-0.018261758387668706,0.06937093573244983,0.996907585686276,odom_lidar,unilidar_lidar
1786133754.7629235,10.073527784787483,-4.912979131943023,-0.07471766770388884,-0.008089287733444262,-0.00821107089426092,0.05514675829693906,0.9984117270886165,odom_lidar,unilidar_lidar
1786133754.8922985,9.880783613524736,-4.908906331980829,-0.013002950812358527,-0.03656544439776215,0.005767077262151341,0.04269561519986766,0.9984021201592831,odom_lidar,unilidar_lidar
1786133755.0289376,9.798102273376122,-4.9152137288838835,-0.016402209209964658,-0.04063233043422446,0.00906904512928645,0.027408102169305806,0.9987570085257996,odom_lidar,unilidar_lidar
1786133755.166192,9.659376851837553,-4.997647873114163,-0.09239788124552821,-0.01332469642309288,0.0034399739775193114,0.01574921381524698,0.9997812667321129,odom_lidar,unilidar_lidar
1786133755.291262,9.60174200295056,-5.0073755790653225,-0.16236547274788732,0.01590558227681751,-0.011876008197576086,0.016357750312423962,0.9996691437102794,odom_lidar,unilidar_lidar
1786133755.4142053,9.573564529872861,-5.104652320356788,-0.14953698111341396,0.03385464381143783,-0.027170423695967005,0.015096131230143367,0.9989433106990929,odom_lidar,unilidar_lidar
1786133755.5416224,9.713043398681895,-5.10470313702466,-0.21720971182459975,0.047384742655243395,-0.030646275818912615,0.022317852904200335,0.9981570043754009,odom_lidar,unilidar_lidar
1786133755.6666093,9.816159563433024,-5.067240969003528,-0.250606593386534,0.039317800745629204,-0.01654525496732759,0.032787820730754744,0.99855161303476,odom_lidar,unilidar_lidar
1786133755.7856686,9.925116484231255,-5.081853704032755,-0.22212749434581547,0.015177889221950977,-0.0013355469152749907,0.04392842020558521,0.9989184861095749,odom_lidar,unilidar_lidar
1786133755.910687,9.986170405177452,-5.0803722104149305,-0.10544527613447223,-0.010987394664332219,-0.0011893555647490024,0.05202862220651284,0.9985844406273927,odom_lidar,unilidar_lidar
1786133756.0456176,10.030173146650535,-4.983260711480554,0.030900840839880594,-0.019372112799736378,-0.0014111572329212326,0.05967995061219974,0.9980285734265647,odom_lidar,unilidar_lidar
1786133756.196455,10.00435080964997,-5.04993456416122,0.06681848347881193,-0.025466560130350455,0.0006740627656061457,0.055198382192663834,0.9981503586924306,odom_lidar,unilidar_lidar
1786133756.328035,9.85544812879361,-5.068796935441433,-0.043810410948058306,-0.018564809605772538,0.0007966948123359424,0.04425350079274265,0.9988475062737375,odom_lidar,unilidar_lidar
1786133756.4417813,9.753545614138273,-5.082050614007484,-0.13271153415261971,0.0012715721388610077,-0.0022756825206280158,0.027053816546684997,0.9996305794560405,odom_lidar,unilidar_lidar
1786133756.5636652,9.740066672676301,-5.023932137907318,-0.1304209938796553,0.01233397095623644,-0.007900232143243261,0.011603170801042062,0.9998253977169692,odom_lidar,unilidar_lidar
1786133756.6856632,9.71782201964684,-5.007489592851995,-0.09027256852437801,0.019210662080466717,-0.017396009226576713,0.015305650735772988,0.9995469305545255,odom_lidar,unilidar_lidar
1786133756.8026035,9.571013364566864,-5.015628110224445,-0.09969613390233092,0.020116136530507953,-0.013115063914062839,0.026233822290139184,0.9993673612429343,odom_lidar,unilidar_lidar
1786133756.9303777,9.488717007964443,-5.078227980690771,-0.0647347914245685,-0.0016085629427853249,-0.0004768986234238315,0.03920993092794958,0.9992295864362642,odom_lidar,unilidar_lidar
1786133757.063473,9.43742476879404,-5.139493443006563,-0.04562874996042401,-0.0229734812100874,0.0076486909621401415,0.05235502041419172,0.998334948063567,odom_lidar,unilidar_lidar
1786133757.2025204,9.619121093261947,-5.127478050383988,0.0010633346195304746,-0.029251289549202773,0.005616692089170734,0.058650825219323306,0.9978341022087673,odom_lidar,unilidar_lidar
1786133757.3331926,9.85363835045747,-5.090118186014573,0.010750103395595555,-0.02670390988605696,0.0015930535397373229,0.058465999359484946,0.9979309045701078,odom_lidar,unilidar_lidar
1786133757.4635239,9.957797283734982,-5.100653704640261,0.010320553769796808,-0.0311891957300031,0.0033935307065859266,0.05355547995953243,0.9980719055185168,odom_lidar,unilidar_lidar
1786133757.5914998,9.989038848292372,-5.131819105554292,0.010654183021959383,-0.031106024749094352,0.005988011629440747,0.04722843874231521,0.998381707321903,odom_lidar,unilidar_lidar
1786133757.723367,9.917098102337953,-5.111474078215016,-0.03554777461210527,-0.015493076712447975,-0.002828757621612675,0.029293377215986578,0.999446777350141,odom_lidar,unilidar_lidar
1786133757.8447716,9.832957714269003,-5.169970537027999,-0.03797433820868086,-0.007396315492953324,-0.0053405588772560035,0.013363514115596309,0.9998690861500268,odom_lidar,unilidar_lidar
1786133757.9669497,9.74508761795279,-5.237642164639205,-0.036490651878070754,-0.011430771519632899,0.0010858620710442284,0.005107527870971431,0.9999210326446163,odom_lidar,unilidar_lidar
1786133758.1112373,9.77883831555737,-5.300219651129779,-0.004503409051715021,-0.015872962933239202,0.005721838829080411,0.01045355859676957,0.9998029969552993,odom_lidar,unilidar_lidar
1786133758.2475863,9.805064063948642,-5.211589109062321,-0.048491515841505364,-0.0056090932148388775,0.002016619333508101,0.021008928386866917,0.9997615196874736,odom_lidar,unilidar_lidar
1786133758.380493,9.849864909809346,-5.068965055117899,-0.13202385342216336,0.010636551266659348,-0.006587194916638284,0.034266650175138066,0.9993344131601077,odom_lidar,unilidar_lidar
1786133758.5114543,9.864666839603638,-4.949942413036269,-0.22031004307330865,0.02521660364992854,-0.011144298180798026,0.04717908665188661,0.9985059145048235,odom_lidar,unilidar_lidar
1786133758.627419,9.836833520608169,-4.818468819884915,-0.17530192013403356,0.02141386390214871,-0.010777966220199515,0.05318257352434503,0.9982969977668291,odom_lidar,unilidar_lidar
1786133758.7525823,9.777902556329362,-4.729300374946794,-0.09683780084998136,0.009855665416560232,-0.006211577811824242,0.05902456669641472,0.9981885506689531,odom_lidar,unilidar_lidar
1786133758.8835986,9.86257966523042,-4.773972698858623,0.029365722885641748,-0.013885502631756027,0.000958557986963528,0.0607572004201104,0.9980555278041195,odom_lidar,unilidar_lidar
1786133759.0171561,9.93381065024938,-4.871958060081916,0.09136594370711973,-0.03758244510398628,0.003912611055752414,0.0537895453161955,0.9978371290493301,odom_lidar,unilidar_lidar
1786133759.1589813,9.999975431235807,-4.931919281729357,0.07741749551051319,-0.037424682353031216,-0.0026331223887420627,0.04942608674681457,0.9980729040336468,odom_lidar,unilidar_lidar
1786133759.2849479,9.96659634161884,-4.963130336597226,-0.03677025601950626,-0.02683254615852282,-0.0011149846424908804,0.04820582485418989,0.9984763240688409,odom_lidar,unilidar_lidar
1786133759.4084296,9.925844240050548,-4.905675350640575,-0.09435123194287881,-0.011773408852112083,-0.0034133630501332153,0.05096319161800048,0.9986252995477313,odom_lidar,unilidar_lidar
1786133759.5337489,9.85249317215327,-4.791905937534222,-0.1403000696183794,0.006677815835668262,-0.004975029157118953,0.05318979431323536,0.9985496991344329,odom_lidar,unilidar_lidar
1786133759.650638,9.943534191022598,-4.804116245145765,-0.17086345085868593,0.020918562372173776,-0.00931608002824766,0.05154344689018484,0.9984081817993418,odom_lidar,unilidar_lidar
1786133759.765105,10.010282062725283,-4.936363959192391,-0.16689416429428117,0.022272803348727326,-0.009234826707744791,0.047109434861550885,0.9985986888403631,odom_lidar,unilidar_lidar
1786133759.894781,10.134128953901541,-5.162475853564662,-0.12348746090729747,0.018672362475331737,-0.012589403395554045,0.03261480595744592,0.9992142534182007,odom_lidar,unilidar_lidar
1786133760.0194778,10.11332473494454,-5.389708229399108,-0.06656073896194364,0.002241384810420551,-0.006883889274564526,0.01682268672981368,0.9998322786716669,odom_lidar,unilidar_lidar
1786133760.1557877,10.041807418408775,-5.530743310589194,-0.046620906055272485,-0.011784114829747635,0.0004816925918191152,0.0030397855665513077,0.9999258284061053,odom_lidar,unilidar_lidar
1786133760.311534,9.878029395881908,-5.449059327968609,-0.025583977184852134,-0.01073077700877183,-0.0009925096957519618,0.008118495035654342,0.9999089735509168,odom_lidar,unilidar_lidar
1786133760.4415228,9.766203992185458,-5.201492833750454,-0.027229844217406055,-0.006676350461242767,-0.0014787966743869633,0.023035575514497156,0.9997112591971896,odom_lidar,unilidar_lidar
1786133760.5577478,9.698502807162763,-4.942842980083106,-0.058036995856647726,-0.0024295474958488258,-0.0002898023565805848,0.040217362067292504,0.9991879588455357,odom_lidar,unilidar_lidar
1786133760.690212,9.646336261809378,-4.702145139050171,-0.10306911692777276,0.001768120977231278,0.00025693303022430726,0.05801659245011862,0.9983140201029458,odom_lidar,unilidar_lidar
1786133760.8166037,9.638851568388436,-4.517031527453525,-0.14150240571817455,-0.0016377520272837988,0.0009754892600765387,0.07789633760434113,0.9969596414985069,odom_lidar,unilidar_lidar
1786133760.9450204,9.755907060522105,-4.6111569218198705,-0.11908773942494513,-0.006159676897271634,-0.0003551689512375042,0.08971863088383038,0.9959480405663081,odom_lidar,unilidar_lidar
1786133761.0805483,9.883654024446233,-4.725960927635427,-0.10072129887850703,-0.0012680465037105957,-0.004618275849834383,0.08761741817595126,0.9961426863750092,odom_lidar,unilidar_lidar
1786133761.2088532,10.022558081858561,-4.937106172153817,-0.03574878636926322,-0.009927267570687171,-0.0052311084384584735,0.07950188564619902,0.9967715560958709,odom_lidar,unilidar_lidar
1786133761.3414829,10.10025859069536,-5.099828976181275,-0.04220483484733484,-0.005151341935066941,-0.010467932263974057,0.06389431086040818,0.9978884722803739,odom_lidar,unilidar_lidar
1786133761.4635987,10.176246038686,-5.1882086068291065,-0.06713735124432232,0.002715803542169375,-0.013616527821587213,0.04944230503369153,0.9986804659420149,odom_lidar,unilidar_lidar
1786133761.587147,10.184267193222018,-5.314445258151125,-0.09077997266632531,0.005777061514449832,-0.011239917635316529,0.030060186930967906,0.9994681960790373,odom_lidar,unilidar_lidar
1786133761.7197564,9.956112670421064,-5.470383099084223,-0.13732065597631551,0.009484775677962815,-0.010405770567204932,0.010925855941078337,0.9998411797086556,odom_lidar,unilidar_lidar
1786133761.8556666,9.713510256934743,-5.409619875244969,-0.11903014757594355,0.013398366014344482,-0.0034513287557180255,0.0027517148295134078,0.9999004951411229,odom_lidar,unilidar_lidar
1786133761.9844608,9.663540483879546,-5.151581481288588,-0.08173306508617499,0.008198150546533316,-0.0010597042133429354,0.014074706532077498,0.9998667761210154,odom_lidar,unilidar_lidar
1786133762.1476498,9.674598318820438,-4.920941798492736,-0.04539473725450967,-0.008325863950102395,0.0016425575383927275,0.02315275902838202,0.9996959196393627,odom_lidar,unilidar_lidar
1786133762.2878,9.644517851330104,-4.674773404586598,-0.04975798758577039,-0.02231069061902564,0.004973336441590895,0.03561301118798405,0.9991042049970891,odom_lidar,unilidar_lidar
1786133762.430673,9.77936191924291,-4.6799389711903725,-0.03908793976864982,-0.04452001568056388,0.011111379443475098,0.060660865351025696,0.9971031866690279,odom_lidar,unilidar_lidar
1786133762.5530272,9.890163164743422,-4.976966552868037,-0.017110031168953946,-0.059844989802610084,0.017511895727024992,0.07092106440831743,0.9955310710001787,odom_lidar,unilidar_lidar
1786133762.668327,9.991350399093125,-5.015057940883791,0.017840642904554463,-0.044047208867953665,0.007832782859603685,0.07441839195358063,0.9962230642996881,odom_lidar,unilidar_lidar
1786133762.7842157,9.926107976417285,-4.965484857530757,-0.001297020687890782,-0.018650383635730714,0.005898980668928577,0.06947498904350786,0.9973918944500764,odom_lidar,unilidar_lidar
1786133762.9324715,9.73376886796716,-4.944346478621979,-0.05474018319669555,0.001858736527718844,0.0029133895208620212,0.07059053341718381,0.9974993904017675,odom_lidar,unilidar_lidar
1786133763.0695355,9.731001520762737,-4.927566840846681,-0.081571342845287,0.011538792869378244,-0.0053007538164868495,0.06167728276223828,0.9980153661438091,odom_lidar,unilidar_lidar
1786133763.2194967,9.710057386663044,-5.019554975355706,-0.08613069105889119,-0.0003016841628402303,-0.005487747885268425,0.04395132194173252,0.9990185558383727,odom_lidar,unilidar_lidar
1786133763.3453388,9.787676215402128,-5.070841245306415,-0.09911510325452695,-0.0031624619036735523,-0.006739039373554348,0.028139746466284168,0.9995762796564568,odom_lidar,unilidar_lidar
1786133763.4649773,9.885611365191652,-5.030238522507534,-0.09239875321661678,0.0093982528626633,-0.014765032267159904,0.03149556788022436,0.9993506370985017,odom_lidar,unilidar_lidar
1786133763.5865746,9.9838771299791,-5.019758484431933,-0.09196844592647241,0.011317061880184475,-0.01729275597002634,0.03099343972141535,0.9993059048137344,odom_lidar,unilidar_lidar
1786133763.7167444,10.058899480830032,-5.00200754041354,-0.11762557496095406,0.01341226793305961,-0.017692238700837762,0.033413813045290806,0.9991949824015425,odom_lidar,unilidar_lidar
1786133763.8361592,10.124960512543582,-4.960887241641043,-0.12846009342096157,0.014967534278551783,-0.01680808933360666,0.038806689898928146,0.9989932441561667,odom_lidar,unilidar_lidar
1786133763.9619975,10.185441186846594,-4.975956062487903,-0.0844417735312151,-0.00035705492389172467,-0.010147504253639479,0.046827506241406476,0.9988513830037052,odom_lidar,unilidar_lidar
1786133764.100497,10.169755840037395,-5.038046487519084,-0.013482639089278423,-0.012574603052554053,-0.002126071974102741,0.05098228085210472,0.9986181283229084,odom_lidar,unilidar_lidar
1786133764.2363179,10.155410458361416,-4.987453804860026,-0.011057939684000546,-0.017418312870586053,0.00662385019458641,0.05661928175641685,0.9982219111594023,odom_lidar,unilidar_lidar
1786133764.3585677,10.149421000581667,-4.923201063950717,-0.03184799324730474,-0.019552569973108534,0.007013097472940905,0.06799994526033565,0.9974690576232793,odom_lidar,unilidar_lidar
1786133764.4740558,10.163853561535312,-4.818223490338717,-0.09660019016972252,-0.007925721864069736,0.0016735118369833697,0.07819909056934247,0.996904852292932,odom_lidar,unilidar_lidar
1786133764.5894837,10.143190116227819,-4.754035146622362,-0.1402081440345068,0.005060836853477698,-0.005792233340274195,0.08320547376521051,0.9965027280939983,odom_lidar,unilidar_lidar
1786133764.7187235,10.050337663122951,-4.7878173539583395,-0.12169922725071972,-0.001440168113765786,-0.0019136756541468538,0.07994402908087594,0.9967964767070613,odom_lidar,unilidar_lidar
1786133764.8347416,9.914261818812605,-4.855767367854077,-0.06526150365363495,-0.008819913247594577,-0.0007721411023112821,0.06194110563808693,0.9980405364316395,odom_lidar,unilidar_lidar
1786133764.9590049,9.807019436254535,-4.92743198612648,-0.053287873253257456,-0.006064764920126385,-8.645314587593964e-05,0.04506702953518051,0.9989655519592218,odom_lidar,unilidar_lidar
1786133765.0974967,9.702242674222084,-5.006363432616841,-0.029800703645159875,-0.0010605304612147563,-0.0007063897185831608,0.030786891556909904,0.9995251590615264,odom_lidar,unilidar_lidar
1786133765.2231627,9.743075908948445,-5.063962209105046,-0.04942244763992559,-0.009513788064252234,-0.001244491849506056,0.025688466409772855,0.9996239501783754,odom_lidar,unilidar_lidar
1786133765.3482873,9.77602572301859,-5.159264003736407,-0.03738997023984672,-0.02660938777716031,0.004182997705450427,0.024918057900217054,0.9993265399271665,odom_lidar,unilidar_lidar
1786133765.4725595,9.843881861217488,-5.220455445112953,-0.039853134433340084,-0.032313842171578726,0.005308534243903404,0.026419715697047257,0.9991144247236043,odom_lidar,unilidar_lidar
1786133765.6008506,9.892134853628873,-5.282437048746753,-0.04752620523704613,-0.031936219286690076,0.004085016989124254,0.02702614145341876,0.9991160984650437,odom_lidar,unilidar_lidar
1786133765.731048,9.929443224584519,-5.330517279759793,0.0005325135193670477,-0.019046791701810353,-0.002764461185945105,0.0269973460364786,0.9994502092586734,odom_lidar,unilidar_lidar
1786133765.8563569,9.874364169248986,-5.307584452133508,-0.00587731643111105,-0.0036389638457521582,-0.006438192508880645,0.02695479320928815,0.9996092970467975,odom_lidar,unilidar_lidar
1786133765.9951394,9.837650901283439,-5.228497939170822,-0.06313612982724566,0.007987678937558826,-0.009250714406361063,0.03346106547680129,0.9993652877528416,odom_lidar,unilidar_lidar
1786133766.1425748,9.752804906258271,-5.164967676988921,-0.09635114573399979,0.012335486477160205,-0.008420781509796594,0.03946710477020121,0.9991092402000865,odom_lidar,unilidar_lidar
1786133766.2757475,9.67467452473759,-5.086340391325313,-0.10010902181534449,0.005955741699763573,-0.003912538875150252,0.04267609576325524,0.9990635475437795,odom_lidar,unilidar_lidar
1786133766.3965101,9.611485788231349,-5.018595256777817,-0.09507637150662564,-0.009641336835040667,0.0019591004273288738,0.04352820985686801,0.9990037544955502,odom_lidar,unilidar_lidar
1786133766.5234206,9.581923014107542,-4.979515807938072,-0.05763207820614641,-0.028236531101407027,0.004132138795696625,0.040858008363227095,0.9987573513586384,odom_lidar,unilidar_lidar
1786133766.653316,9.629167389539372,-4.865647826826314,-0.005109653026131089,-0.031248236698078122,0.004730602315326016,0.03942926878416811,0.9987224348477113,odom_lidar,unilidar_lidar
1786133766.7733922,9.67591125151555,-4.7911917041003464,-0.0002200656115457708,-0.03323170824799638,0.005261610839138836,0.03613348829925229,0.9987804263408576,odom_lidar,unilidar_lidar
1786133766.9123764,9.764922821754213,-4.7420505641271715,-0.08365259952388804,-0.01910741262963435,0.0010783859691225776,0.047172092322338294,0.9987034282369492,odom_lidar,unilidar_lidar
1786133767.0475519,9.911235085870546,-4.781737448265992,-0.12077606634913332,-0.01611025284292311,-0.00031161074939234964,0.06973396127485969,0.9974354802677687,odom_lidar,unilidar_lidar
1786133767.1952717,9.91641980779375,-4.8236354511130175,-0.07423288360612726,-0.010106677345739721,0.0038973282133481003,0.08885110226953255,0.9959860177388615,odom_lidar,unilidar_lidar
1786133767.3233407,9.97944456341161,-4.891914930411389,-0.047060558775031666,-0.007200148183316841,0.003758683639704731,0.10017197699496427,0.9949369855364486,odom_lidar,unilidar_lidar
1786133767.4564383,10.07340505267753,-4.992762712348573,-0.06845455002845208,-0.0065410827914353185,0.0007553728340197488,0.09813847829071091,0.9951509848895196,odom_lidar,unilidar_lidar
1786133767.5755415,9.989814420425231,-5.058752091137432,-0.08343683777404871,0.0013108785614172284,-0.0016317974453324776,0.09219779923597105,0.9957385121860751,odom_lidar,unilidar_lidar
1786133767.6976354,9.93215244879261,-5.100051623005329,-0.08299962775527606,0.007521420252943214,-0.004260979826757856,0.07114876173750219,0.9974282560623169,odom_lidar,unilidar_lidar
1786133767.8286304,9.874419796961028,-5.115526937451299,-0.06276576530896137,0.0021058400434409642,-0.009441974979214543,0.038259412101948484,0.9992210125551888,odom_lidar,unilidar_lidar
1786133767.9577494,9.857624485595373,-5.2858140860608,-0.044568447861663446,-0.02073877362141807,-0.002693544230880628,0.008601620455397217,0.9997442974149425,odom_lidar,unilidar_lidar
1786133768.0936534,10.102407420908714,-5.138032728762024,-0.0494819942532505,-0.003901923823707818,-0.015997888982173393,-0.008467894014774007,0.9998285539578987,odom_lidar,unilidar_lidar
1786133768.2146702,10.201086398986977,-5.071448312495602,-0.05309041691193245,0.01604213578503912,-0.039612123587670287,0.0009155620931160761,0.9990859278812725,odom_lidar,unilidar_lidar
1786133768.3379934,9.967489707624829,-5.1968902799798915,-0.06393145865899283,0.014109373302867349,-0.04685572255281341,0.055969038857589984,0.9972326376219403,odom_lidar,unilidar_lidar
1786133768.4645836,9.666733109029817,-5.279257292860385,-0.04762275850110459,-0.006309045653235026,-0.02780357484696246,0.11218403135337217,0.9932783599162828,odom_lidar,unilidar_lidar
1786133768.5902052,9.418756382507832,-5.203307563816463,0.005741526624061202,-0.017934807822418596,-0.010576762621648991,0.14170847877699536,0.989689437047566,odom_lidar,unilidar_lidar
1786133768.7187521,9.64396003424422,-4.861103367726821,0.002212737647264193,-0.004677381133087266,-0.00595278390119656,0.1157076660708957,0.9932544600866324,odom_lidar,unilidar_lidar
1786133768.8400693,9.898947291108582,-4.586803036283617,-0.08572957570514086,0.0008434425243517722,0.0002036095376624548,0.08642815003669005,0.9962577086422468,odom_lidar,unilidar_lidar
1786133768.956482,10.260032150278773,-4.617588235055209,-0.10146934902334614,-0.011216072275102311,0.004661582948888093,0.04768572579367356,0.9987885366395937,odom_lidar,unilidar_lidar
1786133769.0986018,10.419581753098631,-4.946827198535999,-0.09631009194690243,-0.022693322044351354,0.003092335159827952,0.03424772402701531,0.999150911522789,odom_lidar,unilidar_lidar
1786133769.2267566,10.474397250726273,-5.171542635918942,-0.040108283118253166,-0.016655489214974832,-0.005831012018751318,0.036880545801543506,0.999163860094643,odom_lidar,unilidar_lidar
1786133769.354999,10.33728202960815,-5.296259616345894,0.0063801729218863346,-0.008429154645041048,-0.009042177966486594,0.038578874133555305,0.9991790924755081,odom_lidar,unilidar_lidar
1786133769.4795413,10.039313669967903,-5.270776409627933,-0.000759975118067302,0.004406303120634508,-0.015041481908216671,0.04935653158878714,0.9986582353860299,odom_lidar,unilidar_lidar
1786133769.614873,9.750985424826622,-5.247906701106748,-0.0761208420657383,0.014255788825422893,-0.020312606284147116,0.06280138016086509,0.997717473617056,odom_lidar,unilidar_lidar
1786133769.7457342,9.658449233445959,-5.04169905991386,-0.1601901540396246,0.03851202615629389,-0.02005932441737219,0.06195902988426629,0.997133655013738,odom_lidar,unilidar_lidar
1786133769.8903804,9.818556988295457,-5.1063980933738105,-0.20688720326869947,0.026988543435578716,-0.01033699945846758,0.042427296357638124,0.9986814754911612,odom_lidar,unilidar_lidar
1786133770.0377178,9.998271143878,-5.145629335842056,-0.16152049056643042,0.01315848866459866,-0.004700650519712434,0.020976793048926745,0.9996823156453943,odom_lidar,unilidar_lidar
1786133770.1876004,10.210267609408808,-5.153306725745031,-0.09233279647191735,-0.0027671885260088605,-0.0014966927134439202,0.011859794306160076,0.9999247210953426,odom_lidar,unilidar_lidar
1786133770.3124654,10.35287858971449,-5.193524719153133,-0.016644548430534617,-0.016628720327030503,-0.0026872622091765495,0.005193190547100586,0.9998446354579525,odom_lidar,unilidar_lidar
1786133770.4366653,10.360885867047747,-5.25788292800381,0.01742499974872522,-0.03412683513074323,-0.00011794297984585677,0.007298490645339718,0.9993908530938798,odom_lidar,unilidar_lidar
1786133770.556836,10.33226215541974,-5.250857670557305,-0.0002758405226419014,-0.03285150903583261,0.012138135236910973,0.02723222782828495,0.9990154402182918,odom_lidar,unilidar_lidar
1786133770.688266,10.238103672118493,-5.109194458459999,-0.02202619701005601,-0.008686914784559996,0.020160988015769505,0.04641154298383359,0.9986811506940608,odom_lidar,unilidar_lidar
1786133770.8232787,10.141530778689953,-5.040177661908368,-0.10468431875600859,0.010654458680672971,0.020525706886197273,0.0653371844919802,0.9975952236201338,odom_lidar,unilidar_lidar
1786133770.960642,10.138743867461644,-5.103093068681953,-0.11257020268321383,-0.004154732755179285,0.015707575553963675,0.077724633798525,0.9968424607563798,odom_lidar,unilidar_lidar
1786133771.120786,10.20617286445625,-5.046796014109231,-0.0667096412344114,-0.010897435996342384,-0.006722507649158353,0.08240852096788412,0.9965163769108356,odom_lidar,unilidar_lidar
1786133771.2625787,10.289787643755743,-4.9468349009215,-0.07002655543454117,-0.005464271917279671,-0.022216410407787355,0.08349695295191156,0.9962453672106852,odom_lidar,unilidar_lidar
1786133771.395537,10.393328096811183,-4.896440645735757,-0.015962143820540953,-0.004877317422034409,-0.02018122722980341,0.07694664393779439,0.9968190125739849,odom_lidar,unilidar_lidar
1786133771.5235803,10.409153655281125,-4.970302546523958,-0.05445404591657907,-0.015511128123880804,-0.0029501930947054447,0.06663532050402936,0.9976524621963071,odom_lidar,unilidar_lidar
1786133771.6478682,10.419314357401452,-5.041821012985131,-0.08714940616578204,-0.024569370553227995,0.01119187305484266,0.05453490619159458,0.9981467988301201,odom_lidar,unilidar_lidar
1786133771.7704124,10.44083693429409,-5.156349669652135,-0.10087373191609322,-0.033823006158848784,0.0165173632944828,0.04771953548357767,0.9981513046113841,odom_lidar,unilidar_lidar
1786133771.9037735,10.417218077060513,-5.223485735842609,-0.06690733001456134,-0.028795715790657463,0.004671172194814269,0.044572862661180115,0.9985801153721305,odom_lidar,unilidar_lidar
1786133772.0295727,10.409229236864599,-5.300794361940248,-0.003466798192161419,-0.01976383804744088,-0.0072267138668841956,0.04201452848906567,0.9988953622417928,odom_lidar,unilidar_lidar
1786133772.1626167,10.361710707994728,-5.350760743094029,-0.01991133421676766,-0.003952392447828099,-0.02020735909629799,0.03898338827899661,0.9990276956474133,odom_lidar,unilidar_lidar
1786133772.2988236,10.236201343064685,-5.428256825688615,-0.08020056192579109,0.006294922416133709,-0.01813063450173821,0.03609720530797642,0.9991639734364391,odom_lidar,unilidar_lidar
1786133772.4207442,10.174236753074622,-5.457939479988301,-0.1099318221500663,0.015492669372040802,-0.00818032480423966,0.027294295539420827,0.9994739020668988,odom_lidar,unilidar_lidar
1786133772.5461054,10.20353872717168,-5.316896329160746,-0.07008709643015934,0.007318673281167789,-0.007009344067889587,0.02116774682217841,0.9997245783772718,odom_lidar,unilidar_lidar
1786133772.6788156,10.317911826998477,-5.324760686731151,-0.056318553591254567,-0.016133773987084783,-0.00793971682748581,0.013319858689540814,0.9997495904465896,odom_lidar,unilidar_lidar
1786133772.8026435,10.433950126435484,-5.271072204887307,-0.02061724307535201,-0.028482204025132032,-0.008180695992578308,0.00741139622512085,0.9995333468538916,odom_lidar,unilidar_lidar
1786133772.9244268,10.40118542689358,-5.2678332318361925,-0.01450412091945788,-0.03002049668463215,-0.005453930178958871,0.0067325721934032474,0.9995117292438702,odom_lidar,unilidar_lidar
1786133773.0596452,10.451852843468819,-5.25914168214534,-0.08682672839864478,-0.019668948331424643,0.0039007917302417536,0.02794639264336755,0.999408282652108,odom_lidar,unilidar_lidar
1786133773.1901534,10.378136575919273,-5.291732565869721,-0.08826931922904813,-0.02186792716524509,0.0016426856795582606,0.04947805996403195,0.9985344345226405,odom_lidar,unilidar_lidar
1786133773.3295224,10.314453721835916,-5.347120801185348,-0.08892788461538083,-0.02027510738089504,-0.002289018526980688,0.0672194253295968,0.9975295631073974,odom_lidar,unilidar_lidar
1786133773.4551036,10.29561514850416,-5.237575119260937,0.006525940421494347,0.006297217443341828,-0.015774472097558837,0.07703164753457976,0.9968839633380723,odom_lidar,unilidar_lidar
1786133773.5967052,10.208213769626568,-5.2955851330711,0.06212987982233183,-0.022111264422791363,0.0037337527377264553,0.057882355880821704,0.9980715324834213,odom_lidar,unilidar_lidar
1786133773.709794,10.147487011056416,-5.292013440116609,0.04395493470901321,-0.037634467150571095,0.012470021833752183,0.03253938832921066,0.9986838006320716,odom_lidar,unilidar_lidar
1786133773.851777,10.220479264225952,-5.175061569867894,0.013469056203873592,-0.04268260372213387,0.011188101684904282,0.015128096148148348,0.9989114887852277,odom_lidar,unilidar_lidar
1786133773.9767365,10.34277524083667,-5.175341224276901,-0.0699750522258886,-0.03483696831221326,0.0008166570341841747,0.01365482754568814,0.9992993867679495,odom_lidar,unilidar_lidar
1786133774.1081781,10.461967563110901,-5.247102753857724,-0.07890299142424322,-0.022595563313149894,-0.010872296745185115,0.021176374907401332,0.9994612522893659,odom_lidar,unilidar_lidar
1786133774.2542653,10.575884588874064,-5.252246292437421,-0.07209285279825489,-0.006976781049845785,-0.018839326056094407,0.03257097939314528,0.9992674995321854,odom_lidar,unilidar_lidar
1786133774.3875403,10.565654214059062,-5.26571624601663,-0.09637391761676758,0.004740407282493288,-0.014809941827456336,0.043397646724217614,0.9989368540706983,odom_lidar,unilidar_lidar
1786133774.5017545,10.488215560218002,-5.298183866447883,-0.07684014016261384,0.005226882632063237,-0.003949670144013611,0.05267818520632929,0.9985900503244922,odom_lidar,unilidar_lidar
1786133774.6346672,10.352964800719144,-5.241761383196742,-0.06733235871931528,-0.0012752009230183063,0.004368268145387373,0.06083102447191237,0.9981377052079105,odom_lidar,unilidar_lidar
1786133774.7570786,10.219787358752134,-5.199361807536068,-0.08434671700110566,-0.0059423819520595025,0.0038728293177828018,0.06545266794454212,0.997830465334043,odom_lidar,unilidar_lidar
1786133774.9073699,10.254743022680273,-5.30090688779022,-0.04024748281402271,-0.014434622946369517,0.0016716121536296793,0.06336058946437051,0.9978849047239523,odom_lidar,unilidar_lidar
1786133775.0377548,10.274198901412475,-5.268070577029704,-0.0033961225802021933,-0.019527531003279024,0.004314931544489714,0.06183443431268689,0.9978860454139603,odom_lidar,unilidar_lidar
1786133775.1769953,10.411970557852793,-5.206642705405034,-0.02463230819692777,-0.010279014022694025,-0.007939516079379663,0.055543016703247954,0.9983718141307122,odom_lidar,unilidar_lidar
1786133775.3047397,10.541600541606536,-5.1050766902059195,-0.08839105434532288,0.011442266650294233,-0.018750248405485767,0.04469908543395854,0.9987589771711711,odom_lidar,unilidar_lidar
1786133775.4355192,10.650449693585568,-5.026494751237457,-0.19701810885495616,0.029337732215550957,-0.024851194948717126,0.03712863940144558,0.9985705682195261,odom_lidar,unilidar_lidar
1786133775.5536113,10.645339720365921,-5.081609201550072,-0.18974715352406984,0.013300116733123063,-0.017234218038426598,0.02781266107203492,0.9993760776142191,odom_lidar,unilidar_lidar
1786133775.6776083,10.604287847306813,-5.160796941198626,-0.11138979888496395,-0.010963847593011621,-0.006752074288358396,0.01900397281517185,0.9997364915596518,odom_lidar,unilidar_lidar
1786133775.8100443,10.498271174526352,-5.20340492861069,-0.006211412841256682,-0.030605283931131766,0.0031700592712921734,0.01198209368140336,0.9994546996991517,odom_lidar,unilidar_lidar
1786133775.9380543,10.574757436338869,-5.352515318510096,0.03766014182081623,-0.05347537662628189,0.010110910489842844,0.02081048903305172,0.9983010954265998,odom_lidar,unilidar_lidar
1786133776.0831976,10.649787793148278,-5.47272388097043,0.03025429845893237,-0.06516644333083108,0.014065697672294302,0.03101805515374121,0.9972930216676946,odom_lidar,unilidar_lidar
1786133776.214238,10.732315600444169,-5.5374480019425665,0.005200137991062049,-0.06603155256626077,0.014436676982183873,0.034789133069492925,0.9971063798029148,odom_lidar,unilidar_lidar
1786133776.3487766,10.712678329517683,-5.545795948982496,0.025436065247118583,-0.05622675601099603,0.015554122504144924,0.04028105407111409,0.9974838634607208,odom_lidar,unilidar_lidar
1786133776.4686396,10.627315355785933,-5.429392994560011,0.006961095212083268,-0.0205138605576899,-0.003825785412004971,0.039647222656459036,0.9989958171216886,odom_lidar,unilidar_lidar
1786133776.5880165,10.441992265648805,-5.17015778214207,-0.07270391489297003,0.024808637993447392,-0.021593419284305276,0.0365266579812206,0.9987912990115829,odom_lidar,unilidar_lidar
1786133776.7045982,10.248993383673213,-4.979023315597276,-0.142084845852755,0.05741980272022147,-0.03299915772699126,0.03492720626726998,0.9971931167568515,odom_lidar,unilidar_lidar
1786133776.8310533,9.987200471526194,-4.883744122288339,-0.24190945767371647,0.06391935776006974,-0.032929193046291216,0.03104502853425747,0.9969283776441352,odom_lidar,unilidar_lidar
1786133776.9685352,9.880810408043601,-4.978099334464934,-0.13793848790125807,0.027284824011280913,-0.017236742432231722,0.028968003957633586,0.9990592013668205,odom_lidar,unilidar_lidar
1786133777.1108172,9.908693637831844,-5.199883434607841,-0.009243423156735299,-0.01149874752608421,-0.004763328175311264,0.029161017612207147,0.9994972358950506,odom_lidar,unilidar_lidar
1786133777.2549474,10.122976766500063,-5.438046917793618,0.036489892561234444,-0.035666063717987063,0.0011619312953936867,0.029321315611423614,0.9989328517299572,odom_lidar,unilidar_lidar
1786133777.3831334,10.403792944055933,-5.557124747903059,0.06451580684430726,-0.0357567860737643,0.0017440056186927772,0.03353250396880873,0.9987962664485981,odom_lidar,unilidar_lidar
1786133777.5157928,10.557901028248848,-5.410570442389678,0.012227401802189432,-0.014388971733594599,-0.003668065458530875,0.03565715369719883,0.9992537566496592,odom_lidar,unilidar_lidar
1786133777.6321661,10.594094984257518,-5.211202142884426,-0.1258770721066984,0.004053767459586086,-0.008049576844238305,0.03108660313392387,0.9994760599372086,odom_lidar,unilidar_lidar
1786133777.7601123,10.491996413202704,-5.128596962193025,-0.14714080970670756,0.004996535063548965,-0.003697505261382086,0.028912410093209214,0.9995626221677174,odom_lidar,unilidar_lidar
1786133777.8995812,10.43437144260305,-5.012126768443718,-0.17405006189438632,0.012888845811700349,-0.0014304438881503306,0.02769347569267311,0.9995323420920329,odom_lidar,unilidar_lidar
1786133778.0408897,10.378655508551079,-4.936282858024143,-0.18676581420260874,0.026237372944216998,-0.005147549435715558,0.024331901355864324,0.9993463171354571,odom_lidar,unilidar_lidar
1786133778.1826901,10.421037493072916,-5.007568472060488,-0.15951207634103712,0.010818285280232454,-0.00994326556717705,0.02938587007353635,0.999460137681077,odom_lidar,unilidar_lidar
1786133778.3023672,10.417008455800811,-5.0743525143682575,-0.10666177186173223,-0.006083396926793539,-0.008815589880409846,0.045618244526627515,0.9989015233861648,odom_lidar,unilidar_lidar
1786133778.4267256,10.365021510464903,-5.229991136434393,-0.04001572788851297,-0.03638149877219097,0.0026647188087092375,0.06023944718541191,0.9975171651773997,odom_lidar,unilidar_lidar
1786133778.5409906,10.271065510365995,-5.305915120945152,-0.016784761153701366,-0.05250016829852562,0.0138693991605513,0.07684620161953273,0.995563173983551,odom_lidar,unilidar_lidar
1786133778.6658342,10.143467003648714,-5.384952516233108,-0.0016629376596938306,-0.06638499740170632,0.013881719589091962,0.0861107028958131,0.9939744849984904,odom_lidar,unilidar_lidar
1786133778.793445,10.168241616500984,-5.056852412013779,-0.09983860944860246,-0.0284531101548939,0.0011486502069108894,0.08659462853470318,0.9958365686367178,odom_lidar,unilidar_lidar
1786133778.9331622,10.278634211597852,-4.697400449110537,-0.14180494502139565,0.021530571559118965,-0.020662345285987187,0.08424942214632139,0.9959977594571342,odom_lidar,unilidar_lidar
1786133779.0798297,10.328853683221059,-4.711023557193597,-0.13225203917454992,0.044902278439210686,-0.025473982592491198,0.07177071290410504,0.9960842466232873,odom_lidar,unilidar_lidar
1786133779.2156398,10.417763613961037,-5.074880185738527,-0.09225034286081302,0.010690772042254083,-0.014777165550810855,0.06389632090648677,0.9977898591116466,odom_lidar,unilidar_lidar
1786133779.3304002,10.501723508237802,-5.495514266261747,-0.036495006512798536,-0.031176590870397824,-0.001939275503337072,0.0539150553424575,0.9980568251355441,odom_lidar,unilidar_lidar
1786133779.4524956,10.593297927786162,-5.735157781220542,-0.024152363690178036,-0.035578121113421145,0.0027443350522439345,0.029150830697490353,0.9989378834506208,odom_lidar,unilidar_lidar
1786133779.5746365,10.694821878081651,-5.732540916823066,-0.07235828425810326,-0.012417918458041717,-0.001113549054514477,0.02126484485317926,0.9996961346744534,odom_lidar,unilidar_lidar
1786133779.6978943,10.791951930143846,-5.658237027443589,-0.0730523131407661,-0.0031673952365429024,-0.0033690862975484627,0.02510871964602566,0.9996740314035735,odom_lidar,unilidar_lidar
1786133779.8216498,10.854656757960049,-5.432296955885798,-0.06804552207853876,-0.0006362505013321198,-0.01275916458372462,0.036243087731453724,0.9992613459431497,odom_lidar,unilidar_lidar
1786133779.9522436,10.801497010046308,-5.305831664461778,-0.03579506837668084,-0.011084846732175623,-0.010354801604415091,0.04839229339335929,0.9987132171933986,odom_lidar,unilidar_lidar
1786133780.0979645,10.663184518120836,-5.24434504860074,-0.014979610228878351,-0.022193695294019992,-0.009524630121508677,0.06399801724604048,0.9976577444689237,odom_lidar,unilidar_lidar
1786133780.2356246,10.521815108875739,-5.1756272864435156,-0.04280691642183651,-0.027092122590250407,-0.0014402920248650876,0.07826682322230709,0.9965632176812097,odom_lidar,unilidar_lidar
1786133780.3523972,10.423732928391727,-5.028279193761466,-0.08303424585712997,-0.023195543908213774,0.002733874052528889,0.09294450679102448,0.9953973133040095,odom_lidar,unilidar_lidar
1786133780.4768069,10.308541994847841,-4.817595673258687,-0.13444878680875327,-0.007261550158941414,0.003135629969566811,0.1075423900143595,0.9941690359611803,odom_lidar,unilidar_lidar
1786133780.5930943,10.432427291217719,-4.799664652338928,-0.1363869074213429,0.0030863623770119174,-0.005385837236683488,0.09830432828339304,0.9951370388872524,odom_lidar,unilidar_lidar
1786133780.7045674,10.627076595215105,-4.847334275290564,-0.11990687880319759,0.014008390740829598,-0.012521064608232749,0.06764079890125138,0.9975328116177078,odom_lidar,unilidar_lidar
1786133780.8546548,10.736529150386355,-4.995975039033917,-0.05748846465777216,-0.0025916795116958974,-0.00985322575269214,0.03284982211728952,0.9994083681490954,odom_lidar,unilidar_lidar
1786133780.987849,10.85006951613131,-5.173675029672754,-0.04995656466288831,-0.0014719704715246277,-0.0035901851412712448,-0.006711680254067446,0.9999699481593183,odom_lidar,unilidar_lidar
1786133781.1215386,10.986370883652684,-5.324952089583999,-0.008053148574497349,-0.02119299927435565,-0.003394509100228576,-0.06570544952090163,0.9976082036516049,odom_lidar,unilidar_lidar
1786133781.254681,11.14279416940189,-5.617517436922444,-0.02871489989080546,-0.028053282351120812,-0.0036403935538311593,-0.11230048476235727,0.9932715449494368,odom_lidar,unilidar_lidar
1786133781.370858,11.04809721556539,-5.679950132848519,-0.1213282542538538,-0.021199010838650806,-0.0070153317977624165,-0.14627125779362865,0.9889924702457042,odom_lidar,unilidar_lidar
1786133781.4833093,10.98756018788646,-5.6739341001225325,-0.1612845305256273,-0.012464048764769016,-0.0014231161440045048,-0.16536457687881603,0.9861527158318434,odom_lidar,unilidar_lidar
1786133781.615796,10.795849991624031,-5.6175211526574955,-0.14380444235515094,0.004799912235995082,0.0018223313385506209,-0.15858655179087167,0.987331730241716,odom_lidar,unilidar_lidar
1786133781.7326684,10.72545194247665,-5.730122997919665,-0.06815621222688956,0.0062181730187938385,-0.009458891728755178,-0.1215123611814147,0.992525369837814,odom_lidar,unilidar_lidar
1786133781.8775558,10.665478830958111,-5.727411476650256,-0.02395284818377747,0.011698883713474046,-0.019562662953136214,-0.07892540736210817,0.9966198966560752,odom_lidar,unilidar_lidar
1786133782.0159154,10.93081710025149,-5.681347979250774,-0.036107061355700215,0.014744239857349168,-0.019893638783008996,-0.0547026693852871,0.9981956063262972,odom_lidar,unilidar_lidar
1786133782.1501758,11.190479372524793,-5.506904974464627,-0.07329150722785643,0.019447360085570145,-0.022017534104019604,-0.0370550006431712,0.9988813519657954,odom_lidar,unilidar_lidar
1786133782.285531,11.425305790966721,-5.5161383956236945,-0.0683494010224043,-0.0029067603985721896,-0.013111260354614355,-0.04494167926231136,0.9988993398040578,odom_lidar,unilidar_lidar
1786133782.4107285,11.38986146508532,-5.473511843149732,-0.029872477703590028,-0.014928222543121636,-0.0034398269689609154,-0.06660101118673599,0.9976620775949294,odom_lidar,unilidar_lidar
1786133782.5357478,11.278066174373206,-5.479662427095776,-0.05850956280768557,-0.03295148524055853,0.004037463281045515,-0.0899501908752644,0.9953928177720588,odom_lidar,unilidar_lidar
1786133782.668822,11.06930725732913,-5.458431555434885,-0.019087540241084076,-0.037970716313139086,0.0013296274875894804,-0.1025524653122367,0.9940017347327892,odom_lidar,unilidar_lidar
1786133782.7967904,10.802012035895345,-5.522231355698371,-0.04825607004826254,-0.018762619317726412,-0.005360694538457403,-0.10269806869521714,0.994521158023637,odom_lidar,unilidar_lidar
1786133782.937065,10.66535779581759,-5.592093030209269,-0.03133645762502424,-0.006699371337508289,-0.013849537116640593,-0.09812198014880161,0.995055468683538,odom_lidar,unilidar_lidar
1786133783.080292,10.546656132776713,-5.656862990596301,-0.032874396078025545,-0.0033094939965553813,-0.014079050171068508,-0.09125153960306712,0.9957228450306026,odom_lidar,unilidar_lidar
1786133783.2092197,10.659011346465153,-5.718464905328343,-0.03768303530198712,-0.000980490359501688,-0.009636410959314766,-0.085502986810133,0.9962908297625871,odom_lidar,unilidar_lidar
1786133783.3326936,10.852958423022383,-5.854438612006812,-0.04325822324586334,-0.009691796368239152,-0.0064815049332739615,-0.08718076447153146,0.9961242761237755,odom_lidar,unilidar_lidar
1786133783.4526167,10.972019154744004,-5.931416074832555,-0.08238266830940516,-0.006864320231256765,-0.00458578676239657,-0.08972910888185541,0.9959319950111056,odom_lidar,unilidar_lidar
1786133783.5776246,11.118268568171873,-5.9895615578005845,-0.09001494238439209,-0.01026028603761195,-0.003826958467006625,-0.09356905450453779,0.9955525666475102,odom_lidar,unilidar_lidar
1786133783.697924,11.270553565477035,-6.093186057043017,-0.04854828854050187,-0.021397692777359544,-0.006310288106739717,-0.09318527675950829,0.9953988262013723,odom_lidar,unilidar_lidar
1786133783.819287,11.37868677566002,-6.108929938481644,-0.027640990067523734,-0.02229576575052641,-0.011720403473409241,-0.09608623344176208,0.9950542531515524,odom_lidar,unilidar_lidar
1786133783.958302,11.409141045220089,-6.043819771309024,-0.045540293735262055,-0.01802286822482218,-0.011481666256182936,-0.0980125664900832,0.9949557198041326,odom_lidar,unilidar_lidar
1786133784.1026616,11.400635348280305,-5.91041283380805,-0.03900723787783824,-0.024177852852081367,-0.01156366386937531,-0.09156545020872058,0.9954383363310124,odom_lidar,unilidar_lidar
1786133784.2437925,11.394966855280229,-5.749192214434758,-0.05360062431815951,-0.019438554137629106,-0.00816310096487685,-0.0848406480426786,0.9961714565451943,odom_lidar,unilidar_lidar
1786133784.3704188,11.413797513783,-5.541665683658359,-0.04655937958168457,-0.0022698908543395823,-0.010646438586888402,-0.07508955410849276,0.9971173751393126,odom_lidar,unilidar_lidar
1786133784.488747,11.29476943827114,-5.5212626500094375,-0.06026256013910033,-0.0012458193719167303,-0.008042856108032771,-0.04853139603327754,0.9987884981310003,odom_lidar,unilidar_lidar
1786133784.613647,11.258102573996464,-5.489721122858218,-0.14350950999679735,-0.007193813355933231,-0.008988986514582001,-0.025200376010914214,0.9996161204281119,odom_lidar,unilidar_lidar
1786133784.7330313,11.264349850445168,-5.537193786058441,-0.1919091281314914,-0.015106788534060602,-0.009598008401243327,-0.009013801624752342,0.9997991871146857,odom_lidar,unilidar_lidar
1786133784.8724139,11.359291272339549,-5.512647478792605,-0.06941463933631026,-0.02188275718614626,-0.01089258741206982,-0.011112804752668909,0.9996394360207743,odom_lidar,unilidar_lidar
1786133785.010851,11.470505790227032,-5.5414406135212415,0.03804049074210638,-0.028356438793794594,-0.007766418597098109,-0.01723740440620146,0.9994190647623475,odom_lidar,unilidar_lidar
1786133785.1526418,11.621816255685193,-5.499777919476372,-0.018011211602466222,-0.00987918726528141,-0.007350536550631473,-0.01700495472913646,0.9997795770999004,odom_lidar,unilidar_lidar
1786133785.2857006,11.754343542990547,-5.547720335540217,-0.1359086321644856,1.774653967958297e-05,-0.004861515360970751,-0.017622782733322358,0.9998328874777973,odom_lidar,unilidar_lidar
1786133785.4152453,11.959376106076736,-5.603002805607318,-0.22822651927829943,0.009420727659375473,-0.004620421764998194,-0.014224385244055442,0.999843772025165,odom_lidar,unilidar_lidar
1786133785.5357678,12.134066986975943,-5.759218083690955,-0.1911919206323376,0.021633931967685052,-0.015316420773899457,-0.021488342317128623,0.9994176461253605,odom_lidar,unilidar_lidar
1786133785.6674244,12.04107121593298,-5.933067352772732,-0.12473164266198586,0.014782985849600883,-0.018610005045240692,-0.033052151632289646,0.999170999536147,odom_lidar,unilidar_lidar
1786133785.8142734,11.87476013802147,-6.115016230397113,-0.01864528942117183,0.008574701394656496,-0.01647779416619289,-0.04814945806023205,0.9986674053376906,odom_lidar,unilidar_lidar
1786133785.9616194,11.791150242708197,-6.282773956555627,0.00010981278925353138,-0.01403871182446851,-0.005657272472332591,-0.06382518666282173,0.9978463084994299,odom_lidar,unilidar_lidar
1786133786.1120665,11.711860577214331,-6.307764070005424,-0.04906927187712795,-0.011474957053991923,-0.001823738911723923,-0.07398536929583607,0.9971916387872243,odom_lidar,unilidar_lidar
1786133786.2415512,11.700418952631988,-6.269857309686094,-0.13510899846926921,-0.011148326379328204,-0.0039299864802375,-0.06346988264176566,0.9979137457829939,odom_lidar,unilidar_lidar
1786133786.366757,11.786151306401106,-6.207443072219128,-0.12900979979444915,-0.015677078881175685,-0.0038559353784658884,-0.044779313145050424,0.9988664445632199,odom_lidar,unilidar_lidar
1786133786.4941328,11.865751800133664,-6.124082242045614,-0.11451261268598498,-0.01650882763023174,-0.0043050718943210735,-0.02740430231725939,0.9994788287806623,odom_lidar,unilidar_lidar
1786133786.62091,12.029981397054254,-5.983920083753852,-0.09021195321327538,-0.008699306101484955,-0.007293906028607943,-0.014095119606767752,0.9998362108922988,odom_lidar,unilidar_lidar
1786133786.7488751,12.221693063005318,-5.835965477478498,-0.038608129338988495,0.003907567021996969,-0.013233173551240622,-0.001961490359131751,0.9999028785803661,odom_lidar,unilidar_lidar
1786133786.8832598,12.417556291990682,-5.733507707079747,-0.0015419131691219584,0.011598251474520037,-0.0190486541438158,0.010755383929074968,0.9996934285342589,odom_lidar,unilidar_lidar
1786133787.0087378,12.485517801343082,-5.6875121729871285,-0.019860916659080824,0.017358759459212926,-0.016757730372622265,0.029202871393912436,0.9992822645504854,odom_lidar,unilidar_lidar
1786133787.1444206,12.472716496681604,-5.6279348168698675,-0.06590934040026183,0.01713971358793389,-0.015333181352321876,0.030271480138223995,0.9992771193507743,odom_lidar,unilidar_lidar
1786133787.2636688,12.479716869302756,-5.746488315600108,-0.13546506636641056,-0.010515639601022864,-0.0035707352348167787,0.03964860901879099,0.9991519699107535,odom_lidar,unilidar_lidar
1786133787.3977365,12.304491814707283,-6.011449641710452,-0.14988738846891933,-0.0387351079748716,0.015821358468267727,0.031941634127352445,0.9986135428861698,odom_lidar,unilidar_lidar
1786133787.5197399,12.320925834855569,-6.070866182204453,-0.08389657092430844,-0.02943336714222866,0.006118597046577179,0.0169391064521971,0.9994044758462179,odom_lidar,unilidar_lidar
1786133787.6528592,12.362283666609587,-6.140706008875051,-0.02396301691244511,-0.02052071638577337,-0.003254221884775235,0.002319226137878403,0.9997814418306938,odom_lidar,unilidar_lidar
1786133787.7972858,12.381803123734766,-6.217213019110587,0.03032857498423505,-0.012260269448882416,-0.01180433733132788,-0.010391615721346852,0.9998011590991026,odom_lidar,unilidar_lidar
1786133787.9261801,12.276403118416725,-6.368359267140102,0.0036505282732156724,-0.006721385709591025,-0.011341117590245507,-0.018107863793234483,0.9997491221775556,odom_lidar,unilidar_lidar
1786133788.0753965,12.200840880362119,-6.436155244901681,-0.011236673960166123,0.004074101588801071,-0.012024593897714098,-0.023070875271652358,0.999653212645285,odom_lidar,unilidar_lidar
1786133788.2058818,12.230658558101576,-6.455276073303202,-0.08331517730414582,0.0017073480707500454,-0.008435660116233793,-0.014138032925588264,0.9998630109299792,odom_lidar,unilidar_lidar
1786133788.3308527,12.276512959143892,-6.396757872036332,-0.1561139142016119,-0.0041460163633622,-0.0051473619205199385,-0.0033065865207178003,0.9999726904766725,odom_lidar,unilidar_lidar
1786133788.4416862,12.30760972941384,-6.308556964359388,-0.1730007447899674,-0.005954161707449255,-0.0014220420444273042,0.008661098511080635,0.9999437539818761,odom_lidar,unilidar_lidar
1786133788.5624552,12.426895831646997,-6.18938214851057,-0.14009202374263804,-0.005822461251547487,-0.004724918889147155,0.02143883106480885,0.9997420420333637,odom_lidar,unilidar_lidar
1786133788.6807704,12.50717237570383,-6.147727532629271,0.002027259973088679,-0.013192950775292245,-0.009202195643714297,0.029976270696884563,0.999421176902052,odom_lidar,unilidar_lidar
1786133788.7973485,12.677729350864995,-6.005009787678185,0.0166495201423848,-0.004076285747969752,-0.010121534981761847,0.04106679941846979,0.9990968203380677,odom_lidar,unilidar_lidar
1786133788.9433627,12.75026521178732,-5.962145057669735,-0.04803438196766196,0.007441926726315831,-0.012159481345778232,0.04232831432147057,0.9990020413125815,odom_lidar,unilidar_lidar
1786133789.083758,12.781500539599598,-5.905474806761255,-0.06333114996924688,-0.0029112106949638903,-0.009378040665223129,0.04534621376349726,0.9989230691614276,odom_lidar,unilidar_lidar
1786133789.2145684,12.723156461542722,-5.894633116949058,-0.006356885123886602,-0.021583718579031404,-0.003829546412984048,0.05016679748873616,0.9985002604387723,odom_lidar,unilidar_lidar
1786133789.3277578,12.701891215985793,-5.721901089990087,-0.03779121385725803,-0.016101909074149805,-0.00831569801563966,0.055645990996246134,0.9982860819307892,odom_lidar,unilidar_lidar
1786133789.4479127,12.663901366755034,-5.708034940082903,-0.06556852976649322,-0.006252202864690612,-0.009250770642116057,0.05908739482097827,0.9981903691055808,odom_lidar,unilidar_lidar
1786133789.5648904,12.540509498414323,-5.70490641097071,-0.12479912735123111,0.00924482452108614,-0.012768544521650065,0.05776381819407615,0.998205809839842,odom_lidar,unilidar_lidar
1786133789.7059093,12.44735213942628,-5.791379474502065,-0.09710448252951424,0.01634707622191603,-0.017463170386451864,0.0516326343235728,0.9983796281234192,odom_lidar,unilidar_lidar
1786133789.8338797,12.370880790640122,-5.8054444421429245,-0.15166815660910993,0.02984083654485424,-0.021180733233295525,0.051522175857407454,0.9980011855749078,odom_lidar,unilidar_lidar
1786133789.9752417,12.334917911344888,-5.916451306868968,-0.23320948323515567,0.0296443353926088,-0.01625275068492987,0.05982690458073344,0.9976361074873904,odom_lidar,unilidar_lidar
1786133790.1167107,12.410771034363659,-5.944787567731751,-0.2670435620263358,0.030974165224672053,-0.015148050946007467,0.0599168253485064,0.9976076942773289,odom_lidar,unilidar_lidar
1786133790.252653,12.508304280024607,-6.2327522525440955,-0.044622819526191834,-0.0022893121016358446,-0.00921934842810651,0.046157353173282296,0.9988890135609159,odom_lidar,unilidar_lidar
1786133790.376547,12.663364408717133,-6.356372857960426,0.07849566217736766,-0.027471334343650157,-0.0049936499740953055,0.028963728398241625,0.9991904181318938,odom_lidar,unilidar_lidar
1786133790.5000682,12.530548761874348,-6.315136970245971,0.020402595915444605,-0.029954675551899713,0.001288859867040226,0.012682504704359089,0.9994699646949115,odom_lidar,unilidar_lidar
1786133790.624927,12.46660659029461,-6.2524320200970935,-0.04744717491719895,-0.023245789183237338,0.0014729081960585303,0.003879621016935563,0.9997211673098952,odom_lidar,unilidar_lidar
1786133790.7588181,12.415962020941446,-6.245766218389717,-0.12347509217669167,-0.018630309332235168,0.0012628779482804038,-0.005128561149029337,0.9998124897069519,odom_lidar,unilidar_lidar
1786133790.894965,12.316368851130532,-6.202725849650084,-0.11915467011015697,-0.004702003120895723,-0.0028485428756466627,-0.009919906544535175,0.9999356841438776,odom_lidar,unilidar_lidar
1786133791.0340905,12.107707787026026,-6.25114718742098,-0.07054783894964468,0.005451517378991808,-0.0076326642918387805,-0.018656351639155896,0.9997819581976817,odom_lidar,unilidar_lidar
1786133791.1755648,12.041395428329631,-6.469102961020338,-0.08631398813349928,0.009044303699508826,-0.008626211572674264,-0.01694177805831336,0.9997783580377791,odom_lidar,unilidar_lidar
1786133791.2933369,12.054908613132262,-6.633424195469831,-0.12893808205251725,0.006448537853040073,-0.006786486698331087,-0.007383874770132023,0.9999289166491938,odom_lidar,unilidar_lidar
1786133791.4087431,12.18987154241,-6.469243538514463,-0.21302979539286557,0.029718526054860264,-0.0182094582650225,0.006305925086000512,0.9993725332165332,odom_lidar,unilidar_lidar
1786133791.5379238,12.29684628434358,-6.276090236103288,-0.24432703348534535,0.044745424889828,-0.03013315512295598,0.019094865750851387,0.9983612702903302,odom_lidar,unilidar_lidar
1786133791.6506145,12.38695426488932,-6.123030292691704,-0.21106774177699156,0.03363952127444249,-0.021954234709796638,0.03452646534942157,0.9985961733239362,odom_lidar,unilidar_lidar
1786133791.8005974,12.424524849249668,-6.003336330079062,-0.0930016264530828,0.016022921446001308,-0.009114597780460474,0.04092100248237761,0.9989923231193887,odom_lidar,unilidar_lidar
1786133791.9446707,12.479542660602165,-5.966133059446418,0.030712920241210112,-0.01619001523534163,0.0020752946214501857,0.04136034217136314,0.9990109602273548,odom_lidar,unilidar_lidar
1786133792.0784357,12.574383668380948,-5.949657550833744,0.10645222506901234,-0.050283936988152415,0.007192961347369336,0.04489310218368154,0.9976995521520257,odom_lidar,unilidar_lidar
1786133792.2002957,12.65060776963415,-5.940929404925075,0.05954186632795348,-0.06943159622123327,0.004794416103110076,0.05417425623244809,0.9961031156371629,odom_lidar,unilidar_lidar
1786133792.316898,12.653670718787318,-5.857648567093836,-0.0033264153032368515,-0.07206114241635392,0.0072986933847093175,0.06582507879066454,0.9951989649465723,odom_lidar,unilidar_lidar
1786133792.4500866,12.587579371663129,-5.846587500690754,-0.06573078586115078,-0.03372571184473474,0.005860285946259307,0.06061896956032698,0.9975738438524931,odom_lidar,unilidar_lidar
1786133792.5626547,12.573377258553807,-5.8291542637322005,-0.1121782277495419,0.008647212675543818,-0.0025089693816276156,0.051061810726503655,0.9986549064971927,odom_lidar,unilidar_lidar
1786133792.699084,12.506489683878751,-5.8997256458660265,-0.15282104983296987,0.0404851679862196,-0.02189936381186455,0.03961392107483329,0.9981543499353395,odom_lidar,unilidar_lidar
1786133792.83377,12.341428813574998,-6.231594355906797,-0.11976471492939807,0.028013788043533622,-0.026857409480404774,0.022046131878521114,0.9990034410874914,odom_lidar,unilidar_lidar
1786133792.9868789,12.115734352694059,-6.600035210848939,-0.12266621168259215,0.01103272385826345,-0.022674703096322336,-0.0006159954066735085,0.9996818280800246,odom_lidar,unilidar_lidar
1786133793.128058,11.898657410932419,-6.791139100672661,0.006731016750820218,-0.016535396611094242,-0.01004644297896699,-0.020965644873015693,0.9995929628491003,odom_lidar,unilidar_lidar
1786133793.251078,11.974288712486763,-6.672862894571388,0.044384274148652994,-0.019535641938493862,-0.010489697429991198,-0.02739831627972764,0.9993786355565715,odom_lidar,unilidar_lidar
1786133793.3792436,12.078557329519624,-6.49309226798446,0.030219074603003403,-0.017433934695162977,-0.009460196521178613,-0.025671195258504323,0.9994736376397455,odom_lidar,unilidar_lidar
1786133793.5060108,12.182991955922825,-6.387213315125712,0.05342272842111321,-0.012873973710560989,-0.010968893929175398,-0.025009743216160535,0.9995441245443505,odom_lidar,unilidar_lidar
1786133793.6308417,12.322846793004329,-6.4212587481425825,0.07109652791243222,-0.028714884907592983,-0.0032849733302045396,-0.019204494834328865,0.9993977445007177,odom_lidar,unilidar_lidar
1786133793.7780461,12.476774667205927,-6.513125736352707,0.058582171978188546,-0.04227347742580484,0.0011203959284646055,-0.002673614597367126,0.9991018714847241,odom_lidar,unilidar_lidar
1786133793.9093091,12.4718288222013,-6.532506598570759,-0.07818782721920225,-0.039330251360310195,0.008907615096195098,0.013161919670731529,0.9990998696786093,odom_lidar,unilidar_lidar
1786133794.0448568,12.352438097039807,-6.505745654784513,-0.12117579522889062,-0.027997727890305902,0.004496728040574114,0.023036988924127574,0.999332379046741,odom_lidar,unilidar_lidar
1786133794.175666,12.25149264296677,-6.434765661662621,-0.153996950328873,-0.009931203409470808,-0.0015881594193051351,0.030592190545763922,0.9994813489135804,odom_lidar,unilidar_lidar
1786133794.3046281,12.17715179672094,-6.35433403217252,-0.10020740713292378,0.002718253270774008,-0.009617532388211121,0.035740800738130934,0.99931111738663,odom_lidar,unilidar_lidar
1786133794.4228723,12.214753827252814,-6.296461075415273,-0.13195242350503428,0.02500974387035949,-0.01569460517354825,0.0413006465444733,0.9987103927941243,odom_lidar,unilidar_lidar
1786133794.5560155,12.217830643547,-6.23666890604581,-0.09903995934789488,0.015447944042819918,-0.014803019308097876,0.04395840873028075,0.9988042300401594,odom_lidar,unilidar_lidar
1786133794.677106,12.298931921741115,-6.2279330699661575,-0.02654797966409289,-0.009489188926093345,-0.01114666485490228,0.04227266414397478,0.998998863373882,odom_lidar,unilidar_lidar
1786133794.812699,12.467077203332526,-6.207917343095135,-0.08065523842490598,-0.021577481736554154,-0.005477830766593706,0.03424063798976369,0.9991656441061488,odom_lidar,unilidar_lidar
1786133794.9491231,12.592588837506412,-6.1696680563021316,-0.10134524475915313,-0.022789463452974733,-0.0004953898425094771,0.03077298453530736,0.9992664401285671,odom_lidar,unilidar_lidar
1786133795.0849686,12.690498306249829,-6.00249010675202,-0.14111044833341116,0.004387231363844916,-0.0029811827977055533,0.02749339293781674,0.9996079121809979,odom_lidar,unilidar_lidar
1786133795.2176492,12.717417200300511,-5.86384219102479,-0.12032585478484498,0.011048907016906081,-0.006383956625827188,0.02374049284811497,0.9996367118863032,odom_lidar,unilidar_lidar
1786133795.3399115,12.7438384233209,-5.835898968213975,-0.0924081239808183,0.015074933973112584,-0.010841371139012831,0.02283018450538364,0.9995669030700159,odom_lidar,unilidar_lidar
1786133795.4624326,12.620619310357894,-5.818477455418028,-0.0853843889134095,0.00900001294740067,-0.01655372318630942,0.0235653411649297,0.9995447207160859,odom_lidar,unilidar_lidar
1786133795.5978768,12.397085061898636,-5.867483628019996,-0.0191808761627264,-0.015264534789899758,-0.006824688161230075,0.041226615606530924,0.9990099017401086,odom_lidar,unilidar_lidar
1786133795.7173545,12.334985464911243,-5.9391233684049896,0.0032181152968841394,-0.03102237602047507,0.0003617761891242138,0.06460113881193494,0.9974287815018346,odom_lidar,unilidar_lidar
1786133795.839922,12.28164912979317,-6.000173639965444,0.01419560857406581,-0.043749595577990845,0.005396387835467581,0.08831961880404467,0.9951163232604517,odom_lidar,unilidar_lidar
1786133795.9645565,12.4125512972543,-5.865271064779376,-0.026347585010621843,-0.010570171387842123,0.001970407340381473,0.10307871015008421,0.9946150855911746,odom_lidar,unilidar_lidar
1786133796.1007721,12.64218846544986,-5.79454210012285,-0.17016312803103867,0.031121676022388522,-0.017996960929471114,0.09596109701503593,0.9947356525924521,odom_lidar,unilidar_lidar
1786133796.2259262,12.987306927441544,-5.706848355520964,-0.2562420422034731,0.0598137883401152,-0.033232175464047956,0.07616945418377612,0.9947442623547402,odom_lidar,unilidar_lidar
1786133796.3515968,13.186523101117047,-5.871123107040059,-0.27657350162498323,0.05392610469024768,-0.03477025794148842,0.048453129553935756,0.9967624083160682,odom_lidar,unilidar_lidar
1786133796.478774,13.171935071429283,-5.984159464599595,-0.20535521057454464,0.011102420942903478,-0.01673575157696148,0.032842628899455446,0.9992587315582153,odom_lidar,unilidar_lidar
1786133796.5988348,12.895698938167547,-6.292996826065226,-0.03735876415163031,-0.03652168411310874,0.0048995391750302,0.03536253733028038,0.9986949744836905,odom_lidar,unilidar_lidar
1786133796.7233205,12.721673242080717,-6.488461965884492,0.09792722120405768,-0.06758369099686244,0.015863401665096765,0.04426084504516863,0.9966051248085874,odom_lidar,unilidar_lidar
1786133796.859436,12.687718802564278,-6.460284015861589,0.08920974906929441,-0.05863673234215813,0.0038070908506709555,0.04808262016591166,0.9971134846733694,odom_lidar,unilidar_lidar
1786133796.992742,12.645748068194662,-6.368574748169168,0.02791013658962116,-0.020237726171837524,-0.01147564215120196,0.04752637147155786,0.9985990126629202,odom_lidar,unilidar_lidar
1786133797.1274564,12.672911635904123,-6.35665823426116,-0.05736018291280343,0.01637926527877258,-0.026456805902368777,0.048555088785717834,0.9983356952665687,odom_lidar,unilidar_lidar
1786133797.2647884,12.692169527053327,-6.301979651257698,-0.21740789052123316,0.050429731861946527,-0.03344885636828708,0.05107705686947734,0.9968596442897757,odom_lidar,unilidar_lidar
1786133797.3822923,12.709103632840408,-6.373378382830217,-0.3054372237781423,0.051088162510480144,-0.023686132598711277,0.06150266221538232,0.996517129463533,odom_lidar,unilidar_lidar
1786133797.506129,12.772851448038727,-6.426879785008136,-0.34025746638254395,0.039556718105460596,-0.01207036138104637,0.06744906263458922,0.9968651846556642,odom_lidar,unilidar_lidar
1786133797.6319246,12.89247411640009,-6.6248207352839055,-0.24877064256534193,0.012195044526204499,-0.0023546258057232238,0.07068151028933242,0.997421606307753,odom_lidar,unilidar_lidar
1786133797.7648854,13.05530333319208,-6.706190892471707,-0.04223040739991214,-0.0022370727240431034,-0.006839385482550292,0.07307533746761051,0.9973004629327329,odom_lidar,unilidar_lidar
1786133797.9148648,13.048969998498917,-6.759624507671111,0.07302475036542552,-0.013123837899430252,-0.01621525654118283,0.07064504343127254,0.9972833640308489,odom_lidar,unilidar_lidar
1786133798.0563166,12.942827010385166,-6.610164945543381,0.08210914609208421,-0.012578564809701018,-0.021602070204589725,0.0717918341058926,0.9971063447927289,odom_lidar,unilidar_lidar
1786133798.192683,12.763373449784725,-6.379137307171874,-0.10065455305062954,0.010721334529446768,-0.018173537186237924,0.07930245256862335,0.9966272605887566,odom_lidar,unilidar_lidar
1786133798.331794,12.57956068765373,-6.301367252462222,-0.3068416667116521,0.01617393594415072,-0.005666774332021626,0.0887266778649884,0.9959085641261386,odom_lidar,unilidar_lidar
1786133798.4478986,12.46017288102501,-6.256605367212527,-0.3085202759749694,0.007981289839004788,-0.004206073218723877,0.10295782964640489,0.9946448075946943,odom_lidar,unilidar_lidar
1786133798.5731103,12.725149583549426,-6.280562064846616,-0.014654376962984245,-0.01744600567292416,-0.0010730939541769425,0.12530838940174566,0.9919638566505165,odom_lidar,unilidar_lidar
1786133798.7050626,13.054992445603986,-6.217019339592348,0.16716644760049593,-0.03673060367212933,0.0025297300620554138,0.1445154332124567,0.9888173505673887,odom_lidar,unilidar_lidar
1786133798.8510664,13.491557535411525,-6.135882395087974,0.16338764186681914,-0.040528720319431395,0.0041963654389615464,0.1546570398355988,0.9871276580947685,odom_lidar,unilidar_lidar
1786133799.005472,13.824824337878542,-6.1740661456367185,0.07436535139106867,-0.04466275297330407,0.008283064979804048,0.16023540124353589,0.986033085408248,odom_lidar,unilidar_lidar
1786133799.1430793,13.816247626040328,-6.09640987353284,-0.07528092998877824,-0.012426235024351489,-0.008731140665246441,0.15040537863632386,0.9885077531021531,odom_lidar,unilidar_lidar
1786133799.2626243,13.69010598694739,-6.037720040514543,-0.15896052004006245,0.025646479763966133,-0.022390883293491343,0.13087181526628722,0.9908145509579281,odom_lidar,unilidar_lidar
1786133799.385375,13.583314727283001,-6.078561037559456,-0.2225601925577964,0.04066919934346871,-0.029118901705891324,0.11604415933599278,0.9919837997024984,odom_lidar,unilidar_lidar
1786133799.5037892,13.49687780980661,-6.272401199619367,-0.18850088145784744,0.020689921140238068,-0.014486902161257378,0.10512941147257301,0.9941377488418853,odom_lidar,unilidar_lidar
1786133799.631849,13.425936544900429,-6.516024087538277,-0.05331165495716103,-0.015457798737638003,-0.004338727807202355,0.09827823051049113,0.9950294575071275,odom_lidar,unilidar_lidar
1786133799.7566133,13.35756320955006,-6.756942970282514,0.10864048395484147,-0.049136951121097054,0.0039001801016235126,0.08965761702625814,0.994752160258459,odom_lidar,unilidar_lidar
1786133799.8985777,13.28114297267262,-6.905759233246844,0.1321881554072623,-0.07316322716430576,0.01449388059663248,0.08545090178464006,0.9935467845050613,odom_lidar,unilidar_lidar
1786133800.0342755,13.427561689042992,-6.652464133057588,-0.004982579620306737,-0.020138377479918482,-0.004110173768043008,0.12331744734208958,0.9921544030064594,odom_lidar,unilidar_lidar
1786133800.156761,13.53035429762969,-6.5161476205904565,-0.09591556238402173,0.01630710603574288,-0.011277413378233566,0.15935037354997472,0.9870229767790206,odom_lidar,unilidar_lidar
1786133800.2764447,13.748295569191102,-6.257885483084111,-0.15495861347306958,0.048428473096270505,-0.020240769526753397,0.1968967340323224,0.9790182175883825,odom_lidar,unilidar_lidar
1786133800.3954294,13.890733145761011,-5.9551958153889135,-0.14493424913089004,0.03789247902049757,-0.028823807135208424,0.21806971701047637,0.9747712278780516,odom_lidar,unilidar_lidar
1786133800.5318942,14.090676170061634,-5.958351456453935,-0.15960543024238838,0.011803444778153555,-0.022224408418649803,0.2204513949534002,0.97507329818066,odom_lidar,unilidar_lidar
1786133800.6596813,14.18251303587565,-6.122439227011638,-0.13565165152684444,-0.008485664322312113,-0.009612667499468108,0.20294764238600854,0.9791056350437958,odom_lidar,unilidar_lidar
1786133800.798274,14.254370746333578,-6.194209816786674,-0.04078975063101291,-0.02214278515912166,-0.0001569397011221582,0.18949660503829438,0.9816316565363445,odom_lidar,unilidar_lidar
1786133800.9348817,14.268211551507953,-6.3009594292557765,0.03910546463711398,-0.03774307179869489,0.00721855309721251,0.17231232368518182,0.9842925460088554,odom_lidar,unilidar_lidar
1786133801.0654619,14.238738870137768,-6.448047146097719,0.12195131740516622,-0.05174255705974288,0.009383106719265148,0.15245316967824285,0.9869106829659262,odom_lidar,unilidar_lidar
1786133801.1932108,14.086935267583174,-6.569382741965684,0.15784965148320504,-0.05983179527083488,0.011501173080117772,0.12904516779750946,0.9897652367913125,odom_lidar,unilidar_lidar
1786133801.3121467,13.829957821852242,-6.5300156678562535,0.027233825153531982,-0.024478283973496058,-0.00015753939120108707,0.12774815947069829,0.9915045116119755,odom_lidar,unilidar_lidar
1786133801.451119,13.545266211619591,-6.446840820623435,-0.13571642729673905,0.016564364139254134,-0.015222142990741719,0.14610483866124824,0.9890132882439965,odom_lidar,unilidar_lidar
1786133801.5635452,13.320333203605191,-6.453889966665829,-0.24635889259415347,0.046113615168931144,-0.023318940946846643,0.1642878550588764,0.9850579993936006,odom_lidar,unilidar_lidar
1786133801.7000077,13.230220556362854,-6.494105760632971,-0.3550992556384471,0.05374966159619624,-0.03248937864009748,0.17142929222593334,0.9831924592473188,odom_lidar,unilidar_lidar
1786133801.8278582,13.450583199909945,-6.551010602885191,-0.312818367771963,0.05967291486189071,-0.04168252382705139,0.16712847148856388,0.9832445191594964,odom_lidar,unilidar_lidar
1786133801.9878013,13.686461762816931,-6.698011832489924,-0.2107232344460957,0.047508382497110965,-0.04180087731111484,0.1648788311926061,0.9842817743273973,odom_lidar,unilidar_lidar
1786133802.132571,13.787833010739579,-6.921983606833465,-0.028517928513434404,0.0032322873494095607,-0.017846090517395413,0.16746785610488968,0.9857107012421888,odom_lidar,unilidar_lidar
1786133802.2509017,13.955051651108489,-6.840384597460673,0.04400641697417086,-0.00920151660921714,-0.008521268291487399,0.16894108828352655,0.9855463605373277,odom_lidar,unilidar_lidar
1786133802.372444,14.075945918637704,-6.6624024304704434,-0.020978109033258308,-0.01159123299074401,-0.008272394859599606,0.16547001295391925,0.9861120045989051,odom_lidar,unilidar_lidar
1786133802.5011003,14.133516222040816,-6.46942735559388,-0.11016146756053802,-0.015771937062688375,-0.002095788873901222,0.16037442326777795,0.9869280105619732,odom_lidar,unilidar_lidar
1786133802.61668,14.222820020345226,-6.334147506676554,-0.09184457802345629,-0.02318255555513348,0.003135387648538362,0.15595596491847333,0.987486949518106,odom_lidar,unilidar_lidar
1786133802.7406938,14.14189237763703,-6.376712923708879,-0.011712231699766151,-0.020797852207050993,-0.010119734502458191,0.149538091939199,0.9884854067594308,odom_lidar,unilidar_lidar
1786133802.8823862,14.029201015672694,-6.286264549345037,0.016073113444316972,-0.009785726069709528,-0.017530711809400825,0.14907957439781772,0.9886213603832915,odom_lidar,unilidar_lidar
1786133803.012903,13.892436218360888,-6.159679076247319,0.03419871520388868,-0.00284247789950156,-0.020347621452074978,0.1499658392077173,0.9884776890205258,odom_lidar,unilidar_lidar
1786133803.1334283,13.778242092170185,-6.125153848493287,-0.0105084270944793,-0.002932018866885692,-0.011331927566888715,0.15607899334629313,0.9876752191479702,odom_lidar,unilidar_lidar
1786133803.2569292,13.582656455721896,-6.334054514858015,-0.05367489796421448,-0.01715075531915225,0.005926583805293437,0.15755298323232597,0.9873438026700608,odom_lidar,unilidar_lidar
1786133803.3774571,13.530867041699244,-6.582769987883247,-0.039943504923422024,-0.03821296841602631,0.014866854507828693,0.15827328243254526,0.9865436197907859,odom_lidar,unilidar_lidar
1786133803.4990826,13.525530011968597,-6.873378022768683,-0.024180252822185513,-0.0659212987149628,0.02440250817144011,0.15960351454944094,0.9846753871779989,odom_lidar,unilidar_lidar
1786133803.6318645,13.567238983848009,-6.942854193063376,0.016265183572342815,-0.08071029631433427,0.026183532712642413,0.1664066479052501,0.9823996631801523,odom_lidar,unilidar_lidar
1786133803.7576804,13.77793323776613,-6.781387133834231,-0.0193372092646506,-0.05538484999995105,0.012067500373310239,0.1758999501693208,0.9827746951136124,odom_lidar,unilidar_lidar
1786133803.8848932,13.968415794743752,-6.594314814991086,0.002400182257194655,-0.008454171664502682,-0.010023333644846099,0.1809848188129634,0.9833984721990116,odom_lidar,unilidar_lidar
1786133804.0270715,14.147233101469833,-6.397756406089875,0.025340663698055002,0.035141282915250725,-0.031243156211335783,0.18356363306323192,0.9818825530793648,odom_lidar,unilidar_lidar
1786133804.1575923,14.300327129630322,-6.296131047261724,-0.08511590594947344,0.05662407452239984,-0.047997498724084764,0.17394674705804142,0.9819534018926962,odom_lidar,unilidar_lidar
1786133804.2800043,14.404913266642296,-6.169352147599848,-0.22188081149385241,0.07416479684854695,-0.06212008864870239,0.16436009917621378,0.9816447602332915,odom_lidar,unilidar_lidar
1786133804.4071453,14.209010697564802,-5.917840725019888,-0.3050452585646761,0.06362730181175756,-0.04489939517528972,0.16241681172330186,0.983644442899306,odom_lidar,unilidar_lidar
1786133804.5359364,13.996594122766714,-5.78559039250299,-0.3131113034506848,0.03624360260028588,-0.01768422061349461,0.16681425210719233,0.9851632732221416,odom_lidar,unilidar_lidar
1786133804.6636994,13.828815479905478,-5.767448846186367,-0.1319081334568937,-0.014030571418215457,0.006524183471416664,0.17281153291657197,0.9848333626491004,odom_lidar,unilidar_lidar
1786133804.8049958,13.680677235378976,-5.8580346886295995,0.04192263902241528,-0.03951652009920598,0.012473633737933778,0.19655115651604038,0.9796175253499847,odom_lidar,unilidar_lidar
1786133804.9416544,13.823830850157336,-5.967914503687666,-0.0015813942867533778,-0.015694744339646325,-0.007295219048190836,0.21446129801646038,0.9765791347516325,odom_lidar,unilidar_lidar
1786133805.0910869,14.115653466942407,-6.227131089146155,-0.11995363297735337,0.018664825698743368,-0.02358754183679121,0.21289054870153187,0.976612956306281,odom_lidar,unilidar_lidar
1786133805.2238867,14.376134216348262,-6.504479883110365,-0.25741769768400835,0.04876178375279319,-0.026540369435156346,0.2103518207099255,0.9760481590369968,odom_lidar,unilidar_lidar
1786133805.3441238,14.29055964583436,-6.6400136637532725,-0.2724853837441189,0.06999272432577949,-0.035616044498725484,0.21014598742556487,0.9745107387220804,odom_lidar,unilidar_lidar
1786133805.4684424,14.04070301983243,-6.819730840832325,-0.25610977708657845,0.0498986706909555,-0.04267395682099395,0.18357844340502757,0.98080987514885,odom_lidar,unilidar_lidar
1786133805.591545,13.860011256027837,-6.997372300779022,-0.1773056195711252,0.009761779541801753,-0.045027143217634444,0.1594946750524981,0.9861230717632228,odom_lidar,unilidar_lidar
1786133805.7104042,13.697225945199767,-6.781513005262993,0.04531106438405619,-0.017183230634333597,-0.026644708192437652,0.14510651415241924,0.9889079308311979,odom_lidar,unilidar_lidar
1786133805.8385525,13.571062979815839,-6.466015896800731,0.1315532455525879,-0.026927513470982854,-0.0020959982321220407,0.13728680603790339,0.9901630414722579,odom_lidar,unilidar_lidar
1786133805.974324,13.438356106282152,-6.215982281391163,0.13327381503444133,-0.050286391287466,0.02475310337177693,0.13591406717097484,0.989133928783051,odom_lidar,unilidar_lidar
1786133806.1189358,13.540293929917869,-6.040012263767223,-0.057149276975746566,-0.02039325513243989,0.011658091747994854,0.13508839153429483,0.9905550618287585,odom_lidar,unilidar_lidar
1786133806.2520602,13.777988712878116,-5.816074438921195,-0.3135339449216985,0.027576573274180474,-0.020676716663527682,0.14979828665541034,0.9881156204157354,odom_lidar,unilidar_lidar
1786133806.387963,14.033086976167732,-6.0438027661249505,-0.22323611574438276,0.03284635635073135,-0.03005129317521799,0.17623347744604306,0.9833411402358049,odom_lidar,unilidar_lidar
1786133806.5131412,14.185052952019053,-6.480683847116219,-0.01114531142430255,0.0006780067298557343,-0.018777689850368384,0.19031003197895027,0.9815442070528094,odom_lidar,unilidar_lidar
1786133806.6351476,14.306483320687846,-6.819368779301821,0.06693194542509717,-0.019913263076615735,-0.00516760160273918,0.20451036970607725,0.9786481832252081,odom_lidar,unilidar_lidar
1786133806.7883778,14.332654634934766,-7.006332192131187,-0.011773988797251791,-0.0278967239715073,0.008035427562452858,0.20087250260338596,0.9791871334905289,odom_lidar,unilidar_lidar
1786133806.9275615,14.143097313199855,-7.033981837101837,0.007651008684526728,-0.05341864200337768,0.016700102507574897,0.1961489099230757,0.9789755668037587,odom_lidar,unilidar_lidar
1786133807.0689702,14.081116371132817,-6.786876922390926,-0.10394720086751774,-0.03509647711401462,0.010783379872348474,0.18357473940948518,0.9823198415299641,odom_lidar,unilidar_lidar
1786133807.2046034,13.92683989649353,-6.45998079157499,-0.0790502943658467,-0.0057409639225616945,-0.004864712668310733,0.16928323411312798,0.9855387169219151,odom_lidar,unilidar_lidar
1786133807.330063,13.818271158358915,-6.161319046657955,-0.04843656577433483,0.01268284264589614,-0.021490623575063927,0.15921470753908967,0.9869285564335528,odom_lidar,unilidar_lidar
1786133807.4500206,13.695237993044758,-5.977375040184216,-0.0290350489597081,0.01630961885629775,-0.0322641063014203,0.14833862557893565,0.9882756072769808,odom_lidar,unilidar_lidar
1786133807.566289,13.498414307869457,-6.012058910489502,-0.05929493430170807,0.013917650519135589,-0.03020547945604149,0.13864826195789973,0.9897831012251682,odom_lidar,unilidar_lidar
1786133807.710765,13.534106776226908,-6.248030946222333,-0.1372699010897212,0.015095899507429043,-0.020432455046410163,0.1342024269274724,0.9906282537892882,odom_lidar,unilidar_lidar
1786133807.840917,13.620165449924023,-6.344013880442114,-0.23206686834984802,0.0309941137036066,-0.020732654945263152,0.13218409629510827,0.990523541679497,odom_lidar,unilidar_lidar
1786133807.978537,13.836057696430338,-6.566819570274115,-0.16321207149524028,0.004771150119975878,-0.014707966281418986,0.13227403320430073,0.9910925748860523,odom_lidar,unilidar_lidar
1786133808.106409,13.997468159792628,-6.791459165437563,-0.07543106075391623,-0.02157812300191903,-0.006793273794340382,0.132473518760929,0.9909283540528887,odom_lidar,unilidar_lidar
1786133808.229876,13.9962592365767,-6.853493098454753,0.006860178470189604,-0.027506540371749155,-0.002529711044658323,0.14680000867749327,0.9887804348039538,odom_lidar,unilidar_lidar
1786133808.3550544,13.966260405662357,-6.844610280040458,0.08787573733499157,-0.02763518071223615,-0.003496066353485085,0.15970264375159943,0.9867720810226664,odom_lidar,unilidar_lidar
1786133808.4744077,13.918290255155345,-6.8768940129884895,0.1264757986138773,-0.0236753987170238,-0.005612652238731466,0.16866706837402828,0.9853727181511309,odom_lidar,unilidar_lidar
1786133808.5832174,13.773762116261665,-6.69509484065698,-0.03264282060545645,-0.0012969470291207582,-0.010728256597025641,0.17792059454804734,0.983985510297007,odom_lidar,unilidar_lidar
1786133808.7220354,13.658383325252005,-6.481691246215221,-0.2606024048820699,0.03085137789975316,-0.02080643223141116,0.18268602156225688,0.9824668454381761,odom_lidar,unilidar_lidar
1786133808.8775113,13.622793684995704,-6.135036967058791,-0.43297741719396915,0.0751829649593516,-0.03987944456359489,0.18884797785770338,0.9783116031920895,odom_lidar,unilidar_lidar
1786133809.0233705,13.595353037323765,-5.959998880648469,-0.43374890582073133,0.09766674610937505,-0.05350706559422533,0.1888382637826825,0.9756732602502973,odom_lidar,unilidar_lidar
1786133809.144638,13.573338845023363,-6.214587088758216,-0.2599670755084489,0.05013633709943131,-0.03422021944645049,0.1873156657342691,0.9804224424470385,odom_lidar,unilidar_lidar
1786133809.2675233,13.63669166026419,-6.368100506727808,-0.029926137574348338,0.0003319570474142521,-0.008625995900164087,0.18827514339992657,0.9820783840289868,odom_lidar,unilidar_lidar
1786133809.3992078,13.757767915751892,-6.645057734826615,0.06914744403817727,-0.05183431473468838,0.017632057212272095,0.18801027724094158,0.980639816663709,odom_lidar,unilidar_lidar
1786133809.5186574,13.964535350982937,-6.639165626657898,-0.0026527339022644285,-0.05668743268498588,0.01638203843574441,0.1820648197239208,0.9815144243520679,odom_lidar,unilidar_lidar
1786133809.6521022,14.109434742229213,-6.512038876621475,-0.09050448500949765,-0.022491376539261396,-0.0036081681198565007,0.17217339574159798,0.9848032498438433,odom_lidar,unilidar_lidar
1786133809.7860413,14.090030952042792,-6.498428133210043,-0.15585371548879579,-0.008781983713990272,-0.011678244513369162,0.15743837906926889,0.987420706772536,odom_lidar,unilidar_lidar
1786133809.941116,14.002628684672677,-6.561708396864551,-0.1417338567176727,-0.0021015105889293575,-0.00964375077333522,0.1413699350309021,0.9899076336677202,odom_lidar,unilidar_lidar
1786133810.0691094,13.918307382856794,-6.548544338365091,-0.1427078638425854,0.02063826490694615,-0.021332449867837538,0.1258537496156719,0.9916046703762255,odom_lidar,unilidar_lidar
1786133810.2018483,13.8639529679095,-6.610725679967176,-0.15713465186389108,0.025029095306882992,-0.029882658263076314,0.11665100177130482,0.9924077362198473,odom_lidar,unilidar_lidar
1786133810.324157,13.779374757150679,-6.737572296530659,-0.15838078208316722,0.01908472998577229,-0.028855279480911985,0.11171796601644307,0.9931375745568173,odom_lidar,unilidar_lidar
1786133810.441129,13.712823287837253,-6.823525264328277,-0.01546746989744581,-0.0020510573113748137,-0.023703048809439454,0.11543808805536108,0.9930297107675912,odom_lidar,unilidar_lidar
1786133810.5663764,13.781741061885619,-6.89615661841678,0.0546523262173262,-0.013905573744685658,-0.018529234044947277,0.12224013517105911,0.9922301405711782,odom_lidar,unilidar_lidar
1786133810.68883,13.880906538596884,-6.956899597334469,0.07624073835964967,-0.017422216220096983,-0.010545394947933823,0.13053564237864068,0.9912344359918939,odom_lidar,unilidar_lidar
1786133810.8359337,13.85291126470167,-6.921964141836574,-0.04099044064452755,-0.021140116794523357,0.0028624495730960853,0.14720719501618423,0.988875595603321,odom_lidar,unilidar_lidar
1786133810.9720597,13.781449120484153,-6.898317267599186,-0.1552429107090021,-0.031081073609768844,0.016354304943866336,0.16110972101833393,0.9863113916844224,odom_lidar,unilidar_lidar
1786133811.1137621,13.89393382318311,-6.699079032092173,-0.1323403793171345,-0.019114754325489182,0.005173727714055017,0.18383768125193106,0.9827571244516778,odom_lidar,unilidar_lidar
1786133811.2389064,13.968869262667258,-6.424328872062731,-0.09105167277571184,-0.00274964339121047,-0.008809701986460477,0.21253341222324265,0.9771102175808398,odom_lidar,unilidar_lidar
1786133811.3557036,14.148986242306878,-6.236089163238739,-0.02604065224927632,0.015535124886256866,-0.028396246485717844,0.21867771534923425,0.9752601549791369,odom_lidar,unilidar_lidar
1786133811.4695535,14.093414700903987,-6.121239288791323,-0.07045748496394286,0.02277920308857021,-0.03329679877597774,0.20520960412185688,0.9778862149933767,odom_lidar,unilidar_lidar
1786133811.6053345,13.905168810677184,-6.114494856062824,-0.14001648052115828,0.02030649219384182,-0.02069425116200529,0.20345468832465718,0.9786549872873187,odom_lidar,unilidar_lidar
1786133811.730565,13.73137492727873,-6.1971519167403395,-0.16780843897057435,0.0026183363068531984,-0.0061615459552153695,0.20533387701984712,0.9786690853472508,odom_lidar,unilidar_lidar
1786133811.8625135,13.604829927460036,-6.394971367101999,-0.02107192228260729,-0.030235517257791864,0.00808104952270806,0.21211219541240522,0.9767440435918178,odom_lidar,unilidar_lidar
1786133812.0056765,13.575247403568145,-6.321169244341359,0.023273971223902692,-0.019652094643083953,-0.010946349048164453,0.24802999345151686,0.9684911434634267,odom_lidar,unilidar_lidar
1786133812.1347766,13.677138049163664,-6.383453903074143,-0.0024807460673856863,-0.012146034621390824,-0.018081860435389903,0.2925555933108354,0.9560003896383705,odom_lidar,unilidar_lidar
1786133812.259017,13.68764749603023,-6.497119903189837,-0.103790781029514,0.0005123525885743639,-0.012547044667378108,0.3412990209800159,0.9398708887092007,odom_lidar,unilidar_lidar
1786133812.3861215,13.693014177102757,-6.578092645539499,-0.19346537571335976,0.012933826072504753,-0.003694966645526859,0.38815682704946874,0.9214951660098405,odom_lidar,unilidar_lidar
1786133812.5140276,13.80270384940939,-6.562603351675644,-0.26049884529095074,0.032518265231796524,-0.020790925025026476,0.41788227408102985,0.9076809488315735,odom_lidar,unilidar_lidar
1786133812.647289,13.861227731114198,-6.504033947455528,-0.22213848170818815,0.039644236217677827,-0.026225165652565732,0.4261123604447901,0.903420628222193,odom_lidar,unilidar_lidar
1786133812.7858057,13.955281955695249,-6.455063348130373,-0.1423569424792243,0.03892492304439229,-0.029822635502812334,0.4317671829655894,0.9006511869151197,odom_lidar,unilidar_lidar
1786133812.9169295,14.15807723445288,-6.123778581799986,-0.040041125354487506,0.029290708054179184,-0.02185820462281202,0.398759955695202,0.916326781801292,odom_lidar,unilidar_lidar
1786133813.039701,14.371659145447827,-5.830783422787592,-0.05568627839931867,0.007911972605066016,-0.01191592474565684,0.37014025404530704,0.9288657619711409,odom_lidar,unilidar_lidar
1786133813.1673336,14.398597931246329,-5.878207218525811,-0.10846659415060467,-0.013980068717726911,-0.009803024909739947,0.3340461585258634,0.9424020492100919,odom_lidar,unilidar_lidar
1786133813.2999277,14.18351787462931,-6.154176898126788,-0.09112839783374771,-0.026672693130370944,0.0010616204100981632,0.32164037165065135,0.9464855581189335,odom_lidar,unilidar_lidar
1786133813.41963,13.925875276653782,-6.402034796258307,0.008008942633026185,-0.035492728266462034,0.008089567764852673,0.30769303383603613,0.9507890523467111,odom_lidar,unilidar_lidar
1786133813.5611608,13.777536802051285,-6.59733564845323,0.07147894829731036,-0.03143277346442875,0.00344110838899969,0.2996912036826267,0.9535120984867721,odom_lidar,unilidar_lidar
1786133813.7026782,13.70084542466013,-6.68875408810036,0.018079778425792233,-0.014446416276235217,-0.007599068261956544,0.29203871817836646,0.9562671918993461,odom_lidar,unilidar_lidar
1786133813.8447757,13.670503746882025,-6.747510860155391,-0.04900225041913229,0.0013883970307287483,-0.01691441716659367,0.2891216269511688,0.9571419224308948,odom_lidar,unilidar_lidar
1786133813.9775953,13.677873276152816,-6.821931633548026,-0.0644491771271456,-0.0013977780449267335,-0.016649692658876458,0.2948396162549248,0.9554006670698691,odom_lidar,unilidar_lidar
1786133814.1027074,13.754463426022344,-6.787478041299465,-0.11394400089182856,-1.4828257190251515e-05,-0.01977840211839901,0.3045093191882347,0.9523039898673551,odom_lidar,unilidar_lidar
1786133814.2191322,13.901685824766586,-6.813621890183236,-0.0574423039067727,-0.014921910890890974,-0.013253100264469877,0.32340769103845457,0.9460492361848403,odom_lidar,unilidar_lidar
1786133814.3448193,14.0739419946632,-6.7867700454600195,-0.05438996323676942,-0.017441597024041543,-0.005088896370855948,0.33980094183650233,0.9403218671040271,odom_lidar,unilidar_lidar
1786133814.471985,14.238666470455566,-6.752856015505249,-0.0003569867196694665,-0.014792758923024056,0.000379384542782891,0.358022356422881,0.9335957490542797,odom_lidar,unilidar_lidar
1786133814.6011317,14.361015451500544,-6.83061867172727,-0.005762626240524338,-0.009412156761261156,0.004819141035924682,0.37307649876274285,0.9277403264145149,odom_lidar,unilidar_lidar
1786133814.7389708,14.398910775301953,-7.007505743627185,0.01313951330023333,-0.014980886311079572,-0.008045392465446529,0.3773444658364011,0.9259168422747546,odom_lidar,unilidar_lidar
1786133814.8730245,14.368385308520855,-6.935670726170623,-0.048163331970561496,-0.007463245143538802,-0.01436547715791055,0.39142314935832706,0.9200683948404932,odom_lidar,unilidar_lidar
1786133815.0139866,14.30335022744049,-6.683398863379719,-0.05440400948053577,0.00034206868891164307,-0.024328170034454526,0.41203731693007606,0.910842067862948,odom_lidar,unilidar_lidar
1786133815.1422632,14.196370148729802,-6.485016779105986,-0.05580957516156866,0.010389159339798235,-0.03121291488783094,0.43149938151519357,0.9015132295559631,odom_lidar,unilidar_lidar
1786133815.2584147,14.1220614298337,-6.25946031380857,0.0006108663589917546,0.010590795229192906,-0.03352835362470344,0.4587471218529333,0.887870915590369,odom_lidar,unilidar_lidar
1786133815.3890538,14.134398196494326,-6.095396841158172,-0.029111644428380323,0.0005432106045670594,-0.023142170042687534,0.47939678985014095,0.8772929173140144,odom_lidar,unilidar_lidar
1786133815.5083807,14.151736202952536,-6.0128908387607165,-0.023150561039739552,-0.015639600515065806,-0.006069407366112733,0.4980990860089675,0.8669578223345036,odom_lidar,unilidar_lidar
1786133815.6418717,14.353174364543813,-5.782117509214059,-0.006747342294231795,-0.00796422175579151,-0.003155579981915701,0.5203249629766643,0.8539253751880987,odom_lidar,unilidar_lidar
1786133815.7839775,14.592585219603565,-5.6375285320940245,-0.04887578497434576,-0.0025654067034084896,-0.0019384098070190329,0.5375249743006304,0.8432416991936375,odom_lidar,unilidar_lidar
1786133815.9338014,14.81879172411757,-5.728185213464193,-0.043156232211477075,-0.010612505534518082,0.0007177437414564091,0.5445573979135803,0.8386561273536325,odom_lidar,unilidar_lidar
1786133816.0670304,14.8912365402202,-5.801056433398247,-0.03507994119873151,-0.0002248315464064146,-0.012899603189575812,0.5500917927766168,0.8350045324476598,odom_lidar,unilidar_lidar
1786133816.1948602,14.776698803431021,-5.995467524782636,-0.01658827418502721,-0.0037930769089670833,-0.008232736165844709,0.5566546405106695,0.8306945562724746,odom_lidar,unilidar_lidar
1786133816.319175,14.633036203162845,-6.177359145356629,0.029762824152335998,-0.004988818328637719,-0.010302817736822872,0.5614565718343935,0.827427024928686,odom_lidar,unilidar_lidar
1786133816.4390917,14.488986873286295,-6.311125500882535,0.0056807332580912796,0.003918016036053258,-0.02334866476369648,0.5677814562903165,0.8228388097901929,odom_lidar,unilidar_lidar
1786133816.5645049,14.38120780385243,-6.512698539987544,0.01824394341532421,0.007835931192374797,-0.03264767623007151,0.5625956348910747,0.8260501673752227,odom_lidar,unilidar_lidar
1786133816.6920636,14.288316747934303,-6.714850859641232,-0.031838167135438425,0.0017436114960063774,-0.03126342977076724,0.5554372821985984,0.8309687017702614,odom_lidar,unilidar_lidar
1786133816.8258464,14.24773471546224,-6.780514018364355,-0.061114376184654484,-0.009074007006085101,-0.028581361502212407,0.5499646790225303,0.8346493994481627,odom_lidar,unilidar_lidar
1786133816.9788432,14.191165173669045,-6.822134916725935,0.02675454656523296,-0.008469403360532233,-0.02371964047590244,0.545578166970032,0.8376813902600622,odom_lidar,unilidar_lidar
1786133817.113914,14.142652643924837,-6.861702158011823,0.03782703020718983,-0.008346565956930072,-0.0008035149323677594,0.5453625728209268,0.8381583104441663,odom_lidar,unilidar_lidar
1786133817.2559597,14.282562839765925,-6.7415411091146975,-0.004446007251884043,-0.006170326603726618,-0.00565456515720326,0.5576451315013141,0.8300372643895985,odom_lidar,unilidar_lidar
1786133817.3751662,14.392346150939973,-6.660711180324401,-0.05155096516470692,-0.013530150701640688,-0.011896400920075972,0.5832381943778268,0.8121013602291479,odom_lidar,unilidar_lidar
1786133817.5031404,14.518916613440544,-6.466861275741011,-0.1358919069243939,-0.011381682454865084,-0.013306176291832464,0.6103227706013801,0.7919592910386509,odom_lidar,unilidar_lidar
1786133817.630746,14.607494226448608,-6.172817868832971,-0.11080657707814504,-0.0008566945797743501,-0.027889450631994248,0.6362744163937303,0.7709580479252164,odom_lidar,unilidar_lidar
1786133817.7615445,14.610013146891106,-5.890092489527813,-0.11996459054734707,0.010446175085255433,-0.04023359180213753,0.6512830394245956,0.757695544446876,odom_lidar,unilidar_lidar
1786133817.900719,14.590659110706142,-5.717989348912278,-0.14953399875774856,0.02513792630961149,-0.04722851731737335,0.660737534856598,0.748707861481687,odom_lidar,unilidar_lidar
1786133818.0558429,14.593053114119089,-5.669663917546011,-0.17769326771296726,0.02846927414524075,-0.04145352189520576,0.6705735603594886,0.7401366131322826,odom_lidar,unilidar_lidar
1786133818.1808493,14.58302995147236,-5.6014425873791875,-0.2548809627447563,0.01752634012867396,-0.026776221455563787,0.689229702482553,0.7238358091322011,odom_lidar,unilidar_lidar
1786133818.2947671,14.613189722987515,-5.65383364616026,-0.17028658361709556,-0.00014104934083981527,-0.006328081771823106,0.7058155845147681,0.7083673454799063,odom_lidar,unilidar_lidar
1786133818.4206803,14.573818420832335,-5.7663687392407565,-0.06449110530610619,-0.00790597096437958,0.008110840747358558,0.7144291137404533,0.6996161457009923,odom_lidar,unilidar_lidar
1786133818.539141,14.52502750135072,-5.91458757393142,-0.06142552489760979,-0.012464927248071304,0.02262575831144388,0.7152873620118774,0.6983528409018052,odom_lidar,unilidar_lidar
1786133818.6670675,14.572035602074939,-6.030184968286815,-0.1497601622475353,-0.010361165541217734,0.023213552396757094,0.709122893608486,0.7046264960914246,odom_lidar,unilidar_lidar
1786133818.8088107,14.638466971456149,-6.089742877987982,-0.22045690184183156,-0.008187777123516685,0.02070846470681608,0.7055008512899089,0.7083591381668455,odom_lidar,unilidar_lidar
1786133818.9509702,14.62842437445434,-6.035099763822529,-0.24378718384576734,-0.0001231421382370929,0.012306938855627132,0.7034967383262745,0.710591910491747,odom_lidar,unilidar_lidar
1786133819.0813336,14.660625707985217,-5.932608803957016,-0.17187857676956414,0.006075334648445608,-0.008105326992188383,0.697996987113538,0.7160290496646645,odom_lidar,unilidar_lidar
1786133819.2014022,14.610299877105065,-5.886219130977521,-0.06601158541422894,0.011515940775019332,-0.021904872656117527,0.694081987900364,0.7194704675900634,odom_lidar,unilidar_lidar
1786133819.3225505,14.563378536191436,-5.859536077321991,-0.003927241443235939,0.025590624970429885,-0.04740002947769585,0.6863338502567607,0.7252890479738867,odom_lidar,unilidar_lidar
1786133819.441548,14.52231691352051,-5.954954978014571,-0.09934414006491615,0.01894156301768244,-0.04000659062238604,0.687622073782013,0.7247182718442692,odom_lidar,unilidar_lidar
1786133819.553805,14.466022461864844,-6.119650490975739,-0.1644788298051162,0.010351908687593217,-0.02431329465891496,0.6850816318040187,0.727986853901975,odom_lidar,unilidar_lidar
1786133819.675069,14.450072463294923,-6.282016335746093,-0.1924922189179941,0.00880625929037264,-0.016245729034773643,0.6809516724620602,0.7320951754086094,odom_lidar,unilidar_lidar
1786133819.814086,14.483135057860906,-6.365399891252473,-0.13220152800818036,0.008449245689362115,-0.0156568915949897,0.676346769837299,0.7363684668177443,odom_lidar,unilidar_lidar
1786133819.9542532,14.569192907089363,-6.393551933146555,-0.024595084177235153,0.008052932010521938,-0.024918432564844342,0.6713946486160717,0.7406371904071837,odom_lidar,unilidar_lidar
1786133820.0951333,14.56575091153053,-6.437750198800073,-0.014145347856282936,0.0040010698010315895,-0.02077892219250428,0.6713883007424979,0.7408036024879108,odom_lidar,unilidar_lidar
1786133820.2088077,14.51021387031021,-6.316751405729025,-0.0777295640440305,0.0028448872267059716,-0.008696965664034823,0.6746748160840776,0.7380583729941841,odom_lidar,unilidar_lidar
1786133820.3282146,14.55086892366249,-6.0983293665420995,-0.08550735187015467,2.0406907744309876e-05,-0.013348847313016752,0.6826995617246386,0.7305772486739224,odom_lidar,unilidar_lidar
1786133820.4533424,14.585240307915331,-5.882709377718922,-0.0972408750576993,-0.0006986157815167309,-0.0145604516060348,0.692983436297585,0.7208061197036337,odom_lidar,unilidar_lidar
1786133820.5707948,14.598915153280647,-5.691603906901535,-0.0762379289129003,0.0028614533133625546,-0.0104373980421952,0.7028237233108882,0.7112817210912032,odom_lidar,unilidar_lidar
1786133820.698999,14.618575779013119,-5.491204923634742,-0.09600009880316358,0.005942323959915208,-0.0074432418427480265,0.709341053750645,0.7048010757658864,odom_lidar,unilidar_lidar
1786133820.8374898,14.632851472318103,-5.416438522494413,-0.10516659200534376,-0.00415094686402532,0.00803634234523145,0.7129516270070405,0.7011548790316274,odom_lidar,unilidar_lidar
1786133820.971285,14.723532890269338,-5.393448481473053,-0.09532781215750857,-0.014289258911360356,0.016832626701263547,0.7146387960996229,0.699145100009563,odom_lidar,unilidar_lidar
1786133821.122963,14.786213397999127,-5.344875011205655,-0.06358569709062206,-0.018345803028532757,0.018717436481215682,0.7176692544064197,0.6958907459957661,odom_lidar,unilidar_lidar
1786133821.247155,14.823996279846801,-5.279118124637494,-0.06664709620659713,-0.017817302363993318,0.01987399883466253,0.7222851160080517,0.6910801538895655,odom_lidar,unilidar_lidar
1786133821.3780818,14.851252044115872,-5.219022394105627,-0.07432910134635651,-0.016774519295246218,0.02198178711336977,0.7267900555821531,0.6863028716569725,odom_lidar,unilidar_lidar
1786133821.5006416,14.909698293511386,-5.060855520538842,-0.11727187960207963,0.002752502331533634,-0.0036613145957459688,0.7267869650162507,0.6868476730606382,odom_lidar,unilidar_lidar
1786133821.6309233,15.051520177819118,-4.861080676973972,-0.1639298034241051,0.023420010315671782,-0.028762343647705853,0.7321841197851885,0.680096056038479,odom_lidar,unilidar_lidar
1786133821.7567396,15.13612877071226,-4.759139887201595,-0.1685182594498717,0.03191657478536688,-0.038991682768836036,0.7392397026278514,0.671554646315183,odom_lidar,unilidar_lidar
1786133821.896575,15.189284744323018,-4.845569560296696,-0.16156987217062221,0.030105520596763052,-0.032628099543103015,0.7492907587896699,0.6607514082786387,odom_lidar,unilidar_lidar
1786133822.0323408,15.137604634168236,-4.98291563654693,-0.13340235862320476,0.022398562545610973,-0.017102945227913512,0.7535074755447311,0.6568350462320262,odom_lidar,unilidar_lidar
1786133822.1680439,15.095788382468184,-5.121166718770493,-0.12623913799239467,0.007140452383399835,-0.010262368465165614,0.7485141302074106,0.663000976328911,odom_lidar,unilidar_lidar
1786133822.2921362,15.083327218112924,-5.134335458752162,-0.05300703720571487,0.011933750644768691,-0.03228013123303607,0.7363295107920963,0.6757473124325384,odom_lidar,unilidar_lidar
1786133822.4230623,15.051602162219613,-5.158707436625,0.0003129703937098244,0.017355252292531972,-0.052200578032474444,0.7229915031730098,0.6886633293638991,odom_lidar,unilidar_lidar
1786133822.553834,14.946392379982823,-5.169350789651387,-0.07606127134797308,0.02887243381833949,-0.050013806922115704,0.7136620245826285,0.6981056627410973,odom_lidar,unilidar_lidar
1786133822.67869,14.883403537653601,-5.272579477262156,-0.0997420830198773,0.023026000403043822,-0.036201208769323395,0.7052795683509077,0.7076298511621993,odom_lidar,unilidar_lidar
1786133822.8235145,14.84223518935888,-5.434668838398368,-0.11420144723766018,0.0018120479938183282,-0.015267091535646843,0.700564519915874,0.713423426748205,odom_lidar,unilidar_lidar
1786133822.9650402,14.785664249154568,-5.5198740232510515,-0.1284048389880995,-0.011887987218982382,0.006924469704635556,0.6970328076880615,0.7169072412004839,odom_lidar,unilidar_lidar
1786133823.0958576,14.681349538299328,-5.418553762811643,-0.1393736228706686,-0.013481706769613175,0.013814205194876339,0.6923558015367011,0.7212980350700287,odom_lidar,unilidar_lidar
1786133823.2135684,14.654442340475574,-5.243293388459064,-0.09887350969438007,-0.009015190039805096,0.01054601337282961,0.6900714286558667,0.7236082719975895,odom_lidar,unilidar_lidar
1786133823.3482742,14.706349516179944,-5.047750378387865,-0.08156487758815012,0.0028926672153914293,-0.002760999469541411,0.6887273001421143,0.7250094588329621,odom_lidar,unilidar_lidar
1786133823.4648383,14.783979668754109,-4.993074064650996,-0.04012660548366448,-0.004528996388319246,-0.009582208886309923,0.7009249883806512,0.7131562452423437,odom_lidar,unilidar_lidar
1786133823.602433,14.756202084370937,-5.097373094471155,-0.060255096610014186,-0.021081558299131456,0.0017043093534379744,0.7130183589968448,0.700826285867443,odom_lidar,unilidar_lidar
1786133823.7321904,14.73167959402677,-5.174622239517835,-0.11322116603182847,-0.01744430410041791,0.008567239097581744,0.7216312018751119,0.6920048461889401,odom_lidar,unilidar_lidar
1786133823.8662114,14.679545578001264,-5.195408428636339,-0.13111028549642548,-0.0006814036551895777,-0.001062490005754233,0.7228967979691419,0.6909548655954368,odom_lidar,unilidar_lidar
1786133823.9982357,14.708810881370466,-5.222067458809442,-0.08430391499633194,0.014232692035810762,-0.023327881510007555,0.7223072774798226,0.6910321536089007,odom_lidar,unilidar_lidar
1786133824.125972,14.760380433815396,-5.300290958894237,-0.03153786042002467,0.024451181659026263,-0.04480014160476992,0.7181588981832517,0.6940049596277305,odom_lidar,unilidar_lidar
1786133824.2401161,14.797394823793745,-5.5339193171944805,-0.13263384610690895,0.028026900314792658,-0.04252628367691231,0.7083841683557945,0.7039871291992807,odom_lidar,unilidar_lidar
1786133824.3568294,14.704106608518163,-5.800230891578723,-0.16651049390391992,0.01284188228366251,-0.01821304051558667,0.7029939557753269,0.7108465863728601,odom_lidar,unilidar_lidar
1786133824.4981544,14.629946200257985,-6.0251095883914285,-0.048103474990820974,-0.001585376154643194,-0.007246667716403091,0.6952498082502261,0.7187299051225574,odom_lidar,unilidar_lidar
1786133824.6150696,14.68321986968511,-6.105680185507592,0.021098947564400145,-0.01438803196000006,-0.0013266953229391168,0.6822516065489117,0.7309746710914594,odom_lidar,unilidar_lidar
1786133824.7513754,14.770231945577418,-5.950749505585109,-0.06460498672986786,-0.01650775972932446,0.007746808986381911,0.6690223467584624,0.7430185599007924,odom_lidar,unilidar_lidar
1786133824.884758,14.867970756936845,-5.754702589284547,-0.14975250774431048,-0.012298692365756496,0.01589097092336969,0.6580214794236954,0.7527309956593101,odom_lidar,unilidar_lidar
1786133825.0237312,14.86435096823281,-5.438047816081311,-0.21179993600805294,0.00278390309550719,0.016000855056429827,0.6677686739972992,0.7441916557909709,odom_lidar,unilidar_lidar
1786133825.1459434,14.890777889535958,-5.302717423239738,-0.23168207452994863,-0.001761036059423965,0.028797805462216518,0.6863218757423865,0.726725441986181,odom_lidar,unilidar_lidar
1786133825.2638316,14.866064733784839,-5.016287234989446,-0.12534323164455163,-0.0011239228244317436,0.0013467869768378942,0.7018760966653979,0.7122968958882728,odom_lidar,unilidar_lidar
1786133825.3983736,14.83363675624948,-4.666700067819587,-0.03275490794940694,0.002041304543296015,-0.0300926643575204,0.7185107392658444,0.694861556129908,odom_lidar,unilidar_lidar
1786133825.5159497,14.758759908957167,-4.415729839628275,-0.01739342817137679,0.012917290143033035,-0.04514063531257507,0.7326337763665105,0.6790016320936819,odom_lidar,unilidar_lidar
1786133825.643916,14.710980067112729,-4.381289269703955,-0.08919187782951654,0.02051392832047539,-0.03873565518850467,0.7435727564169936,0.6672168190898774,odom_lidar,unilidar_lidar
1786133825.785253,14.72128748803452,-4.542366308374405,-0.18927264270841987,0.02625857320835779,-0.031057849465515174,0.7487652932977332,0.6615863003965532,odom_lidar,unilidar_lidar
1786133825.9324076,14.850688331333892,-4.823183089993909,-0.2342433928376144,0.008698426381514825,0.0008236700608179743,0.7579572478816168,0.6522457123890059,odom_lidar,unilidar_lidar
1786133826.0740285,15.052797904525407,-5.161040564033497,-0.19265138474947258,-0.017145180480361892,0.02717738325158868,0.7591004710390459,0.6501799039452011,odom_lidar,unilidar_lidar
1786133826.1969197,15.259259179291096,-5.264585689246405,-0.08990751068952352,-0.02329056899848964,0.033365248548898496,0.7630589465892423,0.6450467840514461,odom_lidar,unilidar_lidar
1786133826.3238184,15.329704537977895,-5.0643515605968545,0.04425537605133675,-0.01801867377771001,0.010157902362826552,0.7690558562410919,0.6388468004116175,odom_lidar,unilidar_lidar
1786133826.440149,15.341546736284704,-4.896420151333995,0.013283494163553275,-0.00758929049925726,-0.006924198272127057,0.768670871032647,0.639561998694355,odom_lidar,unilidar_lidar
1786133826.5695055,15.33190623491504,-4.6786722532152885,0.037127801462348536,0.002164450455668273,-0.026410015571203795,0.764373053443184,0.6442295098811427,odom_lidar,unilidar_lidar
1786133826.7049434,15.216432392065142,-4.67631489415624,-0.058460620453318485,-0.003692621261153039,-0.0033777815229531693,0.7558815341520984,0.6546892862022984,odom_lidar,unilidar_lidar
1786133826.8402038,15.054075940962795,-4.873250064602159,-0.21232356246738332,-0.011808938182670285,0.02390975716295387,0.7432180693827607,0.6685175942593946,odom_lidar,unilidar_lidar
1786133826.9770873,14.777644148966846,-4.91967474458702,-0.31649983712322177,-0.008033369657160292,0.037598337998024416,0.7415675482357914,0.6697756350863289,odom_lidar,unilidar_lidar
1786133827.1071508,14.570482825227032,-4.852526111030413,-0.20521719542664713,-0.002336962819954679,0.020522459207925902,0.7406622912193387,0.6715599285533324,odom_lidar,unilidar_lidar
1786133827.2265053,14.557976575172797,-4.703236192432342,-0.0879644508235958,0.00508906346961759,-0.018311493366117294,0.7354092049489236,0.6773566947481194,odom_lidar,unilidar_lidar
1786133827.3481824,14.599338710685924,-4.605416191044537,-0.0333107948978493,0.013745074242406119,-0.042906761474251084,0.7291593871876513,0.6828591881420294,odom_lidar,unilidar_lidar
1786133827.462487,14.542238932623107,-4.752360606624633,-0.07016574342978543,0.007729170774525802,-0.03486757262992587,0.7240606991961247,0.6888110163010275,odom_lidar,unilidar_lidar
1786133827.5743074,14.429993207964975,-4.937791559007103,-0.10594924923647331,0.0020005968335778846,-0.01867802835369214,0.7199772368454437,0.6937434016216142,odom_lidar,unilidar_lidar
1786133827.715148,14.425230046569201,-5.10092841566987,-0.10636445732023259,0.003050249710065561,-0.008235762738905233,0.7107524421858,0.7033873997419458,odom_lidar,unilidar_lidar
1786133827.843233,14.573887333747766,-5.131909661370429,-0.10664147053955762,0.0019041554337145203,-0.007942835986135592,0.7099368153876524,0.7042180086491825,odom_lidar,unilidar_lidar
1786133827.9871404,14.70371719145006,-5.103656279833804,-0.1107039301952322,0.007771575936648345,-0.008180452647148253,0.7042252296037158,0.7098869690250291,odom_lidar,unilidar_lidar
1786133828.1029236,14.902533313269132,-5.184920795291967,-0.140671503648979,0.0014450907280282614,-0.0001644352064185742,0.7035763425572835,0.7106181920465918,odom_lidar,unilidar_lidar
1786133828.2203517,15.04367459956089,-5.232750651801228,-0.12623143081344784,-0.0015740945409190975,0.012100114506591826,0.7120655036966227,0.7020069998942878,odom_lidar,unilidar_lidar
1786133828.349158,15.1835996492933,-5.22680810559237,-0.12205273765271428,-0.0009147651332949095,0.003539194335430016,0.7222028231722156,0.6916716847683505,odom_lidar,unilidar_lidar
1786133828.473483,15.170020724271014,-5.1810809806080185,-0.10855603044435588,0.006918943499268052,-0.013068063847437916,0.7388649851106556,0.6736912406329504,odom_lidar,unilidar_lidar
1786133828.598923,15.128015515152843,-5.230911680748905,-0.06289519506482033,0.010501249349611214,-0.017782451150719917,0.7497461659096436,0.6614032014565387,odom_lidar,unilidar_lidar
1786133828.7409275,15.084847542958995,-5.291364722224478,-0.015858136825613912,0.012010275808210858,-0.02222970504780907,0.7594982925742264,0.6500184128663843,odom_lidar,unilidar_lidar
1786133828.8901098,14.946727563765615,-5.236583086441052,-0.028151001111626328,0.030420645918565286,-0.04016808823425725,0.7597515824605595,0.6482581599472372,odom_lidar,unilidar_lidar
1786133829.029087,14.796243905611014,-5.253884029204135,-0.09677607167035854,0.045079669668797756,-0.07037942913892849,0.7542519462602383,0.6512438567075113,odom_lidar,unilidar_lidar
1786133829.1620903,14.622370135851968,-5.238555027556497,-0.04615794192580974,0.06511733175676993,-0.09227453473531713,0.7378576764815729,0.6654406003554896,odom_lidar,unilidar_lidar
1786133829.2962143,14.422966085915084,-5.396312258217093,-0.12280886446854111,0.0436848763107991,-0.07275212937718825,0.7238309737037547,0.6847389873228116,odom_lidar,unilidar_lidar
1786133829.4211211,14.359635987621834,-5.608777836080775,-0.07109510688637011,0.025526418324568482,-0.047144824774380305,0.7048690022908939,0.7073086010179377,odom_lidar,unilidar_lidar
1786133829.551926,14.269485648691255,-5.762119003602575,0.021174489431259075,0.006854941920348963,-0.02729671170566708,0.6849381808026932,0.7280574069261461,odom_lidar,unilidar_lidar
1786133829.6872203,14.205237361708228,-5.868965231348161,0.03823427623495531,-0.007558274035460198,-0.006565629164817639,0.6648038820898898,0.7469508440088191,odom_lidar,unilidar_lidar
1786133829.8320994,14.243687390798176,-5.741954370490469,-0.08958824331510681,-0.007445501281324747,0.002725697407345977,0.6522541579614237,0.7579588699305179,odom_lidar,unilidar_lidar
1786133829.96802,14.439554148674702,-5.696194056639921,-0.1648178676789757,-0.009408829913541698,0.009377029996549772,0.648725318004563,0.7609067005934305,odom_lidar,unilidar_lidar
1786133830.101164,14.501675461907778,-5.609704714435658,-0.12403322282572525,-0.00474300284902879,-0.0037124128952222774,0.6534557559671557,0.7569407486110538,odom_lidar,unilidar_lidar
1786133830.2291474,14.583699817579582,-5.609668528166578,-0.05846142675620981,-0.004672671312656762,-0.007385242972007664,0.6620313862089029,0.7494251583736476,odom_lidar,unilidar_lidar
1786133830.346129,14.637129709109184,-5.567708282695949,-0.0818828181047637,-0.009131882267275623,5.549256398426714e-05,0.6756169454432223,0.7371962755445812,odom_lidar,unilidar_lidar
1786133830.4693933,14.715750974623539,-5.486758884773956,-0.1043896074784105,-0.006733174959695454,-0.00016641791706806586,0.6893974580729184,0.7243519734649984,odom_lidar,unilidar_lidar
1786133830.595776,14.811236219181763,-5.409624616874492,-0.1101223721893102,-0.003694667416678498,0.00174947212268979,0.6975685712496098,0.7165063692562337,odom_lidar,unilidar_lidar
1786133830.7348511,14.831559784537154,-5.239263010012099,-0.11937999354041794,0.00035065073651991893,0.0008080822588539774,0.7114884475927991,0.7026972413416128,odom_lidar,unilidar_lidar
1786133830.8740969,14.813585015951851,-5.161619075630471,-0.144272346278863,-0.001142019750677471,0.011466823410032561,0.724480807519947,0.6891986413850637,odom_lidar,unilidar_lidar
1786133831.0099506,14.772969797928026,-5.056227435030927,-0.12676971633610776,-0.006524149129132594,0.015619588863577193,0.7372465796204644,0.675411685388845,odom_lidar,unilidar_lidar
1786133831.1373265,14.761027261447524,-4.934728075662864,-0.13099556647251245,-0.009003550898470995,0.010322568470305146,0.7529302347603185,0.6579577814990613,odom_lidar,unilidar_lidar
1786133831.2570875,14.770233292431245,-4.818504014988119,-0.1197062101269433,-0.011340491786131553,0.0003212742121998682,0.7676713374528875,0.6407433243368394,odom_lidar,unilidar_lidar
1786133831.3735664,14.77297203413749,-4.706338997027293,-0.07379814562958098,-0.011449159848830525,-0.015767840797817352,0.7813295581348421,0.6238144063101968,odom_lidar,unilidar_lidar
1786133831.4961228,14.80462996552774,-4.654880037168876,-0.09338314803753739,0.005967215024635312,-0.030466269233004217,0.7774838551332824,0.6281361745600716,odom_lidar,unilidar_lidar
1786133831.6306741,14.848044851639118,-4.79891395795911,-0.12126502904255673,0.014923835485866118,-0.026009303408151843,0.7667669970084163,0.6412247402972759,odom_lidar,unilidar_lidar
1786133831.756929,14.923847156264543,-4.910719001945665,-0.15372500276180867,0.01112858683751048,-0.01339175401840767,0.7629327048947988,0.6462433777465086,odom_lidar,unilidar_lidar
1786133831.8963346,15.041831331972771,-4.904175553254143,-0.06864686488383596,0.010823507276974412,-0.019806464943884657,0.7586603969113708,0.6510951987189995,odom_lidar,unilidar_lidar
1786133832.0460927,15.13399735055171,-4.852525012424642,-0.035375619690506885,0.015971487047599105,-0.03233602649610462,0.7533794535482683,0.6565962929862188,odom_lidar,unilidar_lidar
1786133832.1680868,15.23921213341435,-4.846158984559855,-0.016399905086473737,0.012206639106847517,-0.035682110424116835,0.7450996738383677,0.6658860720899293,odom_lidar,unilidar_lidar
1786133832.2931428,15.25787282721253,-4.883707144000559,-0.05592327352154219,0.005747159379670421,-0.028815044104778604,0.7380156713499653,0.6741435546188694,odom_lidar,unilidar_lidar
1786133832.41537,15.141852256540433,-4.808934836120717,-0.13973268867230892,0.004138100228224115,-0.006348572505369411,0.7369378424622469,0.6759180335667437,odom_lidar,unilidar_lidar
1786133832.5573826,14.994798299438102,-4.805993081054298,-0.15403627640313028,0.002057492886656672,0.006572969137173487,0.7360607661602417,0.6768804261605894,odom_lidar,unilidar_lidar
1786133832.690621,14.791500097216739,-4.758084118691067,-0.0985222802670689,-0.0005632801615609946,0.010598277838529778,0.7337643766345646,0.6793211308390207,odom_lidar,unilidar_lidar
